==============================================
 Job started at: 2026-01-07 04:48:15
 Job ID: 7764737
 Node: node1634
==============================================

======= Running for problem: nonsmooth_nonconvex/socp =======

Loading problem instance: nonsmooth_nonconvex/socp with size [100, 50, 50, 10000]
Loading  dataset from: datasets/nonsmooth_nonconvex/socp/random2025_socp_dataset_var100_ineq50_eq50_ex10000 

Running on:  cuda
Training model using FSNet method with seed 0 for 300 epochs
Using batch size: 512
Loading model from checkpoint: results/nonsmooth_nonconvex/socp/SOCPProblem-100-50-50-10000/20260107-043823_MLP_sup_seed1_nepochs500_lr0.0005_trainsize7000/model_70.pt

lr: 0.0002, weight_decay: 0.001, num_epochs: 300

Epoch 1/300, Loss: 44.7252, Obj: 0.1316, Eq Viol (l1): 0.008304, Ineq Viol (l1): 0.001623, Epoch time: 7.28s

Running validation at epoch 0...

VALIDATION_EPOCH_0 EVALUATION RESULTS:
==================================================
Objective Value:     3.068448e-01
True Objective:      -2.413704e+00
Optimality Gap:      3.678035e+00 ± 2.740280e+00
Eq Violation l1:   1.338719e-02 (max: 2.377686e+00)
Ineq Violation l1: 2.575016e-03 (max: 5.258016e-01)
Solution Distance:   6.894371e+01 ± 2.325228e+00
Merit:             4.664669e-01 ± 6.501981e-02
Avg Inference Time:  0.6815s
==================================================
Epoch 2/300, Loss: 45.1766, Obj: 0.1685, Eq Viol (l1): 0.006833, Ineq Viol (l1): 0.001396, Epoch time: 3.54s
Epoch 3/300, Loss: 45.2443, Obj: 0.1546, Eq Viol (l1): 0.008429, Ineq Viol (l1): 0.001630, Epoch time: 3.54s
Epoch 4/300, Loss: 43.6675, Obj: 0.1942, Eq Viol (l1): 0.006413, Ineq Viol (l1): 0.001271, Epoch time: 3.53s
Epoch 5/300, Loss: 43.1361, Obj: 0.1033, Eq Viol (l1): 0.011394, Ineq Viol (l1): 0.002387, Epoch time: 3.54s
Epoch 6/300, Loss: 43.7922, Obj: -0.0044, Eq Viol (l1): 0.009588, Ineq Viol (l1): 0.001948, Epoch time: 3.54s
Epoch 7/300, Loss: 42.9482, Obj: -0.0227, Eq Viol (l1): 0.008200, Ineq Viol (l1): 0.001479, Epoch time: 3.53s
Epoch 8/300, Loss: 43.7221, Obj: 0.0314, Eq Viol (l1): 0.007430, Ineq Viol (l1): 0.001379, Epoch time: 3.53s
Epoch 9/300, Loss: 55.3768, Obj: 0.2907, Eq Viol (l1): 0.010045, Ineq Viol (l1): 0.001993, Epoch time: 3.54s
Epoch 10/300, Loss: 67.8124, Obj: 0.6070, Eq Viol (l1): 0.012069, Ineq Viol (l1): 0.002417, Epoch time: 3.54s
Epoch 11/300, Loss: 74.3316, Obj: 0.6814, Eq Viol (l1): 0.012315, Ineq Viol (l1): 0.002485, Epoch time: 3.54s

Running validation at epoch 10...

VALIDATION_EPOCH_10 EVALUATION RESULTS:
==================================================
Objective Value:     1.121321e+00
True Objective:      -2.413704e+00
Optimality Gap:      4.916808e+00 ± 2.742317e+00
Eq Violation l1:   2.101880e-02 (max: 2.578204e+00)
Ineq Violation l1: 4.384360e-03 (max: 6.229991e-01)
Solution Distance:   7.660912e+01 ± 2.551424e+00
Merit:             1.375353e+00 ± 2.779644e-01
Avg Inference Time:  0.1204s
==================================================
Epoch 12/300, Loss: 97.0963, Obj: 1.3329, Eq Viol (l1): 0.017202, Ineq Viol (l1): 0.003433, Epoch time: 3.54s
Epoch 13/300, Loss: 894.9265, Obj: 1.6740, Eq Viol (l1): 0.024411, Ineq Viol (l1): 0.004912, Epoch time: 3.54s
Epoch 14/300, Loss: 94.0765, Obj: 1.6027, Eq Viol (l1): 0.020934, Ineq Viol (l1): 0.003992, Epoch time: 3.55s
Epoch 15/300, Loss: 92.5832, Obj: 2.0133, Eq Viol (l1): 0.019544, Ineq Viol (l1): 0.003886, Epoch time: 3.54s
Epoch 16/300, Loss: 93.1572, Obj: 2.2850, Eq Viol (l1): 0.011018, Ineq Viol (l1): 0.002273, Epoch time: 3.54s
Epoch 17/300, Loss: 116.0667, Obj: 2.6411, Eq Viol (l1): 0.009355, Ineq Viol (l1): 0.001863, Epoch time: 3.54s
Epoch 18/300, Loss: 3079.9307, Obj: 3.9542, Eq Viol (l1): 0.015696, Ineq Viol (l1): 0.003205, Epoch time: 3.54s
Epoch 19/300, Loss: 100.1096, Obj: 4.1535, Eq Viol (l1): 0.007119, Ineq Viol (l1): 0.001273, Epoch time: 3.54s
Epoch 20/300, Loss: 109.8877, Obj: 4.7075, Eq Viol (l1): 0.007561, Ineq Viol (l1): 0.001417, Epoch time: 3.55s
Epoch 21/300, Loss: 119.0530, Obj: 4.4978, Eq Viol (l1): 0.007845, Ineq Viol (l1): 0.001477, Epoch time: 3.54s

Running validation at epoch 20...

VALIDATION_EPOCH_20 EVALUATION RESULTS:
==================================================
Objective Value:     4.150974e+00
True Objective:      -2.413704e+00
Optimality Gap:      9.722110e+00 ± 3.226230e+00
Eq Violation l1:   4.723569e-03 (max: 8.564036e-01)
Ineq Violation l1: 7.609023e-04 (max: 1.838677e-01)
Solution Distance:   9.164091e+01 ± 4.250493e-01
Merit:             4.205818e+00 ± 4.236525e-02
Avg Inference Time:  0.1200s
==================================================
Epoch 22/300, Loss: 128.8167, Obj: 4.1333, Eq Viol (l1): 0.007309, Ineq Viol (l1): 0.001250, Epoch time: 3.54s
Epoch 23/300, Loss: 3037.7519, Obj: 4.8855, Eq Viol (l1): 0.020237, Ineq Viol (l1): 0.003908, Epoch time: 3.54s
Epoch 24/300, Loss: 157.3023, Obj: 5.7609, Eq Viol (l1): 0.023341, Ineq Viol (l1): 0.005251, Epoch time: 3.54s
Epoch 25/300, Loss: 148.0108, Obj: 5.6956, Eq Viol (l1): 0.025413, Ineq Viol (l1): 0.005402, Epoch time: 3.54s
Epoch 26/300, Loss: 145.5299, Obj: 5.4562, Eq Viol (l1): 0.020501, Ineq Viol (l1): 0.004159, Epoch time: 3.54s
Epoch 27/300, Loss: 165.5000, Obj: 5.4134, Eq Viol (l1): 0.028809, Ineq Viol (l1): 0.005959, Epoch time: 3.54s
Epoch 28/300, Loss: 199.0286, Obj: 5.9693, Eq Viol (l1): 0.043714, Ineq Viol (l1): 0.009576, Epoch time: 3.54s
Epoch 29/300, Loss: 1279.5654, Obj: 7.1922, Eq Viol (l1): 0.051682, Ineq Viol (l1): 0.010911, Epoch time: 3.54s
Epoch 30/300, Loss: 231.2819, Obj: 6.9865, Eq Viol (l1): 0.058785, Ineq Viol (l1): 0.012033, Epoch time: 3.54s
Epoch 31/300, Loss: 2381.9278, Obj: 8.1508, Eq Viol (l1): 0.073823, Ineq Viol (l1): 0.016131, Epoch time: 3.53s

Running validation at epoch 30...

VALIDATION_EPOCH_30 EVALUATION RESULTS:
==================================================
Objective Value:     7.777858e+00
True Objective:      -2.413704e+00
Optimality Gap:      1.597729e+01 ± 4.194090e+00
Eq Violation l1:   7.732370e-02 (max: 5.716610e+00)
Ineq Violation l1: 1.679537e-02 (max: 1.486404e+00)
Solution Distance:   1.325540e+02 ± 6.818767e-01
Merit:             8.719049e+00 ± 5.530898e-02
Avg Inference Time:  0.1197s
==================================================
Epoch 32/300, Loss: 265.0712, Obj: 8.5367, Eq Viol (l1): 0.087789, Ineq Viol (l1): 0.019174, Epoch time: 3.53s
Epoch 33/300, Loss: 3929.9236, Obj: 10.9461, Eq Viol (l1): 0.092896, Ineq Viol (l1): 0.019459, Epoch time: 3.54s
Epoch 34/300, Loss: 2643.9375, Obj: 12.1085, Eq Viol (l1): 0.081343, Ineq Viol (l1): 0.017463, Epoch time: 3.53s
Epoch 35/300, Loss: 1449.6589, Obj: 11.0602, Eq Viol (l1): 0.055401, Ineq Viol (l1): 0.011949, Epoch time: 3.65s
Epoch 36/300, Loss: 2621.8495, Obj: 11.7261, Eq Viol (l1): 0.055743, Ineq Viol (l1): 0.011979, Epoch time: 3.53s
Epoch 37/300, Loss: 337.7756, Obj: 12.7524, Eq Viol (l1): 0.081841, Ineq Viol (l1): 0.017401, Epoch time: 3.55s
Epoch 38/300, Loss: 342.4944, Obj: 12.8386, Eq Viol (l1): 0.109115, Ineq Viol (l1): 0.023866, Epoch time: 3.54s
Epoch 39/300, Loss: 3883.6100, Obj: 13.7899, Eq Viol (l1): 0.145968, Ineq Viol (l1): 0.032094, Epoch time: 3.54s
Epoch 40/300, Loss: 356.1696, Obj: 12.9685, Eq Viol (l1): 0.123941, Ineq Viol (l1): 0.027250, Epoch time: 3.54s
Epoch 41/300, Loss: 301.4378, Obj: 10.8345, Eq Viol (l1): 0.060590, Ineq Viol (l1): 0.012676, Epoch time: 3.53s

Running validation at epoch 40...

VALIDATION_EPOCH_40 EVALUATION RESULTS:
==================================================
Objective Value:     1.008365e+01
True Objective:      -2.413704e+00
Optimality Gap:      1.967661e+01 ± 6.141142e+00
Eq Violation l1:   3.926363e-02 (max: 5.420189e+00)
Ineq Violation l1: 9.158435e-03 (max: 1.769805e+00)
Solution Distance:   1.279169e+02 ± 2.559354e+00
Merit:             1.056787e+01 ± 8.092589e-03
Avg Inference Time:  0.1196s
==================================================
Epoch 42/300, Loss: 310.5970, Obj: 10.7212, Eq Viol (l1): 0.053611, Ineq Viol (l1): 0.010874, Epoch time: 3.53s
Epoch 43/300, Loss: 6613.9564, Obj: 11.4430, Eq Viol (l1): 0.115447, Ineq Viol (l1): 0.024206, Epoch time: 3.53s
Epoch 44/300, Loss: 257.2973, Obj: 10.0910, Eq Viol (l1): 0.053710, Ineq Viol (l1): 0.010986, Epoch time: 3.54s
Epoch 45/300, Loss: 233.4658, Obj: 9.5020, Eq Viol (l1): 0.034763, Ineq Viol (l1): 0.007176, Epoch time: 3.53s
Epoch 46/300, Loss: 210.1271, Obj: 8.5144, Eq Viol (l1): 0.022816, Ineq Viol (l1): 0.004888, Epoch time: 3.53s
Epoch 47/300, Loss: 207.3530, Obj: 8.4928, Eq Viol (l1): 0.021240, Ineq Viol (l1): 0.004521, Epoch time: 3.53s
Epoch 48/300, Loss: 214.1132, Obj: 8.8108, Eq Viol (l1): 0.029740, Ineq Viol (l1): 0.006362, Epoch time: 3.54s
Epoch 49/300, Loss: 212.9870, Obj: 8.7763, Eq Viol (l1): 0.022133, Ineq Viol (l1): 0.004751, Epoch time: 3.52s
Epoch 50/300, Loss: 235.8559, Obj: 10.0996, Eq Viol (l1): 0.015558, Ineq Viol (l1): 0.003248, Epoch time: 3.53s
Epoch 51/300, Loss: 2609.9094, Obj: 11.5766, Eq Viol (l1): 0.015090, Ineq Viol (l1): 0.003128, Epoch time: 3.53s

Running validation at epoch 50...

VALIDATION_EPOCH_50 EVALUATION RESULTS:
==================================================
Objective Value:     1.103397e+01
True Objective:      -2.413704e+00
Optimality Gap:      2.098608e+01 ± 6.721025e+00
Eq Violation l1:   1.887384e-02 (max: 4.002674e+00)
Ineq Violation l1: 3.854614e-03 (max: 8.138571e-01)
Solution Distance:   1.466055e+02 ± 5.817229e+00
Merit:             1.126125e+01 ± 2.128468e-01
Avg Inference Time:  0.1198s
==================================================
Epoch 52/300, Loss: 246.7169, Obj: 11.2384, Eq Viol (l1): 0.015319, Ineq Viol (l1): 0.002930, Epoch time: 3.53s
Epoch 53/300, Loss: 250.6946, Obj: 11.0182, Eq Viol (l1): 0.034441, Ineq Viol (l1): 0.007241, Epoch time: 3.53s
Epoch 54/300, Loss: 2538.0939, Obj: 10.2995, Eq Viol (l1): 0.043449, Ineq Viol (l1): 0.008872, Epoch time: 3.53s
Epoch 55/300, Loss: 3524.9085, Obj: 9.6872, Eq Viol (l1): 0.041662, Ineq Viol (l1): 0.009287, Epoch time: 3.52s
Epoch 56/300, Loss: 237.9168, Obj: 9.0690, Eq Viol (l1): 0.038779, Ineq Viol (l1): 0.008003, Epoch time: 3.53s
Epoch 57/300, Loss: 241.8271, Obj: 9.1470, Eq Viol (l1): 0.025368, Ineq Viol (l1): 0.005344, Epoch time: 3.53s
Epoch 58/300, Loss: 276.9656, Obj: 10.6875, Eq Viol (l1): 0.028853, Ineq Viol (l1): 0.006072, Epoch time: 3.54s
Epoch 59/300, Loss: 306.6868, Obj: 12.8651, Eq Viol (l1): 0.031408, Ineq Viol (l1): 0.006634, Epoch time: 3.53s
Epoch 60/300, Loss: 1491.5447, Obj: 13.5279, Eq Viol (l1): 0.022677, Ineq Viol (l1): 0.004189, Epoch time: 3.53s
Epoch 61/300, Loss: 318.3339, Obj: 13.9635, Eq Viol (l1): 0.019321, Ineq Viol (l1): 0.003981, Epoch time: 3.53s

Running validation at epoch 60...

VALIDATION_EPOCH_60 EVALUATION RESULTS:
==================================================
Objective Value:     1.375120e+01
True Objective:      -2.413704e+00
Optimality Gap:      2.618877e+01 ± 7.365280e+00
Eq Violation l1:   1.829769e-02 (max: 2.709908e+00)
Ineq Violation l1: 3.935409e-03 (max: 6.342074e-01)
Solution Distance:   1.559174e+02 ± 6.340996e+00
Merit:             1.397353e+01 ± 2.980505e-01
Avg Inference Time:  0.1194s
==================================================
Epoch 62/300, Loss: 329.5213, Obj: 14.4160, Eq Viol (l1): 0.018132, Ineq Viol (l1): 0.004329, Epoch time: 3.53s
Epoch 63/300, Loss: 1538.8468, Obj: 15.1779, Eq Viol (l1): 0.029334, Ineq Viol (l1): 0.007722, Epoch time: 3.54s
Epoch 64/300, Loss: 1601.4711, Obj: 15.6300, Eq Viol (l1): 0.024252, Ineq Viol (l1): 0.005995, Epoch time: 3.53s
Epoch 65/300, Loss: 343.0579, Obj: 16.7214, Eq Viol (l1): 0.013965, Ineq Viol (l1): 0.002918, Epoch time: 3.53s
Epoch 66/300, Loss: 359.0068, Obj: 17.6410, Eq Viol (l1): 0.020139, Ineq Viol (l1): 0.004193, Epoch time: 3.54s
Epoch 67/300, Loss: 3055.3769, Obj: 17.9658, Eq Viol (l1): 0.020620, Ineq Viol (l1): 0.004356, Epoch time: 3.53s
Epoch 68/300, Loss: 1581.3184, Obj: 17.7142, Eq Viol (l1): 0.025787, Ineq Viol (l1): 0.005120, Epoch time: 3.64s
Epoch 69/300, Loss: 1547.5842, Obj: 17.1738, Eq Viol (l1): 0.033780, Ineq Viol (l1): 0.006995, Epoch time: 3.54s
Epoch 70/300, Loss: 321.2733, Obj: 15.7872, Eq Viol (l1): 0.040469, Ineq Viol (l1): 0.008520, Epoch time: 3.53s
Epoch 71/300, Loss: 326.1335, Obj: 15.5952, Eq Viol (l1): 0.046038, Ineq Viol (l1): 0.009610, Epoch time: 3.53s

Running validation at epoch 70...

VALIDATION_EPOCH_70 EVALUATION RESULTS:
==================================================
Objective Value:     1.579041e+01
True Objective:      -2.413704e+00
Optimality Gap:      2.819260e+01 ± 6.313882e+00
Eq Violation l1:   6.245474e-02 (max: 7.395276e+00)
Ineq Violation l1: 1.379737e-02 (max: 1.642700e+00)
Solution Distance:   1.807845e+02 ± 4.271367e+00
Merit:             1.655293e+01 ± 4.341101e-01
Avg Inference Time:  0.1197s
==================================================
Epoch 72/300, Loss: 4008.3188, Obj: 16.3564, Eq Viol (l1): 0.055128, Ineq Viol (l1): 0.011431, Epoch time: 3.53s
Epoch 73/300, Loss: 5244.5487, Obj: 18.1468, Eq Viol (l1): 0.070214, Ineq Viol (l1): 0.017111, Epoch time: 3.53s
Epoch 74/300, Loss: 349.9780, Obj: 19.5757, Eq Viol (l1): 0.101748, Ineq Viol (l1): 0.024941, Epoch time: 3.53s
Epoch 75/300, Loss: 366.8136, Obj: 19.5952, Eq Viol (l1): 0.138123, Ineq Viol (l1): 0.034284, Epoch time: 3.53s
Epoch 76/300, Loss: 358.7106, Obj: 18.3779, Eq Viol (l1): 0.093682, Ineq Viol (l1): 0.021112, Epoch time: 3.53s
Epoch 77/300, Loss: 379.4682, Obj: 18.3726, Eq Viol (l1): 0.101976, Ineq Viol (l1): 0.022186, Epoch time: 3.53s
Epoch 78/300, Loss: 1599.2501, Obj: 18.4966, Eq Viol (l1): 0.133176, Ineq Viol (l1): 0.030369, Epoch time: 3.53s
Epoch 79/300, Loss: 2673.4429, Obj: 16.2304, Eq Viol (l1): 0.058057, Ineq Viol (l1): 0.013520, Epoch time: 3.53s
Epoch 80/300, Loss: 316.8634, Obj: 15.5071, Eq Viol (l1): 0.027175, Ineq Viol (l1): 0.006187, Epoch time: 3.53s
Epoch 81/300, Loss: 304.2093, Obj: 15.0449, Eq Viol (l1): 0.025608, Ineq Viol (l1): 0.005447, Epoch time: 3.54s

Running validation at epoch 80...

VALIDATION_EPOCH_80 EVALUATION RESULTS:
==================================================
Objective Value:     1.446251e+01
True Objective:      -2.413704e+00
Optimality Gap:      2.789229e+01 ± 7.838002e+00
Eq Violation l1:   2.652485e-02 (max: 3.122287e+00)
Ineq Violation l1: 5.522587e-03 (max: 6.039559e-01)
Solution Distance:   1.636006e+02 ± 3.148596e+00
Merit:             1.478299e+01 ± 1.684545e-01
Avg Inference Time:  0.1196s
==================================================
Epoch 82/300, Loss: 1515.5228, Obj: 14.8479, Eq Viol (l1): 0.029813, Ineq Viol (l1): 0.006115, Epoch time: 3.53s
Epoch 83/300, Loss: 1541.0006, Obj: 15.6450, Eq Viol (l1): 0.039216, Ineq Viol (l1): 0.008336, Epoch time: 3.53s
Epoch 84/300, Loss: 346.7250, Obj: 15.2807, Eq Viol (l1): 0.038429, Ineq Viol (l1): 0.007696, Epoch time: 3.53s
Epoch 85/300, Loss: 3915.4513, Obj: 16.3248, Eq Viol (l1): 0.038378, Ineq Viol (l1): 0.007347, Epoch time: 3.53s
Epoch 86/300, Loss: 334.1426, Obj: 14.9453, Eq Viol (l1): 0.030277, Ineq Viol (l1): 0.006410, Epoch time: 3.53s
Epoch 87/300, Loss: 318.8088, Obj: 14.0549, Eq Viol (l1): 0.028559, Ineq Viol (l1): 0.005420, Epoch time: 3.53s
Epoch 88/300, Loss: 2731.7576, Obj: 14.3905, Eq Viol (l1): 0.029475, Ineq Viol (l1): 0.006056, Epoch time: 3.53s
Epoch 89/300, Loss: 326.0313, Obj: 16.0809, Eq Viol (l1): 0.020831, Ineq Viol (l1): 0.004401, Epoch time: 3.53s
Epoch 90/300, Loss: 2707.4409, Obj: 17.6165, Eq Viol (l1): 0.027407, Ineq Viol (l1): 0.005899, Epoch time: 3.53s
Epoch 91/300, Loss: 353.0570, Obj: 17.9415, Eq Viol (l1): 0.039705, Ineq Viol (l1): 0.008253, Epoch time: 3.53s

Running validation at epoch 90...

VALIDATION_EPOCH_90 EVALUATION RESULTS:
==================================================
Objective Value:     1.768307e+01
True Objective:      -2.413704e+00
Optimality Gap:      3.015559e+01 ± 7.982191e+00
Eq Violation l1:   2.858305e-02 (max: 5.813857e+00)
Ineq Violation l1: 7.043226e-03 (max: 1.397071e+00)
Solution Distance:   1.773270e+02 ± 4.207086e+00
Merit:             1.803933e+01 ± 2.336018e-01
Avg Inference Time:  0.1197s
==================================================
Epoch 92/300, Loss: 2981.0284, Obj: 18.5828, Eq Viol (l1): 0.045654, Ineq Viol (l1): 0.010445, Epoch time: 3.53s
Epoch 93/300, Loss: 1691.8622, Obj: 18.6322, Eq Viol (l1): 0.047261, Ineq Viol (l1): 0.010794, Epoch time: 3.54s
Epoch 94/300, Loss: 396.3965, Obj: 18.4420, Eq Viol (l1): 0.076021, Ineq Viol (l1): 0.018462, Epoch time: 3.53s
Epoch 95/300, Loss: 422.3278, Obj: 20.3364, Eq Viol (l1): 0.101198, Ineq Viol (l1): 0.025149, Epoch time: 3.53s
Epoch 96/300, Loss: 399.3888, Obj: 20.2829, Eq Viol (l1): 0.104118, Ineq Viol (l1): 0.023758, Epoch time: 3.54s
Epoch 97/300, Loss: 362.3514, Obj: 17.4769, Eq Viol (l1): 0.106008, Ineq Viol (l1): 0.026439, Epoch time: 3.53s
Epoch 98/300, Loss: 345.9683, Obj: 15.9063, Eq Viol (l1): 0.139411, Ineq Viol (l1): 0.033259, Epoch time: 3.53s
Epoch 99/300, Loss: 346.5844, Obj: 14.9078, Eq Viol (l1): 0.171957, Ineq Viol (l1): 0.040059, Epoch time: 3.53s
Epoch 100/300, Loss: 8208.0953, Obj: 16.1058, Eq Viol (l1): 0.303765, Ineq Viol (l1): 0.076553, Epoch time: 3.54s
Epoch 101/300, Loss: 3033.6583, Obj: 16.1701, Eq Viol (l1): 0.411569, Ineq Viol (l1): 0.102558, Epoch time: 3.54s

Running validation at epoch 100...

VALIDATION_EPOCH_100 EVALUATION RESULTS:
==================================================
Objective Value:     1.546450e+01
True Objective:      -2.413704e+00
Optimality Gap:      2.691016e+01 ± 7.321088e+00
Eq Violation l1:   3.927716e-01 (max: 3.139633e+01)
Ineq Violation l1: 9.777619e-02 (max: 8.522993e+00)
Solution Distance:   1.855817e+02 ± 2.737293e+00
Merit:             2.036998e+01 ± 4.180377e-02
Avg Inference Time:  0.1194s
==================================================
Epoch 102/300, Loss: 350.6003, Obj: 15.9603, Eq Viol (l1): 0.396201, Ineq Viol (l1): 0.103090, Epoch time: 3.55s
Epoch 103/300, Loss: 349.2986, Obj: 16.0805, Eq Viol (l1): 0.286563, Ineq Viol (l1): 0.070748, Epoch time: 3.63s
Epoch 104/300, Loss: 365.8798, Obj: 17.1019, Eq Viol (l1): 0.281327, Ineq Viol (l1): 0.069264, Epoch time: 3.54s
Epoch 105/300, Loss: 379.4703, Obj: 17.6986, Eq Viol (l1): 0.262886, Ineq Viol (l1): 0.063567, Epoch time: 3.54s
Epoch 106/300, Loss: 392.7074, Obj: 18.1294, Eq Viol (l1): 0.203842, Ineq Viol (l1): 0.050634, Epoch time: 3.53s
Epoch 107/300, Loss: 1870.9545, Obj: 20.3024, Eq Viol (l1): 0.196745, Ineq Viol (l1): 0.049829, Epoch time: 3.53s
Epoch 108/300, Loss: 3275.6511, Obj: 22.5508, Eq Viol (l1): 0.162857, Ineq Viol (l1): 0.040111, Epoch time: 3.53s
Epoch 109/300, Loss: 1869.1808, Obj: 22.8896, Eq Viol (l1): 0.168135, Ineq Viol (l1): 0.040610, Epoch time: 3.53s
Epoch 110/300, Loss: 3171.5664, Obj: 22.5123, Eq Viol (l1): 0.123062, Ineq Viol (l1): 0.028567, Epoch time: 3.54s
Epoch 111/300, Loss: 4741.5030, Obj: 20.8711, Eq Viol (l1): 0.122577, Ineq Viol (l1): 0.030335, Epoch time: 3.53s

Running validation at epoch 110...

VALIDATION_EPOCH_110 EVALUATION RESULTS:
==================================================
Objective Value:     2.094420e+01
True Objective:      -2.413704e+00
Optimality Gap:      3.665456e+01 ± 9.035651e+00
Eq Violation l1:   1.106653e-01 (max: 1.218263e+01)
Ineq Violation l1: 2.571029e-02 (max: 2.877119e+00)
Solution Distance:   2.055004e+02 ± 5.503830e+00
Merit:             2.230796e+01 ± 4.471894e-01
Avg Inference Time:  0.1200s
==================================================
Epoch 112/300, Loss: 1825.4566, Obj: 20.5021, Eq Viol (l1): 0.140121, Ineq Viol (l1): 0.035726, Epoch time: 3.53s
Epoch 113/300, Loss: 407.8807, Obj: 19.4369, Eq Viol (l1): 0.140233, Ineq Viol (l1): 0.037010, Epoch time: 3.54s
Epoch 114/300, Loss: 6915.9929, Obj: 18.6631, Eq Viol (l1): 0.169712, Ineq Viol (l1): 0.052136, Epoch time: 3.53s
Epoch 115/300, Loss: 3043.5399, Obj: 17.4150, Eq Viol (l1): 0.251978, Ineq Viol (l1): 0.083925, Epoch time: 3.54s
Epoch 116/300, Loss: 4219.9428, Obj: 16.4573, Eq Viol (l1): 0.225025, Ineq Viol (l1): 0.063470, Epoch time: 3.54s
Epoch 117/300, Loss: 1623.5262, Obj: 16.8365, Eq Viol (l1): 0.138216, Ineq Viol (l1): 0.037482, Epoch time: 3.54s
Epoch 118/300, Loss: 406.4127, Obj: 18.0347, Eq Viol (l1): 0.106838, Ineq Viol (l1): 0.026068, Epoch time: 3.53s
Epoch 119/300, Loss: 443.6143, Obj: 19.5137, Eq Viol (l1): 0.115389, Ineq Viol (l1): 0.029066, Epoch time: 3.54s
Epoch 120/300, Loss: 1919.1123, Obj: 21.3507, Eq Viol (l1): 0.096117, Ineq Viol (l1): 0.026043, Epoch time: 3.53s
Epoch 121/300, Loss: 3323.1188, Obj: 22.4029, Eq Viol (l1): 0.111127, Ineq Viol (l1): 0.030489, Epoch time: 3.38s

Running validation at epoch 120...

VALIDATION_EPOCH_120 EVALUATION RESULTS:
==================================================
Objective Value:     2.227817e+01
True Objective:      -2.413704e+00
Optimality Gap:      3.810642e+01 ± 1.314581e+01
Eq Violation l1:   1.542926e-01 (max: 1.199860e+01)
Ineq Violation l1: 4.692384e-02 (max: 4.814240e+00)
Solution Distance:   2.108547e+02 ± 5.471719e+00
Merit:             2.429033e+01 ± 3.607092e-01
Avg Inference Time:  0.1191s
==================================================
Epoch 122/300, Loss: 436.1650, Obj: 21.5441, Eq Viol (l1): 0.142053, Ineq Viol (l1): 0.039910, Epoch time: 3.37s
Epoch 123/300, Loss: 442.9988, Obj: 21.3544, Eq Viol (l1): 0.140547, Ineq Viol (l1): 0.040645, Epoch time: 3.37s
Epoch 124/300, Loss: 1831.5728, Obj: 21.4741, Eq Viol (l1): 0.130769, Ineq Viol (l1): 0.039284, Epoch time: 3.37s
Epoch 125/300, Loss: 414.1049, Obj: 20.5380, Eq Viol (l1): 0.110773, Ineq Viol (l1): 0.031243, Epoch time: 3.37s
Epoch 126/300, Loss: 414.9898, Obj: 19.4459, Eq Viol (l1): 0.153465, Ineq Viol (l1): 0.040541, Epoch time: 3.44s
Epoch 127/300, Loss: 1841.2695, Obj: 19.8237, Eq Viol (l1): 0.204512, Ineq Viol (l1): 0.057309, Epoch time: 3.55s
Epoch 128/300, Loss: 4575.0316, Obj: 20.8859, Eq Viol (l1): 0.251753, Ineq Viol (l1): 0.066155, Epoch time: 3.54s
Epoch 129/300, Loss: 417.1697, Obj: 20.4646, Eq Viol (l1): 0.284286, Ineq Viol (l1): 0.081584, Epoch time: 3.55s
Epoch 130/300, Loss: 395.4305, Obj: 19.1850, Eq Viol (l1): 0.219476, Ineq Viol (l1): 0.066780, Epoch time: 3.54s
Epoch 131/300, Loss: 410.6417, Obj: 18.8334, Eq Viol (l1): 0.248921, Ineq Viol (l1): 0.081481, Epoch time: 3.54s

Running validation at epoch 130...

VALIDATION_EPOCH_130 EVALUATION RESULTS:
==================================================
Objective Value:     1.974543e+01
True Objective:      -2.413704e+00
Optimality Gap:      3.296379e+01 ± 9.779173e+00
Eq Violation l1:   2.945734e-01 (max: 2.151455e+01)
Ineq Violation l1: 1.011018e-01 (max: 7.072764e+00)
Solution Distance:   2.109671e+02 ± 7.079225e-01
Merit:             2.370218e+01 ± 5.680677e-02
Avg Inference Time:  0.1200s
==================================================
Epoch 132/300, Loss: 3239.8935, Obj: 20.1222, Eq Viol (l1): 0.619041, Ineq Viol (l1): 0.183652, Epoch time: 3.55s
Epoch 133/300, Loss: 426.7925, Obj: 20.4132, Eq Viol (l1): 0.599066, Ineq Viol (l1): 0.177119, Epoch time: 3.54s
Epoch 134/300, Loss: 407.9708, Obj: 20.0740, Eq Viol (l1): 0.396898, Ineq Viol (l1): 0.124407, Epoch time: 3.54s
Epoch 135/300, Loss: 392.2102, Obj: 19.5439, Eq Viol (l1): 0.317871, Ineq Viol (l1): 0.101121, Epoch time: 3.54s
Epoch 136/300, Loss: 398.5767, Obj: 19.4513, Eq Viol (l1): 0.324034, Ineq Viol (l1): 0.117683, Epoch time: 3.65s
Epoch 137/300, Loss: 1827.6842, Obj: 19.7412, Eq Viol (l1): 0.578078, Ineq Viol (l1): 0.221011, Epoch time: 3.54s
Epoch 138/300, Loss: 16076.5469, Obj: 21.3662, Eq Viol (l1): 0.999122, Ineq Viol (l1): 0.389766, Epoch time: 3.55s
Epoch 139/300, Loss: 3197.6250, Obj: 21.5065, Eq Viol (l1): 1.000576, Ineq Viol (l1): 0.384048, Epoch time: 3.55s
Epoch 140/300, Loss: 420.9344, Obj: 21.1987, Eq Viol (l1): 0.782931, Ineq Viol (l1): 0.315890, Epoch time: 3.54s
Epoch 141/300, Loss: 446.0298, Obj: 22.1105, Eq Viol (l1): 0.800366, Ineq Viol (l1): 0.326892, Epoch time: 3.54s

Running validation at epoch 140...

VALIDATION_EPOCH_140 EVALUATION RESULTS:
==================================================
Objective Value:     2.266899e+01
True Objective:      -2.413704e+00
Optimality Gap:      3.639685e+01 ± 1.260432e+01
Eq Violation l1:   9.045809e-01 (max: 3.087268e+01)
Ineq Violation l1: 3.466346e-01 (max: 1.095950e+01)
Solution Distance:   2.462559e+02 ± 1.301867e+00
Merit:             3.518114e+01 ± 2.338985e-01
Avg Inference Time:  0.1203s
==================================================
Epoch 142/300, Loss: 10278.4133, Obj: 22.9597, Eq Viol (l1): 0.866946, Ineq Viol (l1): 0.358454, Epoch time: 3.54s
Epoch 143/300, Loss: 11491.6625, Obj: 25.0838, Eq Viol (l1): 1.175769, Ineq Viol (l1): 0.455591, Epoch time: 3.55s
Epoch 144/300, Loss: 10359.0730, Obj: 26.2690, Eq Viol (l1): 1.225367, Ineq Viol (l1): 0.449024, Epoch time: 3.54s
Epoch 145/300, Loss: 1863.2124, Obj: 25.6863, Eq Viol (l1): 1.050636, Ineq Viol (l1): 0.363401, Epoch time: 3.54s
Epoch 146/300, Loss: 10971.2498, Obj: 26.0484, Eq Viol (l1): 1.207937, Ineq Viol (l1): 0.404077, Epoch time: 3.54s
Epoch 147/300, Loss: 21432.4341, Obj: 27.2208, Eq Viol (l1): 1.677280, Ineq Viol (l1): 0.612058, Epoch time: 3.55s
Epoch 148/300, Loss: 10283.0837, Obj: 26.5572, Eq Viol (l1): 1.362344, Ineq Viol (l1): 0.518872, Epoch time: 3.54s
Epoch 149/300, Loss: 3000.6032, Obj: 25.7147, Eq Viol (l1): 0.980486, Ineq Viol (l1): 0.372113, Epoch time: 3.54s
Epoch 150/300, Loss: 413.7579, Obj: 23.1437, Eq Viol (l1): 0.655658, Ineq Viol (l1): 0.234657, Epoch time: 3.54s
Epoch 151/300, Loss: 407.9763, Obj: 22.8233, Eq Viol (l1): 0.667025, Ineq Viol (l1): 0.228720, Epoch time: 3.54s

Running validation at epoch 150...

VALIDATION_EPOCH_150 EVALUATION RESULTS:
==================================================
Objective Value:     2.366378e+01
True Objective:      -2.413704e+00
Optimality Gap:      3.744112e+01 ± 1.293255e+01
Eq Violation l1:   7.214265e-01 (max: 2.606586e+01)
Ineq Violation l1: 2.527075e-01 (max: 1.123893e+01)
Solution Distance:   2.516730e+02 ± 6.690232e-01
Merit:             3.340512e+01 ± 5.705627e-01
Avg Inference Time:  0.1198s
==================================================
Epoch 152/300, Loss: 385.4676, Obj: 21.8215, Eq Viol (l1): 0.455751, Ineq Viol (l1): 0.154774, Epoch time: 3.53s
Epoch 153/300, Loss: 374.3736, Obj: 21.4312, Eq Viol (l1): 0.351478, Ineq Viol (l1): 0.109927, Epoch time: 3.53s
Epoch 154/300, Loss: 392.9538, Obj: 22.3700, Eq Viol (l1): 0.374923, Ineq Viol (l1): 0.127445, Epoch time: 3.53s
Epoch 155/300, Loss: 417.1989, Obj: 23.3189, Eq Viol (l1): 0.430917, Ineq Viol (l1): 0.139190, Epoch time: 3.53s
Epoch 156/300, Loss: 439.1179, Obj: 24.5874, Eq Viol (l1): 0.516738, Ineq Viol (l1): 0.169467, Epoch time: 3.53s
Epoch 157/300, Loss: 2983.8271, Obj: 24.7688, Eq Viol (l1): 0.561277, Ineq Viol (l1): 0.178068, Epoch time: 3.54s
Epoch 158/300, Loss: 6792.6229, Obj: 25.0024, Eq Viol (l1): 0.462309, Ineq Viol (l1): 0.148121, Epoch time: 3.53s
Epoch 159/300, Loss: 18314.6849, Obj: 26.6821, Eq Viol (l1): 0.608339, Ineq Viol (l1): 0.216210, Epoch time: 3.53s
Epoch 160/300, Loss: 472.5215, Obj: 26.1799, Eq Viol (l1): 0.675540, Ineq Viol (l1): 0.262419, Epoch time: 3.54s
Epoch 161/300, Loss: 489.8283, Obj: 26.1405, Eq Viol (l1): 0.721709, Ineq Viol (l1): 0.288269, Epoch time: 3.54s

Running validation at epoch 160...

VALIDATION_EPOCH_160 EVALUATION RESULTS:
==================================================
Objective Value:     2.619922e+01
True Objective:      -2.413704e+00
Optimality Gap:      4.022014e+01 ± 1.344705e+01
Eq Violation l1:   7.953858e-01 (max: 3.152681e+01)
Ineq Violation l1: 3.054224e-01 (max: 1.141712e+01)
Solution Distance:   2.435796e+02 ± 3.377837e+00
Merit:             3.720730e+01 ± 5.159357e-01
Avg Inference Time:  0.1198s
==================================================
Epoch 162/300, Loss: 7846.1317, Obj: 26.9370, Eq Viol (l1): 0.966645, Ineq Viol (l1): 0.350018, Epoch time: 3.54s
Epoch 163/300, Loss: 4888.7588, Obj: 25.1678, Eq Viol (l1): 0.729631, Ineq Viol (l1): 0.264896, Epoch time: 3.53s
Epoch 164/300, Loss: 447.1574, Obj: 22.9110, Eq Viol (l1): 0.517335, Ineq Viol (l1): 0.201814, Epoch time: 3.53s
Epoch 165/300, Loss: 404.4426, Obj: 20.4499, Eq Viol (l1): 0.366367, Ineq Viol (l1): 0.138830, Epoch time: 3.53s
Epoch 166/300, Loss: 380.2685, Obj: 18.7181, Eq Viol (l1): 0.273469, Ineq Viol (l1): 0.104361, Epoch time: 3.53s
Epoch 167/300, Loss: 3210.1699, Obj: 20.0741, Eq Viol (l1): 0.423327, Ineq Viol (l1): 0.146565, Epoch time: 3.53s
Epoch 168/300, Loss: 19240.0317, Obj: 23.3311, Eq Viol (l1): 0.864179, Ineq Viol (l1): 0.284377, Epoch time: 3.53s
Epoch 169/300, Loss: 6319.8264, Obj: 23.8429, Eq Viol (l1): 0.958520, Ineq Viol (l1): 0.344506, Epoch time: 3.53s
Epoch 170/300, Loss: 3398.9172, Obj: 24.6488, Eq Viol (l1): 1.259879, Ineq Viol (l1): 0.421855, Epoch time: 3.54s
Epoch 171/300, Loss: 437.4489, Obj: 21.0492, Eq Viol (l1): 0.802124, Ineq Viol (l1): 0.256649, Epoch time: 3.53s

Running validation at epoch 170...

VALIDATION_EPOCH_170 EVALUATION RESULTS:
==================================================
Objective Value:     2.012911e+01
True Objective:      -2.413704e+00
Optimality Gap:      3.001331e+01 ± 1.023449e+01
Eq Violation l1:   6.669251e-01 (max: 2.783098e+01)
Ineq Violation l1: 2.355758e-01 (max: 1.274659e+01)
Solution Distance:   1.982535e+02 ± 3.370011e+00
Merit:             2.915412e+01 ± 1.106169e+00
Avg Inference Time:  0.1199s
==================================================
Epoch 172/300, Loss: 435.1745, Obj: 20.6097, Eq Viol (l1): 1.003911, Ineq Viol (l1): 0.300770, Epoch time: 3.54s
Epoch 173/300, Loss: 430.0822, Obj: 19.7941, Eq Viol (l1): 0.886073, Ineq Viol (l1): 0.252128, Epoch time: 3.54s
Epoch 174/300, Loss: 434.7604, Obj: 19.7950, Eq Viol (l1): 0.754505, Ineq Viol (l1): 0.202489, Epoch time: 3.54s
Epoch 175/300, Loss: 1950.5482, Obj: 21.2216, Eq Viol (l1): 0.782867, Ineq Viol (l1): 0.223291, Epoch time: 3.54s
Epoch 176/300, Loss: 10882.8771, Obj: 23.1857, Eq Viol (l1): 1.072025, Ineq Viol (l1): 0.304592, Epoch time: 3.54s
Epoch 177/300, Loss: 4848.0018, Obj: 22.5294, Eq Viol (l1): 1.297223, Ineq Viol (l1): 0.338572, Epoch time: 3.56s
Epoch 178/300, Loss: 446.7008, Obj: 20.8480, Eq Viol (l1): 0.954238, Ineq Viol (l1): 0.244891, Epoch time: 3.56s
Epoch 179/300, Loss: 5749.8549, Obj: 21.6733, Eq Viol (l1): 1.107867, Ineq Viol (l1): 0.297927, Epoch time: 3.55s
Epoch 180/300, Loss: 7519.9360, Obj: 22.3941, Eq Viol (l1): 1.151873, Ineq Viol (l1): 0.337254, Epoch time: 3.55s
Epoch 181/300, Loss: 11851.1208, Obj: 22.7009, Eq Viol (l1): 1.407183, Ineq Viol (l1): 0.406281, Epoch time: 3.56s

Running validation at epoch 180...

VALIDATION_EPOCH_180 EVALUATION RESULTS:
==================================================
Objective Value:     2.237415e+01
True Objective:      -2.413704e+00
Optimality Gap:      3.356858e+01 ± 1.035330e+01
Eq Violation l1:   1.571347e+00 (max: 6.816460e+01)
Ineq Violation l1: 4.678619e-01 (max: 2.004069e+01)
Solution Distance:   2.082858e+02 ± 4.196998e+00
Merit:             4.276624e+01 ± 2.695240e+00
Avg Inference Time:  0.1205s
==================================================
Epoch 182/300, Loss: 3251.2498, Obj: 21.6626, Eq Viol (l1): 1.522262, Ineq Viol (l1): 0.404087, Epoch time: 3.58s
Epoch 183/300, Loss: 451.9238, Obj: 21.1061, Eq Viol (l1): 1.406805, Ineq Viol (l1): 0.398857, Epoch time: 3.57s
Epoch 184/300, Loss: 3222.0433, Obj: 21.2183, Eq Viol (l1): 1.198775, Ineq Viol (l1): 0.326066, Epoch time: 3.55s
Epoch 185/300, Loss: 1767.1022, Obj: 22.1015, Eq Viol (l1): 1.196024, Ineq Viol (l1): 0.324733, Epoch time: 3.54s
Epoch 186/300, Loss: 1762.9119, Obj: 22.5971, Eq Viol (l1): 1.239740, Ineq Viol (l1): 0.351880, Epoch time: 3.56s
Epoch 187/300, Loss: 1823.9369, Obj: 23.0975, Eq Viol (l1): 1.289455, Ineq Viol (l1): 0.375259, Epoch time: 3.55s
Epoch 188/300, Loss: 447.0754, Obj: 23.0946, Eq Viol (l1): 1.200522, Ineq Viol (l1): 0.349989, Epoch time: 3.55s
Epoch 189/300, Loss: 10364.8992, Obj: 24.6690, Eq Viol (l1): 1.461288, Ineq Viol (l1): 0.414800, Epoch time: 3.56s
Epoch 190/300, Loss: 10405.3704, Obj: 24.6415, Eq Viol (l1): 1.581636, Ineq Viol (l1): 0.440802, Epoch time: 3.55s
Epoch 191/300, Loss: 435.3765, Obj: 22.8894, Eq Viol (l1): 1.394492, Ineq Viol (l1): 0.383414, Epoch time: 3.55s

Running validation at epoch 190...

VALIDATION_EPOCH_190 EVALUATION RESULTS:
==================================================
Objective Value:     2.427943e+01
True Objective:      -2.413704e+00
Optimality Gap:      3.445175e+01 ± 1.160945e+01
Eq Violation l1:   2.082860e+00 (max: 6.815678e+01)
Ineq Violation l1: 5.472290e-01 (max: 1.596881e+01)
Solution Distance:   2.248890e+02 ± 4.050334e+00
Merit:             5.058033e+01 ± 4.901843e+00
Avg Inference Time:  0.1239s
==================================================
Epoch 192/300, Loss: 1792.4567, Obj: 23.8131, Eq Viol (l1): 1.750612, Ineq Viol (l1): 0.481980, Epoch time: 3.55s
Epoch 193/300, Loss: 1790.1730, Obj: 24.1517, Eq Viol (l1): 1.885305, Ineq Viol (l1): 0.532138, Epoch time: 3.56s
Epoch 194/300, Loss: 3263.6758, Obj: 24.1522, Eq Viol (l1): 2.279031, Ineq Viol (l1): 0.584444, Epoch time: 3.56s
Epoch 195/300, Loss: 17246.4262, Obj: 25.9168, Eq Viol (l1): 2.970192, Ineq Viol (l1): 0.805721, Epoch time: 3.59s
Epoch 196/300, Loss: 16330.6820, Obj: 25.5493, Eq Viol (l1): 2.416729, Ineq Viol (l1): 0.708793, Epoch time: 3.57s
Epoch 197/300, Loss: 440.4338, Obj: 23.9255, Eq Viol (l1): 1.838660, Ineq Viol (l1): 0.610595, Epoch time: 3.56s
Epoch 198/300, Loss: 428.2969, Obj: 23.6517, Eq Viol (l1): 1.781341, Ineq Viol (l1): 0.581374, Epoch time: 3.54s
Epoch 199/300, Loss: 421.0957, Obj: 23.2229, Eq Viol (l1): 1.819098, Ineq Viol (l1): 0.583547, Epoch time: 3.55s
Epoch 200/300, Loss: 6372.6384, Obj: 24.3374, Eq Viol (l1): 2.283790, Ineq Viol (l1): 0.689562, Epoch time: 3.58s
Epoch 201/300, Loss: 19680.3654, Obj: 25.4697, Eq Viol (l1): 2.507379, Ineq Viol (l1): 0.743759, Epoch time: 3.59s

Running validation at epoch 200...

VALIDATION_EPOCH_200 EVALUATION RESULTS:
==================================================
Objective Value:     2.597339e+01
True Objective:      -2.413704e+00
Optimality Gap:      3.601246e+01 ± 9.810691e+00
Eq Violation l1:   2.839154e+00 (max: 5.522937e+01)
Ineq Violation l1: 7.446549e-01 (max: 1.814707e+01)
Solution Distance:   2.402866e+02 ± 9.356357e-01
Merit:             6.181149e+01 ± 1.330979e-01
Avg Inference Time:  0.1214s
==================================================
Epoch 202/300, Loss: 15223.3767, Obj: 24.6034, Eq Viol (l1): 2.766345, Ineq Viol (l1): 0.763242, Epoch time: 3.58s
Epoch 203/300, Loss: 12111.7775, Obj: 24.4894, Eq Viol (l1): 2.809289, Ineq Viol (l1): 0.799363, Epoch time: 3.57s
Epoch 204/300, Loss: 4749.8303, Obj: 23.6673, Eq Viol (l1): 2.746318, Ineq Viol (l1): 0.736190, Epoch time: 3.57s
Epoch 205/300, Loss: 13642.5644, Obj: 24.1223, Eq Viol (l1): 3.068985, Ineq Viol (l1): 0.798074, Epoch time: 3.70s
Epoch 206/300, Loss: 14105.6989, Obj: 24.0621, Eq Viol (l1): 3.548416, Ineq Viol (l1): 0.941108, Epoch time: 3.64s
Epoch 207/300, Loss: 22839.5257, Obj: 25.6376, Eq Viol (l1): 4.316832, Ineq Viol (l1): 1.195027, Epoch time: 3.69s
Epoch 208/300, Loss: 22878.6315, Obj: 25.9342, Eq Viol (l1): 4.696589, Ineq Viol (l1): 1.233221, Epoch time: 3.78s
Epoch 209/300, Loss: 22461.2807, Obj: 26.0707, Eq Viol (l1): 4.729809, Ineq Viol (l1): 1.249117, Epoch time: 3.71s
Epoch 210/300, Loss: 23429.3256, Obj: 26.7661, Eq Viol (l1): 5.182589, Ineq Viol (l1): 1.370099, Epoch time: 3.74s
Epoch 211/300, Loss: 15265.9129, Obj: 25.9474, Eq Viol (l1): 4.898604, Ineq Viol (l1): 1.210990, Epoch time: 3.70s

Running validation at epoch 210...

VALIDATION_EPOCH_210 EVALUATION RESULTS:
==================================================
Objective Value:     2.673899e+01
True Objective:      -2.413704e+00
Optimality Gap:      3.754164e+01 ± 9.507408e+00
Eq Violation l1:   5.375563e+00 (max: 1.095221e+02)
Ineq Violation l1: 1.378867e+00 (max: 3.297876e+01)
Solution Distance:   2.498692e+02 ± 8.011804e-01
Merit:             9.428329e+01 ± 6.859170e+00
Avg Inference Time:  0.1354s
==================================================
Epoch 212/300, Loss: 3242.3372, Obj: 25.8014, Eq Viol (l1): 4.649465, Ineq Viol (l1): 1.241714, Epoch time: 3.73s
Epoch 213/300, Loss: 418.8096, Obj: 25.2625, Eq Viol (l1): 4.337767, Ineq Viol (l1): 1.147575, Epoch time: 3.70s
Epoch 214/300, Loss: 411.1651, Obj: 25.0150, Eq Viol (l1): 4.130413, Ineq Viol (l1): 1.075750, Epoch time: 3.67s
Epoch 215/300, Loss: 6063.1871, Obj: 25.7583, Eq Viol (l1): 4.021923, Ineq Viol (l1): 1.072188, Epoch time: 3.63s
Epoch 216/300, Loss: 7930.5384, Obj: 26.0368, Eq Viol (l1): 3.868792, Ineq Viol (l1): 1.071392, Epoch time: 3.64s
Epoch 217/300, Loss: 8999.7468, Obj: 24.7702, Eq Viol (l1): 3.721605, Ineq Viol (l1): 1.190839, Epoch time: 3.64s
Epoch 218/300, Loss: 399.6972, Obj: 22.3481, Eq Viol (l1): 3.102361, Ineq Viol (l1): 0.856445, Epoch time: 3.65s
Epoch 219/300, Loss: 359.1248, Obj: 20.3396, Eq Viol (l1): 2.431231, Ineq Viol (l1): 0.598541, Epoch time: 3.59s
Epoch 220/300, Loss: 351.1345, Obj: 19.7058, Eq Viol (l1): 2.447625, Ineq Viol (l1): 0.623215, Epoch time: 3.61s
Epoch 221/300, Loss: 327.2778, Obj: 18.7433, Eq Viol (l1): 2.020676, Ineq Viol (l1): 0.546845, Epoch time: 3.63s

Running validation at epoch 220...

VALIDATION_EPOCH_220 EVALUATION RESULTS:
==================================================
Objective Value:     1.961660e+01
True Objective:      -2.413704e+00
Optimality Gap:      2.910285e+01 ± 9.131727e+00
Eq Violation l1:   2.370541e+00 (max: 8.366265e+01)
Ineq Violation l1: 7.220558e-01 (max: 2.651066e+01)
Solution Distance:   1.957118e+02 ± 1.279395e+00
Merit:             5.054257e+01 ± 4.199210e+00
Avg Inference Time:  0.1292s
==================================================
Epoch 222/300, Loss: 338.8951, Obj: 19.2436, Eq Viol (l1): 2.261299, Ineq Viol (l1): 0.652797, Epoch time: 3.66s
Epoch 223/300, Loss: 332.7605, Obj: 19.7079, Eq Viol (l1): 2.097450, Ineq Viol (l1): 0.643916, Epoch time: 3.61s
Epoch 224/300, Loss: 3200.2229, Obj: 20.8502, Eq Viol (l1): 2.177476, Ineq Viol (l1): 0.702218, Epoch time: 3.59s
Epoch 225/300, Loss: 6078.8094, Obj: 21.5105, Eq Viol (l1): 2.162605, Ineq Viol (l1): 0.727518, Epoch time: 3.60s
Epoch 226/300, Loss: 3347.3034, Obj: 22.1616, Eq Viol (l1): 2.199552, Ineq Viol (l1): 0.734872, Epoch time: 3.57s
Epoch 227/300, Loss: 1732.2295, Obj: 21.8273, Eq Viol (l1): 2.162509, Ineq Viol (l1): 0.653771, Epoch time: 3.59s
Epoch 228/300, Loss: 1856.6623, Obj: 21.5664, Eq Viol (l1): 2.232226, Ineq Viol (l1): 0.641996, Epoch time: 3.59s
Epoch 229/300, Loss: 7554.1425, Obj: 21.4726, Eq Viol (l1): 2.688444, Ineq Viol (l1): 0.724695, Epoch time: 3.63s
Epoch 230/300, Loss: 11555.2098, Obj: 22.1282, Eq Viol (l1): 3.269001, Ineq Viol (l1): 0.867472, Epoch time: 3.68s
Epoch 231/300, Loss: 11902.1600, Obj: 22.5362, Eq Viol (l1): 3.459608, Ineq Viol (l1): 0.960375, Epoch time: 3.68s

Running validation at epoch 230...

VALIDATION_EPOCH_230 EVALUATION RESULTS:
==================================================
Objective Value:     2.322416e+01
True Objective:      -2.413704e+00
Optimality Gap:      4.115418e+01 ± 1.693886e+01
Eq Violation l1:   3.719120e+00 (max: 1.747352e+02)
Ineq Violation l1: 1.023575e+00 (max: 5.265510e+01)
Solution Distance:   2.326713e+02 ± 4.921210e+00
Merit:             7.065111e+01 ± 1.280398e+00
Avg Inference Time:  0.1272s
==================================================
Epoch 232/300, Loss: 7422.5885, Obj: 21.9083, Eq Viol (l1): 3.202473, Ineq Viol (l1): 0.910408, Epoch time: 3.69s
Epoch 233/300, Loss: 3251.4026, Obj: 21.4413, Eq Viol (l1): 3.280759, Ineq Viol (l1): 0.980640, Epoch time: 3.74s
Epoch 234/300, Loss: 2984.5351, Obj: 21.1763, Eq Viol (l1): 3.047365, Ineq Viol (l1): 0.874634, Epoch time: 3.73s
Epoch 235/300, Loss: 4410.5965, Obj: 21.1493, Eq Viol (l1): 3.035752, Ineq Viol (l1): 0.885964, Epoch time: 3.71s
Epoch 236/300, Loss: 4554.1270, Obj: 21.5758, Eq Viol (l1): 2.847932, Ineq Viol (l1): 0.821555, Epoch time: 3.72s
Epoch 237/300, Loss: 4612.6171, Obj: 21.7237, Eq Viol (l1): 2.714842, Ineq Viol (l1): 0.783923, Epoch time: 3.67s
Epoch 238/300, Loss: 1764.5777, Obj: 21.0080, Eq Viol (l1): 2.028613, Ineq Viol (l1): 0.549092, Epoch time: 3.79s
Epoch 239/300, Loss: 357.4528, Obj: 20.4353, Eq Viol (l1): 1.420379, Ineq Viol (l1): 0.397100, Epoch time: 3.61s
Epoch 240/300, Loss: 1691.0762, Obj: 20.5295, Eq Viol (l1): 1.249339, Ineq Viol (l1): 0.365486, Epoch time: 3.59s
Epoch 241/300, Loss: 10665.1765, Obj: 20.4253, Eq Viol (l1): 1.420473, Ineq Viol (l1): 0.403018, Epoch time: 3.62s

Running validation at epoch 240...

VALIDATION_EPOCH_240 EVALUATION RESULTS:
==================================================
Objective Value:     2.010840e+01
True Objective:      -2.413704e+00
Optimality Gap:      4.071743e+01 ± 2.028797e+01
Eq Violation l1:   1.482107e+00 (max: 1.232561e+02)
Ineq Violation l1: 4.767740e-01 (max: 3.329313e+01)
Solution Distance:   1.852970e+02 ± 1.378503e+00
Merit:             3.969721e+01 ± 3.257053e-01
Avg Inference Time:  0.1306s
==================================================
Epoch 242/300, Loss: 7767.1650, Obj: 18.9839, Eq Viol (l1): 1.219792, Ineq Viol (l1): 0.387208, Epoch time: 3.62s
Epoch 243/300, Loss: 366.3926, Obj: 17.9476, Eq Viol (l1): 0.869539, Ineq Viol (l1): 0.279878, Epoch time: 3.57s
Epoch 244/300, Loss: 10650.0665, Obj: 17.7355, Eq Viol (l1): 1.039031, Ineq Viol (l1): 0.322653, Epoch time: 3.58s
Epoch 245/300, Loss: 356.2270, Obj: 16.6796, Eq Viol (l1): 1.001338, Ineq Viol (l1): 0.304459, Epoch time: 3.60s
Epoch 246/300, Loss: 353.0050, Obj: 16.6873, Eq Viol (l1): 0.835307, Ineq Viol (l1): 0.248013, Epoch time: 3.57s
Epoch 247/300, Loss: 4346.0436, Obj: 18.4167, Eq Viol (l1): 0.858573, Ineq Viol (l1): 0.247888, Epoch time: 3.55s
Epoch 248/300, Loss: 4431.4161, Obj: 19.3963, Eq Viol (l1): 1.224179, Ineq Viol (l1): 0.349165, Epoch time: 3.57s
Epoch 249/300, Loss: 6678.9802, Obj: 20.0083, Eq Viol (l1): 1.609374, Ineq Viol (l1): 0.456536, Epoch time: 3.59s
Epoch 250/300, Loss: 15204.4619, Obj: 21.1193, Eq Viol (l1): 1.958453, Ineq Viol (l1): 0.597348, Epoch time: 3.61s
Epoch 251/300, Loss: 10714.4601, Obj: 20.6409, Eq Viol (l1): 2.062538, Ineq Viol (l1): 0.597055, Epoch time: 3.62s

Running validation at epoch 250...

VALIDATION_EPOCH_250 EVALUATION RESULTS:
==================================================
Objective Value:     2.097807e+01
True Objective:      -2.413704e+00
Optimality Gap:      3.605323e+01 ± 1.281682e+01
Eq Violation l1:   2.488067e+00 (max: 1.173601e+02)
Ineq Violation l1: 7.067650e-01 (max: 4.150314e+01)
Solution Distance:   1.999439e+02 ± 1.287655e+01
Merit:             5.292639e+01 ± 6.129060e+00
Avg Inference Time:  0.1250s
==================================================
Epoch 252/300, Loss: 3390.6525, Obj: 19.5768, Eq Viol (l1): 1.874702, Ineq Viol (l1): 0.526827, Epoch time: 3.59s
Epoch 253/300, Loss: 1691.4154, Obj: 19.9206, Eq Viol (l1): 2.005813, Ineq Viol (l1): 0.535646, Epoch time: 3.60s
Epoch 254/300, Loss: 349.7292, Obj: 19.2130, Eq Viol (l1): 1.865187, Ineq Viol (l1): 0.522291, Epoch time: 3.59s
Epoch 255/300, Loss: 329.2706, Obj: 18.2266, Eq Viol (l1): 1.560847, Ineq Viol (l1): 0.401959, Epoch time: 3.57s
Epoch 256/300, Loss: 3283.5102, Obj: 19.9338, Eq Viol (l1): 1.635704, Ineq Viol (l1): 0.419288, Epoch time: 3.57s
Epoch 257/300, Loss: 5963.4314, Obj: 21.4345, Eq Viol (l1): 2.066159, Ineq Viol (l1): 0.539162, Epoch time: 3.58s
Epoch 258/300, Loss: 10680.5105, Obj: 23.3018, Eq Viol (l1): 2.621077, Ineq Viol (l1): 0.680508, Epoch time: 3.60s
Epoch 259/300, Loss: 7062.4472, Obj: 23.1011, Eq Viol (l1): 2.353298, Ineq Viol (l1): 0.634539, Epoch time: 3.58s
Epoch 260/300, Loss: 6736.4912, Obj: 22.4594, Eq Viol (l1): 2.058203, Ineq Viol (l1): 0.571606, Epoch time: 3.58s
Epoch 261/300, Loss: 5644.9307, Obj: 23.0780, Eq Viol (l1): 2.436464, Ineq Viol (l1): 0.693451, Epoch time: 3.57s

Running validation at epoch 260...

VALIDATION_EPOCH_260 EVALUATION RESULTS:
==================================================
Objective Value:     2.468841e+01
True Objective:      -2.413704e+00
Optimality Gap:      3.990890e+01 ± 1.156039e+01
Eq Violation l1:   3.140632e+00 (max: 7.503687e+01)
Ineq Violation l1: 9.197316e-01 (max: 3.415714e+01)
Solution Distance:   2.254665e+02 ± 2.048814e+01
Merit:             6.529205e+01 ± 1.250706e+01
Avg Inference Time:  0.1226s
==================================================
Epoch 262/300, Loss: 7842.4276, Obj: 23.9085, Eq Viol (l1): 2.673574, Ineq Viol (l1): 0.731606, Epoch time: 3.57s
Epoch 263/300, Loss: 5031.5841, Obj: 24.8496, Eq Viol (l1): 2.926635, Ineq Viol (l1): 0.795135, Epoch time: 3.61s
Epoch 264/300, Loss: 2701.4310, Obj: 26.0433, Eq Viol (l1): 3.321620, Ineq Viol (l1): 0.917475, Epoch time: 3.64s
Epoch 265/300, Loss: 452.0174, Obj: 27.0553, Eq Viol (l1): 3.019397, Ineq Viol (l1): 0.819670, Epoch time: 3.59s
Epoch 266/300, Loss: 402.3652, Obj: 25.9240, Eq Viol (l1): 2.147798, Ineq Viol (l1): 0.623333, Epoch time: 3.58s
Epoch 267/300, Loss: 405.4194, Obj: 26.7527, Eq Viol (l1): 2.213827, Ineq Viol (l1): 0.608099, Epoch time: 3.57s
Epoch 268/300, Loss: 7965.9545, Obj: 28.4901, Eq Viol (l1): 2.575201, Ineq Viol (l1): 0.745062, Epoch time: 3.59s
Epoch 269/300, Loss: 4770.8888, Obj: 27.8786, Eq Viol (l1): 2.930712, Ineq Viol (l1): 0.810685, Epoch time: 3.60s
Epoch 270/300, Loss: 11953.0886, Obj: 29.0217, Eq Viol (l1): 3.396088, Ineq Viol (l1): 1.022879, Epoch time: 3.60s
Epoch 271/300, Loss: 15409.7386, Obj: 29.5804, Eq Viol (l1): 3.602359, Ineq Viol (l1): 1.054939, Epoch time: 3.62s

Running validation at epoch 270...

VALIDATION_EPOCH_270 EVALUATION RESULTS:
==================================================
Objective Value:     3.054986e+01
True Objective:      -2.413704e+00
Optimality Gap:      5.158812e+01 ± 1.523484e+01
Eq Violation l1:   4.263781e+00 (max: 8.214669e+01)
Ineq Violation l1: 1.295130e+00 (max: 2.702316e+01)
Solution Distance:   2.727416e+02 ± 2.291903e+01
Merit:             8.613898e+01 ± 1.515600e+01
Avg Inference Time:  0.1268s
==================================================
Epoch 272/300, Loss: 10868.7426, Obj: 29.5066, Eq Viol (l1): 3.662749, Ineq Viol (l1): 1.028920, Epoch time: 3.73s
Epoch 273/300, Loss: 11619.7582, Obj: 30.5507, Eq Viol (l1): 3.661160, Ineq Viol (l1): 1.066905, Epoch time: 3.63s
Epoch 274/300, Loss: 5041.2595, Obj: 31.5025, Eq Viol (l1): 3.062515, Ineq Viol (l1): 1.017475, Epoch time: 3.57s
Epoch 275/300, Loss: 7445.4353, Obj: 31.6439, Eq Viol (l1): 3.246535, Ineq Viol (l1): 1.034515, Epoch time: 3.58s
Epoch 276/300, Loss: 1533.9126, Obj: 30.6508, Eq Viol (l1): 2.394589, Ineq Viol (l1): 0.798666, Epoch time: 3.55s
Epoch 277/300, Loss: 2732.5670, Obj: 30.9878, Eq Viol (l1): 2.341675, Ineq Viol (l1): 0.785713, Epoch time: 3.57s
Epoch 278/300, Loss: 2800.8595, Obj: 31.3699, Eq Viol (l1): 2.610833, Ineq Viol (l1): 0.847362, Epoch time: 3.56s
Epoch 279/300, Loss: 5185.0753, Obj: 31.3172, Eq Viol (l1): 3.096650, Ineq Viol (l1): 1.067898, Epoch time: 3.59s
Epoch 280/300, Loss: 5060.3778, Obj: 30.6372, Eq Viol (l1): 3.327793, Ineq Viol (l1): 1.109863, Epoch time: 3.59s
Epoch 281/300, Loss: 2633.4482, Obj: 30.2969, Eq Viol (l1): 3.493934, Ineq Viol (l1): 1.165644, Epoch time: 3.61s

Running validation at epoch 280...

VALIDATION_EPOCH_280 EVALUATION RESULTS:
==================================================
Objective Value:     3.239591e+01
True Objective:      -2.413704e+00
Optimality Gap:      5.550807e+01 ± 1.554090e+01
Eq Violation l1:   4.363190e+00 (max: 1.005079e+02)
Ineq Violation l1: 1.435392e+00 (max: 3.398281e+01)
Solution Distance:   2.809085e+02 ± 1.980577e+01
Merit:             9.038173e+01 ± 1.398975e+01
Avg Inference Time:  0.1267s
==================================================
Epoch 282/300, Loss: 7511.6802, Obj: 32.4527, Eq Viol (l1): 4.140356, Ineq Viol (l1): 1.504535, Epoch time: 3.61s
Epoch 283/300, Loss: 7694.1825, Obj: 32.8637, Eq Viol (l1): 3.873669, Ineq Viol (l1): 1.613359, Epoch time: 3.61s
Epoch 284/300, Loss: 4856.1610, Obj: 32.3244, Eq Viol (l1): 3.194261, Ineq Viol (l1): 1.274389, Epoch time: 3.60s
Epoch 285/300, Loss: 7344.8036, Obj: 34.1239, Eq Viol (l1): 3.485720, Ineq Viol (l1): 1.340926, Epoch time: 3.67s
Epoch 286/300, Loss: 11502.3643, Obj: 34.9867, Eq Viol (l1): 2.954331, Ineq Viol (l1): 1.137255, Epoch time: 3.59s
Epoch 287/300, Loss: 5645.4493, Obj: 33.8281, Eq Viol (l1): 3.160436, Ineq Viol (l1): 1.153162, Epoch time: 3.62s
Epoch 288/300, Loss: 5666.3467, Obj: 33.3896, Eq Viol (l1): 3.105790, Ineq Viol (l1): 1.079161, Epoch time: 3.62s
Epoch 289/300, Loss: 2606.1431, Obj: 32.5076, Eq Viol (l1): 3.150918, Ineq Viol (l1): 1.033878, Epoch time: 3.65s
Epoch 290/300, Loss: 2502.0042, Obj: 31.2937, Eq Viol (l1): 3.201212, Ineq Viol (l1): 1.098300, Epoch time: 3.62s
Epoch 291/300, Loss: 385.2196, Obj: 30.5345, Eq Viol (l1): 3.441976, Ineq Viol (l1): 1.170666, Epoch time: 3.65s

Running validation at epoch 290...

VALIDATION_EPOCH_290 EVALUATION RESULTS:
==================================================
Objective Value:     3.065996e+01
True Objective:      -2.413704e+00
Optimality Gap:      5.411557e+01 ± 1.504174e+01
Eq Violation l1:   3.364813e+00 (max: 1.057242e+02)
Ineq Violation l1: 1.260393e+00 (max: 4.218349e+01)
Solution Distance:   2.577908e+02 ± 1.583895e+01
Merit:             7.691202e+01 ± 1.194225e+01
Avg Inference Time:  0.1238s
==================================================
Epoch 292/300, Loss: 1443.2697, Obj: 29.7885, Eq Viol (l1): 3.146994, Ineq Viol (l1): 1.073792, Epoch time: 3.63s
Epoch 293/300, Loss: 3734.4332, Obj: 29.7393, Eq Viol (l1): 3.082987, Ineq Viol (l1): 1.034366, Epoch time: 3.64s
Epoch 294/300, Loss: 3504.3317, Obj: 29.7749, Eq Viol (l1): 3.116192, Ineq Viol (l1): 1.042124, Epoch time: 3.67s
Epoch 295/300, Loss: 1502.5427, Obj: 29.9916, Eq Viol (l1): 3.337658, Ineq Viol (l1): 1.098670, Epoch time: 3.68s
Epoch 296/300, Loss: 2665.1551, Obj: 30.5457, Eq Viol (l1): 3.764543, Ineq Viol (l1): 1.200216, Epoch time: 3.74s
Epoch 297/300, Loss: 1505.4218, Obj: 29.6905, Eq Viol (l1): 2.738170, Ineq Viol (l1): 0.876669, Epoch time: 3.62s
Epoch 298/300, Loss: 2595.2082, Obj: 30.6256, Eq Viol (l1): 2.648503, Ineq Viol (l1): 0.859892, Epoch time: 3.63s
Epoch 299/300, Loss: 8381.2958, Obj: 30.9653, Eq Viol (l1): 2.757471, Ineq Viol (l1): 0.883962, Epoch time: 3.62s
Epoch 300/300, Loss: 9829.4436, Obj: 32.4594, Eq Viol (l1): 3.510583, Ineq Viol (l1): 1.136554, Epoch time: 3.65s

Training completed in 1082.32 seconds.

============================================================
COMPREHENSIVE TEST EVALUATION WITH DETAILED RESULTS
============================================================
Testing with batch sizes: [256, 512]

Evaluating with batch size: 256 (with detailed results)

TEST_BS256 EVALUATION RESULTS:
==================================================
Objective Value:     3.336853e+01
True Objective:      -2.409220e+00
Optimality Gap:      7.885715e+01 ± 5.209088e+01
Eq Violation l1:   3.685163e+00 (max: 9.352310e+01)
Ineq Violation l1: 1.153082e+00 (max: 2.961009e+01)
Solution Distance:   2.904632e+02 ± 1.660250e+01
Merit:             8.175098e+01 ± 1.029026e+01
Avg Inference Time:  0.1111s
==================================================

Evaluating with batch size: 512 (with detailed results)

TEST_BS512 EVALUATION RESULTS:
==================================================
Objective Value:     3.340600e+01
True Objective:      -2.408634e+00
Optimality Gap:      7.621776e+01 ± 3.113243e+01
Eq Violation l1:   3.729043e+00 (max: 9.639445e+01)
Ineq Violation l1: 1.177032e+00 (max: 3.022793e+01)
Solution Distance:   2.910364e+02 ± 1.178140e+01
Merit:             8.246675e+01 ± 8.245442e+00
Avg Inference Time:  0.1257s
==================================================

TEST BATCH SIZE COMPARISON:
================================================================================
Batch Size   Objective    Opt Gap      Eq Viol      Ineq Viol    Time (s)  
--------------------------------------------------------------------------------
256          3.3369e+01   7.8857e+01   3.6852e+00   1.1531e+00   0.89      
512          3.3406e+01   7.6218e+01   3.7290e+00   1.1770e+00   0.50      
================================================================================

Saving model and results to: results/nonsmooth_nonconvex/socp/SOCPProblem-100-50-50-10000/20260107-044819_MLP_FSNet_seed0_nepochs300_lr0.0002_trainsize7000_finetune_20260107-043823_model_70
✓ Model saved: results/nonsmooth_nonconvex/socp/SOCPProblem-100-50-50-10000/20260107-044819_MLP_FSNet_seed0_nepochs300_lr0.0002_trainsize7000_finetune_20260107-043823_model_70/model.pt
✓ Detailed results saved: results/nonsmooth_nonconvex/socp/SOCPProblem-100-50-50-10000/20260107-044819_MLP_FSNet_seed0_nepochs300_lr0.0002_trainsize7000_finetune_20260107-043823_model_70/results.pkl

Files saved (or attempted):
  - model.pt (model weights and architecture)
  - results.pkl (training history, metrics, detailed test results)
Training and testing completed in 1085.32 seconds
Done!!!
============================================================
==========         =====================         ===========
==========   0      =====================         ===========
==========         =====================         ===========
============================================================

======= Running for problem: nonsmooth_nonconvex/socp =======

Loading problem instance: nonsmooth_nonconvex/socp with size [100, 50, 50, 10000]
Loading  dataset from: datasets/nonsmooth_nonconvex/socp/random2025_socp_dataset_var100_ineq50_eq50_ex10000 

Running on:  cuda
Training model using FSNet method with seed 1 for 300 epochs
Using batch size: 512
Loading model from checkpoint: results/nonsmooth_nonconvex/socp/SOCPProblem-100-50-50-10000/20260107-043823_MLP_sup_seed1_nepochs500_lr0.0005_trainsize7000/model_70.pt

lr: 0.0002, weight_decay: 0.001, num_epochs: 300

Epoch 1/300, Loss: 44.9058, Obj: 0.1514, Eq Viol (l1): 0.007364, Ineq Viol (l1): 0.001328, Epoch time: 7.39s

Running validation at epoch 0...

VALIDATION_EPOCH_0 EVALUATION RESULTS:
==================================================
Objective Value:     3.204282e-01
True Objective:      -2.413704e+00
Optimality Gap:      3.694338e+00 ± 2.759760e+00
Eq Violation l1:   1.402368e-02 (max: 2.908924e+00)
Ineq Violation l1: 2.799713e-03 (max: 6.438439e-01)
Solution Distance:   6.896599e+01 ± 2.261094e+00
Merit:             4.886621e-01 ± 8.049766e-02
Avg Inference Time:  0.6848s
==================================================
Epoch 2/300, Loss: 45.2673, Obj: 0.1686, Eq Viol (l1): 0.007812, Ineq Viol (l1): 0.001541, Epoch time: 3.54s
Epoch 3/300, Loss: 46.2726, Obj: 0.1631, Eq Viol (l1): 0.007338, Ineq Viol (l1): 0.001348, Epoch time: 3.54s
Epoch 4/300, Loss: 47.2136, Obj: 0.1163, Eq Viol (l1): 0.005938, Ineq Viol (l1): 0.001110, Epoch time: 3.53s
Epoch 5/300, Loss: 48.7320, Obj: 0.0595, Eq Viol (l1): 0.008455, Ineq Viol (l1): 0.001606, Epoch time: 3.54s
Epoch 6/300, Loss: 45.6043, Obj: -0.0293, Eq Viol (l1): 0.007500, Ineq Viol (l1): 0.001416, Epoch time: 3.54s
Epoch 7/300, Loss: 41.5001, Obj: 0.1128, Eq Viol (l1): 0.007378, Ineq Viol (l1): 0.001389, Epoch time: 3.54s
Epoch 8/300, Loss: 40.1735, Obj: 0.4749, Eq Viol (l1): 0.004358, Ineq Viol (l1): 0.000828, Epoch time: 3.54s
Epoch 9/300, Loss: 44.1474, Obj: 0.6648, Eq Viol (l1): 0.003374, Ineq Viol (l1): 0.000635, Epoch time: 3.54s
Epoch 10/300, Loss: 50.5474, Obj: 0.6157, Eq Viol (l1): 0.003914, Ineq Viol (l1): 0.000834, Epoch time: 3.53s
Epoch 11/300, Loss: 53.2965, Obj: 0.9002, Eq Viol (l1): 0.002779, Ineq Viol (l1): 0.000520, Epoch time: 3.54s

Running validation at epoch 10...

VALIDATION_EPOCH_10 EVALUATION RESULTS:
==================================================
Objective Value:     8.447824e-01
True Objective:      -2.413704e+00
Optimality Gap:      2.610077e+00 ± 8.332126e-01
Eq Violation l1:   3.276080e-03 (max: 6.629243e-01)
Ineq Violation l1: 6.182025e-04 (max: 1.443549e-01)
Solution Distance:   7.548868e+01 ± 1.376187e+00
Merit:             8.837253e-01 ± 6.613418e-02
Avg Inference Time:  0.1206s
==================================================
Epoch 12/300, Loss: 68.2597, Obj: 1.2333, Eq Viol (l1): 0.002659, Ineq Viol (l1): 0.000463, Epoch time: 3.54s
Epoch 13/300, Loss: 75.6956, Obj: 1.5493, Eq Viol (l1): 0.003328, Ineq Viol (l1): 0.000665, Epoch time: 3.53s
Epoch 14/300, Loss: 76.5848, Obj: 1.8617, Eq Viol (l1): 0.002502, Ineq Viol (l1): 0.000430, Epoch time: 3.54s
Epoch 15/300, Loss: 79.5613, Obj: 2.3114, Eq Viol (l1): 0.003026, Ineq Viol (l1): 0.000569, Epoch time: 3.54s
Epoch 16/300, Loss: 83.0063, Obj: 2.7993, Eq Viol (l1): 0.002893, Ineq Viol (l1): 0.000508, Epoch time: 3.53s
Epoch 17/300, Loss: 94.2009, Obj: 3.8738, Eq Viol (l1): 0.002680, Ineq Viol (l1): 0.000496, Epoch time: 3.54s
Epoch 18/300, Loss: 114.8671, Obj: 5.2091, Eq Viol (l1): 0.002410, Ineq Viol (l1): 0.000493, Epoch time: 3.54s
Epoch 19/300, Loss: 2297.1717, Obj: 6.1237, Eq Viol (l1): 0.001615, Ineq Viol (l1): 0.000280, Epoch time: 3.53s
Epoch 20/300, Loss: 115.5209, Obj: 5.9609, Eq Viol (l1): 0.000716, Ineq Viol (l1): 0.000121, Epoch time: 3.54s
Epoch 21/300, Loss: 118.2014, Obj: 6.8244, Eq Viol (l1): 0.001453, Ineq Viol (l1): 0.000274, Epoch time: 3.54s

Running validation at epoch 20...

VALIDATION_EPOCH_20 EVALUATION RESULTS:
==================================================
Objective Value:     7.067389e+00
True Objective:      -2.413704e+00
Optimality Gap:      1.295981e+01 ± 4.283274e+00
Eq Violation l1:   1.680746e-03 (max: 5.278099e-01)
Ineq Violation l1: 3.886025e-04 (max: 1.555999e-01)
Solution Distance:   9.916337e+01 ± 1.698191e+00
Merit:             7.088082e+00 ± 1.019567e-01
Avg Inference Time:  0.1198s
==================================================
Epoch 22/300, Loss: 129.5374, Obj: 7.9193, Eq Viol (l1): 0.001601, Ineq Viol (l1): 0.000292, Epoch time: 3.54s
Epoch 23/300, Loss: 143.4767, Obj: 9.0869, Eq Viol (l1): 0.000918, Ineq Viol (l1): 0.000131, Epoch time: 3.54s
Epoch 24/300, Loss: 163.4364, Obj: 9.7009, Eq Viol (l1): 0.004167, Ineq Viol (l1): 0.000807, Epoch time: 3.53s
Epoch 25/300, Loss: 178.5915, Obj: 10.1182, Eq Viol (l1): 0.005046, Ineq Viol (l1): 0.000956, Epoch time: 3.54s
Epoch 26/300, Loss: 162.4582, Obj: 9.4181, Eq Viol (l1): 0.004780, Ineq Viol (l1): 0.000969, Epoch time: 3.54s
Epoch 27/300, Loss: 190.9835, Obj: 11.2387, Eq Viol (l1): 0.015662, Ineq Viol (l1): 0.003155, Epoch time: 3.53s
Epoch 28/300, Loss: 207.0071, Obj: 12.0715, Eq Viol (l1): 0.021927, Ineq Viol (l1): 0.004516, Epoch time: 3.54s
Epoch 29/300, Loss: 4493.4924, Obj: 13.6682, Eq Viol (l1): 0.017225, Ineq Viol (l1): 0.002948, Epoch time: 3.54s
Epoch 30/300, Loss: 209.6620, Obj: 13.9001, Eq Viol (l1): 0.013389, Ineq Viol (l1): 0.002187, Epoch time: 3.53s
Epoch 31/300, Loss: 280.8256, Obj: 14.6258, Eq Viol (l1): 0.017662, Ineq Viol (l1): 0.003202, Epoch time: 3.53s

Running validation at epoch 30...

VALIDATION_EPOCH_30 EVALUATION RESULTS:
==================================================
Objective Value:     1.562068e+01
True Objective:      -2.413704e+00
Optimality Gap:      2.538854e+01 ± 7.681359e+00
Eq Violation l1:   1.704132e-02 (max: 1.522404e+00)
Ineq Violation l1: 2.869600e-03 (max: 3.409710e-01)
Solution Distance:   1.442768e+02 ± 1.596443e+00
Merit:             1.581979e+01 ± 4.760406e-02
Avg Inference Time:  0.1201s
==================================================
Epoch 32/300, Loss: 337.2256, Obj: 17.0043, Eq Viol (l1): 0.013961, Ineq Viol (l1): 0.002601, Epoch time: 3.53s
Epoch 33/300, Loss: 380.6041, Obj: 18.5014, Eq Viol (l1): 0.012831, Ineq Viol (l1): 0.002764, Epoch time: 3.53s
Epoch 34/300, Loss: 1734.0074, Obj: 17.4721, Eq Viol (l1): 0.006355, Ineq Viol (l1): 0.001431, Epoch time: 3.54s
Epoch 35/300, Loss: 307.8874, Obj: 14.4395, Eq Viol (l1): 0.007117, Ineq Viol (l1): 0.001548, Epoch time: 3.65s
Epoch 36/300, Loss: 1344.3637, Obj: 9.6039, Eq Viol (l1): 0.012541, Ineq Viol (l1): 0.002357, Epoch time: 3.53s
Epoch 37/300, Loss: 2392.4976, Obj: 7.7453, Eq Viol (l1): 0.016214, Ineq Viol (l1): 0.003225, Epoch time: 3.54s
Epoch 38/300, Loss: 1286.1157, Obj: 7.4979, Eq Viol (l1): 0.015702, Ineq Viol (l1): 0.003202, Epoch time: 3.53s
Epoch 39/300, Loss: 248.3534, Obj: 7.1198, Eq Viol (l1): 0.007220, Ineq Viol (l1): 0.001424, Epoch time: 3.53s
Epoch 40/300, Loss: 240.8161, Obj: 7.3317, Eq Viol (l1): 0.005057, Ineq Viol (l1): 0.000929, Epoch time: 3.53s
Epoch 41/300, Loss: 3642.6581, Obj: 8.4131, Eq Viol (l1): 0.009525, Ineq Viol (l1): 0.001940, Epoch time: 3.54s

Running validation at epoch 40...

VALIDATION_EPOCH_40 EVALUATION RESULTS:
==================================================
Objective Value:     8.583769e+00
True Objective:      -2.413704e+00
Optimality Gap:      1.590058e+01 ± 4.688508e+00
Eq Violation l1:   4.333994e-04 (max: 6.320499e-02)
Ineq Violation l1: 4.691725e-05 (max: 8.938193e-03)
Solution Distance:   1.146207e+02 ± 2.700824e+00
Merit:             8.588572e+00 ± 1.965065e-05
Avg Inference Time:  0.1197s
==================================================
Epoch 42/300, Loss: 207.4168, Obj: 9.2290, Eq Viol (l1): 0.001809, Ineq Viol (l1): 0.000327, Epoch time: 3.52s
Epoch 43/300, Loss: 160.2137, Obj: 10.0741, Eq Viol (l1): 0.000959, Ineq Viol (l1): 0.000153, Epoch time: 3.52s
Epoch 44/300, Loss: 114.0649, Obj: 10.1695, Eq Viol (l1): 0.000050, Ineq Viol (l1): 0.000003, Epoch time: 3.48s
Epoch 45/300, Loss: 46.7764, Obj: 8.8840, Eq Viol (l1): 0.000586, Ineq Viol (l1): 0.000177, Epoch time: 3.21s
Epoch 46/300, Loss: 12.8288, Obj: 4.0414, Eq Viol (l1): 0.000047, Ineq Viol (l1): 0.000001, Epoch time: 2.92s
Epoch 47/300, Loss: 5.0623, Obj: 0.8157, Eq Viol (l1): 0.000067, Ineq Viol (l1): 0.000000, Epoch time: 2.78s
Epoch 48/300, Loss: 2.2131, Obj: -0.5847, Eq Viol (l1): 0.000087, Ineq Viol (l1): 0.000000, Epoch time: 2.71s
Epoch 49/300, Loss: 1.0841, Obj: -1.0220, Eq Viol (l1): 0.000100, Ineq Viol (l1): 0.000000, Epoch time: 2.68s
Epoch 50/300, Loss: 0.5024, Obj: -1.2240, Eq Viol (l1): 0.000098, Ineq Viol (l1): 0.000000, Epoch time: 2.67s
Epoch 51/300, Loss: 0.1651, Obj: -1.4153, Eq Viol (l1): 0.000099, Ineq Viol (l1): 0.000000, Epoch time: 2.67s

Running validation at epoch 50...

VALIDATION_EPOCH_50 EVALUATION RESULTS:
==================================================
Objective Value:     -1.374187e+00
True Objective:      -2.413704e+00
Optimality Gap:      -1.528139e+00 ± 9.240818e-01
Eq Violation l1:   9.156434e-05 (max: 8.319922e-04)
Ineq Violation l1: 1.816419e-07 (max: 1.200297e-05)
Solution Distance:   7.839243e+01 ± 1.717718e+00
Merit:             -1.373269e+00 ± 2.658162e-02
Avg Inference Time:  0.0663s
==================================================
Epoch 52/300, Loss: -0.1604, Obj: -1.5045, Eq Viol (l1): 0.000091, Ineq Viol (l1): 0.000000, Epoch time: 2.65s
Epoch 53/300, Loss: -0.4413, Obj: -1.6263, Eq Viol (l1): 0.000098, Ineq Viol (l1): 0.000000, Epoch time: 2.62s
Epoch 54/300, Loss: -0.5737, Obj: -1.7017, Eq Viol (l1): 0.000098, Ineq Viol (l1): 0.000000, Epoch time: 2.61s
Epoch 55/300, Loss: -0.5770, Obj: -1.7303, Eq Viol (l1): 0.000102, Ineq Viol (l1): 0.000000, Epoch time: 2.60s
Epoch 56/300, Loss: -0.8311, Obj: -1.8501, Eq Viol (l1): 0.000101, Ineq Viol (l1): 0.000000, Epoch time: 2.61s
Epoch 57/300, Loss: -0.9969, Obj: -1.9605, Eq Viol (l1): 0.000099, Ineq Viol (l1): 0.000000, Epoch time: 2.67s
Epoch 58/300, Loss: -1.1437, Obj: -2.0956, Eq Viol (l1): 0.000085, Ineq Viol (l1): 0.000000, Epoch time: 2.70s
Epoch 59/300, Loss: -1.3301, Obj: -2.2734, Eq Viol (l1): 0.000079, Ineq Viol (l1): 0.000000, Epoch time: 2.72s
Epoch 60/300, Loss: -1.3687, Obj: -2.4275, Eq Viol (l1): 0.000068, Ineq Viol (l1): 0.000000, Epoch time: 2.75s
Epoch 61/300, Loss: -1.4768, Obj: -2.5179, Eq Viol (l1): 0.000072, Ineq Viol (l1): 0.000000, Epoch time: 2.75s

Running validation at epoch 60...

VALIDATION_EPOCH_60 EVALUATION RESULTS:
==================================================
Objective Value:     -2.801811e+00
True Objective:      -2.413704e+00
Optimality Gap:      -4.270013e+00 ± 1.941336e+00
Eq Violation l1:   5.189815e-05 (max: 2.165892e-03)
Ineq Violation l1: 3.847472e-07 (max: 4.080877e-05)
Solution Distance:   8.081688e+01 ± 1.992265e+00
Merit:             -2.801288e+00 ± 7.854762e-03
Avg Inference Time:  0.0747s
==================================================
Epoch 62/300, Loss: -1.3484, Obj: -2.5260, Eq Viol (l1): 0.000069, Ineq Viol (l1): 0.000001, Epoch time: 2.76s
Epoch 63/300, Loss: -1.5144, Obj: -2.5771, Eq Viol (l1): 0.000068, Ineq Viol (l1): 0.000000, Epoch time: 2.76s
Epoch 64/300, Loss: -1.5887, Obj: -2.6160, Eq Viol (l1): 0.000051, Ineq Viol (l1): 0.000000, Epoch time: 2.79s
Epoch 65/300, Loss: -1.7036, Obj: -2.6770, Eq Viol (l1): 0.000068, Ineq Viol (l1): 0.000000, Epoch time: 2.74s
Epoch 66/300, Loss: -1.4721, Obj: -2.6337, Eq Viol (l1): 0.000052, Ineq Viol (l1): 0.000001, Epoch time: 2.82s
Epoch 67/300, Loss: -1.6351, Obj: -2.6787, Eq Viol (l1): 0.000054, Ineq Viol (l1): 0.000000, Epoch time: 2.80s
Epoch 68/300, Loss: -1.6527, Obj: -2.6964, Eq Viol (l1): 0.000051, Ineq Viol (l1): 0.000001, Epoch time: 2.92s
Epoch 69/300, Loss: -1.7880, Obj: -2.7696, Eq Viol (l1): 0.000055, Ineq Viol (l1): 0.000000, Epoch time: 2.79s
Epoch 70/300, Loss: -1.8233, Obj: -2.7403, Eq Viol (l1): 0.000052, Ineq Viol (l1): 0.000000, Epoch time: 2.78s
Epoch 71/300, Loss: -1.8960, Obj: -2.8038, Eq Viol (l1): 0.000047, Ineq Viol (l1): 0.000000, Epoch time: 2.80s

Running validation at epoch 70...

VALIDATION_EPOCH_70 EVALUATION RESULTS:
==================================================
Objective Value:     -2.897599e+00
True Objective:      -2.413704e+00
Optimality Gap:      -4.382382e+00 ± 1.934012e+00
Eq Violation l1:   5.626771e-05 (max: 3.029219e-03)
Ineq Violation l1: 2.405796e-07 (max: 1.537009e-05)
Solution Distance:   8.442408e+01 ± 1.993861e+00
Merit:             -2.897034e+00 ± 1.897691e-02
Avg Inference Time:  0.0737s
==================================================
Epoch 72/300, Loss: -1.8390, Obj: -2.7676, Eq Viol (l1): 0.000045, Ineq Viol (l1): 0.000000, Epoch time: 2.81s
Epoch 73/300, Loss: -1.9357, Obj: -2.7995, Eq Viol (l1): 0.000045, Ineq Viol (l1): 0.000001, Epoch time: 2.81s
Epoch 74/300, Loss: -1.9413, Obj: -2.8180, Eq Viol (l1): 0.000048, Ineq Viol (l1): 0.000000, Epoch time: 2.80s
Epoch 75/300, Loss: -1.9689, Obj: -2.8283, Eq Viol (l1): 0.000036, Ineq Viol (l1): 0.000000, Epoch time: 2.82s
Epoch 76/300, Loss: -1.9683, Obj: -2.8067, Eq Viol (l1): 0.000044, Ineq Viol (l1): 0.000000, Epoch time: 2.80s
Epoch 77/300, Loss: -1.8920, Obj: -2.8432, Eq Viol (l1): 0.000055, Ineq Viol (l1): 0.000000, Epoch time: 2.80s
Epoch 78/300, Loss: -1.8583, Obj: -2.7384, Eq Viol (l1): 0.000035, Ineq Viol (l1): 0.000000, Epoch time: 2.84s
Epoch 79/300, Loss: -1.9997, Obj: -2.8329, Eq Viol (l1): 0.000043, Ineq Viol (l1): 0.000000, Epoch time: 2.80s
Epoch 80/300, Loss: -1.9268, Obj: -2.8197, Eq Viol (l1): 0.000044, Ineq Viol (l1): 0.000000, Epoch time: 2.82s
Epoch 81/300, Loss: -2.0493, Obj: -2.8645, Eq Viol (l1): 0.000055, Ineq Viol (l1): 0.000000, Epoch time: 2.78s

Running validation at epoch 80...

VALIDATION_EPOCH_80 EVALUATION RESULTS:
==================================================
Objective Value:     -3.073654e+00
True Objective:      -2.413704e+00
Optimality Gap:      -4.724510e+00 ± 2.050090e+00
Eq Violation l1:   4.940949e-05 (max: 2.403205e-03)
Ineq Violation l1: 4.442369e-07 (max: 4.185249e-05)
Solution Distance:   8.349170e+01 ± 1.918418e+00
Merit:             -3.073155e+00 ± 1.100245e-02
Avg Inference Time:  0.0759s
==================================================
Epoch 82/300, Loss: -2.0452, Obj: -2.8565, Eq Viol (l1): 0.000049, Ineq Viol (l1): 0.000000, Epoch time: 2.81s
Epoch 83/300, Loss: -2.0545, Obj: -2.8762, Eq Viol (l1): 0.000046, Ineq Viol (l1): 0.000000, Epoch time: 2.79s
Epoch 84/300, Loss: -2.1180, Obj: -2.8767, Eq Viol (l1): 0.000051, Ineq Viol (l1): 0.000001, Epoch time: 2.78s
Epoch 85/300, Loss: -2.1345, Obj: -2.8982, Eq Viol (l1): 0.000049, Ineq Viol (l1): 0.000000, Epoch time: 2.79s
Epoch 86/300, Loss: -2.1454, Obj: -2.8984, Eq Viol (l1): 0.000050, Ineq Viol (l1): 0.000001, Epoch time: 2.80s
Epoch 87/300, Loss: -2.0987, Obj: -2.8909, Eq Viol (l1): 0.000055, Ineq Viol (l1): 0.000000, Epoch time: 2.77s
Epoch 88/300, Loss: -2.1705, Obj: -2.9058, Eq Viol (l1): 0.000052, Ineq Viol (l1): 0.000000, Epoch time: 2.79s
Epoch 89/300, Loss: -2.1096, Obj: -2.8683, Eq Viol (l1): 0.000048, Ineq Viol (l1): 0.000000, Epoch time: 2.82s
Epoch 90/300, Loss: -2.1397, Obj: -2.8833, Eq Viol (l1): 0.000047, Ineq Viol (l1): 0.000000, Epoch time: 2.81s
Epoch 91/300, Loss: -2.2001, Obj: -2.9084, Eq Viol (l1): 0.000054, Ineq Viol (l1): 0.000000, Epoch time: 2.79s

Running validation at epoch 90...

VALIDATION_EPOCH_90 EVALUATION RESULTS:
==================================================
Objective Value:     -3.040289e+00
True Objective:      -2.413704e+00
Optimality Gap:      -4.608023e+00 ± 1.966669e+00
Eq Violation l1:   7.341250e-05 (max: 2.150868e-03)
Ineq Violation l1: 3.993760e-07 (max: 3.493383e-05)
Solution Distance:   8.327319e+01 ± 1.881698e+00
Merit:             -3.039550e+00 ± 1.517426e-02
Avg Inference Time:  0.0726s
==================================================
Epoch 92/300, Loss: -2.1253, Obj: -2.9023, Eq Viol (l1): 0.000050, Ineq Viol (l1): 0.000000, Epoch time: 2.80s
Epoch 93/300, Loss: -2.1981, Obj: -2.8897, Eq Viol (l1): 0.000052, Ineq Viol (l1): 0.000000, Epoch time: 2.78s
Epoch 94/300, Loss: -2.2489, Obj: -2.9494, Eq Viol (l1): 0.000052, Ineq Viol (l1): 0.000000, Epoch time: 2.79s
Epoch 95/300, Loss: -2.1285, Obj: -2.9125, Eq Viol (l1): 0.000042, Ineq Viol (l1): 0.000001, Epoch time: 2.81s
Epoch 96/300, Loss: -2.0927, Obj: -2.8570, Eq Viol (l1): 0.000052, Ineq Viol (l1): 0.000001, Epoch time: 2.78s
Epoch 97/300, Loss: -2.0780, Obj: -2.8904, Eq Viol (l1): 0.000044, Ineq Viol (l1): 0.000000, Epoch time: 2.81s
Epoch 98/300, Loss: -2.1053, Obj: -2.8924, Eq Viol (l1): 0.000047, Ineq Viol (l1): 0.000000, Epoch time: 2.78s
Epoch 99/300, Loss: -2.0589, Obj: -2.8890, Eq Viol (l1): 0.000054, Ineq Viol (l1): 0.000000, Epoch time: 2.80s
Epoch 100/300, Loss: -2.1438, Obj: -2.8709, Eq Viol (l1): 0.000049, Ineq Viol (l1): 0.000000, Epoch time: 2.78s
Epoch 101/300, Loss: -2.1948, Obj: -2.9454, Eq Viol (l1): 0.000044, Ineq Viol (l1): 0.000000, Epoch time: 2.80s

Running validation at epoch 100...

VALIDATION_EPOCH_100 EVALUATION RESULTS:
==================================================
Objective Value:     -3.044691e+00
True Objective:      -2.413704e+00
Optimality Gap:      -4.634296e+00 ± 1.989278e+00
Eq Violation l1:   2.983589e-05 (max: 2.336015e-03)
Ineq Violation l1: 5.145790e-07 (max: 1.292389e-04)
Solution Distance:   8.409873e+01 ± 1.888400e+00
Merit:             -3.044388e+00 ± 7.898670e-03
Avg Inference Time:  0.0762s
==================================================
Epoch 102/300, Loss: -2.1739, Obj: -2.9238, Eq Viol (l1): 0.000047, Ineq Viol (l1): 0.000000, Epoch time: 2.89s
Epoch 103/300, Loss: -2.0160, Obj: -2.8453, Eq Viol (l1): 0.000052, Ineq Viol (l1): 0.000000, Epoch time: 2.78s
Epoch 104/300, Loss: -2.3183, Obj: -2.9772, Eq Viol (l1): 0.000051, Ineq Viol (l1): 0.000000, Epoch time: 2.79s
Epoch 105/300, Loss: -2.2644, Obj: -2.9376, Eq Viol (l1): 0.000043, Ineq Viol (l1): 0.000000, Epoch time: 2.80s
Epoch 106/300, Loss: -2.2116, Obj: -2.8924, Eq Viol (l1): 0.000041, Ineq Viol (l1): 0.000000, Epoch time: 2.81s
Epoch 107/300, Loss: -2.2018, Obj: -2.9405, Eq Viol (l1): 0.000050, Ineq Viol (l1): 0.000000, Epoch time: 2.80s
Epoch 108/300, Loss: -2.2031, Obj: -2.9054, Eq Viol (l1): 0.000043, Ineq Viol (l1): 0.000000, Epoch time: 2.80s
Epoch 109/300, Loss: -2.2033, Obj: -2.9091, Eq Viol (l1): 0.000064, Ineq Viol (l1): 0.000000, Epoch time: 2.75s
Epoch 110/300, Loss: -2.2781, Obj: -2.9569, Eq Viol (l1): 0.000050, Ineq Viol (l1): 0.000000, Epoch time: 2.78s
Epoch 111/300, Loss: -2.3261, Obj: -2.9680, Eq Viol (l1): 0.000058, Ineq Viol (l1): 0.000000, Epoch time: 2.76s

Running validation at epoch 110...

VALIDATION_EPOCH_110 EVALUATION RESULTS:
==================================================
Objective Value:     -3.167950e+00
True Objective:      -2.413704e+00
Optimality Gap:      -4.915510e+00 ± 2.107409e+00
Eq Violation l1:   5.108291e-05 (max: 2.460623e-03)
Ineq Violation l1: 5.356315e-07 (max: 1.134545e-04)
Solution Distance:   8.372805e+01 ± 1.907883e+00
Merit:             -3.167434e+00 ± 1.064704e-02
Avg Inference Time:  0.0750s
==================================================
Epoch 112/300, Loss: -2.3305, Obj: -2.9488, Eq Viol (l1): 0.000054, Ineq Viol (l1): 0.000000, Epoch time: 2.77s
Epoch 113/300, Loss: -2.3251, Obj: -2.9777, Eq Viol (l1): 0.000045, Ineq Viol (l1): 0.000000, Epoch time: 2.80s
Epoch 114/300, Loss: -2.2973, Obj: -2.9410, Eq Viol (l1): 0.000054, Ineq Viol (l1): 0.000001, Epoch time: 2.78s
Epoch 115/300, Loss: -2.3354, Obj: -2.9857, Eq Viol (l1): 0.000053, Ineq Viol (l1): 0.000000, Epoch time: 2.78s
Epoch 116/300, Loss: -2.2499, Obj: -2.9054, Eq Viol (l1): 0.000052, Ineq Viol (l1): 0.000000, Epoch time: 2.78s
Epoch 117/300, Loss: -2.3256, Obj: -2.9639, Eq Viol (l1): 0.000045, Ineq Viol (l1): 0.000000, Epoch time: 2.79s
Epoch 118/300, Loss: -2.2487, Obj: -2.9299, Eq Viol (l1): 0.000051, Ineq Viol (l1): 0.000000, Epoch time: 2.79s
Epoch 119/300, Loss: -2.0093, Obj: -2.9763, Eq Viol (l1): 0.000062, Ineq Viol (l1): 0.000001, Epoch time: 2.77s
Epoch 120/300, Loss: -2.0713, Obj: -2.8824, Eq Viol (l1): 0.000057, Ineq Viol (l1): 0.000000, Epoch time: 2.76s
Epoch 121/300, Loss: -2.1522, Obj: -2.9508, Eq Viol (l1): 0.000051, Ineq Viol (l1): 0.000000, Epoch time: 2.81s

Running validation at epoch 120...

VALIDATION_EPOCH_120 EVALUATION RESULTS:
==================================================
Objective Value:     -3.163308e+00
True Objective:      -2.413704e+00
Optimality Gap:      -4.859529e+00 ± 2.063396e+00
Eq Violation l1:   6.225634e-05 (max: 1.851043e-03)
Ineq Violation l1: 5.907775e-07 (max: 5.125092e-05)
Solution Distance:   8.334834e+01 ± 1.884558e+00
Merit:             -3.162680e+00 ± 1.029278e-02
Avg Inference Time:  0.0749s
==================================================
Epoch 122/300, Loss: -2.1624, Obj: -2.9202, Eq Viol (l1): 0.000055, Ineq Viol (l1): 0.000001, Epoch time: 2.79s
Epoch 123/300, Loss: -2.1880, Obj: -2.9338, Eq Viol (l1): 0.000056, Ineq Viol (l1): 0.000000, Epoch time: 2.79s
Epoch 124/300, Loss: -2.3506, Obj: -2.9596, Eq Viol (l1): 0.000050, Ineq Viol (l1): 0.000000, Epoch time: 2.79s
Epoch 125/300, Loss: -2.2181, Obj: -2.9470, Eq Viol (l1): 0.000046, Ineq Viol (l1): 0.000000, Epoch time: 2.79s
Epoch 126/300, Loss: -2.3352, Obj: -2.9638, Eq Viol (l1): 0.000049, Ineq Viol (l1): 0.000000, Epoch time: 2.78s
Epoch 127/300, Loss: -2.1649, Obj: -2.9208, Eq Viol (l1): 0.000050, Ineq Viol (l1): 0.000000, Epoch time: 2.80s
Epoch 128/300, Loss: -2.3553, Obj: -2.9586, Eq Viol (l1): 0.000055, Ineq Viol (l1): 0.000000, Epoch time: 2.77s
Epoch 129/300, Loss: -2.3432, Obj: -2.9869, Eq Viol (l1): 0.000055, Ineq Viol (l1): 0.000000, Epoch time: 2.78s
Epoch 130/300, Loss: -2.4708, Obj: -3.0108, Eq Viol (l1): 0.000058, Ineq Viol (l1): 0.000001, Epoch time: 2.75s
Epoch 131/300, Loss: -2.4129, Obj: -2.9867, Eq Viol (l1): 0.000048, Ineq Viol (l1): 0.000000, Epoch time: 2.77s

Running validation at epoch 130...

VALIDATION_EPOCH_130 EVALUATION RESULTS:
==================================================
Objective Value:     -3.078782e+00
True Objective:      -2.413704e+00
Optimality Gap:      -4.780036e+00 ± 2.073994e+00
Eq Violation l1:   4.159450e-05 (max: 1.526455e-03)
Ineq Violation l1: 2.751885e-07 (max: 5.300943e-05)
Solution Distance:   8.380950e+01 ± 1.856185e+00
Merit:             -3.078363e+00 ± 8.834335e-03
Avg Inference Time:  0.0749s
==================================================
Epoch 132/300, Loss: -2.4052, Obj: -3.0004, Eq Viol (l1): 0.000055, Ineq Viol (l1): 0.000000, Epoch time: 2.77s
Epoch 133/300, Loss: -2.3388, Obj: -2.9437, Eq Viol (l1): 0.000058, Ineq Viol (l1): 0.000001, Epoch time: 2.76s
Epoch 134/300, Loss: -2.3803, Obj: -2.9652, Eq Viol (l1): 0.000055, Ineq Viol (l1): 0.000000, Epoch time: 2.74s
Epoch 135/300, Loss: -1.8026, Obj: -2.6415, Eq Viol (l1): 0.000059, Ineq Viol (l1): 0.000000, Epoch time: 2.70s
Epoch 136/300, Loss: -2.0259, Obj: -2.9228, Eq Viol (l1): 0.000061, Ineq Viol (l1): 0.000000, Epoch time: 2.75s
Epoch 137/300, Loss: -2.3678, Obj: -2.9539, Eq Viol (l1): 0.000059, Ineq Viol (l1): 0.000000, Epoch time: 2.86s
Epoch 138/300, Loss: -2.4010, Obj: -3.0066, Eq Viol (l1): 0.000054, Ineq Viol (l1): 0.000000, Epoch time: 2.78s
Epoch 139/300, Loss: -2.3087, Obj: -2.9723, Eq Viol (l1): 0.000062, Ineq Viol (l1): 0.000000, Epoch time: 2.75s
Epoch 140/300, Loss: -2.3950, Obj: -2.9867, Eq Viol (l1): 0.000072, Ineq Viol (l1): 0.000001, Epoch time: 2.72s
Epoch 141/300, Loss: -2.4395, Obj: -2.9904, Eq Viol (l1): 0.000065, Ineq Viol (l1): 0.000001, Epoch time: 2.74s

Running validation at epoch 140...

VALIDATION_EPOCH_140 EVALUATION RESULTS:
==================================================
Objective Value:     -3.068862e+00
True Objective:      -2.413704e+00
Optimality Gap:      -4.728514e+00 ± 2.043211e+00
Eq Violation l1:   4.453841e-05 (max: 2.557876e-03)
Ineq Violation l1: 3.122752e-07 (max: 4.668966e-05)
Solution Distance:   8.428763e+01 ± 1.934343e+00
Merit:             -3.068413e+00 ± 1.028288e-02
Avg Inference Time:  0.0759s
==================================================
Epoch 142/300, Loss: -2.3886, Obj: -2.9859, Eq Viol (l1): 0.000052, Ineq Viol (l1): 0.000000, Epoch time: 2.76s
Epoch 143/300, Loss: -2.3578, Obj: -3.0092, Eq Viol (l1): 0.000065, Ineq Viol (l1): 0.000001, Epoch time: 2.76s
Epoch 144/300, Loss: -2.4242, Obj: -3.0150, Eq Viol (l1): 0.000053, Ineq Viol (l1): 0.000000, Epoch time: 2.78s
Epoch 145/300, Loss: -2.4787, Obj: -2.9830, Eq Viol (l1): 0.000060, Ineq Viol (l1): 0.000000, Epoch time: 2.74s
Epoch 146/300, Loss: -2.4741, Obj: -3.0369, Eq Viol (l1): 0.000057, Ineq Viol (l1): 0.000000, Epoch time: 2.77s
Epoch 147/300, Loss: -2.4497, Obj: -3.0382, Eq Viol (l1): 0.000050, Ineq Viol (l1): 0.000000, Epoch time: 2.78s
Epoch 148/300, Loss: -2.5114, Obj: -3.0183, Eq Viol (l1): 0.000054, Ineq Viol (l1): 0.000000, Epoch time: 2.76s
Epoch 149/300, Loss: -2.3626, Obj: -2.9814, Eq Viol (l1): 0.000048, Ineq Viol (l1): 0.000001, Epoch time: 2.68s
Epoch 150/300, Loss: -2.3663, Obj: -2.9611, Eq Viol (l1): 0.000048, Ineq Viol (l1): 0.000000, Epoch time: 2.62s
Epoch 151/300, Loss: -2.3622, Obj: -2.9513, Eq Viol (l1): 0.000055, Ineq Viol (l1): 0.000000, Epoch time: 2.61s

Running validation at epoch 150...

VALIDATION_EPOCH_150 EVALUATION RESULTS:
==================================================
Objective Value:     -3.207167e+00
True Objective:      -2.413704e+00
Optimality Gap:      -4.954247e+00 ± 2.112331e+00
Eq Violation l1:   5.828121e-05 (max: 1.979071e-03)
Ineq Violation l1: 3.517005e-07 (max: 3.003057e-05)
Solution Distance:   8.360964e+01 ± 1.873974e+00
Merit:             -3.206581e+00 ± 5.661531e-03
Avg Inference Time:  0.0747s
==================================================
Epoch 152/300, Loss: -2.3423, Obj: -2.9768, Eq Viol (l1): 0.000059, Ineq Viol (l1): 0.000000, Epoch time: 2.61s
Epoch 153/300, Loss: -2.4978, Obj: -3.0336, Eq Viol (l1): 0.000052, Ineq Viol (l1): 0.000000, Epoch time: 2.62s
Epoch 154/300, Loss: -2.5159, Obj: -3.0279, Eq Viol (l1): 0.000059, Ineq Viol (l1): 0.000000, Epoch time: 2.59s
Epoch 155/300, Loss: -2.3627, Obj: -2.9634, Eq Viol (l1): 0.000057, Ineq Viol (l1): 0.000000, Epoch time: 2.60s
Epoch 156/300, Loss: -2.3205, Obj: -2.9950, Eq Viol (l1): 0.000057, Ineq Viol (l1): 0.000000, Epoch time: 2.69s
Epoch 157/300, Loss: -2.5363, Obj: -3.0468, Eq Viol (l1): 0.000056, Ineq Viol (l1): 0.000000, Epoch time: 2.77s
Epoch 158/300, Loss: -2.4805, Obj: -3.0078, Eq Viol (l1): 0.000052, Ineq Viol (l1): 0.000000, Epoch time: 2.76s
Epoch 159/300, Loss: -2.4053, Obj: -2.9841, Eq Viol (l1): 0.000055, Ineq Viol (l1): 0.000001, Epoch time: 2.79s
Epoch 160/300, Loss: -2.4233, Obj: -2.9969, Eq Viol (l1): 0.000066, Ineq Viol (l1): 0.000000, Epoch time: 2.75s
Epoch 161/300, Loss: -2.4323, Obj: -2.9962, Eq Viol (l1): 0.000063, Ineq Viol (l1): 0.000000, Epoch time: 2.75s

Running validation at epoch 160...

VALIDATION_EPOCH_160 EVALUATION RESULTS:
==================================================
Objective Value:     -2.980095e+00
True Objective:      -2.413704e+00
Optimality Gap:      -4.535976e+00 ± 1.951384e+00
Eq Violation l1:   4.354487e-05 (max: 2.815138e-03)
Ineq Violation l1: 4.434612e-07 (max: 1.061966e-04)
Solution Distance:   8.455273e+01 ± 1.911788e+00
Merit:             -2.979655e+00 ± 1.275376e-02
Avg Inference Time:  0.0724s
==================================================
Epoch 162/300, Loss: -2.4942, Obj: -3.0303, Eq Viol (l1): 0.000057, Ineq Viol (l1): 0.000000, Epoch time: 2.76s
Epoch 163/300, Loss: -2.5081, Obj: -3.0109, Eq Viol (l1): 0.000071, Ineq Viol (l1): 0.000001, Epoch time: 2.72s
Epoch 164/300, Loss: -2.4412, Obj: -3.0017, Eq Viol (l1): 0.000053, Ineq Viol (l1): 0.000000, Epoch time: 2.77s
Epoch 165/300, Loss: -2.4790, Obj: -3.0054, Eq Viol (l1): 0.000052, Ineq Viol (l1): 0.000000, Epoch time: 2.76s
Epoch 166/300, Loss: -2.4579, Obj: -2.9851, Eq Viol (l1): 0.000059, Ineq Viol (l1): 0.000000, Epoch time: 2.76s
Epoch 167/300, Loss: -2.4164, Obj: -2.9907, Eq Viol (l1): 0.000057, Ineq Viol (l1): 0.000000, Epoch time: 2.75s
Epoch 168/300, Loss: -2.5575, Obj: -3.0637, Eq Viol (l1): 0.000059, Ineq Viol (l1): 0.000000, Epoch time: 2.76s
Epoch 169/300, Loss: -2.5367, Obj: -3.0422, Eq Viol (l1): 0.000056, Ineq Viol (l1): 0.000000, Epoch time: 2.76s
Epoch 170/300, Loss: -2.5309, Obj: -3.0501, Eq Viol (l1): 0.000059, Ineq Viol (l1): 0.000001, Epoch time: 2.86s
Epoch 171/300, Loss: -2.5713, Obj: -3.0575, Eq Viol (l1): 0.000055, Ineq Viol (l1): 0.000000, Epoch time: 2.77s

Running validation at epoch 170...

VALIDATION_EPOCH_170 EVALUATION RESULTS:
==================================================
Objective Value:     -3.058275e+00
True Objective:      -2.413704e+00
Optimality Gap:      -4.697617e+00 ± 2.042133e+00
Eq Violation l1:   4.922910e-05 (max: 2.605400e-03)
Ineq Violation l1: 4.202842e-07 (max: 1.402433e-04)
Solution Distance:   8.452209e+01 ± 1.902869e+00
Merit:             -3.057778e+00 ± 7.195270e-03
Avg Inference Time:  0.0735s
==================================================
Epoch 172/300, Loss: -2.5583, Obj: -3.0459, Eq Viol (l1): 0.000061, Ineq Viol (l1): 0.000000, Epoch time: 2.75s
Epoch 173/300, Loss: -2.5584, Obj: -3.0338, Eq Viol (l1): 0.000059, Ineq Viol (l1): 0.000000, Epoch time: 2.76s
Epoch 174/300, Loss: -2.5436, Obj: -3.0452, Eq Viol (l1): 0.000063, Ineq Viol (l1): 0.000000, Epoch time: 2.75s
Epoch 175/300, Loss: -2.5384, Obj: -3.0307, Eq Viol (l1): 0.000055, Ineq Viol (l1): 0.000000, Epoch time: 2.76s
Epoch 176/300, Loss: -2.5482, Obj: -3.0422, Eq Viol (l1): 0.000069, Ineq Viol (l1): 0.000001, Epoch time: 2.74s
Epoch 177/300, Loss: -2.5323, Obj: -3.0105, Eq Viol (l1): 0.000058, Ineq Viol (l1): 0.000000, Epoch time: 2.74s
Epoch 178/300, Loss: -2.4805, Obj: -3.0350, Eq Viol (l1): 0.000072, Ineq Viol (l1): 0.000001, Epoch time: 2.73s
Epoch 179/300, Loss: -2.4905, Obj: -2.9889, Eq Viol (l1): 0.000055, Ineq Viol (l1): 0.000001, Epoch time: 2.76s
Epoch 180/300, Loss: -2.5190, Obj: -3.0030, Eq Viol (l1): 0.000052, Ineq Viol (l1): 0.000000, Epoch time: 2.77s
Epoch 181/300, Loss: -2.4775, Obj: -3.0364, Eq Viol (l1): 0.000054, Ineq Viol (l1): 0.000000, Epoch time: 2.79s

Running validation at epoch 180...

VALIDATION_EPOCH_180 EVALUATION RESULTS:
==================================================
Objective Value:     -3.213439e+00
True Objective:      -2.413704e+00
Optimality Gap:      -4.923310e+00 ± 2.077472e+00
Eq Violation l1:   4.917957e-05 (max: 2.134699e-03)
Ineq Violation l1: 5.116609e-07 (max: 1.333991e-04)
Solution Distance:   8.376761e+01 ± 1.858287e+00
Merit:             -3.212942e+00 ± 1.381248e-02
Avg Inference Time:  0.0745s
==================================================
Epoch 182/300, Loss: -2.3913, Obj: -2.9323, Eq Viol (l1): 0.000058, Ineq Viol (l1): 0.000000, Epoch time: 2.76s
Epoch 183/300, Loss: -2.2124, Obj: -2.9637, Eq Viol (l1): 0.000054, Ineq Viol (l1): 0.000000, Epoch time: 2.83s
Epoch 184/300, Loss: -2.3860, Obj: -2.9274, Eq Viol (l1): 0.000047, Ineq Viol (l1): 0.000000, Epoch time: 2.79s
Epoch 185/300, Loss: -2.3404, Obj: -3.0309, Eq Viol (l1): 0.000059, Ineq Viol (l1): 0.000001, Epoch time: 2.78s
Epoch 186/300, Loss: -2.3820, Obj: -2.9751, Eq Viol (l1): 0.000048, Ineq Viol (l1): 0.000000, Epoch time: 2.78s
Epoch 187/300, Loss: -2.5271, Obj: -3.0537, Eq Viol (l1): 0.000052, Ineq Viol (l1): 0.000000, Epoch time: 2.78s
Epoch 188/300, Loss: -2.5463, Obj: -3.0393, Eq Viol (l1): 0.000048, Ineq Viol (l1): 0.000000, Epoch time: 2.78s
Epoch 189/300, Loss: -2.4750, Obj: -3.0188, Eq Viol (l1): 0.000054, Ineq Viol (l1): 0.000000, Epoch time: 2.78s
Epoch 190/300, Loss: -2.5082, Obj: -3.0151, Eq Viol (l1): 0.000061, Ineq Viol (l1): 0.000000, Epoch time: 2.74s
Epoch 191/300, Loss: -2.4694, Obj: -3.0332, Eq Viol (l1): 0.000055, Ineq Viol (l1): 0.000001, Epoch time: 2.77s

Running validation at epoch 190...

VALIDATION_EPOCH_190 EVALUATION RESULTS:
==================================================
Objective Value:     -3.195189e+00
True Objective:      -2.413704e+00
Optimality Gap:      -4.909085e+00 ± 2.086594e+00
Eq Violation l1:   5.500807e-05 (max: 1.644755e-03)
Ineq Violation l1: 2.794112e-07 (max: 2.761681e-05)
Solution Distance:   8.355452e+01 ± 1.894964e+00
Merit:             -3.194636e+00 ± 1.248097e-02
Avg Inference Time:  0.0748s
==================================================
Epoch 192/300, Loss: -2.4594, Obj: -2.9878, Eq Viol (l1): 0.000050, Ineq Viol (l1): 0.000000, Epoch time: 2.77s
Epoch 193/300, Loss: -2.2888, Obj: -2.9417, Eq Viol (l1): 0.000060, Ineq Viol (l1): 0.000000, Epoch time: 2.76s
Epoch 194/300, Loss: -2.4457, Obj: -2.9478, Eq Viol (l1): 0.000042, Ineq Viol (l1): 0.000000, Epoch time: 2.80s
Epoch 195/300, Loss: -2.5009, Obj: -3.0330, Eq Viol (l1): 0.000063, Ineq Viol (l1): 0.000001, Epoch time: 2.75s
Epoch 196/300, Loss: -2.5496, Obj: -3.0465, Eq Viol (l1): 0.000064, Ineq Viol (l1): 0.000001, Epoch time: 2.74s
Epoch 197/300, Loss: -2.5699, Obj: -3.0511, Eq Viol (l1): 0.000063, Ineq Viol (l1): 0.000001, Epoch time: 2.76s
Epoch 198/300, Loss: -2.4944, Obj: -3.0020, Eq Viol (l1): 0.000065, Ineq Viol (l1): 0.000000, Epoch time: 2.74s
Epoch 199/300, Loss: -2.6108, Obj: -3.0641, Eq Viol (l1): 0.000049, Ineq Viol (l1): 0.000001, Epoch time: 2.79s
Epoch 200/300, Loss: -2.5933, Obj: -3.0734, Eq Viol (l1): 0.000057, Ineq Viol (l1): 0.000000, Epoch time: 2.76s
Epoch 201/300, Loss: -2.5822, Obj: -3.0551, Eq Viol (l1): 0.000060, Ineq Viol (l1): 0.000000, Epoch time: 2.75s

Running validation at epoch 200...

VALIDATION_EPOCH_200 EVALUATION RESULTS:
==================================================
Objective Value:     -3.224696e+00
True Objective:      -2.413704e+00
Optimality Gap:      -4.982253e+00 ± 2.139703e+00
Eq Violation l1:   5.786196e-05 (max: 2.775736e-03)
Ineq Violation l1: 3.870819e-07 (max: 4.715950e-05)
Solution Distance:   8.371788e+01 ± 1.879491e+00
Merit:             -3.224113e+00 ± 1.278829e-02
Avg Inference Time:  0.0749s
==================================================
Epoch 202/300, Loss: -2.5183, Obj: -3.0349, Eq Viol (l1): 0.000061, Ineq Viol (l1): 0.000000, Epoch time: 2.75s
Epoch 203/300, Loss: -2.5863, Obj: -3.0654, Eq Viol (l1): 0.000055, Ineq Viol (l1): 0.000000, Epoch time: 2.77s
Epoch 204/300, Loss: -2.5149, Obj: -3.0268, Eq Viol (l1): 0.000061, Ineq Viol (l1): 0.000000, Epoch time: 2.85s
Epoch 205/300, Loss: -2.5722, Obj: -3.0434, Eq Viol (l1): 0.000054, Ineq Viol (l1): 0.000001, Epoch time: 2.78s
Epoch 206/300, Loss: -2.4308, Obj: -3.0317, Eq Viol (l1): 0.000052, Ineq Viol (l1): 0.000000, Epoch time: 2.77s
Epoch 207/300, Loss: -2.4838, Obj: -3.0424, Eq Viol (l1): 0.000055, Ineq Viol (l1): 0.000000, Epoch time: 2.78s
Epoch 208/300, Loss: -2.4797, Obj: -3.0050, Eq Viol (l1): 0.000048, Ineq Viol (l1): 0.000000, Epoch time: 2.79s
Epoch 209/300, Loss: -2.5433, Obj: -3.0160, Eq Viol (l1): 0.000058, Ineq Viol (l1): 0.000000, Epoch time: 2.74s
Epoch 210/300, Loss: -2.5167, Obj: -3.0301, Eq Viol (l1): 0.000062, Ineq Viol (l1): 0.000000, Epoch time: 2.76s
Epoch 211/300, Loss: -2.6061, Obj: -3.0815, Eq Viol (l1): 0.000049, Ineq Viol (l1): 0.000000, Epoch time: 2.78s

Running validation at epoch 210...

VALIDATION_EPOCH_210 EVALUATION RESULTS:
==================================================
Objective Value:     -3.144933e+00
True Objective:      -2.413704e+00
Optimality Gap:      -4.838851e+00 ± 2.074018e+00
Eq Violation l1:   4.833032e-05 (max: 2.056555e-03)
Ineq Violation l1: 3.113488e-07 (max: 2.951827e-05)
Solution Distance:   8.392397e+01 ± 1.867698e+00
Merit:             -3.144446e+00 ± 1.234561e-02
Avg Inference Time:  0.0721s
==================================================
Epoch 212/300, Loss: -2.6125, Obj: -3.0693, Eq Viol (l1): 0.000056, Ineq Viol (l1): 0.000000, Epoch time: 2.76s
Epoch 213/300, Loss: -2.5128, Obj: -3.0261, Eq Viol (l1): 0.000047, Ineq Viol (l1): 0.000000, Epoch time: 2.80s
Epoch 214/300, Loss: -2.4949, Obj: -3.0107, Eq Viol (l1): 0.000056, Ineq Viol (l1): 0.000000, Epoch time: 2.76s
Epoch 215/300, Loss: -2.5333, Obj: -3.0536, Eq Viol (l1): 0.000055, Ineq Viol (l1): 0.000000, Epoch time: 2.77s
Epoch 216/300, Loss: -2.5778, Obj: -3.0849, Eq Viol (l1): 0.000058, Ineq Viol (l1): 0.000001, Epoch time: 2.78s
Epoch 217/300, Loss: -2.6630, Obj: -3.0929, Eq Viol (l1): 0.000048, Ineq Viol (l1): 0.000000, Epoch time: 2.77s
Epoch 218/300, Loss: -2.6712, Obj: -3.0942, Eq Viol (l1): 0.000057, Ineq Viol (l1): 0.000000, Epoch time: 2.75s
Epoch 219/300, Loss: -2.5992, Obj: -3.0663, Eq Viol (l1): 0.000054, Ineq Viol (l1): 0.000001, Epoch time: 2.77s
Epoch 220/300, Loss: -2.6179, Obj: -3.0818, Eq Viol (l1): 0.000044, Ineq Viol (l1): 0.000000, Epoch time: 2.80s
Epoch 221/300, Loss: -2.5161, Obj: -3.0179, Eq Viol (l1): 0.000048, Ineq Viol (l1): 0.000000, Epoch time: 2.77s

Running validation at epoch 220...

VALIDATION_EPOCH_220 EVALUATION RESULTS:
==================================================
Objective Value:     -3.059019e+00
True Objective:      -2.413704e+00
Optimality Gap:      -4.630609e+00 ± 1.996129e+00
Eq Violation l1:   3.950174e-05 (max: 2.107429e-03)
Ineq Violation l1: 2.937371e-07 (max: 7.813113e-05)
Solution Distance:   8.444590e+01 ± 1.916145e+00
Merit:             -3.058621e+00 ± 1.725481e-02
Avg Inference Time:  0.0745s
==================================================
Epoch 222/300, Loss: -2.5784, Obj: -3.0544, Eq Viol (l1): 0.000056, Ineq Viol (l1): 0.000000, Epoch time: 2.74s
Epoch 223/300, Loss: -2.6289, Obj: -3.0800, Eq Viol (l1): 0.000059, Ineq Viol (l1): 0.000000, Epoch time: 2.76s
Epoch 224/300, Loss: -2.5858, Obj: -3.0460, Eq Viol (l1): 0.000055, Ineq Viol (l1): 0.000001, Epoch time: 2.75s
Epoch 225/300, Loss: -2.5970, Obj: -3.0538, Eq Viol (l1): 0.000059, Ineq Viol (l1): 0.000000, Epoch time: 2.75s
Epoch 226/300, Loss: -2.6704, Obj: -3.0929, Eq Viol (l1): 0.000057, Ineq Viol (l1): 0.000000, Epoch time: 2.77s
Epoch 227/300, Loss: -2.6103, Obj: -3.0848, Eq Viol (l1): 0.000055, Ineq Viol (l1): 0.000001, Epoch time: 2.76s
Epoch 228/300, Loss: -2.5461, Obj: -3.0619, Eq Viol (l1): 0.000055, Ineq Viol (l1): 0.000000, Epoch time: 2.77s
Epoch 229/300, Loss: -2.5663, Obj: -3.0593, Eq Viol (l1): 0.000065, Ineq Viol (l1): 0.000000, Epoch time: 2.73s
Epoch 230/300, Loss: -2.5480, Obj: -3.0647, Eq Viol (l1): 0.000060, Ineq Viol (l1): 0.000000, Epoch time: 2.76s
Epoch 231/300, Loss: -2.4725, Obj: -3.0075, Eq Viol (l1): 0.000067, Ineq Viol (l1): 0.000000, Epoch time: 2.73s

Running validation at epoch 230...

VALIDATION_EPOCH_230 EVALUATION RESULTS:
==================================================
Objective Value:     -3.071868e+00
True Objective:      -2.413704e+00
Optimality Gap:      -4.724415e+00 ± 2.019492e+00
Eq Violation l1:   3.771534e-05 (max: 2.313792e-03)
Ineq Violation l1: 2.249543e-07 (max: 5.137158e-05)
Solution Distance:   8.421991e+01 ± 1.868992e+00
Merit:             -3.071489e+00 ± 1.404610e-02
Avg Inference Time:  0.0761s
==================================================
Epoch 232/300, Loss: -2.5827, Obj: -3.0828, Eq Viol (l1): 0.000052, Ineq Viol (l1): 0.000000, Epoch time: 2.77s
Epoch 233/300, Loss: -2.5251, Obj: -3.0386, Eq Viol (l1): 0.000048, Ineq Viol (l1): 0.000000, Epoch time: 2.78s
Epoch 234/300, Loss: -2.5856, Obj: -3.0777, Eq Viol (l1): 0.000057, Ineq Viol (l1): 0.000001, Epoch time: 2.80s
Epoch 235/300, Loss: -2.6817, Obj: -3.0828, Eq Viol (l1): 0.000060, Ineq Viol (l1): 0.000001, Epoch time: 2.76s
Epoch 236/300, Loss: -2.6532, Obj: -3.0763, Eq Viol (l1): 0.000064, Ineq Viol (l1): 0.000000, Epoch time: 2.85s
Epoch 237/300, Loss: -2.6576, Obj: -3.0764, Eq Viol (l1): 0.000057, Ineq Viol (l1): 0.000000, Epoch time: 2.75s
Epoch 238/300, Loss: -2.6005, Obj: -3.0708, Eq Viol (l1): 0.000057, Ineq Viol (l1): 0.000001, Epoch time: 2.78s
Epoch 239/300, Loss: -2.6687, Obj: -3.0892, Eq Viol (l1): 0.000057, Ineq Viol (l1): 0.000000, Epoch time: 2.76s
Epoch 240/300, Loss: -2.6076, Obj: -3.0987, Eq Viol (l1): 0.000062, Ineq Viol (l1): 0.000001, Epoch time: 2.76s
Epoch 241/300, Loss: -2.6031, Obj: -3.0554, Eq Viol (l1): 0.000058, Ineq Viol (l1): 0.000000, Epoch time: 2.75s

Running validation at epoch 240...

VALIDATION_EPOCH_240 EVALUATION RESULTS:
==================================================
Objective Value:     -3.162465e+00
True Objective:      -2.413704e+00
Optimality Gap:      -4.838274e+00 ± 2.046067e+00
Eq Violation l1:   7.389731e-05 (max: 1.859431e-03)
Ineq Violation l1: 4.432629e-07 (max: 4.844973e-05)
Solution Distance:   8.449774e+01 ± 1.914833e+00
Merit:             -3.161721e+00 ± 1.546638e-02
Avg Inference Time:  0.0697s
==================================================
Epoch 242/300, Loss: -2.6965, Obj: -3.0967, Eq Viol (l1): 0.000055, Ineq Viol (l1): 0.000001, Epoch time: 2.77s
Epoch 243/300, Loss: -2.6473, Obj: -3.0852, Eq Viol (l1): 0.000051, Ineq Viol (l1): 0.000000, Epoch time: 2.77s
Epoch 244/300, Loss: -2.6409, Obj: -3.0841, Eq Viol (l1): 0.000061, Ineq Viol (l1): 0.000001, Epoch time: 2.76s
Epoch 245/300, Loss: -2.6529, Obj: -3.0787, Eq Viol (l1): 0.000053, Ineq Viol (l1): 0.000001, Epoch time: 2.75s
Epoch 246/300, Loss: -2.5672, Obj: -3.0577, Eq Viol (l1): 0.000054, Ineq Viol (l1): 0.000000, Epoch time: 2.78s
Epoch 247/300, Loss: -2.6509, Obj: -3.0851, Eq Viol (l1): 0.000058, Ineq Viol (l1): 0.000001, Epoch time: 2.75s
Epoch 248/300, Loss: -2.6122, Obj: -3.0809, Eq Viol (l1): 0.000048, Ineq Viol (l1): 0.000000, Epoch time: 2.78s
Epoch 249/300, Loss: -2.5618, Obj: -3.0589, Eq Viol (l1): 0.000058, Ineq Viol (l1): 0.000000, Epoch time: 2.74s
Epoch 250/300, Loss: -2.5641, Obj: -3.0633, Eq Viol (l1): 0.000059, Ineq Viol (l1): 0.000000, Epoch time: 2.76s
Epoch 251/300, Loss: -2.6373, Obj: -3.0616, Eq Viol (l1): 0.000049, Ineq Viol (l1): 0.000000, Epoch time: 2.76s

Running validation at epoch 250...

VALIDATION_EPOCH_250 EVALUATION RESULTS:
==================================================
Objective Value:     -3.148250e+00
True Objective:      -2.413704e+00
Optimality Gap:      -4.862795e+00 ± 2.109462e+00
Eq Violation l1:   4.333008e-05 (max: 1.825343e-03)
Ineq Violation l1: 2.564305e-07 (max: 6.222836e-05)
Solution Distance:   8.391780e+01 ± 1.907505e+00
Merit:             -3.147814e+00 ± 1.871033e-02
Avg Inference Time:  0.0760s
==================================================
Epoch 252/300, Loss: -2.6395, Obj: -3.0814, Eq Viol (l1): 0.000041, Ineq Viol (l1): 0.000000, Epoch time: 2.77s
Epoch 253/300, Loss: -2.5666, Obj: -3.0610, Eq Viol (l1): 0.000066, Ineq Viol (l1): 0.000001, Epoch time: 2.74s
Epoch 254/300, Loss: -2.5193, Obj: -3.0255, Eq Viol (l1): 0.000056, Ineq Viol (l1): 0.000000, Epoch time: 2.74s
Epoch 255/300, Loss: -2.6366, Obj: -3.0992, Eq Viol (l1): 0.000053, Ineq Viol (l1): 0.000000, Epoch time: 2.77s
Epoch 256/300, Loss: -2.6609, Obj: -3.0880, Eq Viol (l1): 0.000048, Ineq Viol (l1): 0.000000, Epoch time: 2.78s
Epoch 257/300, Loss: -2.6871, Obj: -3.1023, Eq Viol (l1): 0.000055, Ineq Viol (l1): 0.000000, Epoch time: 2.76s
Epoch 258/300, Loss: -2.6060, Obj: -3.0804, Eq Viol (l1): 0.000054, Ineq Viol (l1): 0.000000, Epoch time: 2.79s
Epoch 259/300, Loss: -2.6412, Obj: -3.0702, Eq Viol (l1): 0.000054, Ineq Viol (l1): 0.000001, Epoch time: 2.78s
Epoch 260/300, Loss: -2.6819, Obj: -3.1042, Eq Viol (l1): 0.000052, Ineq Viol (l1): 0.000000, Epoch time: 2.78s
Epoch 261/300, Loss: -2.6460, Obj: -3.0817, Eq Viol (l1): 0.000047, Ineq Viol (l1): 0.000000, Epoch time: 2.78s

Running validation at epoch 260...

VALIDATION_EPOCH_260 EVALUATION RESULTS:
==================================================
Objective Value:     -3.189899e+00
True Objective:      -2.413704e+00
Optimality Gap:      -4.931792e+00 ± 2.107457e+00
Eq Violation l1:   4.091704e-05 (max: 2.537956e-03)
Ineq Violation l1: 2.487120e-07 (max: 2.566929e-05)
Solution Distance:   8.389696e+01 ± 1.854549e+00
Merit:             -3.189488e+00 ± 1.292293e-02
Avg Inference Time:  0.0738s
==================================================
Epoch 262/300, Loss: -2.7000, Obj: -3.0990, Eq Viol (l1): 0.000046, Ineq Viol (l1): 0.000000, Epoch time: 2.78s
Epoch 263/300, Loss: -2.6059, Obj: -3.0640, Eq Viol (l1): 0.000055, Ineq Viol (l1): 0.000001, Epoch time: 2.76s
Epoch 264/300, Loss: -2.6365, Obj: -3.0900, Eq Viol (l1): 0.000051, Ineq Viol (l1): 0.000000, Epoch time: 2.77s
Epoch 265/300, Loss: -2.6266, Obj: -3.0750, Eq Viol (l1): 0.000053, Ineq Viol (l1): 0.000000, Epoch time: 2.76s
Epoch 266/300, Loss: -2.6428, Obj: -3.0700, Eq Viol (l1): 0.000065, Ineq Viol (l1): 0.000000, Epoch time: 2.72s
Epoch 267/300, Loss: -2.6500, Obj: -3.0776, Eq Viol (l1): 0.000064, Ineq Viol (l1): 0.000000, Epoch time: 2.74s
Epoch 268/300, Loss: -2.6011, Obj: -3.0609, Eq Viol (l1): 0.000057, Ineq Viol (l1): 0.000001, Epoch time: 2.75s
Epoch 269/300, Loss: -2.6177, Obj: -3.0696, Eq Viol (l1): 0.000060, Ineq Viol (l1): 0.000001, Epoch time: 2.84s
Epoch 270/300, Loss: -2.6923, Obj: -3.0975, Eq Viol (l1): 0.000060, Ineq Viol (l1): 0.000000, Epoch time: 2.73s
Epoch 271/300, Loss: -2.6812, Obj: -3.0912, Eq Viol (l1): 0.000063, Ineq Viol (l1): 0.000001, Epoch time: 2.72s

Running validation at epoch 270...

VALIDATION_EPOCH_270 EVALUATION RESULTS:
==================================================
Objective Value:     -3.213516e+00
True Objective:      -2.413704e+00
Optimality Gap:      -4.939376e+00 ± 2.108908e+00
Eq Violation l1:   6.186426e-05 (max: 2.403151e-03)
Ineq Violation l1: 4.719719e-07 (max: 3.661179e-05)
Solution Distance:   8.388515e+01 ± 1.920302e+00
Merit:             -3.212892e+00 ± 1.552149e-02
Avg Inference Time:  0.0733s
==================================================
Epoch 272/300, Loss: -2.6971, Obj: -3.1060, Eq Viol (l1): 0.000054, Ineq Viol (l1): 0.000000, Epoch time: 2.76s
Epoch 273/300, Loss: -2.6918, Obj: -3.0850, Eq Viol (l1): 0.000062, Ineq Viol (l1): 0.000001, Epoch time: 2.75s
Epoch 274/300, Loss: -2.6126, Obj: -3.0830, Eq Viol (l1): 0.000056, Ineq Viol (l1): 0.000001, Epoch time: 2.75s
Epoch 275/300, Loss: -2.4755, Obj: -3.0276, Eq Viol (l1): 0.000057, Ineq Viol (l1): 0.000000, Epoch time: 2.78s
Epoch 276/300, Loss: -2.6212, Obj: -3.0696, Eq Viol (l1): 0.000058, Ineq Viol (l1): 0.000000, Epoch time: 2.74s
Epoch 277/300, Loss: -2.6466, Obj: -3.0771, Eq Viol (l1): 0.000050, Ineq Viol (l1): 0.000000, Epoch time: 2.77s
Epoch 278/300, Loss: -2.6548, Obj: -3.0696, Eq Viol (l1): 0.000061, Ineq Viol (l1): 0.000000, Epoch time: 2.75s
Epoch 279/300, Loss: -2.7078, Obj: -3.1015, Eq Viol (l1): 0.000063, Ineq Viol (l1): 0.000000, Epoch time: 2.74s
Epoch 280/300, Loss: -2.6935, Obj: -3.0929, Eq Viol (l1): 0.000062, Ineq Viol (l1): 0.000000, Epoch time: 2.75s
Epoch 281/300, Loss: -2.6780, Obj: -3.1163, Eq Viol (l1): 0.000056, Ineq Viol (l1): 0.000001, Epoch time: 2.77s

Running validation at epoch 280...

VALIDATION_EPOCH_280 EVALUATION RESULTS:
==================================================
Objective Value:     -3.119396e+00
True Objective:      -2.413704e+00
Optimality Gap:      -4.816260e+00 ± 2.078731e+00
Eq Violation l1:   3.752229e-05 (max: 2.051901e-03)
Ineq Violation l1: 2.651963e-07 (max: 2.385477e-05)
Solution Distance:   8.395832e+01 ± 1.908263e+00
Merit:             -3.119018e+00 ± 1.009132e-02
Avg Inference Time:  0.0750s
==================================================
Epoch 282/300, Loss: -2.5995, Obj: -3.0695, Eq Viol (l1): 0.000059, Ineq Viol (l1): 0.000000, Epoch time: 2.75s
Epoch 283/300, Loss: -2.5920, Obj: -3.0563, Eq Viol (l1): 0.000060, Ineq Viol (l1): 0.000000, Epoch time: 2.74s
Epoch 284/300, Loss: -2.6850, Obj: -3.1099, Eq Viol (l1): 0.000066, Ineq Viol (l1): 0.000000, Epoch time: 2.74s
Epoch 285/300, Loss: -2.6740, Obj: -3.0947, Eq Viol (l1): 0.000051, Ineq Viol (l1): 0.000001, Epoch time: 2.77s
Epoch 286/300, Loss: -2.6569, Obj: -3.0773, Eq Viol (l1): 0.000048, Ineq Viol (l1): 0.000000, Epoch time: 2.77s
Epoch 287/300, Loss: -2.6050, Obj: -3.0676, Eq Viol (l1): 0.000059, Ineq Viol (l1): 0.000000, Epoch time: 2.74s
Epoch 288/300, Loss: -2.6117, Obj: -3.0729, Eq Viol (l1): 0.000060, Ineq Viol (l1): 0.000000, Epoch time: 2.75s
Epoch 289/300, Loss: -2.6362, Obj: -3.0864, Eq Viol (l1): 0.000054, Ineq Viol (l1): 0.000000, Epoch time: 2.76s
Epoch 290/300, Loss: -2.6998, Obj: -3.1145, Eq Viol (l1): 0.000059, Ineq Viol (l1): 0.000001, Epoch time: 2.77s
Epoch 291/300, Loss: -2.6581, Obj: -3.0969, Eq Viol (l1): 0.000057, Ineq Viol (l1): 0.000000, Epoch time: 2.75s

Running validation at epoch 290...

VALIDATION_EPOCH_290 EVALUATION RESULTS:
==================================================
Objective Value:     -3.205597e+00
True Objective:      -2.413704e+00
Optimality Gap:      -4.961742e+00 ± 2.128319e+00
Eq Violation l1:   3.984170e-05 (max: 1.796012e-03)
Ineq Violation l1: 2.589830e-07 (max: 4.277594e-05)
Solution Distance:   8.382536e+01 ± 1.903458e+00
Merit:             -3.205196e+00 ± 1.639688e-02
Avg Inference Time:  0.0758s
==================================================
Epoch 292/300, Loss: -2.5948, Obj: -3.0315, Eq Viol (l1): 0.000060, Ineq Viol (l1): 0.000001, Epoch time: 2.73s
Epoch 293/300, Loss: -2.6472, Obj: -3.0973, Eq Viol (l1): 0.000063, Ineq Viol (l1): 0.000001, Epoch time: 2.76s
Epoch 294/300, Loss: -2.6856, Obj: -3.0871, Eq Viol (l1): 0.000062, Ineq Viol (l1): 0.000000, Epoch time: 2.73s
Epoch 295/300, Loss: -2.6593, Obj: -3.0925, Eq Viol (l1): 0.000060, Ineq Viol (l1): 0.000000, Epoch time: 2.75s
Epoch 296/300, Loss: -2.6704, Obj: -3.1074, Eq Viol (l1): 0.000053, Ineq Viol (l1): 0.000000, Epoch time: 2.77s
Epoch 297/300, Loss: -2.6950, Obj: -3.1076, Eq Viol (l1): 0.000053, Ineq Viol (l1): 0.000001, Epoch time: 2.77s
Epoch 298/300, Loss: -2.6879, Obj: -3.1322, Eq Viol (l1): 0.000061, Ineq Viol (l1): 0.000000, Epoch time: 2.76s
Epoch 299/300, Loss: -2.7292, Obj: -3.0995, Eq Viol (l1): 0.000054, Ineq Viol (l1): 0.000001, Epoch time: 2.76s
Epoch 300/300, Loss: -2.6532, Obj: -3.0794, Eq Viol (l1): 0.000056, Ineq Viol (l1): 0.000000, Epoch time: 2.75s

Training completed in 873.47 seconds.

============================================================
COMPREHENSIVE TEST EVALUATION WITH DETAILED RESULTS
============================================================
Testing with batch sizes: [256, 512]

Evaluating with batch size: 256 (with detailed results)

TEST_BS256 EVALUATION RESULTS:
==================================================
Objective Value:     -3.225402e+00
True Objective:      -2.409220e+00
Optimality Gap:      -6.902390e+00 ± 6.702123e+00
Eq Violation l1:   6.805605e-05 (max: 1.276445e-03)
Ineq Violation l1: 3.515760e-07 (max: 2.330161e-05)
Solution Distance:   8.537202e+01 ± 1.893801e+00
Merit:             -3.224718e+00 ± 4.920088e-02
Avg Inference Time:  0.0628s
==================================================

Evaluating with batch size: 512 (with detailed results)

TEST_BS512 EVALUATION RESULTS:
==================================================
Objective Value:     -3.224557e+00
True Objective:      -2.408634e+00
Optimality Gap:      -6.852493e+00 ± 4.086008e+00
Eq Violation l1:   5.630557e-05 (max: 1.757819e-03)
Ineq Violation l1: 3.267023e-07 (max: 3.252556e-05)
Solution Distance:   8.534931e+01 ± 1.174464e+00
Merit:             -3.223991e+00 ± 4.078185e-02
Avg Inference Time:  0.0716s
==================================================

TEST BATCH SIZE COMPARISON:
================================================================================
Batch Size   Objective    Opt Gap      Eq Viol      Ineq Viol    Time (s)  
--------------------------------------------------------------------------------
256          -3.2254e+00  -6.9024e+00  6.8056e-05   3.5158e-07   0.50      
512          -3.2246e+00  -6.8525e+00  5.6306e-05   3.2670e-07   0.29      
================================================================================

Saving model and results to: results/nonsmooth_nonconvex/socp/SOCPProblem-100-50-50-10000/20260107-050629_MLP_FSNet_seed1_nepochs300_lr0.0002_trainsize7000_finetune_20260107-043823_model_70
✓ Model saved: results/nonsmooth_nonconvex/socp/SOCPProblem-100-50-50-10000/20260107-050629_MLP_FSNet_seed1_nepochs300_lr0.0002_trainsize7000_finetune_20260107-043823_model_70/model.pt
✓ Detailed results saved: results/nonsmooth_nonconvex/socp/SOCPProblem-100-50-50-10000/20260107-050629_MLP_FSNet_seed1_nepochs300_lr0.0002_trainsize7000_finetune_20260107-043823_model_70/results.pkl

Files saved (or attempted):
  - model.pt (model weights and architecture)
  - results.pkl (training history, metrics, detailed test results)
Training and testing completed in 876.10 seconds
Done!!!
============================================================
==========         =====================         ===========
==========   1      =====================         ===========
==========         =====================         ===========
============================================================

======= Running for problem: nonsmooth_nonconvex/socp =======

Loading problem instance: nonsmooth_nonconvex/socp with size [100, 50, 50, 10000]
Loading  dataset from: datasets/nonsmooth_nonconvex/socp/random2025_socp_dataset_var100_ineq50_eq50_ex10000 

Running on:  cuda
Training model using FSNet method with seed 2 for 300 epochs
Using batch size: 512
Loading model from checkpoint: results/nonsmooth_nonconvex/socp/SOCPProblem-100-50-50-10000/20260107-043823_MLP_sup_seed1_nepochs500_lr0.0005_trainsize7000/model_70.pt

lr: 0.0002, weight_decay: 0.001, num_epochs: 300

Epoch 1/300, Loss: 45.5085, Obj: 0.1713, Eq Viol (l1): 0.007677, Ineq Viol (l1): 0.001504, Epoch time: 7.35s

Running validation at epoch 0...

VALIDATION_EPOCH_0 EVALUATION RESULTS:
==================================================
Objective Value:     3.048482e-01
True Objective:      -2.413704e+00
Optimality Gap:      3.666531e+00 ± 2.747549e+00
Eq Violation l1:   1.488648e-02 (max: 2.838787e+00)
Ineq Violation l1: 2.843495e-03 (max: 6.153191e-01)
Solution Distance:   6.891846e+01 ± 2.305984e+00
Merit:             4.821480e-01 ± 8.587515e-02
Avg Inference Time:  0.6827s
==================================================
Epoch 2/300, Loss: 45.5037, Obj: 0.1630, Eq Viol (l1): 0.008193, Ineq Viol (l1): 0.001679, Epoch time: 3.55s
Epoch 3/300, Loss: 46.3725, Obj: 0.1568, Eq Viol (l1): 0.008309, Ineq Viol (l1): 0.001589, Epoch time: 3.54s
Epoch 4/300, Loss: 48.5607, Obj: 0.1545, Eq Viol (l1): 0.006787, Ineq Viol (l1): 0.001339, Epoch time: 3.54s
Epoch 5/300, Loss: 57.0839, Obj: 0.2891, Eq Viol (l1): 0.005265, Ineq Viol (l1): 0.000987, Epoch time: 3.54s
Epoch 6/300, Loss: 62.8595, Obj: 0.4229, Eq Viol (l1): 0.005788, Ineq Viol (l1): 0.001142, Epoch time: 3.53s
Epoch 7/300, Loss: 60.0222, Obj: 0.2521, Eq Viol (l1): 0.007934, Ineq Viol (l1): 0.001535, Epoch time: 3.55s
Epoch 8/300, Loss: 57.9807, Obj: 0.1441, Eq Viol (l1): 0.011688, Ineq Viol (l1): 0.002180, Epoch time: 3.53s
Epoch 9/300, Loss: 55.9440, Obj: 0.2844, Eq Viol (l1): 0.011414, Ineq Viol (l1): 0.002293, Epoch time: 3.53s
Epoch 10/300, Loss: 54.9691, Obj: 0.5075, Eq Viol (l1): 0.010614, Ineq Viol (l1): 0.002029, Epoch time: 3.54s
Epoch 11/300, Loss: 55.3524, Obj: 0.9141, Eq Viol (l1): 0.015822, Ineq Viol (l1): 0.003185, Epoch time: 3.53s

Running validation at epoch 10...

VALIDATION_EPOCH_10 EVALUATION RESULTS:
==================================================
Objective Value:     1.066743e+00
True Objective:      -2.413704e+00
Optimality Gap:      4.788230e+00 ± 2.601130e+00
Eq Violation l1:   1.531045e-02 (max: 2.397446e+00)
Ineq Violation l1: 2.845198e-03 (max: 5.816868e-01)
Solution Distance:   7.408679e+01 ± 2.802494e+00
Merit:             1.248299e+00 ± 6.200379e-02
Avg Inference Time:  0.1201s
==================================================
Epoch 12/300, Loss: 63.0320, Obj: 1.5514, Eq Viol (l1): 0.017000, Ineq Viol (l1): 0.003563, Epoch time: 3.53s
Epoch 13/300, Loss: 75.2832, Obj: 2.1916, Eq Viol (l1): 0.016081, Ineq Viol (l1): 0.003298, Epoch time: 3.54s
Epoch 14/300, Loss: 83.3840, Obj: 2.2696, Eq Viol (l1): 0.015219, Ineq Viol (l1): 0.003016, Epoch time: 3.55s
Epoch 15/300, Loss: 97.8119, Obj: 2.1680, Eq Viol (l1): 0.019525, Ineq Viol (l1): 0.003907, Epoch time: 3.54s
Epoch 16/300, Loss: 108.4294, Obj: 2.3429, Eq Viol (l1): 0.013585, Ineq Viol (l1): 0.002588, Epoch time: 3.53s
Epoch 17/300, Loss: 129.1967, Obj: 3.4364, Eq Viol (l1): 0.009545, Ineq Viol (l1): 0.001792, Epoch time: 3.54s
Epoch 18/300, Loss: 134.6427, Obj: 3.9454, Eq Viol (l1): 0.005706, Ineq Viol (l1): 0.001069, Epoch time: 3.54s
Epoch 19/300, Loss: 147.8653, Obj: 4.5127, Eq Viol (l1): 0.008994, Ineq Viol (l1): 0.002001, Epoch time: 3.55s
Epoch 20/300, Loss: 150.3646, Obj: 4.5066, Eq Viol (l1): 0.011440, Ineq Viol (l1): 0.002362, Epoch time: 3.54s
Epoch 21/300, Loss: 144.7950, Obj: 4.2563, Eq Viol (l1): 0.006949, Ineq Viol (l1): 0.001470, Epoch time: 3.54s

Running validation at epoch 20...

VALIDATION_EPOCH_20 EVALUATION RESULTS:
==================================================
Objective Value:     4.154387e+00
True Objective:      -2.413704e+00
Optimality Gap:      2.111557e+01 ± 1.567804e+01
Eq Violation l1:   3.668789e-03 (max: 9.147041e-01)
Ineq Violation l1: 5.498985e-04 (max: 1.976286e-01)
Solution Distance:   9.040396e+01 ± 3.401220e+00
Merit:             4.196574e+00 ± 3.693362e-02
Avg Inference Time:  0.1197s
==================================================
Epoch 22/300, Loss: 2052.1791, Obj: 4.6882, Eq Viol (l1): 0.009937, Ineq Viol (l1): 0.002045, Epoch time: 3.54s
Epoch 23/300, Loss: 121.8558, Obj: 4.3164, Eq Viol (l1): 0.012683, Ineq Viol (l1): 0.002461, Epoch time: 3.54s
Epoch 24/300, Loss: 109.9669, Obj: 4.6493, Eq Viol (l1): 0.008208, Ineq Viol (l1): 0.002277, Epoch time: 3.54s
Epoch 25/300, Loss: 117.5423, Obj: 5.2664, Eq Viol (l1): 0.017023, Ineq Viol (l1): 0.003998, Epoch time: 3.53s
Epoch 26/300, Loss: 135.4985, Obj: 5.3691, Eq Viol (l1): 0.030684, Ineq Viol (l1): 0.007102, Epoch time: 3.54s
Epoch 27/300, Loss: 136.4751, Obj: 4.9441, Eq Viol (l1): 0.031458, Ineq Viol (l1): 0.007308, Epoch time: 3.53s
Epoch 28/300, Loss: 127.4390, Obj: 4.9386, Eq Viol (l1): 0.010841, Ineq Viol (l1): 0.003053, Epoch time: 3.54s
Epoch 29/300, Loss: 129.9123, Obj: 5.0185, Eq Viol (l1): 0.063967, Ineq Viol (l1): 0.016830, Epoch time: 3.60s
Epoch 30/300, Loss: 1146.1562, Obj: 5.9062, Eq Viol (l1): 0.224068, Ineq Viol (l1): 0.054832, Epoch time: 3.56s
Epoch 31/300, Loss: 7904.8432, Obj: 7.8478, Eq Viol (l1): 0.540989, Ineq Viol (l1): 0.141420, Epoch time: 3.61s

Running validation at epoch 30...

VALIDATION_EPOCH_30 EVALUATION RESULTS:
==================================================
Objective Value:     8.542998e+00
True Objective:      -2.413704e+00
Optimality Gap:      1.558899e+01 ± 5.958751e+00
Eq Violation l1:   6.202906e-01 (max: 1.200316e+02)
Ineq Violation l1: 1.767993e-01 (max: 4.160276e+01)
Solution Distance:   1.295425e+02 ± 7.614323e-01
Merit:             1.651390e+01 ± 6.452229e-01
Avg Inference Time:  0.1333s
==================================================
Epoch 32/300, Loss: 8023.9048, Obj: 10.5297, Eq Viol (l1): 1.333032, Ineq Viol (l1): 0.403608, Epoch time: 3.71s
Epoch 33/300, Loss: 16076.8954, Obj: 15.5521, Eq Viol (l1): 4.301327, Ineq Viol (l1): 1.420996, Epoch time: 3.92s
Epoch 34/300, Loss: 13226.2566, Obj: 14.8946, Eq Viol (l1): 4.114459, Ineq Viol (l1): 1.346748, Epoch time: 3.88s
Epoch 35/300, Loss: 3212.4940, Obj: 13.1378, Eq Viol (l1): 2.924072, Ineq Viol (l1): 0.984936, Epoch time: 3.94s
Epoch 36/300, Loss: 10054.5409, Obj: 14.5799, Eq Viol (l1): 3.895738, Ineq Viol (l1): 1.316436, Epoch time: 3.90s
Epoch 37/300, Loss: 15035.1120, Obj: 16.6245, Eq Viol (l1): 5.634589, Ineq Viol (l1): 1.910526, Epoch time: 3.99s
Epoch 38/300, Loss: 14404.9746, Obj: 17.0003, Eq Viol (l1): 5.898610, Ineq Viol (l1): 2.047641, Epoch time: 3.99s
Epoch 39/300, Loss: 6934.7662, Obj: 14.6257, Eq Viol (l1): 4.087873, Ineq Viol (l1): 1.409057, Epoch time: 3.95s
Epoch 40/300, Loss: 12387.1507, Obj: 15.9468, Eq Viol (l1): 4.456270, Ineq Viol (l1): 1.587706, Epoch time: 3.94s
Epoch 41/300, Loss: 18688.8014, Obj: 18.0038, Eq Viol (l1): 6.099700, Ineq Viol (l1): 2.263827, Epoch time: 4.08s

Running validation at epoch 40...

VALIDATION_EPOCH_40 EVALUATION RESULTS:
==================================================
Objective Value:     1.837683e+01
True Objective:      -2.413704e+00
Optimality Gap:      2.785055e+01 ± 1.601175e+00
Eq Violation l1:   6.289671e+00 (max: 2.383199e+02)
Ineq Violation l1: 2.311280e+00 (max: 1.045054e+02)
Solution Distance:   2.399397e+02 ± 1.607645e+01
Merit:             1.043863e+02 ± 2.020704e+01
Avg Inference Time:  0.1556s
==================================================
Epoch 42/300, Loss: 19400.2984, Obj: 18.1057, Eq Viol (l1): 6.115651, Ineq Viol (l1): 2.267381, Epoch time: 4.04s
Epoch 43/300, Loss: 18427.1402, Obj: 17.6248, Eq Viol (l1): 6.185445, Ineq Viol (l1): 2.255190, Epoch time: 4.06s
Epoch 44/300, Loss: 17440.0537, Obj: 16.7129, Eq Viol (l1): 5.478902, Ineq Viol (l1): 1.955201, Epoch time: 4.04s
Epoch 45/300, Loss: 11150.4249, Obj: 14.3352, Eq Viol (l1): 3.745204, Ineq Viol (l1): 1.379374, Epoch time: 3.92s
Epoch 46/300, Loss: 4821.7597, Obj: 48.3470, Eq Viol (l1): 4.395379, Ineq Viol (l1): 3.928007, Epoch time: 3.87s
Epoch 47/300, Loss: 220.8422, Obj: 10.3025, Eq Viol (l1): 1.509239, Ineq Viol (l1): 0.546291, Epoch time: 3.85s
Epoch 48/300, Loss: 1285.0709, Obj: 8.8924, Eq Viol (l1): 0.771048, Ineq Viol (l1): 0.261636, Epoch time: 3.65s
Epoch 49/300, Loss: 177.4784, Obj: 7.0907, Eq Viol (l1): 0.210270, Ineq Viol (l1): 0.067668, Epoch time: 3.62s
Epoch 50/300, Loss: 158.5975, Obj: 6.3805, Eq Viol (l1): 0.151170, Ineq Viol (l1): 0.053612, Epoch time: 3.61s
Epoch 51/300, Loss: 146.1407, Obj: 5.4249, Eq Viol (l1): 0.039227, Ineq Viol (l1): 0.012201, Epoch time: 3.54s

Running validation at epoch 50...

VALIDATION_EPOCH_50 EVALUATION RESULTS:
==================================================
Objective Value:     5.067388e+00
True Objective:      -2.413704e+00
Optimality Gap:      1.295894e+01 ± 5.582377e+00
Eq Violation l1:   1.608037e-03 (max: 3.190104e-01)
Ineq Violation l1: 2.138257e-04 (max: 5.046084e-02)
Solution Distance:   9.300507e+01 ± 2.932352e+00
Merit:             5.085607e+00 ± 3.382335e-03
Avg Inference Time:  0.1202s
==================================================
Epoch 52/300, Loss: 163.2998, Obj: 5.2963, Eq Viol (l1): 0.032115, Ineq Viol (l1): 0.009323, Epoch time: 3.55s
Epoch 53/300, Loss: 176.3154, Obj: 6.1632, Eq Viol (l1): 0.034934, Ineq Viol (l1): 0.011393, Epoch time: 3.53s
Epoch 54/300, Loss: 190.9759, Obj: 7.7719, Eq Viol (l1): 0.039409, Ineq Viol (l1): 0.013880, Epoch time: 3.55s
Epoch 55/300, Loss: 168.9545, Obj: 8.4946, Eq Viol (l1): 0.039661, Ineq Viol (l1): 0.015974, Epoch time: 3.60s
Epoch 56/300, Loss: 148.5001, Obj: 7.1494, Eq Viol (l1): 0.029826, Ineq Viol (l1): 0.011508, Epoch time: 3.53s
Epoch 57/300, Loss: 165.4162, Obj: 8.2312, Eq Viol (l1): 0.055429, Ineq Viol (l1): 0.018387, Epoch time: 3.54s
Epoch 58/300, Loss: 173.5852, Obj: 9.0438, Eq Viol (l1): 0.118033, Ineq Viol (l1): 0.042782, Epoch time: 3.58s
Epoch 59/300, Loss: 179.9616, Obj: 9.6302, Eq Viol (l1): 0.145304, Ineq Viol (l1): 0.052264, Epoch time: 3.56s
Epoch 60/300, Loss: 3368.7806, Obj: 11.3122, Eq Viol (l1): 0.446568, Ineq Viol (l1): 0.164901, Epoch time: 3.59s
Epoch 61/300, Loss: 16026.2676, Obj: 14.1302, Eq Viol (l1): 1.791913, Ineq Viol (l1): 0.645699, Epoch time: 3.74s

Running validation at epoch 60...

VALIDATION_EPOCH_60 EVALUATION RESULTS:
==================================================
Objective Value:     1.679964e+01
True Objective:      -2.413704e+00
Optimality Gap:      4.542698e+01 ± 7.685090e+00
Eq Violation l1:   4.005242e+00 (max: 2.051074e+02)
Ineq Violation l1: 1.482598e+00 (max: 8.350011e+01)
Solution Distance:   2.038809e+02 ± 4.607679e+00
Merit:             7.167804e+01 ± 1.732229e+01
Avg Inference Time:  0.1537s
==================================================
Epoch 62/300, Loss: 21837.9768, Obj: 19.2437, Eq Viol (l1): 4.840761, Ineq Viol (l1): 1.840103, Epoch time: 3.99s
Epoch 63/300, Loss: 26365.2116, Obj: 22.7079, Eq Viol (l1): 7.067973, Ineq Viol (l1): 2.810545, Epoch time: 4.10s
Epoch 64/300, Loss: 28454.1788, Obj: 23.0025, Eq Viol (l1): 7.131823, Ineq Viol (l1): 2.897985, Epoch time: 4.11s
Epoch 65/300, Loss: 26935.6912, Obj: 21.0926, Eq Viol (l1): 5.403505, Ineq Viol (l1): 2.038063, Epoch time: 3.98s
Epoch 66/300, Loss: 24151.8020, Obj: 18.3953, Eq Viol (l1): 3.986145, Ineq Viol (l1): 1.500899, Epoch time: 3.93s
Epoch 67/300, Loss: 23521.7738, Obj: 16.9916, Eq Viol (l1): 3.180546, Ineq Viol (l1): 1.270372, Epoch time: 3.87s
Epoch 68/300, Loss: 22575.7541, Obj: 16.3471, Eq Viol (l1): 2.732825, Ineq Viol (l1): 1.040305, Epoch time: 3.90s
Epoch 69/300, Loss: 18787.4736, Obj: 15.2287, Eq Viol (l1): 2.297107, Ineq Viol (l1): 0.979646, Epoch time: 3.76s
Epoch 70/300, Loss: 1304.7757, Obj: 11.4933, Eq Viol (l1): 0.780898, Ineq Viol (l1): 0.307601, Epoch time: 3.67s
Epoch 71/300, Loss: 212.8631, Obj: 11.2110, Eq Viol (l1): 0.766249, Ineq Viol (l1): 0.303196, Epoch time: 3.66s

Running validation at epoch 70...

VALIDATION_EPOCH_70 EVALUATION RESULTS:
==================================================
Objective Value:     1.160694e+01
True Objective:      -2.413704e+00
Optimality Gap:      2.473764e+01 ± 5.721429e+00
Eq Violation l1:   7.988372e-01 (max: 1.281184e+02)
Ineq Violation l1: 3.537459e-01 (max: 5.023019e+01)
Solution Distance:   1.568650e+02 ± 1.619035e+00
Merit:             2.313277e+01 ± 3.518874e-01
Avg Inference Time:  0.1295s
==================================================
Epoch 72/300, Loss: 2626.5212, Obj: 12.4982, Eq Viol (l1): 1.015453, Ineq Viol (l1): 0.432395, Epoch time: 3.69s
Epoch 73/300, Loss: 6002.4714, Obj: 12.9955, Eq Viol (l1): 1.413428, Ineq Viol (l1): 0.533699, Epoch time: 3.69s
Epoch 74/300, Loss: 1397.5379, Obj: 12.4365, Eq Viol (l1): 1.385830, Ineq Viol (l1): 0.511934, Epoch time: 3.69s
Epoch 75/300, Loss: 2742.0859, Obj: 12.4635, Eq Viol (l1): 1.608296, Ineq Viol (l1): 0.592267, Epoch time: 3.70s
Epoch 76/300, Loss: 3757.8389, Obj: 12.2659, Eq Viol (l1): 1.583053, Ineq Viol (l1): 0.563118, Epoch time: 3.74s
Epoch 77/300, Loss: 8600.0512, Obj: 13.1806, Eq Viol (l1): 2.002558, Ineq Viol (l1): 0.681342, Epoch time: 3.78s
Epoch 78/300, Loss: 3835.0386, Obj: 13.1688, Eq Viol (l1): 1.920358, Ineq Viol (l1): 0.652027, Epoch time: 3.75s
Epoch 79/300, Loss: 206.4903, Obj: 10.8549, Eq Viol (l1): 0.811390, Ineq Viol (l1): 0.288072, Epoch time: 3.65s
Epoch 80/300, Loss: 198.3608, Obj: 9.3560, Eq Viol (l1): 0.270728, Ineq Viol (l1): 0.109623, Epoch time: 3.58s
Epoch 81/300, Loss: 201.8380, Obj: 8.4625, Eq Viol (l1): 0.098371, Ineq Viol (l1): 0.035171, Epoch time: 3.56s

Running validation at epoch 80...

VALIDATION_EPOCH_80 EVALUATION RESULTS:
==================================================
Objective Value:     8.068195e+00
True Objective:      -2.413704e+00
Optimality Gap:      1.940484e+01 ± 7.110833e+00
Eq Violation l1:   3.308771e-02 (max: 5.475130e+00)
Ineq Violation l1: 1.279033e-02 (max: 3.316269e+00)
Solution Distance:   1.213253e+02 ± 2.438158e+00
Merit:             8.526975e+00 ± 1.424057e-01
Avg Inference Time:  0.1202s
==================================================
Epoch 82/300, Loss: 213.0904, Obj: 8.4616, Eq Viol (l1): 0.052322, Ineq Viol (l1): 0.018102, Epoch time: 3.53s
Epoch 83/300, Loss: 255.1740, Obj: 9.8455, Eq Viol (l1): 0.086101, Ineq Viol (l1): 0.030959, Epoch time: 3.55s
Epoch 84/300, Loss: 2910.4994, Obj: 12.5550, Eq Viol (l1): 0.097308, Ineq Viol (l1): 0.039538, Epoch time: 3.54s
Epoch 85/300, Loss: 1539.7262, Obj: 14.4062, Eq Viol (l1): 0.112914, Ineq Viol (l1): 0.047847, Epoch time: 3.53s
Epoch 86/300, Loss: 6434.2162, Obj: 15.9885, Eq Viol (l1): 0.110001, Ineq Viol (l1): 0.041370, Epoch time: 3.53s
Epoch 87/300, Loss: 1546.2284, Obj: 19.2677, Eq Viol (l1): 0.152888, Ineq Viol (l1): 0.066767, Epoch time: 3.55s
Epoch 88/300, Loss: 1641.1649, Obj: 19.9205, Eq Viol (l1): 0.144971, Ineq Viol (l1): 0.064463, Epoch time: 3.53s
Epoch 89/300, Loss: 319.5862, Obj: 15.1673, Eq Viol (l1): 0.100828, Ineq Viol (l1): 0.040872, Epoch time: 3.54s
Epoch 90/300, Loss: 287.9489, Obj: 12.2012, Eq Viol (l1): 0.065009, Ineq Viol (l1): 0.025958, Epoch time: 3.53s
Epoch 91/300, Loss: 308.6476, Obj: 12.9109, Eq Viol (l1): 0.068688, Ineq Viol (l1): 0.028644, Epoch time: 3.54s

Running validation at epoch 90...

VALIDATION_EPOCH_90 EVALUATION RESULTS:
==================================================
Objective Value:     1.554159e+01
True Objective:      -2.413704e+00
Optimality Gap:      5.408308e+01 ± 3.402963e+01
Eq Violation l1:   8.097159e-02 (max: 1.100933e+01)
Ineq Violation l1: 3.366662e-02 (max: 5.405811e+00)
Solution Distance:   1.710287e+02 ± 7.774072e-02
Merit:             1.668797e+01 ± 3.860090e-02
Avg Inference Time:  0.1195s
==================================================
Epoch 92/300, Loss: 4443.1199, Obj: 17.2977, Eq Viol (l1): 0.102823, Ineq Viol (l1): 0.048173, Epoch time: 3.54s
Epoch 93/300, Loss: 412.4208, Obj: 19.2030, Eq Viol (l1): 0.116986, Ineq Viol (l1): 0.055936, Epoch time: 3.54s
Epoch 94/300, Loss: 5912.5887, Obj: 22.7103, Eq Viol (l1): 0.128227, Ineq Viol (l1): 0.063866, Epoch time: 3.54s
Epoch 95/300, Loss: 5938.0210, Obj: 23.8065, Eq Viol (l1): 0.132434, Ineq Viol (l1): 0.060326, Epoch time: 3.54s
Epoch 96/300, Loss: 1765.0688, Obj: 23.6778, Eq Viol (l1): 0.109675, Ineq Viol (l1): 0.051011, Epoch time: 3.54s
Epoch 97/300, Loss: 438.7387, Obj: 25.0299, Eq Viol (l1): 0.097724, Ineq Viol (l1): 0.048755, Epoch time: 3.53s
Epoch 98/300, Loss: 7391.3538, Obj: 24.5759, Eq Viol (l1): 0.120352, Ineq Viol (l1): 0.065849, Epoch time: 3.53s
Epoch 99/300, Loss: 4736.3639, Obj: 24.6707, Eq Viol (l1): 0.127659, Ineq Viol (l1): 0.070133, Epoch time: 3.54s
Epoch 100/300, Loss: 6211.6079, Obj: 23.6909, Eq Viol (l1): 0.152092, Ineq Viol (l1): 0.082533, Epoch time: 3.54s
Epoch 101/300, Loss: 391.2104, Obj: 22.5267, Eq Viol (l1): 0.186873, Ineq Viol (l1): 0.109680, Epoch time: 3.54s

Running validation at epoch 100...

VALIDATION_EPOCH_100 EVALUATION RESULTS:
==================================================
Objective Value:     2.385528e+01
True Objective:      -2.413704e+00
Optimality Gap:      7.241260e+01 ± 4.203366e+01
Eq Violation l1:   2.303039e-01 (max: 1.216157e+01)
Ineq Violation l1: 1.247972e-01 (max: 6.615257e+00)
Solution Distance:   2.080130e+02 ± 3.663831e+00
Merit:             2.740629e+01 ± 1.164786e+00
Avg Inference Time:  0.1198s
==================================================
Epoch 102/300, Loss: 434.0650, Obj: 23.7711, Eq Viol (l1): 0.265269, Ineq Viol (l1): 0.147474, Epoch time: 3.54s
Epoch 103/300, Loss: 3346.3024, Obj: 23.1338, Eq Viol (l1): 0.216251, Ineq Viol (l1): 0.113082, Epoch time: 3.65s
Epoch 104/300, Loss: 1860.4982, Obj: 21.8435, Eq Viol (l1): 0.183334, Ineq Viol (l1): 0.084957, Epoch time: 3.54s
Epoch 105/300, Loss: 7414.0640, Obj: 21.2953, Eq Viol (l1): 0.170681, Ineq Viol (l1): 0.084495, Epoch time: 3.54s
Epoch 106/300, Loss: 354.0361, Obj: 18.4806, Eq Viol (l1): 0.105874, Ineq Viol (l1): 0.058090, Epoch time: 3.53s
Epoch 107/300, Loss: 334.7964, Obj: 18.5876, Eq Viol (l1): 0.152636, Ineq Viol (l1): 0.076003, Epoch time: 3.53s
Epoch 108/300, Loss: 353.2289, Obj: 18.1741, Eq Viol (l1): 0.156405, Ineq Viol (l1): 0.075484, Epoch time: 3.53s
Epoch 109/300, Loss: 376.6938, Obj: 17.6548, Eq Viol (l1): 0.131665, Ineq Viol (l1): 0.060867, Epoch time: 3.53s
Epoch 110/300, Loss: 4708.5029, Obj: 19.1942, Eq Viol (l1): 0.181994, Ineq Viol (l1): 0.087735, Epoch time: 3.53s
Epoch 111/300, Loss: 10500.4202, Obj: 21.3827, Eq Viol (l1): 0.236395, Ineq Viol (l1): 0.114726, Epoch time: 3.53s

Running validation at epoch 110...

VALIDATION_EPOCH_110 EVALUATION RESULTS:
==================================================
Objective Value:     2.038694e+01
True Objective:      -2.413704e+00
Optimality Gap:      6.200976e+01 ± 3.765982e+01
Eq Violation l1:   1.801658e-01 (max: 1.238079e+01)
Ineq Violation l1: 7.804823e-02 (max: 6.261834e+00)
Solution Distance:   1.915541e+02 ± 6.177383e-01
Merit:             2.296908e+01 ± 4.172877e-01
Avg Inference Time:  0.1195s
==================================================
Epoch 112/300, Loss: 1688.1777, Obj: 19.2161, Eq Viol (l1): 0.265999, Ineq Viol (l1): 0.121633, Epoch time: 3.53s
Epoch 113/300, Loss: 289.1586, Obj: 15.4738, Eq Viol (l1): 0.173243, Ineq Viol (l1): 0.083039, Epoch time: 3.54s
Epoch 114/300, Loss: 250.4198, Obj: 13.3519, Eq Viol (l1): 0.082794, Ineq Viol (l1): 0.037477, Epoch time: 3.54s
Epoch 115/300, Loss: 287.8339, Obj: 15.4600, Eq Viol (l1): 0.111913, Ineq Viol (l1): 0.052023, Epoch time: 3.52s
Epoch 116/300, Loss: 337.1006, Obj: 18.9105, Eq Viol (l1): 0.127589, Ineq Viol (l1): 0.059634, Epoch time: 3.53s
Epoch 117/300, Loss: 367.7862, Obj: 22.8262, Eq Viol (l1): 0.162278, Ineq Viol (l1): 0.079316, Epoch time: 3.54s
Epoch 118/300, Loss: 3121.2599, Obj: 25.3917, Eq Viol (l1): 0.205181, Ineq Viol (l1): 0.113589, Epoch time: 3.53s
Epoch 119/300, Loss: 2917.3689, Obj: 23.3592, Eq Viol (l1): 0.238251, Ineq Viol (l1): 0.123336, Epoch time: 3.53s
Epoch 120/300, Loss: 305.4746, Obj: 19.9281, Eq Viol (l1): 0.130342, Ineq Viol (l1): 0.074828, Epoch time: 3.54s
Epoch 121/300, Loss: 1688.9647, Obj: 19.2521, Eq Viol (l1): 0.034772, Ineq Viol (l1): 0.017127, Epoch time: 3.54s

Running validation at epoch 120...

VALIDATION_EPOCH_120 EVALUATION RESULTS:
==================================================
Objective Value:     1.816205e+01
True Objective:      -2.413704e+00
Optimality Gap:      3.810246e+01 ± 1.544563e+01
Eq Violation l1:   1.989691e-02 (max: 4.823388e+00)
Ineq Violation l1: 1.022052e-02 (max: 2.985621e+00)
Solution Distance:   1.523999e+02 ± 2.334045e+00
Merit:             1.846323e+01 ± 9.831814e-01
Avg Inference Time:  0.1198s
==================================================
Epoch 122/300, Loss: 204.9996, Obj: 14.8625, Eq Viol (l1): 0.018569, Ineq Viol (l1): 0.006955, Epoch time: 3.53s
Epoch 123/300, Loss: 1456.0913, Obj: 15.5693, Eq Viol (l1): 0.029995, Ineq Viol (l1): 0.014971, Epoch time: 3.54s
Epoch 124/300, Loss: 297.3543, Obj: 20.6787, Eq Viol (l1): 0.071001, Ineq Viol (l1): 0.034393, Epoch time: 3.53s
Epoch 125/300, Loss: 1671.0591, Obj: 22.4143, Eq Viol (l1): 0.098102, Ineq Viol (l1): 0.047756, Epoch time: 3.53s
Epoch 126/300, Loss: 354.8491, Obj: 20.0381, Eq Viol (l1): 0.164342, Ineq Viol (l1): 0.072513, Epoch time: 3.55s
Epoch 127/300, Loss: 2934.5824, Obj: 18.6811, Eq Viol (l1): 0.144079, Ineq Viol (l1): 0.059664, Epoch time: 3.54s
Epoch 128/300, Loss: 1556.6759, Obj: 19.6189, Eq Viol (l1): 0.151275, Ineq Viol (l1): 0.065666, Epoch time: 3.54s
Epoch 129/300, Loss: 321.5655, Obj: 22.1899, Eq Viol (l1): 0.219086, Ineq Viol (l1): 0.103506, Epoch time: 3.54s
Epoch 130/300, Loss: 337.2847, Obj: 21.9115, Eq Viol (l1): 0.222102, Ineq Viol (l1): 0.099024, Epoch time: 3.54s
Epoch 131/300, Loss: 361.8198, Obj: 23.9808, Eq Viol (l1): 0.234909, Ineq Viol (l1): 0.108206, Epoch time: 3.54s

Running validation at epoch 130...

VALIDATION_EPOCH_130 EVALUATION RESULTS:
==================================================
Objective Value:     2.391023e+01
True Objective:      -2.413704e+00
Optimality Gap:      9.386931e+01 ± 6.683293e+01
Eq Violation l1:   2.591386e-01 (max: 1.865874e+01)
Ineq Violation l1: 1.207102e-01 (max: 7.213572e+00)
Solution Distance:   1.888444e+02 ± 3.669484e+00
Merit:             2.770871e+01 ± 2.076290e+00
Avg Inference Time:  0.1204s
==================================================
Epoch 132/300, Loss: 1773.9501, Obj: 24.2002, Eq Viol (l1): 0.247596, Ineq Viol (l1): 0.122762, Epoch time: 3.53s
Epoch 133/300, Loss: 337.3694, Obj: 24.3365, Eq Viol (l1): 0.297440, Ineq Viol (l1): 0.149990, Epoch time: 3.54s
Epoch 134/300, Loss: 310.2034, Obj: 20.9544, Eq Viol (l1): 0.207917, Ineq Viol (l1): 0.109131, Epoch time: 3.54s
Epoch 135/300, Loss: 319.8096, Obj: 18.4120, Eq Viol (l1): 0.153101, Ineq Viol (l1): 0.075578, Epoch time: 3.54s
Epoch 136/300, Loss: 1719.4809, Obj: 15.7113, Eq Viol (l1): 0.105476, Ineq Viol (l1): 0.053634, Epoch time: 3.64s
Epoch 137/300, Loss: 279.1093, Obj: 14.2441, Eq Viol (l1): 0.075555, Ineq Viol (l1): 0.037414, Epoch time: 3.52s
Epoch 138/300, Loss: 264.6562, Obj: 13.7727, Eq Viol (l1): 0.064976, Ineq Viol (l1): 0.031412, Epoch time: 3.54s
Epoch 139/300, Loss: 243.6497, Obj: 12.9834, Eq Viol (l1): 0.047962, Ineq Viol (l1): 0.022661, Epoch time: 3.53s
Epoch 140/300, Loss: 256.9536, Obj: 13.4898, Eq Viol (l1): 0.058889, Ineq Viol (l1): 0.024523, Epoch time: 3.53s
Epoch 141/300, Loss: 1704.5224, Obj: 14.6560, Eq Viol (l1): 0.052442, Ineq Viol (l1): 0.021731, Epoch time: 3.53s

Running validation at epoch 140...

VALIDATION_EPOCH_140 EVALUATION RESULTS:
==================================================
Objective Value:     1.601822e+01
True Objective:      -2.413704e+00
Optimality Gap:      5.185043e+01 ± 3.380464e+01
Eq Violation l1:   7.817548e-02 (max: 8.689429e+00)
Ineq Violation l1: 2.873454e-02 (max: 3.788451e+00)
Solution Distance:   1.442135e+02 ± 4.028478e+00
Merit:             1.708732e+01 ± 9.733617e-01
Avg Inference Time:  0.1198s
==================================================
Epoch 142/300, Loss: 1647.3181, Obj: 16.7108, Eq Viol (l1): 0.077661, Ineq Viol (l1): 0.036935, Epoch time: 3.53s
Epoch 143/300, Loss: 1572.2050, Obj: 19.2021, Eq Viol (l1): 0.099660, Ineq Viol (l1): 0.050598, Epoch time: 3.52s
Epoch 144/300, Loss: 349.7878, Obj: 21.5409, Eq Viol (l1): 0.056450, Ineq Viol (l1): 0.032129, Epoch time: 3.53s
Epoch 145/300, Loss: 1663.3414, Obj: 21.1809, Eq Viol (l1): 0.048813, Ineq Viol (l1): 0.028375, Epoch time: 3.54s
Epoch 146/300, Loss: 302.4578, Obj: 18.6469, Eq Viol (l1): 0.046921, Ineq Viol (l1): 0.027141, Epoch time: 3.53s
Epoch 147/300, Loss: 328.1168, Obj: 19.5211, Eq Viol (l1): 0.062569, Ineq Viol (l1): 0.036871, Epoch time: 3.53s
Epoch 148/300, Loss: 328.4392, Obj: 20.1082, Eq Viol (l1): 0.060262, Ineq Viol (l1): 0.035440, Epoch time: 3.53s
Epoch 149/300, Loss: 331.7300, Obj: 22.2504, Eq Viol (l1): 0.034280, Ineq Viol (l1): 0.018220, Epoch time: 3.53s
Epoch 150/300, Loss: 2740.5712, Obj: 30.5112, Eq Viol (l1): 0.022088, Ineq Viol (l1): 0.011891, Epoch time: 3.53s
Epoch 151/300, Loss: 4050.3027, Obj: 34.9693, Eq Viol (l1): 0.025367, Ineq Viol (l1): 0.011423, Epoch time: 3.52s

Running validation at epoch 150...

VALIDATION_EPOCH_150 EVALUATION RESULTS:
==================================================
Objective Value:     3.896210e+01
True Objective:      -2.413704e+00
Optimality Gap:      6.525110e+01 ± 1.898166e+01
Eq Violation l1:   5.381613e-02 (max: 3.237595e+00)
Ineq Violation l1: 1.930102e-02 (max: 2.918240e+00)
Solution Distance:   2.571193e+02 ± 4.190596e+00
Merit:             3.969327e+01 ± 8.400308e-01
Avg Inference Time:  0.1204s
==================================================
Epoch 152/300, Loss: 16206.4096, Obj: 42.9438, Eq Viol (l1): 0.031313, Ineq Viol (l1): 0.010524, Epoch time: 3.54s
Epoch 153/300, Loss: 2029.9229, Obj: 41.5123, Eq Viol (l1): 0.007920, Ineq Viol (l1): 0.004051, Epoch time: 3.54s
Epoch 154/300, Loss: 381.7061, Obj: 39.5039, Eq Viol (l1): 0.006458, Ineq Viol (l1): 0.002761, Epoch time: 3.53s
Epoch 155/300, Loss: 1712.8592, Obj: 40.9850, Eq Viol (l1): 0.004100, Ineq Viol (l1): 0.002196, Epoch time: 3.53s
Epoch 156/300, Loss: 312.8667, Obj: 41.7811, Eq Viol (l1): 0.012590, Ineq Viol (l1): 0.006230, Epoch time: 3.54s
Epoch 157/300, Loss: 303.4280, Obj: 44.6676, Eq Viol (l1): 0.016233, Ineq Viol (l1): 0.009061, Epoch time: 3.53s
Epoch 158/300, Loss: 246.1380, Obj: 42.3061, Eq Viol (l1): 0.065593, Ineq Viol (l1): 0.023834, Epoch time: 3.54s
Epoch 159/300, Loss: 177.6921, Obj: 38.1282, Eq Viol (l1): 0.053110, Ineq Viol (l1): 0.021325, Epoch time: 3.59s
Epoch 160/300, Loss: 138.6205, Obj: 34.2510, Eq Viol (l1): 0.097952, Ineq Viol (l1): 0.034282, Epoch time: 3.58s
Epoch 161/300, Loss: 119.1596, Obj: 32.8087, Eq Viol (l1): 0.088939, Ineq Viol (l1): 0.030677, Epoch time: 3.59s

Running validation at epoch 160...

VALIDATION_EPOCH_160 EVALUATION RESULTS:
==================================================
Objective Value:     3.357315e+01
True Objective:      -2.413704e+00
Optimality Gap:      5.588963e+01 ± 1.536199e+01
Eq Violation l1:   5.386450e-03 (max: 2.011387e+00)
Ineq Violation l1: 1.508689e-03 (max: 4.021638e-01)
Solution Distance:   2.335876e+02 ± 5.388727e-01
Merit:             3.364210e+01 ± 3.008393e-02
Avg Inference Time:  0.1191s
==================================================
Epoch 162/300, Loss: 103.7820, Obj: 33.5063, Eq Viol (l1): 0.044701, Ineq Viol (l1): 0.014627, Epoch time: 3.54s
Epoch 163/300, Loss: 75.4772, Obj: 29.3507, Eq Viol (l1): 0.040961, Ineq Viol (l1): 0.014478, Epoch time: 3.54s
Epoch 164/300, Loss: 69.8578, Obj: 24.3997, Eq Viol (l1): 0.070544, Ineq Viol (l1): 0.019828, Epoch time: 3.54s
Epoch 165/300, Loss: 70.5341, Obj: 23.9496, Eq Viol (l1): 0.046395, Ineq Viol (l1): 0.015768, Epoch time: 3.53s
Epoch 166/300, Loss: 50.6552, Obj: 23.9595, Eq Viol (l1): 0.042947, Ineq Viol (l1): 0.013813, Epoch time: 3.50s
Epoch 167/300, Loss: 29.3162, Obj: 15.0802, Eq Viol (l1): 0.048719, Ineq Viol (l1): 0.013553, Epoch time: 3.32s
Epoch 168/300, Loss: 13.9115, Obj: 5.8877, Eq Viol (l1): 0.023273, Ineq Viol (l1): 0.006511, Epoch time: 2.93s
Epoch 169/300, Loss: 9.7550, Obj: 3.4081, Eq Viol (l1): 0.042209, Ineq Viol (l1): 0.012930, Epoch time: 2.86s
Epoch 170/300, Loss: 5.7576, Obj: 0.5649, Eq Viol (l1): 0.052628, Ineq Viol (l1): 0.016925, Epoch time: 2.89s
Epoch 171/300, Loss: 4.7646, Obj: -0.7256, Eq Viol (l1): 0.027020, Ineq Viol (l1): 0.009329, Epoch time: 2.83s

Running validation at epoch 170...

VALIDATION_EPOCH_170 EVALUATION RESULTS:
==================================================
Objective Value:     -1.083857e+00
True Objective:      -2.413704e+00
Optimality Gap:      -1.153617e+00 ± 9.736131e-01
Eq Violation l1:   1.094474e-04 (max: 8.523603e-04)
Ineq Violation l1: 2.420960e-07 (max: 1.702663e-05)
Solution Distance:   8.310564e+01 ± 1.562693e+00
Merit:             -1.082760e+00 ± 2.478632e-02
Avg Inference Time:  0.0687s
==================================================
Epoch 172/300, Loss: 4.1604, Obj: -0.9319, Eq Viol (l1): 0.014415, Ineq Viol (l1): 0.004233, Epoch time: 2.81s
Epoch 173/300, Loss: 6.8000, Obj: -0.2974, Eq Viol (l1): 0.008153, Ineq Viol (l1): 0.001820, Epoch time: 2.77s
Epoch 174/300, Loss: 5.0193, Obj: -0.7237, Eq Viol (l1): 0.002302, Ineq Viol (l1): 0.000784, Epoch time: 2.72s
Epoch 175/300, Loss: 3.9756, Obj: -1.1382, Eq Viol (l1): 0.005484, Ineq Viol (l1): 0.002342, Epoch time: 2.77s
Epoch 176/300, Loss: 3.0944, Obj: -1.3145, Eq Viol (l1): 0.017307, Ineq Viol (l1): 0.005231, Epoch time: 2.81s
Epoch 177/300, Loss: 4.1316, Obj: -1.2516, Eq Viol (l1): 0.002756, Ineq Viol (l1): 0.000829, Epoch time: 2.77s
Epoch 178/300, Loss: 3.9315, Obj: -1.4203, Eq Viol (l1): 0.000684, Ineq Viol (l1): 0.000151, Epoch time: 2.79s
Epoch 179/300, Loss: 2.6883, Obj: -1.5111, Eq Viol (l1): 0.004710, Ineq Viol (l1): 0.001943, Epoch time: 2.81s
Epoch 180/300, Loss: 2.5912, Obj: -1.6278, Eq Viol (l1): 0.007072, Ineq Viol (l1): 0.001554, Epoch time: 2.80s
Epoch 181/300, Loss: 2.4347, Obj: -1.6796, Eq Viol (l1): 0.014764, Ineq Viol (l1): 0.004096, Epoch time: 2.86s

Running validation at epoch 180...

VALIDATION_EPOCH_180 EVALUATION RESULTS:
==================================================
Objective Value:     -1.664221e+00
True Objective:      -2.413704e+00
Optimality Gap:      -2.262195e+00 ± 1.362393e+00
Eq Violation l1:   9.004925e-05 (max: 1.650008e-03)
Ineq Violation l1: 3.170489e-07 (max: 3.211943e-05)
Solution Distance:   8.096462e+01 ± 1.662291e+00
Merit:             -1.663317e+00 ± 4.773111e-03
Avg Inference Time:  0.0688s
==================================================
Epoch 182/300, Loss: 2.0262, Obj: -1.9861, Eq Viol (l1): 0.016698, Ineq Viol (l1): 0.004363, Epoch time: 2.87s
Epoch 183/300, Loss: 2.0942, Obj: -2.1626, Eq Viol (l1): 0.018922, Ineq Viol (l1): 0.005414, Epoch time: 2.96s
Epoch 184/300, Loss: 2.3421, Obj: -2.1942, Eq Viol (l1): 0.015736, Ineq Viol (l1): 0.005174, Epoch time: 2.95s
Epoch 185/300, Loss: 2.0279, Obj: -2.2301, Eq Viol (l1): 0.015192, Ineq Viol (l1): 0.004044, Epoch time: 2.95s
Epoch 186/300, Loss: 2.4228, Obj: -2.2497, Eq Viol (l1): 0.010574, Ineq Viol (l1): 0.001926, Epoch time: 2.98s
Epoch 187/300, Loss: 2.4123, Obj: -2.2862, Eq Viol (l1): 0.009026, Ineq Viol (l1): 0.002220, Epoch time: 2.92s
Epoch 188/300, Loss: 3.0564, Obj: -2.2873, Eq Viol (l1): 0.002502, Ineq Viol (l1): 0.000552, Epoch time: 2.94s
Epoch 189/300, Loss: 2.5333, Obj: -2.1896, Eq Viol (l1): 0.008545, Ineq Viol (l1): 0.001582, Epoch time: 2.94s
Epoch 190/300, Loss: 2.4432, Obj: -2.0945, Eq Viol (l1): 0.009083, Ineq Viol (l1): 0.002488, Epoch time: 2.90s
Epoch 191/300, Loss: 2.4601, Obj: -2.3633, Eq Viol (l1): 0.009772, Ineq Viol (l1): 0.002296, Epoch time: 2.96s

Running validation at epoch 190...

VALIDATION_EPOCH_190 EVALUATION RESULTS:
==================================================
Objective Value:     -2.334296e+00
True Objective:      -2.413704e+00
Optimality Gap:      -3.354470e+00 ± 1.586004e+00
Eq Violation l1:   2.685379e-05 (max: 2.876032e-03)
Ineq Violation l1: 4.143671e-07 (max: 1.677633e-04)
Solution Distance:   8.572270e+01 ± 1.821977e+00
Merit:             -2.334023e+00 ± 1.296517e-02
Avg Inference Time:  0.0795s
==================================================
Epoch 192/300, Loss: 2.3482, Obj: -2.2919, Eq Viol (l1): 0.007667, Ineq Viol (l1): 0.001588, Epoch time: 2.91s
Epoch 193/300, Loss: 1.9121, Obj: -2.3257, Eq Viol (l1): 0.011679, Ineq Viol (l1): 0.002644, Epoch time: 2.93s
Epoch 194/300, Loss: 0.9859, Obj: -2.4981, Eq Viol (l1): 0.017802, Ineq Viol (l1): 0.004638, Epoch time: 2.93s
Epoch 195/300, Loss: 1.4703, Obj: -2.4600, Eq Viol (l1): 0.010098, Ineq Viol (l1): 0.003447, Epoch time: 2.90s
Epoch 196/300, Loss: 1.4838, Obj: -2.5430, Eq Viol (l1): 0.009508, Ineq Viol (l1): 0.002005, Epoch time: 2.78s
Epoch 197/300, Loss: 1.8842, Obj: -2.3544, Eq Viol (l1): 0.012253, Ineq Viol (l1): 0.002783, Epoch time: 2.75s
Epoch 198/300, Loss: 1.6208, Obj: -2.5264, Eq Viol (l1): 0.009829, Ineq Viol (l1): 0.001910, Epoch time: 2.75s
Epoch 199/300, Loss: 1.9959, Obj: -2.4879, Eq Viol (l1): 0.008667, Ineq Viol (l1): 0.001945, Epoch time: 2.75s
Epoch 200/300, Loss: 1.5379, Obj: -2.4671, Eq Viol (l1): 0.016088, Ineq Viol (l1): 0.003804, Epoch time: 2.77s
Epoch 201/300, Loss: 0.9124, Obj: -2.4164, Eq Viol (l1): 0.052717, Ineq Viol (l1): 0.019361, Epoch time: 2.77s

Running validation at epoch 200...

VALIDATION_EPOCH_200 EVALUATION RESULTS:
==================================================
Objective Value:     -2.565108e+00
True Objective:      -2.413704e+00
Optimality Gap:      -3.891791e+00 ± 1.810743e+00
Eq Violation l1:   3.985781e-05 (max: 2.111651e-03)
Ineq Violation l1: 2.923370e-07 (max: 7.294940e-05)
Solution Distance:   8.712572e+01 ± 1.857857e+00
Merit:             -2.564706e+00 ± 1.332983e-02
Avg Inference Time:  0.0771s
==================================================
Epoch 202/300, Loss: 0.2764, Obj: -2.2965, Eq Viol (l1): 0.010777, Ineq Viol (l1): 0.002801, Epoch time: 2.74s
Epoch 203/300, Loss: -0.9806, Obj: -2.5349, Eq Viol (l1): 0.061944, Ineq Viol (l1): 0.027273, Epoch time: 2.88s
Epoch 204/300, Loss: -1.2643, Obj: -2.6308, Eq Viol (l1): 0.055001, Ineq Viol (l1): 0.022667, Epoch time: 2.87s
Epoch 205/300, Loss: -1.3059, Obj: -2.6599, Eq Viol (l1): 0.052204, Ineq Viol (l1): 0.021461, Epoch time: 2.97s
Epoch 206/300, Loss: -1.1494, Obj: -2.5265, Eq Viol (l1): 0.056355, Ineq Viol (l1): 0.024703, Epoch time: 2.88s
Epoch 207/300, Loss: -1.1961, Obj: -2.5509, Eq Viol (l1): 0.056363, Ineq Viol (l1): 0.024703, Epoch time: 2.87s
Epoch 208/300, Loss: -1.2739, Obj: -2.6526, Eq Viol (l1): 0.056367, Ineq Viol (l1): 0.024703, Epoch time: 2.86s
Epoch 209/300, Loss: -1.1999, Obj: -2.6088, Eq Viol (l1): 0.052729, Ineq Viol (l1): 0.023407, Epoch time: 2.88s
Epoch 210/300, Loss: -1.3115, Obj: -2.6566, Eq Viol (l1): 0.000052, Ineq Viol (l1): 0.000000, Epoch time: 2.82s
Epoch 211/300, Loss: -1.4975, Obj: -2.6961, Eq Viol (l1): 0.000046, Ineq Viol (l1): 0.000000, Epoch time: 2.82s

Running validation at epoch 210...

VALIDATION_EPOCH_210 EVALUATION RESULTS:
==================================================
Objective Value:     -2.868954e+00
True Objective:      -2.413704e+00
Optimality Gap:      -4.400380e+00 ± 1.948392e+00
Eq Violation l1:   3.772952e-05 (max: 2.310021e-03)
Ineq Violation l1: 1.929276e-07 (max: 3.238371e-05)
Solution Distance:   8.570808e+01 ± 1.884364e+00
Merit:             -2.868575e+00 ± 1.413492e-02
Avg Inference Time:  0.0760s
==================================================
Epoch 212/300, Loss: -1.5152, Obj: -2.7431, Eq Viol (l1): 0.000052, Ineq Viol (l1): 0.000000, Epoch time: 2.81s
Epoch 213/300, Loss: -1.4593, Obj: -2.6641, Eq Viol (l1): 0.000048, Ineq Viol (l1): 0.000000, Epoch time: 2.83s
Epoch 214/300, Loss: -1.5788, Obj: -2.7513, Eq Viol (l1): 0.000050, Ineq Viol (l1): 0.000000, Epoch time: 2.81s
Epoch 215/300, Loss: -1.5446, Obj: -2.7417, Eq Viol (l1): 0.000043, Ineq Viol (l1): 0.000000, Epoch time: 2.82s
Epoch 216/300, Loss: -1.6850, Obj: -2.8006, Eq Viol (l1): 0.000050, Ineq Viol (l1): 0.000000, Epoch time: 2.82s
Epoch 217/300, Loss: -1.7512, Obj: -2.7977, Eq Viol (l1): 0.000056, Ineq Viol (l1): 0.000000, Epoch time: 2.78s
Epoch 218/300, Loss: -1.6253, Obj: -2.8135, Eq Viol (l1): 0.000054, Ineq Viol (l1): 0.000000, Epoch time: 2.81s
Epoch 219/300, Loss: -1.5542, Obj: -2.7292, Eq Viol (l1): 0.000054, Ineq Viol (l1): 0.000000, Epoch time: 2.80s
Epoch 220/300, Loss: -1.6947, Obj: -2.7884, Eq Viol (l1): 0.000055, Ineq Viol (l1): 0.000000, Epoch time: 2.78s
Epoch 221/300, Loss: -1.7465, Obj: -2.7801, Eq Viol (l1): 0.000057, Ineq Viol (l1): 0.000001, Epoch time: 2.79s

Running validation at epoch 220...

VALIDATION_EPOCH_220 EVALUATION RESULTS:
==================================================
Objective Value:     -2.851243e+00
True Objective:      -2.413704e+00
Optimality Gap:      -4.369994e+00 ± 1.938743e+00
Eq Violation l1:   6.245885e-05 (max: 2.141759e-03)
Ineq Violation l1: 7.180227e-07 (max: 2.229689e-04)
Solution Distance:   8.567879e+01 ± 1.884240e+00
Merit:             -2.850611e+00 ± 1.351799e-02
Avg Inference Time:  0.0793s
==================================================
Epoch 222/300, Loss: -1.5488, Obj: -2.6824, Eq Viol (l1): 0.000064, Ineq Viol (l1): 0.000000, Epoch time: 2.77s
Epoch 223/300, Loss: -1.5482, Obj: -2.6907, Eq Viol (l1): 0.000058, Ineq Viol (l1): 0.000000, Epoch time: 2.78s
Epoch 224/300, Loss: -1.6612, Obj: -2.7029, Eq Viol (l1): 0.000052, Ineq Viol (l1): 0.000000, Epoch time: 2.78s
Epoch 225/300, Loss: -1.6596, Obj: -2.7367, Eq Viol (l1): 0.000059, Ineq Viol (l1): 0.000001, Epoch time: 2.77s
Epoch 226/300, Loss: -1.5668, Obj: -2.7778, Eq Viol (l1): 0.000061, Ineq Viol (l1): 0.000001, Epoch time: 2.78s
Epoch 227/300, Loss: -1.3756, Obj: -2.7073, Eq Viol (l1): 0.000047, Ineq Viol (l1): 0.000000, Epoch time: 2.82s
Epoch 228/300, Loss: -1.7466, Obj: -2.7926, Eq Viol (l1): 0.000047, Ineq Viol (l1): 0.000000, Epoch time: 2.81s
Epoch 229/300, Loss: -1.6627, Obj: -2.7646, Eq Viol (l1): 0.000054, Ineq Viol (l1): 0.000000, Epoch time: 2.80s
Epoch 230/300, Loss: -1.6951, Obj: -2.8058, Eq Viol (l1): 0.000060, Ineq Viol (l1): 0.000000, Epoch time: 2.78s
Epoch 231/300, Loss: -1.7673, Obj: -2.7873, Eq Viol (l1): 0.000059, Ineq Viol (l1): 0.000000, Epoch time: 2.78s

Running validation at epoch 230...

VALIDATION_EPOCH_230 EVALUATION RESULTS:
==================================================
Objective Value:     -2.673987e+00
True Objective:      -2.413704e+00
Optimality Gap:      -4.046224e+00 ± 1.815899e+00
Eq Violation l1:   4.267543e-05 (max: 3.140938e-03)
Ineq Violation l1: 1.782913e-07 (max: 2.072746e-05)
Solution Distance:   8.588047e+01 ± 1.927634e+00
Merit:             -2.673558e+00 ± 1.121830e-02
Avg Inference Time:  0.0726s
==================================================
Epoch 232/300, Loss: -1.8317, Obj: -2.8086, Eq Viol (l1): 0.000043, Ineq Viol (l1): 0.000000, Epoch time: 2.81s
Epoch 233/300, Loss: -1.7493, Obj: -2.8579, Eq Viol (l1): 0.000043, Ineq Viol (l1): 0.000000, Epoch time: 2.81s
Epoch 234/300, Loss: -1.7129, Obj: -2.7794, Eq Viol (l1): 0.000049, Ineq Viol (l1): 0.000000, Epoch time: 2.80s
Epoch 235/300, Loss: -1.8036, Obj: -2.7241, Eq Viol (l1): 0.000058, Ineq Viol (l1): 0.000001, Epoch time: 2.78s
Epoch 236/300, Loss: -1.5680, Obj: -2.7512, Eq Viol (l1): 0.000062, Ineq Viol (l1): 0.000001, Epoch time: 2.80s
Epoch 237/300, Loss: -1.8103, Obj: -2.8129, Eq Viol (l1): 0.000045, Ineq Viol (l1): 0.000000, Epoch time: 2.82s
Epoch 238/300, Loss: -1.8278, Obj: -2.7892, Eq Viol (l1): 0.000048, Ineq Viol (l1): 0.000000, Epoch time: 2.79s
Epoch 239/300, Loss: -1.9736, Obj: -2.8739, Eq Viol (l1): 0.000047, Ineq Viol (l1): 0.000000, Epoch time: 2.93s
Epoch 240/300, Loss: -1.8090, Obj: -2.8653, Eq Viol (l1): 0.000045, Ineq Viol (l1): 0.000001, Epoch time: 2.83s
Epoch 241/300, Loss: -1.7745, Obj: -2.7629, Eq Viol (l1): 0.000045, Ineq Viol (l1): 0.000000, Epoch time: 2.80s

Running validation at epoch 240...

VALIDATION_EPOCH_240 EVALUATION RESULTS:
==================================================
Objective Value:     -2.725983e+00
True Objective:      -2.413704e+00
Optimality Gap:      -4.114991e+00 ± 1.847991e+00
Eq Violation l1:   4.201177e-05 (max: 2.773306e-03)
Ineq Violation l1: 2.471586e-07 (max: 5.236775e-05)
Solution Distance:   8.605905e+01 ± 1.971459e+00
Merit:             -2.725561e+00 ± 1.342014e-02
Avg Inference Time:  0.0735s
==================================================
Epoch 242/300, Loss: -1.8641, Obj: -2.8403, Eq Viol (l1): 0.000061, Ineq Viol (l1): 0.000000, Epoch time: 2.77s
Epoch 243/300, Loss: -1.9899, Obj: -2.9019, Eq Viol (l1): 0.000046, Ineq Viol (l1): 0.000000, Epoch time: 2.80s
Epoch 244/300, Loss: -1.9132, Obj: -2.8660, Eq Viol (l1): 0.000048, Ineq Viol (l1): 0.000000, Epoch time: 2.80s
Epoch 245/300, Loss: -2.0559, Obj: -2.8654, Eq Viol (l1): 0.000049, Ineq Viol (l1): 0.000000, Epoch time: 2.81s
Epoch 246/300, Loss: -1.9989, Obj: -2.8896, Eq Viol (l1): 0.000056, Ineq Viol (l1): 0.000000, Epoch time: 2.79s
Epoch 247/300, Loss: -2.0394, Obj: -2.8951, Eq Viol (l1): 0.000056, Ineq Viol (l1): 0.000001, Epoch time: 2.78s
Epoch 248/300, Loss: -2.0321, Obj: -2.8961, Eq Viol (l1): 0.000049, Ineq Viol (l1): 0.000000, Epoch time: 2.79s
Epoch 249/300, Loss: -2.1423, Obj: -2.9296, Eq Viol (l1): 0.000054, Ineq Viol (l1): 0.000000, Epoch time: 2.78s
Epoch 250/300, Loss: -2.0987, Obj: -2.9299, Eq Viol (l1): 0.000049, Ineq Viol (l1): 0.000000, Epoch time: 2.81s
Epoch 251/300, Loss: -2.0230, Obj: -2.8629, Eq Viol (l1): 0.000060, Ineq Viol (l1): 0.000001, Epoch time: 2.76s

Running validation at epoch 250...

VALIDATION_EPOCH_250 EVALUATION RESULTS:
==================================================
Objective Value:     -2.520064e+00
True Objective:      -2.413704e+00
Optimality Gap:      -3.718614e+00 ± 1.691342e+00
Eq Violation l1:   3.825128e-05 (max: 1.937619e-03)
Ineq Violation l1: 1.885231e-07 (max: 4.003153e-05)
Solution Distance:   8.506801e+01 ± 1.846666e+00
Merit:             -2.519680e+00 ± 1.342871e-02
Avg Inference Time:  0.0721s
==================================================
Epoch 252/300, Loss: -1.7548, Obj: -2.8011, Eq Viol (l1): 0.000058, Ineq Viol (l1): 0.000000, Epoch time: 2.77s
Epoch 253/300, Loss: -1.9346, Obj: -2.8447, Eq Viol (l1): 0.000037, Ineq Viol (l1): 0.000000, Epoch time: 2.83s
Epoch 254/300, Loss: -1.8910, Obj: -2.8707, Eq Viol (l1): 0.000052, Ineq Viol (l1): 0.000000, Epoch time: 2.79s
Epoch 255/300, Loss: -2.0262, Obj: -2.8884, Eq Viol (l1): 0.000051, Ineq Viol (l1): 0.000001, Epoch time: 2.83s
Epoch 256/300, Loss: -2.0049, Obj: -2.8860, Eq Viol (l1): 0.000043, Ineq Viol (l1): 0.000000, Epoch time: 2.81s
Epoch 257/300, Loss: -2.0098, Obj: -2.9143, Eq Viol (l1): 0.000053, Ineq Viol (l1): 0.000001, Epoch time: 2.79s
Epoch 258/300, Loss: -2.0724, Obj: -2.9170, Eq Viol (l1): 0.000043, Ineq Viol (l1): 0.000000, Epoch time: 2.82s
Epoch 259/300, Loss: -1.8108, Obj: -2.8279, Eq Viol (l1): 0.000063, Ineq Viol (l1): 0.000001, Epoch time: 2.76s
Epoch 260/300, Loss: -1.9850, Obj: -2.8905, Eq Viol (l1): 0.000059, Ineq Viol (l1): 0.000000, Epoch time: 2.77s
Epoch 261/300, Loss: -2.1060, Obj: -2.9426, Eq Viol (l1): 0.000054, Ineq Viol (l1): 0.000000, Epoch time: 2.78s

Running validation at epoch 260...

VALIDATION_EPOCH_260 EVALUATION RESULTS:
==================================================
Objective Value:     -2.786068e+00
True Objective:      -2.413704e+00
Optimality Gap:      -4.186545e+00 ± 1.827177e+00
Eq Violation l1:   4.101493e-05 (max: 2.297752e-03)
Ineq Violation l1: 3.018175e-07 (max: 6.467932e-05)
Solution Distance:   8.522661e+01 ± 1.872683e+00
Merit:             -2.785655e+00 ± 4.327359e-03
Avg Inference Time:  0.0720s
==================================================
Epoch 262/300, Loss: -2.0239, Obj: -2.9375, Eq Viol (l1): 0.000049, Ineq Viol (l1): 0.000000, Epoch time: 2.80s
Epoch 263/300, Loss: -1.9657, Obj: -2.9191, Eq Viol (l1): 0.000052, Ineq Viol (l1): 0.000000, Epoch time: 2.80s
Epoch 264/300, Loss: -2.1961, Obj: -2.9797, Eq Viol (l1): 0.000049, Ineq Viol (l1): 0.000000, Epoch time: 2.79s
Epoch 265/300, Loss: -1.9596, Obj: -2.8476, Eq Viol (l1): 0.000052, Ineq Viol (l1): 0.000001, Epoch time: 2.80s
Epoch 266/300, Loss: -2.0080, Obj: -2.8869, Eq Viol (l1): 0.000046, Ineq Viol (l1): 0.000000, Epoch time: 2.80s
Epoch 267/300, Loss: -2.1998, Obj: -2.9303, Eq Viol (l1): 0.000059, Ineq Viol (l1): 0.000001, Epoch time: 2.77s
Epoch 268/300, Loss: -2.1753, Obj: -2.9360, Eq Viol (l1): 0.000063, Ineq Viol (l1): 0.000000, Epoch time: 2.75s
Epoch 269/300, Loss: -2.2169, Obj: -2.9416, Eq Viol (l1): 0.000053, Ineq Viol (l1): 0.000000, Epoch time: 2.79s
Epoch 270/300, Loss: -2.2623, Obj: -2.9865, Eq Viol (l1): 0.000054, Ineq Viol (l1): 0.000000, Epoch time: 2.80s
Epoch 271/300, Loss: -2.2626, Obj: -2.9684, Eq Viol (l1): 0.000055, Ineq Viol (l1): 0.000000, Epoch time: 2.77s

Running validation at epoch 270...

VALIDATION_EPOCH_270 EVALUATION RESULTS:
==================================================
Objective Value:     -3.047051e+00
True Objective:      -2.413704e+00
Optimality Gap:      -4.662794e+00 ± 2.005325e+00
Eq Violation l1:   3.538682e-05 (max: 2.242097e-03)
Ineq Violation l1: 1.701389e-07 (max: 3.463523e-05)
Solution Distance:   8.458065e+01 ± 1.867120e+00
Merit:             -3.046696e+00 ± 1.277113e-02
Avg Inference Time:  0.0796s
==================================================
Epoch 272/300, Loss: -2.1570, Obj: -2.9235, Eq Viol (l1): 0.000052, Ineq Viol (l1): 0.000000, Epoch time: 2.91s
Epoch 273/300, Loss: -1.8461, Obj: -2.8449, Eq Viol (l1): 0.000066, Ineq Viol (l1): 0.000000, Epoch time: 2.77s
Epoch 274/300, Loss: -2.1320, Obj: -2.9264, Eq Viol (l1): 0.000052, Ineq Viol (l1): 0.000000, Epoch time: 2.79s
Epoch 275/300, Loss: -2.1335, Obj: -2.9218, Eq Viol (l1): 0.000060, Ineq Viol (l1): 0.000000, Epoch time: 2.77s
Epoch 276/300, Loss: -2.1475, Obj: -2.9082, Eq Viol (l1): 0.000055, Ineq Viol (l1): 0.000001, Epoch time: 2.79s
Epoch 277/300, Loss: -2.1440, Obj: -2.9483, Eq Viol (l1): 0.000045, Ineq Viol (l1): 0.000000, Epoch time: 2.80s
Epoch 278/300, Loss: -2.2236, Obj: -2.9719, Eq Viol (l1): 0.000056, Ineq Viol (l1): 0.000000, Epoch time: 2.77s
Epoch 279/300, Loss: -2.2483, Obj: -2.9525, Eq Viol (l1): 0.000058, Ineq Viol (l1): 0.000000, Epoch time: 2.76s
Epoch 280/300, Loss: -2.2324, Obj: -2.9638, Eq Viol (l1): 0.000055, Ineq Viol (l1): 0.000001, Epoch time: 2.78s
Epoch 281/300, Loss: -2.3012, Obj: -2.9678, Eq Viol (l1): 0.000055, Ineq Viol (l1): 0.000000, Epoch time: 2.78s

Running validation at epoch 280...

VALIDATION_EPOCH_280 EVALUATION RESULTS:
==================================================
Objective Value:     -3.108888e+00
True Objective:      -2.413704e+00
Optimality Gap:      -4.798747e+00 ± 2.075981e+00
Eq Violation l1:   4.428018e-05 (max: 2.207718e-03)
Ineq Violation l1: 5.626799e-07 (max: 1.303757e-04)
Solution Distance:   8.412970e+01 ± 1.832004e+00
Merit:             -3.108440e+00 ± 9.113704e-03
Avg Inference Time:  0.0727s
==================================================
Epoch 282/300, Loss: -2.3389, Obj: -3.0011, Eq Viol (l1): 0.000056, Ineq Viol (l1): 0.000000, Epoch time: 2.77s
Epoch 283/300, Loss: -2.3374, Obj: -3.0004, Eq Viol (l1): 0.000053, Ineq Viol (l1): 0.000000, Epoch time: 2.78s
Epoch 284/300, Loss: -2.1839, Obj: -2.9275, Eq Viol (l1): 0.000056, Ineq Viol (l1): 0.000000, Epoch time: 2.77s
Epoch 285/300, Loss: -2.1574, Obj: -2.9197, Eq Viol (l1): 0.000053, Ineq Viol (l1): 0.000000, Epoch time: 2.77s
Epoch 286/300, Loss: -2.1201, Obj: -2.9184, Eq Viol (l1): 0.000055, Ineq Viol (l1): 0.000000, Epoch time: 2.78s
Epoch 287/300, Loss: -1.8336, Obj: -2.9248, Eq Viol (l1): 0.000054, Ineq Viol (l1): 0.000000, Epoch time: 2.78s
Epoch 288/300, Loss: -1.9198, Obj: -2.7947, Eq Viol (l1): 0.000047, Ineq Viol (l1): 0.000000, Epoch time: 2.80s
Epoch 289/300, Loss: -1.9024, Obj: -2.9104, Eq Viol (l1): 0.000053, Ineq Viol (l1): 0.000000, Epoch time: 2.80s
Epoch 290/300, Loss: -2.0390, Obj: -2.9059, Eq Viol (l1): 0.000056, Ineq Viol (l1): 0.000000, Epoch time: 2.77s
Epoch 291/300, Loss: -2.1262, Obj: -2.9030, Eq Viol (l1): 0.000059, Ineq Viol (l1): 0.000000, Epoch time: 2.77s

Running validation at epoch 290...

VALIDATION_EPOCH_290 EVALUATION RESULTS:
==================================================
Objective Value:     -3.084824e+00
True Objective:      -2.413704e+00
Optimality Gap:      -4.706018e+00 ± 2.014918e+00
Eq Violation l1:   5.478835e-05 (max: 1.808676e-03)
Ineq Violation l1: 6.944586e-07 (max: 1.564303e-04)
Solution Distance:   8.468513e+01 ± 1.891016e+00
Merit:             -3.084270e+00 ± 1.323961e-02
Avg Inference Time:  0.0733s
==================================================
Epoch 292/300, Loss: -2.3392, Obj: -3.0223, Eq Viol (l1): 0.000059, Ineq Viol (l1): 0.000000, Epoch time: 2.77s
Epoch 293/300, Loss: -2.3177, Obj: -2.9655, Eq Viol (l1): 0.000050, Ineq Viol (l1): 0.000000, Epoch time: 2.77s
Epoch 294/300, Loss: -2.3288, Obj: -2.9991, Eq Viol (l1): 0.000050, Ineq Viol (l1): 0.000000, Epoch time: 2.80s
Epoch 295/300, Loss: -2.3739, Obj: -2.9835, Eq Viol (l1): 0.000052, Ineq Viol (l1): 0.000001, Epoch time: 2.78s
Epoch 296/300, Loss: -2.3481, Obj: -2.9978, Eq Viol (l1): 0.000059, Ineq Viol (l1): 0.000001, Epoch time: 2.78s
Epoch 297/300, Loss: -2.2910, Obj: -2.9797, Eq Viol (l1): 0.000059, Ineq Viol (l1): 0.000001, Epoch time: 2.75s
Epoch 298/300, Loss: -2.3958, Obj: -3.0390, Eq Viol (l1): 0.000056, Ineq Viol (l1): 0.000000, Epoch time: 2.78s
Epoch 299/300, Loss: -2.2976, Obj: -2.9932, Eq Viol (l1): 0.000049, Ineq Viol (l1): 0.000000, Epoch time: 2.81s
Epoch 300/300, Loss: -2.2453, Obj: -2.9452, Eq Viol (l1): 0.000053, Ineq Viol (l1): 0.000000, Epoch time: 2.76s

Training completed in 988.60 seconds.

============================================================
COMPREHENSIVE TEST EVALUATION WITH DETAILED RESULTS
============================================================
Testing with batch sizes: [256, 512]

Evaluating with batch size: 256 (with detailed results)

TEST_BS256 EVALUATION RESULTS:
==================================================
Objective Value:     -3.054085e+00
True Objective:      -2.409220e+00
Optimality Gap:      -6.270916e+00 ± 5.899811e+00
Eq Violation l1:   6.914738e-05 (max: 1.484695e-03)
Ineq Violation l1: 5.952017e-07 (max: 5.304011e-05)
Solution Distance:   8.630936e+01 ± 1.949547e+00
Merit:             -3.053387e+00 ± 5.378004e-02
Avg Inference Time:  0.0600s
==================================================

Evaluating with batch size: 512 (with detailed results)

TEST_BS512 EVALUATION RESULTS:
==================================================
Objective Value:     -3.051970e+00
True Objective:      -2.408634e+00
Optimality Gap:      -6.221255e+00 ± 3.585493e+00
Eq Violation l1:   6.052924e-05 (max: 2.179637e-03)
Ineq Violation l1: 4.239659e-07 (max: 5.374916e-05)
Solution Distance:   8.628786e+01 ± 1.214173e+00
Merit:             -3.051360e+00 ± 4.182782e-02
Avg Inference Time:  0.0688s
==================================================

TEST BATCH SIZE COMPARISON:
================================================================================
Batch Size   Objective    Opt Gap      Eq Viol      Ineq Viol    Time (s)  
--------------------------------------------------------------------------------
256          -3.0541e+00  -6.2709e+00  6.9147e-05   5.9520e-07   0.48      
512          -3.0520e+00  -6.2213e+00  6.0529e-05   4.2397e-07   0.28      
================================================================================

Saving model and results to: results/nonsmooth_nonconvex/socp/SOCPProblem-100-50-50-10000/20260107-052110_MLP_FSNet_seed2_nepochs300_lr0.0002_trainsize7000_finetune_20260107-043823_model_70
✓ Model saved: results/nonsmooth_nonconvex/socp/SOCPProblem-100-50-50-10000/20260107-052110_MLP_FSNet_seed2_nepochs300_lr0.0002_trainsize7000_finetune_20260107-043823_model_70/model.pt
✓ Detailed results saved: results/nonsmooth_nonconvex/socp/SOCPProblem-100-50-50-10000/20260107-052110_MLP_FSNet_seed2_nepochs300_lr0.0002_trainsize7000_finetune_20260107-043823_model_70/results.pkl

Files saved (or attempted):
  - model.pt (model weights and architecture)
  - results.pkl (training history, metrics, detailed test results)
Training and testing completed in 991.30 seconds
Done!!!
============================================================
==========         =====================         ===========
==========   2      =====================         ===========
==========         =====================         ===========
============================================================

======= Running for problem: nonsmooth_nonconvex/socp =======

Loading problem instance: nonsmooth_nonconvex/socp with size [100, 50, 50, 10000]
Loading  dataset from: datasets/nonsmooth_nonconvex/socp/random2025_socp_dataset_var100_ineq50_eq50_ex10000 

Running on:  cuda
Training model using FSNet method with seed 0 for 300 epochs
Using batch size: 512
Loading model from checkpoint: results/nonsmooth_nonconvex/socp/SOCPProblem-100-50-50-10000/20260107-043823_MLP_sup_seed1_nepochs500_lr0.0005_trainsize7000/model_400.pt

lr: 0.0002, weight_decay: 0.001, num_epochs: 300

Epoch 1/300, Loss: 0.9253, Obj: -1.6147, Eq Viol (l1): 0.000049, Ineq Viol (l1): 0.000000, Epoch time: 6.71s

Running validation at epoch 0...

VALIDATION_EPOCH_0 EVALUATION RESULTS:
==================================================
Objective Value:     5.715089e-01
True Objective:      -2.413704e+00
Optimality Gap:      4.733886e+00 ± 2.957781e+00
Eq Violation l1:   5.461583e-03 (max: 1.907312e+00)
Ineq Violation l1: 8.041378e-04 (max: 2.585196e-01)
Solution Distance:   6.858521e+01 ± 1.720757e+00
Merit:             6.341661e-01 ± 1.167987e-01
Avg Inference Time:  0.6732s
==================================================
Epoch 2/300, Loss: 0.7763, Obj: -1.4998, Eq Viol (l1): 0.000045, Ineq Viol (l1): 0.000000, Epoch time: 2.93s
Epoch 3/300, Loss: 0.5750, Obj: -1.3215, Eq Viol (l1): 0.000044, Ineq Viol (l1): 0.000000, Epoch time: 2.87s
Epoch 4/300, Loss: 0.4379, Obj: -1.2902, Eq Viol (l1): 0.000041, Ineq Viol (l1): 0.000000, Epoch time: 2.87s
Epoch 5/300, Loss: 0.4879, Obj: -1.2300, Eq Viol (l1): 0.000042, Ineq Viol (l1): 0.000000, Epoch time: 2.89s
Epoch 6/300, Loss: 0.4760, Obj: -1.1643, Eq Viol (l1): 0.000039, Ineq Viol (l1): 0.000000, Epoch time: 2.86s
Epoch 7/300, Loss: 0.4177, Obj: -1.1679, Eq Viol (l1): 0.000054, Ineq Viol (l1): 0.000002, Epoch time: 2.88s
Epoch 8/300, Loss: 0.5287, Obj: -1.1473, Eq Viol (l1): 0.000044, Ineq Viol (l1): 0.000001, Epoch time: 2.93s
Epoch 9/300, Loss: 0.5226, Obj: -1.1679, Eq Viol (l1): 0.000040, Ineq Viol (l1): 0.000000, Epoch time: 2.86s
Epoch 10/300, Loss: 0.4263, Obj: -1.2200, Eq Viol (l1): 0.000034, Ineq Viol (l1): 0.000000, Epoch time: 2.90s
Epoch 11/300, Loss: 0.4874, Obj: -1.2150, Eq Viol (l1): 0.000043, Ineq Viol (l1): 0.000000, Epoch time: 2.89s

Running validation at epoch 10...

VALIDATION_EPOCH_10 EVALUATION RESULTS:
==================================================
Objective Value:     6.799715e-01
True Objective:      -2.413704e+00
Optimality Gap:      4.790249e+00 ± 2.979485e+00
Eq Violation l1:   4.810407e-03 (max: 1.161109e+00)
Ineq Violation l1: 8.958862e-04 (max: 2.563188e-01)
Solution Distance:   6.862495e+01 ± 1.533711e+00
Merit:             7.370344e-01 ± 5.291998e-02
Avg Inference Time:  0.1195s
==================================================
Epoch 12/300, Loss: 0.5502, Obj: -1.1627, Eq Viol (l1): 0.000038, Ineq Viol (l1): 0.000000, Epoch time: 2.88s
Epoch 13/300, Loss: 0.7150, Obj: -1.1086, Eq Viol (l1): 0.000037, Ineq Viol (l1): 0.000001, Epoch time: 2.96s
Epoch 14/300, Loss: 0.8094, Obj: -1.1365, Eq Viol (l1): 0.000030, Ineq Viol (l1): 0.000000, Epoch time: 2.94s
Epoch 15/300, Loss: 0.8809, Obj: -1.0748, Eq Viol (l1): 0.000031, Ineq Viol (l1): 0.000000, Epoch time: 2.89s
Epoch 16/300, Loss: 0.8856, Obj: -1.0279, Eq Viol (l1): 0.000031, Ineq Viol (l1): 0.000000, Epoch time: 2.90s
Epoch 17/300, Loss: 0.9599, Obj: -1.0976, Eq Viol (l1): 0.000035, Ineq Viol (l1): 0.000000, Epoch time: 2.92s
Epoch 18/300, Loss: 1.0579, Obj: -0.9621, Eq Viol (l1): 0.000033, Ineq Viol (l1): 0.000001, Epoch time: 2.97s
Epoch 19/300, Loss: 1.1369, Obj: -1.0299, Eq Viol (l1): 0.000376, Ineq Viol (l1): 0.000050, Epoch time: 2.99s
Epoch 20/300, Loss: 1.2735, Obj: -0.9682, Eq Viol (l1): 0.000566, Ineq Viol (l1): 0.000069, Epoch time: 2.99s
Epoch 21/300, Loss: 1.2199, Obj: -0.9825, Eq Viol (l1): 0.000029, Ineq Viol (l1): 0.000000, Epoch time: 2.97s

Running validation at epoch 20...

VALIDATION_EPOCH_20 EVALUATION RESULTS:
==================================================
Objective Value:     6.942592e-01
True Objective:      -2.413704e+00
Optimality Gap:      4.935052e+00 ± 3.148499e+00
Eq Violation l1:   7.383907e-03 (max: 2.446716e+00)
Ineq Violation l1: 1.449721e-03 (max: 4.685122e-01)
Solution Distance:   6.852276e+01 ± 1.689922e+00
Merit:             7.825955e-01 ± 8.231526e-03
Avg Inference Time:  0.1197s
==================================================
Epoch 22/300, Loss: 1.1999, Obj: -1.0140, Eq Viol (l1): 0.000035, Ineq Viol (l1): 0.000001, Epoch time: 2.98s
Epoch 23/300, Loss: 1.5168, Obj: -0.9556, Eq Viol (l1): 0.000046, Ineq Viol (l1): 0.000001, Epoch time: 3.01s
Epoch 24/300, Loss: 1.3022, Obj: -1.0217, Eq Viol (l1): 0.000028, Ineq Viol (l1): 0.000000, Epoch time: 3.03s
Epoch 25/300, Loss: 1.2521, Obj: -1.0116, Eq Viol (l1): 0.000417, Ineq Viol (l1): 0.000089, Epoch time: 3.05s
Epoch 26/300, Loss: 1.2640, Obj: -1.0358, Eq Viol (l1): 0.000135, Ineq Viol (l1): 0.000022, Epoch time: 3.13s
Epoch 27/300, Loss: 1.2725, Obj: -1.0429, Eq Viol (l1): 0.000177, Ineq Viol (l1): 0.000036, Epoch time: 3.06s
Epoch 28/300, Loss: 1.5024, Obj: -0.9367, Eq Viol (l1): 0.000027, Ineq Viol (l1): 0.000000, Epoch time: 3.07s
Epoch 29/300, Loss: 1.2629, Obj: -0.9548, Eq Viol (l1): 0.000040, Ineq Viol (l1): 0.000003, Epoch time: 3.02s
Epoch 30/300, Loss: 1.3615, Obj: -0.9552, Eq Viol (l1): 0.000080, Ineq Viol (l1): 0.000003, Epoch time: 3.10s
Epoch 31/300, Loss: 1.4873, Obj: -1.0070, Eq Viol (l1): 0.000453, Ineq Viol (l1): 0.000049, Epoch time: 3.20s

Running validation at epoch 30...

VALIDATION_EPOCH_30 EVALUATION RESULTS:
==================================================
Objective Value:     6.290452e-01
True Objective:      -2.413704e+00
Optimality Gap:      4.722353e+00 ± 3.014364e+00
Eq Violation l1:   3.730839e-03 (max: 7.030614e-01)
Ineq Violation l1: 7.096697e-04 (max: 1.229037e-01)
Solution Distance:   6.842678e+01 ± 1.225513e+00
Merit:             6.734503e-01 ± 7.282178e-02
Avg Inference Time:  0.1197s
==================================================
Epoch 32/300, Loss: 1.5686, Obj: -0.8154, Eq Viol (l1): 0.000021, Ineq Viol (l1): 0.000000, Epoch time: 3.06s
Epoch 33/300, Loss: 1.4095, Obj: -0.9253, Eq Viol (l1): 0.000408, Ineq Viol (l1): 0.000083, Epoch time: 3.09s
Epoch 34/300, Loss: 1.4411, Obj: -0.9632, Eq Viol (l1): 0.000032, Ineq Viol (l1): 0.000000, Epoch time: 2.99s
Epoch 35/300, Loss: 1.5290, Obj: -0.9379, Eq Viol (l1): 0.000301, Ineq Viol (l1): 0.000083, Epoch time: 3.04s
Epoch 36/300, Loss: 1.4430, Obj: -0.8805, Eq Viol (l1): 0.000033, Ineq Viol (l1): 0.000000, Epoch time: 2.97s
Epoch 37/300, Loss: 1.5593, Obj: -0.8885, Eq Viol (l1): 0.000934, Ineq Viol (l1): 0.000203, Epoch time: 3.04s
Epoch 38/300, Loss: 1.4667, Obj: -0.8334, Eq Viol (l1): 0.000108, Ineq Viol (l1): 0.000018, Epoch time: 3.04s
Epoch 39/300, Loss: 1.4430, Obj: -0.9233, Eq Viol (l1): 0.000542, Ineq Viol (l1): 0.000102, Epoch time: 3.04s
Epoch 40/300, Loss: 1.4235, Obj: -0.9142, Eq Viol (l1): 0.000029, Ineq Viol (l1): 0.000000, Epoch time: 2.98s
Epoch 41/300, Loss: 1.3320, Obj: -0.9388, Eq Viol (l1): 0.000028, Ineq Viol (l1): 0.000000, Epoch time: 2.99s

Running validation at epoch 40...

VALIDATION_EPOCH_40 EVALUATION RESULTS:
==================================================
Objective Value:     6.865037e-01
True Objective:      -2.413704e+00
Optimality Gap:      4.873763e+00 ± 3.053656e+00
Eq Violation l1:   1.905891e-03 (max: 4.783334e-01)
Ineq Violation l1: 3.259860e-04 (max: 9.296950e-02)
Solution Distance:   6.889926e+01 ± 1.769923e+00
Merit:             7.088225e-01 ± 8.532962e-02
Avg Inference Time:  0.1200s
==================================================
Epoch 42/300, Loss: 1.5352, Obj: -0.7572, Eq Viol (l1): 0.000298, Ineq Viol (l1): 0.000058, Epoch time: 2.97s
Epoch 43/300, Loss: 1.3309, Obj: -0.9039, Eq Viol (l1): 0.000029, Ineq Viol (l1): 0.000000, Epoch time: 2.99s
Epoch 44/300, Loss: 1.4936, Obj: -0.8037, Eq Viol (l1): 0.000186, Ineq Viol (l1): 0.000027, Epoch time: 3.07s
Epoch 45/300, Loss: 1.4509, Obj: -0.8978, Eq Viol (l1): 0.000030, Ineq Viol (l1): 0.000000, Epoch time: 3.00s
Epoch 46/300, Loss: 1.2399, Obj: -1.0227, Eq Viol (l1): 0.000156, Ineq Viol (l1): 0.000020, Epoch time: 3.02s
Epoch 47/300, Loss: 1.5684, Obj: -0.8012, Eq Viol (l1): 0.000425, Ineq Viol (l1): 0.000107, Epoch time: 3.10s
Epoch 48/300, Loss: 1.7998, Obj: -0.7910, Eq Viol (l1): 0.002890, Ineq Viol (l1): 0.000560, Epoch time: 3.07s
Epoch 49/300, Loss: 1.6501, Obj: -0.8342, Eq Viol (l1): 0.001483, Ineq Viol (l1): 0.000481, Epoch time: 3.03s
Epoch 50/300, Loss: 1.5267, Obj: -0.8217, Eq Viol (l1): 0.000453, Ineq Viol (l1): 0.000078, Epoch time: 3.04s
Epoch 51/300, Loss: 1.5069, Obj: -0.8195, Eq Viol (l1): 0.000031, Ineq Viol (l1): 0.000001, Epoch time: 3.00s

Running validation at epoch 50...

VALIDATION_EPOCH_50 EVALUATION RESULTS:
==================================================
Objective Value:     7.855211e-01
True Objective:      -2.413704e+00
Optimality Gap:      4.819718e+00 ± 3.019519e+00
Eq Violation l1:   4.858805e-03 (max: 1.084127e+00)
Ineq Violation l1: 1.061141e-03 (max: 2.486197e-01)
Solution Distance:   6.853335e+01 ± 1.670256e+00
Merit:             8.447205e-01 ± 1.586814e-01
Avg Inference Time:  0.1199s
==================================================
Epoch 52/300, Loss: 1.3401, Obj: -0.8526, Eq Viol (l1): 0.001251, Ineq Viol (l1): 0.000330, Epoch time: 2.99s
Epoch 53/300, Loss: 1.5264, Obj: -0.8076, Eq Viol (l1): 0.000201, Ineq Viol (l1): 0.000027, Epoch time: 2.99s
Epoch 54/300, Loss: 1.5371, Obj: -0.8564, Eq Viol (l1): 0.000502, Ineq Viol (l1): 0.000118, Epoch time: 3.03s
Epoch 55/300, Loss: 1.7735, Obj: -0.7943, Eq Viol (l1): 0.000030, Ineq Viol (l1): 0.000002, Epoch time: 3.02s
Epoch 56/300, Loss: 1.6507, Obj: -0.7960, Eq Viol (l1): 0.001200, Ineq Viol (l1): 0.000227, Epoch time: 2.92s
Epoch 57/300, Loss: 1.5228, Obj: -0.8438, Eq Viol (l1): 0.000638, Ineq Viol (l1): 0.000155, Epoch time: 2.99s
Epoch 58/300, Loss: 1.4979, Obj: -0.8390, Eq Viol (l1): 0.001174, Ineq Viol (l1): 0.000326, Epoch time: 3.00s
Epoch 59/300, Loss: 1.3511, Obj: -0.8311, Eq Viol (l1): 0.000264, Ineq Viol (l1): 0.000045, Epoch time: 2.94s
Epoch 60/300, Loss: 1.4694, Obj: -0.7813, Eq Viol (l1): 0.000308, Ineq Viol (l1): 0.000059, Epoch time: 2.97s
Epoch 61/300, Loss: 1.3986, Obj: -0.9387, Eq Viol (l1): 0.000041, Ineq Viol (l1): 0.000004, Epoch time: 2.95s

Running validation at epoch 60...

VALIDATION_EPOCH_60 EVALUATION RESULTS:
==================================================
Objective Value:     7.537100e-01
True Objective:      -2.413704e+00
Optimality Gap:      4.748423e+00 ± 3.008956e+00
Eq Violation l1:   2.166242e-03 (max: 8.463737e-01)
Ineq Violation l1: 4.156810e-04 (max: 1.846504e-01)
Solution Distance:   6.885017e+01 ± 1.551510e+00
Merit:             7.795292e-01 ± 1.126726e-01
Avg Inference Time:  0.1200s
==================================================
Epoch 62/300, Loss: 1.3289, Obj: -0.8568, Eq Viol (l1): 0.000047, Ineq Viol (l1): 0.000001, Epoch time: 2.94s
Epoch 63/300, Loss: 1.3477, Obj: -0.8304, Eq Viol (l1): 0.000516, Ineq Viol (l1): 0.000113, Epoch time: 2.93s
Epoch 64/300, Loss: 1.2717, Obj: -0.8604, Eq Viol (l1): 0.000210, Ineq Viol (l1): 0.000047, Epoch time: 2.95s
Epoch 65/300, Loss: 1.1844, Obj: -0.9659, Eq Viol (l1): 0.000138, Ineq Viol (l1): 0.000016, Epoch time: 2.97s
Epoch 66/300, Loss: 1.4139, Obj: -0.8058, Eq Viol (l1): 0.000175, Ineq Viol (l1): 0.000046, Epoch time: 2.99s
Epoch 67/300, Loss: 1.5031, Obj: -0.7858, Eq Viol (l1): 0.000425, Ineq Viol (l1): 0.000098, Epoch time: 2.98s
Epoch 68/300, Loss: 1.5113, Obj: -0.8205, Eq Viol (l1): 0.000974, Ineq Viol (l1): 0.000172, Epoch time: 3.18s
Epoch 69/300, Loss: 1.5510, Obj: -0.8925, Eq Viol (l1): 0.000099, Ineq Viol (l1): 0.000018, Epoch time: 3.03s
Epoch 70/300, Loss: 1.4330, Obj: -0.8454, Eq Viol (l1): 0.000351, Ineq Viol (l1): 0.000079, Epoch time: 3.01s
Epoch 71/300, Loss: 1.4443, Obj: -0.8169, Eq Viol (l1): 0.000026, Ineq Viol (l1): 0.000000, Epoch time: 3.00s

Running validation at epoch 70...

VALIDATION_EPOCH_70 EVALUATION RESULTS:
==================================================
Objective Value:     7.441514e-01
True Objective:      -2.413704e+00
Optimality Gap:      4.909716e+00 ± 3.194689e+00
Eq Violation l1:   1.326644e-03 (max: 3.420466e-01)
Ineq Violation l1: 2.087703e-04 (max: 7.065538e-02)
Solution Distance:   6.845843e+01 ± 1.672588e+00
Merit:             7.595056e-01 ± 1.013923e-01
Avg Inference Time:  0.1194s
==================================================
Epoch 72/300, Loss: 1.3030, Obj: -0.8311, Eq Viol (l1): 0.001145, Ineq Viol (l1): 0.000329, Epoch time: 3.00s
Epoch 73/300, Loss: 1.3608, Obj: -0.8309, Eq Viol (l1): 0.000078, Ineq Viol (l1): 0.000014, Epoch time: 3.00s
Epoch 74/300, Loss: 1.4067, Obj: -0.8557, Eq Viol (l1): 0.000028, Ineq Viol (l1): 0.000000, Epoch time: 3.01s
Epoch 75/300, Loss: 1.2321, Obj: -0.9010, Eq Viol (l1): 0.000026, Ineq Viol (l1): 0.000000, Epoch time: 2.97s
Epoch 76/300, Loss: 1.2924, Obj: -0.8852, Eq Viol (l1): 0.000029, Ineq Viol (l1): 0.000000, Epoch time: 2.98s
Epoch 77/300, Loss: 1.1992, Obj: -0.9001, Eq Viol (l1): 0.000066, Ineq Viol (l1): 0.000006, Epoch time: 2.94s
Epoch 78/300, Loss: 1.1151, Obj: -0.9613, Eq Viol (l1): 0.000024, Ineq Viol (l1): 0.000000, Epoch time: 3.02s
Epoch 79/300, Loss: 1.1111, Obj: -0.8905, Eq Viol (l1): 0.000041, Ineq Viol (l1): 0.000002, Epoch time: 3.02s
Epoch 80/300, Loss: 1.2046, Obj: -0.8937, Eq Viol (l1): 0.000030, Ineq Viol (l1): 0.000000, Epoch time: 2.96s
Epoch 81/300, Loss: 1.2733, Obj: -0.8062, Eq Viol (l1): 0.000026, Ineq Viol (l1): 0.000000, Epoch time: 2.95s

Running validation at epoch 80...

VALIDATION_EPOCH_80 EVALUATION RESULTS:
==================================================
Objective Value:     6.760418e-01
True Objective:      -2.413704e+00
Optimality Gap:      4.742542e+00 ± 3.174249e+00
Eq Violation l1:   2.864977e-03 (max: 4.886430e-01)
Ineq Violation l1: 4.557361e-04 (max: 8.804990e-02)
Solution Distance:   6.855463e+01 ± 1.452804e+00
Merit:             7.092489e-01 ± 1.037221e-01
Avg Inference Time:  0.1196s
==================================================
Epoch 82/300, Loss: 1.1981, Obj: -0.8808, Eq Viol (l1): 0.000034, Ineq Viol (l1): 0.000000, Epoch time: 2.90s
Epoch 83/300, Loss: 1.1363, Obj: -0.9007, Eq Viol (l1): 0.000032, Ineq Viol (l1): 0.000000, Epoch time: 2.91s
Epoch 84/300, Loss: 1.1932, Obj: -0.9111, Eq Viol (l1): 0.000030, Ineq Viol (l1): 0.000000, Epoch time: 3.01s
Epoch 85/300, Loss: 1.3479, Obj: -0.8981, Eq Viol (l1): 0.000024, Ineq Viol (l1): 0.000000, Epoch time: 3.03s
Epoch 86/300, Loss: 1.3715, Obj: -0.8432, Eq Viol (l1): 0.000055, Ineq Viol (l1): 0.000005, Epoch time: 3.07s
Epoch 87/300, Loss: 1.4508, Obj: -0.8115, Eq Viol (l1): 0.000053, Ineq Viol (l1): 0.000002, Epoch time: 2.99s
Epoch 88/300, Loss: 1.2393, Obj: -0.8671, Eq Viol (l1): 0.000034, Ineq Viol (l1): 0.000000, Epoch time: 2.88s
Epoch 89/300, Loss: 1.1552, Obj: -0.8458, Eq Viol (l1): 0.000036, Ineq Viol (l1): 0.000000, Epoch time: 2.91s
Epoch 90/300, Loss: 1.2860, Obj: -0.9037, Eq Viol (l1): 0.000034, Ineq Viol (l1): 0.000000, Epoch time: 2.91s
Epoch 91/300, Loss: 1.3092, Obj: -0.8576, Eq Viol (l1): 0.000035, Ineq Viol (l1): 0.000000, Epoch time: 2.94s

Running validation at epoch 90...

VALIDATION_EPOCH_90 EVALUATION RESULTS:
==================================================
Objective Value:     6.907278e-01
True Objective:      -2.413704e+00
Optimality Gap:      4.774600e+00 ± 3.064084e+00
Eq Violation l1:   4.255277e-03 (max: 8.809052e-01)
Ineq Violation l1: 6.123753e-04 (max: 1.134503e-01)
Solution Distance:   6.826327e+01 ± 1.611988e+00
Merit:             7.394044e-01 ± 1.243421e-01
Avg Inference Time:  0.1198s
==================================================
Epoch 92/300, Loss: 1.3162, Obj: -0.8525, Eq Viol (l1): 0.000044, Ineq Viol (l1): 0.000003, Epoch time: 2.95s
Epoch 93/300, Loss: 1.2365, Obj: -0.9214, Eq Viol (l1): 0.000033, Ineq Viol (l1): 0.000000, Epoch time: 2.92s
Epoch 94/300, Loss: 1.1897, Obj: -0.8208, Eq Viol (l1): 0.000053, Ineq Viol (l1): 0.000001, Epoch time: 2.90s
Epoch 95/300, Loss: 1.3132, Obj: -0.8482, Eq Viol (l1): 0.000113, Ineq Viol (l1): 0.000011, Epoch time: 2.93s
Epoch 96/300, Loss: 1.2545, Obj: -0.8933, Eq Viol (l1): 0.000109, Ineq Viol (l1): 0.000016, Epoch time: 3.02s
Epoch 97/300, Loss: 1.2692, Obj: -0.8663, Eq Viol (l1): 0.002358, Ineq Viol (l1): 0.000516, Epoch time: 2.93s
Epoch 98/300, Loss: 1.2058, Obj: -0.8843, Eq Viol (l1): 0.000122, Ineq Viol (l1): 0.000019, Epoch time: 2.91s
Epoch 99/300, Loss: 1.2192, Obj: -0.8458, Eq Viol (l1): 0.000694, Ineq Viol (l1): 0.000208, Epoch time: 3.01s
Epoch 100/300, Loss: 1.2742, Obj: -0.8745, Eq Viol (l1): 0.000241, Ineq Viol (l1): 0.000055, Epoch time: 3.07s
Epoch 101/300, Loss: 1.3035, Obj: -0.8729, Eq Viol (l1): 0.000039, Ineq Viol (l1): 0.000002, Epoch time: 2.99s

Running validation at epoch 100...

VALIDATION_EPOCH_100 EVALUATION RESULTS:
==================================================
Objective Value:     7.445368e-01
True Objective:      -2.413704e+00
Optimality Gap:      5.082949e+00 ± 3.321115e+00
Eq Violation l1:   3.690627e-03 (max: 1.133891e+00)
Ineq Violation l1: 5.191288e-04 (max: 1.579385e-01)
Solution Distance:   6.882061e+01 ± 1.370226e+00
Merit:             7.866343e-01 ± 5.665068e-02
Avg Inference Time:  0.1191s
==================================================
Epoch 102/300, Loss: 1.2213, Obj: -0.8654, Eq Viol (l1): 0.000039, Ineq Viol (l1): 0.000001, Epoch time: 2.98s
Epoch 103/300, Loss: 1.3780, Obj: -0.9123, Eq Viol (l1): 0.000356, Ineq Viol (l1): 0.000085, Epoch time: 2.95s
Epoch 104/300, Loss: 1.3972, Obj: -0.8610, Eq Viol (l1): 0.000516, Ineq Viol (l1): 0.000244, Epoch time: 2.95s
Epoch 105/300, Loss: 1.3721, Obj: -0.8579, Eq Viol (l1): 0.001362, Ineq Viol (l1): 0.000388, Epoch time: 3.01s
Epoch 106/300, Loss: 1.3287, Obj: -0.8404, Eq Viol (l1): 0.000032, Ineq Viol (l1): 0.000001, Epoch time: 2.98s
Epoch 107/300, Loss: 1.3368, Obj: -0.8194, Eq Viol (l1): 0.000035, Ineq Viol (l1): 0.000001, Epoch time: 2.92s
Epoch 108/300, Loss: 1.4041, Obj: -0.8631, Eq Viol (l1): 0.000116, Ineq Viol (l1): 0.000031, Epoch time: 3.01s
Epoch 109/300, Loss: 1.3527, Obj: -0.8454, Eq Viol (l1): 0.000065, Ineq Viol (l1): 0.000011, Epoch time: 2.97s
Epoch 110/300, Loss: 1.3974, Obj: -0.8278, Eq Viol (l1): 0.002703, Ineq Viol (l1): 0.000640, Epoch time: 2.95s
Epoch 111/300, Loss: 1.3836, Obj: -0.8862, Eq Viol (l1): 0.001863, Ineq Viol (l1): 0.000421, Epoch time: 2.96s

Running validation at epoch 110...

VALIDATION_EPOCH_110 EVALUATION RESULTS:
==================================================
Objective Value:     7.107709e-01
True Objective:      -2.413704e+00
Optimality Gap:      4.914398e+00 ± 3.234328e+00
Eq Violation l1:   3.865150e-03 (max: 7.339919e-01)
Ineq Violation l1: 7.012416e-04 (max: 2.006759e-01)
Solution Distance:   6.830570e+01 ± 1.452458e+00
Merit:             7.564348e-01 ± 1.037519e-01
Avg Inference Time:  0.1195s
==================================================
Epoch 112/300, Loss: 1.4814, Obj: -0.8168, Eq Viol (l1): 0.001475, Ineq Viol (l1): 0.000300, Epoch time: 2.94s
Epoch 113/300, Loss: 1.5066, Obj: -0.8510, Eq Viol (l1): 0.000292, Ineq Viol (l1): 0.000039, Epoch time: 3.02s
Epoch 114/300, Loss: 1.4903, Obj: -0.8632, Eq Viol (l1): 0.001102, Ineq Viol (l1): 0.000273, Epoch time: 3.00s
Epoch 115/300, Loss: 1.2685, Obj: -0.8834, Eq Viol (l1): 0.000031, Ineq Viol (l1): 0.000001, Epoch time: 3.04s
Epoch 116/300, Loss: 1.3097, Obj: -0.8447, Eq Viol (l1): 0.000113, Ineq Viol (l1): 0.000017, Epoch time: 3.03s
Epoch 117/300, Loss: 1.1790, Obj: -0.9198, Eq Viol (l1): 0.000029, Ineq Viol (l1): 0.000000, Epoch time: 2.95s
Epoch 118/300, Loss: 1.2050, Obj: -0.8798, Eq Viol (l1): 0.000687, Ineq Viol (l1): 0.000237, Epoch time: 2.91s
Epoch 119/300, Loss: 1.4107, Obj: -0.8181, Eq Viol (l1): 0.002809, Ineq Viol (l1): 0.000790, Epoch time: 3.05s
Epoch 120/300, Loss: 1.3619, Obj: -0.8419, Eq Viol (l1): 0.000930, Ineq Viol (l1): 0.000098, Epoch time: 2.99s
Epoch 121/300, Loss: 1.1745, Obj: -0.8721, Eq Viol (l1): 0.001425, Ineq Viol (l1): 0.000359, Epoch time: 2.96s

Running validation at epoch 120...

VALIDATION_EPOCH_120 EVALUATION RESULTS:
==================================================
Objective Value:     7.025391e-01
True Objective:      -2.413704e+00
Optimality Gap:      4.739970e+00 ± 3.071081e+00
Eq Violation l1:   2.951102e-03 (max: 1.077724e+00)
Ineq Violation l1: 5.053181e-04 (max: 2.123097e-01)
Solution Distance:   6.815131e+01 ± 1.569246e+00
Merit:             7.371033e-01 ± 6.021175e-02
Avg Inference Time:  0.1194s
==================================================
Epoch 122/300, Loss: 1.2949, Obj: -0.8468, Eq Viol (l1): 0.001511, Ineq Viol (l1): 0.000357, Epoch time: 3.01s
Epoch 123/300, Loss: 1.3959, Obj: -0.8186, Eq Viol (l1): 0.000329, Ineq Viol (l1): 0.000066, Epoch time: 3.02s
Epoch 124/300, Loss: 1.2772, Obj: -0.8433, Eq Viol (l1): 0.000041, Ineq Viol (l1): 0.000000, Epoch time: 2.89s
Epoch 125/300, Loss: 1.2827, Obj: -0.8083, Eq Viol (l1): 0.000037, Ineq Viol (l1): 0.000000, Epoch time: 2.90s
Epoch 126/300, Loss: 1.2589, Obj: -0.8023, Eq Viol (l1): 0.000047, Ineq Viol (l1): 0.000000, Epoch time: 2.88s
Epoch 127/300, Loss: 1.1827, Obj: -0.8462, Eq Viol (l1): 0.000034, Ineq Viol (l1): 0.000000, Epoch time: 2.88s
Epoch 128/300, Loss: 1.1475, Obj: -0.8703, Eq Viol (l1): 0.000030, Ineq Viol (l1): 0.000000, Epoch time: 2.91s
Epoch 129/300, Loss: 1.1192, Obj: -0.8622, Eq Viol (l1): 0.000041, Ineq Viol (l1): 0.000000, Epoch time: 2.87s
Epoch 130/300, Loss: 1.1305, Obj: -0.9038, Eq Viol (l1): 0.000032, Ineq Viol (l1): 0.000000, Epoch time: 2.94s
Epoch 131/300, Loss: 1.1272, Obj: -0.8677, Eq Viol (l1): 0.000034, Ineq Viol (l1): 0.000000, Epoch time: 2.88s

Running validation at epoch 130...

VALIDATION_EPOCH_130 EVALUATION RESULTS:
==================================================
Objective Value:     7.203929e-01
True Objective:      -2.413704e+00
Optimality Gap:      4.852240e+00 ± 3.232745e+00
Eq Violation l1:   3.904353e-03 (max: 1.226438e+00)
Ineq Violation l1: 6.617749e-04 (max: 2.255950e-01)
Solution Distance:   6.798330e+01 ± 1.484254e+00
Merit:             7.660542e-01 ± 4.636055e-02
Avg Inference Time:  0.1203s
==================================================
Epoch 132/300, Loss: 1.2487, Obj: -0.9043, Eq Viol (l1): 0.000031, Ineq Viol (l1): 0.000000, Epoch time: 3.09s
Epoch 133/300, Loss: 1.3922, Obj: -0.8233, Eq Viol (l1): 0.000043, Ineq Viol (l1): 0.000002, Epoch time: 2.98s
Epoch 134/300, Loss: 1.2312, Obj: -0.8526, Eq Viol (l1): 0.000033, Ineq Viol (l1): 0.000000, Epoch time: 2.93s
Epoch 135/300, Loss: 1.1388, Obj: -0.8700, Eq Viol (l1): 0.000034, Ineq Viol (l1): 0.000000, Epoch time: 2.93s
Epoch 136/300, Loss: 1.0508, Obj: -0.8568, Eq Viol (l1): 0.000548, Ineq Viol (l1): 0.000115, Epoch time: 2.95s
Epoch 137/300, Loss: 1.1778, Obj: -0.8174, Eq Viol (l1): 0.000586, Ineq Viol (l1): 0.000124, Epoch time: 2.94s
Epoch 138/300, Loss: 1.2544, Obj: -0.8419, Eq Viol (l1): 0.000413, Ineq Viol (l1): 0.000076, Epoch time: 2.98s
Epoch 139/300, Loss: 1.1372, Obj: -0.8327, Eq Viol (l1): 0.000034, Ineq Viol (l1): 0.000000, Epoch time: 2.97s
Epoch 140/300, Loss: 1.1029, Obj: -0.8597, Eq Viol (l1): 0.000031, Ineq Viol (l1): 0.000000, Epoch time: 2.93s
Epoch 141/300, Loss: 1.1369, Obj: -0.8051, Eq Viol (l1): 0.000036, Ineq Viol (l1): 0.000000, Epoch time: 2.88s

Running validation at epoch 140...

VALIDATION_EPOCH_140 EVALUATION RESULTS:
==================================================
Objective Value:     7.877593e-01
True Objective:      -2.413704e+00
Optimality Gap:      4.950897e+00 ± 3.201134e+00
Eq Violation l1:   1.625803e-03 (max: 5.033115e-01)
Ineq Violation l1: 2.568170e-04 (max: 1.002582e-01)
Solution Distance:   6.812375e+01 ± 1.460786e+00
Merit:             8.065855e-01 ± 1.067424e-01
Avg Inference Time:  0.1196s
==================================================
Epoch 142/300, Loss: 1.2304, Obj: -0.7924, Eq Viol (l1): 0.000037, Ineq Viol (l1): 0.000000, Epoch time: 2.91s
Epoch 143/300, Loss: 1.1733, Obj: -0.9046, Eq Viol (l1): 0.000036, Ineq Viol (l1): 0.000000, Epoch time: 2.93s
Epoch 144/300, Loss: 0.9850, Obj: -0.8705, Eq Viol (l1): 0.000034, Ineq Viol (l1): 0.000000, Epoch time: 2.90s
Epoch 145/300, Loss: 1.1005, Obj: -0.8825, Eq Viol (l1): 0.000032, Ineq Viol (l1): 0.000000, Epoch time: 2.93s
Epoch 146/300, Loss: 1.0616, Obj: -0.9156, Eq Viol (l1): 0.000045, Ineq Viol (l1): 0.000000, Epoch time: 2.89s
Epoch 147/300, Loss: 1.0617, Obj: -0.8444, Eq Viol (l1): 0.000033, Ineq Viol (l1): 0.000000, Epoch time: 2.88s
Epoch 148/300, Loss: 1.0378, Obj: -0.8514, Eq Viol (l1): 0.000035, Ineq Viol (l1): 0.000000, Epoch time: 2.91s
Epoch 149/300, Loss: 1.0654, Obj: -0.8747, Eq Viol (l1): 0.000030, Ineq Viol (l1): 0.000000, Epoch time: 2.94s
Epoch 150/300, Loss: 0.9639, Obj: -0.8989, Eq Viol (l1): 0.000025, Ineq Viol (l1): 0.000000, Epoch time: 2.96s
Epoch 151/300, Loss: 0.9392, Obj: -0.8901, Eq Viol (l1): 0.000032, Ineq Viol (l1): 0.000000, Epoch time: 2.89s

Running validation at epoch 150...

VALIDATION_EPOCH_150 EVALUATION RESULTS:
==================================================
Objective Value:     6.363027e-01
True Objective:      -2.413704e+00
Optimality Gap:      5.106425e+00 ± 3.492732e+00
Eq Violation l1:   2.598383e-03 (max: 6.219368e-01)
Ineq Violation l1: 3.182933e-04 (max: 1.178580e-01)
Solution Distance:   6.787332e+01 ± 1.329383e+00
Merit:             6.654694e-01 ± 9.527273e-02
Avg Inference Time:  0.1193s
==================================================
Epoch 152/300, Loss: 1.0908, Obj: -0.8623, Eq Viol (l1): 0.000031, Ineq Viol (l1): 0.000000, Epoch time: 2.92s
Epoch 153/300, Loss: 1.1565, Obj: -0.8207, Eq Viol (l1): 0.000031, Ineq Viol (l1): 0.000000, Epoch time: 2.95s
Epoch 154/300, Loss: 1.0939, Obj: -0.8488, Eq Viol (l1): 0.000036, Ineq Viol (l1): 0.000000, Epoch time: 2.91s
Epoch 155/300, Loss: 1.0007, Obj: -0.8712, Eq Viol (l1): 0.000039, Ineq Viol (l1): 0.000000, Epoch time: 2.88s
Epoch 156/300, Loss: 0.9552, Obj: -0.8987, Eq Viol (l1): 0.000032, Ineq Viol (l1): 0.000000, Epoch time: 2.92s
Epoch 157/300, Loss: 1.0109, Obj: -0.8944, Eq Viol (l1): 0.000036, Ineq Viol (l1): 0.000000, Epoch time: 2.90s
Epoch 158/300, Loss: 1.0116, Obj: -0.8995, Eq Viol (l1): 0.000033, Ineq Viol (l1): 0.000000, Epoch time: 2.90s
Epoch 159/300, Loss: 0.8319, Obj: -0.9358, Eq Viol (l1): 0.000030, Ineq Viol (l1): 0.000000, Epoch time: 2.91s
Epoch 160/300, Loss: 0.8802, Obj: -0.8688, Eq Viol (l1): 0.000032, Ineq Viol (l1): 0.000000, Epoch time: 2.93s
Epoch 161/300, Loss: 0.9253, Obj: -0.9101, Eq Viol (l1): 0.000036, Ineq Viol (l1): 0.000000, Epoch time: 2.90s

Running validation at epoch 160...

VALIDATION_EPOCH_160 EVALUATION RESULTS:
==================================================
Objective Value:     6.170853e-01
True Objective:      -2.413704e+00
Optimality Gap:      4.958401e+00 ± 3.389823e+00
Eq Violation l1:   4.739111e-03 (max: 7.181980e-01)
Ineq Violation l1: 1.036038e-03 (max: 2.053346e-01)
Solution Distance:   6.796702e+01 ± 1.289774e+00
Merit:             6.748368e-01 ± 1.030770e-01
Avg Inference Time:  0.1197s
==================================================
Epoch 162/300, Loss: 0.9248, Obj: -0.8876, Eq Viol (l1): 0.000068, Ineq Viol (l1): 0.000005, Epoch time: 2.89s
Epoch 163/300, Loss: 0.9154, Obj: -0.9002, Eq Viol (l1): 0.000041, Ineq Viol (l1): 0.000000, Epoch time: 2.86s
Epoch 164/300, Loss: 0.9269, Obj: -0.9072, Eq Viol (l1): 0.000037, Ineq Viol (l1): 0.000000, Epoch time: 2.89s
Epoch 165/300, Loss: 0.9317, Obj: -0.9026, Eq Viol (l1): 0.000035, Ineq Viol (l1): 0.000000, Epoch time: 2.92s
Epoch 166/300, Loss: 0.9550, Obj: -0.9089, Eq Viol (l1): 0.000039, Ineq Viol (l1): 0.000000, Epoch time: 2.98s
Epoch 167/300, Loss: 0.9555, Obj: -0.9023, Eq Viol (l1): 0.000033, Ineq Viol (l1): 0.000000, Epoch time: 2.93s
Epoch 168/300, Loss: 0.9167, Obj: -0.9228, Eq Viol (l1): 0.000042, Ineq Viol (l1): 0.000000, Epoch time: 2.87s
Epoch 169/300, Loss: 1.0732, Obj: -0.8532, Eq Viol (l1): 0.000036, Ineq Viol (l1): 0.000000, Epoch time: 2.89s
Epoch 170/300, Loss: 0.9687, Obj: -0.9209, Eq Viol (l1): 0.000032, Ineq Viol (l1): 0.000000, Epoch time: 2.88s
Epoch 171/300, Loss: 0.9420, Obj: -0.9577, Eq Viol (l1): 0.000034, Ineq Viol (l1): 0.000000, Epoch time: 2.92s

Running validation at epoch 170...

VALIDATION_EPOCH_170 EVALUATION RESULTS:
==================================================
Objective Value:     7.721724e-01
True Objective:      -2.413704e+00
Optimality Gap:      5.292852e+00 ± 3.587490e+00
Eq Violation l1:   3.131032e-03 (max: 5.786996e-01)
Ineq Violation l1: 5.051312e-04 (max: 1.068474e-01)
Solution Distance:   6.814223e+01 ± 1.173832e+00
Merit:             8.085341e-01 ± 3.933501e-02
Avg Inference Time:  0.1194s
==================================================
Epoch 172/300, Loss: 1.0051, Obj: -0.8379, Eq Viol (l1): 0.000048, Ineq Viol (l1): 0.000001, Epoch time: 2.94s
Epoch 173/300, Loss: 1.0041, Obj: -0.8865, Eq Viol (l1): 0.000031, Ineq Viol (l1): 0.000000, Epoch time: 2.92s
Epoch 174/300, Loss: 1.0808, Obj: -0.8727, Eq Viol (l1): 0.000026, Ineq Viol (l1): 0.000000, Epoch time: 2.97s
Epoch 175/300, Loss: 1.0440, Obj: -0.9044, Eq Viol (l1): 0.000033, Ineq Viol (l1): 0.000000, Epoch time: 2.90s
Epoch 176/300, Loss: 0.9632, Obj: -0.9006, Eq Viol (l1): 0.000033, Ineq Viol (l1): 0.000000, Epoch time: 2.90s
Epoch 177/300, Loss: 0.8501, Obj: -0.9187, Eq Viol (l1): 0.000040, Ineq Viol (l1): 0.000000, Epoch time: 2.86s
Epoch 178/300, Loss: 0.9410, Obj: -0.9225, Eq Viol (l1): 0.000046, Ineq Viol (l1): 0.000000, Epoch time: 2.88s
Epoch 179/300, Loss: 0.8569, Obj: -0.9060, Eq Viol (l1): 0.000041, Ineq Viol (l1): 0.000000, Epoch time: 2.85s
Epoch 180/300, Loss: 0.9396, Obj: -0.9654, Eq Viol (l1): 0.000044, Ineq Viol (l1): 0.000001, Epoch time: 2.90s
Epoch 181/300, Loss: 0.9646, Obj: -0.8432, Eq Viol (l1): 0.000039, Ineq Viol (l1): 0.000000, Epoch time: 2.94s

Running validation at epoch 180...

VALIDATION_EPOCH_180 EVALUATION RESULTS:
==================================================
Objective Value:     6.928532e-01
True Objective:      -2.413704e+00
Optimality Gap:      5.008423e+00 ± 3.349576e+00
Eq Violation l1:   4.634473e-03 (max: 7.594922e-01)
Ineq Violation l1: 8.105935e-04 (max: 1.215757e-01)
Solution Distance:   6.780310e+01 ± 1.493351e+00
Merit:             7.473039e-01 ± 1.224932e-01
Avg Inference Time:  0.1194s
==================================================
Epoch 182/300, Loss: 1.1016, Obj: -0.8663, Eq Viol (l1): 0.000033, Ineq Viol (l1): 0.000000, Epoch time: 2.93s
Epoch 183/300, Loss: 1.0181, Obj: -0.8813, Eq Viol (l1): 0.000037, Ineq Viol (l1): 0.000000, Epoch time: 2.95s
Epoch 184/300, Loss: 0.9640, Obj: -0.9661, Eq Viol (l1): 0.000032, Ineq Viol (l1): 0.000000, Epoch time: 2.90s
Epoch 185/300, Loss: 1.0757, Obj: -0.7865, Eq Viol (l1): 0.000035, Ineq Viol (l1): 0.000000, Epoch time: 2.91s
Epoch 186/300, Loss: 1.1300, Obj: -0.8257, Eq Viol (l1): 0.000038, Ineq Viol (l1): 0.000000, Epoch time: 2.87s
Epoch 187/300, Loss: 0.9081, Obj: -0.9039, Eq Viol (l1): 0.000032, Ineq Viol (l1): 0.000000, Epoch time: 2.91s
Epoch 188/300, Loss: 0.9147, Obj: -0.9374, Eq Viol (l1): 0.000042, Ineq Viol (l1): 0.000000, Epoch time: 2.89s
Epoch 189/300, Loss: 0.9612, Obj: -0.9113, Eq Viol (l1): 0.000034, Ineq Viol (l1): 0.000000, Epoch time: 2.90s
Epoch 190/300, Loss: 0.9889, Obj: -0.9193, Eq Viol (l1): 0.000035, Ineq Viol (l1): 0.000000, Epoch time: 2.90s
Epoch 191/300, Loss: 1.0414, Obj: -0.8863, Eq Viol (l1): 0.000031, Ineq Viol (l1): 0.000000, Epoch time: 2.93s

Running validation at epoch 190...

VALIDATION_EPOCH_190 EVALUATION RESULTS:
==================================================
Objective Value:     6.624815e-01
True Objective:      -2.413704e+00
Optimality Gap:      4.747117e+00 ± 3.243771e+00
Eq Violation l1:   5.363272e-03 (max: 1.253136e+00)
Ineq Violation l1: 1.326979e-03 (max: 3.580226e-01)
Solution Distance:   6.793799e+01 ± 1.243672e+00
Merit:             7.293840e-01 ± 2.047020e-02
Avg Inference Time:  0.1192s
==================================================
Epoch 192/300, Loss: 0.9232, Obj: -0.9129, Eq Viol (l1): 0.000031, Ineq Viol (l1): 0.000000, Epoch time: 2.96s
Epoch 193/300, Loss: 1.0691, Obj: -0.8683, Eq Viol (l1): 0.000026, Ineq Viol (l1): 0.000000, Epoch time: 2.96s
Epoch 194/300, Loss: 1.0027, Obj: -0.8997, Eq Viol (l1): 0.000035, Ineq Viol (l1): 0.000000, Epoch time: 2.96s
Epoch 195/300, Loss: 0.9106, Obj: -0.8615, Eq Viol (l1): 0.000029, Ineq Viol (l1): 0.000000, Epoch time: 2.93s
Epoch 196/300, Loss: 1.1588, Obj: -0.8409, Eq Viol (l1): 0.000034, Ineq Viol (l1): 0.000000, Epoch time: 2.95s
Epoch 197/300, Loss: 1.0571, Obj: -0.8750, Eq Viol (l1): 0.000034, Ineq Viol (l1): 0.000000, Epoch time: 2.96s
Epoch 198/300, Loss: 1.0198, Obj: -0.8692, Eq Viol (l1): 0.000039, Ineq Viol (l1): 0.000000, Epoch time: 2.90s
Epoch 199/300, Loss: 0.9937, Obj: -0.8712, Eq Viol (l1): 0.000031, Ineq Viol (l1): 0.000000, Epoch time: 2.90s
Epoch 200/300, Loss: 1.0107, Obj: -0.8950, Eq Viol (l1): 0.000040, Ineq Viol (l1): 0.000000, Epoch time: 3.00s
Epoch 201/300, Loss: 0.9958, Obj: -0.9056, Eq Viol (l1): 0.000038, Ineq Viol (l1): 0.000000, Epoch time: 2.88s

Running validation at epoch 200...

VALIDATION_EPOCH_200 EVALUATION RESULTS:
==================================================
Objective Value:     8.183499e-01
True Objective:      -2.413704e+00
Optimality Gap:      5.055061e+00 ± 3.228452e+00
Eq Violation l1:   2.183316e-03 (max: 5.889839e-01)
Ineq Violation l1: 3.853545e-04 (max: 1.376943e-01)
Solution Distance:   6.803800e+01 ± 1.179656e+00
Merit:             8.440366e-01 ± 1.039661e-02
Avg Inference Time:  0.1200s
==================================================
Epoch 202/300, Loss: 0.9924, Obj: -0.8206, Eq Viol (l1): 0.000035, Ineq Viol (l1): 0.000000, Epoch time: 2.89s
Epoch 203/300, Loss: 0.9785, Obj: -0.8513, Eq Viol (l1): 0.000033, Ineq Viol (l1): 0.000000, Epoch time: 2.90s
Epoch 204/300, Loss: 1.0236, Obj: -0.8605, Eq Viol (l1): 0.000042, Ineq Viol (l1): 0.000003, Epoch time: 2.95s
Epoch 205/300, Loss: 0.9736, Obj: -0.8602, Eq Viol (l1): 0.000040, Ineq Viol (l1): 0.000000, Epoch time: 2.90s
Epoch 206/300, Loss: 0.9529, Obj: -0.8773, Eq Viol (l1): 0.000035, Ineq Viol (l1): 0.000000, Epoch time: 2.88s
Epoch 207/300, Loss: 0.9701, Obj: -0.8912, Eq Viol (l1): 0.000037, Ineq Viol (l1): 0.000000, Epoch time: 2.97s
Epoch 208/300, Loss: 1.0441, Obj: -0.8527, Eq Viol (l1): 0.000030, Ineq Viol (l1): 0.000000, Epoch time: 2.91s
Epoch 209/300, Loss: 0.9772, Obj: -0.8932, Eq Viol (l1): 0.000043, Ineq Viol (l1): 0.000000, Epoch time: 2.91s
Epoch 210/300, Loss: 0.9337, Obj: -0.8796, Eq Viol (l1): 0.000189, Ineq Viol (l1): 0.000028, Epoch time: 2.97s
Epoch 211/300, Loss: 0.9903, Obj: -0.8816, Eq Viol (l1): 0.000043, Ineq Viol (l1): 0.000000, Epoch time: 2.87s

Running validation at epoch 210...

VALIDATION_EPOCH_210 EVALUATION RESULTS:
==================================================
Objective Value:     7.402564e-01
True Objective:      -2.413704e+00
Optimality Gap:      4.658708e+00 ± 2.788781e+00
Eq Violation l1:   3.813822e-03 (max: 8.827722e-01)
Ineq Violation l1: 6.813492e-04 (max: 1.589074e-01)
Solution Distance:   6.791794e+01 ± 1.498692e+00
Merit:             7.852081e-01 ± 7.368844e-02
Avg Inference Time:  0.1193s
==================================================
Epoch 212/300, Loss: 1.0578, Obj: -0.8256, Eq Viol (l1): 0.000034, Ineq Viol (l1): 0.000000, Epoch time: 2.88s
Epoch 213/300, Loss: 0.8873, Obj: -0.9137, Eq Viol (l1): 0.000033, Ineq Viol (l1): 0.000000, Epoch time: 2.89s
Epoch 214/300, Loss: 0.9033, Obj: -0.9018, Eq Viol (l1): 0.000042, Ineq Viol (l1): 0.000001, Epoch time: 2.96s
Epoch 215/300, Loss: 0.9704, Obj: -0.8859, Eq Viol (l1): 0.000053, Ineq Viol (l1): 0.000002, Epoch time: 2.92s
Epoch 216/300, Loss: 1.0518, Obj: -0.8377, Eq Viol (l1): 0.000037, Ineq Viol (l1): 0.000000, Epoch time: 2.92s
Epoch 217/300, Loss: 1.0105, Obj: -0.8640, Eq Viol (l1): 0.000027, Ineq Viol (l1): 0.000000, Epoch time: 2.97s
Epoch 218/300, Loss: 1.0082, Obj: -0.9115, Eq Viol (l1): 0.000033, Ineq Viol (l1): 0.000000, Epoch time: 2.93s
Epoch 219/300, Loss: 0.9400, Obj: -0.9263, Eq Viol (l1): 0.000040, Ineq Viol (l1): 0.000000, Epoch time: 2.87s
Epoch 220/300, Loss: 0.9522, Obj: -0.9191, Eq Viol (l1): 0.000040, Ineq Viol (l1): 0.000000, Epoch time: 2.86s
Epoch 221/300, Loss: 0.9799, Obj: -0.9148, Eq Viol (l1): 0.000095, Ineq Viol (l1): 0.000007, Epoch time: 2.91s

Running validation at epoch 220...

VALIDATION_EPOCH_220 EVALUATION RESULTS:
==================================================
Objective Value:     6.832597e-01
True Objective:      -2.413704e+00
Optimality Gap:      4.698932e+00 ± 2.994639e+00
Eq Violation l1:   3.263781e-03 (max: 6.223982e-01)
Ineq Violation l1: 5.159139e-04 (max: 1.060066e-01)
Solution Distance:   6.784272e+01 ± 1.553208e+00
Merit:             7.210567e-01 ± 6.579071e-02
Avg Inference Time:  0.1192s
==================================================
Epoch 222/300, Loss: 0.9484, Obj: -0.9204, Eq Viol (l1): 0.000039, Ineq Viol (l1): 0.000000, Epoch time: 2.92s
Epoch 223/300, Loss: 0.9439, Obj: -0.8982, Eq Viol (l1): 0.000033, Ineq Viol (l1): 0.000000, Epoch time: 2.90s
Epoch 224/300, Loss: 0.9370, Obj: -0.9235, Eq Viol (l1): 0.000033, Ineq Viol (l1): 0.000001, Epoch time: 2.96s
Epoch 225/300, Loss: 0.9262, Obj: -0.9232, Eq Viol (l1): 0.000035, Ineq Viol (l1): 0.000000, Epoch time: 2.88s
Epoch 226/300, Loss: 0.8594, Obj: -0.9321, Eq Viol (l1): 0.000038, Ineq Viol (l1): 0.000000, Epoch time: 2.86s
Epoch 227/300, Loss: 0.8998, Obj: -0.9234, Eq Viol (l1): 0.000038, Ineq Viol (l1): 0.000000, Epoch time: 2.90s
Epoch 228/300, Loss: 1.1832, Obj: -0.8332, Eq Viol (l1): 0.000036, Ineq Viol (l1): 0.000000, Epoch time: 2.92s
Epoch 229/300, Loss: 0.9552, Obj: -0.9504, Eq Viol (l1): 0.000037, Ineq Viol (l1): 0.000000, Epoch time: 2.89s
Epoch 230/300, Loss: 0.8203, Obj: -0.8998, Eq Viol (l1): 0.000037, Ineq Viol (l1): 0.000000, Epoch time: 2.94s
Epoch 231/300, Loss: 0.8455, Obj: -0.9661, Eq Viol (l1): 0.000042, Ineq Viol (l1): 0.000000, Epoch time: 2.88s

Running validation at epoch 230...

VALIDATION_EPOCH_230 EVALUATION RESULTS:
==================================================
Objective Value:     6.170540e-01
True Objective:      -2.413704e+00
Optimality Gap:      4.684639e+00 ± 3.174683e+00
Eq Violation l1:   3.586692e-03 (max: 9.116345e-01)
Ineq Violation l1: 6.515401e-04 (max: 1.558577e-01)
Solution Distance:   6.750759e+01 ± 1.673045e+00
Merit:             6.594363e-01 ± 5.844996e-02
Avg Inference Time:  0.1200s
==================================================
Epoch 232/300, Loss: 0.9195, Obj: -0.9010, Eq Viol (l1): 0.000035, Ineq Viol (l1): 0.000000, Epoch time: 3.00s
Epoch 233/300, Loss: 0.9405, Obj: -0.8745, Eq Viol (l1): 0.000036, Ineq Viol (l1): 0.000000, Epoch time: 2.93s
Epoch 234/300, Loss: 0.9680, Obj: -0.9065, Eq Viol (l1): 0.000037, Ineq Viol (l1): 0.000002, Epoch time: 2.98s
Epoch 235/300, Loss: 1.0159, Obj: -0.9110, Eq Viol (l1): 0.000036, Ineq Viol (l1): 0.000000, Epoch time: 2.88s
Epoch 236/300, Loss: 1.0377, Obj: -0.8578, Eq Viol (l1): 0.000041, Ineq Viol (l1): 0.000000, Epoch time: 2.86s
Epoch 237/300, Loss: 1.0843, Obj: -0.9242, Eq Viol (l1): 0.000036, Ineq Viol (l1): 0.000000, Epoch time: 2.88s
Epoch 238/300, Loss: 0.9286, Obj: -0.9649, Eq Viol (l1): 0.000038, Ineq Viol (l1): 0.000000, Epoch time: 2.88s
Epoch 239/300, Loss: 0.8805, Obj: -0.9308, Eq Viol (l1): 0.000036, Ineq Viol (l1): 0.000000, Epoch time: 2.89s
Epoch 240/300, Loss: 0.8483, Obj: -0.8940, Eq Viol (l1): 0.000038, Ineq Viol (l1): 0.000000, Epoch time: 2.88s
Epoch 241/300, Loss: 0.8079, Obj: -0.9292, Eq Viol (l1): 0.000039, Ineq Viol (l1): 0.000000, Epoch time: 2.86s

Running validation at epoch 240...

VALIDATION_EPOCH_240 EVALUATION RESULTS:
==================================================
Objective Value:     6.567974e-01
True Objective:      -2.413704e+00
Optimality Gap:      4.739907e+00 ± 3.074470e+00
Eq Violation l1:   2.677286e-03 (max: 3.718883e-01)
Ineq Violation l1: 6.609883e-04 (max: 9.902146e-02)
Solution Distance:   6.727260e+01 ± 1.631541e+00
Merit:             6.901801e-01 ± 9.082331e-02
Avg Inference Time:  0.1193s
==================================================
Epoch 242/300, Loss: 0.8735, Obj: -0.9336, Eq Viol (l1): 0.000042, Ineq Viol (l1): 0.000000, Epoch time: 2.86s
Epoch 243/300, Loss: 0.9086, Obj: -0.9126, Eq Viol (l1): 0.000036, Ineq Viol (l1): 0.000000, Epoch time: 2.88s
Epoch 244/300, Loss: 0.9090, Obj: -0.9017, Eq Viol (l1): 0.000040, Ineq Viol (l1): 0.000000, Epoch time: 2.89s
Epoch 245/300, Loss: 1.0036, Obj: -0.8654, Eq Viol (l1): 0.000031, Ineq Viol (l1): 0.000000, Epoch time: 2.97s
Epoch 246/300, Loss: 1.0306, Obj: -0.9184, Eq Viol (l1): 0.000037, Ineq Viol (l1): 0.000001, Epoch time: 2.98s
Epoch 247/300, Loss: 0.9809, Obj: -0.9012, Eq Viol (l1): 0.000035, Ineq Viol (l1): 0.000000, Epoch time: 2.96s
Epoch 248/300, Loss: 0.9153, Obj: -0.9104, Eq Viol (l1): 0.000039, Ineq Viol (l1): 0.000000, Epoch time: 2.90s
Epoch 249/300, Loss: 0.9548, Obj: -0.9169, Eq Viol (l1): 0.000042, Ineq Viol (l1): 0.000000, Epoch time: 2.88s
Epoch 250/300, Loss: 0.9652, Obj: -0.8479, Eq Viol (l1): 0.000044, Ineq Viol (l1): 0.000001, Epoch time: 2.94s
Epoch 251/300, Loss: 0.8993, Obj: -0.9295, Eq Viol (l1): 0.000034, Ineq Viol (l1): 0.000000, Epoch time: 2.93s

Running validation at epoch 250...

VALIDATION_EPOCH_250 EVALUATION RESULTS:
==================================================
Objective Value:     6.963922e-01
True Objective:      -2.413704e+00
Optimality Gap:      4.891630e+00 ± 3.109842e+00
Eq Violation l1:   2.408049e-03 (max: 5.621723e-01)
Ineq Violation l1: 4.776870e-04 (max: 1.414253e-01)
Solution Distance:   6.762979e+01 ± 1.771174e+00
Merit:             7.252495e-01 ± 4.755865e-02
Avg Inference Time:  0.1194s
==================================================
Epoch 252/300, Loss: 0.9456, Obj: -0.8564, Eq Viol (l1): 0.000034, Ineq Viol (l1): 0.000000, Epoch time: 2.91s
Epoch 253/300, Loss: 0.9916, Obj: -0.8860, Eq Viol (l1): 0.000032, Ineq Viol (l1): 0.000000, Epoch time: 2.94s
Epoch 254/300, Loss: 0.9051, Obj: -0.8928, Eq Viol (l1): 0.000040, Ineq Viol (l1): 0.000000, Epoch time: 2.86s
Epoch 255/300, Loss: 0.9181, Obj: -0.9037, Eq Viol (l1): 0.000039, Ineq Viol (l1): 0.000000, Epoch time: 2.86s
Epoch 256/300, Loss: 0.9207, Obj: -0.8569, Eq Viol (l1): 0.000289, Ineq Viol (l1): 0.000048, Epoch time: 2.91s
Epoch 257/300, Loss: 0.9318, Obj: -0.9037, Eq Viol (l1): 0.000043, Ineq Viol (l1): 0.000000, Epoch time: 2.89s
Epoch 258/300, Loss: 0.8830, Obj: -0.8723, Eq Viol (l1): 0.000059, Ineq Viol (l1): 0.000006, Epoch time: 2.97s
Epoch 259/300, Loss: 0.8354, Obj: -0.9501, Eq Viol (l1): 0.000036, Ineq Viol (l1): 0.000000, Epoch time: 2.97s
Epoch 260/300, Loss: 0.8131, Obj: -0.8823, Eq Viol (l1): 0.000033, Ineq Viol (l1): 0.000000, Epoch time: 2.94s
Epoch 261/300, Loss: 0.8185, Obj: -0.9528, Eq Viol (l1): 0.000038, Ineq Viol (l1): 0.000000, Epoch time: 2.92s

Running validation at epoch 260...

VALIDATION_EPOCH_260 EVALUATION RESULTS:
==================================================
Objective Value:     6.747711e-01
True Objective:      -2.413704e+00
Optimality Gap:      4.499787e+00 ± 2.739875e+00
Eq Violation l1:   1.545323e-03 (max: 3.394953e-01)
Ineq Violation l1: 2.194808e-04 (max: 5.001950e-02)
Solution Distance:   6.751384e+01 ± 1.430837e+00
Merit:             6.924192e-01 ± 5.453039e-02
Avg Inference Time:  0.1196s
==================================================
Epoch 262/300, Loss: 0.8624, Obj: -0.9322, Eq Viol (l1): 0.000039, Ineq Viol (l1): 0.000000, Epoch time: 2.90s
Epoch 263/300, Loss: 0.9401, Obj: -0.9128, Eq Viol (l1): 0.000039, Ineq Viol (l1): 0.000000, Epoch time: 2.89s
Epoch 264/300, Loss: 0.8015, Obj: -0.9131, Eq Viol (l1): 0.000041, Ineq Viol (l1): 0.000000, Epoch time: 2.86s
Epoch 265/300, Loss: 0.8692, Obj: -0.9822, Eq Viol (l1): 0.000049, Ineq Viol (l1): 0.000003, Epoch time: 3.04s
Epoch 266/300, Loss: 0.8152, Obj: -0.9151, Eq Viol (l1): 0.000035, Ineq Viol (l1): 0.000000, Epoch time: 2.90s
Epoch 267/300, Loss: 0.7955, Obj: -0.9210, Eq Viol (l1): 0.000043, Ineq Viol (l1): 0.000000, Epoch time: 2.85s
Epoch 268/300, Loss: 0.7396, Obj: -0.9281, Eq Viol (l1): 0.000035, Ineq Viol (l1): 0.000000, Epoch time: 2.81s
Epoch 269/300, Loss: 0.7463, Obj: -0.9340, Eq Viol (l1): 0.000040, Ineq Viol (l1): 0.000000, Epoch time: 2.70s
Epoch 270/300, Loss: 0.7858, Obj: -0.9717, Eq Viol (l1): 0.000036, Ineq Viol (l1): 0.000000, Epoch time: 2.73s
Epoch 271/300, Loss: 0.8149, Obj: -0.8735, Eq Viol (l1): 0.000042, Ineq Viol (l1): 0.000000, Epoch time: 2.69s

Running validation at epoch 270...

VALIDATION_EPOCH_270 EVALUATION RESULTS:
==================================================
Objective Value:     6.767879e-01
True Objective:      -2.413704e+00
Optimality Gap:      4.532639e+00 ± 2.930082e+00
Eq Violation l1:   4.444600e-03 (max: 1.330640e+00)
Ineq Violation l1: 8.616969e-04 (max: 2.815876e-01)
Solution Distance:   6.817876e+01 ± 1.392206e+00
Merit:             7.298508e-01 ± 9.183950e-02
Avg Inference Time:  0.1195s
==================================================
Epoch 272/300, Loss: 0.8708, Obj: -0.9243, Eq Viol (l1): 0.000041, Ineq Viol (l1): 0.000000, Epoch time: 2.71s
Epoch 273/300, Loss: 0.9139, Obj: -0.9004, Eq Viol (l1): 0.000043, Ineq Viol (l1): 0.000000, Epoch time: 2.77s
Epoch 274/300, Loss: 0.7617, Obj: -0.9352, Eq Viol (l1): 0.000035, Ineq Viol (l1): 0.000000, Epoch time: 2.79s
Epoch 275/300, Loss: 0.7805, Obj: -0.9386, Eq Viol (l1): 0.000032, Ineq Viol (l1): 0.000000, Epoch time: 2.82s
Epoch 276/300, Loss: 0.8306, Obj: -0.9252, Eq Viol (l1): 0.000037, Ineq Viol (l1): 0.000000, Epoch time: 2.90s
Epoch 277/300, Loss: 0.7929, Obj: -0.9301, Eq Viol (l1): 0.000044, Ineq Viol (l1): 0.000000, Epoch time: 2.84s
Epoch 278/300, Loss: 0.8375, Obj: -0.9581, Eq Viol (l1): 0.000037, Ineq Viol (l1): 0.000000, Epoch time: 2.88s
Epoch 279/300, Loss: 0.7162, Obj: -0.9632, Eq Viol (l1): 0.000045, Ineq Viol (l1): 0.000000, Epoch time: 2.83s
Epoch 280/300, Loss: 0.7282, Obj: -0.9386, Eq Viol (l1): 0.000041, Ineq Viol (l1): 0.000000, Epoch time: 2.87s
Epoch 281/300, Loss: 0.7839, Obj: -0.9142, Eq Viol (l1): 0.000040, Ineq Viol (l1): 0.000000, Epoch time: 2.86s

Running validation at epoch 280...

VALIDATION_EPOCH_280 EVALUATION RESULTS:
==================================================
Objective Value:     6.432781e-01
True Objective:      -2.413704e+00
Optimality Gap:      4.609803e+00 ± 2.894678e+00
Eq Violation l1:   7.403294e-03 (max: 1.603084e+00)
Ineq Violation l1: 1.815231e-03 (max: 4.038485e-01)
Solution Distance:   6.740589e+01 ± 1.429327e+00
Merit:             7.354633e-01 ± 8.975420e-02
Avg Inference Time:  0.1194s
==================================================
Epoch 282/300, Loss: 0.8100, Obj: -0.9194, Eq Viol (l1): 0.000037, Ineq Viol (l1): 0.000000, Epoch time: 2.89s
Epoch 283/300, Loss: 0.6766, Obj: -0.9514, Eq Viol (l1): 0.000037, Ineq Viol (l1): 0.000000, Epoch time: 2.87s
Epoch 284/300, Loss: 0.7230, Obj: -0.9496, Eq Viol (l1): 0.000033, Ineq Viol (l1): 0.000000, Epoch time: 2.92s
Epoch 285/300, Loss: 0.7282, Obj: -0.9334, Eq Viol (l1): 0.000039, Ineq Viol (l1): 0.000000, Epoch time: 2.88s
Epoch 286/300, Loss: 0.7203, Obj: -0.9649, Eq Viol (l1): 0.000038, Ineq Viol (l1): 0.000000, Epoch time: 2.87s
Epoch 287/300, Loss: 0.7543, Obj: -0.9442, Eq Viol (l1): 0.000034, Ineq Viol (l1): 0.000000, Epoch time: 2.87s
Epoch 288/300, Loss: 0.7893, Obj: -0.8993, Eq Viol (l1): 0.000039, Ineq Viol (l1): 0.000000, Epoch time: 2.87s
Epoch 289/300, Loss: 0.7565, Obj: -0.9645, Eq Viol (l1): 0.000037, Ineq Viol (l1): 0.000000, Epoch time: 2.91s
Epoch 290/300, Loss: 0.6782, Obj: -0.9659, Eq Viol (l1): 0.000036, Ineq Viol (l1): 0.000000, Epoch time: 2.90s
Epoch 291/300, Loss: 0.7520, Obj: -0.9428, Eq Viol (l1): 0.000038, Ineq Viol (l1): 0.000000, Epoch time: 2.87s

Running validation at epoch 290...

VALIDATION_EPOCH_290 EVALUATION RESULTS:
==================================================
Objective Value:     6.412153e-01
True Objective:      -2.413704e+00
Optimality Gap:      4.566973e+00 ± 2.948457e+00
Eq Violation l1:   7.697113e-03 (max: 1.946334e+00)
Ineq Violation l1: 1.460670e-03 (max: 4.152934e-01)
Solution Distance:   6.760332e+01 ± 1.722548e+00
Merit:             7.327932e-01 ± 5.012179e-02
Avg Inference Time:  0.1198s
==================================================
Epoch 292/300, Loss: 0.9494, Obj: -0.8477, Eq Viol (l1): 0.000032, Ineq Viol (l1): 0.000000, Epoch time: 2.91s
Epoch 293/300, Loss: 0.7753, Obj: -0.9976, Eq Viol (l1): 0.000034, Ineq Viol (l1): 0.000000, Epoch time: 2.91s
Epoch 294/300, Loss: 0.7497, Obj: -0.9141, Eq Viol (l1): 0.000035, Ineq Viol (l1): 0.000000, Epoch time: 2.88s
Epoch 295/300, Loss: 0.7262, Obj: -0.9867, Eq Viol (l1): 0.000035, Ineq Viol (l1): 0.000000, Epoch time: 2.92s
Epoch 296/300, Loss: 0.8608, Obj: -0.9652, Eq Viol (l1): 0.000032, Ineq Viol (l1): 0.000000, Epoch time: 2.93s
Epoch 297/300, Loss: 0.7442, Obj: -0.9956, Eq Viol (l1): 0.000034, Ineq Viol (l1): 0.000000, Epoch time: 2.93s
Epoch 298/300, Loss: 0.8140, Obj: -0.9920, Eq Viol (l1): 0.000036, Ineq Viol (l1): 0.000000, Epoch time: 2.99s
Epoch 299/300, Loss: 0.8243, Obj: -0.9374, Eq Viol (l1): 0.000554, Ineq Viol (l1): 0.000113, Epoch time: 3.08s
Epoch 300/300, Loss: 0.9239, Obj: -0.9047, Eq Viol (l1): 0.000049, Ineq Viol (l1): 0.000003, Epoch time: 3.00s

Training completed in 893.40 seconds.

============================================================
COMPREHENSIVE TEST EVALUATION WITH DETAILED RESULTS
============================================================
Testing with batch sizes: [256, 512]

Evaluating with batch size: 256 (with detailed results)

TEST_BS256 EVALUATION RESULTS:
==================================================
Objective Value:     7.146941e-01
True Objective:      -2.409220e+00
Optimality Gap:      2.695675e+00 ± 3.298818e+00
Eq Violation l1:   9.539560e-04 (max: 1.807560e-01)
Ineq Violation l1: 1.739558e-04 (max: 3.924908e-02)
Solution Distance:   6.819690e+01 ± 1.542652e+00
Merit:             7.259733e-01 ± 1.408123e-01
Avg Inference Time:  0.1068s
==================================================

Evaluating with batch size: 512 (with detailed results)

TEST_BS512 EVALUATION RESULTS:
==================================================
Objective Value:     7.119896e-01
True Objective:      -2.408634e+00
Optimality Gap:      2.614501e+00 ± 1.998165e+00
Eq Violation l1:   8.870500e-04 (max: 2.524899e-01)
Ineq Violation l1: 1.606679e-04 (max: 5.289251e-02)
Solution Distance:   6.816260e+01 ± 1.004534e+00
Merit:             7.224668e-01 ± 9.154651e-02
Avg Inference Time:  0.1165s
==================================================

TEST BATCH SIZE COMPARISON:
================================================================================
Batch Size   Objective    Opt Gap      Eq Viol      Ineq Viol    Time (s)  
--------------------------------------------------------------------------------
256          7.1469e-01   2.6957e+00   9.5396e-04   1.7396e-04   0.85      
512          7.1199e-01   2.6145e+00   8.8705e-04   1.6067e-04   0.47      
================================================================================

Saving model and results to: results/nonsmooth_nonconvex/socp/SOCPProblem-100-50-50-10000/20260107-053746_MLP_FSNet_seed0_nepochs300_lr0.0002_trainsize7000_finetune_20260107-043823_model_400
✓ Model saved: results/nonsmooth_nonconvex/socp/SOCPProblem-100-50-50-10000/20260107-053746_MLP_FSNet_seed0_nepochs300_lr0.0002_trainsize7000_finetune_20260107-043823_model_400/model.pt
✓ Detailed results saved: results/nonsmooth_nonconvex/socp/SOCPProblem-100-50-50-10000/20260107-053746_MLP_FSNet_seed0_nepochs300_lr0.0002_trainsize7000_finetune_20260107-043823_model_400/results.pkl

Files saved (or attempted):
  - model.pt (model weights and architecture)
  - results.pkl (training history, metrics, detailed test results)
Training and testing completed in 896.61 seconds
Done!!!
============================================================
==========         =====================         ===========
==========   0      =====================         ===========
==========         =====================         ===========
============================================================

======= Running for problem: nonsmooth_nonconvex/socp =======

Loading problem instance: nonsmooth_nonconvex/socp with size [100, 50, 50, 10000]
Loading  dataset from: datasets/nonsmooth_nonconvex/socp/random2025_socp_dataset_var100_ineq50_eq50_ex10000 

Running on:  cuda
Training model using FSNet method with seed 1 for 300 epochs
Using batch size: 512
Loading model from checkpoint: results/nonsmooth_nonconvex/socp/SOCPProblem-100-50-50-10000/20260107-043823_MLP_sup_seed1_nepochs500_lr0.0005_trainsize7000/model_400.pt

lr: 0.0002, weight_decay: 0.001, num_epochs: 300

Epoch 1/300, Loss: 0.9451, Obj: -1.6058, Eq Viol (l1): 0.000053, Ineq Viol (l1): 0.000000, Epoch time: 6.73s

Running validation at epoch 0...

VALIDATION_EPOCH_0 EVALUATION RESULTS:
==================================================
Objective Value:     5.707901e-01
True Objective:      -2.413704e+00
Optimality Gap:      4.728613e+00 ± 2.955596e+00
Eq Violation l1:   5.429722e-03 (max: 1.748996e+00)
Ineq Violation l1: 8.742928e-04 (max: 3.049051e-01)
Solution Distance:   6.858655e+01 ± 1.716146e+00
Merit:             6.338303e-01 ± 1.149421e-01
Avg Inference Time:  0.6705s
==================================================
Epoch 2/300, Loss: 0.7128, Obj: -1.4980, Eq Viol (l1): 0.000043, Ineq Viol (l1): 0.000000, Epoch time: 2.93s
Epoch 3/300, Loss: 0.5324, Obj: -1.3134, Eq Viol (l1): 0.000042, Ineq Viol (l1): 0.000000, Epoch time: 2.88s
Epoch 4/300, Loss: 0.4922, Obj: -1.2457, Eq Viol (l1): 0.000036, Ineq Viol (l1): 0.000000, Epoch time: 2.90s
Epoch 5/300, Loss: 0.4594, Obj: -1.2450, Eq Viol (l1): 0.000035, Ineq Viol (l1): 0.000000, Epoch time: 2.88s
Epoch 6/300, Loss: 0.4804, Obj: -1.1843, Eq Viol (l1): 0.000039, Ineq Viol (l1): 0.000000, Epoch time: 2.89s
Epoch 7/300, Loss: 0.5414, Obj: -1.1255, Eq Viol (l1): 0.000039, Ineq Viol (l1): 0.000000, Epoch time: 2.91s
Epoch 8/300, Loss: 0.4648, Obj: -1.1507, Eq Viol (l1): 0.000059, Ineq Viol (l1): 0.000006, Epoch time: 2.91s
Epoch 9/300, Loss: 0.4937, Obj: -1.1729, Eq Viol (l1): 0.000221, Ineq Viol (l1): 0.000038, Epoch time: 2.93s
Epoch 10/300, Loss: 0.5636, Obj: -1.1908, Eq Viol (l1): 0.000037, Ineq Viol (l1): 0.000000, Epoch time: 2.89s
Epoch 11/300, Loss: 0.5897, Obj: -1.1501, Eq Viol (l1): 0.000034, Ineq Viol (l1): 0.000000, Epoch time: 2.90s

Running validation at epoch 10...

VALIDATION_EPOCH_10 EVALUATION RESULTS:
==================================================
Objective Value:     6.737694e-01
True Objective:      -2.413704e+00
Optimality Gap:      4.880757e+00 ± 3.146024e+00
Eq Violation l1:   6.736689e-03 (max: 1.561712e+00)
Ineq Violation l1: 1.396944e-03 (max: 3.546269e-01)
Solution Distance:   6.846444e+01 ± 1.513305e+00
Merit:             7.551057e-01 ± 1.091757e-01
Avg Inference Time:  0.1201s
==================================================
Epoch 12/300, Loss: 0.6028, Obj: -1.1393, Eq Viol (l1): 0.000036, Ineq Viol (l1): 0.000000, Epoch time: 2.88s
Epoch 13/300, Loss: 0.6688, Obj: -1.0996, Eq Viol (l1): 0.000043, Ineq Viol (l1): 0.000000, Epoch time: 2.85s
Epoch 14/300, Loss: 0.7764, Obj: -1.0991, Eq Viol (l1): 0.000037, Ineq Viol (l1): 0.000000, Epoch time: 2.89s
Epoch 15/300, Loss: 0.7885, Obj: -1.1095, Eq Viol (l1): 0.000038, Ineq Viol (l1): 0.000000, Epoch time: 2.88s
Epoch 16/300, Loss: 0.7019, Obj: -1.1607, Eq Viol (l1): 0.000039, Ineq Viol (l1): 0.000000, Epoch time: 2.86s
Epoch 17/300, Loss: 0.8576, Obj: -1.0293, Eq Viol (l1): 0.000035, Ineq Viol (l1): 0.000000, Epoch time: 2.88s
Epoch 18/300, Loss: 0.9269, Obj: -0.9954, Eq Viol (l1): 0.000038, Ineq Viol (l1): 0.000000, Epoch time: 2.87s
Epoch 19/300, Loss: 0.9363, Obj: -0.9785, Eq Viol (l1): 0.000034, Ineq Viol (l1): 0.000000, Epoch time: 2.90s
Epoch 20/300, Loss: 1.0728, Obj: -0.9947, Eq Viol (l1): 0.000031, Ineq Viol (l1): 0.000000, Epoch time: 2.92s
Epoch 21/300, Loss: 1.0711, Obj: -0.9327, Eq Viol (l1): 0.000033, Ineq Viol (l1): 0.000000, Epoch time: 2.92s

Running validation at epoch 20...

VALIDATION_EPOCH_20 EVALUATION RESULTS:
==================================================
Objective Value:     7.617870e-01
True Objective:      -2.413704e+00
Optimality Gap:      4.854356e+00 ± 2.964069e+00
Eq Violation l1:   3.193196e-03 (max: 3.877108e-01)
Ineq Violation l1: 6.249274e-04 (max: 8.710636e-02)
Solution Distance:   6.865520e+01 ± 1.810722e+00
Merit:             7.999683e-01 ± 1.192768e-01
Avg Inference Time:  0.1199s
==================================================
Epoch 22/300, Loss: 0.9584, Obj: -1.0263, Eq Viol (l1): 0.000033, Ineq Viol (l1): 0.000000, Epoch time: 2.90s
Epoch 23/300, Loss: 1.0728, Obj: -0.9368, Eq Viol (l1): 0.000029, Ineq Viol (l1): 0.000000, Epoch time: 2.92s
Epoch 24/300, Loss: 1.1412, Obj: -1.0216, Eq Viol (l1): 0.000027, Ineq Viol (l1): 0.000000, Epoch time: 2.99s
Epoch 25/300, Loss: 1.1785, Obj: -0.9810, Eq Viol (l1): 0.000026, Ineq Viol (l1): 0.000000, Epoch time: 2.98s
Epoch 26/300, Loss: 1.2632, Obj: -0.9335, Eq Viol (l1): 0.000026, Ineq Viol (l1): 0.000000, Epoch time: 3.00s
Epoch 27/300, Loss: 1.2195, Obj: -1.0304, Eq Viol (l1): 0.000037, Ineq Viol (l1): 0.000000, Epoch time: 2.89s
Epoch 28/300, Loss: 1.2435, Obj: -0.9229, Eq Viol (l1): 0.000038, Ineq Viol (l1): 0.000000, Epoch time: 2.88s
Epoch 29/300, Loss: 1.0333, Obj: -1.0778, Eq Viol (l1): 0.000257, Ineq Viol (l1): 0.000036, Epoch time: 2.93s
Epoch 30/300, Loss: 1.1423, Obj: -1.1102, Eq Viol (l1): 0.001509, Ineq Viol (l1): 0.000442, Epoch time: 2.90s
Epoch 31/300, Loss: 1.2044, Obj: -0.9065, Eq Viol (l1): 0.003345, Ineq Viol (l1): 0.001664, Epoch time: 2.96s

Running validation at epoch 30...

VALIDATION_EPOCH_30 EVALUATION RESULTS:
==================================================
Objective Value:     7.234260e-01
True Objective:      -2.413704e+00
Optimality Gap:      4.722420e+00 ± 2.817518e+00
Eq Violation l1:   1.531738e-03 (max: 4.560913e-01)
Ineq Violation l1: 3.327653e-04 (max: 1.232007e-01)
Solution Distance:   6.826575e+01 ± 1.538523e+00
Merit:             7.420710e-01 ± 1.250444e-01
Avg Inference Time:  0.1199s
==================================================
Epoch 32/300, Loss: 1.3037, Obj: -0.9950, Eq Viol (l1): 0.002254, Ineq Viol (l1): 0.000539, Epoch time: 2.99s
Epoch 33/300, Loss: 1.3071, Obj: -0.9260, Eq Viol (l1): 0.000619, Ineq Viol (l1): 0.000129, Epoch time: 3.13s
Epoch 34/300, Loss: 1.3052, Obj: -0.9613, Eq Viol (l1): 0.001567, Ineq Viol (l1): 0.000317, Epoch time: 3.00s
Epoch 35/300, Loss: 1.4096, Obj: -0.9412, Eq Viol (l1): 0.005501, Ineq Viol (l1): 0.001664, Epoch time: 2.95s
Epoch 36/300, Loss: 1.5408, Obj: -0.9605, Eq Viol (l1): 0.011172, Ineq Viol (l1): 0.002532, Epoch time: 3.01s
Epoch 37/300, Loss: 1.3285, Obj: -0.9264, Eq Viol (l1): 0.018991, Ineq Viol (l1): 0.006369, Epoch time: 3.01s
Epoch 38/300, Loss: 1.2596, Obj: -1.0175, Eq Viol (l1): 0.010630, Ineq Viol (l1): 0.003723, Epoch time: 3.00s
Epoch 39/300, Loss: 1.2992, Obj: -0.9131, Eq Viol (l1): 0.012679, Ineq Viol (l1): 0.004207, Epoch time: 3.01s
Epoch 40/300, Loss: 1.3939, Obj: -0.9434, Eq Viol (l1): 0.005670, Ineq Viol (l1): 0.002371, Epoch time: 3.01s
Epoch 41/300, Loss: 1.7510, Obj: -0.9170, Eq Viol (l1): 0.035759, Ineq Viol (l1): 0.009704, Epoch time: 2.98s

Running validation at epoch 40...

VALIDATION_EPOCH_40 EVALUATION RESULTS:
==================================================
Objective Value:     7.458433e-01
True Objective:      -2.413704e+00
Optimality Gap:      4.702248e+00 ± 2.848963e+00
Eq Violation l1:   3.647404e-03 (max: 9.524811e-01)
Ineq Violation l1: 6.983565e-04 (max: 1.963375e-01)
Solution Distance:   6.865968e+01 ± 1.783401e+00
Merit:             7.893009e-01 ± 1.017929e-01
Avg Inference Time:  0.1202s
==================================================
Epoch 42/300, Loss: 2.0447, Obj: -0.8749, Eq Viol (l1): 0.011834, Ineq Viol (l1): 0.003338, Epoch time: 3.03s
Epoch 43/300, Loss: 1.5993, Obj: -0.9292, Eq Viol (l1): 0.025609, Ineq Viol (l1): 0.008195, Epoch time: 3.06s
Epoch 44/300, Loss: 1.2914, Obj: -0.8581, Eq Viol (l1): 0.048406, Ineq Viol (l1): 0.021538, Epoch time: 3.04s
Epoch 45/300, Loss: 1.2379, Obj: -0.9000, Eq Viol (l1): 0.041109, Ineq Viol (l1): 0.016775, Epoch time: 2.93s
Epoch 46/300, Loss: 1.1916, Obj: -0.8969, Eq Viol (l1): 0.045259, Ineq Viol (l1): 0.020980, Epoch time: 2.94s
Epoch 47/300, Loss: 1.2474, Obj: -0.8595, Eq Viol (l1): 0.050173, Ineq Viol (l1): 0.021855, Epoch time: 2.97s
Epoch 48/300, Loss: 1.2331, Obj: -0.8972, Eq Viol (l1): 0.047911, Ineq Viol (l1): 0.023197, Epoch time: 2.95s
Epoch 49/300, Loss: 1.1867, Obj: -0.8950, Eq Viol (l1): 0.046715, Ineq Viol (l1): 0.020861, Epoch time: 3.00s
Epoch 50/300, Loss: 1.2095, Obj: -0.8710, Eq Viol (l1): 0.042369, Ineq Viol (l1): 0.018849, Epoch time: 2.97s
Epoch 51/300, Loss: 1.5612, Obj: -0.8967, Eq Viol (l1): 0.016073, Ineq Viol (l1): 0.004281, Epoch time: 2.97s

Running validation at epoch 50...

VALIDATION_EPOCH_50 EVALUATION RESULTS:
==================================================
Objective Value:     7.412073e-01
True Objective:      -2.413704e+00
Optimality Gap:      4.706011e+00 ± 2.878498e+00
Eq Violation l1:   5.033703e-03 (max: 1.052006e+00)
Ineq Violation l1: 8.405673e-04 (max: 1.909020e-01)
Solution Distance:   6.843657e+01 ± 1.514736e+00
Merit:             7.999500e-01 ± 1.014633e-01
Avg Inference Time:  0.1197s
==================================================
Epoch 52/300, Loss: 1.2976, Obj: -0.9331, Eq Viol (l1): 0.033845, Ineq Viol (l1): 0.012197, Epoch time: 3.05s
Epoch 53/300, Loss: 1.4983, Obj: -0.8172, Eq Viol (l1): 0.046773, Ineq Viol (l1): 0.020344, Epoch time: 3.09s
Epoch 54/300, Loss: 1.5606, Obj: -0.8985, Eq Viol (l1): 0.031586, Ineq Viol (l1): 0.011690, Epoch time: 3.04s
Epoch 55/300, Loss: 1.3616, Obj: -0.9477, Eq Viol (l1): 0.027840, Ineq Viol (l1): 0.010039, Epoch time: 2.96s
Epoch 56/300, Loss: 1.0866, Obj: -0.9059, Eq Viol (l1): 0.033980, Ineq Viol (l1): 0.013866, Epoch time: 3.01s
Epoch 57/300, Loss: 1.1291, Obj: -0.9183, Eq Viol (l1): 0.029685, Ineq Viol (l1): 0.012425, Epoch time: 2.94s
Epoch 58/300, Loss: 1.2985, Obj: -0.9048, Eq Viol (l1): 0.023643, Ineq Viol (l1): 0.006360, Epoch time: 3.01s
Epoch 59/300, Loss: 1.1752, Obj: -0.9056, Eq Viol (l1): 0.032106, Ineq Viol (l1): 0.011789, Epoch time: 2.94s
Epoch 60/300, Loss: 1.3228, Obj: -0.8726, Eq Viol (l1): 0.026531, Ineq Viol (l1): 0.010479, Epoch time: 2.93s
Epoch 61/300, Loss: 1.2913, Obj: -0.9146, Eq Viol (l1): 0.026926, Ineq Viol (l1): 0.009282, Epoch time: 2.94s

Running validation at epoch 60...

VALIDATION_EPOCH_60 EVALUATION RESULTS:
==================================================
Objective Value:     7.350089e-01
True Objective:      -2.413704e+00
Optimality Gap:      4.808605e+00 ± 2.880637e+00
Eq Violation l1:   5.861451e-03 (max: 9.905359e-01)
Ineq Violation l1: 1.537136e-03 (max: 3.974896e-01)
Solution Distance:   6.814541e+01 ± 1.420005e+00
Merit:             8.089948e-01 ± 1.180071e-01
Avg Inference Time:  0.1195s
==================================================
Epoch 62/300, Loss: 1.3407, Obj: -0.8930, Eq Viol (l1): 0.010932, Ineq Viol (l1): 0.004494, Epoch time: 2.97s
Epoch 63/300, Loss: 1.1925, Obj: -0.8993, Eq Viol (l1): 0.017615, Ineq Viol (l1): 0.006115, Epoch time: 2.96s
Epoch 64/300, Loss: 1.1516, Obj: -0.9335, Eq Viol (l1): 0.021802, Ineq Viol (l1): 0.007314, Epoch time: 2.99s
Epoch 65/300, Loss: 1.3515, Obj: -0.9013, Eq Viol (l1): 0.009194, Ineq Viol (l1): 0.004184, Epoch time: 2.99s
Epoch 66/300, Loss: 1.2602, Obj: -0.9013, Eq Viol (l1): 0.028490, Ineq Viol (l1): 0.009345, Epoch time: 2.95s
Epoch 67/300, Loss: 1.1439, Obj: -0.8563, Eq Viol (l1): 0.037395, Ineq Viol (l1): 0.018976, Epoch time: 2.93s
Epoch 68/300, Loss: 1.3006, Obj: -0.8739, Eq Viol (l1): 0.029758, Ineq Viol (l1): 0.007939, Epoch time: 3.04s
Epoch 69/300, Loss: 1.1146, Obj: -0.8773, Eq Viol (l1): 0.042162, Ineq Viol (l1): 0.018408, Epoch time: 2.91s
Epoch 70/300, Loss: 1.6630, Obj: -0.7641, Eq Viol (l1): 0.018164, Ineq Viol (l1): 0.005174, Epoch time: 2.93s
Epoch 71/300, Loss: 1.5468, Obj: -0.9049, Eq Viol (l1): 0.012043, Ineq Viol (l1): 0.004004, Epoch time: 2.94s

Running validation at epoch 70...

VALIDATION_EPOCH_70 EVALUATION RESULTS:
==================================================
Objective Value:     7.788146e-01
True Objective:      -2.413704e+00
Optimality Gap:      4.962619e+00 ± 2.989658e+00
Eq Violation l1:   3.586887e-03 (max: 5.829856e-01)
Ineq Violation l1: 7.027117e-04 (max: 1.489401e-01)
Solution Distance:   6.849600e+01 ± 1.356436e+00
Merit:             8.217106e-01 ± 9.475777e-02
Avg Inference Time:  0.1199s
==================================================
Epoch 72/300, Loss: 1.1008, Obj: -0.9375, Eq Viol (l1): 0.041866, Ineq Viol (l1): 0.018869, Epoch time: 3.04s
Epoch 73/300, Loss: 1.1034, Obj: -0.9135, Eq Viol (l1): 0.042412, Ineq Viol (l1): 0.020323, Epoch time: 2.99s
Epoch 74/300, Loss: 1.6724, Obj: -0.9557, Eq Viol (l1): 0.017235, Ineq Viol (l1): 0.004651, Epoch time: 2.98s
Epoch 75/300, Loss: 2.2097, Obj: -0.8726, Eq Viol (l1): 0.008579, Ineq Viol (l1): 0.003228, Epoch time: 3.03s
Epoch 76/300, Loss: 1.8998, Obj: -0.9059, Eq Viol (l1): 0.012672, Ineq Viol (l1): 0.003653, Epoch time: 2.96s
Epoch 77/300, Loss: 1.9555, Obj: -0.9372, Eq Viol (l1): 0.004339, Ineq Viol (l1): 0.001138, Epoch time: 3.00s
Epoch 78/300, Loss: 1.2129, Obj: -0.8857, Eq Viol (l1): 0.037321, Ineq Viol (l1): 0.014322, Epoch time: 3.01s
Epoch 79/300, Loss: 1.8150, Obj: -0.9132, Eq Viol (l1): 0.009284, Ineq Viol (l1): 0.002403, Epoch time: 2.94s
Epoch 80/300, Loss: 1.4621, Obj: -0.9437, Eq Viol (l1): 0.021192, Ineq Viol (l1): 0.005975, Epoch time: 2.98s
Epoch 81/300, Loss: 1.8177, Obj: -0.9806, Eq Viol (l1): 0.009704, Ineq Viol (l1): 0.002445, Epoch time: 2.94s

Running validation at epoch 80...

VALIDATION_EPOCH_80 EVALUATION RESULTS:
==================================================
Objective Value:     7.547316e-01
True Objective:      -2.413704e+00
Optimality Gap:      4.584122e+00 ± 2.583587e+00
Eq Violation l1:   3.162931e-03 (max: 6.048038e-01)
Ineq Violation l1: 5.689549e-04 (max: 1.505044e-01)
Solution Distance:   6.861019e+01 ± 1.615549e+00
Merit:             7.920505e-01 ± 1.119756e-01
Avg Inference Time:  0.1195s
==================================================
Epoch 82/300, Loss: 1.8131, Obj: -0.8986, Eq Viol (l1): 0.006234, Ineq Viol (l1): 0.002268, Epoch time: 2.91s
Epoch 83/300, Loss: 1.5573, Obj: -0.9037, Eq Viol (l1): 0.014196, Ineq Viol (l1): 0.003362, Epoch time: 3.02s
Epoch 84/300, Loss: 1.6008, Obj: -0.9549, Eq Viol (l1): 0.013441, Ineq Viol (l1): 0.003168, Epoch time: 2.95s
Epoch 85/300, Loss: 1.5789, Obj: -0.9328, Eq Viol (l1): 0.009586, Ineq Viol (l1): 0.002155, Epoch time: 2.95s
Epoch 86/300, Loss: 1.8338, Obj: -0.8980, Eq Viol (l1): 0.025092, Ineq Viol (l1): 0.008036, Epoch time: 3.01s
Epoch 87/300, Loss: 1.6703, Obj: -0.9481, Eq Viol (l1): 0.021641, Ineq Viol (l1): 0.006470, Epoch time: 2.97s
Epoch 88/300, Loss: 1.4516, Obj: -0.9462, Eq Viol (l1): 0.029473, Ineq Viol (l1): 0.008431, Epoch time: 2.98s
Epoch 89/300, Loss: 1.5313, Obj: -0.9052, Eq Viol (l1): 0.022177, Ineq Viol (l1): 0.006357, Epoch time: 2.99s
Epoch 90/300, Loss: 1.6621, Obj: -0.8953, Eq Viol (l1): 0.043987, Ineq Viol (l1): 0.014656, Epoch time: 3.13s
Epoch 91/300, Loss: 1.6644, Obj: -0.8284, Eq Viol (l1): 0.030903, Ineq Viol (l1): 0.011432, Epoch time: 3.04s

Running validation at epoch 90...

VALIDATION_EPOCH_90 EVALUATION RESULTS:
==================================================
Objective Value:     7.506656e-01
True Objective:      -2.413704e+00
Optimality Gap:      4.755561e+00 ± 2.742037e+00
Eq Violation l1:   3.763806e-03 (max: 7.339948e-01)
Ineq Violation l1: 6.134994e-04 (max: 1.102349e-01)
Solution Distance:   6.832227e+01 ± 1.224288e+00
Merit:             7.944387e-01 ± 8.587593e-02
Avg Inference Time:  0.1197s
==================================================
Epoch 92/300, Loss: 1.5687, Obj: -0.9061, Eq Viol (l1): 0.028512, Ineq Viol (l1): 0.009352, Epoch time: 2.99s
Epoch 93/300, Loss: 1.7671, Obj: -0.8378, Eq Viol (l1): 0.035279, Ineq Viol (l1): 0.011726, Epoch time: 3.17s
Epoch 94/300, Loss: 1.5836, Obj: -0.7997, Eq Viol (l1): 0.033683, Ineq Viol (l1): 0.011260, Epoch time: 3.15s
Epoch 95/300, Loss: 1.6517, Obj: -0.9171, Eq Viol (l1): 0.045780, Ineq Viol (l1): 0.014102, Epoch time: 3.09s
Epoch 96/300, Loss: 1.8387, Obj: -0.8304, Eq Viol (l1): 0.040508, Ineq Viol (l1): 0.010811, Epoch time: 3.15s
Epoch 97/300, Loss: 1.9119, Obj: -0.8381, Eq Viol (l1): 0.046690, Ineq Viol (l1): 0.017432, Epoch time: 3.20s
Epoch 98/300, Loss: 2.1500, Obj: -0.7861, Eq Viol (l1): 0.052548, Ineq Viol (l1): 0.016216, Epoch time: 3.28s
Epoch 99/300, Loss: 2.7549, Obj: -0.7880, Eq Viol (l1): 0.029101, Ineq Viol (l1): 0.008556, Epoch time: 3.05s
Epoch 100/300, Loss: 2.0577, Obj: -0.8519, Eq Viol (l1): 0.033924, Ineq Viol (l1): 0.008964, Epoch time: 3.06s
Epoch 101/300, Loss: 2.0714, Obj: -0.8296, Eq Viol (l1): 0.032885, Ineq Viol (l1): 0.009467, Epoch time: 3.26s

Running validation at epoch 100...

VALIDATION_EPOCH_100 EVALUATION RESULTS:
==================================================
Objective Value:     8.577030e-01
True Objective:      -2.413704e+00
Optimality Gap:      4.848816e+00 ± 2.786312e+00
Eq Violation l1:   2.134839e-03 (max: 4.667780e-01)
Ineq Violation l1: 2.365823e-04 (max: 7.007719e-02)
Solution Distance:   6.819500e+01 ± 1.628110e+00
Merit:             8.814172e-01 ± 7.787737e-02
Avg Inference Time:  0.1194s
==================================================
Epoch 102/300, Loss: 2.3043, Obj: -0.8101, Eq Viol (l1): 0.027325, Ineq Viol (l1): 0.007883, Epoch time: 3.13s
Epoch 103/300, Loss: 2.5323, Obj: -0.8479, Eq Viol (l1): 0.023335, Ineq Viol (l1): 0.006336, Epoch time: 3.04s
Epoch 104/300, Loss: 2.4815, Obj: -0.8133, Eq Viol (l1): 0.026255, Ineq Viol (l1): 0.008074, Epoch time: 3.14s
Epoch 105/300, Loss: 2.4371, Obj: -0.8426, Eq Viol (l1): 0.024470, Ineq Viol (l1): 0.008464, Epoch time: 3.10s
Epoch 106/300, Loss: 2.6147, Obj: -0.7685, Eq Viol (l1): 0.014806, Ineq Viol (l1): 0.003657, Epoch time: 3.11s
Epoch 107/300, Loss: 2.4725, Obj: -0.8115, Eq Viol (l1): 0.025184, Ineq Viol (l1): 0.006680, Epoch time: 3.09s
Epoch 108/300, Loss: 2.3077, Obj: -0.8045, Eq Viol (l1): 0.038206, Ineq Viol (l1): 0.010928, Epoch time: 3.17s
Epoch 109/300, Loss: 2.6241, Obj: -0.8318, Eq Viol (l1): 0.011819, Ineq Viol (l1): 0.003544, Epoch time: 3.05s
Epoch 110/300, Loss: 2.1797, Obj: -0.8176, Eq Viol (l1): 0.031279, Ineq Viol (l1): 0.007327, Epoch time: 3.13s
Epoch 111/300, Loss: 2.2098, Obj: -0.8174, Eq Viol (l1): 0.018609, Ineq Viol (l1): 0.005417, Epoch time: 3.12s

Running validation at epoch 110...

VALIDATION_EPOCH_110 EVALUATION RESULTS:
==================================================
Objective Value:     7.898637e-01
True Objective:      -2.413704e+00
Optimality Gap:      4.976578e+00 ± 2.949282e+00
Eq Violation l1:   2.138422e-03 (max: 4.267438e-01)
Ineq Violation l1: 3.988657e-04 (max: 9.997687e-02)
Solution Distance:   6.865694e+01 ± 1.680246e+00
Merit:             8.152366e-01 ± 1.099189e-01
Avg Inference Time:  0.1195s
==================================================
Epoch 112/300, Loss: 2.1091, Obj: -0.7973, Eq Viol (l1): 0.030032, Ineq Viol (l1): 0.008716, Epoch time: 3.05s
Epoch 113/300, Loss: 2.2424, Obj: -0.8823, Eq Viol (l1): 0.021150, Ineq Viol (l1): 0.005997, Epoch time: 3.12s
Epoch 114/300, Loss: 2.5967, Obj: -0.7471, Eq Viol (l1): 0.017906, Ineq Viol (l1): 0.005579, Epoch time: 3.18s
Epoch 115/300, Loss: 2.5289, Obj: -0.6938, Eq Viol (l1): 0.031424, Ineq Viol (l1): 0.008338, Epoch time: 3.17s
Epoch 116/300, Loss: 2.2646, Obj: -0.7680, Eq Viol (l1): 0.032056, Ineq Viol (l1): 0.008433, Epoch time: 3.12s
Epoch 117/300, Loss: 2.7435, Obj: -0.7510, Eq Viol (l1): 0.022449, Ineq Viol (l1): 0.006472, Epoch time: 3.14s
Epoch 118/300, Loss: 2.3332, Obj: -0.7538, Eq Viol (l1): 0.026614, Ineq Viol (l1): 0.007752, Epoch time: 3.16s
Epoch 119/300, Loss: 2.6257, Obj: -0.7161, Eq Viol (l1): 0.017176, Ineq Viol (l1): 0.004315, Epoch time: 3.17s
Epoch 120/300, Loss: 2.9335, Obj: -0.6569, Eq Viol (l1): 0.015457, Ineq Viol (l1): 0.004085, Epoch time: 3.15s
Epoch 121/300, Loss: 2.5434, Obj: -0.7442, Eq Viol (l1): 0.026312, Ineq Viol (l1): 0.007767, Epoch time: 3.06s

Running validation at epoch 120...

VALIDATION_EPOCH_120 EVALUATION RESULTS:
==================================================
Objective Value:     6.395149e-01
True Objective:      -2.413704e+00
Optimality Gap:      4.790571e+00 ± 2.946385e+00
Eq Violation l1:   6.426986e-03 (max: 1.508955e+00)
Ineq Violation l1: 1.224159e-03 (max: 4.077935e-01)
Solution Distance:   6.842110e+01 ± 1.514964e+00
Merit:             7.160263e-01 ± 1.458617e-01
Avg Inference Time:  0.1192s
==================================================
Epoch 122/300, Loss: 2.6259, Obj: -0.7702, Eq Viol (l1): 0.021729, Ineq Viol (l1): 0.006442, Epoch time: 3.15s
Epoch 123/300, Loss: 2.0760, Obj: -0.7773, Eq Viol (l1): 0.059119, Ineq Viol (l1): 0.018787, Epoch time: 3.12s
Epoch 124/300, Loss: 2.3600, Obj: -0.7579, Eq Viol (l1): 0.037037, Ineq Viol (l1): 0.010432, Epoch time: 3.08s
Epoch 125/300, Loss: 2.0473, Obj: -0.7270, Eq Viol (l1): 0.049044, Ineq Viol (l1): 0.015590, Epoch time: 3.06s
Epoch 126/300, Loss: 1.9735, Obj: -0.7609, Eq Viol (l1): 0.054832, Ineq Viol (l1): 0.019227, Epoch time: 3.12s
Epoch 127/300, Loss: 1.6745, Obj: -0.7670, Eq Viol (l1): 0.055083, Ineq Viol (l1): 0.025149, Epoch time: 3.01s
Epoch 128/300, Loss: 2.0311, Obj: -0.7993, Eq Viol (l1): 0.020138, Ineq Viol (l1): 0.005614, Epoch time: 3.08s
Epoch 129/300, Loss: 1.7649, Obj: -0.8423, Eq Viol (l1): 0.016886, Ineq Viol (l1): 0.004914, Epoch time: 3.08s
Epoch 130/300, Loss: 2.0069, Obj: -0.8590, Eq Viol (l1): 0.012127, Ineq Viol (l1): 0.003038, Epoch time: 3.07s
Epoch 131/300, Loss: 1.8673, Obj: -0.7609, Eq Viol (l1): 0.009555, Ineq Viol (l1): 0.002191, Epoch time: 3.01s

Running validation at epoch 130...

VALIDATION_EPOCH_130 EVALUATION RESULTS:
==================================================
Objective Value:     7.228464e-01
True Objective:      -2.413704e+00
Optimality Gap:      4.941636e+00 ± 3.057578e+00
Eq Violation l1:   4.851688e-03 (max: 9.171356e-01)
Ineq Violation l1: 8.776732e-04 (max: 1.965252e-01)
Solution Distance:   6.856438e+01 ± 1.433347e+00
Merit:             7.801400e-01 ± 9.903530e-02
Avg Inference Time:  0.1194s
==================================================
Epoch 132/300, Loss: 1.6057, Obj: -0.8537, Eq Viol (l1): 0.010907, Ineq Viol (l1): 0.002735, Epoch time: 3.05s
Epoch 133/300, Loss: 1.6017, Obj: -0.7913, Eq Viol (l1): 0.019665, Ineq Viol (l1): 0.007578, Epoch time: 2.98s
Epoch 134/300, Loss: 1.5673, Obj: -0.8089, Eq Viol (l1): 0.012450, Ineq Viol (l1): 0.003392, Epoch time: 2.99s
Epoch 135/300, Loss: 1.4103, Obj: -0.8523, Eq Viol (l1): 0.006831, Ineq Viol (l1): 0.001874, Epoch time: 3.11s
Epoch 136/300, Loss: 1.6610, Obj: -0.8707, Eq Viol (l1): 0.013273, Ineq Viol (l1): 0.003031, Epoch time: 3.16s
Epoch 137/300, Loss: 1.7254, Obj: -0.7135, Eq Viol (l1): 0.006375, Ineq Viol (l1): 0.001148, Epoch time: 3.09s
Epoch 138/300, Loss: 1.8669, Obj: -0.8798, Eq Viol (l1): 0.014367, Ineq Viol (l1): 0.004048, Epoch time: 3.21s
Epoch 139/300, Loss: 1.8602, Obj: -0.6729, Eq Viol (l1): 0.016051, Ineq Viol (l1): 0.003698, Epoch time: 3.07s
Epoch 140/300, Loss: 1.6451, Obj: -0.8120, Eq Viol (l1): 0.009292, Ineq Viol (l1): 0.002350, Epoch time: 3.07s
Epoch 141/300, Loss: 1.7882, Obj: -0.8098, Eq Viol (l1): 0.003074, Ineq Viol (l1): 0.000816, Epoch time: 3.07s

Running validation at epoch 140...

VALIDATION_EPOCH_140 EVALUATION RESULTS:
==================================================
Objective Value:     7.371262e-01
True Objective:      -2.413704e+00
Optimality Gap:      4.762377e+00 ± 3.004108e+00
Eq Violation l1:   4.793853e-03 (max: 1.087364e+00)
Ineq Violation l1: 9.685800e-04 (max: 2.398862e-01)
Solution Distance:   6.848475e+01 ± 1.381696e+00
Merit:             7.947505e-01 ± 1.196596e-01
Avg Inference Time:  0.1197s
==================================================
Epoch 142/300, Loss: 1.5741, Obj: -0.7906, Eq Viol (l1): 0.007017, Ineq Viol (l1): 0.001446, Epoch time: 3.05s
Epoch 143/300, Loss: 1.5423, Obj: -0.8020, Eq Viol (l1): 0.004174, Ineq Viol (l1): 0.000895, Epoch time: 3.08s
Epoch 144/300, Loss: 1.6063, Obj: -0.8347, Eq Viol (l1): 0.005112, Ineq Viol (l1): 0.001224, Epoch time: 2.94s
Epoch 145/300, Loss: 1.7535, Obj: -0.8019, Eq Viol (l1): 0.002635, Ineq Viol (l1): 0.000711, Epoch time: 3.08s
Epoch 146/300, Loss: 1.7836, Obj: -0.8117, Eq Viol (l1): 0.002842, Ineq Viol (l1): 0.000906, Epoch time: 3.18s
Epoch 147/300, Loss: 1.7199, Obj: -0.8568, Eq Viol (l1): 0.006123, Ineq Viol (l1): 0.000900, Epoch time: 3.10s
Epoch 148/300, Loss: 2.0994, Obj: -0.7439, Eq Viol (l1): 0.005952, Ineq Viol (l1): 0.001725, Epoch time: 3.14s
Epoch 149/300, Loss: 2.1910, Obj: -0.8030, Eq Viol (l1): 0.006801, Ineq Viol (l1): 0.001620, Epoch time: 3.12s
Epoch 150/300, Loss: 2.0245, Obj: -0.7263, Eq Viol (l1): 0.011255, Ineq Viol (l1): 0.002494, Epoch time: 3.11s
Epoch 151/300, Loss: 2.2256, Obj: -0.7236, Eq Viol (l1): 0.022440, Ineq Viol (l1): 0.006742, Epoch time: 3.14s

Running validation at epoch 150...

VALIDATION_EPOCH_150 EVALUATION RESULTS:
==================================================
Objective Value:     6.941297e-01
True Objective:      -2.413704e+00
Optimality Gap:      4.756128e+00 ± 2.886430e+00
Eq Violation l1:   5.675219e-03 (max: 1.769553e+00)
Ineq Violation l1: 1.129350e-03 (max: 3.873758e-01)
Solution Distance:   6.841165e+01 ± 1.566366e+00
Merit:             7.621754e-01 ± 1.421304e-01
Avg Inference Time:  0.1195s
==================================================
Epoch 152/300, Loss: 2.0283, Obj: -0.7209, Eq Viol (l1): 0.009153, Ineq Viol (l1): 0.002264, Epoch time: 3.04s
Epoch 153/300, Loss: 1.8479, Obj: -0.8346, Eq Viol (l1): 0.004383, Ineq Viol (l1): 0.000867, Epoch time: 3.15s
Epoch 154/300, Loss: 1.8619, Obj: -0.7586, Eq Viol (l1): 0.009354, Ineq Viol (l1): 0.002624, Epoch time: 3.10s
Epoch 155/300, Loss: 1.8256, Obj: -0.8302, Eq Viol (l1): 0.010042, Ineq Viol (l1): 0.002133, Epoch time: 3.12s
Epoch 156/300, Loss: 1.9521, Obj: -0.7440, Eq Viol (l1): 0.012489, Ineq Viol (l1): 0.003518, Epoch time: 3.10s
Epoch 157/300, Loss: 1.9102, Obj: -0.7800, Eq Viol (l1): 0.018292, Ineq Viol (l1): 0.005313, Epoch time: 3.08s
Epoch 158/300, Loss: 1.8689, Obj: -0.7651, Eq Viol (l1): 0.030541, Ineq Viol (l1): 0.011769, Epoch time: 3.30s
Epoch 159/300, Loss: 2.0061, Obj: -0.8395, Eq Viol (l1): 0.016822, Ineq Viol (l1): 0.004462, Epoch time: 3.14s
Epoch 160/300, Loss: 1.8391, Obj: -0.7022, Eq Viol (l1): 0.022445, Ineq Viol (l1): 0.006906, Epoch time: 3.13s
Epoch 161/300, Loss: 1.9189, Obj: -0.7879, Eq Viol (l1): 0.019801, Ineq Viol (l1): 0.005522, Epoch time: 3.06s

Running validation at epoch 160...

VALIDATION_EPOCH_160 EVALUATION RESULTS:
==================================================
Objective Value:     6.859490e-01
True Objective:      -2.413704e+00
Optimality Gap:      4.465120e+00 ± 2.618370e+00
Eq Violation l1:   3.205440e-03 (max: 6.721807e-01)
Ineq Violation l1: 6.709858e-04 (max: 1.473785e-01)
Solution Distance:   6.837184e+01 ± 1.563572e+00
Merit:             7.247132e-01 ± 1.160225e-01
Avg Inference Time:  0.1199s
==================================================
Epoch 162/300, Loss: 2.0317, Obj: -0.7066, Eq Viol (l1): 0.021483, Ineq Viol (l1): 0.007091, Epoch time: 3.09s
Epoch 163/300, Loss: 2.0473, Obj: -0.7355, Eq Viol (l1): 0.025223, Ineq Viol (l1): 0.007129, Epoch time: 3.07s
Epoch 164/300, Loss: 2.1975, Obj: -0.7317, Eq Viol (l1): 0.018211, Ineq Viol (l1): 0.005066, Epoch time: 3.11s
Epoch 165/300, Loss: 2.0401, Obj: -0.8108, Eq Viol (l1): 0.015075, Ineq Viol (l1): 0.004016, Epoch time: 3.09s
Epoch 166/300, Loss: 2.0008, Obj: -0.7396, Eq Viol (l1): 0.015687, Ineq Viol (l1): 0.004776, Epoch time: 3.06s
Epoch 167/300, Loss: 2.3123, Obj: -0.6662, Eq Viol (l1): 0.005913, Ineq Viol (l1): 0.002360, Epoch time: 3.01s
Epoch 168/300, Loss: 2.2025, Obj: -0.6855, Eq Viol (l1): 0.009215, Ineq Viol (l1): 0.002769, Epoch time: 3.15s
Epoch 169/300, Loss: 2.1677, Obj: -0.7884, Eq Viol (l1): 0.024999, Ineq Viol (l1): 0.007220, Epoch time: 3.14s
Epoch 170/300, Loss: 2.0767, Obj: -0.7046, Eq Viol (l1): 0.030492, Ineq Viol (l1): 0.009330, Epoch time: 3.07s
Epoch 171/300, Loss: 2.3536, Obj: -0.6965, Eq Viol (l1): 0.012037, Ineq Viol (l1): 0.003305, Epoch time: 3.13s

Running validation at epoch 170...

VALIDATION_EPOCH_170 EVALUATION RESULTS:
==================================================
Objective Value:     7.222850e-01
True Objective:      -2.413704e+00
Optimality Gap:      4.367953e+00 ± 2.461133e+00
Eq Violation l1:   8.254808e-04 (max: 2.757797e-01)
Ineq Violation l1: 8.919245e-05 (max: 3.248723e-02)
Solution Distance:   6.840572e+01 ± 1.723952e+00
Merit:             7.314317e-01 ± 6.781206e-02
Avg Inference Time:  0.1194s
==================================================
Epoch 172/300, Loss: 2.4174, Obj: -0.7008, Eq Viol (l1): 0.012628, Ineq Viol (l1): 0.004297, Epoch time: 3.22s
Epoch 173/300, Loss: 2.1683, Obj: -0.6873, Eq Viol (l1): 0.034661, Ineq Viol (l1): 0.011773, Epoch time: 3.22s
Epoch 174/300, Loss: 2.3686, Obj: -0.7894, Eq Viol (l1): 0.041012, Ineq Viol (l1): 0.012632, Epoch time: 3.07s
Epoch 175/300, Loss: 1.9519, Obj: -0.6061, Eq Viol (l1): 0.068950, Ineq Viol (l1): 0.023014, Epoch time: 3.25s
Epoch 176/300, Loss: 2.4185, Obj: -0.7693, Eq Viol (l1): 0.052588, Ineq Viol (l1): 0.018370, Epoch time: 3.18s
Epoch 177/300, Loss: 2.5576, Obj: -0.5918, Eq Viol (l1): 0.036201, Ineq Viol (l1): 0.010212, Epoch time: 3.16s
Epoch 178/300, Loss: 2.4984, Obj: -0.6881, Eq Viol (l1): 0.032947, Ineq Viol (l1): 0.008542, Epoch time: 3.15s
Epoch 179/300, Loss: 2.4137, Obj: -0.7302, Eq Viol (l1): 0.060552, Ineq Viol (l1): 0.027131, Epoch time: 3.14s
Epoch 180/300, Loss: 2.0861, Obj: -0.7451, Eq Viol (l1): 0.056542, Ineq Viol (l1): 0.022914, Epoch time: 3.09s
Epoch 181/300, Loss: 2.1544, Obj: -0.7562, Eq Viol (l1): 0.058613, Ineq Viol (l1): 0.023351, Epoch time: 3.15s

Running validation at epoch 180...

VALIDATION_EPOCH_180 EVALUATION RESULTS:
==================================================
Objective Value:     7.614180e-01
True Objective:      -2.413704e+00
Optimality Gap:      4.532218e+00 ± 2.668191e+00
Eq Violation l1:   2.785587e-03 (max: 4.975375e-01)
Ineq Violation l1: 4.507586e-04 (max: 7.793462e-02)
Solution Distance:   6.847639e+01 ± 1.356641e+00
Merit:             7.937815e-01 ± 9.343063e-02
Avg Inference Time:  0.1196s
==================================================
Epoch 182/300, Loss: 2.1517, Obj: -0.7245, Eq Viol (l1): 0.062481, Ineq Viol (l1): 0.024363, Epoch time: 3.11s
Epoch 183/300, Loss: 2.3347, Obj: -0.8343, Eq Viol (l1): 0.043102, Ineq Viol (l1): 0.015173, Epoch time: 3.12s
Epoch 184/300, Loss: 2.2992, Obj: -0.7011, Eq Viol (l1): 0.040734, Ineq Viol (l1): 0.011391, Epoch time: 3.17s
Epoch 185/300, Loss: 1.8668, Obj: -0.7926, Eq Viol (l1): 0.088251, Ineq Viol (l1): 0.029527, Epoch time: 3.07s
Epoch 186/300, Loss: 2.2707, Obj: -0.6936, Eq Viol (l1): 0.058150, Ineq Viol (l1): 0.016733, Epoch time: 3.15s
Epoch 187/300, Loss: 2.3161, Obj: -0.7056, Eq Viol (l1): 0.053696, Ineq Viol (l1): 0.017533, Epoch time: 3.18s
Epoch 188/300, Loss: 2.2706, Obj: -0.7031, Eq Viol (l1): 0.069278, Ineq Viol (l1): 0.024803, Epoch time: 3.10s
Epoch 189/300, Loss: 2.2408, Obj: -0.7121, Eq Viol (l1): 0.046907, Ineq Viol (l1): 0.015365, Epoch time: 3.07s
Epoch 190/300, Loss: 1.9908, Obj: -0.7027, Eq Viol (l1): 0.052767, Ineq Viol (l1): 0.022173, Epoch time: 3.14s
Epoch 191/300, Loss: 2.0889, Obj: -0.7145, Eq Viol (l1): 0.045864, Ineq Viol (l1): 0.016642, Epoch time: 3.13s

Running validation at epoch 190...

VALIDATION_EPOCH_190 EVALUATION RESULTS:
==================================================
Objective Value:     6.553213e-01
True Objective:      -2.413704e+00
Optimality Gap:      4.439953e+00 ± 2.592642e+00
Eq Violation l1:   3.179576e-03 (max: 1.005246e+00)
Ineq Violation l1: 5.977168e-04 (max: 1.970807e-01)
Solution Distance:   6.855711e+01 ± 1.611208e+00
Merit:             6.930942e-01 ± 8.959620e-02
Avg Inference Time:  0.1196s
==================================================
Epoch 192/300, Loss: 1.9430, Obj: -0.7880, Eq Viol (l1): 0.068667, Ineq Viol (l1): 0.023284, Epoch time: 3.17s
Epoch 193/300, Loss: 2.4238, Obj: -0.7429, Eq Viol (l1): 0.042159, Ineq Viol (l1): 0.014245, Epoch time: 3.12s
Epoch 194/300, Loss: 2.3977, Obj: -0.7722, Eq Viol (l1): 0.085146, Ineq Viol (l1): 0.027109, Epoch time: 3.37s
Epoch 195/300, Loss: 2.6197, Obj: -0.6596, Eq Viol (l1): 0.038891, Ineq Viol (l1): 0.013024, Epoch time: 3.13s
Epoch 196/300, Loss: 2.3682, Obj: -0.6940, Eq Viol (l1): 0.077002, Ineq Viol (l1): 0.026848, Epoch time: 3.15s
Epoch 197/300, Loss: 2.5545, Obj: -0.6772, Eq Viol (l1): 0.063676, Ineq Viol (l1): 0.022807, Epoch time: 3.11s
Epoch 198/300, Loss: 2.0975, Obj: -0.7372, Eq Viol (l1): 0.074573, Ineq Viol (l1): 0.027389, Epoch time: 3.16s
Epoch 199/300, Loss: 2.3550, Obj: -0.6850, Eq Viol (l1): 0.053501, Ineq Viol (l1): 0.016943, Epoch time: 3.15s
Epoch 200/300, Loss: 2.1398, Obj: -0.6936, Eq Viol (l1): 0.056415, Ineq Viol (l1): 0.018164, Epoch time: 3.13s
Epoch 201/300, Loss: 1.9011, Obj: -0.7476, Eq Viol (l1): 0.068278, Ineq Viol (l1): 0.024257, Epoch time: 3.11s

Running validation at epoch 200...

VALIDATION_EPOCH_200 EVALUATION RESULTS:
==================================================
Objective Value:     6.117539e-01
True Objective:      -2.413704e+00
Optimality Gap:      4.295165e+00 ± 2.695914e+00
Eq Violation l1:   4.400920e-03 (max: 7.207243e-01)
Ineq Violation l1: 8.803773e-04 (max: 1.541406e-01)
Solution Distance:   6.816889e+01 ± 1.450749e+00
Merit:             6.645669e-01 ± 8.849300e-02
Avg Inference Time:  0.1197s
==================================================
Epoch 202/300, Loss: 2.0314, Obj: -0.7256, Eq Viol (l1): 0.087323, Ineq Viol (l1): 0.032315, Epoch time: 3.35s
Epoch 203/300, Loss: 2.0221, Obj: -0.7625, Eq Viol (l1): 0.063327, Ineq Viol (l1): 0.024220, Epoch time: 3.11s
Epoch 204/300, Loss: 2.1389, Obj: -0.7907, Eq Viol (l1): 0.075196, Ineq Viol (l1): 0.026001, Epoch time: 3.14s
Epoch 205/300, Loss: 2.1622, Obj: -0.6624, Eq Viol (l1): 0.057798, Ineq Viol (l1): 0.021830, Epoch time: 3.07s
Epoch 206/300, Loss: 2.3236, Obj: -0.6404, Eq Viol (l1): 0.091216, Ineq Viol (l1): 0.034381, Epoch time: 3.19s
Epoch 207/300, Loss: 1.9654, Obj: -0.8179, Eq Viol (l1): 0.075318, Ineq Viol (l1): 0.026292, Epoch time: 3.13s
Epoch 208/300, Loss: 2.1885, Obj: -0.5825, Eq Viol (l1): 0.074554, Ineq Viol (l1): 0.029760, Epoch time: 3.19s
Epoch 209/300, Loss: 2.6721, Obj: -0.6631, Eq Viol (l1): 0.039977, Ineq Viol (l1): 0.014443, Epoch time: 3.10s
Epoch 210/300, Loss: 2.6229, Obj: -0.6739, Eq Viol (l1): 0.060997, Ineq Viol (l1): 0.025655, Epoch time: 3.26s
Epoch 211/300, Loss: 2.6533, Obj: -0.6434, Eq Viol (l1): 0.051465, Ineq Viol (l1): 0.021922, Epoch time: 3.06s

Running validation at epoch 210...

VALIDATION_EPOCH_210 EVALUATION RESULTS:
==================================================
Objective Value:     7.160814e-01
True Objective:      -2.413704e+00
Optimality Gap:      4.619695e+00 ± 2.955564e+00
Eq Violation l1:   1.587222e-03 (max: 4.302771e-01)
Ineq Violation l1: 2.172462e-04 (max: 6.072220e-02)
Solution Distance:   6.819977e+01 ± 1.674358e+00
Merit:             7.341260e-01 ± 8.793292e-02
Avg Inference Time:  0.1193s
==================================================
Epoch 212/300, Loss: 2.7155, Obj: -0.6603, Eq Viol (l1): 0.049787, Ineq Viol (l1): 0.016674, Epoch time: 3.15s
Epoch 213/300, Loss: 2.6295, Obj: -0.6654, Eq Viol (l1): 0.062900, Ineq Viol (l1): 0.025535, Epoch time: 3.35s
Epoch 214/300, Loss: 2.6567, Obj: -0.6305, Eq Viol (l1): 0.070294, Ineq Viol (l1): 0.024745, Epoch time: 3.14s
Epoch 215/300, Loss: 2.7281, Obj: -0.6643, Eq Viol (l1): 0.063134, Ineq Viol (l1): 0.021424, Epoch time: 3.11s
Epoch 216/300, Loss: 2.8958, Obj: -0.6857, Eq Viol (l1): 0.071988, Ineq Viol (l1): 0.026449, Epoch time: 3.15s
Epoch 217/300, Loss: 2.5159, Obj: -0.7185, Eq Viol (l1): 0.076719, Ineq Viol (l1): 0.029367, Epoch time: 3.17s
Epoch 218/300, Loss: 2.6798, Obj: -0.6601, Eq Viol (l1): 0.060635, Ineq Viol (l1): 0.024596, Epoch time: 3.16s
Epoch 219/300, Loss: 2.6077, Obj: -0.7047, Eq Viol (l1): 0.039410, Ineq Viol (l1): 0.014534, Epoch time: 3.15s
Epoch 220/300, Loss: 3.0331, Obj: -0.5328, Eq Viol (l1): 0.058396, Ineq Viol (l1): 0.017875, Epoch time: 3.19s
Epoch 221/300, Loss: 3.1396, Obj: -0.4891, Eq Viol (l1): 0.043213, Ineq Viol (l1): 0.011259, Epoch time: 3.27s

Running validation at epoch 220...

VALIDATION_EPOCH_220 EVALUATION RESULTS:
==================================================
Objective Value:     7.433777e-01
True Objective:      -2.413704e+00
Optimality Gap:      4.736664e+00 ± 2.830036e+00
Eq Violation l1:   2.459042e-03 (max: 7.467643e-01)
Ineq Violation l1: 5.509174e-04 (max: 1.837189e-01)
Solution Distance:   6.788498e+01 ± 1.425572e+00
Merit:             7.734773e-01 ± 6.251600e-02
Avg Inference Time:  0.1196s
==================================================
Epoch 222/300, Loss: 2.8807, Obj: -0.5695, Eq Viol (l1): 0.082975, Ineq Viol (l1): 0.027241, Epoch time: 3.39s
Epoch 223/300, Loss: 3.0435, Obj: -0.5565, Eq Viol (l1): 0.063948, Ineq Viol (l1): 0.018476, Epoch time: 3.12s
Epoch 224/300, Loss: 3.0354, Obj: -0.5677, Eq Viol (l1): 0.062679, Ineq Viol (l1): 0.019916, Epoch time: 3.20s
Epoch 225/300, Loss: 3.2482, Obj: -0.5262, Eq Viol (l1): 0.050589, Ineq Viol (l1): 0.018947, Epoch time: 3.35s
Epoch 226/300, Loss: 3.0120, Obj: -0.6143, Eq Viol (l1): 0.050739, Ineq Viol (l1): 0.017272, Epoch time: 3.13s
Epoch 227/300, Loss: 2.9674, Obj: -0.5261, Eq Viol (l1): 0.052709, Ineq Viol (l1): 0.018114, Epoch time: 3.17s
Epoch 228/300, Loss: 3.2059, Obj: -0.5456, Eq Viol (l1): 0.051116, Ineq Viol (l1): 0.015896, Epoch time: 3.14s
Epoch 229/300, Loss: 3.7459, Obj: -0.4798, Eq Viol (l1): 0.051073, Ineq Viol (l1): 0.018630, Epoch time: 3.20s
Epoch 230/300, Loss: 3.6241, Obj: -0.5122, Eq Viol (l1): 0.065342, Ineq Viol (l1): 0.026969, Epoch time: 3.16s
Epoch 231/300, Loss: 4.1285, Obj: -0.4389, Eq Viol (l1): 0.075715, Ineq Viol (l1): 0.027130, Epoch time: 3.21s

Running validation at epoch 230...

VALIDATION_EPOCH_230 EVALUATION RESULTS:
==================================================
Objective Value:     6.785192e-01
True Objective:      -2.413704e+00
Optimality Gap:      4.787747e+00 ± 2.909428e+00
Eq Violation l1:   1.970566e-03 (max: 4.277948e-01)
Ineq Violation l1: 3.377251e-04 (max: 7.962251e-02)
Solution Distance:   6.753607e+01 ± 1.302789e+00
Merit:             7.016021e-01 ± 1.111556e-02
Avg Inference Time:  0.1193s
==================================================
Epoch 232/300, Loss: 3.7956, Obj: -0.3513, Eq Viol (l1): 0.112174, Ineq Viol (l1): 0.040135, Epoch time: 3.26s
Epoch 233/300, Loss: 4.0637, Obj: -0.3382, Eq Viol (l1): 0.080203, Ineq Viol (l1): 0.028160, Epoch time: 3.10s
Epoch 234/300, Loss: 4.0165, Obj: -0.3732, Eq Viol (l1): 0.084321, Ineq Viol (l1): 0.030283, Epoch time: 3.41s
Epoch 235/300, Loss: 4.3804, Obj: -0.3848, Eq Viol (l1): 0.073741, Ineq Viol (l1): 0.027135, Epoch time: 3.27s
Epoch 236/300, Loss: 3.5657, Obj: -0.4933, Eq Viol (l1): 0.048546, Ineq Viol (l1): 0.016430, Epoch time: 3.25s
Epoch 237/300, Loss: 3.3411, Obj: -0.4782, Eq Viol (l1): 0.050076, Ineq Viol (l1): 0.017274, Epoch time: 3.39s
Epoch 238/300, Loss: 3.3174, Obj: -0.6163, Eq Viol (l1): 0.040451, Ineq Viol (l1): 0.012293, Epoch time: 3.12s
Epoch 239/300, Loss: 3.4426, Obj: -0.5080, Eq Viol (l1): 0.052272, Ineq Viol (l1): 0.017598, Epoch time: 3.29s
Epoch 240/300, Loss: 3.1875, Obj: -0.5286, Eq Viol (l1): 0.058858, Ineq Viol (l1): 0.023945, Epoch time: 3.23s
Epoch 241/300, Loss: 4.3769, Obj: -0.2400, Eq Viol (l1): 0.032726, Ineq Viol (l1): 0.013003, Epoch time: 3.15s

Running validation at epoch 240...

VALIDATION_EPOCH_240 EVALUATION RESULTS:
==================================================
Objective Value:     6.613570e-01
True Objective:      -2.413704e+00
Optimality Gap:      4.333496e+00 ± 2.676546e+00
Eq Violation l1:   1.148190e-03 (max: 3.820878e-01)
Ineq Violation l1: 1.731993e-04 (max: 6.299476e-02)
Solution Distance:   6.773898e+01 ± 1.137709e+00
Merit:             6.745709e-01 ± 1.331529e-02
Avg Inference Time:  0.1196s
==================================================
Epoch 242/300, Loss: 3.8387, Obj: -0.4203, Eq Viol (l1): 0.049147, Ineq Viol (l1): 0.017419, Epoch time: 3.19s
Epoch 243/300, Loss: 4.1028, Obj: -0.2604, Eq Viol (l1): 0.054841, Ineq Viol (l1): 0.021522, Epoch time: 3.26s
Epoch 244/300, Loss: 3.6014, Obj: -0.5203, Eq Viol (l1): 0.049395, Ineq Viol (l1): 0.015172, Epoch time: 3.21s
Epoch 245/300, Loss: 3.0464, Obj: -0.5294, Eq Viol (l1): 0.056561, Ineq Viol (l1): 0.019190, Epoch time: 3.12s
Epoch 246/300, Loss: 2.9841, Obj: -0.5422, Eq Viol (l1): 0.051799, Ineq Viol (l1): 0.018246, Epoch time: 3.18s
Epoch 247/300, Loss: 2.9257, Obj: -0.5384, Eq Viol (l1): 0.057348, Ineq Viol (l1): 0.019934, Epoch time: 3.13s
Epoch 248/300, Loss: 2.9195, Obj: -0.5064, Eq Viol (l1): 0.076400, Ineq Viol (l1): 0.025549, Epoch time: 3.10s
Epoch 249/300, Loss: 3.0358, Obj: -0.5940, Eq Viol (l1): 0.050796, Ineq Viol (l1): 0.017588, Epoch time: 3.05s
Epoch 250/300, Loss: 3.0234, Obj: -0.5672, Eq Viol (l1): 0.033428, Ineq Viol (l1): 0.009695, Epoch time: 3.06s
Epoch 251/300, Loss: 2.9862, Obj: -0.5931, Eq Viol (l1): 0.046612, Ineq Viol (l1): 0.015780, Epoch time: 3.10s

Running validation at epoch 250...

VALIDATION_EPOCH_250 EVALUATION RESULTS:
==================================================
Objective Value:     7.041825e-01
True Objective:      -2.413704e+00
Optimality Gap:      4.526387e+00 ± 2.764746e+00
Eq Violation l1:   2.956013e-03 (max: 4.918223e-01)
Ineq Violation l1: 6.273394e-04 (max: 1.141887e-01)
Solution Distance:   6.788901e+01 ± 1.565169e+00
Merit:             7.400161e-01 ± 8.522464e-02
Avg Inference Time:  0.1197s
==================================================
Epoch 252/300, Loss: 2.9477, Obj: -0.5966, Eq Viol (l1): 0.039437, Ineq Viol (l1): 0.013541, Epoch time: 3.10s
Epoch 253/300, Loss: 2.9679, Obj: -0.5731, Eq Viol (l1): 0.040212, Ineq Viol (l1): 0.015562, Epoch time: 3.08s
Epoch 254/300, Loss: 3.0212, Obj: -0.5379, Eq Viol (l1): 0.040823, Ineq Viol (l1): 0.013355, Epoch time: 3.07s
Epoch 255/300, Loss: 2.8625, Obj: -0.5072, Eq Viol (l1): 0.041779, Ineq Viol (l1): 0.014041, Epoch time: 3.14s
Epoch 256/300, Loss: 3.2061, Obj: -0.5499, Eq Viol (l1): 0.055654, Ineq Viol (l1): 0.021579, Epoch time: 3.18s
Epoch 257/300, Loss: 2.9210, Obj: -0.5524, Eq Viol (l1): 0.032158, Ineq Viol (l1): 0.011817, Epoch time: 3.10s
Epoch 258/300, Loss: 2.9260, Obj: -0.5755, Eq Viol (l1): 0.017402, Ineq Viol (l1): 0.006043, Epoch time: 3.15s
Epoch 259/300, Loss: 2.9877, Obj: -0.6315, Eq Viol (l1): 0.012580, Ineq Viol (l1): 0.005536, Epoch time: 3.09s
Epoch 260/300, Loss: 2.8322, Obj: -0.5737, Eq Viol (l1): 0.014411, Ineq Viol (l1): 0.006370, Epoch time: 3.18s
Epoch 261/300, Loss: 2.6910, Obj: -0.5764, Eq Viol (l1): 0.026833, Ineq Viol (l1): 0.008279, Epoch time: 3.11s

Running validation at epoch 260...

VALIDATION_EPOCH_260 EVALUATION RESULTS:
==================================================
Objective Value:     7.978533e-01
True Objective:      -2.413704e+00
Optimality Gap:      4.627113e+00 ± 2.744477e+00
Eq Violation l1:   3.121133e-03 (max: 7.701695e-01)
Ineq Violation l1: 5.934324e-04 (max: 1.716355e-01)
Solution Distance:   6.794282e+01 ± 1.697649e+00
Merit:             8.349990e-01 ± 8.844621e-02
Avg Inference Time:  0.1193s
==================================================
Epoch 262/300, Loss: 2.8368, Obj: -0.5473, Eq Viol (l1): 0.022074, Ineq Viol (l1): 0.010249, Epoch time: 3.11s
Epoch 263/300, Loss: 2.7039, Obj: -0.5948, Eq Viol (l1): 0.031163, Ineq Viol (l1): 0.010062, Epoch time: 3.10s
Epoch 264/300, Loss: 3.0170, Obj: -0.5991, Eq Viol (l1): 0.022562, Ineq Viol (l1): 0.009199, Epoch time: 3.19s
Epoch 265/300, Loss: 2.8211, Obj: -0.5675, Eq Viol (l1): 0.019047, Ineq Viol (l1): 0.006654, Epoch time: 3.13s
Epoch 266/300, Loss: 2.6677, Obj: -0.6611, Eq Viol (l1): 0.026461, Ineq Viol (l1): 0.009756, Epoch time: 3.18s
Epoch 267/300, Loss: 2.7672, Obj: -0.5606, Eq Viol (l1): 0.023518, Ineq Viol (l1): 0.008169, Epoch time: 3.21s
Epoch 268/300, Loss: 2.6088, Obj: -0.6060, Eq Viol (l1): 0.031548, Ineq Viol (l1): 0.010687, Epoch time: 3.13s
Epoch 269/300, Loss: 2.5107, Obj: -0.6119, Eq Viol (l1): 0.032095, Ineq Viol (l1): 0.011079, Epoch time: 3.08s
Epoch 270/300, Loss: 2.4887, Obj: -0.6351, Eq Viol (l1): 0.023496, Ineq Viol (l1): 0.008395, Epoch time: 3.05s
Epoch 271/300, Loss: 3.0192, Obj: -0.5831, Eq Viol (l1): 0.025932, Ineq Viol (l1): 0.010904, Epoch time: 3.19s

Running validation at epoch 270...

VALIDATION_EPOCH_270 EVALUATION RESULTS:
==================================================
Objective Value:     6.772620e-01
True Objective:      -2.413704e+00
Optimality Gap:      4.478617e+00 ± 2.636137e+00
Eq Violation l1:   1.841467e-03 (max: 3.931318e-01)
Ineq Violation l1: 2.895328e-04 (max: 9.324657e-02)
Solution Distance:   6.785534e+01 ± 1.694274e+00
Merit:             6.985720e-01 ± 6.800675e-02
Avg Inference Time:  0.1196s
==================================================
Epoch 272/300, Loss: 2.5872, Obj: -0.6461, Eq Viol (l1): 0.026711, Ineq Viol (l1): 0.008348, Epoch time: 3.12s
Epoch 273/300, Loss: 2.8538, Obj: -0.6136, Eq Viol (l1): 0.022059, Ineq Viol (l1): 0.005974, Epoch time: 3.11s
Epoch 274/300, Loss: 2.9611, Obj: -0.5087, Eq Viol (l1): 0.021359, Ineq Viol (l1): 0.006066, Epoch time: 3.05s
Epoch 275/300, Loss: 2.9168, Obj: -0.6241, Eq Viol (l1): 0.021000, Ineq Viol (l1): 0.007502, Epoch time: 3.06s
Epoch 276/300, Loss: 3.0702, Obj: -0.5184, Eq Viol (l1): 0.020608, Ineq Viol (l1): 0.006328, Epoch time: 3.09s
Epoch 277/300, Loss: 2.8957, Obj: -0.5750, Eq Viol (l1): 0.033276, Ineq Viol (l1): 0.010847, Epoch time: 3.10s
Epoch 278/300, Loss: 2.5152, Obj: -0.5723, Eq Viol (l1): 0.032245, Ineq Viol (l1): 0.011356, Epoch time: 3.13s
Epoch 279/300, Loss: 2.9448, Obj: -0.5370, Eq Viol (l1): 0.028885, Ineq Viol (l1): 0.011773, Epoch time: 3.15s
Epoch 280/300, Loss: 2.6571, Obj: -0.6693, Eq Viol (l1): 0.037895, Ineq Viol (l1): 0.011592, Epoch time: 3.09s
Epoch 281/300, Loss: 2.5538, Obj: -0.6502, Eq Viol (l1): 0.027988, Ineq Viol (l1): 0.009978, Epoch time: 3.06s

Running validation at epoch 280...

VALIDATION_EPOCH_280 EVALUATION RESULTS:
==================================================
Objective Value:     6.160160e-01
True Objective:      -2.413704e+00
Optimality Gap:      4.251140e+00 ± 2.574875e+00
Eq Violation l1:   1.694992e-03 (max: 4.197294e-01)
Ineq Violation l1: 3.080135e-04 (max: 8.593278e-02)
Solution Distance:   6.750777e+01 ± 1.531982e+00
Merit:             6.360461e-01 ± 5.287636e-02
Avg Inference Time:  0.1195s
==================================================
Epoch 282/300, Loss: 3.0291, Obj: -0.5884, Eq Viol (l1): 0.015960, Ineq Viol (l1): 0.007323, Epoch time: 3.10s
Epoch 283/300, Loss: 2.6969, Obj: -0.5893, Eq Viol (l1): 0.016667, Ineq Viol (l1): 0.006218, Epoch time: 3.15s
Epoch 284/300, Loss: 2.7661, Obj: -0.6348, Eq Viol (l1): 0.013363, Ineq Viol (l1): 0.006486, Epoch time: 3.06s
Epoch 285/300, Loss: 2.7566, Obj: -0.6343, Eq Viol (l1): 0.042591, Ineq Viol (l1): 0.016616, Epoch time: 3.16s
Epoch 286/300, Loss: 2.8683, Obj: -0.6154, Eq Viol (l1): 0.027639, Ineq Viol (l1): 0.012133, Epoch time: 3.17s
Epoch 287/300, Loss: 3.1609, Obj: -0.5792, Eq Viol (l1): 0.031524, Ineq Viol (l1): 0.011923, Epoch time: 3.12s
Epoch 288/300, Loss: 3.4496, Obj: -0.5390, Eq Viol (l1): 0.021593, Ineq Viol (l1): 0.010223, Epoch time: 3.22s
Epoch 289/300, Loss: 3.7903, Obj: -0.4707, Eq Viol (l1): 0.035108, Ineq Viol (l1): 0.011340, Epoch time: 3.13s
Epoch 290/300, Loss: 3.1895, Obj: -0.6082, Eq Viol (l1): 0.022013, Ineq Viol (l1): 0.009380, Epoch time: 3.18s
Epoch 291/300, Loss: 2.5190, Obj: -0.5890, Eq Viol (l1): 0.056126, Ineq Viol (l1): 0.015167, Epoch time: 3.18s

Running validation at epoch 290...

VALIDATION_EPOCH_290 EVALUATION RESULTS:
==================================================
Objective Value:     5.587416e-01
True Objective:      -2.413704e+00
Optimality Gap:      4.142378e+00 ± 2.485251e+00
Eq Violation l1:   1.276803e-03 (max: 4.172397e-01)
Ineq Violation l1: 1.471104e-04 (max: 4.263745e-02)
Solution Distance:   6.748850e+01 ± 1.854651e+00
Merit:             5.729807e-01 ± 6.434549e-02
Avg Inference Time:  0.1195s
==================================================
Epoch 292/300, Loss: 2.8478, Obj: -0.6375, Eq Viol (l1): 0.031253, Ineq Viol (l1): 0.011874, Epoch time: 3.13s
Epoch 293/300, Loss: 2.8082, Obj: -0.6795, Eq Viol (l1): 0.035566, Ineq Viol (l1): 0.011651, Epoch time: 3.19s
Epoch 294/300, Loss: 3.0357, Obj: -0.6373, Eq Viol (l1): 0.015976, Ineq Viol (l1): 0.006079, Epoch time: 3.04s
Epoch 295/300, Loss: 3.0265, Obj: -0.6109, Eq Viol (l1): 0.020443, Ineq Viol (l1): 0.007521, Epoch time: 3.07s
Epoch 296/300, Loss: 2.9268, Obj: -0.5968, Eq Viol (l1): 0.035931, Ineq Viol (l1): 0.010860, Epoch time: 3.09s
Epoch 297/300, Loss: 2.9170, Obj: -0.6839, Eq Viol (l1): 0.034824, Ineq Viol (l1): 0.013172, Epoch time: 3.12s
Epoch 298/300, Loss: 3.1109, Obj: -0.6362, Eq Viol (l1): 0.027575, Ineq Viol (l1): 0.008341, Epoch time: 3.13s
Epoch 299/300, Loss: 3.2888, Obj: -0.6093, Eq Viol (l1): 0.025648, Ineq Viol (l1): 0.009417, Epoch time: 3.09s
Epoch 300/300, Loss: 3.0871, Obj: -0.5888, Eq Viol (l1): 0.012881, Ineq Viol (l1): 0.005077, Epoch time: 3.09s

Training completed in 937.10 seconds.

============================================================
COMPREHENSIVE TEST EVALUATION WITH DETAILED RESULTS
============================================================
Testing with batch sizes: [256, 512]

Evaluating with batch size: 256 (with detailed results)

TEST_BS256 EVALUATION RESULTS:
==================================================
Objective Value:     7.568909e-01
True Objective:      -2.409220e+00
Optimality Gap:      1.921810e+00 ± 5.696849e+00
Eq Violation l1:   1.587451e-03 (max: 3.563535e-01)
Ineq Violation l1: 2.660150e-04 (max: 6.434361e-02)
Solution Distance:   6.839543e+01 ± 1.471415e+00
Merit:             7.754255e-01 ± 1.403386e-01
Avg Inference Time:  0.1065s
==================================================

Evaluating with batch size: 512 (with detailed results)

TEST_BS512 EVALUATION RESULTS:
==================================================
Objective Value:     7.548537e-01
True Objective:      -2.408634e+00
Optimality Gap:      1.815085e+00 ± 3.657634e+00
Eq Violation l1:   1.452754e-03 (max: 6.047901e-01)
Ineq Violation l1: 1.978193e-04 (max: 8.890028e-02)
Solution Distance:   6.837667e+01 ± 7.499466e-01
Merit:             7.713594e-01 ± 9.705628e-02
Avg Inference Time:  0.1164s
==================================================

TEST BATCH SIZE COMPARISON:
================================================================================
Batch Size   Objective    Opt Gap      Eq Viol      Ineq Viol    Time (s)  
--------------------------------------------------------------------------------
256          7.5689e-01   1.9218e+00   1.5875e-03   2.6602e-04   0.85      
512          7.5485e-01   1.8151e+00   1.4528e-03   1.9782e-04   0.47      
================================================================================

Saving model and results to: results/nonsmooth_nonconvex/socp/SOCPProblem-100-50-50-10000/20260107-055248_MLP_FSNet_seed1_nepochs300_lr0.0002_trainsize7000_finetune_20260107-043823_model_400
✓ Model saved: results/nonsmooth_nonconvex/socp/SOCPProblem-100-50-50-10000/20260107-055248_MLP_FSNet_seed1_nepochs300_lr0.0002_trainsize7000_finetune_20260107-043823_model_400/model.pt
✓ Detailed results saved: results/nonsmooth_nonconvex/socp/SOCPProblem-100-50-50-10000/20260107-055248_MLP_FSNet_seed1_nepochs300_lr0.0002_trainsize7000_finetune_20260107-043823_model_400/results.pkl

Files saved (or attempted):
  - model.pt (model weights and architecture)
  - results.pkl (training history, metrics, detailed test results)
Training and testing completed in 940.39 seconds
Done!!!
============================================================
==========         =====================         ===========
==========   1      =====================         ===========
==========         =====================         ===========
============================================================

======= Running for problem: nonsmooth_nonconvex/socp =======

Loading problem instance: nonsmooth_nonconvex/socp with size [100, 50, 50, 10000]
Loading  dataset from: datasets/nonsmooth_nonconvex/socp/random2025_socp_dataset_var100_ineq50_eq50_ex10000 

Running on:  cuda
Training model using FSNet method with seed 2 for 300 epochs
Using batch size: 512
Loading model from checkpoint: results/nonsmooth_nonconvex/socp/SOCPProblem-100-50-50-10000/20260107-043823_MLP_sup_seed1_nepochs500_lr0.0005_trainsize7000/model_400.pt

lr: 0.0002, weight_decay: 0.001, num_epochs: 300

Epoch 1/300, Loss: 0.9142, Obj: -1.6157, Eq Viol (l1): 0.000054, Ineq Viol (l1): 0.000000, Epoch time: 6.70s

Running validation at epoch 0...

VALIDATION_EPOCH_0 EVALUATION RESULTS:
==================================================
Objective Value:     5.720211e-01
True Objective:      -2.413704e+00
Optimality Gap:      4.733003e+00 ± 2.960011e+00
Eq Violation l1:   4.863452e-03 (max: 1.640884e+00)
Ineq Violation l1: 1.268935e-03 (max: 4.305612e-01)
Solution Distance:   6.858832e+01 ± 1.721894e+00
Merit:             6.333450e-01 ± 1.102423e-01
Avg Inference Time:  0.6729s
==================================================
Epoch 2/300, Loss: 0.7923, Obj: -1.4847, Eq Viol (l1): 0.000033, Ineq Viol (l1): 0.000000, Epoch time: 2.95s
Epoch 3/300, Loss: 0.5356, Obj: -1.3107, Eq Viol (l1): 0.000038, Ineq Viol (l1): 0.000000, Epoch time: 2.89s
Epoch 4/300, Loss: 0.5159, Obj: -1.2450, Eq Viol (l1): 0.000035, Ineq Viol (l1): 0.000000, Epoch time: 2.92s
Epoch 5/300, Loss: 0.5348, Obj: -1.1511, Eq Viol (l1): 0.000043, Ineq Viol (l1): 0.000000, Epoch time: 2.85s
Epoch 6/300, Loss: 0.5089, Obj: -1.1863, Eq Viol (l1): 0.000039, Ineq Viol (l1): 0.000000, Epoch time: 2.89s
Epoch 7/300, Loss: 0.4893, Obj: -1.1866, Eq Viol (l1): 0.000037, Ineq Viol (l1): 0.000000, Epoch time: 2.88s
Epoch 8/300, Loss: 0.4860, Obj: -1.2133, Eq Viol (l1): 0.000027, Ineq Viol (l1): 0.000000, Epoch time: 2.97s
Epoch 9/300, Loss: 0.5561, Obj: -1.1454, Eq Viol (l1): 0.000033, Ineq Viol (l1): 0.000000, Epoch time: 2.90s
Epoch 10/300, Loss: 0.7250, Obj: -1.1008, Eq Viol (l1): 0.000042, Ineq Viol (l1): 0.000003, Epoch time: 2.96s
Epoch 11/300, Loss: 0.6553, Obj: -1.1305, Eq Viol (l1): 0.000034, Ineq Viol (l1): 0.000000, Epoch time: 2.89s

Running validation at epoch 10...

VALIDATION_EPOCH_10 EVALUATION RESULTS:
==================================================
Objective Value:     6.623470e-01
True Objective:      -2.413704e+00
Optimality Gap:      4.933873e+00 ± 3.182175e+00
Eq Violation l1:   6.986474e-03 (max: 2.213416e+00)
Ineq Violation l1: 1.411780e-03 (max: 4.632633e-01)
Solution Distance:   6.858101e+01 ± 1.553027e+00
Merit:             7.463295e-01 ± 7.296724e-02
Avg Inference Time:  0.1196s
==================================================
Epoch 12/300, Loss: 0.7602, Obj: -1.0737, Eq Viol (l1): 0.000028, Ineq Viol (l1): 0.000000, Epoch time: 2.92s
Epoch 13/300, Loss: 0.8765, Obj: -1.1520, Eq Viol (l1): 0.000040, Ineq Viol (l1): 0.000002, Epoch time: 2.94s
Epoch 14/300, Loss: 0.8931, Obj: -1.0760, Eq Viol (l1): 0.000043, Ineq Viol (l1): 0.000000, Epoch time: 2.89s
Epoch 15/300, Loss: 1.0294, Obj: -1.0344, Eq Viol (l1): 0.000034, Ineq Viol (l1): 0.000000, Epoch time: 2.93s
Epoch 16/300, Loss: 1.0710, Obj: -1.0106, Eq Viol (l1): 0.000073, Ineq Viol (l1): 0.000007, Epoch time: 2.93s
Epoch 17/300, Loss: 1.2578, Obj: -0.9344, Eq Viol (l1): 0.000031, Ineq Viol (l1): 0.000000, Epoch time: 2.94s
Epoch 18/300, Loss: 1.1924, Obj: -1.0409, Eq Viol (l1): 0.000038, Ineq Viol (l1): 0.000000, Epoch time: 2.88s
Epoch 19/300, Loss: 1.1831, Obj: -0.9851, Eq Viol (l1): 0.000028, Ineq Viol (l1): 0.000000, Epoch time: 2.94s
Epoch 20/300, Loss: 1.1185, Obj: -1.0107, Eq Viol (l1): 0.000029, Ineq Viol (l1): 0.000000, Epoch time: 2.98s
Epoch 21/300, Loss: 1.0432, Obj: -1.0031, Eq Viol (l1): 0.000035, Ineq Viol (l1): 0.000000, Epoch time: 2.92s

Running validation at epoch 20...

VALIDATION_EPOCH_20 EVALUATION RESULTS:
==================================================
Objective Value:     7.651454e-01
True Objective:      -2.413704e+00
Optimality Gap:      4.939171e+00 ± 3.083553e+00
Eq Violation l1:   4.099070e-03 (max: 9.973270e-01)
Ineq Violation l1: 7.400844e-04 (max: 1.703610e-01)
Solution Distance:   6.901070e+01 ± 1.454774e+00
Merit:             8.135370e-01 ± 1.146101e-01
Avg Inference Time:  0.1194s
==================================================
Epoch 22/300, Loss: 1.1111, Obj: -0.9561, Eq Viol (l1): 0.000031, Ineq Viol (l1): 0.000000, Epoch time: 2.87s
Epoch 23/300, Loss: 1.1709, Obj: -0.9812, Eq Viol (l1): 0.000034, Ineq Viol (l1): 0.000000, Epoch time: 2.76s
Epoch 24/300, Loss: 1.3283, Obj: -0.8505, Eq Viol (l1): 0.000099, Ineq Viol (l1): 0.000012, Epoch time: 2.78s
Epoch 25/300, Loss: 1.2191, Obj: -0.9749, Eq Viol (l1): 0.000033, Ineq Viol (l1): 0.000000, Epoch time: 2.80s
Epoch 26/300, Loss: 1.1396, Obj: -1.0343, Eq Viol (l1): 0.000033, Ineq Viol (l1): 0.000000, Epoch time: 2.76s
Epoch 27/300, Loss: 1.1546, Obj: -0.9170, Eq Viol (l1): 0.000492, Ineq Viol (l1): 0.000121, Epoch time: 2.74s
Epoch 28/300, Loss: 1.2037, Obj: -0.9278, Eq Viol (l1): 0.000032, Ineq Viol (l1): 0.000000, Epoch time: 2.78s
Epoch 29/300, Loss: 1.1400, Obj: -1.0489, Eq Viol (l1): 0.000033, Ineq Viol (l1): 0.000000, Epoch time: 2.85s
Epoch 30/300, Loss: 1.3284, Obj: -0.9644, Eq Viol (l1): 0.000343, Ineq Viol (l1): 0.000047, Epoch time: 2.94s
Epoch 31/300, Loss: 1.2226, Obj: -0.8955, Eq Viol (l1): 0.000034, Ineq Viol (l1): 0.000000, Epoch time: 2.91s

Running validation at epoch 30...

VALIDATION_EPOCH_30 EVALUATION RESULTS:
==================================================
Objective Value:     7.234099e-01
True Objective:      -2.413704e+00
Optimality Gap:      4.995335e+00 ± 3.149444e+00
Eq Violation l1:   3.882904e-03 (max: 9.220366e-01)
Ineq Violation l1: 8.347667e-04 (max: 2.653407e-01)
Solution Distance:   6.870960e+01 ± 1.395231e+00
Merit:             7.705867e-01 ± 6.239607e-02
Avg Inference Time:  0.1196s
==================================================
Epoch 32/300, Loss: 1.3514, Obj: -0.9732, Eq Viol (l1): 0.000025, Ineq Viol (l1): 0.000000, Epoch time: 3.03s
Epoch 33/300, Loss: 1.4204, Obj: -0.8921, Eq Viol (l1): 0.000029, Ineq Viol (l1): 0.000000, Epoch time: 3.06s
Epoch 34/300, Loss: 1.4408, Obj: -0.9076, Eq Viol (l1): 0.000029, Ineq Viol (l1): 0.000000, Epoch time: 2.98s
Epoch 35/300, Loss: 1.3288, Obj: -0.9589, Eq Viol (l1): 0.000074, Ineq Viol (l1): 0.000006, Epoch time: 2.98s
Epoch 36/300, Loss: 1.3644, Obj: -0.8742, Eq Viol (l1): 0.000039, Ineq Viol (l1): 0.000001, Epoch time: 3.00s
Epoch 37/300, Loss: 1.5387, Obj: -0.9780, Eq Viol (l1): 0.000850, Ineq Viol (l1): 0.000197, Epoch time: 3.00s
Epoch 38/300, Loss: 1.2808, Obj: -0.9235, Eq Viol (l1): 0.033995, Ineq Viol (l1): 0.013207, Epoch time: 3.08s
Epoch 39/300, Loss: 1.5819, Obj: -0.8077, Eq Viol (l1): 0.010590, Ineq Viol (l1): 0.002700, Epoch time: 3.13s
Epoch 40/300, Loss: 1.5761, Obj: -0.8545, Eq Viol (l1): 0.021580, Ineq Viol (l1): 0.008430, Epoch time: 3.04s
Epoch 41/300, Loss: 1.5131, Obj: -0.8763, Eq Viol (l1): 0.015765, Ineq Viol (l1): 0.004225, Epoch time: 3.09s

Running validation at epoch 40...

VALIDATION_EPOCH_40 EVALUATION RESULTS:
==================================================
Objective Value:     7.397780e-01
True Objective:      -2.413704e+00
Optimality Gap:      4.824957e+00 ± 2.983066e+00
Eq Violation l1:   1.524250e-03 (max: 4.299687e-01)
Ineq Violation l1: 1.646424e-04 (max: 4.495766e-02)
Solution Distance:   6.839349e+01 ± 1.286139e+00
Merit:             7.566669e-01 ± 4.910091e-02
Avg Inference Time:  0.1199s
==================================================
Epoch 42/300, Loss: 1.5458, Obj: -0.8507, Eq Viol (l1): 0.001638, Ineq Viol (l1): 0.000322, Epoch time: 3.02s
Epoch 43/300, Loss: 1.4341, Obj: -0.8774, Eq Viol (l1): 0.024942, Ineq Viol (l1): 0.007418, Epoch time: 2.99s
Epoch 44/300, Loss: 1.3910, Obj: -0.8664, Eq Viol (l1): 0.018457, Ineq Viol (l1): 0.005696, Epoch time: 3.05s
Epoch 45/300, Loss: 1.6075, Obj: -0.8139, Eq Viol (l1): 0.008363, Ineq Viol (l1): 0.001939, Epoch time: 3.01s
Epoch 46/300, Loss: 1.4883, Obj: -0.8694, Eq Viol (l1): 0.003833, Ineq Viol (l1): 0.001019, Epoch time: 3.04s
Epoch 47/300, Loss: 1.8092, Obj: -0.7829, Eq Viol (l1): 0.011652, Ineq Viol (l1): 0.004201, Epoch time: 2.96s
Epoch 48/300, Loss: 1.7188, Obj: -0.8987, Eq Viol (l1): 0.009401, Ineq Viol (l1): 0.002627, Epoch time: 2.99s
Epoch 49/300, Loss: 1.6103, Obj: -0.9113, Eq Viol (l1): 0.018678, Ineq Viol (l1): 0.004702, Epoch time: 2.95s
Epoch 50/300, Loss: 1.6391, Obj: -0.8908, Eq Viol (l1): 0.026455, Ineq Viol (l1): 0.007968, Epoch time: 3.02s
Epoch 51/300, Loss: 1.6548, Obj: -0.9246, Eq Viol (l1): 0.019296, Ineq Viol (l1): 0.007066, Epoch time: 2.97s

Running validation at epoch 50...

VALIDATION_EPOCH_50 EVALUATION RESULTS:
==================================================
Objective Value:     6.750368e-01
True Objective:      -2.413704e+00
Optimality Gap:      4.682757e+00 ± 3.005017e+00
Eq Violation l1:   4.700740e-03 (max: 1.418438e+00)
Ineq Violation l1: 9.524397e-04 (max: 3.632095e-01)
Solution Distance:   6.845036e+01 ± 1.470727e+00
Merit:             7.315686e-01 ± 6.650022e-02
Avg Inference Time:  0.1195s
==================================================
Epoch 52/300, Loss: 1.8329, Obj: -0.8205, Eq Viol (l1): 0.023531, Ineq Viol (l1): 0.007632, Epoch time: 3.02s
Epoch 53/300, Loss: 1.8080, Obj: -0.8409, Eq Viol (l1): 0.026835, Ineq Viol (l1): 0.008618, Epoch time: 3.03s
Epoch 54/300, Loss: 2.0845, Obj: -0.8808, Eq Viol (l1): 0.018033, Ineq Viol (l1): 0.005333, Epoch time: 2.95s
Epoch 55/300, Loss: 1.8556, Obj: -0.8752, Eq Viol (l1): 0.010607, Ineq Viol (l1): 0.003616, Epoch time: 3.01s
Epoch 56/300, Loss: 1.6537, Obj: -0.8961, Eq Viol (l1): 0.025332, Ineq Viol (l1): 0.008044, Epoch time: 2.96s
Epoch 57/300, Loss: 1.4668, Obj: -0.8841, Eq Viol (l1): 0.014286, Ineq Viol (l1): 0.005308, Epoch time: 3.02s
Epoch 58/300, Loss: 1.7656, Obj: -0.8009, Eq Viol (l1): 0.017272, Ineq Viol (l1): 0.006245, Epoch time: 2.97s
Epoch 59/300, Loss: 1.7532, Obj: -0.8474, Eq Viol (l1): 0.030670, Ineq Viol (l1): 0.010501, Epoch time: 3.02s
Epoch 60/300, Loss: 1.7245, Obj: -0.8580, Eq Viol (l1): 0.022849, Ineq Viol (l1): 0.009392, Epoch time: 2.99s
Epoch 61/300, Loss: 1.8295, Obj: -0.8626, Eq Viol (l1): 0.013513, Ineq Viol (l1): 0.003120, Epoch time: 3.00s

Running validation at epoch 60...

VALIDATION_EPOCH_60 EVALUATION RESULTS:
==================================================
Objective Value:     6.799963e-01
True Objective:      -2.413704e+00
Optimality Gap:      4.797932e+00 ± 3.015885e+00
Eq Violation l1:   4.157026e-03 (max: 9.348117e-01)
Ineq Violation l1: 8.077742e-04 (max: 2.362581e-01)
Solution Distance:   6.843470e+01 ± 1.358573e+00
Merit:             7.296443e-01 ± 8.724372e-02
Avg Inference Time:  0.1196s
==================================================
Epoch 62/300, Loss: 2.1129, Obj: -0.7952, Eq Viol (l1): 0.015957, Ineq Viol (l1): 0.005822, Epoch time: 3.01s
Epoch 63/300, Loss: 2.0059, Obj: -0.8541, Eq Viol (l1): 0.012084, Ineq Viol (l1): 0.003877, Epoch time: 3.01s
Epoch 64/300, Loss: 1.8794, Obj: -0.8736, Eq Viol (l1): 0.016978, Ineq Viol (l1): 0.004599, Epoch time: 3.08s
Epoch 65/300, Loss: 2.2139, Obj: -0.8069, Eq Viol (l1): 0.006372, Ineq Viol (l1): 0.001491, Epoch time: 3.09s
Epoch 66/300, Loss: 2.0606, Obj: -0.8566, Eq Viol (l1): 0.009163, Ineq Viol (l1): 0.002875, Epoch time: 3.05s
Epoch 67/300, Loss: 2.3007, Obj: -0.8316, Eq Viol (l1): 0.005178, Ineq Viol (l1): 0.001947, Epoch time: 3.02s
Epoch 68/300, Loss: 2.3595, Obj: -0.8077, Eq Viol (l1): 0.004706, Ineq Viol (l1): 0.001997, Epoch time: 3.05s
Epoch 69/300, Loss: 1.9228, Obj: -0.8576, Eq Viol (l1): 0.017929, Ineq Viol (l1): 0.005098, Epoch time: 3.02s
Epoch 70/300, Loss: 1.8710, Obj: -0.8497, Eq Viol (l1): 0.014563, Ineq Viol (l1): 0.003736, Epoch time: 3.08s
Epoch 71/300, Loss: 2.4054, Obj: -0.9029, Eq Viol (l1): 0.002206, Ineq Viol (l1): 0.000597, Epoch time: 2.93s

Running validation at epoch 70...

VALIDATION_EPOCH_70 EVALUATION RESULTS:
==================================================
Objective Value:     6.735708e-01
True Objective:      -2.413704e+00
Optimality Gap:      4.852805e+00 ± 3.158493e+00
Eq Violation l1:   4.296134e-03 (max: 1.202955e+00)
Ineq Violation l1: 9.504301e-04 (max: 2.964500e-01)
Solution Distance:   6.835414e+01 ± 1.207090e+00
Merit:             7.260364e-01 ± 8.416766e-02
Avg Inference Time:  0.1191s
==================================================
Epoch 72/300, Loss: 2.0736, Obj: -0.8529, Eq Viol (l1): 0.007168, Ineq Viol (l1): 0.001771, Epoch time: 3.00s
Epoch 73/300, Loss: 2.7337, Obj: -0.8472, Eq Viol (l1): 0.007330, Ineq Viol (l1): 0.002538, Epoch time: 2.98s
Epoch 74/300, Loss: 2.0972, Obj: -0.7872, Eq Viol (l1): 0.014625, Ineq Viol (l1): 0.003903, Epoch time: 2.97s
Epoch 75/300, Loss: 2.3523, Obj: -0.8460, Eq Viol (l1): 0.004348, Ineq Viol (l1): 0.000759, Epoch time: 2.93s
Epoch 76/300, Loss: 2.4754, Obj: -0.8009, Eq Viol (l1): 0.002897, Ineq Viol (l1): 0.000656, Epoch time: 2.98s
Epoch 77/300, Loss: 1.9439, Obj: -0.8019, Eq Viol (l1): 0.010451, Ineq Viol (l1): 0.002463, Epoch time: 2.92s
Epoch 78/300, Loss: 1.9674, Obj: -0.7976, Eq Viol (l1): 0.010552, Ineq Viol (l1): 0.002224, Epoch time: 2.93s
Epoch 79/300, Loss: 2.4402, Obj: -0.8975, Eq Viol (l1): 0.005766, Ineq Viol (l1): 0.001238, Epoch time: 2.96s
Epoch 80/300, Loss: 2.2605, Obj: -0.7743, Eq Viol (l1): 0.005353, Ineq Viol (l1): 0.001282, Epoch time: 2.98s
Epoch 81/300, Loss: 1.6915, Obj: -0.9063, Eq Viol (l1): 0.020582, Ineq Viol (l1): 0.006602, Epoch time: 2.99s

Running validation at epoch 80...

VALIDATION_EPOCH_80 EVALUATION RESULTS:
==================================================
Objective Value:     6.931158e-01
True Objective:      -2.413704e+00
Optimality Gap:      4.855169e+00 ± 3.101887e+00
Eq Violation l1:   2.040877e-03 (max: 3.221953e-01)
Ineq Violation l1: 4.177535e-04 (max: 9.678897e-02)
Solution Distance:   6.850587e+01 ± 1.591144e+00
Merit:             7.177021e-01 ± 1.025252e-01
Avg Inference Time:  0.1196s
==================================================
Epoch 82/300, Loss: 1.7463, Obj: -0.9161, Eq Viol (l1): 0.012537, Ineq Viol (l1): 0.002342, Epoch time: 2.93s
Epoch 83/300, Loss: 1.6840, Obj: -0.8746, Eq Viol (l1): 0.009821, Ineq Viol (l1): 0.002901, Epoch time: 2.96s
Epoch 84/300, Loss: 2.3286, Obj: -0.8172, Eq Viol (l1): 0.002090, Ineq Viol (l1): 0.000778, Epoch time: 3.02s
Epoch 85/300, Loss: 1.9926, Obj: -0.8620, Eq Viol (l1): 0.005250, Ineq Viol (l1): 0.000753, Epoch time: 2.94s
Epoch 86/300, Loss: 2.1718, Obj: -0.8901, Eq Viol (l1): 0.004775, Ineq Viol (l1): 0.002061, Epoch time: 2.95s
Epoch 87/300, Loss: 2.0204, Obj: -0.8281, Eq Viol (l1): 0.004628, Ineq Viol (l1): 0.000998, Epoch time: 3.01s
Epoch 88/300, Loss: 2.0207, Obj: -0.8833, Eq Viol (l1): 0.008827, Ineq Viol (l1): 0.001960, Epoch time: 3.02s
Epoch 89/300, Loss: 1.9742, Obj: -0.8352, Eq Viol (l1): 0.005927, Ineq Viol (l1): 0.001718, Epoch time: 3.03s
Epoch 90/300, Loss: 1.9216, Obj: -0.9017, Eq Viol (l1): 0.008691, Ineq Viol (l1): 0.002235, Epoch time: 3.00s
Epoch 91/300, Loss: 1.7503, Obj: -0.8594, Eq Viol (l1): 0.009696, Ineq Viol (l1): 0.002285, Epoch time: 2.99s

Running validation at epoch 90...

VALIDATION_EPOCH_90 EVALUATION RESULTS:
==================================================
Objective Value:     6.316651e-01
True Objective:      -2.413704e+00
Optimality Gap:      4.510308e+00 ± 2.827847e+00
Eq Violation l1:   4.826198e-03 (max: 1.208684e+00)
Ineq Violation l1: 1.065301e-03 (max: 2.646016e-01)
Solution Distance:   6.832655e+01 ± 1.461381e+00
Merit:             6.905801e-01 ± 1.235176e-01
Avg Inference Time:  0.1194s
==================================================
Epoch 92/300, Loss: 1.6329, Obj: -0.9201, Eq Viol (l1): 0.011530, Ineq Viol (l1): 0.002598, Epoch time: 2.94s
Epoch 93/300, Loss: 1.9145, Obj: -0.8229, Eq Viol (l1): 0.010268, Ineq Viol (l1): 0.002312, Epoch time: 2.99s
Epoch 94/300, Loss: 1.7492, Obj: -0.8738, Eq Viol (l1): 0.015183, Ineq Viol (l1): 0.004595, Epoch time: 2.98s
Epoch 95/300, Loss: 1.8213, Obj: -0.8261, Eq Viol (l1): 0.011963, Ineq Viol (l1): 0.003687, Epoch time: 3.05s
Epoch 96/300, Loss: 1.9730, Obj: -0.8745, Eq Viol (l1): 0.009475, Ineq Viol (l1): 0.002623, Epoch time: 3.00s
Epoch 97/300, Loss: 2.1730, Obj: -0.8183, Eq Viol (l1): 0.005313, Ineq Viol (l1): 0.001360, Epoch time: 3.01s
Epoch 98/300, Loss: 1.7861, Obj: -0.9001, Eq Viol (l1): 0.017558, Ineq Viol (l1): 0.005393, Epoch time: 3.01s
Epoch 99/300, Loss: 1.9396, Obj: -0.9069, Eq Viol (l1): 0.014553, Ineq Viol (l1): 0.003287, Epoch time: 2.99s
Epoch 100/300, Loss: 1.9422, Obj: -0.8363, Eq Viol (l1): 0.017109, Ineq Viol (l1): 0.004348, Epoch time: 3.11s
Epoch 101/300, Loss: 1.8770, Obj: -0.8551, Eq Viol (l1): 0.026169, Ineq Viol (l1): 0.006058, Epoch time: 3.11s

Running validation at epoch 100...

VALIDATION_EPOCH_100 EVALUATION RESULTS:
==================================================
Objective Value:     5.986134e-01
True Objective:      -2.413704e+00
Optimality Gap:      4.424108e+00 ± 2.776311e+00
Eq Violation l1:   3.473415e-03 (max: 7.753838e-01)
Ineq Violation l1: 7.616219e-04 (max: 2.167856e-01)
Solution Distance:   6.844875e+01 ± 1.480606e+00
Merit:             6.409637e-01 ± 1.351386e-01
Avg Inference Time:  0.1194s
==================================================
Epoch 102/300, Loss: 2.1040, Obj: -0.7990, Eq Viol (l1): 0.030050, Ineq Viol (l1): 0.010014, Epoch time: 3.03s
Epoch 103/300, Loss: 2.1200, Obj: -0.7601, Eq Viol (l1): 0.035853, Ineq Viol (l1): 0.013090, Epoch time: 3.02s
Epoch 104/300, Loss: 2.1016, Obj: -0.8431, Eq Viol (l1): 0.026427, Ineq Viol (l1): 0.008858, Epoch time: 3.01s
Epoch 105/300, Loss: 1.8651, Obj: -0.8218, Eq Viol (l1): 0.031988, Ineq Viol (l1): 0.012780, Epoch time: 2.98s
Epoch 106/300, Loss: 2.0242, Obj: -0.8592, Eq Viol (l1): 0.050814, Ineq Viol (l1): 0.016422, Epoch time: 3.05s
Epoch 107/300, Loss: 2.1824, Obj: -0.7665, Eq Viol (l1): 0.038361, Ineq Viol (l1): 0.012997, Epoch time: 2.99s
Epoch 108/300, Loss: 2.1513, Obj: -0.8834, Eq Viol (l1): 0.023479, Ineq Viol (l1): 0.008635, Epoch time: 3.01s
Epoch 109/300, Loss: 1.8979, Obj: -0.7475, Eq Viol (l1): 0.054287, Ineq Viol (l1): 0.020605, Epoch time: 3.03s
Epoch 110/300, Loss: 1.7786, Obj: -0.7958, Eq Viol (l1): 0.079401, Ineq Viol (l1): 0.029617, Epoch time: 3.05s
Epoch 111/300, Loss: 2.1465, Obj: -0.7873, Eq Viol (l1): 0.036566, Ineq Viol (l1): 0.014448, Epoch time: 2.96s

Running validation at epoch 110...

VALIDATION_EPOCH_110 EVALUATION RESULTS:
==================================================
Objective Value:     6.695688e-01
True Objective:      -2.413704e+00
Optimality Gap:      4.707426e+00 ± 3.045363e+00
Eq Violation l1:   3.311210e-03 (max: 8.535364e-01)
Ineq Violation l1: 6.612001e-04 (max: 1.912504e-01)
Solution Distance:   6.797329e+01 ± 1.457034e+00
Merit:             7.092929e-01 ± 8.465852e-02
Avg Inference Time:  0.1192s
==================================================
Epoch 112/300, Loss: 2.0415, Obj: -0.8227, Eq Viol (l1): 0.029568, Ineq Viol (l1): 0.010224, Epoch time: 3.02s
Epoch 113/300, Loss: 2.1839, Obj: -0.8413, Eq Viol (l1): 0.030364, Ineq Viol (l1): 0.010905, Epoch time: 2.99s
Epoch 114/300, Loss: 1.8504, Obj: -0.8491, Eq Viol (l1): 0.034169, Ineq Viol (l1): 0.010785, Epoch time: 3.01s
Epoch 115/300, Loss: 2.4894, Obj: -0.8539, Eq Viol (l1): 0.019170, Ineq Viol (l1): 0.006406, Epoch time: 2.98s
Epoch 116/300, Loss: 1.8308, Obj: -0.8493, Eq Viol (l1): 0.031703, Ineq Viol (l1): 0.008898, Epoch time: 3.04s
Epoch 117/300, Loss: 2.8831, Obj: -0.8473, Eq Viol (l1): 0.026510, Ineq Viol (l1): 0.009399, Epoch time: 3.09s
Epoch 118/300, Loss: 2.2670, Obj: -0.8366, Eq Viol (l1): 0.018570, Ineq Viol (l1): 0.004694, Epoch time: 3.08s
Epoch 119/300, Loss: 2.3877, Obj: -0.7434, Eq Viol (l1): 0.013877, Ineq Viol (l1): 0.005385, Epoch time: 3.02s
Epoch 120/300, Loss: 2.5195, Obj: -0.8285, Eq Viol (l1): 0.009401, Ineq Viol (l1): 0.002304, Epoch time: 3.01s
Epoch 121/300, Loss: 2.4736, Obj: -0.8076, Eq Viol (l1): 0.025883, Ineq Viol (l1): 0.006924, Epoch time: 3.02s

Running validation at epoch 120...

VALIDATION_EPOCH_120 EVALUATION RESULTS:
==================================================
Objective Value:     6.632481e-01
True Objective:      -2.413704e+00
Optimality Gap:      4.708224e+00 ± 3.038677e+00
Eq Violation l1:   2.430051e-03 (max: 7.779441e-01)
Ineq Violation l1: 5.836722e-04 (max: 2.254141e-01)
Solution Distance:   6.795527e+01 ± 1.540321e+00
Merit:             6.933854e-01 ± 9.328172e-02
Avg Inference Time:  0.1195s
==================================================
Epoch 122/300, Loss: 2.4809, Obj: -0.8333, Eq Viol (l1): 0.021390, Ineq Viol (l1): 0.006131, Epoch time: 3.02s
Epoch 123/300, Loss: 1.9453, Obj: -0.8772, Eq Viol (l1): 0.051922, Ineq Viol (l1): 0.015474, Epoch time: 3.02s
Epoch 124/300, Loss: 2.6179, Obj: -0.8473, Eq Viol (l1): 0.020575, Ineq Viol (l1): 0.006108, Epoch time: 3.03s
Epoch 125/300, Loss: 2.5914, Obj: -0.7636, Eq Viol (l1): 0.038645, Ineq Viol (l1): 0.012899, Epoch time: 3.06s
Epoch 126/300, Loss: 2.4533, Obj: -0.8192, Eq Viol (l1): 0.050247, Ineq Viol (l1): 0.015747, Epoch time: 3.01s
Epoch 127/300, Loss: 2.5908, Obj: -0.8427, Eq Viol (l1): 0.040556, Ineq Viol (l1): 0.013658, Epoch time: 3.00s
Epoch 128/300, Loss: 3.3350, Obj: -0.8088, Eq Viol (l1): 0.042067, Ineq Viol (l1): 0.014066, Epoch time: 3.02s
Epoch 129/300, Loss: 3.1906, Obj: -0.8284, Eq Viol (l1): 0.047612, Ineq Viol (l1): 0.014420, Epoch time: 3.01s
Epoch 130/300, Loss: 3.1466, Obj: -0.8760, Eq Viol (l1): 0.021203, Ineq Viol (l1): 0.007489, Epoch time: 3.02s
Epoch 131/300, Loss: 2.5991, Obj: -0.8737, Eq Viol (l1): 0.039565, Ineq Viol (l1): 0.013921, Epoch time: 3.08s

Running validation at epoch 130...

VALIDATION_EPOCH_130 EVALUATION RESULTS:
==================================================
Objective Value:     6.292192e-01
True Objective:      -2.413704e+00
Optimality Gap:      4.573770e+00 ± 2.991674e+00
Eq Violation l1:   6.148195e-03 (max: 1.497685e+00)
Ineq Violation l1: 1.254393e-03 (max: 2.709925e-01)
Solution Distance:   6.794255e+01 ± 1.438634e+00
Merit:             7.032450e-01 ± 1.001388e-01
Avg Inference Time:  0.1194s
==================================================
Epoch 132/300, Loss: 2.9955, Obj: -0.8104, Eq Viol (l1): 0.027106, Ineq Viol (l1): 0.011108, Epoch time: 3.02s
Epoch 133/300, Loss: 2.8037, Obj: -0.7402, Eq Viol (l1): 0.052381, Ineq Viol (l1): 0.018363, Epoch time: 3.20s
Epoch 134/300, Loss: 3.0549, Obj: -0.8488, Eq Viol (l1): 0.031021, Ineq Viol (l1): 0.010849, Epoch time: 2.98s
Epoch 135/300, Loss: 2.6185, Obj: -0.7661, Eq Viol (l1): 0.072273, Ineq Viol (l1): 0.028024, Epoch time: 3.15s
Epoch 136/300, Loss: 3.5823, Obj: -0.7913, Eq Viol (l1): 0.031537, Ineq Viol (l1): 0.009350, Epoch time: 3.06s
Epoch 137/300, Loss: 3.6669, Obj: -0.7059, Eq Viol (l1): 0.018123, Ineq Viol (l1): 0.007307, Epoch time: 3.05s
Epoch 138/300, Loss: 4.1524, Obj: -0.6735, Eq Viol (l1): 0.034789, Ineq Viol (l1): 0.011648, Epoch time: 3.05s
Epoch 139/300, Loss: 4.0201, Obj: -0.7759, Eq Viol (l1): 0.010218, Ineq Viol (l1): 0.003575, Epoch time: 3.03s
Epoch 140/300, Loss: 3.9610, Obj: -0.6975, Eq Viol (l1): 0.021121, Ineq Viol (l1): 0.008258, Epoch time: 3.05s
Epoch 141/300, Loss: 3.1134, Obj: -0.7776, Eq Viol (l1): 0.041215, Ineq Viol (l1): 0.011905, Epoch time: 3.07s

Running validation at epoch 140...

VALIDATION_EPOCH_140 EVALUATION RESULTS:
==================================================
Objective Value:     7.390663e-01
True Objective:      -2.413704e+00
Optimality Gap:      4.632081e+00 ± 2.786333e+00
Eq Violation l1:   3.057208e-03 (max: 7.498320e-01)
Ineq Violation l1: 5.701670e-04 (max: 2.025487e-01)
Solution Distance:   6.796772e+01 ± 1.462348e+00
Merit:             7.753400e-01 ± 7.393652e-02
Avg Inference Time:  0.1196s
==================================================
Epoch 142/300, Loss: 3.4731, Obj: -0.7807, Eq Viol (l1): 0.028604, Ineq Viol (l1): 0.007935, Epoch time: 2.98s
Epoch 143/300, Loss: 3.8008, Obj: -0.7604, Eq Viol (l1): 0.017437, Ineq Viol (l1): 0.006583, Epoch time: 3.10s
Epoch 144/300, Loss: 2.9100, Obj: -0.8043, Eq Viol (l1): 0.058077, Ineq Viol (l1): 0.021446, Epoch time: 3.17s
Epoch 145/300, Loss: 3.2667, Obj: -0.7854, Eq Viol (l1): 0.050344, Ineq Viol (l1): 0.020175, Epoch time: 3.05s
Epoch 146/300, Loss: 2.4784, Obj: -0.8179, Eq Viol (l1): 0.059497, Ineq Viol (l1): 0.024482, Epoch time: 3.09s
Epoch 147/300, Loss: 3.1609, Obj: -0.7998, Eq Viol (l1): 0.025917, Ineq Viol (l1): 0.009125, Epoch time: 3.10s
Epoch 148/300, Loss: 2.9603, Obj: -0.8095, Eq Viol (l1): 0.029376, Ineq Viol (l1): 0.008509, Epoch time: 3.04s
Epoch 149/300, Loss: 3.2019, Obj: -0.7918, Eq Viol (l1): 0.020524, Ineq Viol (l1): 0.006243, Epoch time: 3.06s
Epoch 150/300, Loss: 2.8848, Obj: -0.8204, Eq Viol (l1): 0.034874, Ineq Viol (l1): 0.012853, Epoch time: 3.06s
Epoch 151/300, Loss: 2.7530, Obj: -0.7937, Eq Viol (l1): 0.027943, Ineq Viol (l1): 0.008599, Epoch time: 3.14s

Running validation at epoch 150...

VALIDATION_EPOCH_150 EVALUATION RESULTS:
==================================================
Objective Value:     7.325174e-01
True Objective:      -2.413704e+00
Optimality Gap:      4.955456e+00 ± 3.191196e+00
Eq Violation l1:   6.713456e-03 (max: 1.389412e+00)
Ineq Violation l1: 1.118336e-03 (max: 2.957983e-01)
Solution Distance:   6.815836e+01 ± 1.222333e+00
Merit:             8.108353e-01 ± 8.763875e-02
Avg Inference Time:  0.1199s
==================================================
Epoch 152/300, Loss: 2.7187, Obj: -0.7972, Eq Viol (l1): 0.038861, Ineq Viol (l1): 0.011771, Epoch time: 3.05s
Epoch 153/300, Loss: 3.0442, Obj: -0.7489, Eq Viol (l1): 0.028987, Ineq Viol (l1): 0.008736, Epoch time: 3.10s
Epoch 154/300, Loss: 2.9072, Obj: -0.6918, Eq Viol (l1): 0.037970, Ineq Viol (l1): 0.011889, Epoch time: 3.11s
Epoch 155/300, Loss: 3.0789, Obj: -0.8245, Eq Viol (l1): 0.036879, Ineq Viol (l1): 0.012620, Epoch time: 3.11s
Epoch 156/300, Loss: 3.2356, Obj: -0.7185, Eq Viol (l1): 0.027060, Ineq Viol (l1): 0.010142, Epoch time: 3.15s
Epoch 157/300, Loss: 2.8910, Obj: -0.7957, Eq Viol (l1): 0.044675, Ineq Viol (l1): 0.016543, Epoch time: 3.17s
Epoch 158/300, Loss: 2.9595, Obj: -0.7907, Eq Viol (l1): 0.042483, Ineq Viol (l1): 0.013938, Epoch time: 3.07s
Epoch 159/300, Loss: 2.8572, Obj: -0.7861, Eq Viol (l1): 0.031449, Ineq Viol (l1): 0.011154, Epoch time: 3.11s
Epoch 160/300, Loss: 2.6666, Obj: -0.8226, Eq Viol (l1): 0.049098, Ineq Viol (l1): 0.015513, Epoch time: 3.13s
Epoch 161/300, Loss: 2.6296, Obj: -0.8035, Eq Viol (l1): 0.042332, Ineq Viol (l1): 0.015047, Epoch time: 3.09s

Running validation at epoch 160...

VALIDATION_EPOCH_160 EVALUATION RESULTS:
==================================================
Objective Value:     6.425203e-01
True Objective:      -2.413704e+00
Optimality Gap:      4.811338e+00 ± 3.005958e+00
Eq Violation l1:   3.190064e-03 (max: 1.358058e+00)
Ineq Violation l1: 6.028579e-04 (max: 2.788010e-01)
Solution Distance:   6.799934e+01 ± 1.461659e+00
Merit:             6.804495e-01 ± 9.202870e-02
Avg Inference Time:  0.1197s
==================================================
Epoch 162/300, Loss: 2.6566, Obj: -0.7951, Eq Viol (l1): 0.044714, Ineq Viol (l1): 0.016076, Epoch time: 3.05s
Epoch 163/300, Loss: 2.4325, Obj: -0.7629, Eq Viol (l1): 0.038550, Ineq Viol (l1): 0.011394, Epoch time: 3.04s
Epoch 164/300, Loss: 2.3317, Obj: -0.7686, Eq Viol (l1): 0.047303, Ineq Viol (l1): 0.017704, Epoch time: 3.18s
Epoch 165/300, Loss: 2.0399, Obj: -0.8210, Eq Viol (l1): 0.034099, Ineq Viol (l1): 0.009971, Epoch time: 3.01s
Epoch 166/300, Loss: 2.4811, Obj: -0.8110, Eq Viol (l1): 0.041095, Ineq Viol (l1): 0.015824, Epoch time: 3.01s
Epoch 167/300, Loss: 2.4970, Obj: -0.8818, Eq Viol (l1): 0.028786, Ineq Viol (l1): 0.011179, Epoch time: 3.02s
Epoch 168/300, Loss: 2.3764, Obj: -0.7468, Eq Viol (l1): 0.056329, Ineq Viol (l1): 0.019654, Epoch time: 3.22s
Epoch 169/300, Loss: 2.6154, Obj: -0.8169, Eq Viol (l1): 0.047716, Ineq Viol (l1): 0.014876, Epoch time: 3.06s
Epoch 170/300, Loss: 2.4533, Obj: -0.8301, Eq Viol (l1): 0.041883, Ineq Viol (l1): 0.014927, Epoch time: 3.13s
Epoch 171/300, Loss: 2.5167, Obj: -0.7773, Eq Viol (l1): 0.052241, Ineq Viol (l1): 0.022349, Epoch time: 3.05s

Running validation at epoch 170...

VALIDATION_EPOCH_170 EVALUATION RESULTS:
==================================================
Objective Value:     6.878869e-01
True Objective:      -2.413704e+00
Optimality Gap:      5.008431e+00 ± 3.129535e+00
Eq Violation l1:   4.418590e-03 (max: 1.344170e+00)
Ineq Violation l1: 9.615393e-04 (max: 3.313272e-01)
Solution Distance:   6.806299e+01 ± 1.392803e+00
Merit:             7.416882e-01 ± 9.876727e-02
Avg Inference Time:  0.1198s
==================================================
Epoch 172/300, Loss: 2.2288, Obj: -0.7865, Eq Viol (l1): 0.060030, Ineq Viol (l1): 0.022876, Epoch time: 3.14s
Epoch 173/300, Loss: 2.4685, Obj: -0.7687, Eq Viol (l1): 0.049609, Ineq Viol (l1): 0.018871, Epoch time: 3.15s
Epoch 174/300, Loss: 2.6574, Obj: -0.7803, Eq Viol (l1): 0.043629, Ineq Viol (l1): 0.016614, Epoch time: 3.13s
Epoch 175/300, Loss: 2.5422, Obj: -0.7974, Eq Viol (l1): 0.057169, Ineq Viol (l1): 0.021081, Epoch time: 3.10s
Epoch 176/300, Loss: 2.3515, Obj: -0.7817, Eq Viol (l1): 0.044950, Ineq Viol (l1): 0.013984, Epoch time: 3.15s
Epoch 177/300, Loss: 2.2242, Obj: -0.7368, Eq Viol (l1): 0.055583, Ineq Viol (l1): 0.018934, Epoch time: 3.05s
Epoch 178/300, Loss: 2.4897, Obj: -0.8085, Eq Viol (l1): 0.072550, Ineq Viol (l1): 0.030347, Epoch time: 3.13s
Epoch 179/300, Loss: 2.2466, Obj: -0.7662, Eq Viol (l1): 0.052518, Ineq Viol (l1): 0.016387, Epoch time: 3.08s
Epoch 180/300, Loss: 2.3251, Obj: -0.7999, Eq Viol (l1): 0.046905, Ineq Viol (l1): 0.012639, Epoch time: 3.04s
Epoch 181/300, Loss: 2.1476, Obj: -0.7907, Eq Viol (l1): 0.042358, Ineq Viol (l1): 0.013469, Epoch time: 3.04s

Running validation at epoch 180...

VALIDATION_EPOCH_180 EVALUATION RESULTS:
==================================================
Objective Value:     6.551207e-01
True Objective:      -2.413704e+00
Optimality Gap:      4.913291e+00 ± 3.128670e+00
Eq Violation l1:   1.040923e-03 (max: 2.770348e-01)
Ineq Violation l1: 1.948196e-04 (max: 5.373781e-02)
Solution Distance:   6.788818e+01 ± 1.227955e+00
Merit:             6.674782e-01 ± 8.622492e-02
Avg Inference Time:  0.1196s
==================================================
Epoch 182/300, Loss: 2.0657, Obj: -0.8010, Eq Viol (l1): 0.051468, Ineq Viol (l1): 0.019739, Epoch time: 3.22s
Epoch 183/300, Loss: 3.4434, Obj: -0.7314, Eq Viol (l1): 0.030130, Ineq Viol (l1): 0.007688, Epoch time: 3.07s
Epoch 184/300, Loss: 2.9388, Obj: -0.7222, Eq Viol (l1): 0.018307, Ineq Viol (l1): 0.005350, Epoch time: 3.08s
Epoch 185/300, Loss: 2.4233, Obj: -0.7080, Eq Viol (l1): 0.043819, Ineq Viol (l1): 0.012508, Epoch time: 3.03s
Epoch 186/300, Loss: 2.5797, Obj: -0.7695, Eq Viol (l1): 0.032987, Ineq Viol (l1): 0.010766, Epoch time: 3.06s
Epoch 187/300, Loss: 2.3446, Obj: -0.7800, Eq Viol (l1): 0.047766, Ineq Viol (l1): 0.017347, Epoch time: 3.05s
Epoch 188/300, Loss: 2.5815, Obj: -0.7763, Eq Viol (l1): 0.027282, Ineq Viol (l1): 0.008234, Epoch time: 3.01s
Epoch 189/300, Loss: 2.7095, Obj: -0.7180, Eq Viol (l1): 0.032337, Ineq Viol (l1): 0.009076, Epoch time: 3.05s
Epoch 190/300, Loss: 2.7033, Obj: -0.7711, Eq Viol (l1): 0.032833, Ineq Viol (l1): 0.010388, Epoch time: 3.06s
Epoch 191/300, Loss: 3.0012, Obj: -0.7457, Eq Viol (l1): 0.018448, Ineq Viol (l1): 0.006908, Epoch time: 3.01s

Running validation at epoch 190...

VALIDATION_EPOCH_190 EVALUATION RESULTS:
==================================================
Objective Value:     6.087139e-01
True Objective:      -2.413704e+00
Optimality Gap:      4.759654e+00 ± 3.280845e+00
Eq Violation l1:   2.676321e-03 (max: 7.884326e-01)
Ineq Violation l1: 5.668823e-04 (max: 2.020483e-01)
Solution Distance:   6.779200e+01 ± 1.304122e+00
Merit:             6.411459e-01 ± 5.342046e-02
Avg Inference Time:  0.1192s
==================================================
Epoch 192/300, Loss: 3.1718, Obj: -0.7767, Eq Viol (l1): 0.016588, Ineq Viol (l1): 0.005543, Epoch time: 3.02s
Epoch 193/300, Loss: 3.1120, Obj: -0.7386, Eq Viol (l1): 0.021245, Ineq Viol (l1): 0.007087, Epoch time: 3.03s
Epoch 194/300, Loss: 2.8144, Obj: -0.7374, Eq Viol (l1): 0.041273, Ineq Viol (l1): 0.015326, Epoch time: 3.14s
Epoch 195/300, Loss: 2.8321, Obj: -0.7233, Eq Viol (l1): 0.051101, Ineq Viol (l1): 0.017951, Epoch time: 3.13s
Epoch 196/300, Loss: 2.9109, Obj: -0.7582, Eq Viol (l1): 0.033614, Ineq Viol (l1): 0.013290, Epoch time: 3.11s
Epoch 197/300, Loss: 3.0478, Obj: -0.6741, Eq Viol (l1): 0.025959, Ineq Viol (l1): 0.008416, Epoch time: 3.11s
Epoch 198/300, Loss: 3.4170, Obj: -0.7967, Eq Viol (l1): 0.016689, Ineq Viol (l1): 0.005176, Epoch time: 3.11s
Epoch 199/300, Loss: 3.5187, Obj: -0.5874, Eq Viol (l1): 0.016855, Ineq Viol (l1): 0.005765, Epoch time: 3.11s
Epoch 200/300, Loss: 2.7965, Obj: -0.7685, Eq Viol (l1): 0.070443, Ineq Viol (l1): 0.024015, Epoch time: 3.12s
Epoch 201/300, Loss: 3.1669, Obj: -0.7041, Eq Viol (l1): 0.044702, Ineq Viol (l1): 0.013729, Epoch time: 3.11s

Running validation at epoch 200...

VALIDATION_EPOCH_200 EVALUATION RESULTS:
==================================================
Objective Value:     7.529352e-01
True Objective:      -2.413704e+00
Optimality Gap:      4.962573e+00 ± 3.083586e+00
Eq Violation l1:   3.384014e-03 (max: 1.289092e+00)
Ineq Violation l1: 4.891158e-04 (max: 1.841100e-01)
Solution Distance:   6.821355e+01 ± 1.276627e+00
Merit:             7.916665e-01 ± 8.109095e-02
Avg Inference Time:  0.1195s
==================================================
Epoch 202/300, Loss: 3.1325, Obj: -0.6944, Eq Viol (l1): 0.044289, Ineq Viol (l1): 0.013903, Epoch time: 3.21s
Epoch 203/300, Loss: 3.0674, Obj: -0.7599, Eq Viol (l1): 0.030786, Ineq Viol (l1): 0.008131, Epoch time: 3.13s
Epoch 204/300, Loss: 3.6457, Obj: -0.6828, Eq Viol (l1): 0.034918, Ineq Viol (l1): 0.009249, Epoch time: 3.10s
Epoch 205/300, Loss: 3.6447, Obj: -0.6392, Eq Viol (l1): 0.044745, Ineq Viol (l1): 0.013763, Epoch time: 3.15s
Epoch 206/300, Loss: 3.3603, Obj: -0.6147, Eq Viol (l1): 0.060342, Ineq Viol (l1): 0.024191, Epoch time: 3.14s
Epoch 207/300, Loss: 3.2801, Obj: -0.6667, Eq Viol (l1): 0.077283, Ineq Viol (l1): 0.027255, Epoch time: 3.18s
Epoch 208/300, Loss: 3.0876, Obj: -0.6632, Eq Viol (l1): 0.087514, Ineq Viol (l1): 0.032991, Epoch time: 3.16s
Epoch 209/300, Loss: 2.7298, Obj: -0.7011, Eq Viol (l1): 0.103562, Ineq Viol (l1): 0.041212, Epoch time: 3.16s
Epoch 210/300, Loss: 2.9211, Obj: -0.7653, Eq Viol (l1): 0.079955, Ineq Viol (l1): 0.027334, Epoch time: 3.17s
Epoch 211/300, Loss: 3.4871, Obj: -0.6842, Eq Viol (l1): 0.046889, Ineq Viol (l1): 0.020077, Epoch time: 3.10s

Running validation at epoch 210...

VALIDATION_EPOCH_210 EVALUATION RESULTS:
==================================================
Objective Value:     7.658412e-01
True Objective:      -2.413704e+00
Optimality Gap:      5.010267e+00 ± 3.341583e+00
Eq Violation l1:   3.997989e-03 (max: 1.237074e+00)
Ineq Violation l1: 8.242797e-04 (max: 2.933016e-01)
Solution Distance:   6.837317e+01 ± 1.329848e+00
Merit:             8.140639e-01 ± 4.952317e-02
Avg Inference Time:  0.1195s
==================================================
Epoch 212/300, Loss: 3.2932, Obj: -0.7228, Eq Viol (l1): 0.054391, Ineq Viol (l1): 0.018719, Epoch time: 3.17s
Epoch 213/300, Loss: 3.3360, Obj: -0.6500, Eq Viol (l1): 0.051611, Ineq Viol (l1): 0.016123, Epoch time: 3.14s
Epoch 214/300, Loss: 3.0777, Obj: -0.7060, Eq Viol (l1): 0.029872, Ineq Viol (l1): 0.007833, Epoch time: 3.15s
Epoch 215/300, Loss: 3.3265, Obj: -0.5897, Eq Viol (l1): 0.033765, Ineq Viol (l1): 0.009982, Epoch time: 3.16s
Epoch 216/300, Loss: 3.1763, Obj: -0.5334, Eq Viol (l1): 0.056106, Ineq Viol (l1): 0.018491, Epoch time: 3.18s
Epoch 217/300, Loss: 3.2322, Obj: -0.6791, Eq Viol (l1): 0.031889, Ineq Viol (l1): 0.008722, Epoch time: 3.12s
Epoch 218/300, Loss: 3.0308, Obj: -0.6497, Eq Viol (l1): 0.071691, Ineq Viol (l1): 0.021123, Epoch time: 3.20s
Epoch 219/300, Loss: 3.2385, Obj: -0.5529, Eq Viol (l1): 0.059656, Ineq Viol (l1): 0.019757, Epoch time: 3.27s
Epoch 220/300, Loss: 3.1050, Obj: -0.6616, Eq Viol (l1): 0.036395, Ineq Viol (l1): 0.012450, Epoch time: 3.17s
Epoch 221/300, Loss: 3.4513, Obj: -0.6121, Eq Viol (l1): 0.064149, Ineq Viol (l1): 0.022412, Epoch time: 3.19s

Running validation at epoch 220...

VALIDATION_EPOCH_220 EVALUATION RESULTS:
==================================================
Objective Value:     7.351795e-01
True Objective:      -2.413704e+00
Optimality Gap:      4.706659e+00 ± 3.017700e+00
Eq Violation l1:   7.634556e-04 (max: 2.044466e-01)
Ineq Violation l1: 1.101791e-04 (max: 3.378715e-02)
Solution Distance:   6.791846e+01 ± 1.416919e+00
Merit:             7.439158e-01 ± 5.893957e-02
Avg Inference Time:  0.1194s
==================================================
Epoch 222/300, Loss: 3.4684, Obj: -0.6158, Eq Viol (l1): 0.062186, Ineq Viol (l1): 0.019521, Epoch time: 3.10s
Epoch 223/300, Loss: 3.3284, Obj: -0.4625, Eq Viol (l1): 0.062218, Ineq Viol (l1): 0.018523, Epoch time: 3.13s
Epoch 224/300, Loss: 3.4331, Obj: -0.6442, Eq Viol (l1): 0.055843, Ineq Viol (l1): 0.018522, Epoch time: 3.16s
Epoch 225/300, Loss: 3.5771, Obj: -0.5060, Eq Viol (l1): 0.055820, Ineq Viol (l1): 0.017238, Epoch time: 3.23s
Epoch 226/300, Loss: 3.6583, Obj: -0.6176, Eq Viol (l1): 0.065956, Ineq Viol (l1): 0.018594, Epoch time: 3.20s
Epoch 227/300, Loss: 3.6706, Obj: -0.5703, Eq Viol (l1): 0.079846, Ineq Viol (l1): 0.025802, Epoch time: 3.32s
Epoch 228/300, Loss: 3.5772, Obj: -0.4922, Eq Viol (l1): 0.108093, Ineq Viol (l1): 0.031218, Epoch time: 3.22s
Epoch 229/300, Loss: 3.7888, Obj: -0.4764, Eq Viol (l1): 0.099936, Ineq Viol (l1): 0.031740, Epoch time: 3.32s
Epoch 230/300, Loss: 3.6583, Obj: -0.4984, Eq Viol (l1): 0.134333, Ineq Viol (l1): 0.045478, Epoch time: 3.30s
Epoch 231/300, Loss: 4.1525, Obj: -0.5396, Eq Viol (l1): 0.117507, Ineq Viol (l1): 0.038516, Epoch time: 3.23s

Running validation at epoch 230...

VALIDATION_EPOCH_230 EVALUATION RESULTS:
==================================================
Objective Value:     6.755574e-01
True Objective:      -2.413704e+00
Optimality Gap:      5.094396e+00 ± 3.516507e+00
Eq Violation l1:   3.931702e-03 (max: 1.160036e+00)
Ineq Violation l1: 7.514136e-04 (max: 2.063500e-01)
Solution Distance:   6.786149e+01 ± 1.413818e+00
Merit:             7.223886e-01 ± 8.186196e-02
Avg Inference Time:  0.1194s
==================================================
Epoch 232/300, Loss: 4.5173, Obj: -0.4539, Eq Viol (l1): 0.096477, Ineq Viol (l1): 0.033587, Epoch time: 3.37s
Epoch 233/300, Loss: 4.6877, Obj: -0.3935, Eq Viol (l1): 0.103778, Ineq Viol (l1): 0.035157, Epoch time: 3.26s
Epoch 234/300, Loss: 4.3195, Obj: -0.5435, Eq Viol (l1): 0.097618, Ineq Viol (l1): 0.031262, Epoch time: 3.25s
Epoch 235/300, Loss: 4.4249, Obj: -0.4472, Eq Viol (l1): 0.092625, Ineq Viol (l1): 0.032364, Epoch time: 3.43s
Epoch 236/300, Loss: 4.6673, Obj: -0.5288, Eq Viol (l1): 0.082742, Ineq Viol (l1): 0.029026, Epoch time: 3.28s
Epoch 237/300, Loss: 5.0032, Obj: -0.3890, Eq Viol (l1): 0.085162, Ineq Viol (l1): 0.028614, Epoch time: 3.27s
Epoch 238/300, Loss: 5.4811, Obj: -0.4232, Eq Viol (l1): 0.090964, Ineq Viol (l1): 0.027628, Epoch time: 3.33s
Epoch 239/300, Loss: 5.1118, Obj: -0.2956, Eq Viol (l1): 0.121805, Ineq Viol (l1): 0.041372, Epoch time: 3.33s
Epoch 240/300, Loss: 4.6976, Obj: -0.3246, Eq Viol (l1): 0.118858, Ineq Viol (l1): 0.040564, Epoch time: 3.38s
Epoch 241/300, Loss: 5.2960, Obj: -0.3259, Eq Viol (l1): 0.127671, Ineq Viol (l1): 0.044407, Epoch time: 3.37s

Running validation at epoch 240...

VALIDATION_EPOCH_240 EVALUATION RESULTS:
==================================================
Objective Value:     7.268996e-01
True Objective:      -2.413704e+00
Optimality Gap:      4.727099e+00 ± 2.720727e+00
Eq Violation l1:   8.311135e-04 (max: 3.371781e-01)
Ineq Violation l1: 1.485628e-04 (max: 6.966554e-02)
Solution Distance:   6.813142e+01 ± 1.129661e+00
Merit:             7.366964e-01 ± 1.950147e-02
Avg Inference Time:  0.1192s
==================================================
Epoch 242/300, Loss: 4.7346, Obj: -0.3560, Eq Viol (l1): 0.120604, Ineq Viol (l1): 0.042146, Epoch time: 3.31s
Epoch 243/300, Loss: 4.0550, Obj: -0.3028, Eq Viol (l1): 0.164966, Ineq Viol (l1): 0.060778, Epoch time: 3.36s
Epoch 244/300, Loss: 4.4003, Obj: -0.3579, Eq Viol (l1): 0.175900, Ineq Viol (l1): 0.057991, Epoch time: 3.43s
Epoch 245/300, Loss: 4.0426, Obj: -0.3678, Eq Viol (l1): 0.122227, Ineq Viol (l1): 0.040730, Epoch time: 3.25s
Epoch 246/300, Loss: 3.9725, Obj: -0.3560, Eq Viol (l1): 0.124309, Ineq Viol (l1): 0.045794, Epoch time: 3.21s
Epoch 247/300, Loss: 3.7253, Obj: -0.4053, Eq Viol (l1): 0.115276, Ineq Viol (l1): 0.037549, Epoch time: 3.25s
Epoch 248/300, Loss: 3.8226, Obj: -0.4211, Eq Viol (l1): 0.136623, Ineq Viol (l1): 0.043527, Epoch time: 3.29s
Epoch 249/300, Loss: 3.7801, Obj: -0.4887, Eq Viol (l1): 0.157213, Ineq Viol (l1): 0.060877, Epoch time: 3.35s
Epoch 250/300, Loss: 3.5142, Obj: -0.4775, Eq Viol (l1): 0.154676, Ineq Viol (l1): 0.054763, Epoch time: 3.13s
Epoch 251/300, Loss: 3.3691, Obj: -0.5433, Eq Viol (l1): 0.181494, Ineq Viol (l1): 0.071879, Epoch time: 3.32s

Running validation at epoch 250...

VALIDATION_EPOCH_250 EVALUATION RESULTS:
==================================================
Objective Value:     6.906087e-01
True Objective:      -2.413704e+00
Optimality Gap:      4.691948e+00 ± 2.980809e+00
Eq Violation l1:   1.099500e-03 (max: 2.323911e-01)
Ineq Violation l1: 1.746566e-04 (max: 3.816220e-02)
Solution Distance:   6.835418e+01 ± 1.255229e+00
Merit:             7.033502e-01 ± 4.954436e-02
Avg Inference Time:  0.1194s
==================================================
Epoch 252/300, Loss: 3.8493, Obj: -0.4682, Eq Viol (l1): 0.120130, Ineq Viol (l1): 0.043694, Epoch time: 3.21s
Epoch 253/300, Loss: 3.8614, Obj: -0.5339, Eq Viol (l1): 0.141279, Ineq Viol (l1): 0.050696, Epoch time: 3.22s
Epoch 254/300, Loss: 3.3171, Obj: -0.4496, Eq Viol (l1): 0.137647, Ineq Viol (l1): 0.054838, Epoch time: 3.19s
Epoch 255/300, Loss: 3.6998, Obj: -0.5307, Eq Viol (l1): 0.100697, Ineq Viol (l1): 0.038986, Epoch time: 3.13s
Epoch 256/300, Loss: 3.5942, Obj: -0.4457, Eq Viol (l1): 0.116889, Ineq Viol (l1): 0.044415, Epoch time: 3.27s
Epoch 257/300, Loss: 3.6747, Obj: -0.5093, Eq Viol (l1): 0.134197, Ineq Viol (l1): 0.049522, Epoch time: 3.33s
Epoch 258/300, Loss: 3.7597, Obj: -0.4863, Eq Viol (l1): 0.114726, Ineq Viol (l1): 0.045877, Epoch time: 3.17s
Epoch 259/300, Loss: 3.9708, Obj: -0.5546, Eq Viol (l1): 0.120210, Ineq Viol (l1): 0.040646, Epoch time: 3.29s
Epoch 260/300, Loss: 4.2539, Obj: -0.4428, Eq Viol (l1): 0.115163, Ineq Viol (l1): 0.038477, Epoch time: 3.20s
Epoch 261/300, Loss: 4.3614, Obj: -0.3272, Eq Viol (l1): 0.115949, Ineq Viol (l1): 0.041462, Epoch time: 3.34s

Running validation at epoch 260...

VALIDATION_EPOCH_260 EVALUATION RESULTS:
==================================================
Objective Value:     8.783347e-01
True Objective:      -2.413704e+00
Optimality Gap:      4.898736e+00 ± 3.023925e+00
Eq Violation l1:   3.454304e-03 (max: 8.020217e-01)
Ineq Violation l1: 7.225604e-04 (max: 2.006657e-01)
Solution Distance:   6.869626e+01 ± 1.215326e+00
Merit:             9.201033e-01 ± 9.835259e-02
Avg Inference Time:  0.1197s
==================================================
Epoch 262/300, Loss: 4.5556, Obj: -0.3438, Eq Viol (l1): 0.114556, Ineq Viol (l1): 0.043158, Epoch time: 3.30s
Epoch 263/300, Loss: 4.2427, Obj: -0.4327, Eq Viol (l1): 0.100195, Ineq Viol (l1): 0.036942, Epoch time: 3.33s
Epoch 264/300, Loss: 4.2847, Obj: -0.4640, Eq Viol (l1): 0.096305, Ineq Viol (l1): 0.033719, Epoch time: 3.19s
Epoch 265/300, Loss: 4.6715, Obj: -0.5500, Eq Viol (l1): 0.080215, Ineq Viol (l1): 0.026773, Epoch time: 3.17s
Epoch 266/300, Loss: 4.6013, Obj: -0.5455, Eq Viol (l1): 0.062954, Ineq Viol (l1): 0.022739, Epoch time: 3.26s
Epoch 267/300, Loss: 5.1438, Obj: -0.4455, Eq Viol (l1): 0.096688, Ineq Viol (l1): 0.037006, Epoch time: 3.21s
Epoch 268/300, Loss: 5.4056, Obj: -0.4958, Eq Viol (l1): 0.083626, Ineq Viol (l1): 0.035056, Epoch time: 3.24s
Epoch 269/300, Loss: 5.8248, Obj: -0.4472, Eq Viol (l1): 0.075060, Ineq Viol (l1): 0.027881, Epoch time: 3.25s
Epoch 270/300, Loss: 5.6797, Obj: -0.3621, Eq Viol (l1): 0.065075, Ineq Viol (l1): 0.021475, Epoch time: 3.29s
Epoch 271/300, Loss: 4.4158, Obj: -0.5003, Eq Viol (l1): 0.103968, Ineq Viol (l1): 0.033092, Epoch time: 3.14s

Running validation at epoch 270...

VALIDATION_EPOCH_270 EVALUATION RESULTS:
==================================================
Objective Value:     8.311475e-01
True Objective:      -2.413704e+00
Optimality Gap:      4.874583e+00 ± 2.974186e+00
Eq Violation l1:   1.597158e-03 (max: 4.338085e-01)
Ineq Violation l1: 3.299426e-04 (max: 8.181113e-02)
Solution Distance:   6.841746e+01 ± 1.299546e+00
Merit:             8.504186e-01 ± 6.392807e-02
Avg Inference Time:  0.1189s
==================================================
Epoch 272/300, Loss: 4.2661, Obj: -0.5086, Eq Viol (l1): 0.132841, Ineq Viol (l1): 0.041966, Epoch time: 3.20s
Epoch 273/300, Loss: 4.2859, Obj: -0.4862, Eq Viol (l1): 0.097537, Ineq Viol (l1): 0.033502, Epoch time: 3.16s
Epoch 274/300, Loss: 4.0952, Obj: -0.5196, Eq Viol (l1): 0.135752, Ineq Viol (l1): 0.044181, Epoch time: 3.29s
Epoch 275/300, Loss: 4.4525, Obj: -0.5609, Eq Viol (l1): 0.112590, Ineq Viol (l1): 0.038611, Epoch time: 3.25s
Epoch 276/300, Loss: 4.1781, Obj: -0.3992, Eq Viol (l1): 0.101077, Ineq Viol (l1): 0.033452, Epoch time: 3.27s
Epoch 277/300, Loss: 5.1348, Obj: -0.6505, Eq Viol (l1): 0.084148, Ineq Viol (l1): 0.031465, Epoch time: 3.22s
Epoch 278/300, Loss: 3.9022, Obj: -0.4608, Eq Viol (l1): 0.099799, Ineq Viol (l1): 0.043402, Epoch time: 3.45s
Epoch 279/300, Loss: 3.9507, Obj: -0.5131, Eq Viol (l1): 0.093019, Ineq Viol (l1): 0.029992, Epoch time: 3.23s
Epoch 280/300, Loss: 4.5693, Obj: -0.6473, Eq Viol (l1): 0.048376, Ineq Viol (l1): 0.016504, Epoch time: 3.26s
Epoch 281/300, Loss: 3.7690, Obj: -0.4823, Eq Viol (l1): 0.077527, Ineq Viol (l1): 0.025676, Epoch time: 3.16s

Running validation at epoch 280...

VALIDATION_EPOCH_280 EVALUATION RESULTS:
==================================================
Objective Value:     7.572323e-01
True Objective:      -2.413704e+00
Optimality Gap:      4.921569e+00 ± 3.114793e+00
Eq Violation l1:   2.381220e-03 (max: 7.281693e-01)
Ineq Violation l1: 3.341041e-04 (max: 1.149526e-01)
Solution Distance:   6.869642e+01 ± 1.114372e+00
Merit:             7.843855e-01 ± 8.088812e-02
Avg Inference Time:  0.1195s
==================================================
Epoch 282/300, Loss: 4.0573, Obj: -0.5911, Eq Viol (l1): 0.057432, Ineq Viol (l1): 0.019296, Epoch time: 3.21s
Epoch 283/300, Loss: 5.2293, Obj: -0.4494, Eq Viol (l1): 0.065262, Ineq Viol (l1): 0.022230, Epoch time: 3.17s
Epoch 284/300, Loss: 3.6980, Obj: -0.6050, Eq Viol (l1): 0.077825, Ineq Viol (l1): 0.025647, Epoch time: 3.23s
Epoch 285/300, Loss: 4.7018, Obj: -0.6489, Eq Viol (l1): 0.057562, Ineq Viol (l1): 0.017840, Epoch time: 3.18s
Epoch 286/300, Loss: 3.2692, Obj: -0.6244, Eq Viol (l1): 0.047038, Ineq Viol (l1): 0.015107, Epoch time: 3.20s
Epoch 287/300, Loss: 3.4787, Obj: -0.5335, Eq Viol (l1): 0.072617, Ineq Viol (l1): 0.024705, Epoch time: 3.14s
Epoch 288/300, Loss: 3.2900, Obj: -0.5812, Eq Viol (l1): 0.062206, Ineq Viol (l1): 0.018269, Epoch time: 3.23s
Epoch 289/300, Loss: 4.0893, Obj: -0.5196, Eq Viol (l1): 0.051864, Ineq Viol (l1): 0.021434, Epoch time: 3.11s
Epoch 290/300, Loss: 3.4380, Obj: -0.5766, Eq Viol (l1): 0.044202, Ineq Viol (l1): 0.014737, Epoch time: 3.11s
Epoch 291/300, Loss: 3.3074, Obj: -0.5912, Eq Viol (l1): 0.070928, Ineq Viol (l1): 0.024428, Epoch time: 3.13s

Running validation at epoch 290...

VALIDATION_EPOCH_290 EVALUATION RESULTS:
==================================================
Objective Value:     7.207851e-01
True Objective:      -2.413704e+00
Optimality Gap:      4.760194e+00 ± 2.989732e+00
Eq Violation l1:   1.905727e-03 (max: 6.845700e-01)
Ineq Violation l1: 4.602766e-04 (max: 1.830400e-01)
Solution Distance:   6.825249e+01 ± 1.478884e+00
Merit:             7.444452e-01 ± 6.236580e-02
Avg Inference Time:  0.1194s
==================================================
Epoch 292/300, Loss: 3.1513, Obj: -0.5821, Eq Viol (l1): 0.080865, Ineq Viol (l1): 0.024861, Epoch time: 3.24s
Epoch 293/300, Loss: 3.8352, Obj: -0.6324, Eq Viol (l1): 0.059678, Ineq Viol (l1): 0.020245, Epoch time: 3.21s
Epoch 294/300, Loss: 3.4674, Obj: -0.5255, Eq Viol (l1): 0.069771, Ineq Viol (l1): 0.019896, Epoch time: 3.19s
Epoch 295/300, Loss: 3.4704, Obj: -0.4403, Eq Viol (l1): 0.056177, Ineq Viol (l1): 0.016841, Epoch time: 3.19s
Epoch 296/300, Loss: 2.8847, Obj: -0.6090, Eq Viol (l1): 0.076178, Ineq Viol (l1): 0.022796, Epoch time: 3.02s
Epoch 297/300, Loss: 3.1322, Obj: -0.5633, Eq Viol (l1): 0.097886, Ineq Viol (l1): 0.035320, Epoch time: 3.31s
Epoch 298/300, Loss: 2.9010, Obj: -0.6183, Eq Viol (l1): 0.089929, Ineq Viol (l1): 0.032743, Epoch time: 3.34s
Epoch 299/300, Loss: 2.8365, Obj: -0.5985, Eq Viol (l1): 0.085032, Ineq Viol (l1): 0.030384, Epoch time: 3.12s
Epoch 300/300, Loss: 2.6637, Obj: -0.6834, Eq Viol (l1): 0.075448, Ineq Viol (l1): 0.026572, Epoch time: 3.15s

Training completed in 938.11 seconds.

============================================================
COMPREHENSIVE TEST EVALUATION WITH DETAILED RESULTS
============================================================
Testing with batch sizes: [256, 512]

Evaluating with batch size: 256 (with detailed results)

TEST_BS256 EVALUATION RESULTS:
==================================================
Objective Value:     6.679778e-01
True Objective:      -2.409220e+00
Optimality Gap:      5.027756e-01 ± 7.095586e+00
Eq Violation l1:   3.363750e-03 (max: 6.239199e-01)
Ineq Violation l1: 6.591383e-04 (max: 1.303915e-01)
Solution Distance:   6.801580e+01 ± 1.541918e+00
Merit:             7.082067e-01 ± 8.905994e-02
Avg Inference Time:  0.1065s
==================================================

Evaluating with batch size: 512 (with detailed results)

TEST_BS512 EVALUATION RESULTS:
==================================================
Objective Value:     6.661838e-01
True Objective:      -2.408634e+00
Optimality Gap:      4.390485e-01 ± 4.652927e+00
Eq Violation l1:   3.382926e-03 (max: 1.012406e+00)
Ineq Violation l1: 6.498512e-04 (max: 2.262601e-01)
Solution Distance:   6.797225e+01 ± 3.865881e-01
Merit:             7.065115e-01 ± 4.099122e-02
Avg Inference Time:  0.1164s
==================================================

TEST BATCH SIZE COMPARISON:
================================================================================
Batch Size   Objective    Opt Gap      Eq Viol      Ineq Viol    Time (s)  
--------------------------------------------------------------------------------
256          6.6798e-01   5.0278e-01   3.3637e-03   6.5914e-04   0.85      
512          6.6618e-01   4.3905e-01   3.3829e-03   6.4985e-04   0.47      
================================================================================

Saving model and results to: results/nonsmooth_nonconvex/socp/SOCPProblem-100-50-50-10000/20260107-060833_MLP_FSNet_seed2_nepochs300_lr0.0002_trainsize7000_finetune_20260107-043823_model_400
✓ Model saved: results/nonsmooth_nonconvex/socp/SOCPProblem-100-50-50-10000/20260107-060833_MLP_FSNet_seed2_nepochs300_lr0.0002_trainsize7000_finetune_20260107-043823_model_400/model.pt
✓ Detailed results saved: results/nonsmooth_nonconvex/socp/SOCPProblem-100-50-50-10000/20260107-060833_MLP_FSNet_seed2_nepochs300_lr0.0002_trainsize7000_finetune_20260107-043823_model_400/results.pkl

Files saved (or attempted):
  - model.pt (model weights and architecture)
  - results.pkl (training history, metrics, detailed test results)
Training and testing completed in 941.37 seconds
Done!!!
============================================================
==========         =====================         ===========
==========   2      =====================         ===========
==========         =====================         ===========
============================================================
