==============================================
 Job started at: 2026-01-08 01:37:21
 Job ID: 7807936
 Node: node1634
==============================================

======= Running for problem: nonsmooth_nonconvex/socp =======

Loading problem instance: nonsmooth_nonconvex/socp with size [100, 50, 50, 10000]
Loading  dataset from: datasets/nonsmooth_nonconvex/socp/random2025_socp_dataset_var100_ineq50_eq50_ex10000 

Running on:  cuda
Training model using FSNet method with seed 0 for 300 epochs
Using batch size: 512
Loading model from checkpoint: results/nonsmooth_nonconvex/socp/SOCPProblem-100-50-50-10000/20260108-013329_MLP_sup_pen_seed1_nepochs500_lr0.0005_trainsize7000_subopt_2_1.0/model_220.pt

lr: 0.0002, weight_decay: 0.001, num_epochs: 300

Epoch 1/300, Loss: 25.5162, Obj: 25.4477, Eq Viol (l1): 0.000125, Ineq Viol (l1): 0.000000, Epoch time: 5.56s

Running validation at epoch 0...

VALIDATION_EPOCH_0 EVALUATION RESULTS:
==================================================
Objective Value:     2.522173e+01
True Objective:      -2.413704e+00
Optimality Gap:      4.458876e+01 ± 1.444983e+01
Eq Violation l1:   1.583237e-04 (max: 6.610604e-04)
Ineq Violation l1: 0.000000e+00 (max: 0.000000e+00)
Solution Distance:   2.305818e+02 ± 1.232977e+00
Merit:             2.522331e+01 ± 3.729718e-02
Avg Inference Time:  0.5948s
==================================================
Epoch 2/300, Loss: 24.1975, Obj: 23.9703, Eq Viol (l1): 0.000090, Ineq Viol (l1): 0.000000, Epoch time: 2.19s
Epoch 3/300, Loss: 23.2925, Obj: 22.8022, Eq Viol (l1): 0.000092, Ineq Viol (l1): 0.000000, Epoch time: 2.39s
Epoch 4/300, Loss: 22.5411, Obj: 22.2005, Eq Viol (l1): 0.000087, Ineq Viol (l1): 0.000000, Epoch time: 2.38s
Epoch 5/300, Loss: 21.6742, Obj: 21.3516, Eq Viol (l1): 0.000089, Ineq Viol (l1): 0.000000, Epoch time: 2.38s
Epoch 6/300, Loss: 20.7285, Obj: 20.3738, Eq Viol (l1): 0.000081, Ineq Viol (l1): 0.000000, Epoch time: 2.46s
Epoch 7/300, Loss: 19.6446, Obj: 19.2455, Eq Viol (l1): 0.000089, Ineq Viol (l1): 0.000000, Epoch time: 2.56s
Epoch 8/300, Loss: 17.6534, Obj: 17.1871, Eq Viol (l1): 0.000093, Ineq Viol (l1): 0.000001, Epoch time: 2.65s
Epoch 9/300, Loss: 13.8993, Obj: 13.2327, Eq Viol (l1): 0.000062, Ineq Viol (l1): 0.000000, Epoch time: 2.71s
Epoch 10/300, Loss: 10.5517, Obj: 9.5208, Eq Viol (l1): 0.000029, Ineq Viol (l1): 0.000000, Epoch time: 2.90s
Epoch 11/300, Loss: 6.9063, Obj: 5.7565, Eq Viol (l1): 0.000075, Ineq Viol (l1): 0.000000, Epoch time: 2.60s

Running validation at epoch 10...

VALIDATION_EPOCH_10 EVALUATION RESULTS:
==================================================
Objective Value:     3.078150e+00
True Objective:      -2.413704e+00
Optimality Gap:      6.370453e+00 ± 2.053440e+00
Eq Violation l1:   9.511771e-05 (max: 1.379007e-03)
Ineq Violation l1: 2.937719e-07 (max: 4.686146e-05)
Solution Distance:   1.348281e+02 ± 5.438596e-01
Merit:             3.079105e+00 ± 1.343899e-02
Avg Inference Time:  0.0663s
==================================================
Epoch 12/300, Loss: 2.8245, Obj: 2.0157, Eq Viol (l1): 0.000083, Ineq Viol (l1): 0.000000, Epoch time: 2.54s
Epoch 13/300, Loss: 1.8476, Obj: 0.9896, Eq Viol (l1): 0.000074, Ineq Viol (l1): 0.000000, Epoch time: 2.58s
Epoch 14/300, Loss: 1.1723, Obj: 0.3279, Eq Viol (l1): 0.000068, Ineq Viol (l1): 0.000000, Epoch time: 2.60s
Epoch 15/300, Loss: 0.8202, Obj: 0.0680, Eq Viol (l1): 0.000070, Ineq Viol (l1): 0.000000, Epoch time: 2.59s
Epoch 16/300, Loss: 0.6990, Obj: 0.0302, Eq Viol (l1): 0.000077, Ineq Viol (l1): 0.000000, Epoch time: 2.56s
Epoch 17/300, Loss: 0.8818, Obj: 0.1135, Eq Viol (l1): 0.000084, Ineq Viol (l1): 0.000000, Epoch time: 2.48s
Epoch 18/300, Loss: 0.5638, Obj: -0.1083, Eq Viol (l1): 0.000079, Ineq Viol (l1): 0.000000, Epoch time: 2.54s
Epoch 19/300, Loss: 0.3902, Obj: -0.1987, Eq Viol (l1): 0.000076, Ineq Viol (l1): 0.000000, Epoch time: 2.51s
Epoch 20/300, Loss: 0.6038, Obj: -0.0840, Eq Viol (l1): 0.000086, Ineq Viol (l1): 0.000000, Epoch time: 2.48s
Epoch 21/300, Loss: 0.2934, Obj: -0.2677, Eq Viol (l1): 0.000068, Ineq Viol (l1): 0.000000, Epoch time: 2.54s

Running validation at epoch 20...

VALIDATION_EPOCH_20 EVALUATION RESULTS:
==================================================
Objective Value:     -3.522153e-01
True Objective:      -2.413704e+00
Optimality Gap:      1.874998e-01 ± 6.364404e-02
Eq Violation l1:   8.657327e-05 (max: 1.122272e-03)
Ineq Violation l1: 4.837708e-07 (max: 6.747036e-05)
Solution Distance:   1.237168e+02 ± 6.091922e-01
Merit:             -3.513447e-01 ± 1.347511e-03
Avg Inference Time:  0.0637s
==================================================
Epoch 22/300, Loss: 0.2080, Obj: -0.3046, Eq Viol (l1): 0.000069, Ineq Viol (l1): 0.000000, Epoch time: 2.54s
Epoch 23/300, Loss: 0.1525, Obj: -0.3204, Eq Viol (l1): 0.000075, Ineq Viol (l1): 0.000000, Epoch time: 2.48s
Epoch 24/300, Loss: 0.1418, Obj: -0.3675, Eq Viol (l1): 0.000075, Ineq Viol (l1): 0.000000, Epoch time: 2.51s
Epoch 25/300, Loss: 0.1754, Obj: -0.3381, Eq Viol (l1): 0.000087, Ineq Viol (l1): 0.000001, Epoch time: 2.48s
Epoch 26/300, Loss: 0.0536, Obj: -0.4045, Eq Viol (l1): 0.000077, Ineq Viol (l1): 0.000000, Epoch time: 2.53s
Epoch 27/300, Loss: 0.2131, Obj: -0.3456, Eq Viol (l1): 0.000087, Ineq Viol (l1): 0.000001, Epoch time: 2.53s
Epoch 28/300, Loss: 0.1305, Obj: -0.3340, Eq Viol (l1): 0.000074, Ineq Viol (l1): 0.000000, Epoch time: 2.52s
Epoch 29/300, Loss: 0.0224, Obj: -0.4329, Eq Viol (l1): 0.000081, Ineq Viol (l1): 0.000000, Epoch time: 2.54s
Epoch 30/300, Loss: -0.0383, Obj: -0.4502, Eq Viol (l1): 0.000084, Ineq Viol (l1): 0.000001, Epoch time: 2.48s
Epoch 31/300, Loss: -0.0675, Obj: -0.4730, Eq Viol (l1): 0.000074, Ineq Viol (l1): 0.000000, Epoch time: 2.52s

Running validation at epoch 30...

VALIDATION_EPOCH_30 EVALUATION RESULTS:
==================================================
Objective Value:     -7.062408e-01
True Objective:      -2.413704e+00
Optimality Gap:      -3.416696e-01 ± 2.211125e-01
Eq Violation l1:   7.490110e-05 (max: 1.173355e-03)
Ineq Violation l1: 4.531178e-07 (max: 2.851022e-05)
Solution Distance:   1.235998e+02 ± 5.423329e-01
Merit:             -7.054872e-01 ± 1.041024e-02
Avg Inference Time:  0.0664s
==================================================
Epoch 32/300, Loss: 0.0290, Obj: -0.4808, Eq Viol (l1): 0.000083, Ineq Viol (l1): 0.000001, Epoch time: 2.52s
Epoch 33/300, Loss: 0.1327, Obj: -0.3866, Eq Viol (l1): 0.000079, Ineq Viol (l1): 0.000000, Epoch time: 2.59s
Epoch 34/300, Loss: 0.0363, Obj: -0.4480, Eq Viol (l1): 0.000081, Ineq Viol (l1): 0.000000, Epoch time: 2.49s
Epoch 35/300, Loss: 0.0655, Obj: -0.4068, Eq Viol (l1): 0.000085, Ineq Viol (l1): 0.000000, Epoch time: 2.46s
Epoch 36/300, Loss: -0.0497, Obj: -0.4742, Eq Viol (l1): 0.000073, Ineq Viol (l1): 0.000000, Epoch time: 2.53s
Epoch 37/300, Loss: -0.0061, Obj: -0.4962, Eq Viol (l1): 0.000075, Ineq Viol (l1): 0.000000, Epoch time: 2.51s
Epoch 38/300, Loss: 0.0220, Obj: -0.4328, Eq Viol (l1): 0.000080, Ineq Viol (l1): 0.000001, Epoch time: 2.49s
Epoch 39/300, Loss: -0.0594, Obj: -0.5040, Eq Viol (l1): 0.000088, Ineq Viol (l1): 0.000001, Epoch time: 2.45s
Epoch 40/300, Loss: -0.1233, Obj: -0.5181, Eq Viol (l1): 0.000076, Ineq Viol (l1): 0.000000, Epoch time: 2.51s
Epoch 41/300, Loss: -0.1738, Obj: -0.5611, Eq Viol (l1): 0.000077, Ineq Viol (l1): 0.000000, Epoch time: 2.50s

Running validation at epoch 40...

VALIDATION_EPOCH_40 EVALUATION RESULTS:
==================================================
Objective Value:     -6.170480e-01
True Objective:      -2.413704e+00
Optimality Gap:      -2.461665e-01 ± 2.841044e-01
Eq Violation l1:   6.296040e-05 (max: 1.370054e-03)
Ineq Violation l1: 2.883474e-07 (max: 2.284618e-05)
Solution Distance:   1.237178e+02 ± 5.893489e-01
Merit:             -6.164155e-01 ± 9.150676e-03
Avg Inference Time:  0.0650s
==================================================
Epoch 42/300, Loss: -0.1814, Obj: -0.5509, Eq Viol (l1): 0.000082, Ineq Viol (l1): 0.000000, Epoch time: 2.47s
Epoch 43/300, Loss: -0.1054, Obj: -0.5312, Eq Viol (l1): 0.000085, Ineq Viol (l1): 0.000000, Epoch time: 2.46s
Epoch 44/300, Loss: -0.0682, Obj: -0.4644, Eq Viol (l1): 0.000084, Ineq Viol (l1): 0.000000, Epoch time: 2.47s
Epoch 45/300, Loss: -0.1116, Obj: -0.5442, Eq Viol (l1): 0.000081, Ineq Viol (l1): 0.000001, Epoch time: 2.52s
Epoch 46/300, Loss: -0.1273, Obj: -0.5497, Eq Viol (l1): 0.000079, Ineq Viol (l1): 0.000001, Epoch time: 2.52s
Epoch 47/300, Loss: -0.1632, Obj: -0.5599, Eq Viol (l1): 0.000085, Ineq Viol (l1): 0.000001, Epoch time: 2.46s
Epoch 48/300, Loss: -0.2323, Obj: -0.5944, Eq Viol (l1): 0.000078, Ineq Viol (l1): 0.000000, Epoch time: 2.49s
Epoch 49/300, Loss: -0.1705, Obj: -0.5646, Eq Viol (l1): 0.000085, Ineq Viol (l1): 0.000001, Epoch time: 2.54s
Epoch 50/300, Loss: -0.1412, Obj: -0.5487, Eq Viol (l1): 0.000081, Ineq Viol (l1): 0.000001, Epoch time: 2.62s
Epoch 51/300, Loss: -0.2396, Obj: -0.5921, Eq Viol (l1): 0.000083, Ineq Viol (l1): 0.000001, Epoch time: 2.60s

Running validation at epoch 50...

VALIDATION_EPOCH_50 EVALUATION RESULTS:
==================================================
Objective Value:     -7.475698e-01
True Objective:      -2.413704e+00
Optimality Gap:      -4.966921e-01 ± 3.012575e-01
Eq Violation l1:   7.866840e-05 (max: 1.103298e-03)
Ineq Violation l1: 4.767806e-07 (max: 1.998736e-05)
Solution Distance:   1.232905e+02 ± 6.153863e-01
Merit:             -7.467784e-01 ± 3.363409e-03
Avg Inference Time:  0.0654s
==================================================
Epoch 52/300, Loss: -0.0962, Obj: -0.5610, Eq Viol (l1): 0.000082, Ineq Viol (l1): 0.000001, Epoch time: 2.68s
Epoch 53/300, Loss: -0.1722, Obj: -0.5413, Eq Viol (l1): 0.000077, Ineq Viol (l1): 0.000001, Epoch time: 2.62s
Epoch 54/300, Loss: -0.2271, Obj: -0.6055, Eq Viol (l1): 0.000086, Ineq Viol (l1): 0.000001, Epoch time: 2.52s
Epoch 55/300, Loss: -0.2213, Obj: -0.5940, Eq Viol (l1): 0.000081, Ineq Viol (l1): 0.000001, Epoch time: 2.49s
Epoch 56/300, Loss: -0.2339, Obj: -0.5959, Eq Viol (l1): 0.000082, Ineq Viol (l1): 0.000000, Epoch time: 2.49s
Epoch 57/300, Loss: -0.2591, Obj: -0.6220, Eq Viol (l1): 0.000079, Ineq Viol (l1): 0.000001, Epoch time: 2.53s
Epoch 58/300, Loss: -0.2683, Obj: -0.6021, Eq Viol (l1): 0.000080, Ineq Viol (l1): 0.000001, Epoch time: 2.48s
Epoch 59/300, Loss: -0.2498, Obj: -0.6009, Eq Viol (l1): 0.000080, Ineq Viol (l1): 0.000001, Epoch time: 2.50s
Epoch 60/300, Loss: -0.2183, Obj: -0.6056, Eq Viol (l1): 0.000074, Ineq Viol (l1): 0.000000, Epoch time: 2.54s
Epoch 61/300, Loss: -0.2850, Obj: -0.6373, Eq Viol (l1): 0.000078, Ineq Viol (l1): 0.000001, Epoch time: 2.53s

Running validation at epoch 60...

VALIDATION_EPOCH_60 EVALUATION RESULTS:
==================================================
Objective Value:     -7.713330e-01
True Objective:      -2.413704e+00
Optimality Gap:      -4.440629e-01 ± 3.048423e-01
Eq Violation l1:   8.207787e-05 (max: 7.629585e-04)
Ineq Violation l1: 5.688249e-07 (max: 4.091758e-05)
Solution Distance:   1.236384e+02 ± 6.083649e-01
Merit:             -7.705065e-01 ± 1.908919e-03
Avg Inference Time:  0.0660s
==================================================
Epoch 62/300, Loss: -0.2783, Obj: -0.6270, Eq Viol (l1): 0.000082, Ineq Viol (l1): 0.000001, Epoch time: 2.48s
Epoch 63/300, Loss: -0.2411, Obj: -0.6184, Eq Viol (l1): 0.000087, Ineq Viol (l1): 0.000001, Epoch time: 2.48s
Epoch 64/300, Loss: -0.2124, Obj: -0.5952, Eq Viol (l1): 0.000085, Ineq Viol (l1): 0.000000, Epoch time: 2.48s
Epoch 65/300, Loss: -0.2364, Obj: -0.5994, Eq Viol (l1): 0.000079, Ineq Viol (l1): 0.000000, Epoch time: 2.54s
Epoch 66/300, Loss: -0.3020, Obj: -0.6160, Eq Viol (l1): 0.000073, Ineq Viol (l1): 0.000000, Epoch time: 2.62s
Epoch 67/300, Loss: -0.3120, Obj: -0.6311, Eq Viol (l1): 0.000083, Ineq Viol (l1): 0.000001, Epoch time: 2.47s
Epoch 68/300, Loss: -0.3223, Obj: -0.6526, Eq Viol (l1): 0.000084, Ineq Viol (l1): 0.000001, Epoch time: 2.52s
Epoch 69/300, Loss: -0.3113, Obj: -0.6286, Eq Viol (l1): 0.000079, Ineq Viol (l1): 0.000001, Epoch time: 2.49s
Epoch 70/300, Loss: -0.2536, Obj: -0.6321, Eq Viol (l1): 0.000087, Ineq Viol (l1): 0.000000, Epoch time: 2.46s
Epoch 71/300, Loss: -0.2495, Obj: -0.5847, Eq Viol (l1): 0.000083, Ineq Viol (l1): 0.000000, Epoch time: 2.45s

Running validation at epoch 70...

VALIDATION_EPOCH_70 EVALUATION RESULTS:
==================================================
Objective Value:     -8.553577e-01
True Objective:      -2.413704e+00
Optimality Gap:      -6.359586e-01 ± 3.435697e-01
Eq Violation l1:   9.708222e-05 (max: 1.006578e-03)
Ineq Violation l1: 9.906985e-07 (max: 4.472234e-05)
Solution Distance:   1.227136e+02 ± 6.141480e-01
Merit:             -8.543770e-01 ± 2.853173e-03
Avg Inference Time:  0.0674s
==================================================
Epoch 72/300, Loss: -0.2805, Obj: -0.6317, Eq Viol (l1): 0.000083, Ineq Viol (l1): 0.000001, Epoch time: 2.48s
Epoch 73/300, Loss: -0.1649, Obj: -0.5739, Eq Viol (l1): 0.000087, Ineq Viol (l1): 0.000001, Epoch time: 2.52s
Epoch 74/300, Loss: -0.2924, Obj: -0.6476, Eq Viol (l1): 0.000081, Ineq Viol (l1): 0.000001, Epoch time: 2.52s
Epoch 75/300, Loss: -0.2620, Obj: -0.5918, Eq Viol (l1): 0.000078, Ineq Viol (l1): 0.000000, Epoch time: 2.51s
Epoch 76/300, Loss: -0.1955, Obj: -0.5857, Eq Viol (l1): 0.000085, Ineq Viol (l1): 0.000001, Epoch time: 2.50s
Epoch 77/300, Loss: -0.2649, Obj: -0.6289, Eq Viol (l1): 0.000074, Ineq Viol (l1): 0.000001, Epoch time: 2.55s
Epoch 78/300, Loss: -0.3001, Obj: -0.6292, Eq Viol (l1): 0.000074, Ineq Viol (l1): 0.000000, Epoch time: 2.52s
Epoch 79/300, Loss: -0.2216, Obj: -0.6040, Eq Viol (l1): 0.000084, Ineq Viol (l1): 0.000001, Epoch time: 2.52s
Epoch 80/300, Loss: -0.2769, Obj: -0.6063, Eq Viol (l1): 0.000081, Ineq Viol (l1): 0.000000, Epoch time: 2.48s
Epoch 81/300, Loss: -0.2819, Obj: -0.6373, Eq Viol (l1): 0.000078, Ineq Viol (l1): 0.000001, Epoch time: 2.53s

Running validation at epoch 80...

VALIDATION_EPOCH_80 EVALUATION RESULTS:
==================================================
Objective Value:     -8.324544e-01
True Objective:      -2.413704e+00
Optimality Gap:      -5.960782e-01 ± 3.253133e-01
Eq Violation l1:   7.735111e-05 (max: 1.105318e-03)
Ineq Violation l1: 4.091462e-07 (max: 2.249824e-05)
Solution Distance:   1.227648e+02 ± 5.949537e-01
Merit:             -8.316768e-01 ± 3.777980e-03
Avg Inference Time:  0.0690s
==================================================
Epoch 82/300, Loss: -0.2998, Obj: -0.6272, Eq Viol (l1): 0.000080, Ineq Viol (l1): 0.000001, Epoch time: 2.51s
Epoch 83/300, Loss: -0.3233, Obj: -0.6659, Eq Viol (l1): 0.000083, Ineq Viol (l1): 0.000001, Epoch time: 2.50s
Epoch 84/300, Loss: -0.3468, Obj: -0.6354, Eq Viol (l1): 0.000072, Ineq Viol (l1): 0.000000, Epoch time: 2.51s
Epoch 85/300, Loss: -0.3364, Obj: -0.6703, Eq Viol (l1): 0.000077, Ineq Viol (l1): 0.000001, Epoch time: 2.53s
Epoch 86/300, Loss: -0.3361, Obj: -0.6619, Eq Viol (l1): 0.000090, Ineq Viol (l1): 0.000001, Epoch time: 2.46s
Epoch 87/300, Loss: -0.2629, Obj: -0.6384, Eq Viol (l1): 0.000082, Ineq Viol (l1): 0.000001, Epoch time: 2.51s
Epoch 88/300, Loss: -0.2051, Obj: -0.5859, Eq Viol (l1): 0.000085, Ineq Viol (l1): 0.000000, Epoch time: 2.51s
Epoch 89/300, Loss: -0.3326, Obj: -0.6411, Eq Viol (l1): 0.000079, Ineq Viol (l1): 0.000001, Epoch time: 2.47s
Epoch 90/300, Loss: -0.3259, Obj: -0.6429, Eq Viol (l1): 0.000089, Ineq Viol (l1): 0.000001, Epoch time: 2.47s
Epoch 91/300, Loss: -0.3429, Obj: -0.6536, Eq Viol (l1): 0.000082, Ineq Viol (l1): 0.000001, Epoch time: 2.47s

Running validation at epoch 90...

VALIDATION_EPOCH_90 EVALUATION RESULTS:
==================================================
Objective Value:     -7.754462e-01
True Objective:      -2.413704e+00
Optimality Gap:      -5.453948e-01 ± 3.496798e-01
Eq Violation l1:   7.197393e-05 (max: 1.011569e-03)
Ineq Violation l1: 5.372031e-07 (max: 3.727665e-05)
Solution Distance:   1.232372e+02 ± 6.548209e-01
Merit:             -7.747211e-01 ± 3.999444e-05
Avg Inference Time:  0.0665s
==================================================
Epoch 92/300, Loss: -0.3275, Obj: -0.6480, Eq Viol (l1): 0.000076, Ineq Viol (l1): 0.000001, Epoch time: 2.49s
Epoch 93/300, Loss: -0.3087, Obj: -0.6602, Eq Viol (l1): 0.000086, Ineq Viol (l1): 0.000001, Epoch time: 2.49s
Epoch 94/300, Loss: -0.3343, Obj: -0.6533, Eq Viol (l1): 0.000080, Ineq Viol (l1): 0.000001, Epoch time: 2.44s
Epoch 95/300, Loss: -0.3492, Obj: -0.6521, Eq Viol (l1): 0.000079, Ineq Viol (l1): 0.000001, Epoch time: 2.42s
Epoch 96/300, Loss: -0.3321, Obj: -0.6646, Eq Viol (l1): 0.000082, Ineq Viol (l1): 0.000001, Epoch time: 2.44s
Epoch 97/300, Loss: -0.2445, Obj: -0.5948, Eq Viol (l1): 0.000079, Ineq Viol (l1): 0.000001, Epoch time: 2.46s
Epoch 98/300, Loss: -0.2797, Obj: -0.6520, Eq Viol (l1): 0.000090, Ineq Viol (l1): 0.000001, Epoch time: 2.44s
Epoch 99/300, Loss: -0.3825, Obj: -0.6740, Eq Viol (l1): 0.000082, Ineq Viol (l1): 0.000001, Epoch time: 2.53s
Epoch 100/300, Loss: -0.3678, Obj: -0.6875, Eq Viol (l1): 0.000081, Ineq Viol (l1): 0.000001, Epoch time: 2.47s
Epoch 101/300, Loss: -0.3280, Obj: -0.6455, Eq Viol (l1): 0.000088, Ineq Viol (l1): 0.000001, Epoch time: 2.42s

Running validation at epoch 100...

VALIDATION_EPOCH_100 EVALUATION RESULTS:
==================================================
Objective Value:     -8.264056e-01
True Objective:      -2.413704e+00
Optimality Gap:      -6.078686e-01 ± 3.379394e-01
Eq Violation l1:   8.209555e-05 (max: 8.990405e-04)
Ineq Violation l1: 4.398466e-07 (max: 2.600034e-05)
Solution Distance:   1.231012e+02 ± 5.909070e-01
Merit:             -8.255803e-01 ± 5.603125e-03
Avg Inference Time:  0.0651s
==================================================
Epoch 102/300, Loss: -0.3722, Obj: -0.6809, Eq Viol (l1): 0.000081, Ineq Viol (l1): 0.000001, Epoch time: 2.48s
Epoch 103/300, Loss: -0.3664, Obj: -0.6593, Eq Viol (l1): 0.000076, Ineq Viol (l1): 0.000001, Epoch time: 2.47s
Epoch 104/300, Loss: -0.3381, Obj: -0.6639, Eq Viol (l1): 0.000082, Ineq Viol (l1): 0.000001, Epoch time: 2.48s
Epoch 105/300, Loss: -0.3235, Obj: -0.6488, Eq Viol (l1): 0.000079, Ineq Viol (l1): 0.000000, Epoch time: 2.46s
Epoch 106/300, Loss: -0.3238, Obj: -0.6526, Eq Viol (l1): 0.000081, Ineq Viol (l1): 0.000000, Epoch time: 2.48s
Epoch 107/300, Loss: -0.3673, Obj: -0.6781, Eq Viol (l1): 0.000085, Ineq Viol (l1): 0.000001, Epoch time: 2.47s
Epoch 108/300, Loss: -0.3959, Obj: -0.7002, Eq Viol (l1): 0.000084, Ineq Viol (l1): 0.000001, Epoch time: 2.47s
Epoch 109/300, Loss: -0.3952, Obj: -0.7042, Eq Viol (l1): 0.000084, Ineq Viol (l1): 0.000001, Epoch time: 2.45s
Epoch 110/300, Loss: -0.3544, Obj: -0.6665, Eq Viol (l1): 0.000080, Ineq Viol (l1): 0.000001, Epoch time: 2.48s
Epoch 111/300, Loss: -0.3103, Obj: -0.6635, Eq Viol (l1): 0.000082, Ineq Viol (l1): 0.000001, Epoch time: 2.48s

Running validation at epoch 110...

VALIDATION_EPOCH_110 EVALUATION RESULTS:
==================================================
Objective Value:     -8.411524e-01
True Objective:      -2.413704e+00
Optimality Gap:      -6.104004e-01 ± 3.332553e-01
Eq Violation l1:   1.057291e-04 (max: 1.196744e-03)
Ineq Violation l1: 9.778586e-07 (max: 4.524317e-05)
Solution Distance:   1.228715e+02 ± 6.074601e-01
Merit:             -8.400853e-01 ± 1.307717e-02
Avg Inference Time:  0.0662s
==================================================
Epoch 112/300, Loss: -0.3898, Obj: -0.6699, Eq Viol (l1): 0.000084, Ineq Viol (l1): 0.000001, Epoch time: 2.43s
Epoch 113/300, Loss: -0.3783, Obj: -0.6726, Eq Viol (l1): 0.000087, Ineq Viol (l1): 0.000001, Epoch time: 2.45s
Epoch 114/300, Loss: -0.3672, Obj: -0.6749, Eq Viol (l1): 0.000083, Ineq Viol (l1): 0.000001, Epoch time: 2.47s
Epoch 115/300, Loss: -0.3800, Obj: -0.6750, Eq Viol (l1): 0.000081, Ineq Viol (l1): 0.000001, Epoch time: 2.47s
Epoch 116/300, Loss: -0.3674, Obj: -0.6732, Eq Viol (l1): 0.000081, Ineq Viol (l1): 0.000001, Epoch time: 2.46s
Epoch 117/300, Loss: -0.3291, Obj: -0.6522, Eq Viol (l1): 0.000084, Ineq Viol (l1): 0.000000, Epoch time: 2.46s
Epoch 118/300, Loss: -0.3236, Obj: -0.6518, Eq Viol (l1): 0.000090, Ineq Viol (l1): 0.000000, Epoch time: 2.42s
Epoch 119/300, Loss: -0.4031, Obj: -0.6944, Eq Viol (l1): 0.000084, Ineq Viol (l1): 0.000001, Epoch time: 2.46s
Epoch 120/300, Loss: -0.4275, Obj: -0.7134, Eq Viol (l1): 0.000080, Ineq Viol (l1): 0.000001, Epoch time: 2.48s
Epoch 121/300, Loss: -0.4141, Obj: -0.6897, Eq Viol (l1): 0.000076, Ineq Viol (l1): 0.000000, Epoch time: 2.48s

Running validation at epoch 120...

VALIDATION_EPOCH_120 EVALUATION RESULTS:
==================================================
Objective Value:     -8.204111e-01
True Objective:      -2.413704e+00
Optimality Gap:      -5.902161e-01 ± 3.273218e-01
Eq Violation l1:   8.413080e-05 (max: 1.399137e-03)
Ineq Violation l1: 4.267515e-07 (max: 2.260048e-05)
Solution Distance:   1.232114e+02 ± 6.053826e-01
Merit:             -8.195655e-01 ± 9.226366e-03
Avg Inference Time:  0.0665s
==================================================
Epoch 122/300, Loss: -0.3467, Obj: -0.6800, Eq Viol (l1): 0.000087, Ineq Viol (l1): 0.000001, Epoch time: 2.50s
Epoch 123/300, Loss: -0.3909, Obj: -0.6846, Eq Viol (l1): 0.000082, Ineq Viol (l1): 0.000001, Epoch time: 2.47s
Epoch 124/300, Loss: -0.2864, Obj: -0.6425, Eq Viol (l1): 0.000079, Ineq Viol (l1): 0.000001, Epoch time: 2.51s
Epoch 125/300, Loss: -0.3350, Obj: -0.6711, Eq Viol (l1): 0.000081, Ineq Viol (l1): 0.000001, Epoch time: 2.47s
Epoch 126/300, Loss: -0.3326, Obj: -0.6646, Eq Viol (l1): 0.000076, Ineq Viol (l1): 0.000001, Epoch time: 2.50s
Epoch 127/300, Loss: -0.3414, Obj: -0.6701, Eq Viol (l1): 0.000081, Ineq Viol (l1): 0.000001, Epoch time: 2.49s
Epoch 128/300, Loss: -0.3300, Obj: -0.6886, Eq Viol (l1): 0.000081, Ineq Viol (l1): 0.000001, Epoch time: 2.50s
Epoch 129/300, Loss: -0.3523, Obj: -0.6472, Eq Viol (l1): 0.000079, Ineq Viol (l1): 0.000001, Epoch time: 2.46s
Epoch 130/300, Loss: -0.3697, Obj: -0.7020, Eq Viol (l1): 0.000081, Ineq Viol (l1): 0.000001, Epoch time: 2.52s
Epoch 131/300, Loss: -0.4080, Obj: -0.6984, Eq Viol (l1): 0.000090, Ineq Viol (l1): 0.000001, Epoch time: 2.44s

Running validation at epoch 130...

VALIDATION_EPOCH_130 EVALUATION RESULTS:
==================================================
Objective Value:     -8.179779e-01
True Objective:      -2.413704e+00
Optimality Gap:      -5.709088e-01 ± 3.256002e-01
Eq Violation l1:   8.651155e-05 (max: 1.131075e-03)
Ineq Violation l1: 5.580584e-07 (max: 2.992786e-05)
Solution Distance:   1.230026e+02 ± 5.897655e-01
Merit:             -8.171072e-01 ± 4.036275e-03
Avg Inference Time:  0.0651s
==================================================
Epoch 132/300, Loss: -0.3710, Obj: -0.6784, Eq Viol (l1): 0.000080, Ineq Viol (l1): 0.000001, Epoch time: 2.58s
Epoch 133/300, Loss: -0.3928, Obj: -0.6816, Eq Viol (l1): 0.000079, Ineq Viol (l1): 0.000001, Epoch time: 2.47s
Epoch 134/300, Loss: -0.4012, Obj: -0.7145, Eq Viol (l1): 0.000078, Ineq Viol (l1): 0.000001, Epoch time: 2.50s
Epoch 135/300, Loss: -0.4478, Obj: -0.7048, Eq Viol (l1): 0.000075, Ineq Viol (l1): 0.000001, Epoch time: 2.48s
Epoch 136/300, Loss: -0.4236, Obj: -0.7265, Eq Viol (l1): 0.000080, Ineq Viol (l1): 0.000001, Epoch time: 2.50s
Epoch 137/300, Loss: -0.4312, Obj: -0.7063, Eq Viol (l1): 0.000074, Ineq Viol (l1): 0.000001, Epoch time: 2.48s
Epoch 138/300, Loss: -0.3826, Obj: -0.6968, Eq Viol (l1): 0.000085, Ineq Viol (l1): 0.000001, Epoch time: 2.46s
Epoch 139/300, Loss: -0.4095, Obj: -0.6910, Eq Viol (l1): 0.000076, Ineq Viol (l1): 0.000001, Epoch time: 2.49s
Epoch 140/300, Loss: -0.3678, Obj: -0.7034, Eq Viol (l1): 0.000086, Ineq Viol (l1): 0.000001, Epoch time: 2.47s
Epoch 141/300, Loss: -0.2780, Obj: -0.6326, Eq Viol (l1): 0.000088, Ineq Viol (l1): 0.000001, Epoch time: 2.44s

Running validation at epoch 140...

VALIDATION_EPOCH_140 EVALUATION RESULTS:
==================================================
Objective Value:     -8.537775e-01
True Objective:      -2.413704e+00
Optimality Gap:      -6.359657e-01 ± 3.407221e-01
Eq Violation l1:   8.037639e-05 (max: 1.008436e-03)
Ineq Violation l1: 4.949748e-07 (max: 3.499819e-05)
Solution Distance:   1.223540e+02 ± 6.345119e-01
Merit:             -8.529688e-01 ± 2.836640e-03
Avg Inference Time:  0.0689s
==================================================
Epoch 142/300, Loss: -0.3164, Obj: -0.6351, Eq Viol (l1): 0.000082, Ineq Viol (l1): 0.000000, Epoch time: 2.42s
Epoch 143/300, Loss: -0.3846, Obj: -0.6862, Eq Viol (l1): 0.000085, Ineq Viol (l1): 0.000001, Epoch time: 2.45s
Epoch 144/300, Loss: -0.4137, Obj: -0.7128, Eq Viol (l1): 0.000082, Ineq Viol (l1): 0.000001, Epoch time: 2.46s
Epoch 145/300, Loss: -0.4599, Obj: -0.7455, Eq Viol (l1): 0.000079, Ineq Viol (l1): 0.000001, Epoch time: 2.48s
Epoch 146/300, Loss: -0.4080, Obj: -0.6953, Eq Viol (l1): 0.000084, Ineq Viol (l1): 0.000001, Epoch time: 2.45s
Epoch 147/300, Loss: -0.3976, Obj: -0.6856, Eq Viol (l1): 0.000084, Ineq Viol (l1): 0.000001, Epoch time: 2.42s
Epoch 148/300, Loss: -0.4074, Obj: -0.6930, Eq Viol (l1): 0.000082, Ineq Viol (l1): 0.000001, Epoch time: 2.43s
Epoch 149/300, Loss: -0.3436, Obj: -0.6827, Eq Viol (l1): 0.000077, Ineq Viol (l1): 0.000001, Epoch time: 2.47s
Epoch 150/300, Loss: -0.4301, Obj: -0.7123, Eq Viol (l1): 0.000084, Ineq Viol (l1): 0.000001, Epoch time: 2.45s
Epoch 151/300, Loss: -0.4510, Obj: -0.7209, Eq Viol (l1): 0.000083, Ineq Viol (l1): 0.000001, Epoch time: 2.46s

Running validation at epoch 150...

VALIDATION_EPOCH_150 EVALUATION RESULTS:
==================================================
Objective Value:     -7.982471e-01
True Objective:      -2.413704e+00
Optimality Gap:      -5.666406e-01 ± 3.457232e-01
Eq Violation l1:   6.448814e-05 (max: 1.453415e-03)
Ineq Violation l1: 4.559851e-07 (max: 3.504159e-05)
Solution Distance:   1.234349e+02 ± 6.925883e-01
Merit:             -7.975976e-01 ± 1.094261e-03
Avg Inference Time:  0.0672s
==================================================
Epoch 152/300, Loss: -0.3921, Obj: -0.6999, Eq Viol (l1): 0.000082, Ineq Viol (l1): 0.000001, Epoch time: 2.49s
Epoch 153/300, Loss: -0.3961, Obj: -0.6866, Eq Viol (l1): 0.000083, Ineq Viol (l1): 0.000001, Epoch time: 2.44s
Epoch 154/300, Loss: -0.4144, Obj: -0.7190, Eq Viol (l1): 0.000084, Ineq Viol (l1): 0.000001, Epoch time: 2.47s
Epoch 155/300, Loss: -0.3902, Obj: -0.7018, Eq Viol (l1): 0.000080, Ineq Viol (l1): 0.000001, Epoch time: 2.47s
Epoch 156/300, Loss: -0.3783, Obj: -0.6911, Eq Viol (l1): 0.000085, Ineq Viol (l1): 0.000001, Epoch time: 2.46s
Epoch 157/300, Loss: -0.4102, Obj: -0.7208, Eq Viol (l1): 0.000086, Ineq Viol (l1): 0.000001, Epoch time: 2.45s
Epoch 158/300, Loss: -0.4376, Obj: -0.7128, Eq Viol (l1): 0.000083, Ineq Viol (l1): 0.000001, Epoch time: 2.45s
Epoch 159/300, Loss: -0.4088, Obj: -0.7189, Eq Viol (l1): 0.000086, Ineq Viol (l1): 0.000001, Epoch time: 2.45s
Epoch 160/300, Loss: -0.3973, Obj: -0.6943, Eq Viol (l1): 0.000084, Ineq Viol (l1): 0.000001, Epoch time: 2.44s
Epoch 161/300, Loss: -0.4407, Obj: -0.7085, Eq Viol (l1): 0.000076, Ineq Viol (l1): 0.000000, Epoch time: 2.44s

Running validation at epoch 160...

VALIDATION_EPOCH_160 EVALUATION RESULTS:
==================================================
Objective Value:     -8.338478e-01
True Objective:      -2.413704e+00
Optimality Gap:      -5.999574e-01 ± 3.266818e-01
Eq Violation l1:   8.926421e-05 (max: 1.376167e-03)
Ineq Violation l1: 7.399982e-07 (max: 4.902153e-05)
Solution Distance:   1.232065e+02 ± 6.123440e-01
Merit:             -8.329478e-01 ± 4.552075e-03
Avg Inference Time:  0.0667s
==================================================
Epoch 162/300, Loss: -0.4380, Obj: -0.7263, Eq Viol (l1): 0.000082, Ineq Viol (l1): 0.000001, Epoch time: 2.45s
Epoch 163/300, Loss: -0.4056, Obj: -0.7083, Eq Viol (l1): 0.000083, Ineq Viol (l1): 0.000001, Epoch time: 2.46s
Epoch 164/300, Loss: -0.4598, Obj: -0.7350, Eq Viol (l1): 0.000089, Ineq Viol (l1): 0.000001, Epoch time: 2.43s
Epoch 165/300, Loss: -0.3487, Obj: -0.6963, Eq Viol (l1): 0.000087, Ineq Viol (l1): 0.000001, Epoch time: 2.55s
Epoch 166/300, Loss: -0.4261, Obj: -0.7167, Eq Viol (l1): 0.000084, Ineq Viol (l1): 0.000001, Epoch time: 2.46s
Epoch 167/300, Loss: -0.4583, Obj: -0.7335, Eq Viol (l1): 0.000084, Ineq Viol (l1): 0.000001, Epoch time: 2.45s
Epoch 168/300, Loss: -0.4515, Obj: -0.7215, Eq Viol (l1): 0.000082, Ineq Viol (l1): 0.000001, Epoch time: 2.45s
Epoch 169/300, Loss: -0.4336, Obj: -0.7157, Eq Viol (l1): 0.000088, Ineq Viol (l1): 0.000001, Epoch time: 2.42s
Epoch 170/300, Loss: -0.4171, Obj: -0.7172, Eq Viol (l1): 0.000079, Ineq Viol (l1): 0.000001, Epoch time: 2.47s
Epoch 171/300, Loss: -0.4525, Obj: -0.7257, Eq Viol (l1): 0.000082, Ineq Viol (l1): 0.000001, Epoch time: 2.45s

Running validation at epoch 170...

VALIDATION_EPOCH_170 EVALUATION RESULTS:
==================================================
Objective Value:     -8.222498e-01
True Objective:      -2.413704e+00
Optimality Gap:      -5.925110e-01 ± 3.245818e-01
Eq Violation l1:   8.419383e-05 (max: 9.070432e-04)
Ineq Violation l1: 5.474486e-07 (max: 3.730542e-05)
Solution Distance:   1.227111e+02 ± 6.375258e-01
Merit:             -8.214024e-01 ± 5.196524e-03
Avg Inference Time:  0.0659s
==================================================
Epoch 172/300, Loss: -0.4653, Obj: -0.7271, Eq Viol (l1): 0.000081, Ineq Viol (l1): 0.000000, Epoch time: 2.43s
Epoch 173/300, Loss: -0.3998, Obj: -0.7164, Eq Viol (l1): 0.000087, Ineq Viol (l1): 0.000001, Epoch time: 2.45s
Epoch 174/300, Loss: -0.4466, Obj: -0.7188, Eq Viol (l1): 0.000089, Ineq Viol (l1): 0.000001, Epoch time: 2.41s
Epoch 175/300, Loss: -0.4693, Obj: -0.7219, Eq Viol (l1): 0.000083, Ineq Viol (l1): 0.000001, Epoch time: 2.43s
Epoch 176/300, Loss: -0.4743, Obj: -0.7405, Eq Viol (l1): 0.000082, Ineq Viol (l1): 0.000001, Epoch time: 2.44s
Epoch 177/300, Loss: -0.3719, Obj: -0.6767, Eq Viol (l1): 0.000084, Ineq Viol (l1): 0.000001, Epoch time: 2.46s
Epoch 178/300, Loss: -0.3545, Obj: -0.6737, Eq Viol (l1): 0.000087, Ineq Viol (l1): 0.000001, Epoch time: 2.44s
Epoch 179/300, Loss: -0.3373, Obj: -0.6778, Eq Viol (l1): 0.000080, Ineq Viol (l1): 0.000001, Epoch time: 2.49s
Epoch 180/300, Loss: -0.3719, Obj: -0.7042, Eq Viol (l1): 0.000086, Ineq Viol (l1): 0.000000, Epoch time: 2.45s
Epoch 181/300, Loss: -0.3942, Obj: -0.7185, Eq Viol (l1): 0.000090, Ineq Viol (l1): 0.000001, Epoch time: 2.46s

Running validation at epoch 180...

VALIDATION_EPOCH_180 EVALUATION RESULTS:
==================================================
Objective Value:     -6.810354e-01
True Objective:      -2.413704e+00
Optimality Gap:      -4.259963e-01 ± 3.049445e-01
Eq Violation l1:   1.026755e-04 (max: 1.139674e-03)
Ineq Violation l1: 6.045520e-07 (max: 4.133875e-05)
Solution Distance:   1.236121e+02 ± 5.813055e-01
Merit:             -6.800026e-01 ± 1.965109e-02
Avg Inference Time:  0.0611s
==================================================
Epoch 182/300, Loss: -0.4395, Obj: -0.7077, Eq Viol (l1): 0.000088, Ineq Viol (l1): 0.000001, Epoch time: 2.41s
Epoch 183/300, Loss: -0.4930, Obj: -0.7543, Eq Viol (l1): 0.000079, Ineq Viol (l1): 0.000001, Epoch time: 2.47s
Epoch 184/300, Loss: -0.4724, Obj: -0.7286, Eq Viol (l1): 0.000077, Ineq Viol (l1): 0.000000, Epoch time: 2.45s
Epoch 185/300, Loss: -0.4090, Obj: -0.7224, Eq Viol (l1): 0.000089, Ineq Viol (l1): 0.000001, Epoch time: 2.45s
Epoch 186/300, Loss: -0.4394, Obj: -0.7281, Eq Viol (l1): 0.000079, Ineq Viol (l1): 0.000001, Epoch time: 2.45s
Epoch 187/300, Loss: -0.4329, Obj: -0.7271, Eq Viol (l1): 0.000077, Ineq Viol (l1): 0.000001, Epoch time: 2.47s
Epoch 188/300, Loss: -0.4206, Obj: -0.7202, Eq Viol (l1): 0.000090, Ineq Viol (l1): 0.000001, Epoch time: 2.43s
Epoch 189/300, Loss: -0.4893, Obj: -0.7425, Eq Viol (l1): 0.000085, Ineq Viol (l1): 0.000001, Epoch time: 2.42s
Epoch 190/300, Loss: -0.4037, Obj: -0.7182, Eq Viol (l1): 0.000080, Ineq Viol (l1): 0.000000, Epoch time: 2.43s
Epoch 191/300, Loss: -0.4247, Obj: -0.6997, Eq Viol (l1): 0.000081, Ineq Viol (l1): 0.000001, Epoch time: 2.42s

Running validation at epoch 190...

VALIDATION_EPOCH_190 EVALUATION RESULTS:
==================================================
Objective Value:     -7.692200e-01
True Objective:      -2.413704e+00
Optimality Gap:      -5.112068e-01 ± 3.007353e-01
Eq Violation l1:   8.501123e-05 (max: 1.383203e-03)
Ineq Violation l1: 7.027385e-07 (max: 7.924376e-05)
Solution Distance:   1.235635e+02 ± 6.362201e-01
Merit:             -7.683629e-01 ± 1.621089e-03
Avg Inference Time:  0.0635s
==================================================
Epoch 192/300, Loss: -0.4538, Obj: -0.7319, Eq Viol (l1): 0.000080, Ineq Viol (l1): 0.000001, Epoch time: 2.44s
Epoch 193/300, Loss: -0.4277, Obj: -0.7189, Eq Viol (l1): 0.000077, Ineq Viol (l1): 0.000001, Epoch time: 2.48s
Epoch 194/300, Loss: -0.4585, Obj: -0.7281, Eq Viol (l1): 0.000083, Ineq Viol (l1): 0.000001, Epoch time: 2.45s
Epoch 195/300, Loss: -0.4701, Obj: -0.7638, Eq Viol (l1): 0.000077, Ineq Viol (l1): 0.000000, Epoch time: 2.48s
Epoch 196/300, Loss: -0.4678, Obj: -0.7258, Eq Viol (l1): 0.000076, Ineq Viol (l1): 0.000001, Epoch time: 2.45s
Epoch 197/300, Loss: -0.4521, Obj: -0.7286, Eq Viol (l1): 0.000079, Ineq Viol (l1): 0.000001, Epoch time: 2.46s
Epoch 198/300, Loss: -0.4567, Obj: -0.7280, Eq Viol (l1): 0.000088, Ineq Viol (l1): 0.000001, Epoch time: 2.51s
Epoch 199/300, Loss: -0.4710, Obj: -0.7212, Eq Viol (l1): 0.000085, Ineq Viol (l1): 0.000001, Epoch time: 2.44s
Epoch 200/300, Loss: -0.4737, Obj: -0.7492, Eq Viol (l1): 0.000086, Ineq Viol (l1): 0.000001, Epoch time: 2.45s
Epoch 201/300, Loss: -0.3853, Obj: -0.7378, Eq Viol (l1): 0.000089, Ineq Viol (l1): 0.000001, Epoch time: 2.45s

Running validation at epoch 200...

VALIDATION_EPOCH_200 EVALUATION RESULTS:
==================================================
Objective Value:     -5.079314e-01
True Objective:      -2.413704e+00
Optimality Gap:      7.049564e-02 ± 1.447989e-01
Eq Violation l1:   5.841937e-05 (max: 1.454990e-03)
Ineq Violation l1: 2.858806e-07 (max: 2.988961e-05)
Solution Distance:   1.247590e+02 ± 6.863566e-01
Merit:             -5.073443e-01 ± 3.757341e-03
Avg Inference Time:  0.0613s
==================================================
Epoch 202/300, Loss: -0.3001, Obj: -0.6010, Eq Viol (l1): 0.000078, Ineq Viol (l1): 0.000001, Epoch time: 2.40s
Epoch 203/300, Loss: -0.4681, Obj: -0.7596, Eq Viol (l1): 0.000080, Ineq Viol (l1): 0.000001, Epoch time: 2.48s
Epoch 204/300, Loss: -0.4396, Obj: -0.7190, Eq Viol (l1): 0.000078, Ineq Viol (l1): 0.000000, Epoch time: 2.45s
Epoch 205/300, Loss: -0.4480, Obj: -0.7299, Eq Viol (l1): 0.000084, Ineq Viol (l1): 0.000001, Epoch time: 2.43s
Epoch 206/300, Loss: -0.3998, Obj: -0.6943, Eq Viol (l1): 0.000086, Ineq Viol (l1): 0.000000, Epoch time: 2.42s
Epoch 207/300, Loss: -0.4354, Obj: -0.7333, Eq Viol (l1): 0.000090, Ineq Viol (l1): 0.000001, Epoch time: 2.45s
Epoch 208/300, Loss: -0.3560, Obj: -0.6887, Eq Viol (l1): 0.000079, Ineq Viol (l1): 0.000001, Epoch time: 2.46s
Epoch 209/300, Loss: -0.4433, Obj: -0.7177, Eq Viol (l1): 0.000084, Ineq Viol (l1): 0.000001, Epoch time: 2.43s
Epoch 210/300, Loss: -0.4688, Obj: -0.7351, Eq Viol (l1): 0.000082, Ineq Viol (l1): 0.000001, Epoch time: 2.44s
Epoch 211/300, Loss: -0.4833, Obj: -0.7446, Eq Viol (l1): 0.000079, Ineq Viol (l1): 0.000001, Epoch time: 2.44s

Running validation at epoch 210...

VALIDATION_EPOCH_210 EVALUATION RESULTS:
==================================================
Objective Value:     -8.091392e-01
True Objective:      -2.413704e+00
Optimality Gap:      -5.897554e-01 ± 3.474068e-01
Eq Violation l1:   7.423690e-05 (max: 1.164169e-03)
Ineq Violation l1: 5.163566e-07 (max: 3.396999e-05)
Solution Distance:   1.234237e+02 ± 6.531375e-01
Merit:             -8.083917e-01 ± 4.909578e-04
Avg Inference Time:  0.0645s
==================================================
Epoch 212/300, Loss: -0.4997, Obj: -0.7429, Eq Viol (l1): 0.000087, Ineq Viol (l1): 0.000001, Epoch time: 2.43s
Epoch 213/300, Loss: -0.4771, Obj: -0.7267, Eq Viol (l1): 0.000085, Ineq Viol (l1): 0.000001, Epoch time: 2.41s
Epoch 214/300, Loss: -0.4604, Obj: -0.7299, Eq Viol (l1): 0.000082, Ineq Viol (l1): 0.000001, Epoch time: 2.44s
Epoch 215/300, Loss: -0.4364, Obj: -0.7219, Eq Viol (l1): 0.000091, Ineq Viol (l1): 0.000001, Epoch time: 2.39s
Epoch 216/300, Loss: -0.4866, Obj: -0.7619, Eq Viol (l1): 0.000083, Ineq Viol (l1): 0.000001, Epoch time: 2.45s
Epoch 217/300, Loss: -0.4414, Obj: -0.7498, Eq Viol (l1): 0.000078, Ineq Viol (l1): 0.000001, Epoch time: 2.50s
Epoch 218/300, Loss: -0.4007, Obj: -0.7211, Eq Viol (l1): 0.000087, Ineq Viol (l1): 0.000001, Epoch time: 2.45s
Epoch 219/300, Loss: -0.4267, Obj: -0.7110, Eq Viol (l1): 0.000090, Ineq Viol (l1): 0.000001, Epoch time: 2.36s
Epoch 220/300, Loss: -0.3956, Obj: -0.6898, Eq Viol (l1): 0.000085, Ineq Viol (l1): 0.000001, Epoch time: 2.46s
Epoch 221/300, Loss: -0.3462, Obj: -0.6823, Eq Viol (l1): 0.000087, Ineq Viol (l1): 0.000001, Epoch time: 2.55s

Running validation at epoch 220...

VALIDATION_EPOCH_220 EVALUATION RESULTS:
==================================================
Objective Value:     -8.485036e-01
True Objective:      -2.413704e+00
Optimality Gap:      -5.912904e-01 ± 3.069084e-01
Eq Violation l1:   8.599917e-05 (max: 1.001957e-03)
Ineq Violation l1: 7.619529e-07 (max: 4.091357e-05)
Solution Distance:   1.228348e+02 ± 6.020288e-01
Merit:             -8.476360e-01 ± 3.589131e-03
Avg Inference Time:  0.0700s
==================================================
Epoch 222/300, Loss: -0.4385, Obj: -0.7347, Eq Viol (l1): 0.000087, Ineq Viol (l1): 0.000001, Epoch time: 2.55s
Epoch 223/300, Loss: -0.4421, Obj: -0.7304, Eq Viol (l1): 0.000086, Ineq Viol (l1): 0.000001, Epoch time: 2.58s
Epoch 224/300, Loss: -0.4281, Obj: -0.7159, Eq Viol (l1): 0.000073, Ineq Viol (l1): 0.000001, Epoch time: 2.64s
Epoch 225/300, Loss: -0.4809, Obj: -0.7298, Eq Viol (l1): 0.000080, Ineq Viol (l1): 0.000001, Epoch time: 2.55s
Epoch 226/300, Loss: -0.4260, Obj: -0.7344, Eq Viol (l1): 0.000095, Ineq Viol (l1): 0.000001, Epoch time: 2.46s
Epoch 227/300, Loss: -0.4908, Obj: -0.7693, Eq Viol (l1): 0.000074, Ineq Viol (l1): 0.000001, Epoch time: 2.50s
Epoch 228/300, Loss: -0.4466, Obj: -0.7266, Eq Viol (l1): 0.000088, Ineq Viol (l1): 0.000001, Epoch time: 2.46s
Epoch 229/300, Loss: -0.4119, Obj: -0.6920, Eq Viol (l1): 0.000077, Ineq Viol (l1): 0.000001, Epoch time: 2.47s
Epoch 230/300, Loss: -0.4747, Obj: -0.7499, Eq Viol (l1): 0.000082, Ineq Viol (l1): 0.000001, Epoch time: 2.56s
Epoch 231/300, Loss: -0.4743, Obj: -0.7298, Eq Viol (l1): 0.000079, Ineq Viol (l1): 0.000001, Epoch time: 2.51s

Running validation at epoch 230...

VALIDATION_EPOCH_230 EVALUATION RESULTS:
==================================================
Objective Value:     -7.995458e-01
True Objective:      -2.413704e+00
Optimality Gap:      -4.844367e-01 ± 2.461465e-01
Eq Violation l1:   6.977109e-05 (max: 1.349364e-03)
Ineq Violation l1: 6.158618e-07 (max: 2.452668e-05)
Solution Distance:   1.232321e+02 ± 6.191907e-01
Merit:             -7.988419e-01 ± 4.751484e-03
Avg Inference Time:  0.0673s
==================================================
Epoch 232/300, Loss: -0.4788, Obj: -0.7451, Eq Viol (l1): 0.000080, Ineq Viol (l1): 0.000001, Epoch time: 2.50s
Epoch 233/300, Loss: -0.4513, Obj: -0.7387, Eq Viol (l1): 0.000081, Ineq Viol (l1): 0.000001, Epoch time: 2.45s
Epoch 234/300, Loss: -0.4374, Obj: -0.7260, Eq Viol (l1): 0.000088, Ineq Viol (l1): 0.000001, Epoch time: 2.50s
Epoch 235/300, Loss: -0.4420, Obj: -0.7305, Eq Viol (l1): 0.000085, Ineq Viol (l1): 0.000001, Epoch time: 2.48s
Epoch 236/300, Loss: -0.4700, Obj: -0.7445, Eq Viol (l1): 0.000090, Ineq Viol (l1): 0.000001, Epoch time: 2.44s
Epoch 237/300, Loss: -0.4596, Obj: -0.7399, Eq Viol (l1): 0.000077, Ineq Viol (l1): 0.000001, Epoch time: 2.54s
Epoch 238/300, Loss: -0.4575, Obj: -0.7341, Eq Viol (l1): 0.000085, Ineq Viol (l1): 0.000001, Epoch time: 2.45s
Epoch 239/300, Loss: -0.4933, Obj: -0.7439, Eq Viol (l1): 0.000082, Ineq Viol (l1): 0.000001, Epoch time: 2.46s
Epoch 240/300, Loss: -0.4591, Obj: -0.7341, Eq Viol (l1): 0.000077, Ineq Viol (l1): 0.000001, Epoch time: 2.50s
Epoch 241/300, Loss: -0.3843, Obj: -0.7179, Eq Viol (l1): 0.000082, Ineq Viol (l1): 0.000001, Epoch time: 2.52s

Running validation at epoch 240...

VALIDATION_EPOCH_240 EVALUATION RESULTS:
==================================================
Objective Value:     -8.236636e-01
True Objective:      -2.413704e+00
Optimality Gap:      -5.923069e-01 ± 3.571371e-01
Eq Violation l1:   8.383868e-05 (max: 1.149439e-03)
Ineq Violation l1: 5.345620e-07 (max: 3.727489e-05)
Solution Distance:   1.231514e+02 ± 6.316044e-01
Merit:             -8.228199e-01 ± 3.943787e-03
Avg Inference Time:  0.0679s
==================================================
Epoch 242/300, Loss: -0.4635, Obj: -0.7490, Eq Viol (l1): 0.000082, Ineq Viol (l1): 0.000000, Epoch time: 2.51s
Epoch 243/300, Loss: -0.4479, Obj: -0.7449, Eq Viol (l1): 0.000081, Ineq Viol (l1): 0.000001, Epoch time: 2.50s
Epoch 244/300, Loss: -0.4501, Obj: -0.7380, Eq Viol (l1): 0.000080, Ineq Viol (l1): 0.000000, Epoch time: 2.50s
Epoch 245/300, Loss: -0.4991, Obj: -0.7611, Eq Viol (l1): 0.000083, Ineq Viol (l1): 0.000001, Epoch time: 2.46s
Epoch 246/300, Loss: -0.4738, Obj: -0.7377, Eq Viol (l1): 0.000085, Ineq Viol (l1): 0.000001, Epoch time: 2.43s
Epoch 247/300, Loss: -0.5259, Obj: -0.7761, Eq Viol (l1): 0.000082, Ineq Viol (l1): 0.000001, Epoch time: 2.47s
Epoch 248/300, Loss: -0.4662, Obj: -0.7561, Eq Viol (l1): 0.000086, Ineq Viol (l1): 0.000001, Epoch time: 2.46s
Epoch 249/300, Loss: -0.4619, Obj: -0.7293, Eq Viol (l1): 0.000079, Ineq Viol (l1): 0.000000, Epoch time: 2.46s
Epoch 250/300, Loss: -0.4403, Obj: -0.7401, Eq Viol (l1): 0.000088, Ineq Viol (l1): 0.000001, Epoch time: 2.45s
Epoch 251/300, Loss: -0.4792, Obj: -0.7684, Eq Viol (l1): 0.000077, Ineq Viol (l1): 0.000001, Epoch time: 2.53s

Running validation at epoch 250...

VALIDATION_EPOCH_250 EVALUATION RESULTS:
==================================================
Objective Value:     -7.910057e-01
True Objective:      -2.413704e+00
Optimality Gap:      -5.574537e-01 ± 3.468715e-01
Eq Violation l1:   6.823428e-05 (max: 1.477414e-03)
Ineq Violation l1: 5.046281e-07 (max: 6.506606e-05)
Solution Distance:   1.234049e+02 ± 6.324438e-01
Merit:             -7.903183e-01 ± 1.123396e-04
Avg Inference Time:  0.0639s
==================================================
Epoch 252/300, Loss: -0.4900, Obj: -0.7472, Eq Viol (l1): 0.000083, Ineq Viol (l1): 0.000001, Epoch time: 2.45s
Epoch 253/300, Loss: -0.4714, Obj: -0.7488, Eq Viol (l1): 0.000083, Ineq Viol (l1): 0.000001, Epoch time: 2.47s
Epoch 254/300, Loss: -0.4389, Obj: -0.7183, Eq Viol (l1): 0.000088, Ineq Viol (l1): 0.000001, Epoch time: 2.44s
Epoch 255/300, Loss: -0.4972, Obj: -0.7578, Eq Viol (l1): 0.000087, Ineq Viol (l1): 0.000001, Epoch time: 2.47s
Epoch 256/300, Loss: -0.4842, Obj: -0.7351, Eq Viol (l1): 0.000077, Ineq Viol (l1): 0.000001, Epoch time: 2.50s
Epoch 257/300, Loss: -0.4639, Obj: -0.7513, Eq Viol (l1): 0.000086, Ineq Viol (l1): 0.000001, Epoch time: 2.48s
Epoch 258/300, Loss: -0.4090, Obj: -0.6673, Eq Viol (l1): 0.000080, Ineq Viol (l1): 0.000001, Epoch time: 2.44s
Epoch 259/300, Loss: -0.4848, Obj: -0.7617, Eq Viol (l1): 0.000081, Ineq Viol (l1): 0.000001, Epoch time: 2.51s
Epoch 260/300, Loss: -0.4024, Obj: -0.7178, Eq Viol (l1): 0.000083, Ineq Viol (l1): 0.000001, Epoch time: 2.45s
Epoch 261/300, Loss: -0.4734, Obj: -0.7622, Eq Viol (l1): 0.000083, Ineq Viol (l1): 0.000001, Epoch time: 2.48s

Running validation at epoch 260...

VALIDATION_EPOCH_260 EVALUATION RESULTS:
==================================================
Objective Value:     -8.095795e-01
True Objective:      -2.413704e+00
Optimality Gap:      -5.522097e-01 ± 3.159334e-01
Eq Violation l1:   7.961522e-05 (max: 2.469663e-03)
Ineq Violation l1: 4.343904e-07 (max: 8.985984e-05)
Solution Distance:   1.233234e+02 ± 6.261582e-01
Merit:             -8.087790e-01 ± 2.369229e-04
Avg Inference Time:  0.0660s
==================================================
Epoch 262/300, Loss: -0.4846, Obj: -0.7460, Eq Viol (l1): 0.000080, Ineq Viol (l1): 0.000001, Epoch time: 2.57s
Epoch 263/300, Loss: -0.4866, Obj: -0.7544, Eq Viol (l1): 0.000088, Ineq Viol (l1): 0.000001, Epoch time: 2.45s
Epoch 264/300, Loss: -0.5171, Obj: -0.7604, Eq Viol (l1): 0.000080, Ineq Viol (l1): 0.000001, Epoch time: 2.46s
Epoch 265/300, Loss: -0.5204, Obj: -0.7703, Eq Viol (l1): 0.000083, Ineq Viol (l1): 0.000001, Epoch time: 2.40s
Epoch 266/300, Loss: -0.5092, Obj: -0.7598, Eq Viol (l1): 0.000085, Ineq Viol (l1): 0.000001, Epoch time: 2.40s
Epoch 267/300, Loss: -0.4294, Obj: -0.7050, Eq Viol (l1): 0.000087, Ineq Viol (l1): 0.000001, Epoch time: 2.39s
Epoch 268/300, Loss: -0.4496, Obj: -0.7552, Eq Viol (l1): 0.000086, Ineq Viol (l1): 0.000001, Epoch time: 2.44s
Epoch 269/300, Loss: -0.4389, Obj: -0.7410, Eq Viol (l1): 0.000085, Ineq Viol (l1): 0.000001, Epoch time: 2.45s
Epoch 270/300, Loss: -0.4419, Obj: -0.7294, Eq Viol (l1): 0.000089, Ineq Viol (l1): 0.000001, Epoch time: 2.39s
Epoch 271/300, Loss: -0.4638, Obj: -0.7400, Eq Viol (l1): 0.000086, Ineq Viol (l1): 0.000000, Epoch time: 2.42s

Running validation at epoch 270...

VALIDATION_EPOCH_270 EVALUATION RESULTS:
==================================================
Objective Value:     -8.229630e-01
True Objective:      -2.413704e+00
Optimality Gap:      -6.104727e-01 ± 3.382581e-01
Eq Violation l1:   8.816116e-05 (max: 1.894320e-03)
Ineq Violation l1: 4.409017e-07 (max: 3.010152e-05)
Solution Distance:   1.233042e+02 ± 5.967515e-01
Merit:             -8.220770e-01 ± 7.190955e-03
Avg Inference Time:  0.0649s
==================================================
Epoch 272/300, Loss: -0.5016, Obj: -0.7513, Eq Viol (l1): 0.000081, Ineq Viol (l1): 0.000001, Epoch time: 2.42s
Epoch 273/300, Loss: -0.5121, Obj: -0.7762, Eq Viol (l1): 0.000079, Ineq Viol (l1): 0.000001, Epoch time: 2.46s
Epoch 274/300, Loss: -0.4816, Obj: -0.7613, Eq Viol (l1): 0.000086, Ineq Viol (l1): 0.000001, Epoch time: 2.43s
Epoch 275/300, Loss: -0.4127, Obj: -0.7214, Eq Viol (l1): 0.000092, Ineq Viol (l1): 0.000001, Epoch time: 2.41s
Epoch 276/300, Loss: -0.4767, Obj: -0.7520, Eq Viol (l1): 0.000088, Ineq Viol (l1): 0.000001, Epoch time: 2.42s
Epoch 277/300, Loss: -0.4859, Obj: -0.7439, Eq Viol (l1): 0.000073, Ineq Viol (l1): 0.000001, Epoch time: 2.47s
Epoch 278/300, Loss: -0.3630, Obj: -0.7022, Eq Viol (l1): 0.000085, Ineq Viol (l1): 0.000001, Epoch time: 2.46s
Epoch 279/300, Loss: -0.3986, Obj: -0.7259, Eq Viol (l1): 0.000092, Ineq Viol (l1): 0.000001, Epoch time: 2.44s
Epoch 280/300, Loss: -0.5046, Obj: -0.7659, Eq Viol (l1): 0.000087, Ineq Viol (l1): 0.000001, Epoch time: 2.42s
Epoch 281/300, Loss: -0.4981, Obj: -0.7549, Eq Viol (l1): 0.000081, Ineq Viol (l1): 0.000001, Epoch time: 2.43s

Running validation at epoch 280...

VALIDATION_EPOCH_280 EVALUATION RESULTS:
==================================================
Objective Value:     -8.031458e-01
True Objective:      -2.413704e+00
Optimality Gap:      -5.427487e-01 ± 2.990443e-01
Eq Violation l1:   7.551647e-05 (max: 1.309162e-03)
Ineq Violation l1: 3.957487e-07 (max: 4.917671e-05)
Solution Distance:   1.233226e+02 ± 6.483977e-01
Merit:             -8.023867e-01 ± 1.459201e-03
Avg Inference Time:  0.0646s
==================================================
Epoch 282/300, Loss: -0.4882, Obj: -0.7512, Eq Viol (l1): 0.000090, Ineq Viol (l1): 0.000001, Epoch time: 2.41s
Epoch 283/300, Loss: -0.4804, Obj: -0.7581, Eq Viol (l1): 0.000082, Ineq Viol (l1): 0.000001, Epoch time: 2.45s
Epoch 284/300, Loss: -0.4415, Obj: -0.7294, Eq Viol (l1): 0.000088, Ineq Viol (l1): 0.000001, Epoch time: 2.45s
Epoch 285/300, Loss: -0.4512, Obj: -0.7399, Eq Viol (l1): 0.000090, Ineq Viol (l1): 0.000001, Epoch time: 2.42s
Epoch 286/300, Loss: -0.4394, Obj: -0.7303, Eq Viol (l1): 0.000094, Ineq Viol (l1): 0.000001, Epoch time: 2.40s
Epoch 287/300, Loss: -0.4995, Obj: -0.7629, Eq Viol (l1): 0.000081, Ineq Viol (l1): 0.000000, Epoch time: 2.44s
Epoch 288/300, Loss: -0.4918, Obj: -0.7465, Eq Viol (l1): 0.000079, Ineq Viol (l1): 0.000001, Epoch time: 2.47s
Epoch 289/300, Loss: -0.4700, Obj: -0.7318, Eq Viol (l1): 0.000088, Ineq Viol (l1): 0.000001, Epoch time: 2.42s
Epoch 290/300, Loss: -0.4476, Obj: -0.7478, Eq Viol (l1): 0.000082, Ineq Viol (l1): 0.000001, Epoch time: 2.47s
Epoch 291/300, Loss: -0.4573, Obj: -0.7381, Eq Viol (l1): 0.000086, Ineq Viol (l1): 0.000001, Epoch time: 2.42s

Running validation at epoch 290...

VALIDATION_EPOCH_290 EVALUATION RESULTS:
==================================================
Objective Value:     -8.599239e-01
True Objective:      -2.413704e+00
Optimality Gap:      -6.489217e-01 ± 3.549330e-01
Eq Violation l1:   7.450488e-05 (max: 6.558151e-04)
Ineq Violation l1: 5.092574e-07 (max: 2.866319e-05)
Solution Distance:   1.230647e+02 ± 6.440065e-01
Merit:             -8.591738e-01 ± 2.730245e-03
Avg Inference Time:  0.0691s
==================================================
Epoch 292/300, Loss: -0.4928, Obj: -0.7557, Eq Viol (l1): 0.000086, Ineq Viol (l1): 0.000001, Epoch time: 2.44s
Epoch 293/300, Loss: -0.4928, Obj: -0.7600, Eq Viol (l1): 0.000084, Ineq Viol (l1): 0.000001, Epoch time: 2.47s
Epoch 294/300, Loss: -0.4913, Obj: -0.7536, Eq Viol (l1): 0.000084, Ineq Viol (l1): 0.000001, Epoch time: 2.46s
Epoch 295/300, Loss: -0.4808, Obj: -0.7544, Eq Viol (l1): 0.000086, Ineq Viol (l1): 0.000001, Epoch time: 2.55s
Epoch 296/300, Loss: -0.5332, Obj: -0.7774, Eq Viol (l1): 0.000087, Ineq Viol (l1): 0.000001, Epoch time: 2.44s
Epoch 297/300, Loss: -0.5045, Obj: -0.7661, Eq Viol (l1): 0.000088, Ineq Viol (l1): 0.000001, Epoch time: 2.43s
Epoch 298/300, Loss: -0.5071, Obj: -0.7572, Eq Viol (l1): 0.000080, Ineq Viol (l1): 0.000001, Epoch time: 2.48s
Epoch 299/300, Loss: -0.4841, Obj: -0.7529, Eq Viol (l1): 0.000081, Ineq Viol (l1): 0.000001, Epoch time: 2.46s
Epoch 300/300, Loss: -0.4608, Obj: -0.7439, Eq Viol (l1): 0.000084, Ineq Viol (l1): 0.000001, Epoch time: 2.43s

Training completed in 751.68 seconds.

============================================================
COMPREHENSIVE TEST EVALUATION WITH DETAILED RESULTS
============================================================
Testing with batch sizes: [256, 512]

Evaluating with batch size: 256 (with detailed results)

TEST_BS256 EVALUATION RESULTS:
==================================================
Objective Value:     -8.365900e-01
True Objective:      -2.409220e+00
Optimality Gap:      -3.105028e-01 ± 1.507455e+00
Eq Violation l1:   9.062631e-05 (max: 8.131194e-04)
Ineq Violation l1: 5.826196e-07 (max: 3.359800e-05)
Solution Distance:   1.240196e+02 ± 1.982986e+00
Merit:             -8.356779e-01 ± 5.910829e-02
Avg Inference Time:  0.0571s
==================================================

Evaluating with batch size: 512 (with detailed results)

TEST_BS512 EVALUATION RESULTS:
==================================================
Objective Value:     -8.336839e-01
True Objective:      -2.408634e+00
Optimality Gap:      -3.122641e-01 ± 1.135665e+00
Eq Violation l1:   8.968723e-05 (max: 1.148883e-03)
Ineq Violation l1: 5.763434e-07 (max: 5.193957e-05)
Solution Distance:   1.239798e+02 ± 1.264224e+00
Merit:             -8.327812e-01 ± 5.191516e-02
Avg Inference Time:  0.0647s
==================================================

TEST BATCH SIZE COMPARISON:
================================================================================
Batch Size   Objective    Opt Gap      Eq Viol      Ineq Viol    Time (s)  
--------------------------------------------------------------------------------
256          -8.3659e-01  -3.1050e-01  9.0626e-05   5.8262e-07   0.46      
512          -8.3368e-01  -3.1226e-01  8.9687e-05   5.7634e-07   0.26      
================================================================================

Saving model and results to: results/nonsmooth_nonconvex/socp/SOCPProblem-100-50-50-10000/20260108-013725_MLP_FSNet_seed0_nepochs300_lr0.0002_trainsize7000_finetune_20260108-013329_model_220
✓ Model saved: results/nonsmooth_nonconvex/socp/SOCPProblem-100-50-50-10000/20260108-013725_MLP_FSNet_seed0_nepochs300_lr0.0002_trainsize7000_finetune_20260108-013329_model_220/model.pt
✓ Detailed results saved: results/nonsmooth_nonconvex/socp/SOCPProblem-100-50-50-10000/20260108-013725_MLP_FSNet_seed0_nepochs300_lr0.0002_trainsize7000_finetune_20260108-013329_model_220/results.pkl

Files saved (or attempted):
  - model.pt (model weights and architecture)
  - results.pkl (training history, metrics, detailed test results)
Training and testing completed in 754.10 seconds
Done!!!
============================================================
==========         =====================         ===========
==========   0      =====================         ===========
==========         =====================         ===========
============================================================

======= Running for problem: nonsmooth_nonconvex/socp =======

Loading problem instance: nonsmooth_nonconvex/socp with size [100, 50, 50, 10000]
Loading  dataset from: datasets/nonsmooth_nonconvex/socp/random2025_socp_dataset_var100_ineq50_eq50_ex10000 

Running on:  cuda
Training model using FSNet method with seed 1 for 300 epochs
Using batch size: 512
Loading model from checkpoint: results/nonsmooth_nonconvex/socp/SOCPProblem-100-50-50-10000/20260108-013329_MLP_sup_pen_seed1_nepochs500_lr0.0005_trainsize7000_subopt_2_1.0/model_220.pt

lr: 0.0002, weight_decay: 0.001, num_epochs: 300

Epoch 1/300, Loss: 25.5205, Obj: 25.4513, Eq Viol (l1): 0.000119, Ineq Viol (l1): 0.000000, Epoch time: 5.51s

Running validation at epoch 0...

VALIDATION_EPOCH_0 EVALUATION RESULTS:
==================================================
Objective Value:     2.522041e+01
True Objective:      -2.413704e+00
Optimality Gap:      4.459039e+01 ± 1.445482e+01
Eq Violation l1:   1.580220e-04 (max: 6.054711e-04)
Ineq Violation l1: 1.657644e-09 (max: 8.089301e-07)
Solution Distance:   2.305745e+02 ± 1.230904e+00
Merit:             2.522199e+01 ± 3.695476e-02
Avg Inference Time:  0.5919s
==================================================
Epoch 2/300, Loss: 24.2157, Obj: 23.9824, Eq Viol (l1): 0.000085, Ineq Viol (l1): 0.000000, Epoch time: 2.20s
Epoch 3/300, Loss: 23.2852, Obj: 22.8158, Eq Viol (l1): 0.000098, Ineq Viol (l1): 0.000000, Epoch time: 2.36s
Epoch 4/300, Loss: 22.5574, Obj: 22.2226, Eq Viol (l1): 0.000090, Ineq Viol (l1): 0.000000, Epoch time: 2.37s
Epoch 5/300, Loss: 21.6359, Obj: 21.3117, Eq Viol (l1): 0.000084, Ineq Viol (l1): 0.000000, Epoch time: 2.42s
Epoch 6/300, Loss: 20.7171, Obj: 20.3476, Eq Viol (l1): 0.000089, Ineq Viol (l1): 0.000000, Epoch time: 2.46s
Epoch 7/300, Loss: 19.4995, Obj: 19.1029, Eq Viol (l1): 0.000093, Ineq Viol (l1): 0.000001, Epoch time: 2.55s
Epoch 8/300, Loss: 17.4058, Obj: 16.9406, Eq Viol (l1): 0.000083, Ineq Viol (l1): 0.000001, Epoch time: 2.65s
Epoch 9/300, Loss: 13.9011, Obj: 13.1474, Eq Viol (l1): 0.000071, Ineq Viol (l1): 0.000001, Epoch time: 2.71s
Epoch 10/300, Loss: 11.0421, Obj: 9.7842, Eq Viol (l1): 0.000028, Ineq Viol (l1): 0.000000, Epoch time: 2.96s
Epoch 11/300, Loss: 7.9382, Obj: 6.8960, Eq Viol (l1): 0.000057, Ineq Viol (l1): 0.000000, Epoch time: 2.73s

Running validation at epoch 10...

VALIDATION_EPOCH_10 EVALUATION RESULTS:
==================================================
Objective Value:     3.749511e+00
True Objective:      -2.413704e+00
Optimality Gap:      7.572762e+00 ± 2.461079e+00
Eq Violation l1:   8.735090e-05 (max: 1.402019e-03)
Ineq Violation l1: 1.554140e-07 (max: 3.187195e-05)
Solution Distance:   1.361217e+02 ± 5.746412e-01
Merit:             3.750386e+00 ± 9.224347e-03
Avg Inference Time:  0.0677s
==================================================
Epoch 12/300, Loss: 3.3012, Obj: 2.4717, Eq Viol (l1): 0.000085, Ineq Viol (l1): 0.000000, Epoch time: 2.53s
Epoch 13/300, Loss: 1.9468, Obj: 1.1539, Eq Viol (l1): 0.000076, Ineq Viol (l1): 0.000000, Epoch time: 2.56s
Epoch 14/300, Loss: 1.2970, Obj: 0.5007, Eq Viol (l1): 0.000076, Ineq Viol (l1): 0.000000, Epoch time: 2.57s
Epoch 15/300, Loss: 1.0910, Obj: 0.1826, Eq Viol (l1): 0.000079, Ineq Viol (l1): 0.000000, Epoch time: 2.54s
Epoch 16/300, Loss: 0.9957, Obj: 0.1197, Eq Viol (l1): 0.000077, Ineq Viol (l1): 0.000000, Epoch time: 2.55s
Epoch 17/300, Loss: 0.7126, Obj: -0.0177, Eq Viol (l1): 0.000076, Ineq Viol (l1): 0.000000, Epoch time: 2.58s
Epoch 18/300, Loss: 0.4903, Obj: -0.0981, Eq Viol (l1): 0.000071, Ineq Viol (l1): 0.000000, Epoch time: 2.57s
Epoch 19/300, Loss: 0.4856, Obj: -0.1177, Eq Viol (l1): 0.000078, Ineq Viol (l1): 0.000000, Epoch time: 2.52s
Epoch 20/300, Loss: 0.4862, Obj: -0.1346, Eq Viol (l1): 0.000078, Ineq Viol (l1): 0.000000, Epoch time: 2.51s
Epoch 21/300, Loss: 0.4556, Obj: -0.1539, Eq Viol (l1): 0.000077, Ineq Viol (l1): 0.000001, Epoch time: 2.50s

Running validation at epoch 20...

VALIDATION_EPOCH_20 EVALUATION RESULTS:
==================================================
Objective Value:     -5.288052e-01
True Objective:      -2.413704e+00
Optimality Gap:      -1.096809e-01 ± 2.058444e-01
Eq Violation l1:   8.389265e-05 (max: 1.659459e-03)
Ineq Violation l1: 6.621115e-07 (max: 4.833981e-05)
Solution Distance:   1.238625e+02 ± 5.935173e-01
Merit:             -5.279597e-01 ± 9.635115e-03
Avg Inference Time:  0.0690s
==================================================
Epoch 22/300, Loss: 0.2972, Obj: -0.2739, Eq Viol (l1): 0.000083, Ineq Viol (l1): 0.000000, Epoch time: 2.51s
Epoch 23/300, Loss: 0.1802, Obj: -0.3189, Eq Viol (l1): 0.000079, Ineq Viol (l1): 0.000000, Epoch time: 2.50s
Epoch 24/300, Loss: 0.3933, Obj: -0.1609, Eq Viol (l1): 0.000076, Ineq Viol (l1): 0.000001, Epoch time: 2.49s
Epoch 25/300, Loss: 0.1845, Obj: -0.2949, Eq Viol (l1): 0.000075, Ineq Viol (l1): 0.000000, Epoch time: 2.50s
Epoch 26/300, Loss: 0.2003, Obj: -0.3331, Eq Viol (l1): 0.000081, Ineq Viol (l1): 0.000001, Epoch time: 2.49s
Epoch 27/300, Loss: 0.0851, Obj: -0.3970, Eq Viol (l1): 0.000072, Ineq Viol (l1): 0.000000, Epoch time: 2.52s
Epoch 28/300, Loss: 0.3197, Obj: -0.2697, Eq Viol (l1): 0.000076, Ineq Viol (l1): 0.000000, Epoch time: 2.50s
Epoch 29/300, Loss: 0.2293, Obj: -0.3270, Eq Viol (l1): 0.000082, Ineq Viol (l1): 0.000000, Epoch time: 2.44s
Epoch 30/300, Loss: 0.0562, Obj: -0.4143, Eq Viol (l1): 0.000078, Ineq Viol (l1): 0.000000, Epoch time: 2.47s
Epoch 31/300, Loss: -0.0034, Obj: -0.4257, Eq Viol (l1): 0.000079, Ineq Viol (l1): 0.000000, Epoch time: 2.48s

Running validation at epoch 30...

VALIDATION_EPOCH_30 EVALUATION RESULTS:
==================================================
Objective Value:     -5.402553e-01
True Objective:      -2.413704e+00
Optimality Gap:      -9.213181e-02 ± 1.289725e-01
Eq Violation l1:   8.133802e-05 (max: 1.794806e-03)
Ineq Violation l1: 3.492989e-07 (max: 2.548268e-05)
Solution Distance:   1.240762e+02 ± 5.854478e-01
Merit:             -5.394384e-01 ± 1.037658e-02
Avg Inference Time:  0.0624s
==================================================
Epoch 32/300, Loss: -0.0330, Obj: -0.4936, Eq Viol (l1): 0.000081, Ineq Viol (l1): 0.000001, Epoch time: 2.50s
Epoch 33/300, Loss: -0.0480, Obj: -0.4653, Eq Viol (l1): 0.000084, Ineq Viol (l1): 0.000001, Epoch time: 2.55s
Epoch 34/300, Loss: -0.0002, Obj: -0.4544, Eq Viol (l1): 0.000084, Ineq Viol (l1): 0.000000, Epoch time: 2.42s
Epoch 35/300, Loss: 0.2106, Obj: -0.2784, Eq Viol (l1): 0.000085, Ineq Viol (l1): 0.000001, Epoch time: 2.43s
Epoch 36/300, Loss: -0.0208, Obj: -0.4688, Eq Viol (l1): 0.000080, Ineq Viol (l1): 0.000000, Epoch time: 2.47s
Epoch 37/300, Loss: -0.0481, Obj: -0.4247, Eq Viol (l1): 0.000080, Ineq Viol (l1): 0.000000, Epoch time: 2.43s
Epoch 38/300, Loss: -0.0865, Obj: -0.5353, Eq Viol (l1): 0.000078, Ineq Viol (l1): 0.000000, Epoch time: 2.49s
Epoch 39/300, Loss: -0.1487, Obj: -0.5412, Eq Viol (l1): 0.000079, Ineq Viol (l1): 0.000000, Epoch time: 2.49s
Epoch 40/300, Loss: -0.2320, Obj: -0.5730, Eq Viol (l1): 0.000079, Ineq Viol (l1): 0.000001, Epoch time: 2.48s
Epoch 41/300, Loss: -0.0453, Obj: -0.5058, Eq Viol (l1): 0.000088, Ineq Viol (l1): 0.000001, Epoch time: 2.45s

Running validation at epoch 40...

VALIDATION_EPOCH_40 EVALUATION RESULTS:
==================================================
Objective Value:     -7.474584e-01
True Objective:      -2.413704e+00
Optimality Gap:      -4.717579e-01 ± 3.080447e-01
Eq Violation l1:   8.579145e-05 (max: 8.915580e-04)
Ineq Violation l1: 5.743880e-07 (max: 3.773551e-05)
Solution Distance:   1.227781e+02 ± 6.667662e-01
Merit:             -7.465948e-01 ± 5.219929e-04
Avg Inference Time:  0.0669s
==================================================
Epoch 42/300, Loss: 0.0430, Obj: -0.4486, Eq Viol (l1): 0.000083, Ineq Viol (l1): 0.000000, Epoch time: 2.46s
Epoch 43/300, Loss: -0.0825, Obj: -0.4819, Eq Viol (l1): 0.000086, Ineq Viol (l1): 0.000001, Epoch time: 2.47s
Epoch 44/300, Loss: -0.1569, Obj: -0.5180, Eq Viol (l1): 0.000082, Ineq Viol (l1): 0.000000, Epoch time: 2.46s
Epoch 45/300, Loss: -0.1886, Obj: -0.5769, Eq Viol (l1): 0.000082, Ineq Viol (l1): 0.000001, Epoch time: 2.47s
Epoch 46/300, Loss: -0.1833, Obj: -0.5706, Eq Viol (l1): 0.000079, Ineq Viol (l1): 0.000000, Epoch time: 2.46s
Epoch 47/300, Loss: -0.2080, Obj: -0.5797, Eq Viol (l1): 0.000069, Ineq Viol (l1): 0.000000, Epoch time: 2.53s
Epoch 48/300, Loss: -0.0644, Obj: -0.4843, Eq Viol (l1): 0.000074, Ineq Viol (l1): 0.000001, Epoch time: 2.48s
Epoch 49/300, Loss: -0.1500, Obj: -0.5597, Eq Viol (l1): 0.000078, Ineq Viol (l1): 0.000001, Epoch time: 2.47s
Epoch 50/300, Loss: -0.1803, Obj: -0.5745, Eq Viol (l1): 0.000079, Ineq Viol (l1): 0.000000, Epoch time: 2.44s
Epoch 51/300, Loss: -0.1247, Obj: -0.5420, Eq Viol (l1): 0.000071, Ineq Viol (l1): 0.000001, Epoch time: 2.47s

Running validation at epoch 50...

VALIDATION_EPOCH_50 EVALUATION RESULTS:
==================================================
Objective Value:     -6.531255e-01
True Objective:      -2.413704e+00
Optimality Gap:      -3.076926e-01 ± 3.124633e-01
Eq Violation l1:   7.163203e-05 (max: 7.889987e-04)
Ineq Violation l1: 6.862154e-07 (max: 3.423198e-05)
Solution Distance:   1.236387e+02 ± 6.393838e-01
Merit:             -6.524024e-01 ± 2.538443e-03
Avg Inference Time:  0.0659s
==================================================
Epoch 52/300, Loss: -0.1962, Obj: -0.5704, Eq Viol (l1): 0.000086, Ineq Viol (l1): 0.000001, Epoch time: 2.41s
Epoch 53/300, Loss: -0.1709, Obj: -0.5651, Eq Viol (l1): 0.000086, Ineq Viol (l1): 0.000000, Epoch time: 2.42s
Epoch 54/300, Loss: -0.2120, Obj: -0.5863, Eq Viol (l1): 0.000084, Ineq Viol (l1): 0.000001, Epoch time: 2.45s
Epoch 55/300, Loss: -0.2403, Obj: -0.5969, Eq Viol (l1): 0.000083, Ineq Viol (l1): 0.000001, Epoch time: 2.47s
Epoch 56/300, Loss: -0.2588, Obj: -0.6206, Eq Viol (l1): 0.000076, Ineq Viol (l1): 0.000001, Epoch time: 2.48s
Epoch 57/300, Loss: -0.2276, Obj: -0.5840, Eq Viol (l1): 0.000081, Ineq Viol (l1): 0.000001, Epoch time: 2.45s
Epoch 58/300, Loss: -0.2072, Obj: -0.5746, Eq Viol (l1): 0.000075, Ineq Viol (l1): 0.000001, Epoch time: 2.50s
Epoch 59/300, Loss: -0.1199, Obj: -0.5271, Eq Viol (l1): 0.000080, Ineq Viol (l1): 0.000001, Epoch time: 2.49s
Epoch 60/300, Loss: -0.1886, Obj: -0.5648, Eq Viol (l1): 0.000084, Ineq Viol (l1): 0.000001, Epoch time: 2.43s
Epoch 61/300, Loss: -0.2487, Obj: -0.5996, Eq Viol (l1): 0.000075, Ineq Viol (l1): 0.000000, Epoch time: 2.45s

Running validation at epoch 60...

VALIDATION_EPOCH_60 EVALUATION RESULTS:
==================================================
Objective Value:     -7.177394e-01
True Objective:      -2.413704e+00
Optimality Gap:      -3.954611e-01 ± 2.756163e-01
Eq Violation l1:   7.159521e-05 (max: 1.357317e-03)
Ineq Violation l1: 4.091933e-07 (max: 3.413034e-05)
Solution Distance:   1.235809e+02 ± 6.234829e-01
Merit:             -7.170193e-01 ± 5.774606e-04
Avg Inference Time:  0.0662s
==================================================
Epoch 62/300, Loss: -0.2700, Obj: -0.6171, Eq Viol (l1): 0.000084, Ineq Viol (l1): 0.000001, Epoch time: 2.42s
Epoch 63/300, Loss: -0.2702, Obj: -0.6134, Eq Viol (l1): 0.000085, Ineq Viol (l1): 0.000001, Epoch time: 2.40s
Epoch 64/300, Loss: -0.2591, Obj: -0.6267, Eq Viol (l1): 0.000079, Ineq Viol (l1): 0.000001, Epoch time: 2.48s
Epoch 65/300, Loss: -0.2468, Obj: -0.6029, Eq Viol (l1): 0.000074, Ineq Viol (l1): 0.000000, Epoch time: 2.47s
Epoch 66/300, Loss: -0.2768, Obj: -0.6081, Eq Viol (l1): 0.000083, Ineq Viol (l1): 0.000001, Epoch time: 2.56s
Epoch 67/300, Loss: -0.2918, Obj: -0.6512, Eq Viol (l1): 0.000081, Ineq Viol (l1): 0.000001, Epoch time: 2.48s
Epoch 68/300, Loss: -0.2712, Obj: -0.6313, Eq Viol (l1): 0.000081, Ineq Viol (l1): 0.000001, Epoch time: 2.47s
Epoch 69/300, Loss: -0.2791, Obj: -0.6265, Eq Viol (l1): 0.000081, Ineq Viol (l1): 0.000001, Epoch time: 2.46s
Epoch 70/300, Loss: -0.3699, Obj: -0.6716, Eq Viol (l1): 0.000086, Ineq Viol (l1): 0.000001, Epoch time: 2.44s
Epoch 71/300, Loss: -0.3508, Obj: -0.6679, Eq Viol (l1): 0.000078, Ineq Viol (l1): 0.000000, Epoch time: 2.49s

Running validation at epoch 70...

VALIDATION_EPOCH_70 EVALUATION RESULTS:
==================================================
Objective Value:     -8.344541e-01
True Objective:      -2.413704e+00
Optimality Gap:      -6.179669e-01 ± 3.590014e-01
Eq Violation l1:   7.812273e-05 (max: 1.373706e-03)
Ineq Violation l1: 5.364801e-07 (max: 3.841763e-05)
Solution Distance:   1.226699e+02 ± 5.875045e-01
Merit:             -8.336675e-01 ± 2.650134e-03
Avg Inference Time:  0.0685s
==================================================
Epoch 72/300, Loss: -0.2350, Obj: -0.6315, Eq Viol (l1): 0.000083, Ineq Viol (l1): 0.000001, Epoch time: 2.48s
Epoch 73/300, Loss: -0.2135, Obj: -0.5830, Eq Viol (l1): 0.000079, Ineq Viol (l1): 0.000001, Epoch time: 2.48s
Epoch 74/300, Loss: -0.2970, Obj: -0.6342, Eq Viol (l1): 0.000080, Ineq Viol (l1): 0.000000, Epoch time: 2.47s
Epoch 75/300, Loss: -0.2334, Obj: -0.6103, Eq Viol (l1): 0.000076, Ineq Viol (l1): 0.000001, Epoch time: 2.47s
Epoch 76/300, Loss: -0.2883, Obj: -0.6365, Eq Viol (l1): 0.000080, Ineq Viol (l1): 0.000000, Epoch time: 2.48s
Epoch 77/300, Loss: -0.3336, Obj: -0.6715, Eq Viol (l1): 0.000081, Ineq Viol (l1): 0.000001, Epoch time: 2.48s
Epoch 78/300, Loss: -0.3316, Obj: -0.6487, Eq Viol (l1): 0.000079, Ineq Viol (l1): 0.000001, Epoch time: 2.46s
Epoch 79/300, Loss: -0.2708, Obj: -0.6156, Eq Viol (l1): 0.000086, Ineq Viol (l1): 0.000001, Epoch time: 2.43s
Epoch 80/300, Loss: -0.2672, Obj: -0.6308, Eq Viol (l1): 0.000080, Ineq Viol (l1): 0.000001, Epoch time: 2.46s
Epoch 81/300, Loss: -0.2208, Obj: -0.5850, Eq Viol (l1): 0.000087, Ineq Viol (l1): 0.000001, Epoch time: 2.45s

Running validation at epoch 80...

VALIDATION_EPOCH_80 EVALUATION RESULTS:
==================================================
Objective Value:     -3.524136e-01
True Objective:      -2.413704e+00
Optimality Gap:      2.482261e-01 ± 1.075528e-01
Eq Violation l1:   7.678764e-05 (max: 1.490752e-03)
Ineq Violation l1: 2.581413e-07 (max: 4.627654e-05)
Solution Distance:   1.248476e+02 ± 6.044854e-01
Merit:             -3.516431e-01 ± 9.135014e-03
Avg Inference Time:  0.0613s
==================================================
Epoch 82/300, Loss: -0.2247, Obj: -0.5831, Eq Viol (l1): 0.000082, Ineq Viol (l1): 0.000001, Epoch time: 2.45s
Epoch 83/300, Loss: -0.3197, Obj: -0.6549, Eq Viol (l1): 0.000080, Ineq Viol (l1): 0.000001, Epoch time: 2.47s
Epoch 84/300, Loss: -0.2222, Obj: -0.5722, Eq Viol (l1): 0.000084, Ineq Viol (l1): 0.000001, Epoch time: 2.44s
Epoch 85/300, Loss: -0.2424, Obj: -0.6212, Eq Viol (l1): 0.000078, Ineq Viol (l1): 0.000001, Epoch time: 2.48s
Epoch 86/300, Loss: -0.2722, Obj: -0.6212, Eq Viol (l1): 0.000073, Ineq Viol (l1): 0.000000, Epoch time: 2.48s
Epoch 87/300, Loss: -0.2644, Obj: -0.6047, Eq Viol (l1): 0.000080, Ineq Viol (l1): 0.000001, Epoch time: 2.46s
Epoch 88/300, Loss: -0.3247, Obj: -0.6263, Eq Viol (l1): 0.000081, Ineq Viol (l1): 0.000000, Epoch time: 2.46s
Epoch 89/300, Loss: -0.2510, Obj: -0.6457, Eq Viol (l1): 0.000082, Ineq Viol (l1): 0.000000, Epoch time: 2.48s
Epoch 90/300, Loss: -0.3577, Obj: -0.6579, Eq Viol (l1): 0.000079, Ineq Viol (l1): 0.000000, Epoch time: 2.46s
Epoch 91/300, Loss: -0.3502, Obj: -0.6722, Eq Viol (l1): 0.000074, Ineq Viol (l1): 0.000001, Epoch time: 2.51s

Running validation at epoch 90...

VALIDATION_EPOCH_90 EVALUATION RESULTS:
==================================================
Objective Value:     -7.063347e-01
True Objective:      -2.413704e+00
Optimality Gap:      -4.180373e-01 ± 2.929580e-01
Eq Violation l1:   8.438198e-05 (max: 1.826626e-03)
Ineq Violation l1: 4.938029e-07 (max: 4.758671e-05)
Solution Distance:   1.237664e+02 ± 5.856843e-01
Merit:             -7.054859e-01 ± 1.378689e-02
Avg Inference Time:  0.0634s
==================================================
Epoch 92/300, Loss: -0.3733, Obj: -0.6813, Eq Viol (l1): 0.000076, Ineq Viol (l1): 0.000001, Epoch time: 2.51s
Epoch 93/300, Loss: -0.3271, Obj: -0.6718, Eq Viol (l1): 0.000076, Ineq Viol (l1): 0.000000, Epoch time: 2.51s
Epoch 94/300, Loss: -0.3712, Obj: -0.6703, Eq Viol (l1): 0.000084, Ineq Viol (l1): 0.000001, Epoch time: 2.44s
Epoch 95/300, Loss: -0.3787, Obj: -0.7025, Eq Viol (l1): 0.000084, Ineq Viol (l1): 0.000001, Epoch time: 2.47s
Epoch 96/300, Loss: -0.3278, Obj: -0.6428, Eq Viol (l1): 0.000083, Ineq Viol (l1): 0.000001, Epoch time: 2.46s
Epoch 97/300, Loss: -0.3259, Obj: -0.6504, Eq Viol (l1): 0.000080, Ineq Viol (l1): 0.000001, Epoch time: 2.48s
Epoch 98/300, Loss: -0.3138, Obj: -0.6614, Eq Viol (l1): 0.000087, Ineq Viol (l1): 0.000001, Epoch time: 2.46s
Epoch 99/300, Loss: -0.3711, Obj: -0.6700, Eq Viol (l1): 0.000079, Ineq Viol (l1): 0.000001, Epoch time: 2.57s
Epoch 100/300, Loss: -0.3818, Obj: -0.6839, Eq Viol (l1): 0.000084, Ineq Viol (l1): 0.000001, Epoch time: 2.47s
Epoch 101/300, Loss: -0.3137, Obj: -0.6805, Eq Viol (l1): 0.000076, Ineq Viol (l1): 0.000001, Epoch time: 2.51s

Running validation at epoch 100...

VALIDATION_EPOCH_100 EVALUATION RESULTS:
==================================================
Objective Value:     -7.828740e-01
True Objective:      -2.413704e+00
Optimality Gap:      -5.303812e-01 ± 3.216788e-01
Eq Violation l1:   9.931970e-05 (max: 1.290455e-03)
Ineq Violation l1: 4.381118e-07 (max: 3.035266e-05)
Solution Distance:   1.233178e+02 ± 5.944125e-01
Merit:             -7.818765e-01 ± 9.136579e-03
Avg Inference Time:  0.0638s
==================================================
Epoch 102/300, Loss: -0.3530, Obj: -0.6544, Eq Viol (l1): 0.000089, Ineq Viol (l1): 0.000001, Epoch time: 2.41s
Epoch 103/300, Loss: -0.3189, Obj: -0.6336, Eq Viol (l1): 0.000089, Ineq Viol (l1): 0.000001, Epoch time: 2.38s
Epoch 104/300, Loss: -0.3367, Obj: -0.6823, Eq Viol (l1): 0.000081, Ineq Viol (l1): 0.000000, Epoch time: 2.43s
Epoch 105/300, Loss: -0.3792, Obj: -0.6943, Eq Viol (l1): 0.000078, Ineq Viol (l1): 0.000001, Epoch time: 2.47s
Epoch 106/300, Loss: -0.3199, Obj: -0.6636, Eq Viol (l1): 0.000077, Ineq Viol (l1): 0.000001, Epoch time: 2.47s
Epoch 107/300, Loss: -0.3203, Obj: -0.6732, Eq Viol (l1): 0.000082, Ineq Viol (l1): 0.000001, Epoch time: 2.46s
Epoch 108/300, Loss: -0.3593, Obj: -0.6602, Eq Viol (l1): 0.000081, Ineq Viol (l1): 0.000001, Epoch time: 2.42s
Epoch 109/300, Loss: -0.3675, Obj: -0.6908, Eq Viol (l1): 0.000082, Ineq Viol (l1): 0.000001, Epoch time: 2.45s
Epoch 110/300, Loss: -0.3806, Obj: -0.6707, Eq Viol (l1): 0.000087, Ineq Viol (l1): 0.000001, Epoch time: 2.43s
Epoch 111/300, Loss: -0.4163, Obj: -0.6912, Eq Viol (l1): 0.000087, Ineq Viol (l1): 0.000001, Epoch time: 2.45s

Running validation at epoch 110...

VALIDATION_EPOCH_110 EVALUATION RESULTS:
==================================================
Objective Value:     -7.892720e-01
True Objective:      -2.413704e+00
Optimality Gap:      -5.047542e-01 ± 2.877907e-01
Eq Violation l1:   8.916895e-05 (max: 1.732349e-03)
Ineq Violation l1: 6.201846e-07 (max: 2.085153e-05)
Solution Distance:   1.234828e+02 ± 5.765875e-01
Merit:             -7.883741e-01 ± 6.663809e-03
Avg Inference Time:  0.0651s
==================================================
Epoch 112/300, Loss: -0.3803, Obj: -0.6884, Eq Viol (l1): 0.000076, Ineq Viol (l1): 0.000001, Epoch time: 2.49s
Epoch 113/300, Loss: -0.3917, Obj: -0.6894, Eq Viol (l1): 0.000083, Ineq Viol (l1): 0.000001, Epoch time: 2.43s
Epoch 114/300, Loss: -0.3464, Obj: -0.6713, Eq Viol (l1): 0.000084, Ineq Viol (l1): 0.000001, Epoch time: 2.44s
Epoch 115/300, Loss: -0.3999, Obj: -0.7071, Eq Viol (l1): 0.000076, Ineq Viol (l1): 0.000000, Epoch time: 2.44s
Epoch 116/300, Loss: -0.4018, Obj: -0.6999, Eq Viol (l1): 0.000084, Ineq Viol (l1): 0.000001, Epoch time: 2.41s
Epoch 117/300, Loss: -0.4178, Obj: -0.7007, Eq Viol (l1): 0.000074, Ineq Viol (l1): 0.000001, Epoch time: 2.46s
Epoch 118/300, Loss: -0.3790, Obj: -0.6629, Eq Viol (l1): 0.000084, Ineq Viol (l1): 0.000001, Epoch time: 2.40s
Epoch 119/300, Loss: -0.3933, Obj: -0.6964, Eq Viol (l1): 0.000084, Ineq Viol (l1): 0.000001, Epoch time: 2.42s
Epoch 120/300, Loss: -0.3053, Obj: -0.6470, Eq Viol (l1): 0.000074, Ineq Viol (l1): 0.000000, Epoch time: 2.49s
Epoch 121/300, Loss: -0.3037, Obj: -0.6494, Eq Viol (l1): 0.000081, Ineq Viol (l1): 0.000001, Epoch time: 2.45s

Running validation at epoch 120...

VALIDATION_EPOCH_120 EVALUATION RESULTS:
==================================================
Objective Value:     -7.558422e-01
True Objective:      -2.413704e+00
Optimality Gap:      -4.310012e-01 ± 2.546521e-01
Eq Violation l1:   6.443101e-05 (max: 2.881330e-03)
Ineq Violation l1: 3.695732e-07 (max: 3.463268e-05)
Solution Distance:   1.231482e+02 ± 5.779765e-01
Merit:             -7.551941e-01 ± 7.934592e-03
Avg Inference Time:  0.0662s
==================================================
Epoch 122/300, Loss: -0.3837, Obj: -0.6999, Eq Viol (l1): 0.000080, Ineq Viol (l1): 0.000001, Epoch time: 2.45s
Epoch 123/300, Loss: -0.3274, Obj: -0.6251, Eq Viol (l1): 0.000077, Ineq Viol (l1): 0.000001, Epoch time: 2.44s
Epoch 124/300, Loss: -0.3034, Obj: -0.6407, Eq Viol (l1): 0.000078, Ineq Viol (l1): 0.000001, Epoch time: 2.46s
Epoch 125/300, Loss: -0.3760, Obj: -0.6889, Eq Viol (l1): 0.000074, Ineq Viol (l1): 0.000000, Epoch time: 2.44s
Epoch 126/300, Loss: -0.4168, Obj: -0.6999, Eq Viol (l1): 0.000086, Ineq Viol (l1): 0.000001, Epoch time: 2.40s
Epoch 127/300, Loss: -0.4008, Obj: -0.7004, Eq Viol (l1): 0.000088, Ineq Viol (l1): 0.000001, Epoch time: 2.42s
Epoch 128/300, Loss: -0.3870, Obj: -0.7008, Eq Viol (l1): 0.000079, Ineq Viol (l1): 0.000001, Epoch time: 2.45s
Epoch 129/300, Loss: -0.3391, Obj: -0.6465, Eq Viol (l1): 0.000086, Ineq Viol (l1): 0.000001, Epoch time: 2.41s
Epoch 130/300, Loss: -0.3418, Obj: -0.7017, Eq Viol (l1): 0.000078, Ineq Viol (l1): 0.000001, Epoch time: 2.50s
Epoch 131/300, Loss: -0.4295, Obj: -0.7019, Eq Viol (l1): 0.000083, Ineq Viol (l1): 0.000001, Epoch time: 2.41s

Running validation at epoch 130...

VALIDATION_EPOCH_130 EVALUATION RESULTS:
==================================================
Objective Value:     -7.845541e-01
True Objective:      -2.413704e+00
Optimality Gap:      -5.312907e-01 ± 3.068519e-01
Eq Violation l1:   8.762232e-05 (max: 1.705047e-03)
Ineq Violation l1: 5.014124e-07 (max: 3.678840e-05)
Solution Distance:   1.228684e+02 ± 6.275968e-01
Merit:             -7.836728e-01 ± 9.640174e-03
Avg Inference Time:  0.0651s
==================================================
Epoch 132/300, Loss: -0.3631, Obj: -0.6611, Eq Viol (l1): 0.000081, Ineq Viol (l1): 0.000000, Epoch time: 2.42s
Epoch 133/300, Loss: -0.3295, Obj: -0.6660, Eq Viol (l1): 0.000090, Ineq Viol (l1): 0.000001, Epoch time: 2.54s
Epoch 134/300, Loss: -0.4208, Obj: -0.6974, Eq Viol (l1): 0.000080, Ineq Viol (l1): 0.000001, Epoch time: 2.44s
Epoch 135/300, Loss: -0.4135, Obj: -0.6695, Eq Viol (l1): 0.000089, Ineq Viol (l1): 0.000001, Epoch time: 2.41s
Epoch 136/300, Loss: -0.2234, Obj: -0.5653, Eq Viol (l1): 0.000079, Ineq Viol (l1): 0.000000, Epoch time: 2.51s
Epoch 137/300, Loss: -0.2747, Obj: -0.6189, Eq Viol (l1): 0.000080, Ineq Viol (l1): 0.000001, Epoch time: 2.64s
Epoch 138/300, Loss: -0.3807, Obj: -0.6707, Eq Viol (l1): 0.000084, Ineq Viol (l1): 0.000001, Epoch time: 2.58s
Epoch 139/300, Loss: -0.3672, Obj: -0.6931, Eq Viol (l1): 0.000078, Ineq Viol (l1): 0.000001, Epoch time: 2.63s
Epoch 140/300, Loss: -0.3950, Obj: -0.6894, Eq Viol (l1): 0.000086, Ineq Viol (l1): 0.000001, Epoch time: 2.58s
Epoch 141/300, Loss: -0.4440, Obj: -0.7209, Eq Viol (l1): 0.000081, Ineq Viol (l1): 0.000001, Epoch time: 2.51s

Running validation at epoch 140...

VALIDATION_EPOCH_140 EVALUATION RESULTS:
==================================================
Objective Value:     -8.145957e-01
True Objective:      -2.413704e+00
Optimality Gap:      -5.575505e-01 ± 3.463199e-01
Eq Violation l1:   7.335242e-05 (max: 1.405897e-03)
Ineq Violation l1: 4.517728e-07 (max: 2.866254e-05)
Solution Distance:   1.235471e+02 ± 6.262140e-01
Merit:             -8.138576e-01 ± 8.219864e-03
Avg Inference Time:  0.0662s
==================================================
Epoch 142/300, Loss: -0.3710, Obj: -0.6911, Eq Viol (l1): 0.000083, Ineq Viol (l1): 0.000001, Epoch time: 2.48s
Epoch 143/300, Loss: -0.4135, Obj: -0.6889, Eq Viol (l1): 0.000076, Ineq Viol (l1): 0.000001, Epoch time: 2.48s
Epoch 144/300, Loss: -0.4191, Obj: -0.7217, Eq Viol (l1): 0.000092, Ineq Viol (l1): 0.000001, Epoch time: 2.47s
Epoch 145/300, Loss: -0.3466, Obj: -0.6471, Eq Viol (l1): 0.000085, Ineq Viol (l1): 0.000001, Epoch time: 2.43s
Epoch 146/300, Loss: -0.3302, Obj: -0.6775, Eq Viol (l1): 0.000090, Ineq Viol (l1): 0.000001, Epoch time: 2.47s
Epoch 147/300, Loss: -0.3847, Obj: -0.6840, Eq Viol (l1): 0.000081, Ineq Viol (l1): 0.000001, Epoch time: 2.53s
Epoch 148/300, Loss: -0.4124, Obj: -0.6991, Eq Viol (l1): 0.000088, Ineq Viol (l1): 0.000001, Epoch time: 2.45s
Epoch 149/300, Loss: -0.4092, Obj: -0.6936, Eq Viol (l1): 0.000081, Ineq Viol (l1): 0.000001, Epoch time: 2.45s
Epoch 150/300, Loss: -0.4632, Obj: -0.7339, Eq Viol (l1): 0.000084, Ineq Viol (l1): 0.000001, Epoch time: 2.47s
Epoch 151/300, Loss: -0.4259, Obj: -0.7060, Eq Viol (l1): 0.000087, Ineq Viol (l1): 0.000001, Epoch time: 2.46s

Running validation at epoch 150...

VALIDATION_EPOCH_150 EVALUATION RESULTS:
==================================================
Objective Value:     -8.419623e-01
True Objective:      -2.413704e+00
Optimality Gap:      -6.299087e-01 ± 3.676868e-01
Eq Violation l1:   8.561569e-05 (max: 1.228780e-03)
Ineq Violation l1: 8.808781e-07 (max: 3.779447e-05)
Solution Distance:   1.231653e+02 ± 6.373958e-01
Merit:             -8.410973e-01 ± 2.575434e-03
Avg Inference Time:  0.0665s
==================================================
Epoch 152/300, Loss: -0.4365, Obj: -0.7154, Eq Viol (l1): 0.000084, Ineq Viol (l1): 0.000001, Epoch time: 2.48s
Epoch 153/300, Loss: -0.3304, Obj: -0.6559, Eq Viol (l1): 0.000083, Ineq Viol (l1): 0.000001, Epoch time: 2.47s
Epoch 154/300, Loss: -0.3479, Obj: -0.6888, Eq Viol (l1): 0.000085, Ineq Viol (l1): 0.000001, Epoch time: 2.51s
Epoch 155/300, Loss: -0.3811, Obj: -0.6826, Eq Viol (l1): 0.000080, Ineq Viol (l1): 0.000001, Epoch time: 2.48s
Epoch 156/300, Loss: -0.3870, Obj: -0.6770, Eq Viol (l1): 0.000080, Ineq Viol (l1): 0.000001, Epoch time: 2.48s
Epoch 157/300, Loss: -0.3832, Obj: -0.7187, Eq Viol (l1): 0.000084, Ineq Viol (l1): 0.000001, Epoch time: 2.51s
Epoch 158/300, Loss: -0.3966, Obj: -0.6988, Eq Viol (l1): 0.000084, Ineq Viol (l1): 0.000001, Epoch time: 2.48s
Epoch 159/300, Loss: -0.4517, Obj: -0.7412, Eq Viol (l1): 0.000087, Ineq Viol (l1): 0.000001, Epoch time: 2.46s
Epoch 160/300, Loss: -0.4571, Obj: -0.7157, Eq Viol (l1): 0.000083, Ineq Viol (l1): 0.000001, Epoch time: 2.46s
Epoch 161/300, Loss: -0.4230, Obj: -0.7087, Eq Viol (l1): 0.000083, Ineq Viol (l1): 0.000001, Epoch time: 2.49s

Running validation at epoch 160...

VALIDATION_EPOCH_160 EVALUATION RESULTS:
==================================================
Objective Value:     -8.263581e-01
True Objective:      -2.413704e+00
Optimality Gap:      -5.820226e-01 ± 3.650022e-01
Eq Violation l1:   7.865477e-05 (max: 6.043311e-04)
Ineq Violation l1: 3.344396e-07 (max: 1.868805e-05)
Solution Distance:   1.232048e+02 ± 6.100428e-01
Merit:             -8.255682e-01 ± 2.391400e-03
Avg Inference Time:  0.0665s
==================================================
Epoch 162/300, Loss: -0.4090, Obj: -0.7211, Eq Viol (l1): 0.000093, Ineq Viol (l1): 0.000001, Epoch time: 2.47s
Epoch 163/300, Loss: -0.4427, Obj: -0.7222, Eq Viol (l1): 0.000086, Ineq Viol (l1): 0.000001, Epoch time: 2.46s
Epoch 164/300, Loss: -0.3626, Obj: -0.6839, Eq Viol (l1): 0.000078, Ineq Viol (l1): 0.000000, Epoch time: 2.49s
Epoch 165/300, Loss: -0.4183, Obj: -0.7025, Eq Viol (l1): 0.000083, Ineq Viol (l1): 0.000001, Epoch time: 2.46s
Epoch 166/300, Loss: -0.4065, Obj: -0.6919, Eq Viol (l1): 0.000082, Ineq Viol (l1): 0.000001, Epoch time: 2.56s
Epoch 167/300, Loss: -0.4029, Obj: -0.6997, Eq Viol (l1): 0.000086, Ineq Viol (l1): 0.000001, Epoch time: 2.47s
Epoch 168/300, Loss: -0.4313, Obj: -0.7153, Eq Viol (l1): 0.000088, Ineq Viol (l1): 0.000001, Epoch time: 2.47s
Epoch 169/300, Loss: -0.4375, Obj: -0.7200, Eq Viol (l1): 0.000088, Ineq Viol (l1): 0.000001, Epoch time: 2.47s
Epoch 170/300, Loss: -0.4215, Obj: -0.7114, Eq Viol (l1): 0.000082, Ineq Viol (l1): 0.000001, Epoch time: 2.49s
Epoch 171/300, Loss: -0.4476, Obj: -0.7127, Eq Viol (l1): 0.000090, Ineq Viol (l1): 0.000001, Epoch time: 2.44s

Running validation at epoch 170...

VALIDATION_EPOCH_170 EVALUATION RESULTS:
==================================================
Objective Value:     -8.183771e-01
True Objective:      -2.413704e+00
Optimality Gap:      -5.894446e-01 ± 3.444021e-01
Eq Violation l1:   1.055718e-04 (max: 1.176203e-03)
Ineq Violation l1: 9.495271e-07 (max: 5.475489e-05)
Solution Distance:   1.233431e+02 ± 6.248546e-01
Merit:             -8.173119e-01 ± 7.961393e-03
Avg Inference Time:  0.0638s
==================================================
Epoch 172/300, Loss: -0.4727, Obj: -0.7407, Eq Viol (l1): 0.000081, Ineq Viol (l1): 0.000001, Epoch time: 2.47s
Epoch 173/300, Loss: -0.4372, Obj: -0.7220, Eq Viol (l1): 0.000078, Ineq Viol (l1): 0.000001, Epoch time: 2.55s
Epoch 174/300, Loss: -0.4496, Obj: -0.7185, Eq Viol (l1): 0.000090, Ineq Viol (l1): 0.000001, Epoch time: 2.45s
Epoch 175/300, Loss: -0.4445, Obj: -0.7345, Eq Viol (l1): 0.000079, Ineq Viol (l1): 0.000000, Epoch time: 2.49s
Epoch 176/300, Loss: -0.4719, Obj: -0.7286, Eq Viol (l1): 0.000081, Ineq Viol (l1): 0.000000, Epoch time: 2.46s
Epoch 177/300, Loss: -0.4109, Obj: -0.7208, Eq Viol (l1): 0.000079, Ineq Viol (l1): 0.000000, Epoch time: 2.49s
Epoch 178/300, Loss: -0.4198, Obj: -0.7068, Eq Viol (l1): 0.000080, Ineq Viol (l1): 0.000001, Epoch time: 2.48s
Epoch 179/300, Loss: -0.3936, Obj: -0.6929, Eq Viol (l1): 0.000092, Ineq Viol (l1): 0.000001, Epoch time: 2.44s
Epoch 180/300, Loss: -0.4147, Obj: -0.7257, Eq Viol (l1): 0.000083, Ineq Viol (l1): 0.000001, Epoch time: 2.54s
Epoch 181/300, Loss: -0.3740, Obj: -0.6916, Eq Viol (l1): 0.000089, Ineq Viol (l1): 0.000001, Epoch time: 2.45s

Running validation at epoch 180...

VALIDATION_EPOCH_180 EVALUATION RESULTS:
==================================================
Objective Value:     -5.630803e-01
True Objective:      -2.413704e+00
Optimality Gap:      -9.508173e-02 ± 1.352517e-01
Eq Violation l1:   6.346337e-05 (max: 1.298644e-03)
Ineq Violation l1: 4.444083e-07 (max: 4.085676e-05)
Solution Distance:   1.248599e+02 ± 6.698019e-01
Merit:             -5.624412e-01 ± 1.324326e-03
Avg Inference Time:  0.0639s
==================================================
Epoch 182/300, Loss: -0.3966, Obj: -0.6873, Eq Viol (l1): 0.000095, Ineq Viol (l1): 0.000001, Epoch time: 2.41s
Epoch 183/300, Loss: -0.4586, Obj: -0.7174, Eq Viol (l1): 0.000086, Ineq Viol (l1): 0.000001, Epoch time: 2.45s
Epoch 184/300, Loss: -0.4362, Obj: -0.7182, Eq Viol (l1): 0.000081, Ineq Viol (l1): 0.000001, Epoch time: 2.44s
Epoch 185/300, Loss: -0.3786, Obj: -0.6924, Eq Viol (l1): 0.000078, Ineq Viol (l1): 0.000001, Epoch time: 2.46s
Epoch 186/300, Loss: -0.4022, Obj: -0.7128, Eq Viol (l1): 0.000083, Ineq Viol (l1): 0.000001, Epoch time: 2.44s
Epoch 187/300, Loss: -0.4586, Obj: -0.7368, Eq Viol (l1): 0.000083, Ineq Viol (l1): 0.000001, Epoch time: 2.42s
Epoch 188/300, Loss: -0.4631, Obj: -0.7283, Eq Viol (l1): 0.000075, Ineq Viol (l1): 0.000001, Epoch time: 2.44s
Epoch 189/300, Loss: -0.4444, Obj: -0.7288, Eq Viol (l1): 0.000085, Ineq Viol (l1): 0.000001, Epoch time: 2.44s
Epoch 190/300, Loss: -0.4608, Obj: -0.7291, Eq Viol (l1): 0.000086, Ineq Viol (l1): 0.000001, Epoch time: 2.45s
Epoch 191/300, Loss: -0.4585, Obj: -0.7190, Eq Viol (l1): 0.000087, Ineq Viol (l1): 0.000001, Epoch time: 2.45s

Running validation at epoch 190...

VALIDATION_EPOCH_190 EVALUATION RESULTS:
==================================================
Objective Value:     -8.032352e-01
True Objective:      -2.413704e+00
Optimality Gap:      -5.667061e-01 ± 3.365488e-01
Eq Violation l1:   8.101208e-05 (max: 1.423300e-03)
Ineq Violation l1: 4.331773e-07 (max: 1.845929e-05)
Solution Distance:   1.229742e+02 ± 6.281121e-01
Merit:             -8.024207e-01 ± 3.840475e-03
Avg Inference Time:  0.0647s
==================================================
Epoch 192/300, Loss: -0.4421, Obj: -0.7192, Eq Viol (l1): 0.000080, Ineq Viol (l1): 0.000001, Epoch time: 2.46s
Epoch 193/300, Loss: -0.3862, Obj: -0.7133, Eq Viol (l1): 0.000095, Ineq Viol (l1): 0.000001, Epoch time: 2.43s
Epoch 194/300, Loss: -0.4663, Obj: -0.7377, Eq Viol (l1): 0.000086, Ineq Viol (l1): 0.000001, Epoch time: 2.43s
Epoch 195/300, Loss: -0.4757, Obj: -0.7372, Eq Viol (l1): 0.000089, Ineq Viol (l1): 0.000001, Epoch time: 2.44s
Epoch 196/300, Loss: -0.3949, Obj: -0.7301, Eq Viol (l1): 0.000081, Ineq Viol (l1): 0.000001, Epoch time: 2.52s
Epoch 197/300, Loss: -0.2995, Obj: -0.6958, Eq Viol (l1): 0.000085, Ineq Viol (l1): 0.000001, Epoch time: 2.49s
Epoch 198/300, Loss: -0.3864, Obj: -0.6976, Eq Viol (l1): 0.000088, Ineq Viol (l1): 0.000001, Epoch time: 2.42s
Epoch 199/300, Loss: -0.4176, Obj: -0.7035, Eq Viol (l1): 0.000085, Ineq Viol (l1): 0.000001, Epoch time: 2.53s
Epoch 200/300, Loss: -0.4213, Obj: -0.7216, Eq Viol (l1): 0.000081, Ineq Viol (l1): 0.000001, Epoch time: 2.47s
Epoch 201/300, Loss: -0.4409, Obj: -0.7252, Eq Viol (l1): 0.000086, Ineq Viol (l1): 0.000001, Epoch time: 2.45s

Running validation at epoch 200...

VALIDATION_EPOCH_200 EVALUATION RESULTS:
==================================================
Objective Value:     -7.636987e-01
True Objective:      -2.413704e+00
Optimality Gap:      -5.076613e-01 ± 3.368860e-01
Eq Violation l1:   7.760149e-05 (max: 1.482339e-03)
Ineq Violation l1: 4.787749e-07 (max: 2.455078e-05)
Solution Distance:   1.237022e+02 ± 6.016035e-01
Merit:             -7.629179e-01 ± 5.606664e-03
Avg Inference Time:  0.0646s
==================================================
Epoch 202/300, Loss: -0.4552, Obj: -0.7379, Eq Viol (l1): 0.000085, Ineq Viol (l1): 0.000001, Epoch time: 2.46s
Epoch 203/300, Loss: -0.4683, Obj: -0.7326, Eq Viol (l1): 0.000081, Ineq Viol (l1): 0.000001, Epoch time: 2.45s
Epoch 204/300, Loss: -0.4860, Obj: -0.7470, Eq Viol (l1): 0.000073, Ineq Viol (l1): 0.000000, Epoch time: 2.49s
Epoch 205/300, Loss: -0.4019, Obj: -0.6890, Eq Viol (l1): 0.000085, Ineq Viol (l1): 0.000001, Epoch time: 2.46s
Epoch 206/300, Loss: -0.4386, Obj: -0.7284, Eq Viol (l1): 0.000082, Ineq Viol (l1): 0.000001, Epoch time: 2.46s
Epoch 207/300, Loss: -0.4071, Obj: -0.7050, Eq Viol (l1): 0.000084, Ineq Viol (l1): 0.000001, Epoch time: 2.44s
Epoch 208/300, Loss: -0.4499, Obj: -0.7219, Eq Viol (l1): 0.000076, Ineq Viol (l1): 0.000001, Epoch time: 2.46s
Epoch 209/300, Loss: -0.4346, Obj: -0.7289, Eq Viol (l1): 0.000078, Ineq Viol (l1): 0.000001, Epoch time: 2.48s
Epoch 210/300, Loss: -0.4893, Obj: -0.7409, Eq Viol (l1): 0.000088, Ineq Viol (l1): 0.000000, Epoch time: 2.42s
Epoch 211/300, Loss: -0.4692, Obj: -0.7494, Eq Viol (l1): 0.000083, Ineq Viol (l1): 0.000001, Epoch time: 2.46s

Running validation at epoch 210...

VALIDATION_EPOCH_210 EVALUATION RESULTS:
==================================================
Objective Value:     -8.421836e-01
True Objective:      -2.413704e+00
Optimality Gap:      -6.215362e-01 ± 3.637953e-01
Eq Violation l1:   6.038752e-05 (max: 1.822286e-03)
Ineq Violation l1: 6.147869e-07 (max: 5.410073e-05)
Solution Distance:   1.230121e+02 ± 6.398058e-01
Merit:             -8.415736e-01 ± 2.625863e-03
Avg Inference Time:  0.0686s
==================================================
Epoch 212/300, Loss: -0.4392, Obj: -0.7129, Eq Viol (l1): 0.000071, Ineq Viol (l1): 0.000001, Epoch time: 2.50s
Epoch 213/300, Loss: -0.4827, Obj: -0.7462, Eq Viol (l1): 0.000081, Ineq Viol (l1): 0.000001, Epoch time: 2.45s
Epoch 214/300, Loss: -0.4457, Obj: -0.7200, Eq Viol (l1): 0.000082, Ineq Viol (l1): 0.000001, Epoch time: 2.44s
Epoch 215/300, Loss: -0.4906, Obj: -0.7605, Eq Viol (l1): 0.000080, Ineq Viol (l1): 0.000001, Epoch time: 2.47s
Epoch 216/300, Loss: -0.4864, Obj: -0.7420, Eq Viol (l1): 0.000081, Ineq Viol (l1): 0.000001, Epoch time: 2.44s
Epoch 217/300, Loss: -0.4442, Obj: -0.7192, Eq Viol (l1): 0.000081, Ineq Viol (l1): 0.000001, Epoch time: 2.46s
Epoch 218/300, Loss: -0.4098, Obj: -0.7086, Eq Viol (l1): 0.000082, Ineq Viol (l1): 0.000001, Epoch time: 2.46s
Epoch 219/300, Loss: -0.4417, Obj: -0.7237, Eq Viol (l1): 0.000082, Ineq Viol (l1): 0.000001, Epoch time: 2.44s
Epoch 220/300, Loss: -0.4563, Obj: -0.7331, Eq Viol (l1): 0.000082, Ineq Viol (l1): 0.000001, Epoch time: 2.45s
Epoch 221/300, Loss: -0.4793, Obj: -0.7447, Eq Viol (l1): 0.000083, Ineq Viol (l1): 0.000001, Epoch time: 2.48s

Running validation at epoch 220...

VALIDATION_EPOCH_220 EVALUATION RESULTS:
==================================================
Objective Value:     -8.305864e-01
True Objective:      -2.413704e+00
Optimality Gap:      -5.866042e-01 ± 3.251124e-01
Eq Violation l1:   7.655759e-05 (max: 1.060083e-03)
Ineq Violation l1: 4.897600e-07 (max: 2.525089e-05)
Solution Distance:   1.234206e+02 ± 6.197766e-01
Merit:             -8.298159e-01 ± 1.852921e-03
Avg Inference Time:  0.0650s
==================================================
Epoch 222/300, Loss: -0.4920, Obj: -0.7486, Eq Viol (l1): 0.000087, Ineq Viol (l1): 0.000001, Epoch time: 2.45s
Epoch 223/300, Loss: -0.4811, Obj: -0.7414, Eq Viol (l1): 0.000081, Ineq Viol (l1): 0.000001, Epoch time: 2.45s
Epoch 224/300, Loss: -0.4550, Obj: -0.7350, Eq Viol (l1): 0.000080, Ineq Viol (l1): 0.000001, Epoch time: 2.46s
Epoch 225/300, Loss: -0.4094, Obj: -0.7108, Eq Viol (l1): 0.000087, Ineq Viol (l1): 0.000001, Epoch time: 2.45s
Epoch 226/300, Loss: -0.4806, Obj: -0.7176, Eq Viol (l1): 0.000081, Ineq Viol (l1): 0.000000, Epoch time: 2.41s
Epoch 227/300, Loss: -0.4595, Obj: -0.7437, Eq Viol (l1): 0.000090, Ineq Viol (l1): 0.000001, Epoch time: 2.45s
Epoch 228/300, Loss: -0.4329, Obj: -0.7163, Eq Viol (l1): 0.000091, Ineq Viol (l1): 0.000001, Epoch time: 2.44s
Epoch 229/300, Loss: -0.4474, Obj: -0.7362, Eq Viol (l1): 0.000082, Ineq Viol (l1): 0.000001, Epoch time: 2.46s
Epoch 230/300, Loss: -0.4877, Obj: -0.7418, Eq Viol (l1): 0.000088, Ineq Viol (l1): 0.000001, Epoch time: 2.42s
Epoch 231/300, Loss: -0.4049, Obj: -0.6875, Eq Viol (l1): 0.000084, Ineq Viol (l1): 0.000001, Epoch time: 2.43s

Running validation at epoch 230...

VALIDATION_EPOCH_230 EVALUATION RESULTS:
==================================================
Objective Value:     -8.408226e-01
True Objective:      -2.413704e+00
Optimality Gap:      -6.200357e-01 ± 3.532468e-01
Eq Violation l1:   1.068534e-04 (max: 8.054322e-04)
Ineq Violation l1: 9.405810e-07 (max: 2.783628e-05)
Solution Distance:   1.228722e+02 ± 6.663894e-01
Merit:             -8.397447e-01 ± 6.627911e-04
Avg Inference Time:  0.0660s
==================================================
Epoch 232/300, Loss: -0.4399, Obj: -0.7245, Eq Viol (l1): 0.000086, Ineq Viol (l1): 0.000001, Epoch time: 2.54s
Epoch 233/300, Loss: -0.4247, Obj: -0.7142, Eq Viol (l1): 0.000081, Ineq Viol (l1): 0.000001, Epoch time: 2.49s
Epoch 234/300, Loss: -0.4670, Obj: -0.7463, Eq Viol (l1): 0.000084, Ineq Viol (l1): 0.000001, Epoch time: 2.45s
Epoch 235/300, Loss: -0.4621, Obj: -0.7440, Eq Viol (l1): 0.000084, Ineq Viol (l1): 0.000001, Epoch time: 2.44s
Epoch 236/300, Loss: -0.4859, Obj: -0.7581, Eq Viol (l1): 0.000090, Ineq Viol (l1): 0.000001, Epoch time: 2.42s
Epoch 237/300, Loss: -0.4801, Obj: -0.7552, Eq Viol (l1): 0.000086, Ineq Viol (l1): 0.000000, Epoch time: 2.42s
Epoch 238/300, Loss: -0.4412, Obj: -0.7356, Eq Viol (l1): 0.000081, Ineq Viol (l1): 0.000000, Epoch time: 2.46s
Epoch 239/300, Loss: -0.5064, Obj: -0.7540, Eq Viol (l1): 0.000085, Ineq Viol (l1): 0.000001, Epoch time: 2.42s
Epoch 240/300, Loss: -0.5201, Obj: -0.7656, Eq Viol (l1): 0.000082, Ineq Viol (l1): 0.000001, Epoch time: 2.42s
Epoch 241/300, Loss: -0.5095, Obj: -0.7576, Eq Viol (l1): 0.000085, Ineq Viol (l1): 0.000001, Epoch time: 2.41s

Running validation at epoch 240...

VALIDATION_EPOCH_240 EVALUATION RESULTS:
==================================================
Objective Value:     -7.992668e-01
True Objective:      -2.413704e+00
Optimality Gap:      -5.543362e-01 ± 3.334013e-01
Eq Violation l1:   8.596942e-05 (max: 1.837862e-03)
Ineq Violation l1: 7.700319e-07 (max: 8.165891e-05)
Solution Distance:   1.233742e+02 ± 6.588311e-01
Merit:             -7.983995e-01 ± 1.922407e-03
Avg Inference Time:  0.0634s
==================================================
Epoch 242/300, Loss: -0.5097, Obj: -0.7562, Eq Viol (l1): 0.000088, Ineq Viol (l1): 0.000001, Epoch time: 2.39s
Epoch 243/300, Loss: -0.4683, Obj: -0.7400, Eq Viol (l1): 0.000084, Ineq Viol (l1): 0.000001, Epoch time: 2.42s
Epoch 244/300, Loss: -0.4779, Obj: -0.7463, Eq Viol (l1): 0.000085, Ineq Viol (l1): 0.000001, Epoch time: 2.44s
Epoch 245/300, Loss: -0.4109, Obj: -0.7261, Eq Viol (l1): 0.000085, Ineq Viol (l1): 0.000001, Epoch time: 2.44s
Epoch 246/300, Loss: -0.4731, Obj: -0.7430, Eq Viol (l1): 0.000086, Ineq Viol (l1): 0.000001, Epoch time: 2.43s
Epoch 247/300, Loss: -0.4617, Obj: -0.7151, Eq Viol (l1): 0.000082, Ineq Viol (l1): 0.000001, Epoch time: 2.41s
Epoch 248/300, Loss: -0.4098, Obj: -0.7250, Eq Viol (l1): 0.000079, Ineq Viol (l1): 0.000001, Epoch time: 2.45s
Epoch 249/300, Loss: -0.4355, Obj: -0.7281, Eq Viol (l1): 0.000083, Ineq Viol (l1): 0.000001, Epoch time: 2.42s
Epoch 250/300, Loss: -0.4867, Obj: -0.7420, Eq Viol (l1): 0.000083, Ineq Viol (l1): 0.000001, Epoch time: 2.42s
Epoch 251/300, Loss: -0.4284, Obj: -0.7172, Eq Viol (l1): 0.000086, Ineq Viol (l1): 0.000001, Epoch time: 2.43s

Running validation at epoch 250...

VALIDATION_EPOCH_250 EVALUATION RESULTS:
==================================================
Objective Value:     -6.537868e-01
True Objective:      -2.413704e+00
Optimality Gap:      -2.675210e-01 ± 2.407866e-01
Eq Violation l1:   8.174654e-05 (max: 2.171604e-03)
Ineq Violation l1: 3.972275e-07 (max: 4.103874e-05)
Solution Distance:   1.240614e+02 ± 6.914995e-01
Merit:             -6.529654e-01 ± 4.485891e-03
Avg Inference Time:  0.0636s
==================================================
Epoch 252/300, Loss: -0.4442, Obj: -0.7311, Eq Viol (l1): 0.000086, Ineq Viol (l1): 0.000001, Epoch time: 2.42s
Epoch 253/300, Loss: -0.4994, Obj: -0.7515, Eq Viol (l1): 0.000079, Ineq Viol (l1): 0.000001, Epoch time: 2.42s
Epoch 254/300, Loss: -0.4775, Obj: -0.7439, Eq Viol (l1): 0.000084, Ineq Viol (l1): 0.000001, Epoch time: 2.39s
Epoch 255/300, Loss: -0.4796, Obj: -0.7370, Eq Viol (l1): 0.000092, Ineq Viol (l1): 0.000001, Epoch time: 2.41s
Epoch 256/300, Loss: -0.5163, Obj: -0.7620, Eq Viol (l1): 0.000084, Ineq Viol (l1): 0.000001, Epoch time: 2.43s
Epoch 257/300, Loss: -0.5132, Obj: -0.7662, Eq Viol (l1): 0.000086, Ineq Viol (l1): 0.000001, Epoch time: 2.43s
Epoch 258/300, Loss: -0.5232, Obj: -0.7597, Eq Viol (l1): 0.000085, Ineq Viol (l1): 0.000001, Epoch time: 2.41s
Epoch 259/300, Loss: -0.4859, Obj: -0.7479, Eq Viol (l1): 0.000082, Ineq Viol (l1): 0.000001, Epoch time: 2.41s
Epoch 260/300, Loss: -0.4972, Obj: -0.7511, Eq Viol (l1): 0.000087, Ineq Viol (l1): 0.000001, Epoch time: 2.40s
Epoch 261/300, Loss: -0.4378, Obj: -0.7302, Eq Viol (l1): 0.000088, Ineq Viol (l1): 0.000001, Epoch time: 2.40s

Running validation at epoch 260...

VALIDATION_EPOCH_260 EVALUATION RESULTS:
==================================================
Objective Value:     -8.011216e-01
True Objective:      -2.413704e+00
Optimality Gap:      -5.555709e-01 ± 3.259555e-01
Eq Violation l1:   6.002556e-05 (max: 2.009764e-03)
Ineq Violation l1: 5.109419e-07 (max: 9.441146e-05)
Solution Distance:   1.229553e+02 ± 6.027528e-01
Merit:             -8.005163e-01 ± 1.034407e-02
Avg Inference Time:  0.0688s
==================================================
Epoch 262/300, Loss: -0.4648, Obj: -0.7307, Eq Viol (l1): 0.000081, Ineq Viol (l1): 0.000001, Epoch time: 2.43s
Epoch 263/300, Loss: -0.4788, Obj: -0.7476, Eq Viol (l1): 0.000083, Ineq Viol (l1): 0.000001, Epoch time: 2.44s
Epoch 264/300, Loss: -0.4921, Obj: -0.7351, Eq Viol (l1): 0.000084, Ineq Viol (l1): 0.000001, Epoch time: 2.38s
Epoch 265/300, Loss: -0.4954, Obj: -0.7666, Eq Viol (l1): 0.000091, Ineq Viol (l1): 0.000001, Epoch time: 2.40s
Epoch 266/300, Loss: -0.5106, Obj: -0.7595, Eq Viol (l1): 0.000087, Ineq Viol (l1): 0.000001, Epoch time: 2.50s
Epoch 267/300, Loss: -0.4880, Obj: -0.7483, Eq Viol (l1): 0.000088, Ineq Viol (l1): 0.000001, Epoch time: 2.41s
Epoch 268/300, Loss: -0.4479, Obj: -0.7446, Eq Viol (l1): 0.000088, Ineq Viol (l1): 0.000001, Epoch time: 2.42s
Epoch 269/300, Loss: -0.4339, Obj: -0.7315, Eq Viol (l1): 0.000086, Ineq Viol (l1): 0.000001, Epoch time: 2.40s
Epoch 270/300, Loss: -0.4756, Obj: -0.7344, Eq Viol (l1): 0.000082, Ineq Viol (l1): 0.000000, Epoch time: 2.41s
Epoch 271/300, Loss: -0.5087, Obj: -0.7677, Eq Viol (l1): 0.000085, Ineq Viol (l1): 0.000001, Epoch time: 2.40s

Running validation at epoch 270...

VALIDATION_EPOCH_270 EVALUATION RESULTS:
==================================================
Objective Value:     -8.345543e-01
True Objective:      -2.413704e+00
Optimality Gap:      -5.750888e-01 ± 3.166375e-01
Eq Violation l1:   7.564619e-05 (max: 1.537135e-03)
Ineq Violation l1: 6.576114e-07 (max: 8.970213e-05)
Solution Distance:   1.231305e+02 ± 6.296028e-01
Merit:             -8.337913e-01 ± 2.488670e-03
Avg Inference Time:  0.0646s
==================================================
Epoch 272/300, Loss: -0.5332, Obj: -0.7782, Eq Viol (l1): 0.000079, Ineq Viol (l1): 0.000001, Epoch time: 2.44s
Epoch 273/300, Loss: -0.4534, Obj: -0.7305, Eq Viol (l1): 0.000086, Ineq Viol (l1): 0.000001, Epoch time: 2.41s
Epoch 274/300, Loss: -0.4851, Obj: -0.7589, Eq Viol (l1): 0.000092, Ineq Viol (l1): 0.000001, Epoch time: 2.40s
Epoch 275/300, Loss: -0.5288, Obj: -0.7794, Eq Viol (l1): 0.000084, Ineq Viol (l1): 0.000001, Epoch time: 2.42s
Epoch 276/300, Loss: -0.5279, Obj: -0.7678, Eq Viol (l1): 0.000080, Ineq Viol (l1): 0.000001, Epoch time: 2.41s
Epoch 277/300, Loss: -0.4293, Obj: -0.7361, Eq Viol (l1): 0.000075, Ineq Viol (l1): 0.000001, Epoch time: 2.48s
Epoch 278/300, Loss: -0.4597, Obj: -0.7364, Eq Viol (l1): 0.000086, Ineq Viol (l1): 0.000001, Epoch time: 2.44s
Epoch 279/300, Loss: -0.4326, Obj: -0.7265, Eq Viol (l1): 0.000080, Ineq Viol (l1): 0.000001, Epoch time: 2.46s
Epoch 280/300, Loss: -0.5141, Obj: -0.7584, Eq Viol (l1): 0.000090, Ineq Viol (l1): 0.000001, Epoch time: 2.41s
Epoch 281/300, Loss: -0.5106, Obj: -0.7718, Eq Viol (l1): 0.000088, Ineq Viol (l1): 0.000001, Epoch time: 2.43s

Running validation at epoch 280...

VALIDATION_EPOCH_280 EVALUATION RESULTS:
==================================================
Objective Value:     -7.917726e-01
True Objective:      -2.413704e+00
Optimality Gap:      -5.398599e-01 ± 3.536465e-01
Eq Violation l1:   1.043582e-04 (max: 1.115806e-03)
Ineq Violation l1: 7.464392e-07 (max: 8.540324e-05)
Solution Distance:   1.234819e+02 ± 6.653963e-01
Merit:             -7.907215e-01 ± 2.661702e-03
Avg Inference Time:  0.0635s
==================================================
Epoch 282/300, Loss: -0.5134, Obj: -0.7620, Eq Viol (l1): 0.000090, Ineq Viol (l1): 0.000001, Epoch time: 2.42s
Epoch 283/300, Loss: -0.5356, Obj: -0.7754, Eq Viol (l1): 0.000087, Ineq Viol (l1): 0.000001, Epoch time: 2.43s
Epoch 284/300, Loss: -0.4789, Obj: -0.7436, Eq Viol (l1): 0.000076, Ineq Viol (l1): 0.000001, Epoch time: 2.47s
Epoch 285/300, Loss: -0.4909, Obj: -0.7563, Eq Viol (l1): 0.000090, Ineq Viol (l1): 0.000001, Epoch time: 2.43s
Epoch 286/300, Loss: -0.4794, Obj: -0.7450, Eq Viol (l1): 0.000097, Ineq Viol (l1): 0.000001, Epoch time: 2.38s
Epoch 287/300, Loss: -0.4459, Obj: -0.7370, Eq Viol (l1): 0.000085, Ineq Viol (l1): 0.000001, Epoch time: 2.45s
Epoch 288/300, Loss: -0.4820, Obj: -0.7473, Eq Viol (l1): 0.000089, Ineq Viol (l1): 0.000001, Epoch time: 2.42s
Epoch 289/300, Loss: -0.4967, Obj: -0.7461, Eq Viol (l1): 0.000088, Ineq Viol (l1): 0.000001, Epoch time: 2.40s
Epoch 290/300, Loss: -0.5352, Obj: -0.7736, Eq Viol (l1): 0.000083, Ineq Viol (l1): 0.000001, Epoch time: 2.43s
Epoch 291/300, Loss: -0.5164, Obj: -0.7618, Eq Viol (l1): 0.000088, Ineq Viol (l1): 0.000001, Epoch time: 2.40s

Running validation at epoch 290...

VALIDATION_EPOCH_290 EVALUATION RESULTS:
==================================================
Objective Value:     -8.601973e-01
True Objective:      -2.413704e+00
Optimality Gap:      -6.537942e-01 ± 3.658057e-01
Eq Violation l1:   9.917767e-05 (max: 1.157382e-03)
Ineq Violation l1: 7.051338e-07 (max: 2.971759e-05)
Solution Distance:   1.226146e+02 ± 6.754414e-01
Merit:             -8.591985e-01 ± 5.104336e-04
Avg Inference Time:  0.0659s
==================================================
Epoch 292/300, Loss: -0.4866, Obj: -0.7478, Eq Viol (l1): 0.000081, Ineq Viol (l1): 0.000001, Epoch time: 2.45s
Epoch 293/300, Loss: -0.5074, Obj: -0.7439, Eq Viol (l1): 0.000077, Ineq Viol (l1): 0.000001, Epoch time: 2.41s
Epoch 294/300, Loss: -0.5224, Obj: -0.7621, Eq Viol (l1): 0.000085, Ineq Viol (l1): 0.000001, Epoch time: 2.43s
Epoch 295/300, Loss: -0.4810, Obj: -0.7555, Eq Viol (l1): 0.000079, Ineq Viol (l1): 0.000001, Epoch time: 2.45s
Epoch 296/300, Loss: -0.4779, Obj: -0.7573, Eq Viol (l1): 0.000080, Ineq Viol (l1): 0.000001, Epoch time: 2.46s
Epoch 297/300, Loss: -0.4496, Obj: -0.7151, Eq Viol (l1): 0.000089, Ineq Viol (l1): 0.000001, Epoch time: 2.39s
Epoch 298/300, Loss: -0.4749, Obj: -0.7348, Eq Viol (l1): 0.000087, Ineq Viol (l1): 0.000001, Epoch time: 2.41s
Epoch 299/300, Loss: -0.4743, Obj: -0.7545, Eq Viol (l1): 0.000090, Ineq Viol (l1): 0.000001, Epoch time: 2.53s
Epoch 300/300, Loss: -0.4732, Obj: -0.7469, Eq Viol (l1): 0.000081, Ineq Viol (l1): 0.000001, Epoch time: 2.44s

Training completed in 746.99 seconds.

============================================================
COMPREHENSIVE TEST EVALUATION WITH DETAILED RESULTS
============================================================
Testing with batch sizes: [256, 512]

Evaluating with batch size: 256 (with detailed results)

TEST_BS256 EVALUATION RESULTS:
==================================================
Objective Value:     -8.070905e-01
True Objective:      -2.409220e+00
Optimality Gap:      -3.059503e-01 ± 1.445587e+00
Eq Violation l1:   8.972776e-05 (max: 1.030318e-03)
Ineq Violation l1: 5.366941e-07 (max: 3.204698e-05)
Solution Distance:   1.244582e+02 ± 1.984383e+00
Merit:             -8.061878e-01 ± 5.731536e-02
Avg Inference Time:  0.0555s
==================================================

Evaluating with batch size: 512 (with detailed results)

TEST_BS512 EVALUATION RESULTS:
==================================================
Objective Value:     -8.066198e-01
True Objective:      -2.408634e+00
Optimality Gap:      -3.159265e-01 ± 1.068160e+00
Eq Violation l1:   8.731067e-05 (max: 1.328097e-03)
Ineq Violation l1: 5.697105e-07 (max: 6.373450e-05)
Solution Distance:   1.244120e+02 ± 1.239043e+00
Merit:             -8.057410e-01 ± 5.182690e-02
Avg Inference Time:  0.0627s
==================================================

TEST BATCH SIZE COMPARISON:
================================================================================
Batch Size   Objective    Opt Gap      Eq Viol      Ineq Viol    Time (s)  
--------------------------------------------------------------------------------
256          -8.0709e-01  -3.0595e-01  8.9728e-05   5.3669e-07   0.44      
512          -8.0662e-01  -3.1593e-01  8.7311e-05   5.6971e-07   0.25      
================================================================================

Saving model and results to: results/nonsmooth_nonconvex/socp/SOCPProblem-100-50-50-10000/20260108-015004_MLP_FSNet_seed1_nepochs300_lr0.0002_trainsize7000_finetune_20260108-013329_model_220
✓ Model saved: results/nonsmooth_nonconvex/socp/SOCPProblem-100-50-50-10000/20260108-015004_MLP_FSNet_seed1_nepochs300_lr0.0002_trainsize7000_finetune_20260108-013329_model_220/model.pt
✓ Detailed results saved: results/nonsmooth_nonconvex/socp/SOCPProblem-100-50-50-10000/20260108-015004_MLP_FSNet_seed1_nepochs300_lr0.0002_trainsize7000_finetune_20260108-013329_model_220/results.pkl

Files saved (or attempted):
  - model.pt (model weights and architecture)
  - results.pkl (training history, metrics, detailed test results)
Training and testing completed in 749.43 seconds
Done!!!
============================================================
==========         =====================         ===========
==========   1      =====================         ===========
==========         =====================         ===========
============================================================

======= Running for problem: nonsmooth_nonconvex/socp =======

Loading problem instance: nonsmooth_nonconvex/socp with size [100, 50, 50, 10000]
Loading  dataset from: datasets/nonsmooth_nonconvex/socp/random2025_socp_dataset_var100_ineq50_eq50_ex10000 

Running on:  cuda
Training model using FSNet method with seed 2 for 300 epochs
Using batch size: 512
Loading model from checkpoint: results/nonsmooth_nonconvex/socp/SOCPProblem-100-50-50-10000/20260108-013329_MLP_sup_pen_seed1_nepochs500_lr0.0005_trainsize7000_subopt_2_1.0/model_220.pt

lr: 0.0002, weight_decay: 0.001, num_epochs: 300

Epoch 1/300, Loss: 25.5266, Obj: 25.4571, Eq Viol (l1): 0.000115, Ineq Viol (l1): 0.000000, Epoch time: 5.47s

Running validation at epoch 0...

VALIDATION_EPOCH_0 EVALUATION RESULTS:
==================================================
Objective Value:     2.522171e+01
True Objective:      -2.413704e+00
Optimality Gap:      4.459412e+01 ± 1.445434e+01
Eq Violation l1:   1.590018e-04 (max: 6.092959e-04)
Ineq Violation l1: 0.000000e+00 (max: 0.000000e+00)
Solution Distance:   2.305812e+02 ± 1.233886e+00
Merit:             2.522330e+01 ± 3.749099e-02
Avg Inference Time:  0.5907s
==================================================
Epoch 2/300, Loss: 24.2039, Obj: 23.9843, Eq Viol (l1): 0.000095, Ineq Viol (l1): 0.000000, Epoch time: 2.16s
Epoch 3/300, Loss: 23.3040, Obj: 22.8149, Eq Viol (l1): 0.000099, Ineq Viol (l1): 0.000000, Epoch time: 2.35s
Epoch 4/300, Loss: 22.5757, Obj: 22.2395, Eq Viol (l1): 0.000091, Ineq Viol (l1): 0.000000, Epoch time: 2.35s
Epoch 5/300, Loss: 21.6796, Obj: 21.3409, Eq Viol (l1): 0.000088, Ineq Viol (l1): 0.000000, Epoch time: 2.38s
Epoch 6/300, Loss: 20.6687, Obj: 20.3174, Eq Viol (l1): 0.000086, Ineq Viol (l1): 0.000000, Epoch time: 2.44s
Epoch 7/300, Loss: 19.5327, Obj: 19.1184, Eq Viol (l1): 0.000083, Ineq Viol (l1): 0.000001, Epoch time: 2.55s
Epoch 8/300, Loss: 17.6099, Obj: 17.1261, Eq Viol (l1): 0.000084, Ineq Viol (l1): 0.000001, Epoch time: 2.62s
Epoch 9/300, Loss: 14.1020, Obj: 13.4195, Eq Viol (l1): 0.000071, Ineq Viol (l1): 0.000001, Epoch time: 2.66s
Epoch 10/300, Loss: 11.3133, Obj: 10.0239, Eq Viol (l1): 0.000032, Ineq Viol (l1): 0.000001, Epoch time: 2.94s
Epoch 11/300, Loss: 8.0960, Obj: 6.9945, Eq Viol (l1): 0.000065, Ineq Viol (l1): 0.000000, Epoch time: 2.67s

Running validation at epoch 10...

VALIDATION_EPOCH_10 EVALUATION RESULTS:
==================================================
Objective Value:     4.342454e+00
True Objective:      -2.413704e+00
Optimality Gap:      8.664809e+00 ± 2.747440e+00
Eq Violation l1:   7.373896e-05 (max: 1.040747e-03)
Ineq Violation l1: 1.389094e-07 (max: 1.595280e-05)
Solution Distance:   1.401334e+02 ± 6.605620e-01
Merit:             4.343193e+00 ± 8.371671e-03
Avg Inference Time:  0.0660s
==================================================
Epoch 12/300, Loss: 3.4957, Obj: 2.6429, Eq Viol (l1): 0.000088, Ineq Viol (l1): 0.000000, Epoch time: 2.50s
Epoch 13/300, Loss: 1.9684, Obj: 1.2169, Eq Viol (l1): 0.000085, Ineq Viol (l1): 0.000000, Epoch time: 2.55s
Epoch 14/300, Loss: 1.2781, Obj: 0.4645, Eq Viol (l1): 0.000071, Ineq Viol (l1): 0.000000, Epoch time: 2.61s
Epoch 15/300, Loss: 0.8040, Obj: 0.1162, Eq Viol (l1): 0.000076, Ineq Viol (l1): 0.000000, Epoch time: 2.60s
Epoch 16/300, Loss: 0.6712, Obj: 0.0357, Eq Viol (l1): 0.000074, Ineq Viol (l1): 0.000000, Epoch time: 2.56s
Epoch 17/300, Loss: 0.5863, Obj: -0.0437, Eq Viol (l1): 0.000077, Ineq Viol (l1): 0.000000, Epoch time: 2.55s
Epoch 18/300, Loss: 0.5026, Obj: -0.1421, Eq Viol (l1): 0.000073, Ineq Viol (l1): 0.000001, Epoch time: 2.56s
Epoch 19/300, Loss: 0.5637, Obj: -0.1006, Eq Viol (l1): 0.000078, Ineq Viol (l1): 0.000001, Epoch time: 2.52s
Epoch 20/300, Loss: 0.2174, Obj: -0.3071, Eq Viol (l1): 0.000080, Ineq Viol (l1): 0.000001, Epoch time: 2.53s
Epoch 21/300, Loss: 0.1798, Obj: -0.2997, Eq Viol (l1): 0.000075, Ineq Viol (l1): 0.000001, Epoch time: 2.54s

Running validation at epoch 20...

VALIDATION_EPOCH_20 EVALUATION RESULTS:
==================================================
Objective Value:     -4.150030e-01
True Objective:      -2.413704e+00
Optimality Gap:      1.397242e-01 ± 1.454408e-01
Eq Violation l1:   8.250711e-05 (max: 2.208621e-03)
Ineq Violation l1: 8.994472e-07 (max: 1.081998e-04)
Solution Distance:   1.241982e+02 ± 5.891614e-01
Merit:             -4.141689e-01 ± 7.389239e-04
Avg Inference Time:  0.0660s
==================================================
Epoch 22/300, Loss: 0.2927, Obj: -0.2672, Eq Viol (l1): 0.000083, Ineq Viol (l1): 0.000000, Epoch time: 2.52s
Epoch 23/300, Loss: 0.1962, Obj: -0.2997, Eq Viol (l1): 0.000082, Ineq Viol (l1): 0.000000, Epoch time: 2.52s
Epoch 24/300, Loss: 0.1850, Obj: -0.3527, Eq Viol (l1): 0.000071, Ineq Viol (l1): 0.000000, Epoch time: 2.53s
Epoch 25/300, Loss: 0.1376, Obj: -0.3466, Eq Viol (l1): 0.000083, Ineq Viol (l1): 0.000000, Epoch time: 2.50s
Epoch 26/300, Loss: 0.0437, Obj: -0.4316, Eq Viol (l1): 0.000077, Ineq Viol (l1): 0.000000, Epoch time: 2.53s
Epoch 27/300, Loss: 0.0532, Obj: -0.4504, Eq Viol (l1): 0.000086, Ineq Viol (l1): 0.000001, Epoch time: 2.52s
Epoch 28/300, Loss: 0.0376, Obj: -0.4363, Eq Viol (l1): 0.000077, Ineq Viol (l1): 0.000000, Epoch time: 2.51s
Epoch 29/300, Loss: -0.0261, Obj: -0.4705, Eq Viol (l1): 0.000084, Ineq Viol (l1): 0.000001, Epoch time: 2.50s
Epoch 30/300, Loss: -0.0305, Obj: -0.4577, Eq Viol (l1): 0.000084, Ineq Viol (l1): 0.000001, Epoch time: 2.46s
Epoch 31/300, Loss: -0.0735, Obj: -0.4940, Eq Viol (l1): 0.000082, Ineq Viol (l1): 0.000001, Epoch time: 2.47s

Running validation at epoch 30...

VALIDATION_EPOCH_30 EVALUATION RESULTS:
==================================================
Objective Value:     -6.716696e-01
True Objective:      -2.413704e+00
Optimality Gap:      -3.553764e-01 ± 3.010280e-01
Eq Violation l1:   5.755791e-05 (max: 1.885651e-03)
Ineq Violation l1: 2.447191e-07 (max: 3.318976e-05)
Solution Distance:   1.233721e+02 ± 6.292074e-01
Merit:             -6.710916e-01 ± 5.807296e-04
Avg Inference Time:  0.0660s
==================================================
Epoch 32/300, Loss: 0.0220, Obj: -0.4370, Eq Viol (l1): 0.000080, Ineq Viol (l1): 0.000001, Epoch time: 2.49s
Epoch 33/300, Loss: 0.0226, Obj: -0.4489, Eq Viol (l1): 0.000076, Ineq Viol (l1): 0.000000, Epoch time: 2.61s
Epoch 34/300, Loss: -0.0808, Obj: -0.5030, Eq Viol (l1): 0.000078, Ineq Viol (l1): 0.000001, Epoch time: 2.51s
Epoch 35/300, Loss: 0.0945, Obj: -0.4289, Eq Viol (l1): 0.000090, Ineq Viol (l1): 0.000001, Epoch time: 2.47s
Epoch 36/300, Loss: -0.0845, Obj: -0.5140, Eq Viol (l1): 0.000087, Ineq Viol (l1): 0.000001, Epoch time: 2.45s
Epoch 37/300, Loss: -0.0716, Obj: -0.4808, Eq Viol (l1): 0.000072, Ineq Viol (l1): 0.000000, Epoch time: 2.49s
Epoch 38/300, Loss: -0.1728, Obj: -0.5717, Eq Viol (l1): 0.000080, Ineq Viol (l1): 0.000001, Epoch time: 2.56s
Epoch 39/300, Loss: -0.1689, Obj: -0.5568, Eq Viol (l1): 0.000081, Ineq Viol (l1): 0.000000, Epoch time: 2.60s
Epoch 40/300, Loss: -0.1764, Obj: -0.5531, Eq Viol (l1): 0.000082, Ineq Viol (l1): 0.000001, Epoch time: 2.60s
Epoch 41/300, Loss: -0.1413, Obj: -0.5121, Eq Viol (l1): 0.000077, Ineq Viol (l1): 0.000000, Epoch time: 2.61s

Running validation at epoch 40...

VALIDATION_EPOCH_40 EVALUATION RESULTS:
==================================================
Objective Value:     -7.775146e-01
True Objective:      -2.413704e+00
Optimality Gap:      -4.971706e-01 ± 2.932646e-01
Eq Violation l1:   7.199247e-05 (max: 1.488553e-03)
Ineq Violation l1: 6.203718e-07 (max: 8.283161e-05)
Solution Distance:   1.229985e+02 ± 5.723263e-01
Merit:             -7.767885e-01 ± 5.359483e-03
Avg Inference Time:  0.0693s
==================================================
Epoch 42/300, Loss: -0.1462, Obj: -0.5508, Eq Viol (l1): 0.000085, Ineq Viol (l1): 0.000001, Epoch time: 2.61s
Epoch 43/300, Loss: -0.2254, Obj: -0.6062, Eq Viol (l1): 0.000084, Ineq Viol (l1): 0.000001, Epoch time: 2.59s
Epoch 44/300, Loss: -0.0798, Obj: -0.4765, Eq Viol (l1): 0.000082, Ineq Viol (l1): 0.000000, Epoch time: 2.48s
Epoch 45/300, Loss: -0.1403, Obj: -0.5661, Eq Viol (l1): 0.000086, Ineq Viol (l1): 0.000001, Epoch time: 2.47s
Epoch 46/300, Loss: -0.1327, Obj: -0.5119, Eq Viol (l1): 0.000081, Ineq Viol (l1): 0.000001, Epoch time: 2.50s
Epoch 47/300, Loss: -0.2516, Obj: -0.6114, Eq Viol (l1): 0.000082, Ineq Viol (l1): 0.000000, Epoch time: 2.50s
Epoch 48/300, Loss: -0.2112, Obj: -0.5822, Eq Viol (l1): 0.000089, Ineq Viol (l1): 0.000001, Epoch time: 2.48s
Epoch 49/300, Loss: -0.1699, Obj: -0.5566, Eq Viol (l1): 0.000080, Ineq Viol (l1): 0.000000, Epoch time: 2.52s
Epoch 50/300, Loss: -0.2353, Obj: -0.5930, Eq Viol (l1): 0.000080, Ineq Viol (l1): 0.000000, Epoch time: 2.50s
Epoch 51/300, Loss: -0.1576, Obj: -0.5082, Eq Viol (l1): 0.000075, Ineq Viol (l1): 0.000000, Epoch time: 2.48s

Running validation at epoch 50...

VALIDATION_EPOCH_50 EVALUATION RESULTS:
==================================================
Objective Value:     -6.405693e-01
True Objective:      -2.413704e+00
Optimality Gap:      -3.051907e-01 ± 2.655513e-01
Eq Violation l1:   7.574733e-05 (max: 1.253218e-03)
Ineq Violation l1: 3.925132e-07 (max: 5.341505e-05)
Solution Distance:   1.242578e+02 ± 6.524992e-01
Merit:             -6.398079e-01 ± 2.867917e-03
Avg Inference Time:  0.0629s
==================================================
Epoch 52/300, Loss: -0.1947, Obj: -0.5900, Eq Viol (l1): 0.000085, Ineq Viol (l1): 0.000001, Epoch time: 2.49s
Epoch 53/300, Loss: -0.1161, Obj: -0.5430, Eq Viol (l1): 0.000082, Ineq Viol (l1): 0.000001, Epoch time: 2.51s
Epoch 54/300, Loss: -0.1958, Obj: -0.5941, Eq Viol (l1): 0.000083, Ineq Viol (l1): 0.000001, Epoch time: 2.51s
Epoch 55/300, Loss: -0.2147, Obj: -0.5761, Eq Viol (l1): 0.000080, Ineq Viol (l1): 0.000000, Epoch time: 2.49s
Epoch 56/300, Loss: -0.2517, Obj: -0.6066, Eq Viol (l1): 0.000085, Ineq Viol (l1): 0.000001, Epoch time: 2.52s
Epoch 57/300, Loss: -0.2460, Obj: -0.6147, Eq Viol (l1): 0.000082, Ineq Viol (l1): 0.000001, Epoch time: 2.50s
Epoch 58/300, Loss: -0.2485, Obj: -0.6096, Eq Viol (l1): 0.000084, Ineq Viol (l1): 0.000001, Epoch time: 2.50s
Epoch 59/300, Loss: -0.2805, Obj: -0.6115, Eq Viol (l1): 0.000083, Ineq Viol (l1): 0.000001, Epoch time: 2.51s
Epoch 60/300, Loss: -0.2256, Obj: -0.5886, Eq Viol (l1): 0.000093, Ineq Viol (l1): 0.000001, Epoch time: 2.46s
Epoch 61/300, Loss: -0.0789, Obj: -0.5286, Eq Viol (l1): 0.000081, Ineq Viol (l1): 0.000000, Epoch time: 2.50s

Running validation at epoch 60...

VALIDATION_EPOCH_60 EVALUATION RESULTS:
==================================================
Objective Value:     -5.262165e-01
True Objective:      -2.413704e+00
Optimality Gap:      -9.213603e-02 ± 1.221600e-01
Eq Violation l1:   5.971369e-05 (max: 1.792563e-03)
Ineq Violation l1: 2.999345e-07 (max: 3.035768e-05)
Solution Distance:   1.234655e+02 ± 5.483481e-01
Merit:             -5.256164e-01 ± 5.961735e-03
Avg Inference Time:  0.0647s
==================================================
Epoch 62/300, Loss: -0.1907, Obj: -0.5630, Eq Viol (l1): 0.000082, Ineq Viol (l1): 0.000000, Epoch time: 2.49s
Epoch 63/300, Loss: -0.2412, Obj: -0.6024, Eq Viol (l1): 0.000081, Ineq Viol (l1): 0.000001, Epoch time: 2.51s
Epoch 64/300, Loss: -0.1884, Obj: -0.5787, Eq Viol (l1): 0.000081, Ineq Viol (l1): 0.000001, Epoch time: 2.49s
Epoch 65/300, Loss: -0.2609, Obj: -0.6206, Eq Viol (l1): 0.000081, Ineq Viol (l1): 0.000001, Epoch time: 2.60s
Epoch 66/300, Loss: -0.2725, Obj: -0.6386, Eq Viol (l1): 0.000082, Ineq Viol (l1): 0.000000, Epoch time: 2.49s
Epoch 67/300, Loss: -0.3135, Obj: -0.6402, Eq Viol (l1): 0.000081, Ineq Viol (l1): 0.000001, Epoch time: 2.50s
Epoch 68/300, Loss: -0.2401, Obj: -0.5878, Eq Viol (l1): 0.000080, Ineq Viol (l1): 0.000001, Epoch time: 2.51s
Epoch 69/300, Loss: -0.2589, Obj: -0.6419, Eq Viol (l1): 0.000087, Ineq Viol (l1): 0.000001, Epoch time: 2.50s
Epoch 70/300, Loss: -0.2934, Obj: -0.6145, Eq Viol (l1): 0.000080, Ineq Viol (l1): 0.000001, Epoch time: 2.48s
Epoch 71/300, Loss: -0.2045, Obj: -0.5712, Eq Viol (l1): 0.000086, Ineq Viol (l1): 0.000000, Epoch time: 2.46s

Running validation at epoch 70...

VALIDATION_EPOCH_70 EVALUATION RESULTS:
==================================================
Objective Value:     -7.297164e-01
True Objective:      -2.413704e+00
Optimality Gap:      -4.763900e-01 ± 3.681970e-01
Eq Violation l1:   9.405554e-05 (max: 7.970875e-04)
Ineq Violation l1: 6.608798e-07 (max: 3.395039e-05)
Solution Distance:   1.233376e+02 ± 6.579751e-01
Merit:             -7.287692e-01 ± 4.505988e-03
Avg Inference Time:  0.0661s
==================================================
Epoch 72/300, Loss: -0.2877, Obj: -0.6375, Eq Viol (l1): 0.000087, Ineq Viol (l1): 0.000001, Epoch time: 2.47s
Epoch 73/300, Loss: -0.2706, Obj: -0.6214, Eq Viol (l1): 0.000090, Ineq Viol (l1): 0.000001, Epoch time: 2.47s
Epoch 74/300, Loss: -0.2727, Obj: -0.6285, Eq Viol (l1): 0.000091, Ineq Viol (l1): 0.000001, Epoch time: 2.47s
Epoch 75/300, Loss: -0.2451, Obj: -0.5996, Eq Viol (l1): 0.000086, Ineq Viol (l1): 0.000001, Epoch time: 2.47s
Epoch 76/300, Loss: -0.1430, Obj: -0.5959, Eq Viol (l1): 0.000078, Ineq Viol (l1): 0.000001, Epoch time: 2.53s
Epoch 77/300, Loss: -0.1672, Obj: -0.5695, Eq Viol (l1): 0.000080, Ineq Viol (l1): 0.000000, Epoch time: 2.48s
Epoch 78/300, Loss: -0.2293, Obj: -0.6034, Eq Viol (l1): 0.000079, Ineq Viol (l1): 0.000000, Epoch time: 2.50s
Epoch 79/300, Loss: -0.2322, Obj: -0.5848, Eq Viol (l1): 0.000076, Ineq Viol (l1): 0.000000, Epoch time: 2.47s
Epoch 80/300, Loss: -0.1972, Obj: -0.5730, Eq Viol (l1): 0.000082, Ineq Viol (l1): 0.000001, Epoch time: 2.51s
Epoch 81/300, Loss: -0.2798, Obj: -0.6017, Eq Viol (l1): 0.000087, Ineq Viol (l1): 0.000000, Epoch time: 2.41s

Running validation at epoch 80...

VALIDATION_EPOCH_80 EVALUATION RESULTS:
==================================================
Objective Value:     -7.526754e-01
True Objective:      -2.413704e+00
Optimality Gap:      -4.547664e-01 ± 3.259687e-01
Eq Violation l1:   8.530457e-05 (max: 7.761118e-04)
Ineq Violation l1: 3.391741e-07 (max: 2.746282e-05)
Solution Distance:   1.234669e+02 ± 6.036796e-01
Merit:             -7.518190e-01 ± 4.404120e-03
Avg Inference Time:  0.0632s
==================================================
Epoch 82/300, Loss: -0.2790, Obj: -0.6479, Eq Viol (l1): 0.000090, Ineq Viol (l1): 0.000001, Epoch time: 2.43s
Epoch 83/300, Loss: -0.2675, Obj: -0.6293, Eq Viol (l1): 0.000082, Ineq Viol (l1): 0.000000, Epoch time: 2.46s
Epoch 84/300, Loss: -0.2975, Obj: -0.6251, Eq Viol (l1): 0.000086, Ineq Viol (l1): 0.000001, Epoch time: 2.46s
Epoch 85/300, Loss: -0.3060, Obj: -0.6311, Eq Viol (l1): 0.000081, Ineq Viol (l1): 0.000001, Epoch time: 2.46s
Epoch 86/300, Loss: -0.2774, Obj: -0.6239, Eq Viol (l1): 0.000083, Ineq Viol (l1): 0.000001, Epoch time: 2.48s
Epoch 87/300, Loss: -0.2847, Obj: -0.6447, Eq Viol (l1): 0.000083, Ineq Viol (l1): 0.000001, Epoch time: 2.48s
Epoch 88/300, Loss: -0.2455, Obj: -0.6302, Eq Viol (l1): 0.000082, Ineq Viol (l1): 0.000001, Epoch time: 2.48s
Epoch 89/300, Loss: -0.2446, Obj: -0.6214, Eq Viol (l1): 0.000082, Ineq Viol (l1): 0.000000, Epoch time: 2.45s
Epoch 90/300, Loss: -0.2767, Obj: -0.6274, Eq Viol (l1): 0.000084, Ineq Viol (l1): 0.000001, Epoch time: 2.40s
Epoch 91/300, Loss: -0.3363, Obj: -0.6664, Eq Viol (l1): 0.000082, Ineq Viol (l1): 0.000001, Epoch time: 2.44s

Running validation at epoch 90...

VALIDATION_EPOCH_90 EVALUATION RESULTS:
==================================================
Objective Value:     -8.163174e-01
True Objective:      -2.413704e+00
Optimality Gap:      -5.526733e-01 ± 3.161824e-01
Eq Violation l1:   1.006087e-04 (max: 1.480242e-03)
Ineq Violation l1: 5.888116e-07 (max: 5.730859e-05)
Solution Distance:   1.229533e+02 ± 6.319445e-01
Merit:             -8.153054e-01 ± 1.112236e-04
Avg Inference Time:  0.0645s
==================================================
Epoch 92/300, Loss: -0.3238, Obj: -0.6559, Eq Viol (l1): 0.000082, Ineq Viol (l1): 0.000001, Epoch time: 2.44s
Epoch 93/300, Loss: -0.3686, Obj: -0.6637, Eq Viol (l1): 0.000083, Ineq Viol (l1): 0.000001, Epoch time: 2.44s
Epoch 94/300, Loss: -0.3475, Obj: -0.6663, Eq Viol (l1): 0.000079, Ineq Viol (l1): 0.000001, Epoch time: 2.44s
Epoch 95/300, Loss: -0.3116, Obj: -0.6463, Eq Viol (l1): 0.000086, Ineq Viol (l1): 0.000001, Epoch time: 2.41s
Epoch 96/300, Loss: -0.4000, Obj: -0.7060, Eq Viol (l1): 0.000076, Ineq Viol (l1): 0.000001, Epoch time: 2.45s
Epoch 97/300, Loss: -0.3823, Obj: -0.6717, Eq Viol (l1): 0.000084, Ineq Viol (l1): 0.000001, Epoch time: 2.39s
Epoch 98/300, Loss: -0.3096, Obj: -0.6600, Eq Viol (l1): 0.000085, Ineq Viol (l1): 0.000001, Epoch time: 2.53s
Epoch 99/300, Loss: -0.3579, Obj: -0.6581, Eq Viol (l1): 0.000088, Ineq Viol (l1): 0.000001, Epoch time: 2.42s
Epoch 100/300, Loss: -0.3547, Obj: -0.6732, Eq Viol (l1): 0.000079, Ineq Viol (l1): 0.000001, Epoch time: 2.48s
Epoch 101/300, Loss: -0.3140, Obj: -0.6593, Eq Viol (l1): 0.000077, Ineq Viol (l1): 0.000001, Epoch time: 2.48s

Running validation at epoch 100...

VALIDATION_EPOCH_100 EVALUATION RESULTS:
==================================================
Objective Value:     -7.179414e-01
True Objective:      -2.413704e+00
Optimality Gap:      -4.150451e-01 ± 2.686596e-01
Eq Violation l1:   6.628676e-05 (max: 1.429220e-03)
Ineq Violation l1: 6.514291e-07 (max: 1.080943e-04)
Solution Distance:   1.240521e+02 ± 6.150837e-01
Merit:             -7.172720e-01 ± 5.679476e-03
Avg Inference Time:  0.0673s
==================================================
Epoch 102/300, Loss: -0.3348, Obj: -0.6671, Eq Viol (l1): 0.000089, Ineq Viol (l1): 0.000001, Epoch time: 2.45s
Epoch 103/300, Loss: -0.2974, Obj: -0.6464, Eq Viol (l1): 0.000080, Ineq Viol (l1): 0.000001, Epoch time: 2.49s
Epoch 104/300, Loss: -0.2862, Obj: -0.6369, Eq Viol (l1): 0.000082, Ineq Viol (l1): 0.000001, Epoch time: 2.45s
Epoch 105/300, Loss: -0.2925, Obj: -0.6435, Eq Viol (l1): 0.000082, Ineq Viol (l1): 0.000001, Epoch time: 2.47s
Epoch 106/300, Loss: -0.3650, Obj: -0.6680, Eq Viol (l1): 0.000084, Ineq Viol (l1): 0.000001, Epoch time: 2.45s
Epoch 107/300, Loss: -0.3579, Obj: -0.6787, Eq Viol (l1): 0.000085, Ineq Viol (l1): 0.000001, Epoch time: 2.46s
Epoch 108/300, Loss: -0.3521, Obj: -0.6739, Eq Viol (l1): 0.000081, Ineq Viol (l1): 0.000001, Epoch time: 2.47s
Epoch 109/300, Loss: -0.3640, Obj: -0.6606, Eq Viol (l1): 0.000078, Ineq Viol (l1): 0.000001, Epoch time: 2.47s
Epoch 110/300, Loss: -0.2089, Obj: -0.6473, Eq Viol (l1): 0.000083, Ineq Viol (l1): 0.000001, Epoch time: 2.48s
Epoch 111/300, Loss: -0.3865, Obj: -0.6921, Eq Viol (l1): 0.000080, Ineq Viol (l1): 0.000001, Epoch time: 2.47s

Running validation at epoch 110...

VALIDATION_EPOCH_110 EVALUATION RESULTS:
==================================================
Objective Value:     -8.189937e-01
True Objective:      -2.413704e+00
Optimality Gap:      -6.079443e-01 ± 3.489903e-01
Eq Violation l1:   9.798226e-05 (max: 1.585694e-03)
Ineq Violation l1: 7.684057e-07 (max: 4.844598e-05)
Solution Distance:   1.230407e+02 ± 6.800695e-01
Merit:             -8.180062e-01 ± 1.802230e-03
Avg Inference Time:  0.0636s
==================================================
Epoch 112/300, Loss: -0.3970, Obj: -0.6938, Eq Viol (l1): 0.000082, Ineq Viol (l1): 0.000001, Epoch time: 2.43s
Epoch 113/300, Loss: -0.3655, Obj: -0.6707, Eq Viol (l1): 0.000087, Ineq Viol (l1): 0.000001, Epoch time: 2.42s
Epoch 114/300, Loss: -0.3612, Obj: -0.6780, Eq Viol (l1): 0.000084, Ineq Viol (l1): 0.000000, Epoch time: 2.46s
Epoch 115/300, Loss: -0.3137, Obj: -0.6342, Eq Viol (l1): 0.000083, Ineq Viol (l1): 0.000001, Epoch time: 2.43s
Epoch 116/300, Loss: -0.3878, Obj: -0.6913, Eq Viol (l1): 0.000081, Ineq Viol (l1): 0.000001, Epoch time: 2.46s
Epoch 117/300, Loss: -0.4040, Obj: -0.6949, Eq Viol (l1): 0.000078, Ineq Viol (l1): 0.000001, Epoch time: 2.47s
Epoch 118/300, Loss: -0.4051, Obj: -0.7117, Eq Viol (l1): 0.000082, Ineq Viol (l1): 0.000001, Epoch time: 2.45s
Epoch 119/300, Loss: -0.4250, Obj: -0.7075, Eq Viol (l1): 0.000084, Ineq Viol (l1): 0.000001, Epoch time: 2.44s
Epoch 120/300, Loss: -0.3944, Obj: -0.6939, Eq Viol (l1): 0.000083, Ineq Viol (l1): 0.000001, Epoch time: 2.45s
Epoch 121/300, Loss: -0.4152, Obj: -0.7095, Eq Viol (l1): 0.000079, Ineq Viol (l1): 0.000001, Epoch time: 2.50s

Running validation at epoch 120...

VALIDATION_EPOCH_120 EVALUATION RESULTS:
==================================================
Objective Value:     -8.021117e-01
True Objective:      -2.413704e+00
Optimality Gap:      -5.574108e-01 ± 3.195023e-01
Eq Violation l1:   9.109456e-05 (max: 1.060729e-03)
Ineq Violation l1: 5.405544e-07 (max: 2.488901e-05)
Solution Distance:   1.231295e+02 ± 6.045519e-01
Merit:             -8.011954e-01 ± 6.160778e-03
Avg Inference Time:  0.0659s
==================================================
Epoch 122/300, Loss: -0.2971, Obj: -0.6325, Eq Viol (l1): 0.000085, Ineq Viol (l1): 0.000001, Epoch time: 2.45s
Epoch 123/300, Loss: -0.3679, Obj: -0.6759, Eq Viol (l1): 0.000084, Ineq Viol (l1): 0.000001, Epoch time: 2.46s
Epoch 124/300, Loss: -0.3752, Obj: -0.6939, Eq Viol (l1): 0.000085, Ineq Viol (l1): 0.000001, Epoch time: 2.46s
Epoch 125/300, Loss: -0.4600, Obj: -0.7265, Eq Viol (l1): 0.000079, Ineq Viol (l1): 0.000001, Epoch time: 2.46s
Epoch 126/300, Loss: -0.3617, Obj: -0.6742, Eq Viol (l1): 0.000077, Ineq Viol (l1): 0.000001, Epoch time: 2.50s
Epoch 127/300, Loss: -0.4072, Obj: -0.7079, Eq Viol (l1): 0.000077, Ineq Viol (l1): 0.000001, Epoch time: 2.50s
Epoch 128/300, Loss: -0.3567, Obj: -0.6739, Eq Viol (l1): 0.000086, Ineq Viol (l1): 0.000001, Epoch time: 2.44s
Epoch 129/300, Loss: -0.3255, Obj: -0.6452, Eq Viol (l1): 0.000078, Ineq Viol (l1): 0.000001, Epoch time: 2.47s
Epoch 130/300, Loss: -0.3706, Obj: -0.6846, Eq Viol (l1): 0.000084, Ineq Viol (l1): 0.000001, Epoch time: 2.45s
Epoch 131/300, Loss: -0.3752, Obj: -0.6930, Eq Viol (l1): 0.000089, Ineq Viol (l1): 0.000001, Epoch time: 2.54s

Running validation at epoch 130...

VALIDATION_EPOCH_130 EVALUATION RESULTS:
==================================================
Objective Value:     -7.614576e-01
True Objective:      -2.413704e+00
Optimality Gap:      -4.034890e-01 ± 2.425916e-01
Eq Violation l1:   8.864247e-05 (max: 1.667227e-03)
Ineq Violation l1: 5.294433e-07 (max: 7.862803e-05)
Solution Distance:   1.237083e+02 ± 6.392859e-01
Merit:             -7.605659e-01 ± 1.968298e-03
Avg Inference Time:  0.0632s
==================================================
Epoch 132/300, Loss: -0.3984, Obj: -0.6945, Eq Viol (l1): 0.000079, Ineq Viol (l1): 0.000000, Epoch time: 2.46s
Epoch 133/300, Loss: -0.4325, Obj: -0.7185, Eq Viol (l1): 0.000086, Ineq Viol (l1): 0.000001, Epoch time: 2.44s
Epoch 134/300, Loss: -0.3310, Obj: -0.6545, Eq Viol (l1): 0.000083, Ineq Viol (l1): 0.000000, Epoch time: 2.44s
Epoch 135/300, Loss: -0.2862, Obj: -0.6304, Eq Viol (l1): 0.000084, Ineq Viol (l1): 0.000000, Epoch time: 2.45s
Epoch 136/300, Loss: -0.3670, Obj: -0.6636, Eq Viol (l1): 0.000077, Ineq Viol (l1): 0.000000, Epoch time: 2.44s
Epoch 137/300, Loss: -0.3660, Obj: -0.6888, Eq Viol (l1): 0.000083, Ineq Viol (l1): 0.000001, Epoch time: 2.47s
Epoch 138/300, Loss: -0.4001, Obj: -0.6918, Eq Viol (l1): 0.000082, Ineq Viol (l1): 0.000000, Epoch time: 2.43s
Epoch 139/300, Loss: -0.3794, Obj: -0.6865, Eq Viol (l1): 0.000088, Ineq Viol (l1): 0.000001, Epoch time: 2.45s
Epoch 140/300, Loss: -0.4116, Obj: -0.7168, Eq Viol (l1): 0.000078, Ineq Viol (l1): 0.000001, Epoch time: 2.48s
Epoch 141/300, Loss: -0.4001, Obj: -0.6818, Eq Viol (l1): 0.000082, Ineq Viol (l1): 0.000001, Epoch time: 2.45s

Running validation at epoch 140...

VALIDATION_EPOCH_140 EVALUATION RESULTS:
==================================================
Objective Value:     -7.896782e-01
True Objective:      -2.413704e+00
Optimality Gap:      -5.378485e-01 ± 3.380914e-01
Eq Violation l1:   9.033377e-05 (max: 1.201482e-03)
Ineq Violation l1: 7.081006e-07 (max: 2.843748e-05)
Solution Distance:   1.227383e+02 ± 5.997158e-01
Merit:             -7.887678e-01 ± 1.726372e-03
Avg Inference Time:  0.0677s
==================================================
Epoch 142/300, Loss: -0.2830, Obj: -0.6691, Eq Viol (l1): 0.000088, Ineq Viol (l1): 0.000001, Epoch time: 2.44s
Epoch 143/300, Loss: -0.4547, Obj: -0.7331, Eq Viol (l1): 0.000083, Ineq Viol (l1): 0.000001, Epoch time: 2.46s
Epoch 144/300, Loss: -0.4215, Obj: -0.7113, Eq Viol (l1): 0.000085, Ineq Viol (l1): 0.000001, Epoch time: 2.45s
Epoch 145/300, Loss: -0.4238, Obj: -0.7145, Eq Viol (l1): 0.000083, Ineq Viol (l1): 0.000000, Epoch time: 2.45s
Epoch 146/300, Loss: -0.3792, Obj: -0.6799, Eq Viol (l1): 0.000082, Ineq Viol (l1): 0.000001, Epoch time: 2.45s
Epoch 147/300, Loss: -0.2837, Obj: -0.6453, Eq Viol (l1): 0.000081, Ineq Viol (l1): 0.000001, Epoch time: 2.48s
Epoch 148/300, Loss: -0.3803, Obj: -0.6912, Eq Viol (l1): 0.000088, Ineq Viol (l1): 0.000001, Epoch time: 2.46s
Epoch 149/300, Loss: -0.3733, Obj: -0.6832, Eq Viol (l1): 0.000082, Ineq Viol (l1): 0.000001, Epoch time: 2.48s
Epoch 150/300, Loss: -0.3365, Obj: -0.6543, Eq Viol (l1): 0.000090, Ineq Viol (l1): 0.000000, Epoch time: 2.42s
Epoch 151/300, Loss: -0.3631, Obj: -0.6937, Eq Viol (l1): 0.000074, Ineq Viol (l1): 0.000000, Epoch time: 2.51s

Running validation at epoch 150...

VALIDATION_EPOCH_150 EVALUATION RESULTS:
==================================================
Objective Value:     -6.204510e-01
True Objective:      -2.413704e+00
Optimality Gap:      -2.626579e-01 ± 2.454010e-01
Eq Violation l1:   7.756301e-05 (max: 1.924423e-03)
Ineq Violation l1: 2.743102e-07 (max: 2.103362e-05)
Solution Distance:   1.236247e+02 ± 6.231079e-01
Merit:             -6.196726e-01 ± 7.204411e-03
Avg Inference Time:  0.0611s
==================================================
Epoch 152/300, Loss: -0.3869, Obj: -0.6858, Eq Viol (l1): 0.000088, Ineq Viol (l1): 0.000001, Epoch time: 2.42s
Epoch 153/300, Loss: -0.3697, Obj: -0.7038, Eq Viol (l1): 0.000085, Ineq Viol (l1): 0.000001, Epoch time: 2.45s
Epoch 154/300, Loss: -0.4151, Obj: -0.7006, Eq Viol (l1): 0.000084, Ineq Viol (l1): 0.000001, Epoch time: 2.43s
Epoch 155/300, Loss: -0.4094, Obj: -0.7099, Eq Viol (l1): 0.000080, Ineq Viol (l1): 0.000001, Epoch time: 2.46s
Epoch 156/300, Loss: -0.4384, Obj: -0.7218, Eq Viol (l1): 0.000088, Ineq Viol (l1): 0.000001, Epoch time: 2.42s
Epoch 157/300, Loss: -0.4616, Obj: -0.7195, Eq Viol (l1): 0.000082, Ineq Viol (l1): 0.000001, Epoch time: 2.42s
Epoch 158/300, Loss: -0.4336, Obj: -0.7164, Eq Viol (l1): 0.000085, Ineq Viol (l1): 0.000001, Epoch time: 2.44s
Epoch 159/300, Loss: -0.3890, Obj: -0.7230, Eq Viol (l1): 0.000080, Ineq Viol (l1): 0.000001, Epoch time: 2.48s
Epoch 160/300, Loss: -0.3854, Obj: -0.6950, Eq Viol (l1): 0.000079, Ineq Viol (l1): 0.000001, Epoch time: 2.48s
Epoch 161/300, Loss: -0.4703, Obj: -0.7292, Eq Viol (l1): 0.000082, Ineq Viol (l1): 0.000001, Epoch time: 2.43s

Running validation at epoch 160...

VALIDATION_EPOCH_160 EVALUATION RESULTS:
==================================================
Objective Value:     -8.528845e-01
True Objective:      -2.413704e+00
Optimality Gap:      -6.254022e-01 ± 3.590630e-01
Eq Violation l1:   8.553646e-05 (max: 1.107845e-03)
Ineq Violation l1: 5.053601e-07 (max: 3.355943e-05)
Solution Distance:   1.230845e+02 ± 5.939277e-01
Merit:             -8.520241e-01 ± 6.830950e-03
Avg Inference Time:  0.0658s
==================================================
Epoch 162/300, Loss: -0.4392, Obj: -0.7172, Eq Viol (l1): 0.000084, Ineq Viol (l1): 0.000001, Epoch time: 2.44s
Epoch 163/300, Loss: -0.4342, Obj: -0.7086, Eq Viol (l1): 0.000090, Ineq Viol (l1): 0.000001, Epoch time: 2.50s
Epoch 164/300, Loss: -0.4815, Obj: -0.7543, Eq Viol (l1): 0.000085, Ineq Viol (l1): 0.000001, Epoch time: 2.45s
Epoch 165/300, Loss: -0.3996, Obj: -0.7053, Eq Viol (l1): 0.000087, Ineq Viol (l1): 0.000001, Epoch time: 2.44s
Epoch 166/300, Loss: -0.4097, Obj: -0.7102, Eq Viol (l1): 0.000084, Ineq Viol (l1): 0.000001, Epoch time: 2.46s
Epoch 167/300, Loss: -0.4469, Obj: -0.7197, Eq Viol (l1): 0.000081, Ineq Viol (l1): 0.000001, Epoch time: 2.41s
Epoch 168/300, Loss: -0.4283, Obj: -0.7195, Eq Viol (l1): 0.000084, Ineq Viol (l1): 0.000001, Epoch time: 2.44s
Epoch 169/300, Loss: -0.4420, Obj: -0.7099, Eq Viol (l1): 0.000083, Ineq Viol (l1): 0.000001, Epoch time: 2.43s
Epoch 170/300, Loss: -0.4367, Obj: -0.7321, Eq Viol (l1): 0.000086, Ineq Viol (l1): 0.000001, Epoch time: 2.42s
Epoch 171/300, Loss: -0.4045, Obj: -0.6799, Eq Viol (l1): 0.000083, Ineq Viol (l1): 0.000001, Epoch time: 2.40s

Running validation at epoch 170...

VALIDATION_EPOCH_170 EVALUATION RESULTS:
==================================================
Objective Value:     -7.777608e-01
True Objective:      -2.413704e+00
Optimality Gap:      -5.184156e-01 ± 3.150615e-01
Eq Violation l1:   5.550692e-05 (max: 2.115078e-03)
Ineq Violation l1: 4.308638e-07 (max: 7.055164e-05)
Solution Distance:   1.233317e+02 ± 6.256635e-01
Merit:             -7.772014e-01 ± 3.423984e-03
Avg Inference Time:  0.0658s
==================================================
Epoch 172/300, Loss: -0.4480, Obj: -0.7290, Eq Viol (l1): 0.000086, Ineq Viol (l1): 0.000001, Epoch time: 2.44s
Epoch 173/300, Loss: -0.4795, Obj: -0.7582, Eq Viol (l1): 0.000091, Ineq Viol (l1): 0.000001, Epoch time: 2.42s
Epoch 174/300, Loss: -0.4259, Obj: -0.7051, Eq Viol (l1): 0.000080, Ineq Viol (l1): 0.000001, Epoch time: 2.41s
Epoch 175/300, Loss: -0.4148, Obj: -0.7085, Eq Viol (l1): 0.000084, Ineq Viol (l1): 0.000001, Epoch time: 2.45s
Epoch 176/300, Loss: -0.4283, Obj: -0.7265, Eq Viol (l1): 0.000082, Ineq Viol (l1): 0.000001, Epoch time: 2.46s
Epoch 177/300, Loss: -0.3408, Obj: -0.6675, Eq Viol (l1): 0.000075, Ineq Viol (l1): 0.000001, Epoch time: 2.48s
Epoch 178/300, Loss: -0.4167, Obj: -0.6996, Eq Viol (l1): 0.000078, Ineq Viol (l1): 0.000001, Epoch time: 2.46s
Epoch 179/300, Loss: -0.4494, Obj: -0.7145, Eq Viol (l1): 0.000083, Ineq Viol (l1): 0.000001, Epoch time: 2.43s
Epoch 180/300, Loss: -0.4269, Obj: -0.7051, Eq Viol (l1): 0.000079, Ineq Viol (l1): 0.000001, Epoch time: 2.43s
Epoch 181/300, Loss: -0.4771, Obj: -0.7413, Eq Viol (l1): 0.000079, Ineq Viol (l1): 0.000001, Epoch time: 2.46s

Running validation at epoch 180...

VALIDATION_EPOCH_180 EVALUATION RESULTS:
==================================================
Objective Value:     -8.102919e-01
True Objective:      -2.413704e+00
Optimality Gap:      -5.829572e-01 ± 3.383060e-01
Eq Violation l1:   1.111981e-04 (max: 1.606674e-03)
Ineq Violation l1: 9.996719e-07 (max: 4.947183e-05)
Solution Distance:   1.231670e+02 ± 6.578153e-01
Merit:             -8.091699e-01 ± 2.235451e-03
Avg Inference Time:  0.0636s
==================================================
Epoch 182/300, Loss: -0.3194, Obj: -0.6519, Eq Viol (l1): 0.000087, Ineq Viol (l1): 0.000001, Epoch time: 2.41s
Epoch 183/300, Loss: -0.4212, Obj: -0.7239, Eq Viol (l1): 0.000085, Ineq Viol (l1): 0.000001, Epoch time: 2.42s
Epoch 184/300, Loss: -0.4575, Obj: -0.7302, Eq Viol (l1): 0.000086, Ineq Viol (l1): 0.000001, Epoch time: 2.43s
Epoch 185/300, Loss: -0.4003, Obj: -0.7169, Eq Viol (l1): 0.000084, Ineq Viol (l1): 0.000001, Epoch time: 2.43s
Epoch 186/300, Loss: -0.4196, Obj: -0.7128, Eq Viol (l1): 0.000089, Ineq Viol (l1): 0.000001, Epoch time: 2.43s
Epoch 187/300, Loss: -0.4071, Obj: -0.7115, Eq Viol (l1): 0.000081, Ineq Viol (l1): 0.000001, Epoch time: 2.45s
Epoch 188/300, Loss: -0.4058, Obj: -0.7068, Eq Viol (l1): 0.000084, Ineq Viol (l1): 0.000001, Epoch time: 2.43s
Epoch 189/300, Loss: -0.4420, Obj: -0.7135, Eq Viol (l1): 0.000083, Ineq Viol (l1): 0.000001, Epoch time: 2.44s
Epoch 190/300, Loss: -0.4083, Obj: -0.6918, Eq Viol (l1): 0.000080, Ineq Viol (l1): 0.000001, Epoch time: 2.46s
Epoch 191/300, Loss: -0.3462, Obj: -0.6940, Eq Viol (l1): 0.000089, Ineq Viol (l1): 0.000001, Epoch time: 2.42s

Running validation at epoch 190...

VALIDATION_EPOCH_190 EVALUATION RESULTS:
==================================================
Objective Value:     -8.109602e-01
True Objective:      -2.413704e+00
Optimality Gap:      -5.414173e-01 ± 3.086624e-01
Eq Violation l1:   8.198931e-05 (max: 9.839393e-04)
Ineq Violation l1: 4.506263e-07 (max: 5.549239e-05)
Solution Distance:   1.231740e+02 ± 6.593601e-01
Merit:             -8.101358e-01 ± 9.439267e-04
Avg Inference Time:  0.0637s
==================================================
Epoch 192/300, Loss: -0.4615, Obj: -0.7280, Eq Viol (l1): 0.000086, Ineq Viol (l1): 0.000001, Epoch time: 2.41s
Epoch 193/300, Loss: -0.4717, Obj: -0.7401, Eq Viol (l1): 0.000081, Ineq Viol (l1): 0.000001, Epoch time: 2.44s
Epoch 194/300, Loss: -0.4608, Obj: -0.7316, Eq Viol (l1): 0.000089, Ineq Viol (l1): 0.000001, Epoch time: 2.43s
Epoch 195/300, Loss: -0.4057, Obj: -0.6977, Eq Viol (l1): 0.000091, Ineq Viol (l1): 0.000001, Epoch time: 2.41s
Epoch 196/300, Loss: -0.4363, Obj: -0.7084, Eq Viol (l1): 0.000083, Ineq Viol (l1): 0.000001, Epoch time: 2.51s
Epoch 197/300, Loss: -0.4173, Obj: -0.7156, Eq Viol (l1): 0.000083, Ineq Viol (l1): 0.000001, Epoch time: 2.44s
Epoch 198/300, Loss: -0.4258, Obj: -0.7238, Eq Viol (l1): 0.000078, Ineq Viol (l1): 0.000001, Epoch time: 2.46s
Epoch 199/300, Loss: -0.4596, Obj: -0.7286, Eq Viol (l1): 0.000089, Ineq Viol (l1): 0.000001, Epoch time: 2.39s
Epoch 200/300, Loss: -0.4566, Obj: -0.7294, Eq Viol (l1): 0.000084, Ineq Viol (l1): 0.000001, Epoch time: 2.40s
Epoch 201/300, Loss: -0.4891, Obj: -0.7357, Eq Viol (l1): 0.000081, Ineq Viol (l1): 0.000001, Epoch time: 2.40s

Running validation at epoch 200...

VALIDATION_EPOCH_200 EVALUATION RESULTS:
==================================================
Objective Value:     -8.446715e-01
True Objective:      -2.413704e+00
Optimality Gap:      -6.048707e-01 ± 3.328004e-01
Eq Violation l1:   1.149505e-04 (max: 1.259824e-03)
Ineq Violation l1: 7.030553e-07 (max: 4.837501e-05)
Solution Distance:   1.230515e+02 ± 6.376510e-01
Merit:             -8.435150e-01 ± 4.572383e-03
Avg Inference Time:  0.0632s
==================================================
Epoch 202/300, Loss: -0.4569, Obj: -0.7215, Eq Viol (l1): 0.000080, Ineq Viol (l1): 0.000000, Epoch time: 2.44s
Epoch 203/300, Loss: -0.4126, Obj: -0.6954, Eq Viol (l1): 0.000082, Ineq Viol (l1): 0.000001, Epoch time: 2.43s
Epoch 204/300, Loss: -0.4253, Obj: -0.7239, Eq Viol (l1): 0.000082, Ineq Viol (l1): 0.000001, Epoch time: 2.42s
Epoch 205/300, Loss: -0.4871, Obj: -0.7424, Eq Viol (l1): 0.000084, Ineq Viol (l1): 0.000001, Epoch time: 2.40s
Epoch 206/300, Loss: -0.4513, Obj: -0.7285, Eq Viol (l1): 0.000083, Ineq Viol (l1): 0.000001, Epoch time: 2.42s
Epoch 207/300, Loss: -0.4833, Obj: -0.7503, Eq Viol (l1): 0.000086, Ineq Viol (l1): 0.000001, Epoch time: 2.42s
Epoch 208/300, Loss: -0.4516, Obj: -0.7178, Eq Viol (l1): 0.000081, Ineq Viol (l1): 0.000001, Epoch time: 2.39s
Epoch 209/300, Loss: -0.4812, Obj: -0.7413, Eq Viol (l1): 0.000084, Ineq Viol (l1): 0.000001, Epoch time: 2.41s
Epoch 210/300, Loss: -0.4880, Obj: -0.7545, Eq Viol (l1): 0.000075, Ineq Viol (l1): 0.000000, Epoch time: 2.44s
Epoch 211/300, Loss: -0.4513, Obj: -0.7302, Eq Viol (l1): 0.000083, Ineq Viol (l1): 0.000001, Epoch time: 2.45s

Running validation at epoch 210...

VALIDATION_EPOCH_210 EVALUATION RESULTS:
==================================================
Objective Value:     -7.413434e-01
True Objective:      -2.413704e+00
Optimality Gap:      -4.158653e-01 ± 2.879192e-01
Eq Violation l1:   6.855468e-05 (max: 1.233194e-03)
Ineq Violation l1: 3.407679e-07 (max: 4.287850e-05)
Solution Distance:   1.235021e+02 ± 6.164255e-01
Merit:             -7.406545e-01 ± 3.174123e-03
Avg Inference Time:  0.0659s
==================================================
Epoch 212/300, Loss: -0.4598, Obj: -0.7311, Eq Viol (l1): 0.000087, Ineq Viol (l1): 0.000001, Epoch time: 2.42s
Epoch 213/300, Loss: -0.4574, Obj: -0.7407, Eq Viol (l1): 0.000082, Ineq Viol (l1): 0.000001, Epoch time: 2.44s
Epoch 214/300, Loss: -0.4374, Obj: -0.7177, Eq Viol (l1): 0.000078, Ineq Viol (l1): 0.000001, Epoch time: 2.46s
Epoch 215/300, Loss: -0.3904, Obj: -0.7251, Eq Viol (l1): 0.000076, Ineq Viol (l1): 0.000001, Epoch time: 2.50s
Epoch 216/300, Loss: -0.4558, Obj: -0.7294, Eq Viol (l1): 0.000077, Ineq Viol (l1): 0.000000, Epoch time: 2.47s
Epoch 217/300, Loss: -0.4367, Obj: -0.7304, Eq Viol (l1): 0.000089, Ineq Viol (l1): 0.000001, Epoch time: 2.44s
Epoch 218/300, Loss: -0.4087, Obj: -0.7152, Eq Viol (l1): 0.000082, Ineq Viol (l1): 0.000001, Epoch time: 2.47s
Epoch 219/300, Loss: -0.4359, Obj: -0.7212, Eq Viol (l1): 0.000080, Ineq Viol (l1): 0.000001, Epoch time: 2.45s
Epoch 220/300, Loss: -0.4906, Obj: -0.7478, Eq Viol (l1): 0.000075, Ineq Viol (l1): 0.000001, Epoch time: 2.42s
Epoch 221/300, Loss: -0.4249, Obj: -0.7300, Eq Viol (l1): 0.000074, Ineq Viol (l1): 0.000001, Epoch time: 2.48s

Running validation at epoch 220...

VALIDATION_EPOCH_220 EVALUATION RESULTS:
==================================================
Objective Value:     -8.349788e-01
True Objective:      -2.413704e+00
Optimality Gap:      -5.939002e-01 ± 3.152353e-01
Eq Violation l1:   9.202041e-05 (max: 6.170354e-04)
Ineq Violation l1: 6.192280e-07 (max: 2.128728e-05)
Solution Distance:   1.231262e+02 ± 6.438081e-01
Merit:             -8.340524e-01 ± 1.648789e-03
Avg Inference Time:  0.0661s
==================================================
Epoch 222/300, Loss: -0.4581, Obj: -0.7323, Eq Viol (l1): 0.000078, Ineq Viol (l1): 0.000000, Epoch time: 2.45s
Epoch 223/300, Loss: -0.4744, Obj: -0.7448, Eq Viol (l1): 0.000079, Ineq Viol (l1): 0.000001, Epoch time: 2.46s
Epoch 224/300, Loss: -0.4761, Obj: -0.7427, Eq Viol (l1): 0.000084, Ineq Viol (l1): 0.000001, Epoch time: 2.45s
Epoch 225/300, Loss: -0.4597, Obj: -0.7256, Eq Viol (l1): 0.000079, Ineq Viol (l1): 0.000001, Epoch time: 2.45s
Epoch 226/300, Loss: -0.4301, Obj: -0.7237, Eq Viol (l1): 0.000084, Ineq Viol (l1): 0.000001, Epoch time: 2.45s
Epoch 227/300, Loss: -0.4284, Obj: -0.7301, Eq Viol (l1): 0.000092, Ineq Viol (l1): 0.000001, Epoch time: 2.44s
Epoch 228/300, Loss: -0.4067, Obj: -0.7298, Eq Viol (l1): 0.000081, Ineq Viol (l1): 0.000001, Epoch time: 2.48s
Epoch 229/300, Loss: -0.3459, Obj: -0.6843, Eq Viol (l1): 0.000085, Ineq Viol (l1): 0.000001, Epoch time: 2.54s
Epoch 230/300, Loss: -0.4700, Obj: -0.7339, Eq Viol (l1): 0.000083, Ineq Viol (l1): 0.000001, Epoch time: 2.41s
Epoch 231/300, Loss: -0.5189, Obj: -0.7542, Eq Viol (l1): 0.000084, Ineq Viol (l1): 0.000001, Epoch time: 2.39s

Running validation at epoch 230...

VALIDATION_EPOCH_230 EVALUATION RESULTS:
==================================================
Objective Value:     -8.598331e-01
True Objective:      -2.413704e+00
Optimality Gap:      -6.368789e-01 ± 3.415736e-01
Eq Violation l1:   9.472993e-05 (max: 9.983506e-04)
Ineq Violation l1: 7.835773e-07 (max: 2.795682e-05)
Solution Distance:   1.227430e+02 ± 6.317938e-01
Merit:             -8.588780e-01 ± 2.758935e-03
Avg Inference Time:  0.0657s
==================================================
Epoch 232/300, Loss: -0.4487, Obj: -0.7190, Eq Viol (l1): 0.000082, Ineq Viol (l1): 0.000001, Epoch time: 2.42s
Epoch 233/300, Loss: -0.4851, Obj: -0.7476, Eq Viol (l1): 0.000081, Ineq Viol (l1): 0.000001, Epoch time: 2.44s
Epoch 234/300, Loss: -0.5068, Obj: -0.7541, Eq Viol (l1): 0.000083, Ineq Viol (l1): 0.000000, Epoch time: 2.43s
Epoch 235/300, Loss: -0.5131, Obj: -0.7617, Eq Viol (l1): 0.000080, Ineq Viol (l1): 0.000001, Epoch time: 2.46s
Epoch 236/300, Loss: -0.4331, Obj: -0.7213, Eq Viol (l1): 0.000086, Ineq Viol (l1): 0.000001, Epoch time: 2.44s
Epoch 237/300, Loss: -0.4581, Obj: -0.7351, Eq Viol (l1): 0.000079, Ineq Viol (l1): 0.000001, Epoch time: 2.48s
Epoch 238/300, Loss: -0.4207, Obj: -0.7071, Eq Viol (l1): 0.000075, Ineq Viol (l1): 0.000001, Epoch time: 2.46s
Epoch 239/300, Loss: -0.4002, Obj: -0.7228, Eq Viol (l1): 0.000087, Ineq Viol (l1): 0.000001, Epoch time: 2.46s
Epoch 240/300, Loss: -0.4339, Obj: -0.7196, Eq Viol (l1): 0.000088, Ineq Viol (l1): 0.000001, Epoch time: 2.43s
Epoch 241/300, Loss: -0.4815, Obj: -0.7329, Eq Viol (l1): 0.000077, Ineq Viol (l1): 0.000001, Epoch time: 2.44s

Running validation at epoch 240...

VALIDATION_EPOCH_240 EVALUATION RESULTS:
==================================================
Objective Value:     -8.324987e-01
True Objective:      -2.413704e+00
Optimality Gap:      -5.811089e-01 ± 3.326421e-01
Eq Violation l1:   6.374459e-05 (max: 1.349667e-03)
Ineq Violation l1: 4.937339e-07 (max: 4.518548e-05)
Solution Distance:   1.231324e+02 ± 6.425647e-01
Merit:             -8.318563e-01 ± 1.048309e-03
Avg Inference Time:  0.0663s
==================================================
Epoch 242/300, Loss: -0.4358, Obj: -0.7200, Eq Viol (l1): 0.000083, Ineq Viol (l1): 0.000001, Epoch time: 2.44s
Epoch 243/300, Loss: -0.4465, Obj: -0.7149, Eq Viol (l1): 0.000084, Ineq Viol (l1): 0.000001, Epoch time: 2.46s
Epoch 244/300, Loss: -0.5293, Obj: -0.7671, Eq Viol (l1): 0.000077, Ineq Viol (l1): 0.000001, Epoch time: 2.46s
Epoch 245/300, Loss: -0.4414, Obj: -0.7408, Eq Viol (l1): 0.000077, Ineq Viol (l1): 0.000001, Epoch time: 2.48s
Epoch 246/300, Loss: -0.5181, Obj: -0.7676, Eq Viol (l1): 0.000083, Ineq Viol (l1): 0.000001, Epoch time: 2.43s
Epoch 247/300, Loss: -0.4959, Obj: -0.7561, Eq Viol (l1): 0.000086, Ineq Viol (l1): 0.000001, Epoch time: 2.41s
Epoch 248/300, Loss: -0.4941, Obj: -0.7537, Eq Viol (l1): 0.000076, Ineq Viol (l1): 0.000001, Epoch time: 2.52s
Epoch 249/300, Loss: -0.4759, Obj: -0.7406, Eq Viol (l1): 0.000084, Ineq Viol (l1): 0.000001, Epoch time: 2.59s
Epoch 250/300, Loss: -0.4749, Obj: -0.7513, Eq Viol (l1): 0.000083, Ineq Viol (l1): 0.000001, Epoch time: 2.59s
Epoch 251/300, Loss: -0.5024, Obj: -0.7509, Eq Viol (l1): 0.000092, Ineq Viol (l1): 0.000001, Epoch time: 2.55s

Running validation at epoch 250...

VALIDATION_EPOCH_250 EVALUATION RESULTS:
==================================================
Objective Value:     -7.305489e-01
True Objective:      -2.413704e+00
Optimality Gap:      -4.348915e-01 ± 2.887865e-01
Eq Violation l1:   6.138174e-05 (max: 1.774280e-03)
Ineq Violation l1: 8.349703e-07 (max: 1.677360e-04)
Solution Distance:   1.235883e+02 ± 6.594999e-01
Merit:             -7.299267e-01 ± 1.292943e-03
Avg Inference Time:  0.0641s
==================================================
Epoch 252/300, Loss: -0.4837, Obj: -0.7531, Eq Viol (l1): 0.000083, Ineq Viol (l1): 0.000001, Epoch time: 2.58s
Epoch 253/300, Loss: -0.4998, Obj: -0.7563, Eq Viol (l1): 0.000088, Ineq Viol (l1): 0.000001, Epoch time: 2.53s
Epoch 254/300, Loss: -0.4749, Obj: -0.7441, Eq Viol (l1): 0.000087, Ineq Viol (l1): 0.000001, Epoch time: 2.45s
Epoch 255/300, Loss: -0.4789, Obj: -0.7464, Eq Viol (l1): 0.000091, Ineq Viol (l1): 0.000001, Epoch time: 2.45s
Epoch 256/300, Loss: -0.5300, Obj: -0.7729, Eq Viol (l1): 0.000085, Ineq Viol (l1): 0.000001, Epoch time: 2.45s
Epoch 257/300, Loss: -0.4156, Obj: -0.7214, Eq Viol (l1): 0.000079, Ineq Viol (l1): 0.000001, Epoch time: 2.50s
Epoch 258/300, Loss: -0.4017, Obj: -0.7171, Eq Viol (l1): 0.000079, Ineq Viol (l1): 0.000001, Epoch time: 2.50s
Epoch 259/300, Loss: -0.4648, Obj: -0.7537, Eq Viol (l1): 0.000080, Ineq Viol (l1): 0.000001, Epoch time: 2.49s
Epoch 260/300, Loss: -0.5158, Obj: -0.7642, Eq Viol (l1): 0.000086, Ineq Viol (l1): 0.000001, Epoch time: 2.46s
Epoch 261/300, Loss: -0.4891, Obj: -0.7695, Eq Viol (l1): 0.000080, Ineq Viol (l1): 0.000001, Epoch time: 2.49s

Running validation at epoch 260...

VALIDATION_EPOCH_260 EVALUATION RESULTS:
==================================================
Objective Value:     -7.673692e-01
True Objective:      -2.413704e+00
Optimality Gap:      -4.731772e-01 ± 3.141722e-01
Eq Violation l1:   7.039919e-05 (max: 1.173244e-03)
Ineq Violation l1: 4.570494e-07 (max: 3.725774e-05)
Solution Distance:   1.236198e+02 ± 6.108292e-01
Merit:             -7.666606e-01 ± 6.795476e-03
Avg Inference Time:  0.0641s
==================================================
Epoch 262/300, Loss: -0.5087, Obj: -0.7551, Eq Viol (l1): 0.000080, Ineq Viol (l1): 0.000001, Epoch time: 2.57s
Epoch 263/300, Loss: -0.4960, Obj: -0.7584, Eq Viol (l1): 0.000084, Ineq Viol (l1): 0.000001, Epoch time: 2.48s
Epoch 264/300, Loss: -0.4554, Obj: -0.7490, Eq Viol (l1): 0.000080, Ineq Viol (l1): 0.000001, Epoch time: 2.49s
Epoch 265/300, Loss: -0.4860, Obj: -0.7452, Eq Viol (l1): 0.000083, Ineq Viol (l1): 0.000001, Epoch time: 2.46s
Epoch 266/300, Loss: -0.4630, Obj: -0.7477, Eq Viol (l1): 0.000085, Ineq Viol (l1): 0.000001, Epoch time: 2.43s
Epoch 267/300, Loss: -0.5452, Obj: -0.7749, Eq Viol (l1): 0.000078, Ineq Viol (l1): 0.000001, Epoch time: 2.43s
Epoch 268/300, Loss: -0.5215, Obj: -0.7665, Eq Viol (l1): 0.000088, Ineq Viol (l1): 0.000001, Epoch time: 2.42s
Epoch 269/300, Loss: -0.4865, Obj: -0.7536, Eq Viol (l1): 0.000083, Ineq Viol (l1): 0.000001, Epoch time: 2.41s
Epoch 270/300, Loss: -0.5028, Obj: -0.7664, Eq Viol (l1): 0.000085, Ineq Viol (l1): 0.000001, Epoch time: 2.41s
Epoch 271/300, Loss: -0.5249, Obj: -0.7619, Eq Viol (l1): 0.000082, Ineq Viol (l1): 0.000001, Epoch time: 2.39s

Running validation at epoch 270...

VALIDATION_EPOCH_270 EVALUATION RESULTS:
==================================================
Objective Value:     -8.563251e-01
True Objective:      -2.413704e+00
Optimality Gap:      -6.384974e-01 ± 3.559105e-01
Eq Violation l1:   8.956021e-05 (max: 1.454526e-03)
Ineq Violation l1: 7.287601e-07 (max: 3.009209e-05)
Solution Distance:   1.231541e+02 ± 6.238982e-01
Merit:             -8.554222e-01 ± 6.008753e-04
Avg Inference Time:  0.0657s
==================================================
Epoch 272/300, Loss: -0.4793, Obj: -0.7488, Eq Viol (l1): 0.000084, Ineq Viol (l1): 0.000001, Epoch time: 2.39s
Epoch 273/300, Loss: -0.4583, Obj: -0.7295, Eq Viol (l1): 0.000082, Ineq Viol (l1): 0.000001, Epoch time: 2.42s
Epoch 274/300, Loss: -0.4281, Obj: -0.7262, Eq Viol (l1): 0.000086, Ineq Viol (l1): 0.000001, Epoch time: 2.37s
Epoch 275/300, Loss: -0.4470, Obj: -0.7349, Eq Viol (l1): 0.000092, Ineq Viol (l1): 0.000001, Epoch time: 2.39s
Epoch 276/300, Loss: -0.4662, Obj: -0.7380, Eq Viol (l1): 0.000088, Ineq Viol (l1): 0.000001, Epoch time: 2.37s
Epoch 277/300, Loss: -0.4875, Obj: -0.7419, Eq Viol (l1): 0.000090, Ineq Viol (l1): 0.000001, Epoch time: 2.36s
Epoch 278/300, Loss: -0.5165, Obj: -0.7604, Eq Viol (l1): 0.000076, Ineq Viol (l1): 0.000001, Epoch time: 2.42s
Epoch 279/300, Loss: -0.4919, Obj: -0.7582, Eq Viol (l1): 0.000084, Ineq Viol (l1): 0.000001, Epoch time: 2.40s
Epoch 280/300, Loss: -0.5012, Obj: -0.7504, Eq Viol (l1): 0.000081, Ineq Viol (l1): 0.000001, Epoch time: 2.41s
Epoch 281/300, Loss: -0.4465, Obj: -0.7296, Eq Viol (l1): 0.000080, Ineq Viol (l1): 0.000001, Epoch time: 2.41s

Running validation at epoch 280...

VALIDATION_EPOCH_280 EVALUATION RESULTS:
==================================================
Objective Value:     -8.279232e-01
True Objective:      -2.413704e+00
Optimality Gap:      -6.014342e-01 ± 3.386146e-01
Eq Violation l1:   7.833704e-05 (max: 1.997734e-03)
Ineq Violation l1: 3.726723e-07 (max: 4.000205e-05)
Solution Distance:   1.231508e+02 ± 6.474377e-01
Merit:             -8.271361e-01 ± 4.153958e-03
Avg Inference Time:  0.0656s
==================================================
Epoch 282/300, Loss: -0.4876, Obj: -0.7708, Eq Viol (l1): 0.000085, Ineq Viol (l1): 0.000001, Epoch time: 2.40s
Epoch 283/300, Loss: -0.4386, Obj: -0.7280, Eq Viol (l1): 0.000086, Ineq Viol (l1): 0.000001, Epoch time: 2.44s
Epoch 284/300, Loss: -0.4474, Obj: -0.7410, Eq Viol (l1): 0.000093, Ineq Viol (l1): 0.000001, Epoch time: 2.43s
Epoch 285/300, Loss: -0.4557, Obj: -0.7362, Eq Viol (l1): 0.000086, Ineq Viol (l1): 0.000001, Epoch time: 2.42s
Epoch 286/300, Loss: -0.4916, Obj: -0.7556, Eq Viol (l1): 0.000084, Ineq Viol (l1): 0.000001, Epoch time: 2.46s
Epoch 287/300, Loss: -0.4931, Obj: -0.7545, Eq Viol (l1): 0.000085, Ineq Viol (l1): 0.000001, Epoch time: 2.52s
Epoch 288/300, Loss: -0.5001, Obj: -0.7484, Eq Viol (l1): 0.000087, Ineq Viol (l1): 0.000001, Epoch time: 2.48s
Epoch 289/300, Loss: -0.5141, Obj: -0.7746, Eq Viol (l1): 0.000085, Ineq Viol (l1): 0.000001, Epoch time: 2.44s
Epoch 290/300, Loss: -0.4120, Obj: -0.7144, Eq Viol (l1): 0.000094, Ineq Viol (l1): 0.000001, Epoch time: 2.38s
Epoch 291/300, Loss: -0.3920, Obj: -0.7302, Eq Viol (l1): 0.000086, Ineq Viol (l1): 0.000001, Epoch time: 2.42s

Running validation at epoch 290...

VALIDATION_EPOCH_290 EVALUATION RESULTS:
==================================================
Objective Value:     -8.190540e-01
True Objective:      -2.413704e+00
Optimality Gap:      -5.820786e-01 ± 3.414069e-01
Eq Violation l1:   8.477077e-05 (max: 1.399034e-03)
Ineq Violation l1: 7.518361e-07 (max: 9.185566e-05)
Solution Distance:   1.232472e+02 ± 6.001996e-01
Merit:             -8.181988e-01 ± 2.496749e-03
Avg Inference Time:  0.0664s
==================================================
Epoch 292/300, Loss: -0.4800, Obj: -0.7580, Eq Viol (l1): 0.000084, Ineq Viol (l1): 0.000001, Epoch time: 2.46s
Epoch 293/300, Loss: -0.4765, Obj: -0.7468, Eq Viol (l1): 0.000084, Ineq Viol (l1): 0.000001, Epoch time: 2.43s
Epoch 294/300, Loss: -0.5068, Obj: -0.7538, Eq Viol (l1): 0.000088, Ineq Viol (l1): 0.000000, Epoch time: 2.46s
Epoch 295/300, Loss: -0.5235, Obj: -0.7763, Eq Viol (l1): 0.000086, Ineq Viol (l1): 0.000001, Epoch time: 2.61s
Epoch 296/300, Loss: -0.4794, Obj: -0.7344, Eq Viol (l1): 0.000079, Ineq Viol (l1): 0.000001, Epoch time: 2.59s
Epoch 297/300, Loss: -0.4865, Obj: -0.7621, Eq Viol (l1): 0.000084, Ineq Viol (l1): 0.000001, Epoch time: 2.51s
Epoch 298/300, Loss: -0.5090, Obj: -0.7696, Eq Viol (l1): 0.000086, Ineq Viol (l1): 0.000001, Epoch time: 2.50s
Epoch 299/300, Loss: -0.4411, Obj: -0.7244, Eq Viol (l1): 0.000087, Ineq Viol (l1): 0.000001, Epoch time: 2.57s
Epoch 300/300, Loss: -0.3112, Obj: -0.7054, Eq Viol (l1): 0.000086, Ineq Viol (l1): 0.000001, Epoch time: 2.58s

Training completed in 748.64 seconds.

============================================================
COMPREHENSIVE TEST EVALUATION WITH DETAILED RESULTS
============================================================
Testing with batch sizes: [256, 512]

Evaluating with batch size: 256 (with detailed results)

TEST_BS256 EVALUATION RESULTS:
==================================================
Objective Value:     -7.445011e-01
True Objective:      -2.409220e+00
Optimality Gap:      -1.597409e-01 ± 1.790444e+00
Eq Violation l1:   8.273150e-05 (max: 9.967707e-04)
Ineq Violation l1: 6.331562e-07 (max: 3.858438e-05)
Solution Distance:   1.251735e+02 ± 1.999079e+00
Merit:             -7.436675e-01 ± 5.838207e-02
Avg Inference Time:  0.0540s
==================================================

Evaluating with batch size: 512 (with detailed results)

TEST_BS512 EVALUATION RESULTS:
==================================================
Objective Value:     -7.423934e-01
True Objective:      -2.408634e+00
Optimality Gap:      -1.671896e-01 ± 1.352245e+00
Eq Violation l1:   9.041802e-05 (max: 1.341641e-03)
Ineq Violation l1: 6.388251e-07 (max: 3.915471e-05)
Solution Distance:   1.251324e+02 ± 1.245546e+00
Merit:             -7.414828e-01 ± 5.157935e-02
Avg Inference Time:  0.0612s
==================================================

TEST BATCH SIZE COMPARISON:
================================================================================
Batch Size   Objective    Opt Gap      Eq Viol      Ineq Viol    Time (s)  
--------------------------------------------------------------------------------
256          -7.4450e-01  -1.5974e-01  8.2732e-05   6.3316e-07   0.43      
512          -7.4239e-01  -1.6719e-01  9.0418e-05   6.3883e-07   0.24      
================================================================================

Saving model and results to: results/nonsmooth_nonconvex/socp/SOCPProblem-100-50-50-10000/20260108-020238_MLP_FSNet_seed2_nepochs300_lr0.0002_trainsize7000_finetune_20260108-013329_model_220
✓ Model saved: results/nonsmooth_nonconvex/socp/SOCPProblem-100-50-50-10000/20260108-020238_MLP_FSNet_seed2_nepochs300_lr0.0002_trainsize7000_finetune_20260108-013329_model_220/model.pt
✓ Detailed results saved: results/nonsmooth_nonconvex/socp/SOCPProblem-100-50-50-10000/20260108-020238_MLP_FSNet_seed2_nepochs300_lr0.0002_trainsize7000_finetune_20260108-013329_model_220/results.pkl

Files saved (or attempted):
  - model.pt (model weights and architecture)
  - results.pkl (training history, metrics, detailed test results)
Training and testing completed in 750.98 seconds
Done!!!
============================================================
==========         =====================         ===========
==========   2      =====================         ===========
==========         =====================         ===========
============================================================

======= Running for problem: nonsmooth_nonconvex/socp =======

Loading problem instance: nonsmooth_nonconvex/socp with size [100, 50, 50, 10000]
Loading  dataset from: datasets/nonsmooth_nonconvex/socp/random2025_socp_dataset_var100_ineq50_eq50_ex10000 

Running on:  cuda
Training model using FSNet method with seed 3 for 300 epochs
Using batch size: 512
Loading model from checkpoint: results/nonsmooth_nonconvex/socp/SOCPProblem-100-50-50-10000/20260108-013329_MLP_sup_pen_seed1_nepochs500_lr0.0005_trainsize7000_subopt_2_1.0/model_220.pt

lr: 0.0002, weight_decay: 0.001, num_epochs: 300

Epoch 1/300, Loss: 25.5096, Obj: 25.4409, Eq Viol (l1): 0.000122, Ineq Viol (l1): 0.000000, Epoch time: 5.61s

Running validation at epoch 0...

VALIDATION_EPOCH_0 EVALUATION RESULTS:
==================================================
Objective Value:     2.522122e+01
True Objective:      -2.413704e+00
Optimality Gap:      4.459136e+01 ± 1.445413e+01
Eq Violation l1:   1.574118e-04 (max: 4.898224e-04)
Ineq Violation l1: 0.000000e+00 (max: 0.000000e+00)
Solution Distance:   2.305783e+02 ± 1.230315e+00
Merit:             2.522280e+01 ± 3.681385e-02
Avg Inference Time:  0.5988s
==================================================
Epoch 2/300, Loss: 24.1991, Obj: 23.9790, Eq Viol (l1): 0.000093, Ineq Viol (l1): 0.000000, Epoch time: 2.20s
Epoch 3/300, Loss: 23.3224, Obj: 22.8092, Eq Viol (l1): 0.000096, Ineq Viol (l1): 0.000000, Epoch time: 2.39s
Epoch 4/300, Loss: 22.6308, Obj: 22.2947, Eq Viol (l1): 0.000090, Ineq Viol (l1): 0.000000, Epoch time: 2.38s
Epoch 5/300, Loss: 21.7550, Obj: 21.4315, Eq Viol (l1): 0.000086, Ineq Viol (l1): 0.000000, Epoch time: 2.41s
Epoch 6/300, Loss: 20.7780, Obj: 20.4302, Eq Viol (l1): 0.000085, Ineq Viol (l1): 0.000000, Epoch time: 2.49s
Epoch 7/300, Loss: 19.6498, Obj: 19.2270, Eq Viol (l1): 0.000093, Ineq Viol (l1): 0.000001, Epoch time: 2.58s
Epoch 8/300, Loss: 17.9764, Obj: 17.4838, Eq Viol (l1): 0.000084, Ineq Viol (l1): 0.000001, Epoch time: 2.68s
Epoch 9/300, Loss: 14.9529, Obj: 14.2799, Eq Viol (l1): 0.000071, Ineq Viol (l1): 0.000001, Epoch time: 2.70s
Epoch 10/300, Loss: 12.0340, Obj: 10.8695, Eq Viol (l1): 0.000043, Ineq Viol (l1): 0.000001, Epoch time: 2.89s
Epoch 11/300, Loss: 9.8854, Obj: 8.2983, Eq Viol (l1): 0.000037, Ineq Viol (l1): 0.000000, Epoch time: 2.92s

Running validation at epoch 10...

VALIDATION_EPOCH_10 EVALUATION RESULTS:
==================================================
Objective Value:     6.448795e+00
True Objective:      -2.413704e+00
Optimality Gap:      1.195812e+01 ± 3.752098e+00
Eq Violation l1:   6.158405e-05 (max: 1.492580e-03)
Ineq Violation l1: 6.010205e-07 (max: 5.432925e-05)
Solution Distance:   1.508083e+02 ± 7.326509e-01
Merit:             6.449417e+00 ± 7.855596e-03
Avg Inference Time:  0.0730s
==================================================
Epoch 12/300, Loss: 5.1022, Obj: 4.2011, Eq Viol (l1): 0.000079, Ineq Viol (l1): 0.000000, Epoch time: 2.62s
Epoch 13/300, Loss: 2.6118, Obj: 1.6922, Eq Viol (l1): 0.000085, Ineq Viol (l1): 0.000000, Epoch time: 2.64s
Epoch 14/300, Loss: 1.7613, Obj: 0.9312, Eq Viol (l1): 0.000081, Ineq Viol (l1): 0.000000, Epoch time: 2.61s
Epoch 15/300, Loss: 1.2365, Obj: 0.3516, Eq Viol (l1): 0.000063, Ineq Viol (l1): 0.000000, Epoch time: 2.67s
Epoch 16/300, Loss: 0.7803, Obj: -0.0038, Eq Viol (l1): 0.000078, Ineq Viol (l1): 0.000000, Epoch time: 2.64s
Epoch 17/300, Loss: 0.4949, Obj: -0.0844, Eq Viol (l1): 0.000078, Ineq Viol (l1): 0.000000, Epoch time: 2.58s
Epoch 18/300, Loss: 0.5272, Obj: -0.0877, Eq Viol (l1): 0.000073, Ineq Viol (l1): 0.000000, Epoch time: 2.61s
Epoch 19/300, Loss: 0.4144, Obj: -0.1792, Eq Viol (l1): 0.000073, Ineq Viol (l1): 0.000000, Epoch time: 2.60s
Epoch 20/300, Loss: 0.3753, Obj: -0.2351, Eq Viol (l1): 0.000072, Ineq Viol (l1): 0.000000, Epoch time: 2.65s
Epoch 21/300, Loss: 0.3154, Obj: -0.2331, Eq Viol (l1): 0.000075, Ineq Viol (l1): 0.000000, Epoch time: 2.57s

Running validation at epoch 20...

VALIDATION_EPOCH_20 EVALUATION RESULTS:
==================================================
Objective Value:     -4.984161e-01
True Objective:      -2.413704e+00
Optimality Gap:      -4.389681e-02 ± 2.185567e-01
Eq Violation l1:   9.199632e-05 (max: 9.908593e-04)
Ineq Violation l1: 4.426039e-07 (max: 3.043593e-05)
Solution Distance:   1.235672e+02 ± 6.351081e-01
Merit:             -4.974917e-01 ± 6.970232e-04
Avg Inference Time:  0.0665s
==================================================
Epoch 22/300, Loss: 0.1107, Obj: -0.3541, Eq Viol (l1): 0.000072, Ineq Viol (l1): 0.000000, Epoch time: 2.57s
Epoch 23/300, Loss: 0.0646, Obj: -0.3790, Eq Viol (l1): 0.000080, Ineq Viol (l1): 0.000000, Epoch time: 2.55s
Epoch 24/300, Loss: 0.0629, Obj: -0.3962, Eq Viol (l1): 0.000080, Ineq Viol (l1): 0.000000, Epoch time: 2.53s
Epoch 25/300, Loss: 0.1664, Obj: -0.2689, Eq Viol (l1): 0.000073, Ineq Viol (l1): 0.000000, Epoch time: 2.51s
Epoch 26/300, Loss: 0.0991, Obj: -0.4265, Eq Viol (l1): 0.000078, Ineq Viol (l1): 0.000001, Epoch time: 2.56s
Epoch 27/300, Loss: 0.1017, Obj: -0.3805, Eq Viol (l1): 0.000078, Ineq Viol (l1): 0.000001, Epoch time: 2.51s
Epoch 28/300, Loss: 0.1245, Obj: -0.3439, Eq Viol (l1): 0.000085, Ineq Viol (l1): 0.000001, Epoch time: 2.48s
Epoch 29/300, Loss: -0.0653, Obj: -0.4970, Eq Viol (l1): 0.000077, Ineq Viol (l1): 0.000000, Epoch time: 2.49s
Epoch 30/300, Loss: 0.0054, Obj: -0.4160, Eq Viol (l1): 0.000081, Ineq Viol (l1): 0.000000, Epoch time: 2.49s
Epoch 31/300, Loss: -0.0917, Obj: -0.5038, Eq Viol (l1): 0.000074, Ineq Viol (l1): 0.000000, Epoch time: 2.55s

Running validation at epoch 30...

VALIDATION_EPOCH_30 EVALUATION RESULTS:
==================================================
Objective Value:     -6.866696e-01
True Objective:      -2.413704e+00
Optimality Gap:      -2.653064e-01 ± 1.787969e-01
Eq Violation l1:   7.473279e-05 (max: 1.317287e-03)
Ineq Violation l1: 4.822702e-07 (max: 8.943182e-05)
Solution Distance:   1.230868e+02 ± 6.097230e-01
Merit:             -6.859174e-01 ± 3.120505e-04
Avg Inference Time:  0.0669s
==================================================
Epoch 32/300, Loss: -0.0862, Obj: -0.5079, Eq Viol (l1): 0.000079, Ineq Viol (l1): 0.000000, Epoch time: 2.53s
Epoch 33/300, Loss: -0.0864, Obj: -0.5054, Eq Viol (l1): 0.000077, Ineq Viol (l1): 0.000000, Epoch time: 2.56s
Epoch 34/300, Loss: 0.1247, Obj: -0.4456, Eq Viol (l1): 0.000098, Ineq Viol (l1): 0.000001, Epoch time: 2.46s
Epoch 35/300, Loss: -0.0284, Obj: -0.4311, Eq Viol (l1): 0.000077, Ineq Viol (l1): 0.000000, Epoch time: 2.46s
Epoch 36/300, Loss: -0.1045, Obj: -0.5236, Eq Viol (l1): 0.000081, Ineq Viol (l1): 0.000001, Epoch time: 2.47s
Epoch 37/300, Loss: -0.1492, Obj: -0.5432, Eq Viol (l1): 0.000081, Ineq Viol (l1): 0.000001, Epoch time: 2.48s
Epoch 38/300, Loss: -0.0604, Obj: -0.4907, Eq Viol (l1): 0.000092, Ineq Viol (l1): 0.000001, Epoch time: 2.43s
Epoch 39/300, Loss: -0.1680, Obj: -0.5321, Eq Viol (l1): 0.000085, Ineq Viol (l1): 0.000001, Epoch time: 2.43s
Epoch 40/300, Loss: -0.1852, Obj: -0.5440, Eq Viol (l1): 0.000079, Ineq Viol (l1): 0.000000, Epoch time: 2.46s
Epoch 41/300, Loss: -0.0097, Obj: -0.5059, Eq Viol (l1): 0.000081, Ineq Viol (l1): 0.000001, Epoch time: 2.50s

Running validation at epoch 40...

VALIDATION_EPOCH_40 EVALUATION RESULTS:
==================================================
Objective Value:     -7.985948e-01
True Objective:      -2.413704e+00
Optimality Gap:      -5.374534e-01 ± 3.144018e-01
Eq Violation l1:   8.045906e-05 (max: 1.016478e-03)
Ineq Violation l1: 5.684285e-07 (max: 4.671162e-05)
Solution Distance:   1.226187e+02 ± 5.890534e-01
Merit:             -7.977845e-01 ± 5.344847e-03
Avg Inference Time:  0.0691s
==================================================
Epoch 42/300, Loss: -0.0896, Obj: -0.5082, Eq Viol (l1): 0.000089, Ineq Viol (l1): 0.000001, Epoch time: 2.47s
Epoch 43/300, Loss: -0.0557, Obj: -0.5002, Eq Viol (l1): 0.000080, Ineq Viol (l1): 0.000001, Epoch time: 2.50s
Epoch 44/300, Loss: -0.0162, Obj: -0.4717, Eq Viol (l1): 0.000081, Ineq Viol (l1): 0.000001, Epoch time: 2.49s
Epoch 45/300, Loss: -0.1686, Obj: -0.5551, Eq Viol (l1): 0.000085, Ineq Viol (l1): 0.000001, Epoch time: 2.47s
Epoch 46/300, Loss: -0.1895, Obj: -0.5686, Eq Viol (l1): 0.000080, Ineq Viol (l1): 0.000001, Epoch time: 2.49s
Epoch 47/300, Loss: -0.2132, Obj: -0.5719, Eq Viol (l1): 0.000080, Ineq Viol (l1): 0.000001, Epoch time: 2.49s
Epoch 48/300, Loss: -0.2122, Obj: -0.5704, Eq Viol (l1): 0.000087, Ineq Viol (l1): 0.000000, Epoch time: 2.44s
Epoch 49/300, Loss: -0.2365, Obj: -0.5856, Eq Viol (l1): 0.000082, Ineq Viol (l1): 0.000001, Epoch time: 2.48s
Epoch 50/300, Loss: -0.2416, Obj: -0.5954, Eq Viol (l1): 0.000081, Ineq Viol (l1): 0.000001, Epoch time: 2.49s
Epoch 51/300, Loss: -0.1873, Obj: -0.5963, Eq Viol (l1): 0.000083, Ineq Viol (l1): 0.000001, Epoch time: 2.51s

Running validation at epoch 50...

VALIDATION_EPOCH_50 EVALUATION RESULTS:
==================================================
Objective Value:     -6.181633e-01
True Objective:      -2.413704e+00
Optimality Gap:      -2.614444e-01 ± 2.735062e-01
Eq Violation l1:   6.647466e-05 (max: 1.682091e-03)
Ineq Violation l1: 3.038561e-07 (max: 2.649960e-05)
Solution Distance:   1.239057e+02 ± 5.614260e-01
Merit:             -6.174955e-01 ± 1.125077e-02
Avg Inference Time:  0.0652s
==================================================
Epoch 52/300, Loss: -0.1964, Obj: -0.5609, Eq Viol (l1): 0.000077, Ineq Viol (l1): 0.000000, Epoch time: 2.48s
Epoch 53/300, Loss: -0.2010, Obj: -0.5837, Eq Viol (l1): 0.000075, Ineq Viol (l1): 0.000000, Epoch time: 2.51s
Epoch 54/300, Loss: -0.2110, Obj: -0.5719, Eq Viol (l1): 0.000080, Ineq Viol (l1): 0.000001, Epoch time: 2.48s
Epoch 55/300, Loss: -0.2392, Obj: -0.5838, Eq Viol (l1): 0.000081, Ineq Viol (l1): 0.000000, Epoch time: 2.46s
Epoch 56/300, Loss: -0.2943, Obj: -0.6421, Eq Viol (l1): 0.000079, Ineq Viol (l1): 0.000001, Epoch time: 2.48s
Epoch 57/300, Loss: -0.1943, Obj: -0.5626, Eq Viol (l1): 0.000080, Ineq Viol (l1): 0.000001, Epoch time: 2.46s
Epoch 58/300, Loss: -0.3158, Obj: -0.6368, Eq Viol (l1): 0.000077, Ineq Viol (l1): 0.000001, Epoch time: 2.49s
Epoch 59/300, Loss: -0.2988, Obj: -0.6223, Eq Viol (l1): 0.000082, Ineq Viol (l1): 0.000000, Epoch time: 2.48s
Epoch 60/300, Loss: -0.2293, Obj: -0.5972, Eq Viol (l1): 0.000074, Ineq Viol (l1): 0.000000, Epoch time: 2.52s
Epoch 61/300, Loss: -0.2101, Obj: -0.5729, Eq Viol (l1): 0.000088, Ineq Viol (l1): 0.000001, Epoch time: 2.47s

Running validation at epoch 60...

VALIDATION_EPOCH_60 EVALUATION RESULTS:
==================================================
Objective Value:     -7.624874e-01
True Objective:      -2.413704e+00
Optimality Gap:      -4.671808e-01 ± 2.824627e-01
Eq Violation l1:   8.974306e-05 (max: 1.304092e-03)
Ineq Violation l1: 5.818266e-07 (max: 4.613700e-05)
Solution Distance:   1.230034e+02 ± 6.093417e-01
Merit:             -7.615842e-01 ± 1.191626e-03
Avg Inference Time:  0.0651s
==================================================
Epoch 62/300, Loss: -0.1831, Obj: -0.5472, Eq Viol (l1): 0.000086, Ineq Viol (l1): 0.000001, Epoch time: 2.47s
Epoch 63/300, Loss: -0.1708, Obj: -0.5408, Eq Viol (l1): 0.000080, Ineq Viol (l1): 0.000001, Epoch time: 2.46s
Epoch 64/300, Loss: -0.2370, Obj: -0.6058, Eq Viol (l1): 0.000086, Ineq Viol (l1): 0.000001, Epoch time: 2.48s
Epoch 65/300, Loss: -0.1719, Obj: -0.5467, Eq Viol (l1): 0.000075, Ineq Viol (l1): 0.000000, Epoch time: 2.59s
Epoch 66/300, Loss: -0.2939, Obj: -0.6286, Eq Viol (l1): 0.000074, Ineq Viol (l1): 0.000001, Epoch time: 2.52s
Epoch 67/300, Loss: -0.1998, Obj: -0.5536, Eq Viol (l1): 0.000090, Ineq Viol (l1): 0.000001, Epoch time: 2.44s
Epoch 68/300, Loss: -0.3075, Obj: -0.6271, Eq Viol (l1): 0.000077, Ineq Viol (l1): 0.000000, Epoch time: 2.47s
Epoch 69/300, Loss: -0.2619, Obj: -0.6021, Eq Viol (l1): 0.000084, Ineq Viol (l1): 0.000001, Epoch time: 2.46s
Epoch 70/300, Loss: -0.3030, Obj: -0.6255, Eq Viol (l1): 0.000077, Ineq Viol (l1): 0.000000, Epoch time: 2.51s
Epoch 71/300, Loss: -0.2738, Obj: -0.6081, Eq Viol (l1): 0.000087, Ineq Viol (l1): 0.000001, Epoch time: 2.46s

Running validation at epoch 70...

VALIDATION_EPOCH_70 EVALUATION RESULTS:
==================================================
Objective Value:     -7.577473e-01
True Objective:      -2.413704e+00
Optimality Gap:      -4.519696e-01 ± 2.774053e-01
Eq Violation l1:   9.648199e-05 (max: 8.711123e-04)
Ineq Violation l1: 5.970575e-07 (max: 7.121260e-05)
Solution Distance:   1.232879e+02 ± 5.837026e-01
Merit:             -7.567765e-01 ± 6.809324e-04
Avg Inference Time:  0.0637s
==================================================
Epoch 72/300, Loss: -0.2923, Obj: -0.6373, Eq Viol (l1): 0.000075, Ineq Viol (l1): 0.000001, Epoch time: 2.52s
Epoch 73/300, Loss: -0.2929, Obj: -0.6437, Eq Viol (l1): 0.000080, Ineq Viol (l1): 0.000001, Epoch time: 2.50s
Epoch 74/300, Loss: -0.2776, Obj: -0.6749, Eq Viol (l1): 0.000084, Ineq Viol (l1): 0.000000, Epoch time: 2.50s
Epoch 75/300, Loss: -0.1609, Obj: -0.5182, Eq Viol (l1): 0.000078, Ineq Viol (l1): 0.000000, Epoch time: 2.46s
Epoch 76/300, Loss: -0.3001, Obj: -0.6495, Eq Viol (l1): 0.000086, Ineq Viol (l1): 0.000001, Epoch time: 2.48s
Epoch 77/300, Loss: -0.2341, Obj: -0.6090, Eq Viol (l1): 0.000076, Ineq Viol (l1): 0.000001, Epoch time: 2.50s
Epoch 78/300, Loss: -0.3178, Obj: -0.6453, Eq Viol (l1): 0.000076, Ineq Viol (l1): 0.000000, Epoch time: 2.52s
Epoch 79/300, Loss: -0.2418, Obj: -0.6029, Eq Viol (l1): 0.000075, Ineq Viol (l1): 0.000001, Epoch time: 2.51s
Epoch 80/300, Loss: -0.2874, Obj: -0.6222, Eq Viol (l1): 0.000082, Ineq Viol (l1): 0.000000, Epoch time: 2.44s
Epoch 81/300, Loss: -0.2905, Obj: -0.6342, Eq Viol (l1): 0.000077, Ineq Viol (l1): 0.000001, Epoch time: 2.50s

Running validation at epoch 80...

VALIDATION_EPOCH_80 EVALUATION RESULTS:
==================================================
Objective Value:     -7.179426e-01
True Objective:      -2.413704e+00
Optimality Gap:      -4.001015e-01 ± 3.033501e-01
Eq Violation l1:   6.802323e-05 (max: 1.535499e-03)
Ineq Violation l1: 6.094693e-07 (max: 6.326548e-05)
Solution Distance:   1.236502e+02 ± 6.756911e-01
Merit:             -7.172562e-01 ± 2.098185e-03
Avg Inference Time:  0.0648s
==================================================
Epoch 82/300, Loss: -0.3166, Obj: -0.6355, Eq Viol (l1): 0.000077, Ineq Viol (l1): 0.000001, Epoch time: 2.47s
Epoch 83/300, Loss: -0.2805, Obj: -0.6329, Eq Viol (l1): 0.000083, Ineq Viol (l1): 0.000001, Epoch time: 2.47s
Epoch 84/300, Loss: -0.3283, Obj: -0.6489, Eq Viol (l1): 0.000081, Ineq Viol (l1): 0.000000, Epoch time: 2.48s
Epoch 85/300, Loss: -0.2993, Obj: -0.6394, Eq Viol (l1): 0.000086, Ineq Viol (l1): 0.000001, Epoch time: 2.47s
Epoch 86/300, Loss: -0.3169, Obj: -0.6628, Eq Viol (l1): 0.000077, Ineq Viol (l1): 0.000000, Epoch time: 2.51s
Epoch 87/300, Loss: -0.2732, Obj: -0.5856, Eq Viol (l1): 0.000072, Ineq Viol (l1): 0.000001, Epoch time: 2.49s
Epoch 88/300, Loss: -0.2811, Obj: -0.6307, Eq Viol (l1): 0.000079, Ineq Viol (l1): 0.000001, Epoch time: 2.51s
Epoch 89/300, Loss: -0.2760, Obj: -0.6460, Eq Viol (l1): 0.000083, Ineq Viol (l1): 0.000001, Epoch time: 2.48s
Epoch 90/300, Loss: -0.1181, Obj: -0.5869, Eq Viol (l1): 0.000085, Ineq Viol (l1): 0.000000, Epoch time: 2.49s
Epoch 91/300, Loss: -0.2002, Obj: -0.6062, Eq Viol (l1): 0.000089, Ineq Viol (l1): 0.000001, Epoch time: 2.46s

Running validation at epoch 90...

VALIDATION_EPOCH_90 EVALUATION RESULTS:
==================================================
Objective Value:     -7.272043e-01
True Objective:      -2.413704e+00
Optimality Gap:      -4.390206e-01 ± 3.055743e-01
Eq Violation l1:   7.083324e-05 (max: 1.825343e-03)
Ineq Violation l1: 4.424513e-07 (max: 7.891560e-05)
Solution Distance:   1.232943e+02 ± 6.257527e-01
Merit:             -7.264915e-01 ± 8.252905e-03
Avg Inference Time:  0.0662s
==================================================
Epoch 92/300, Loss: -0.2689, Obj: -0.6214, Eq Viol (l1): 0.000077, Ineq Viol (l1): 0.000000, Epoch time: 2.47s
Epoch 93/300, Loss: -0.3306, Obj: -0.6451, Eq Viol (l1): 0.000085, Ineq Viol (l1): 0.000000, Epoch time: 2.43s
Epoch 94/300, Loss: -0.3315, Obj: -0.6564, Eq Viol (l1): 0.000082, Ineq Viol (l1): 0.000000, Epoch time: 2.46s
Epoch 95/300, Loss: -0.3448, Obj: -0.6424, Eq Viol (l1): 0.000090, Ineq Viol (l1): 0.000001, Epoch time: 2.42s
Epoch 96/300, Loss: -0.3204, Obj: -0.6614, Eq Viol (l1): 0.000076, Ineq Viol (l1): 0.000001, Epoch time: 2.50s
Epoch 97/300, Loss: -0.3655, Obj: -0.6669, Eq Viol (l1): 0.000090, Ineq Viol (l1): 0.000001, Epoch time: 2.44s
Epoch 98/300, Loss: -0.2716, Obj: -0.6409, Eq Viol (l1): 0.000075, Ineq Viol (l1): 0.000001, Epoch time: 2.51s
Epoch 99/300, Loss: -0.3787, Obj: -0.6796, Eq Viol (l1): 0.000087, Ineq Viol (l1): 0.000001, Epoch time: 2.54s
Epoch 100/300, Loss: -0.3985, Obj: -0.6861, Eq Viol (l1): 0.000079, Ineq Viol (l1): 0.000001, Epoch time: 2.46s
Epoch 101/300, Loss: -0.2651, Obj: -0.6134, Eq Viol (l1): 0.000078, Ineq Viol (l1): 0.000001, Epoch time: 2.50s

Running validation at epoch 100...

VALIDATION_EPOCH_100 EVALUATION RESULTS:
==================================================
Objective Value:     -6.931782e-01
True Objective:      -2.413704e+00
Optimality Gap:      -3.463680e-01 ± 2.429340e-01
Eq Violation l1:   6.576569e-05 (max: 2.106433e-03)
Ineq Violation l1: 5.155804e-07 (max: 5.797613e-05)
Solution Distance:   1.237284e+02 ± 6.436729e-01
Merit:             -6.925154e-01 ± 4.588499e-05
Avg Inference Time:  0.0664s
==================================================
Epoch 102/300, Loss: -0.3205, Obj: -0.6503, Eq Viol (l1): 0.000082, Ineq Viol (l1): 0.000001, Epoch time: 2.48s
Epoch 103/300, Loss: -0.3072, Obj: -0.6637, Eq Viol (l1): 0.000086, Ineq Viol (l1): 0.000001, Epoch time: 2.48s
Epoch 104/300, Loss: -0.3731, Obj: -0.6651, Eq Viol (l1): 0.000080, Ineq Viol (l1): 0.000000, Epoch time: 2.45s
Epoch 105/300, Loss: -0.3761, Obj: -0.6779, Eq Viol (l1): 0.000076, Ineq Viol (l1): 0.000001, Epoch time: 2.48s
Epoch 106/300, Loss: -0.3706, Obj: -0.6896, Eq Viol (l1): 0.000085, Ineq Viol (l1): 0.000001, Epoch time: 2.48s
Epoch 107/300, Loss: -0.3570, Obj: -0.6691, Eq Viol (l1): 0.000085, Ineq Viol (l1): 0.000000, Epoch time: 2.45s
Epoch 108/300, Loss: -0.4085, Obj: -0.6957, Eq Viol (l1): 0.000083, Ineq Viol (l1): 0.000001, Epoch time: 2.45s
Epoch 109/300, Loss: -0.2511, Obj: -0.6287, Eq Viol (l1): 0.000082, Ineq Viol (l1): 0.000001, Epoch time: 2.49s
Epoch 110/300, Loss: -0.3510, Obj: -0.6766, Eq Viol (l1): 0.000086, Ineq Viol (l1): 0.000000, Epoch time: 2.46s
Epoch 111/300, Loss: -0.3500, Obj: -0.6673, Eq Viol (l1): 0.000089, Ineq Viol (l1): 0.000001, Epoch time: 2.46s

Running validation at epoch 110...

VALIDATION_EPOCH_110 EVALUATION RESULTS:
==================================================
Objective Value:     -7.951081e-01
True Objective:      -2.413704e+00
Optimality Gap:      -5.651936e-01 ± 3.285554e-01
Eq Violation l1:   9.795472e-05 (max: 1.020463e-03)
Ineq Violation l1: 5.070836e-07 (max: 3.192686e-05)
Solution Distance:   1.231083e+02 ± 6.242783e-01
Merit:             -7.941235e-01 ± 6.466550e-03
Avg Inference Time:  0.0664s
==================================================
Epoch 112/300, Loss: -0.3268, Obj: -0.6768, Eq Viol (l1): 0.000083, Ineq Viol (l1): 0.000001, Epoch time: 2.49s
Epoch 113/300, Loss: -0.3300, Obj: -0.6550, Eq Viol (l1): 0.000083, Ineq Viol (l1): 0.000000, Epoch time: 2.44s
Epoch 114/300, Loss: -0.3233, Obj: -0.6242, Eq Viol (l1): 0.000080, Ineq Viol (l1): 0.000000, Epoch time: 2.44s
Epoch 115/300, Loss: -0.2659, Obj: -0.6175, Eq Viol (l1): 0.000084, Ineq Viol (l1): 0.000001, Epoch time: 2.45s
Epoch 116/300, Loss: -0.3180, Obj: -0.6692, Eq Viol (l1): 0.000084, Ineq Viol (l1): 0.000001, Epoch time: 2.50s
Epoch 117/300, Loss: -0.3526, Obj: -0.6682, Eq Viol (l1): 0.000087, Ineq Viol (l1): 0.000001, Epoch time: 2.45s
Epoch 118/300, Loss: -0.4019, Obj: -0.6959, Eq Viol (l1): 0.000086, Ineq Viol (l1): 0.000001, Epoch time: 2.43s
Epoch 119/300, Loss: -0.3672, Obj: -0.6832, Eq Viol (l1): 0.000080, Ineq Viol (l1): 0.000001, Epoch time: 2.47s
Epoch 120/300, Loss: -0.2844, Obj: -0.6387, Eq Viol (l1): 0.000074, Ineq Viol (l1): 0.000001, Epoch time: 2.49s
Epoch 121/300, Loss: -0.3656, Obj: -0.6716, Eq Viol (l1): 0.000081, Ineq Viol (l1): 0.000000, Epoch time: 2.53s

Running validation at epoch 120...

VALIDATION_EPOCH_120 EVALUATION RESULTS:
==================================================
Objective Value:     -7.568231e-01
True Objective:      -2.413704e+00
Optimality Gap:      -4.455540e-01 ± 3.030046e-01
Eq Violation l1:   7.112673e-05 (max: 9.643983e-04)
Ineq Violation l1: 3.525128e-07 (max: 3.475170e-05)
Solution Distance:   1.234038e+02 ± 5.957833e-01
Merit:             -7.561083e-01 ± 1.188315e-02
Avg Inference Time:  0.0661s
==================================================
Epoch 122/300, Loss: -0.4044, Obj: -0.6951, Eq Viol (l1): 0.000087, Ineq Viol (l1): 0.000001, Epoch time: 2.57s
Epoch 123/300, Loss: -0.3620, Obj: -0.6762, Eq Viol (l1): 0.000088, Ineq Viol (l1): 0.000001, Epoch time: 2.58s
Epoch 124/300, Loss: -0.3784, Obj: -0.6849, Eq Viol (l1): 0.000083, Ineq Viol (l1): 0.000001, Epoch time: 2.61s
Epoch 125/300, Loss: -0.3287, Obj: -0.6661, Eq Viol (l1): 0.000078, Ineq Viol (l1): 0.000000, Epoch time: 2.64s
Epoch 126/300, Loss: -0.3376, Obj: -0.6739, Eq Viol (l1): 0.000080, Ineq Viol (l1): 0.000001, Epoch time: 2.57s
Epoch 127/300, Loss: -0.3342, Obj: -0.6708, Eq Viol (l1): 0.000080, Ineq Viol (l1): 0.000000, Epoch time: 2.48s
Epoch 128/300, Loss: -0.3569, Obj: -0.6921, Eq Viol (l1): 0.000080, Ineq Viol (l1): 0.000001, Epoch time: 2.51s
Epoch 129/300, Loss: -0.3927, Obj: -0.6918, Eq Viol (l1): 0.000088, Ineq Viol (l1): 0.000001, Epoch time: 2.46s
Epoch 130/300, Loss: -0.4120, Obj: -0.7121, Eq Viol (l1): 0.000088, Ineq Viol (l1): 0.000001, Epoch time: 2.48s
Epoch 131/300, Loss: -0.3541, Obj: -0.6585, Eq Viol (l1): 0.000091, Ineq Viol (l1): 0.000001, Epoch time: 2.55s

Running validation at epoch 130...

VALIDATION_EPOCH_130 EVALUATION RESULTS:
==================================================
Objective Value:     -6.459880e-01
True Objective:      -2.413704e+00
Optimality Gap:      -2.815461e-01 ± 2.723520e-01
Eq Violation l1:   8.382211e-05 (max: 1.500964e-03)
Ineq Violation l1: 6.064233e-07 (max: 2.892765e-05)
Solution Distance:   1.241182e+02 ± 6.607938e-01
Merit:             -6.451438e-01 ± 1.594755e-04
Avg Inference Time:  0.0639s
==================================================
Epoch 132/300, Loss: -0.3819, Obj: -0.6935, Eq Viol (l1): 0.000086, Ineq Viol (l1): 0.000001, Epoch time: 2.50s
Epoch 133/300, Loss: -0.3588, Obj: -0.6671, Eq Viol (l1): 0.000082, Ineq Viol (l1): 0.000001, Epoch time: 2.49s
Epoch 134/300, Loss: -0.4452, Obj: -0.7394, Eq Viol (l1): 0.000081, Ineq Viol (l1): 0.000000, Epoch time: 2.49s
Epoch 135/300, Loss: -0.3448, Obj: -0.6739, Eq Viol (l1): 0.000082, Ineq Viol (l1): 0.000001, Epoch time: 2.47s
Epoch 136/300, Loss: -0.3713, Obj: -0.6616, Eq Viol (l1): 0.000083, Ineq Viol (l1): 0.000000, Epoch time: 2.45s
Epoch 137/300, Loss: -0.3781, Obj: -0.6767, Eq Viol (l1): 0.000086, Ineq Viol (l1): 0.000001, Epoch time: 2.48s
Epoch 138/300, Loss: -0.4417, Obj: -0.7372, Eq Viol (l1): 0.000073, Ineq Viol (l1): 0.000001, Epoch time: 2.53s
Epoch 139/300, Loss: -0.4232, Obj: -0.6918, Eq Viol (l1): 0.000083, Ineq Viol (l1): 0.000000, Epoch time: 2.43s
Epoch 140/300, Loss: -0.4282, Obj: -0.7030, Eq Viol (l1): 0.000082, Ineq Viol (l1): 0.000001, Epoch time: 2.49s
Epoch 141/300, Loss: -0.4159, Obj: -0.7084, Eq Viol (l1): 0.000076, Ineq Viol (l1): 0.000001, Epoch time: 2.58s

Running validation at epoch 140...

VALIDATION_EPOCH_140 EVALUATION RESULTS:
==================================================
Objective Value:     -8.572854e-01
True Objective:      -2.413704e+00
Optimality Gap:      -6.369670e-01 ± 3.524309e-01
Eq Violation l1:   9.339929e-05 (max: 1.320917e-03)
Ineq Violation l1: 8.065656e-07 (max: 4.589936e-05)
Solution Distance:   1.228770e+02 ± 6.568438e-01
Merit:             -8.563434e-01 ± 2.219069e-03
Avg Inference Time:  0.0663s
==================================================
Epoch 142/300, Loss: -0.4122, Obj: -0.6953, Eq Viol (l1): 0.000086, Ineq Viol (l1): 0.000001, Epoch time: 2.47s
Epoch 143/300, Loss: -0.4366, Obj: -0.7155, Eq Viol (l1): 0.000081, Ineq Viol (l1): 0.000001, Epoch time: 2.50s
Epoch 144/300, Loss: -0.4290, Obj: -0.7078, Eq Viol (l1): 0.000082, Ineq Viol (l1): 0.000001, Epoch time: 2.48s
Epoch 145/300, Loss: -0.4165, Obj: -0.6982, Eq Viol (l1): 0.000077, Ineq Viol (l1): 0.000001, Epoch time: 2.50s
Epoch 146/300, Loss: -0.4002, Obj: -0.7048, Eq Viol (l1): 0.000079, Ineq Viol (l1): 0.000001, Epoch time: 2.51s
Epoch 147/300, Loss: -0.4341, Obj: -0.7303, Eq Viol (l1): 0.000081, Ineq Viol (l1): 0.000001, Epoch time: 2.50s
Epoch 148/300, Loss: -0.4171, Obj: -0.7110, Eq Viol (l1): 0.000077, Ineq Viol (l1): 0.000001, Epoch time: 2.51s
Epoch 149/300, Loss: -0.4250, Obj: -0.6990, Eq Viol (l1): 0.000090, Ineq Viol (l1): 0.000001, Epoch time: 2.46s
Epoch 150/300, Loss: -0.4144, Obj: -0.6969, Eq Viol (l1): 0.000087, Ineq Viol (l1): 0.000001, Epoch time: 2.47s
Epoch 151/300, Loss: -0.3935, Obj: -0.6856, Eq Viol (l1): 0.000082, Ineq Viol (l1): 0.000001, Epoch time: 2.48s

Running validation at epoch 150...

VALIDATION_EPOCH_150 EVALUATION RESULTS:
==================================================
Objective Value:     -8.264779e-01
True Objective:      -2.413704e+00
Optimality Gap:      -6.180632e-01 ± 3.425664e-01
Eq Violation l1:   9.154517e-05 (max: 8.253202e-04)
Ineq Violation l1: 5.696384e-07 (max: 3.749324e-05)
Solution Distance:   1.231594e+02 ± 6.375187e-01
Merit:             -8.255567e-01 ± 2.264568e-03
Avg Inference Time:  0.0665s
==================================================
Epoch 152/300, Loss: -0.4605, Obj: -0.7275, Eq Viol (l1): 0.000094, Ineq Viol (l1): 0.000001, Epoch time: 2.43s
Epoch 153/300, Loss: -0.4869, Obj: -0.7425, Eq Viol (l1): 0.000089, Ineq Viol (l1): 0.000001, Epoch time: 2.48s
Epoch 154/300, Loss: -0.4107, Obj: -0.7073, Eq Viol (l1): 0.000085, Ineq Viol (l1): 0.000001, Epoch time: 2.48s
Epoch 155/300, Loss: -0.4211, Obj: -0.7062, Eq Viol (l1): 0.000079, Ineq Viol (l1): 0.000001, Epoch time: 2.48s
Epoch 156/300, Loss: -0.4289, Obj: -0.6975, Eq Viol (l1): 0.000080, Ineq Viol (l1): 0.000001, Epoch time: 2.46s
Epoch 157/300, Loss: -0.4558, Obj: -0.7385, Eq Viol (l1): 0.000081, Ineq Viol (l1): 0.000001, Epoch time: 2.51s
Epoch 158/300, Loss: -0.4766, Obj: -0.7413, Eq Viol (l1): 0.000075, Ineq Viol (l1): 0.000001, Epoch time: 2.51s
Epoch 159/300, Loss: -0.4594, Obj: -0.7200, Eq Viol (l1): 0.000082, Ineq Viol (l1): 0.000001, Epoch time: 2.46s
Epoch 160/300, Loss: -0.4580, Obj: -0.7451, Eq Viol (l1): 0.000082, Ineq Viol (l1): 0.000001, Epoch time: 2.53s
Epoch 161/300, Loss: -0.3426, Obj: -0.6715, Eq Viol (l1): 0.000083, Ineq Viol (l1): 0.000001, Epoch time: 2.50s

Running validation at epoch 160...

VALIDATION_EPOCH_160 EVALUATION RESULTS:
==================================================
Objective Value:     -6.393275e-01
True Objective:      -2.413704e+00
Optimality Gap:      -2.948072e-01 ± 2.490413e-01
Eq Violation l1:   9.592390e-05 (max: 1.536183e-03)
Ineq Violation l1: 7.492059e-07 (max: 4.778520e-05)
Solution Distance:   1.240979e+02 ± 6.520825e-01
Merit:             -6.383608e-01 ± 5.778848e-03
Avg Inference Time:  0.0611s
==================================================
Epoch 162/300, Loss: -0.3871, Obj: -0.6949, Eq Viol (l1): 0.000085, Ineq Viol (l1): 0.000001, Epoch time: 2.48s
Epoch 163/300, Loss: -0.4269, Obj: -0.7086, Eq Viol (l1): 0.000088, Ineq Viol (l1): 0.000001, Epoch time: 2.44s
Epoch 164/300, Loss: -0.4349, Obj: -0.7117, Eq Viol (l1): 0.000081, Ineq Viol (l1): 0.000001, Epoch time: 2.47s
Epoch 165/300, Loss: -0.4131, Obj: -0.7097, Eq Viol (l1): 0.000085, Ineq Viol (l1): 0.000001, Epoch time: 2.59s
Epoch 166/300, Loss: -0.4378, Obj: -0.7151, Eq Viol (l1): 0.000084, Ineq Viol (l1): 0.000001, Epoch time: 2.50s
Epoch 167/300, Loss: -0.3280, Obj: -0.6778, Eq Viol (l1): 0.000082, Ineq Viol (l1): 0.000001, Epoch time: 2.51s
Epoch 168/300, Loss: -0.4166, Obj: -0.7181, Eq Viol (l1): 0.000077, Ineq Viol (l1): 0.000000, Epoch time: 2.50s
Epoch 169/300, Loss: -0.4448, Obj: -0.7114, Eq Viol (l1): 0.000083, Ineq Viol (l1): 0.000001, Epoch time: 2.46s
Epoch 170/300, Loss: -0.4915, Obj: -0.7383, Eq Viol (l1): 0.000086, Ineq Viol (l1): 0.000001, Epoch time: 2.45s
Epoch 171/300, Loss: -0.5105, Obj: -0.7578, Eq Viol (l1): 0.000080, Ineq Viol (l1): 0.000001, Epoch time: 2.49s

Running validation at epoch 170...

VALIDATION_EPOCH_170 EVALUATION RESULTS:
==================================================
Objective Value:     -8.395577e-01
True Objective:      -2.413704e+00
Optimality Gap:      -5.814317e-01 ± 3.041722e-01
Eq Violation l1:   9.436317e-05 (max: 1.162647e-03)
Ineq Violation l1: 7.582476e-07 (max: 5.567748e-05)
Solution Distance:   1.227660e+02 ± 6.006444e-01
Merit:             -8.386065e-01 ± 1.203900e-02
Avg Inference Time:  0.0667s
==================================================
Epoch 172/300, Loss: -0.4272, Obj: -0.7047, Eq Viol (l1): 0.000087, Ineq Viol (l1): 0.000001, Epoch time: 2.43s
Epoch 173/300, Loss: -0.4461, Obj: -0.7326, Eq Viol (l1): 0.000092, Ineq Viol (l1): 0.000001, Epoch time: 2.39s
Epoch 174/300, Loss: -0.4558, Obj: -0.7307, Eq Viol (l1): 0.000078, Ineq Viol (l1): 0.000001, Epoch time: 2.43s
Epoch 175/300, Loss: -0.4184, Obj: -0.7119, Eq Viol (l1): 0.000081, Ineq Viol (l1): 0.000001, Epoch time: 2.46s
Epoch 176/300, Loss: -0.3337, Obj: -0.6820, Eq Viol (l1): 0.000085, Ineq Viol (l1): 0.000001, Epoch time: 2.46s
Epoch 177/300, Loss: -0.4347, Obj: -0.7446, Eq Viol (l1): 0.000087, Ineq Viol (l1): 0.000001, Epoch time: 2.46s
Epoch 178/300, Loss: -0.4014, Obj: -0.7173, Eq Viol (l1): 0.000081, Ineq Viol (l1): 0.000001, Epoch time: 2.49s
Epoch 179/300, Loss: -0.4347, Obj: -0.7259, Eq Viol (l1): 0.000088, Ineq Viol (l1): 0.000001, Epoch time: 2.46s
Epoch 180/300, Loss: -0.4153, Obj: -0.7114, Eq Viol (l1): 0.000087, Ineq Viol (l1): 0.000001, Epoch time: 2.43s
Epoch 181/300, Loss: -0.4445, Obj: -0.7274, Eq Viol (l1): 0.000086, Ineq Viol (l1): 0.000001, Epoch time: 2.43s

Running validation at epoch 180...

VALIDATION_EPOCH_180 EVALUATION RESULTS:
==================================================
Objective Value:     -7.578618e-01
True Objective:      -2.413704e+00
Optimality Gap:      -5.228205e-01 ± 3.178903e-01
Eq Violation l1:   7.640510e-05 (max: 1.089781e-03)
Ineq Violation l1: 4.408074e-07 (max: 6.608563e-05)
Solution Distance:   1.234014e+02 ± 6.139941e-01
Merit:             -7.570933e-01 ± 5.458054e-03
Avg Inference Time:  0.0634s
==================================================
Epoch 182/300, Loss: -0.4435, Obj: -0.7279, Eq Viol (l1): 0.000081, Ineq Viol (l1): 0.000001, Epoch time: 2.46s
Epoch 183/300, Loss: -0.4307, Obj: -0.7198, Eq Viol (l1): 0.000089, Ineq Viol (l1): 0.000001, Epoch time: 2.44s
Epoch 184/300, Loss: -0.4164, Obj: -0.7079, Eq Viol (l1): 0.000088, Ineq Viol (l1): 0.000001, Epoch time: 2.43s
Epoch 185/300, Loss: -0.4305, Obj: -0.7291, Eq Viol (l1): 0.000080, Ineq Viol (l1): 0.000001, Epoch time: 2.46s
Epoch 186/300, Loss: -0.4908, Obj: -0.7455, Eq Viol (l1): 0.000081, Ineq Viol (l1): 0.000001, Epoch time: 2.47s
Epoch 187/300, Loss: -0.3783, Obj: -0.6857, Eq Viol (l1): 0.000085, Ineq Viol (l1): 0.000001, Epoch time: 2.48s
Epoch 188/300, Loss: -0.4273, Obj: -0.7173, Eq Viol (l1): 0.000088, Ineq Viol (l1): 0.000001, Epoch time: 2.44s
Epoch 189/300, Loss: -0.4577, Obj: -0.7352, Eq Viol (l1): 0.000082, Ineq Viol (l1): 0.000001, Epoch time: 2.46s
Epoch 190/300, Loss: -0.4596, Obj: -0.7362, Eq Viol (l1): 0.000082, Ineq Viol (l1): 0.000001, Epoch time: 2.45s
Epoch 191/300, Loss: -0.3810, Obj: -0.6881, Eq Viol (l1): 0.000089, Ineq Viol (l1): 0.000001, Epoch time: 2.44s

Running validation at epoch 190...

VALIDATION_EPOCH_190 EVALUATION RESULTS:
==================================================
Objective Value:     -7.057029e-01
True Objective:      -2.413704e+00
Optimality Gap:      -4.203758e-01 ± 2.977713e-01
Eq Violation l1:   5.252909e-05 (max: 1.217768e-03)
Ineq Violation l1: 4.360374e-07 (max: 4.593666e-05)
Solution Distance:   1.238701e+02 ± 6.524192e-01
Merit:             -7.051732e-01 ± 3.522167e-03
Avg Inference Time:  0.0672s
==================================================
Epoch 192/300, Loss: -0.3953, Obj: -0.7018, Eq Viol (l1): 0.000081, Ineq Viol (l1): 0.000001, Epoch time: 2.49s
Epoch 193/300, Loss: -0.4258, Obj: -0.7245, Eq Viol (l1): 0.000081, Ineq Viol (l1): 0.000001, Epoch time: 2.48s
Epoch 194/300, Loss: -0.4968, Obj: -0.7357, Eq Viol (l1): 0.000080, Ineq Viol (l1): 0.000001, Epoch time: 2.44s
Epoch 195/300, Loss: -0.4556, Obj: -0.7246, Eq Viol (l1): 0.000080, Ineq Viol (l1): 0.000001, Epoch time: 2.47s
Epoch 196/300, Loss: -0.4512, Obj: -0.7395, Eq Viol (l1): 0.000082, Ineq Viol (l1): 0.000001, Epoch time: 2.47s
Epoch 197/300, Loss: -0.4771, Obj: -0.7377, Eq Viol (l1): 0.000079, Ineq Viol (l1): 0.000001, Epoch time: 2.48s
Epoch 198/300, Loss: -0.4545, Obj: -0.7302, Eq Viol (l1): 0.000085, Ineq Viol (l1): 0.000001, Epoch time: 2.57s
Epoch 199/300, Loss: -0.4672, Obj: -0.7357, Eq Viol (l1): 0.000090, Ineq Viol (l1): 0.000001, Epoch time: 2.43s
Epoch 200/300, Loss: -0.4629, Obj: -0.7347, Eq Viol (l1): 0.000090, Ineq Viol (l1): 0.000001, Epoch time: 2.41s
Epoch 201/300, Loss: -0.3913, Obj: -0.6944, Eq Viol (l1): 0.000075, Ineq Viol (l1): 0.000001, Epoch time: 2.50s

Running validation at epoch 200...

VALIDATION_EPOCH_200 EVALUATION RESULTS:
==================================================
Objective Value:     -7.212857e-01
True Objective:      -2.413704e+00
Optimality Gap:      -4.383681e-01 ± 3.213567e-01
Eq Violation l1:   8.588491e-05 (max: 1.472188e-03)
Ineq Violation l1: 4.691454e-07 (max: 4.914385e-05)
Solution Distance:   1.237312e+02 ± 6.332443e-01
Merit:             -7.204221e-01 ± 3.282747e-03
Avg Inference Time:  0.0627s
==================================================
Epoch 202/300, Loss: -0.4355, Obj: -0.7144, Eq Viol (l1): 0.000086, Ineq Viol (l1): 0.000001, Epoch time: 2.44s
Epoch 203/300, Loss: -0.4916, Obj: -0.7552, Eq Viol (l1): 0.000083, Ineq Viol (l1): 0.000001, Epoch time: 2.46s
Epoch 204/300, Loss: -0.4259, Obj: -0.7334, Eq Viol (l1): 0.000075, Ineq Viol (l1): 0.000001, Epoch time: 2.52s
Epoch 205/300, Loss: -0.4448, Obj: -0.7288, Eq Viol (l1): 0.000078, Ineq Viol (l1): 0.000001, Epoch time: 2.48s
Epoch 206/300, Loss: -0.4597, Obj: -0.7183, Eq Viol (l1): 0.000084, Ineq Viol (l1): 0.000001, Epoch time: 2.46s
Epoch 207/300, Loss: -0.4048, Obj: -0.7033, Eq Viol (l1): 0.000075, Ineq Viol (l1): 0.000001, Epoch time: 2.53s
Epoch 208/300, Loss: -0.4318, Obj: -0.7300, Eq Viol (l1): 0.000083, Ineq Viol (l1): 0.000001, Epoch time: 2.51s
Epoch 209/300, Loss: -0.4750, Obj: -0.7479, Eq Viol (l1): 0.000084, Ineq Viol (l1): 0.000001, Epoch time: 2.48s
Epoch 210/300, Loss: -0.4634, Obj: -0.7263, Eq Viol (l1): 0.000083, Ineq Viol (l1): 0.000001, Epoch time: 2.44s
Epoch 211/300, Loss: -0.4521, Obj: -0.7314, Eq Viol (l1): 0.000087, Ineq Viol (l1): 0.000001, Epoch time: 2.48s

Running validation at epoch 210...

VALIDATION_EPOCH_210 EVALUATION RESULTS:
==================================================
Objective Value:     -8.396333e-01
True Objective:      -2.413704e+00
Optimality Gap:      -6.116547e-01 ± 3.409071e-01
Eq Violation l1:   1.048485e-04 (max: 8.777336e-04)
Ineq Violation l1: 5.545321e-07 (max: 2.730301e-05)
Solution Distance:   1.233431e+02 ± 6.458370e-01
Merit:             -8.385793e-01 ± 4.810937e-03
Avg Inference Time:  0.0636s
==================================================
Epoch 212/300, Loss: -0.4834, Obj: -0.7199, Eq Viol (l1): 0.000086, Ineq Viol (l1): 0.000001, Epoch time: 2.43s
Epoch 213/300, Loss: -0.3740, Obj: -0.6781, Eq Viol (l1): 0.000085, Ineq Viol (l1): 0.000001, Epoch time: 2.45s
Epoch 214/300, Loss: -0.3888, Obj: -0.7113, Eq Viol (l1): 0.000080, Ineq Viol (l1): 0.000001, Epoch time: 2.50s
Epoch 215/300, Loss: -0.4841, Obj: -0.7457, Eq Viol (l1): 0.000084, Ineq Viol (l1): 0.000001, Epoch time: 2.44s
Epoch 216/300, Loss: -0.4811, Obj: -0.7418, Eq Viol (l1): 0.000087, Ineq Viol (l1): 0.000001, Epoch time: 2.41s
Epoch 217/300, Loss: -0.4227, Obj: -0.7201, Eq Viol (l1): 0.000083, Ineq Viol (l1): 0.000001, Epoch time: 2.48s
Epoch 218/300, Loss: -0.4630, Obj: -0.7190, Eq Viol (l1): 0.000079, Ineq Viol (l1): 0.000001, Epoch time: 2.44s
Epoch 219/300, Loss: -0.4624, Obj: -0.7243, Eq Viol (l1): 0.000088, Ineq Viol (l1): 0.000001, Epoch time: 2.40s
Epoch 220/300, Loss: -0.4700, Obj: -0.7377, Eq Viol (l1): 0.000078, Ineq Viol (l1): 0.000001, Epoch time: 2.48s
Epoch 221/300, Loss: -0.4686, Obj: -0.7420, Eq Viol (l1): 0.000080, Ineq Viol (l1): 0.000001, Epoch time: 2.50s

Running validation at epoch 220...

VALIDATION_EPOCH_220 EVALUATION RESULTS:
==================================================
Objective Value:     -7.969044e-01
True Objective:      -2.413704e+00
Optimality Gap:      -5.739287e-01 ± 3.442082e-01
Eq Violation l1:   8.825681e-05 (max: 1.271220e-03)
Ineq Violation l1: 5.894271e-07 (max: 3.928732e-05)
Solution Distance:   1.233094e+02 ± 6.479934e-01
Merit:             -7.960159e-01 ± 4.180165e-03
Avg Inference Time:  0.0659s
==================================================
Epoch 222/300, Loss: -0.4740, Obj: -0.7509, Eq Viol (l1): 0.000081, Ineq Viol (l1): 0.000001, Epoch time: 2.48s
Epoch 223/300, Loss: -0.4730, Obj: -0.7450, Eq Viol (l1): 0.000089, Ineq Viol (l1): 0.000001, Epoch time: 2.44s
Epoch 224/300, Loss: -0.4750, Obj: -0.7387, Eq Viol (l1): 0.000083, Ineq Viol (l1): 0.000000, Epoch time: 2.44s
Epoch 225/300, Loss: -0.5003, Obj: -0.7553, Eq Viol (l1): 0.000080, Ineq Viol (l1): 0.000001, Epoch time: 2.46s
Epoch 226/300, Loss: -0.4769, Obj: -0.7581, Eq Viol (l1): 0.000081, Ineq Viol (l1): 0.000001, Epoch time: 2.49s
Epoch 227/300, Loss: -0.4449, Obj: -0.7438, Eq Viol (l1): 0.000086, Ineq Viol (l1): 0.000001, Epoch time: 2.44s
Epoch 228/300, Loss: -0.5102, Obj: -0.7595, Eq Viol (l1): 0.000077, Ineq Viol (l1): 0.000000, Epoch time: 2.46s
Epoch 229/300, Loss: -0.4777, Obj: -0.7389, Eq Viol (l1): 0.000086, Ineq Viol (l1): 0.000000, Epoch time: 2.45s
Epoch 230/300, Loss: -0.4613, Obj: -0.7436, Eq Viol (l1): 0.000084, Ineq Viol (l1): 0.000001, Epoch time: 2.58s
Epoch 231/300, Loss: -0.3664, Obj: -0.7139, Eq Viol (l1): 0.000090, Ineq Viol (l1): 0.000001, Epoch time: 2.46s

Running validation at epoch 230...

VALIDATION_EPOCH_230 EVALUATION RESULTS:
==================================================
Objective Value:     -7.787520e-01
True Objective:      -2.413704e+00
Optimality Gap:      -5.502313e-01 ± 3.329849e-01
Eq Violation l1:   7.247935e-05 (max: 1.176751e-03)
Ineq Violation l1: 6.474377e-07 (max: 4.981154e-05)
Solution Distance:   1.237145e+02 ± 6.431640e-01
Merit:             -7.780208e-01 ± 1.751058e-03
Avg Inference Time:  0.0676s
==================================================
Epoch 232/300, Loss: -0.4270, Obj: -0.7279, Eq Viol (l1): 0.000089, Ineq Viol (l1): 0.000001, Epoch time: 2.42s
Epoch 233/300, Loss: -0.4925, Obj: -0.7513, Eq Viol (l1): 0.000080, Ineq Viol (l1): 0.000001, Epoch time: 2.47s
Epoch 234/300, Loss: -0.4959, Obj: -0.7527, Eq Viol (l1): 0.000082, Ineq Viol (l1): 0.000001, Epoch time: 2.46s
Epoch 235/300, Loss: -0.3964, Obj: -0.6941, Eq Viol (l1): 0.000097, Ineq Viol (l1): 0.000001, Epoch time: 2.40s
Epoch 236/300, Loss: -0.4970, Obj: -0.7561, Eq Viol (l1): 0.000079, Ineq Viol (l1): 0.000001, Epoch time: 2.49s
Epoch 237/300, Loss: -0.4967, Obj: -0.7523, Eq Viol (l1): 0.000082, Ineq Viol (l1): 0.000001, Epoch time: 2.45s
Epoch 238/300, Loss: -0.4480, Obj: -0.7288, Eq Viol (l1): 0.000076, Ineq Viol (l1): 0.000000, Epoch time: 2.51s
Epoch 239/300, Loss: -0.4424, Obj: -0.7136, Eq Viol (l1): 0.000077, Ineq Viol (l1): 0.000001, Epoch time: 2.50s
Epoch 240/300, Loss: -0.4582, Obj: -0.7430, Eq Viol (l1): 0.000080, Ineq Viol (l1): 0.000001, Epoch time: 2.48s
Epoch 241/300, Loss: -0.4841, Obj: -0.7625, Eq Viol (l1): 0.000087, Ineq Viol (l1): 0.000001, Epoch time: 2.45s

Running validation at epoch 240...

VALIDATION_EPOCH_240 EVALUATION RESULTS:
==================================================
Objective Value:     -7.570080e-01
True Objective:      -2.413704e+00
Optimality Gap:      -4.655369e-01 ± 3.085204e-01
Eq Violation l1:   8.202487e-05 (max: 1.221761e-03)
Ineq Violation l1: 3.734707e-07 (max: 1.903298e-05)
Solution Distance:   1.234234e+02 ± 6.470831e-01
Merit:             -7.561840e-01 ± 2.702548e-04
Avg Inference Time:  0.0635s
==================================================
Epoch 242/300, Loss: -0.4832, Obj: -0.7432, Eq Viol (l1): 0.000083, Ineq Viol (l1): 0.000001, Epoch time: 2.45s
Epoch 243/300, Loss: -0.4099, Obj: -0.7312, Eq Viol (l1): 0.000086, Ineq Viol (l1): 0.000001, Epoch time: 2.46s
Epoch 244/300, Loss: -0.4712, Obj: -0.7425, Eq Viol (l1): 0.000087, Ineq Viol (l1): 0.000001, Epoch time: 2.44s
Epoch 245/300, Loss: -0.4958, Obj: -0.7637, Eq Viol (l1): 0.000078, Ineq Viol (l1): 0.000001, Epoch time: 2.47s
Epoch 246/300, Loss: -0.4623, Obj: -0.7250, Eq Viol (l1): 0.000084, Ineq Viol (l1): 0.000001, Epoch time: 2.43s
Epoch 247/300, Loss: -0.4946, Obj: -0.7508, Eq Viol (l1): 0.000085, Ineq Viol (l1): 0.000001, Epoch time: 2.46s
Epoch 248/300, Loss: -0.4735, Obj: -0.7367, Eq Viol (l1): 0.000086, Ineq Viol (l1): 0.000001, Epoch time: 2.43s
Epoch 249/300, Loss: -0.4574, Obj: -0.7325, Eq Viol (l1): 0.000084, Ineq Viol (l1): 0.000001, Epoch time: 2.46s
Epoch 250/300, Loss: -0.5206, Obj: -0.7627, Eq Viol (l1): 0.000089, Ineq Viol (l1): 0.000001, Epoch time: 2.43s
Epoch 251/300, Loss: -0.5338, Obj: -0.7678, Eq Viol (l1): 0.000077, Ineq Viol (l1): 0.000001, Epoch time: 2.48s

Running validation at epoch 250...

VALIDATION_EPOCH_250 EVALUATION RESULTS:
==================================================
Objective Value:     -8.413322e-01
True Objective:      -2.413704e+00
Optimality Gap:      -6.178165e-01 ± 3.505025e-01
Eq Violation l1:   8.788464e-05 (max: 1.300998e-03)
Ineq Violation l1: 6.689127e-07 (max: 3.691097e-05)
Solution Distance:   1.233328e+02 ± 6.590736e-01
Merit:             -8.404467e-01 ± 8.015172e-04
Avg Inference Time:  0.0659s
==================================================
Epoch 252/300, Loss: -0.5084, Obj: -0.7568, Eq Viol (l1): 0.000082, Ineq Viol (l1): 0.000001, Epoch time: 2.45s
Epoch 253/300, Loss: -0.3788, Obj: -0.6952, Eq Viol (l1): 0.000082, Ineq Viol (l1): 0.000001, Epoch time: 2.48s
Epoch 254/300, Loss: -0.4905, Obj: -0.7349, Eq Viol (l1): 0.000081, Ineq Viol (l1): 0.000001, Epoch time: 2.45s
Epoch 255/300, Loss: -0.4610, Obj: -0.7548, Eq Viol (l1): 0.000084, Ineq Viol (l1): 0.000001, Epoch time: 2.47s
Epoch 256/300, Loss: -0.4479, Obj: -0.7242, Eq Viol (l1): 0.000088, Ineq Viol (l1): 0.000001, Epoch time: 2.44s
Epoch 257/300, Loss: -0.4568, Obj: -0.7503, Eq Viol (l1): 0.000076, Ineq Viol (l1): 0.000001, Epoch time: 2.50s
Epoch 258/300, Loss: -0.4868, Obj: -0.7400, Eq Viol (l1): 0.000079, Ineq Viol (l1): 0.000001, Epoch time: 2.46s
Epoch 259/300, Loss: -0.4926, Obj: -0.7613, Eq Viol (l1): 0.000083, Ineq Viol (l1): 0.000001, Epoch time: 2.55s
Epoch 260/300, Loss: -0.4642, Obj: -0.7408, Eq Viol (l1): 0.000083, Ineq Viol (l1): 0.000000, Epoch time: 2.59s
Epoch 261/300, Loss: -0.4893, Obj: -0.7617, Eq Viol (l1): 0.000081, Ineq Viol (l1): 0.000001, Epoch time: 2.61s

Running validation at epoch 260...

VALIDATION_EPOCH_260 EVALUATION RESULTS:
==================================================
Objective Value:     -7.490200e-01
True Objective:      -2.413704e+00
Optimality Gap:      -4.114187e-01 ± 2.806835e-01
Eq Violation l1:   6.097105e-05 (max: 1.760553e-03)
Ineq Violation l1: 6.906994e-07 (max: 1.627645e-04)
Solution Distance:   1.235591e+02 ± 6.722002e-01
Merit:             -7.484034e-01 ± 2.807484e-03
Avg Inference Time:  0.0679s
==================================================
Epoch 262/300, Loss: -0.4259, Obj: -0.7092, Eq Viol (l1): 0.000090, Ineq Viol (l1): 0.000001, Epoch time: 2.70s
Epoch 263/300, Loss: -0.5008, Obj: -0.7600, Eq Viol (l1): 0.000081, Ineq Viol (l1): 0.000001, Epoch time: 2.61s
Epoch 264/300, Loss: -0.4615, Obj: -0.7355, Eq Viol (l1): 0.000087, Ineq Viol (l1): 0.000001, Epoch time: 2.49s
Epoch 265/300, Loss: -0.4833, Obj: -0.7391, Eq Viol (l1): 0.000086, Ineq Viol (l1): 0.000001, Epoch time: 2.47s
Epoch 266/300, Loss: -0.4492, Obj: -0.7230, Eq Viol (l1): 0.000083, Ineq Viol (l1): 0.000001, Epoch time: 2.47s
Epoch 267/300, Loss: -0.4531, Obj: -0.7435, Eq Viol (l1): 0.000084, Ineq Viol (l1): 0.000001, Epoch time: 2.46s
Epoch 268/300, Loss: -0.4198, Obj: -0.7278, Eq Viol (l1): 0.000095, Ineq Viol (l1): 0.000001, Epoch time: 2.45s
Epoch 269/300, Loss: -0.4862, Obj: -0.7487, Eq Viol (l1): 0.000077, Ineq Viol (l1): 0.000001, Epoch time: 2.49s
Epoch 270/300, Loss: -0.4761, Obj: -0.7285, Eq Viol (l1): 0.000090, Ineq Viol (l1): 0.000001, Epoch time: 2.42s
Epoch 271/300, Loss: -0.5248, Obj: -0.7692, Eq Viol (l1): 0.000080, Ineq Viol (l1): 0.000001, Epoch time: 2.47s

Running validation at epoch 270...

VALIDATION_EPOCH_270 EVALUATION RESULTS:
==================================================
Objective Value:     -8.350955e-01
True Objective:      -2.413704e+00
Optimality Gap:      -5.804658e-01 ± 3.132943e-01
Eq Violation l1:   1.037352e-04 (max: 1.140258e-03)
Ineq Violation l1: 8.531099e-07 (max: 7.353525e-05)
Solution Distance:   1.233004e+02 ± 6.325152e-01
Merit:             -8.340497e-01 ± 3.067858e-03
Avg Inference Time:  0.0639s
==================================================
Epoch 272/300, Loss: -0.5132, Obj: -0.7641, Eq Viol (l1): 0.000093, Ineq Viol (l1): 0.000001, Epoch time: 2.44s
Epoch 273/300, Loss: -0.5357, Obj: -0.7684, Eq Viol (l1): 0.000087, Ineq Viol (l1): 0.000001, Epoch time: 2.45s
Epoch 274/300, Loss: -0.5222, Obj: -0.7699, Eq Viol (l1): 0.000088, Ineq Viol (l1): 0.000001, Epoch time: 2.46s
Epoch 275/300, Loss: -0.5132, Obj: -0.7516, Eq Viol (l1): 0.000077, Ineq Viol (l1): 0.000001, Epoch time: 2.48s
Epoch 276/300, Loss: -0.4921, Obj: -0.7548, Eq Viol (l1): 0.000091, Ineq Viol (l1): 0.000001, Epoch time: 2.45s
Epoch 277/300, Loss: -0.4822, Obj: -0.7582, Eq Viol (l1): 0.000087, Ineq Viol (l1): 0.000001, Epoch time: 2.46s
Epoch 278/300, Loss: -0.4327, Obj: -0.7266, Eq Viol (l1): 0.000085, Ineq Viol (l1): 0.000001, Epoch time: 2.48s
Epoch 279/300, Loss: -0.4958, Obj: -0.7569, Eq Viol (l1): 0.000076, Ineq Viol (l1): 0.000000, Epoch time: 2.54s
Epoch 280/300, Loss: -0.4916, Obj: -0.7455, Eq Viol (l1): 0.000078, Ineq Viol (l1): 0.000000, Epoch time: 2.49s
Epoch 281/300, Loss: -0.4794, Obj: -0.7534, Eq Viol (l1): 0.000086, Ineq Viol (l1): 0.000001, Epoch time: 2.51s

Running validation at epoch 280...

VALIDATION_EPOCH_280 EVALUATION RESULTS:
==================================================
Objective Value:     -7.978112e-01
True Objective:      -2.413704e+00
Optimality Gap:      -5.739806e-01 ± 3.625672e-01
Eq Violation l1:   7.912338e-05 (max: 1.488833e-03)
Ineq Violation l1: 6.922717e-07 (max: 6.708662e-05)
Solution Distance:   1.230138e+02 ± 6.369291e-01
Merit:             -7.970131e-01 ± 2.715795e-03
Avg Inference Time:  0.0661s
==================================================
Epoch 282/300, Loss: -0.4503, Obj: -0.7485, Eq Viol (l1): 0.000085, Ineq Viol (l1): 0.000001, Epoch time: 2.50s
Epoch 283/300, Loss: -0.4954, Obj: -0.7606, Eq Viol (l1): 0.000079, Ineq Viol (l1): 0.000001, Epoch time: 2.51s
Epoch 284/300, Loss: -0.4679, Obj: -0.7267, Eq Viol (l1): 0.000076, Ineq Viol (l1): 0.000001, Epoch time: 2.48s
Epoch 285/300, Loss: -0.4980, Obj: -0.7521, Eq Viol (l1): 0.000085, Ineq Viol (l1): 0.000001, Epoch time: 2.48s
Epoch 286/300, Loss: -0.5102, Obj: -0.7746, Eq Viol (l1): 0.000088, Ineq Viol (l1): 0.000001, Epoch time: 2.49s
Epoch 287/300, Loss: -0.5179, Obj: -0.7616, Eq Viol (l1): 0.000087, Ineq Viol (l1): 0.000001, Epoch time: 2.45s
Epoch 288/300, Loss: -0.4895, Obj: -0.7421, Eq Viol (l1): 0.000086, Ineq Viol (l1): 0.000001, Epoch time: 2.50s
Epoch 289/300, Loss: -0.4849, Obj: -0.7487, Eq Viol (l1): 0.000083, Ineq Viol (l1): 0.000001, Epoch time: 2.49s
Epoch 290/300, Loss: -0.5097, Obj: -0.7635, Eq Viol (l1): 0.000079, Ineq Viol (l1): 0.000001, Epoch time: 2.49s
Epoch 291/300, Loss: -0.5361, Obj: -0.7736, Eq Viol (l1): 0.000084, Ineq Viol (l1): 0.000001, Epoch time: 2.44s

Running validation at epoch 290...

VALIDATION_EPOCH_290 EVALUATION RESULTS:
==================================================
Objective Value:     -8.084053e-01
True Objective:      -2.413704e+00
Optimality Gap:      -5.638389e-01 ± 3.653248e-01
Eq Violation l1:   6.680758e-05 (max: 1.016472e-03)
Ineq Violation l1: 3.523102e-07 (max: 3.106228e-05)
Solution Distance:   1.234657e+02 ± 6.162661e-01
Merit:             -8.077337e-01 ± 9.316302e-04
Avg Inference Time:  0.0661s
==================================================
Epoch 292/300, Loss: -0.4970, Obj: -0.7587, Eq Viol (l1): 0.000082, Ineq Viol (l1): 0.000001, Epoch time: 2.50s
Epoch 293/300, Loss: -0.4986, Obj: -0.7633, Eq Viol (l1): 0.000082, Ineq Viol (l1): 0.000001, Epoch time: 2.46s
Epoch 294/300, Loss: -0.4937, Obj: -0.7478, Eq Viol (l1): 0.000076, Ineq Viol (l1): 0.000001, Epoch time: 2.49s
Epoch 295/300, Loss: -0.4668, Obj: -0.7507, Eq Viol (l1): 0.000085, Ineq Viol (l1): 0.000001, Epoch time: 2.59s
Epoch 296/300, Loss: -0.4922, Obj: -0.7488, Eq Viol (l1): 0.000088, Ineq Viol (l1): 0.000001, Epoch time: 2.45s
Epoch 297/300, Loss: -0.5013, Obj: -0.7491, Eq Viol (l1): 0.000088, Ineq Viol (l1): 0.000001, Epoch time: 2.42s
Epoch 298/300, Loss: -0.5113, Obj: -0.7647, Eq Viol (l1): 0.000089, Ineq Viol (l1): 0.000001, Epoch time: 2.40s
Epoch 299/300, Loss: -0.4894, Obj: -0.7543, Eq Viol (l1): 0.000089, Ineq Viol (l1): 0.000001, Epoch time: 2.41s
Epoch 300/300, Loss: -0.5215, Obj: -0.7711, Eq Viol (l1): 0.000080, Ineq Viol (l1): 0.000001, Epoch time: 2.44s

Training completed in 754.68 seconds.

============================================================
COMPREHENSIVE TEST EVALUATION WITH DETAILED RESULTS
============================================================
Testing with batch sizes: [256, 512]

Evaluating with batch size: 256 (with detailed results)

TEST_BS256 EVALUATION RESULTS:
==================================================
Objective Value:     -8.073235e-01
True Objective:      -2.409220e+00
Optimality Gap:      -3.868343e-01 ± 1.623230e+00
Eq Violation l1:   7.541790e-05 (max: 9.947825e-04)
Ineq Violation l1: 5.535752e-07 (max: 2.958566e-05)
Solution Distance:   1.245575e+02 ± 2.009977e+00
Merit:             -8.065637e-01 ± 5.580709e-02
Avg Inference Time:  0.0573s
==================================================

Evaluating with batch size: 512 (with detailed results)

TEST_BS512 EVALUATION RESULTS:
==================================================
Objective Value:     -8.059111e-01
True Objective:      -2.408634e+00
Optimality Gap:      -3.937407e-01 ± 1.192645e+00
Eq Violation l1:   7.668702e-05 (max: 1.214790e-03)
Ineq Violation l1: 5.945952e-07 (max: 4.476549e-05)
Solution Distance:   1.245142e+02 ± 1.267856e+00
Merit:             -8.051383e-01 ± 5.039536e-02
Avg Inference Time:  0.0644s
==================================================

TEST BATCH SIZE COMPARISON:
================================================================================
Batch Size   Objective    Opt Gap      Eq Viol      Ineq Viol    Time (s)  
--------------------------------------------------------------------------------
256          -8.0732e-01  -3.8683e-01  7.5418e-05   5.5358e-07   0.46      
512          -8.0591e-01  -3.9374e-01  7.6687e-05   5.9460e-07   0.26      
================================================================================

Saving model and results to: results/nonsmooth_nonconvex/socp/SOCPProblem-100-50-50-10000/20260108-021514_MLP_FSNet_seed3_nepochs300_lr0.0002_trainsize7000_finetune_20260108-013329_model_220
✓ Model saved: results/nonsmooth_nonconvex/socp/SOCPProblem-100-50-50-10000/20260108-021514_MLP_FSNet_seed3_nepochs300_lr0.0002_trainsize7000_finetune_20260108-013329_model_220/model.pt
✓ Detailed results saved: results/nonsmooth_nonconvex/socp/SOCPProblem-100-50-50-10000/20260108-021514_MLP_FSNet_seed3_nepochs300_lr0.0002_trainsize7000_finetune_20260108-013329_model_220/results.pkl

Files saved (or attempted):
  - model.pt (model weights and architecture)
  - results.pkl (training history, metrics, detailed test results)
Training and testing completed in 757.31 seconds
Done!!!
============================================================
==========         =====================         ===========
==========   3      =====================         ===========
==========         =====================         ===========
============================================================
