==============================================
 Job started at: 2026-01-07 04:49:15
 Job ID: 7764738
 Node: node3004
==============================================

======= Running for problem: nonsmooth_nonconvex/socp =======

Loading problem instance: nonsmooth_nonconvex/socp with size [100, 50, 50, 10000]
Loading  dataset from: datasets/nonsmooth_nonconvex/socp/random2025_socp_dataset_var100_ineq50_eq50_ex10000 

Running on:  cuda
Training model using FSNet method with seed 0 for 300 epochs
Using batch size: 512
Loading model from checkpoint: results/nonsmooth_nonconvex/socp/SOCPProblem-100-50-50-10000/20260106-202959_MLP_sup_seed1_dropout0.05_subopt_2_-10.0/model_60.pt

lr: 0.0002, weight_decay: 0.001, num_epochs: 300

Epoch 1/300, Loss: 27.5108, Obj: 2.0303, Eq Viol (l1): 0.000133, Ineq Viol (l1): 0.000018, Epoch time: 7.25s

Running validation at epoch 0...

VALIDATION_EPOCH_0 EVALUATION RESULTS:
==================================================
Objective Value:     2.141097e+00
True Objective:      -2.413704e+00
Optimality Gap:      5.965848e+00 ± 2.346425e+00
Eq Violation l1:   7.665379e-05 (max: 2.665011e-02)
Ineq Violation l1: 6.328905e-06 (max: 2.463356e-03)
Solution Distance:   7.155253e+01 ± 9.018657e-01
Merit:             2.141927e+00 ± 9.349629e-02
Avg Inference Time:  0.6686s
==================================================
Epoch 2/300, Loss: 26.7954, Obj: 2.0232, Eq Viol (l1): 0.000151, Ineq Viol (l1): 0.000019, Epoch time: 3.48s
Epoch 3/300, Loss: 23.9716, Obj: 2.0740, Eq Viol (l1): 0.000037, Ineq Viol (l1): 0.000002, Epoch time: 3.44s
Epoch 4/300, Loss: 20.3902, Obj: 2.2404, Eq Viol (l1): 0.000018, Ineq Viol (l1): 0.000001, Epoch time: 3.47s
Epoch 5/300, Loss: 17.4187, Obj: 2.6557, Eq Viol (l1): 0.000021, Ineq Viol (l1): 0.000001, Epoch time: 3.39s
Epoch 6/300, Loss: 15.0619, Obj: 3.2093, Eq Viol (l1): 0.000022, Ineq Viol (l1): 0.000001, Epoch time: 3.30s
Epoch 7/300, Loss: 13.7564, Obj: 3.6022, Eq Viol (l1): 0.000031, Ineq Viol (l1): 0.000004, Epoch time: 3.31s
Epoch 8/300, Loss: 13.3552, Obj: 3.5507, Eq Viol (l1): 0.000017, Ineq Viol (l1): 0.000000, Epoch time: 3.26s
Epoch 9/300, Loss: 12.4195, Obj: 3.3551, Eq Viol (l1): 0.000024, Ineq Viol (l1): 0.000001, Epoch time: 3.26s
Epoch 10/300, Loss: 10.8610, Obj: 3.1768, Eq Viol (l1): 0.000022, Ineq Viol (l1): 0.000000, Epoch time: 3.14s
Epoch 11/300, Loss: 8.8957, Obj: 2.5581, Eq Viol (l1): 0.000017, Ineq Viol (l1): 0.000000, Epoch time: 3.17s

Running validation at epoch 10...

VALIDATION_EPOCH_10 EVALUATION RESULTS:
==================================================
Objective Value:     2.072702e+00
True Objective:      -2.413704e+00
Optimality Gap:      6.234542e+00 ± 2.484114e+00
Eq Violation l1:   2.423613e-05 (max: 2.625763e-03)
Ineq Violation l1: 3.312761e-07 (max: 1.015878e-04)
Solution Distance:   7.717485e+01 ± 1.590610e+00
Merit:             2.072948e+00 ± 4.027256e-02
Avg Inference Time:  0.0989s
==================================================
Epoch 12/300, Loss: 7.0748, Obj: 1.9674, Eq Viol (l1): 0.000019, Ineq Viol (l1): 0.000000, Epoch time: 3.08s
Epoch 13/300, Loss: 3.9877, Obj: 0.7650, Eq Viol (l1): 0.000038, Ineq Viol (l1): 0.000000, Epoch time: 2.92s
Epoch 14/300, Loss: 1.9966, Obj: -0.4619, Eq Viol (l1): 0.000065, Ineq Viol (l1): 0.000000, Epoch time: 2.76s
Epoch 15/300, Loss: 0.8330, Obj: -1.1105, Eq Viol (l1): 0.000070, Ineq Viol (l1): 0.000000, Epoch time: 2.71s
Epoch 16/300, Loss: 0.1797, Obj: -1.4499, Eq Viol (l1): 0.000075, Ineq Viol (l1): 0.000000, Epoch time: 2.71s
Epoch 17/300, Loss: -0.1697, Obj: -1.6326, Eq Viol (l1): 0.000075, Ineq Viol (l1): 0.000000, Epoch time: 2.70s
Epoch 18/300, Loss: -0.3188, Obj: -1.7271, Eq Viol (l1): 0.000082, Ineq Viol (l1): 0.000000, Epoch time: 2.70s
Epoch 19/300, Loss: -0.3446, Obj: -1.8046, Eq Viol (l1): 0.000079, Ineq Viol (l1): 0.000000, Epoch time: 2.67s
Epoch 20/300, Loss: -0.4742, Obj: -1.8732, Eq Viol (l1): 0.000076, Ineq Viol (l1): 0.000000, Epoch time: 2.70s
Epoch 21/300, Loss: -0.7538, Obj: -2.0236, Eq Viol (l1): 0.000079, Ineq Viol (l1): 0.000000, Epoch time: 2.71s

Running validation at epoch 20...

VALIDATION_EPOCH_20 EVALUATION RESULTS:
==================================================
Objective Value:     -2.282200e+00
True Objective:      -2.413704e+00
Optimality Gap:      -3.247584e+00 ± 1.573879e+00
Eq Violation l1:   8.409431e-05 (max: 1.445434e-03)
Ineq Violation l1: 4.683572e-07 (max: 3.099093e-05)
Solution Distance:   7.657419e+01 ± 1.784480e+00
Merit:             -2.281354e+00 ± 1.352808e-03
Avg Inference Time:  0.0701s
==================================================
Epoch 22/300, Loss: -0.9920, Obj: -2.1831, Eq Viol (l1): 0.000076, Ineq Viol (l1): 0.000000, Epoch time: 2.71s
Epoch 23/300, Loss: -0.9416, Obj: -2.2962, Eq Viol (l1): 0.000066, Ineq Viol (l1): 0.000000, Epoch time: 2.74s
Epoch 24/300, Loss: -1.0898, Obj: -2.3693, Eq Viol (l1): 0.000074, Ineq Viol (l1): 0.000000, Epoch time: 2.72s
Epoch 25/300, Loss: -1.1519, Obj: -2.4503, Eq Viol (l1): 0.000060, Ineq Viol (l1): 0.000000, Epoch time: 2.72s
Epoch 26/300, Loss: -1.2924, Obj: -2.5273, Eq Viol (l1): 0.000053, Ineq Viol (l1): 0.000000, Epoch time: 2.77s
Epoch 27/300, Loss: -1.3515, Obj: -2.5472, Eq Viol (l1): 0.000058, Ineq Viol (l1): 0.000000, Epoch time: 2.76s
Epoch 28/300, Loss: -1.3632, Obj: -2.5651, Eq Viol (l1): 0.000055, Ineq Viol (l1): 0.000000, Epoch time: 2.77s
Epoch 29/300, Loss: -1.3946, Obj: -2.5912, Eq Viol (l1): 0.000057, Ineq Viol (l1): 0.000001, Epoch time: 2.76s
Epoch 30/300, Loss: -1.3309, Obj: -2.6186, Eq Viol (l1): 0.000053, Ineq Viol (l1): 0.000000, Epoch time: 2.78s
Epoch 31/300, Loss: -1.3896, Obj: -2.6058, Eq Viol (l1): 0.000044, Ineq Viol (l1): 0.000000, Epoch time: 2.79s

Running validation at epoch 30...

VALIDATION_EPOCH_30 EVALUATION RESULTS:
==================================================
Objective Value:     -2.942639e+00
True Objective:      -2.413704e+00
Optimality Gap:      -4.565133e+00 ± 2.027363e+00
Eq Violation l1:   6.198649e-05 (max: 1.877725e-03)
Ineq Violation l1: 3.754168e-07 (max: 2.751843e-05)
Solution Distance:   8.345330e+01 ± 1.824136e+00
Merit:             -2.942016e+00 ± 1.412782e-02
Avg Inference Time:  0.0757s
==================================================
Epoch 32/300, Loss: -1.3792, Obj: -2.6162, Eq Viol (l1): 0.000059, Ineq Viol (l1): 0.000000, Epoch time: 2.76s
Epoch 33/300, Loss: -1.3291, Obj: -2.6521, Eq Viol (l1): 0.000048, Ineq Viol (l1): 0.000000, Epoch time: 2.79s
Epoch 34/300, Loss: -1.4176, Obj: -2.6890, Eq Viol (l1): 0.000054, Ineq Viol (l1): 0.000000, Epoch time: 2.89s
Epoch 35/300, Loss: -1.5497, Obj: -2.6736, Eq Viol (l1): 0.000040, Ineq Viol (l1): 0.000000, Epoch time: 2.81s
Epoch 36/300, Loss: -1.6155, Obj: -2.7163, Eq Viol (l1): 0.000047, Ineq Viol (l1): 0.000000, Epoch time: 2.78s
Epoch 37/300, Loss: -1.6316, Obj: -2.7260, Eq Viol (l1): 0.000047, Ineq Viol (l1): 0.000000, Epoch time: 2.77s
Epoch 38/300, Loss: -1.7174, Obj: -2.7120, Eq Viol (l1): 0.000051, Ineq Viol (l1): 0.000000, Epoch time: 2.75s
Epoch 39/300, Loss: -1.6659, Obj: -2.7268, Eq Viol (l1): 0.000056, Ineq Viol (l1): 0.000000, Epoch time: 2.76s
Epoch 40/300, Loss: -1.5533, Obj: -2.7002, Eq Viol (l1): 0.000057, Ineq Viol (l1): 0.000000, Epoch time: 2.76s
Epoch 41/300, Loss: -1.6847, Obj: -2.7505, Eq Viol (l1): 0.000055, Ineq Viol (l1): 0.000000, Epoch time: 2.77s

Running validation at epoch 40...

VALIDATION_EPOCH_40 EVALUATION RESULTS:
==================================================
Objective Value:     -2.823492e+00
True Objective:      -2.413704e+00
Optimality Gap:      -4.345382e+00 ± 1.930731e+00
Eq Violation l1:   5.488844e-05 (max: 1.901695e-03)
Ineq Violation l1: 1.899308e-07 (max: 2.252298e-05)
Solution Distance:   8.482753e+01 ± 1.889408e+00
Merit:             -2.822941e+00 ± 1.663541e-02
Avg Inference Time:  0.0732s
==================================================
Epoch 42/300, Loss: -1.8331, Obj: -2.7673, Eq Viol (l1): 0.000050, Ineq Viol (l1): 0.000000, Epoch time: 2.77s
Epoch 43/300, Loss: -1.7844, Obj: -2.7861, Eq Viol (l1): 0.000054, Ineq Viol (l1): 0.000000, Epoch time: 2.78s
Epoch 44/300, Loss: -1.8546, Obj: -2.7987, Eq Viol (l1): 0.000051, Ineq Viol (l1): 0.000000, Epoch time: 2.73s
Epoch 45/300, Loss: -1.8307, Obj: -2.7886, Eq Viol (l1): 0.000054, Ineq Viol (l1): 0.000001, Epoch time: 2.78s
Epoch 46/300, Loss: -1.8897, Obj: -2.8102, Eq Viol (l1): 0.000066, Ineq Viol (l1): 0.000000, Epoch time: 2.73s
Epoch 47/300, Loss: -1.9120, Obj: -2.8165, Eq Viol (l1): 0.000061, Ineq Viol (l1): 0.000000, Epoch time: 2.77s
Epoch 48/300, Loss: -1.8836, Obj: -2.8272, Eq Viol (l1): 0.000059, Ineq Viol (l1): 0.000000, Epoch time: 2.78s
Epoch 49/300, Loss: -1.7924, Obj: -2.7729, Eq Viol (l1): 0.000056, Ineq Viol (l1): 0.000000, Epoch time: 2.75s
Epoch 50/300, Loss: -1.9347, Obj: -2.8063, Eq Viol (l1): 0.000072, Ineq Viol (l1): 0.000000, Epoch time: 2.68s
Epoch 51/300, Loss: -2.0027, Obj: -2.8494, Eq Viol (l1): 0.000054, Ineq Viol (l1): 0.000000, Epoch time: 2.76s

Running validation at epoch 50...

VALIDATION_EPOCH_50 EVALUATION RESULTS:
==================================================
Objective Value:     -3.066600e+00
True Objective:      -2.413704e+00
Optimality Gap:      -4.711391e+00 ± 2.030203e+00
Eq Violation l1:   8.165220e-05 (max: 1.810615e-03)
Ineq Violation l1: 4.087056e-07 (max: 5.190804e-05)
Solution Distance:   8.356519e+01 ± 1.817741e+00
Merit:             -3.065779e+00 ± 1.199856e-02
Avg Inference Time:  0.0724s
==================================================
Epoch 52/300, Loss: -1.9127, Obj: -2.8205, Eq Viol (l1): 0.000059, Ineq Viol (l1): 0.000000, Epoch time: 2.75s
Epoch 53/300, Loss: -1.9589, Obj: -2.8684, Eq Viol (l1): 0.000054, Ineq Viol (l1): 0.000000, Epoch time: 2.78s
Epoch 54/300, Loss: -2.0196, Obj: -2.8446, Eq Viol (l1): 0.000055, Ineq Viol (l1): 0.000000, Epoch time: 2.76s
Epoch 55/300, Loss: -1.9987, Obj: -2.8606, Eq Viol (l1): 0.000051, Ineq Viol (l1): 0.000000, Epoch time: 2.77s
Epoch 56/300, Loss: -1.8960, Obj: -2.8052, Eq Viol (l1): 0.000058, Ineq Viol (l1): 0.000000, Epoch time: 2.75s
Epoch 57/300, Loss: -1.8429, Obj: -2.7661, Eq Viol (l1): 0.000056, Ineq Viol (l1): 0.000000, Epoch time: 2.73s
Epoch 58/300, Loss: -1.7101, Obj: -2.7447, Eq Viol (l1): 0.000045, Ineq Viol (l1): 0.000000, Epoch time: 2.81s
Epoch 59/300, Loss: -1.9006, Obj: -2.8013, Eq Viol (l1): 0.000053, Ineq Viol (l1): 0.000000, Epoch time: 2.76s
Epoch 60/300, Loss: -1.9594, Obj: -2.8614, Eq Viol (l1): 0.000052, Ineq Viol (l1): 0.000000, Epoch time: 2.76s
Epoch 61/300, Loss: -2.0355, Obj: -2.8818, Eq Viol (l1): 0.000057, Ineq Viol (l1): 0.000001, Epoch time: 2.76s

Running validation at epoch 60...

VALIDATION_EPOCH_60 EVALUATION RESULTS:
==================================================
Objective Value:     -3.000354e+00
True Objective:      -2.413704e+00
Optimality Gap:      -4.635488e+00 ± 2.020302e+00
Eq Violation l1:   7.456751e-05 (max: 1.796898e-03)
Ineq Violation l1: 5.004921e-07 (max: 1.413244e-04)
Solution Distance:   8.458982e+01 ± 1.849249e+00
Merit:             -2.999603e+00 ± 1.555313e-03
Avg Inference Time:  0.0712s
==================================================
Epoch 62/300, Loss: -2.0128, Obj: -2.8437, Eq Viol (l1): 0.000052, Ineq Viol (l1): 0.000000, Epoch time: 2.74s
Epoch 63/300, Loss: -2.0428, Obj: -2.8612, Eq Viol (l1): 0.000051, Ineq Viol (l1): 0.000000, Epoch time: 2.74s
Epoch 64/300, Loss: -2.2109, Obj: -2.9299, Eq Viol (l1): 0.000049, Ineq Viol (l1): 0.000000, Epoch time: 2.77s
Epoch 65/300, Loss: -2.1301, Obj: -2.8968, Eq Viol (l1): 0.000053, Ineq Viol (l1): 0.000000, Epoch time: 2.75s
Epoch 66/300, Loss: -2.0916, Obj: -2.8965, Eq Viol (l1): 0.000053, Ineq Viol (l1): 0.000000, Epoch time: 2.76s
Epoch 67/300, Loss: -2.0741, Obj: -2.9273, Eq Viol (l1): 0.000057, Ineq Viol (l1): 0.000000, Epoch time: 2.76s
Epoch 68/300, Loss: -2.0490, Obj: -2.8506, Eq Viol (l1): 0.000052, Ineq Viol (l1): 0.000000, Epoch time: 2.86s
Epoch 69/300, Loss: -1.9399, Obj: -2.8973, Eq Viol (l1): 0.000052, Ineq Viol (l1): 0.000000, Epoch time: 2.73s
Epoch 70/300, Loss: -2.1319, Obj: -2.8862, Eq Viol (l1): 0.000048, Ineq Viol (l1): 0.000000, Epoch time: 2.77s
Epoch 71/300, Loss: -2.0750, Obj: -2.9029, Eq Viol (l1): 0.000055, Ineq Viol (l1): 0.000000, Epoch time: 2.75s

Running validation at epoch 70...

VALIDATION_EPOCH_70 EVALUATION RESULTS:
==================================================
Objective Value:     -3.040669e+00
True Objective:      -2.413704e+00
Optimality Gap:      -4.656692e+00 ± 1.999575e+00
Eq Violation l1:   5.000436e-05 (max: 2.272310e-03)
Ineq Violation l1: 4.658981e-07 (max: 1.474475e-04)
Solution Distance:   8.391086e+01 ± 1.822853e+00
Merit:             -3.040165e+00 ± 1.536082e-02
Avg Inference Time:  0.0774s
==================================================
Epoch 72/300, Loss: -2.0993, Obj: -2.8991, Eq Viol (l1): 0.000062, Ineq Viol (l1): 0.000001, Epoch time: 2.74s
Epoch 73/300, Loss: -2.1979, Obj: -2.8931, Eq Viol (l1): 0.000054, Ineq Viol (l1): 0.000000, Epoch time: 2.75s
Epoch 74/300, Loss: -2.2735, Obj: -2.9586, Eq Viol (l1): 0.000061, Ineq Viol (l1): 0.000000, Epoch time: 2.75s
Epoch 75/300, Loss: -2.0684, Obj: -2.8760, Eq Viol (l1): 0.000064, Ineq Viol (l1): 0.000000, Epoch time: 2.73s
Epoch 76/300, Loss: -2.2403, Obj: -2.9276, Eq Viol (l1): 0.000067, Ineq Viol (l1): 0.000001, Epoch time: 2.71s
Epoch 77/300, Loss: -2.2648, Obj: -2.9502, Eq Viol (l1): 0.000055, Ineq Viol (l1): 0.000000, Epoch time: 2.76s
Epoch 78/300, Loss: -2.2158, Obj: -2.9186, Eq Viol (l1): 0.000063, Ineq Viol (l1): 0.000000, Epoch time: 2.73s
Epoch 79/300, Loss: -2.3171, Obj: -2.9553, Eq Viol (l1): 0.000058, Ineq Viol (l1): 0.000001, Epoch time: 2.76s
Epoch 80/300, Loss: -2.3207, Obj: -2.9779, Eq Viol (l1): 0.000052, Ineq Viol (l1): 0.000000, Epoch time: 2.76s
Epoch 81/300, Loss: -2.1828, Obj: -2.9248, Eq Viol (l1): 0.000055, Ineq Viol (l1): 0.000000, Epoch time: 2.77s

Running validation at epoch 80...

VALIDATION_EPOCH_80 EVALUATION RESULTS:
==================================================
Objective Value:     -2.911619e+00
True Objective:      -2.413704e+00
Optimality Gap:      -4.506683e+00 ± 2.016009e+00
Eq Violation l1:   5.404910e-05 (max: 2.270674e-03)
Ineq Violation l1: 1.651003e-07 (max: 2.849100e-05)
Solution Distance:   8.447902e+01 ± 1.892578e+00
Merit:             -2.911077e+00 ± 7.406360e-03
Avg Inference Time:  0.0730s
==================================================
Epoch 82/300, Loss: -2.2779, Obj: -2.9327, Eq Viol (l1): 0.000054, Ineq Viol (l1): 0.000000, Epoch time: 2.73s
Epoch 83/300, Loss: -2.1566, Obj: -2.9638, Eq Viol (l1): 0.000056, Ineq Viol (l1): 0.000001, Epoch time: 2.77s
Epoch 84/300, Loss: -1.9060, Obj: -2.8926, Eq Viol (l1): 0.000064, Ineq Viol (l1): 0.000001, Epoch time: 2.74s
Epoch 85/300, Loss: -2.2354, Obj: -2.9323, Eq Viol (l1): 0.000053, Ineq Viol (l1): 0.000000, Epoch time: 2.75s
Epoch 86/300, Loss: -2.2745, Obj: -2.9786, Eq Viol (l1): 0.000056, Ineq Viol (l1): 0.000000, Epoch time: 2.77s
Epoch 87/300, Loss: -2.3041, Obj: -2.9912, Eq Viol (l1): 0.000055, Ineq Viol (l1): 0.000000, Epoch time: 2.76s
Epoch 88/300, Loss: -2.2287, Obj: -2.9109, Eq Viol (l1): 0.000061, Ineq Viol (l1): 0.000000, Epoch time: 2.69s
Epoch 89/300, Loss: -2.3359, Obj: -2.9788, Eq Viol (l1): 0.000063, Ineq Viol (l1): 0.000000, Epoch time: 2.73s
Epoch 90/300, Loss: -2.3267, Obj: -2.9872, Eq Viol (l1): 0.000059, Ineq Viol (l1): 0.000000, Epoch time: 2.75s
Epoch 91/300, Loss: -2.3623, Obj: -2.9831, Eq Viol (l1): 0.000053, Ineq Viol (l1): 0.000000, Epoch time: 2.76s

Running validation at epoch 90...

VALIDATION_EPOCH_90 EVALUATION RESULTS:
==================================================
Objective Value:     -3.129485e+00
True Objective:      -2.413704e+00
Optimality Gap:      -4.837443e+00 ± 2.079052e+00
Eq Violation l1:   4.219291e-05 (max: 2.184200e-03)
Ineq Violation l1: 3.081767e-07 (max: 4.950301e-05)
Solution Distance:   8.362856e+01 ± 1.850428e+00
Merit:             -3.129060e+00 ± 1.071372e-02
Avg Inference Time:  0.0775s
==================================================
Epoch 92/300, Loss: -2.3428, Obj: -2.9824, Eq Viol (l1): 0.000049, Ineq Viol (l1): 0.000000, Epoch time: 2.76s
Epoch 93/300, Loss: -2.4326, Obj: -3.0110, Eq Viol (l1): 0.000057, Ineq Viol (l1): 0.000001, Epoch time: 2.75s
Epoch 94/300, Loss: -2.3581, Obj: -2.9786, Eq Viol (l1): 0.000058, Ineq Viol (l1): 0.000000, Epoch time: 2.71s
Epoch 95/300, Loss: -2.3151, Obj: -2.9690, Eq Viol (l1): 0.000053, Ineq Viol (l1): 0.000000, Epoch time: 2.74s
Epoch 96/300, Loss: -2.3408, Obj: -2.9766, Eq Viol (l1): 0.000050, Ineq Viol (l1): 0.000000, Epoch time: 2.73s
Epoch 97/300, Loss: -2.3813, Obj: -3.0106, Eq Viol (l1): 0.000060, Ineq Viol (l1): 0.000000, Epoch time: 2.60s
Epoch 98/300, Loss: -2.3990, Obj: -3.0002, Eq Viol (l1): 0.000057, Ineq Viol (l1): 0.000000, Epoch time: 2.63s
Epoch 99/300, Loss: -2.4037, Obj: -3.0146, Eq Viol (l1): 0.000052, Ineq Viol (l1): 0.000000, Epoch time: 2.63s
Epoch 100/300, Loss: -2.3261, Obj: -2.9699, Eq Viol (l1): 0.000054, Ineq Viol (l1): 0.000001, Epoch time: 2.75s
Epoch 101/300, Loss: -2.3520, Obj: -3.0000, Eq Viol (l1): 0.000052, Ineq Viol (l1): 0.000000, Epoch time: 2.82s

Running validation at epoch 100...

VALIDATION_EPOCH_100 EVALUATION RESULTS:
==================================================
Objective Value:     -3.048448e+00
True Objective:      -2.413704e+00
Optimality Gap:      -4.668195e+00 ± 1.995120e+00
Eq Violation l1:   4.368372e-05 (max: 2.074831e-03)
Ineq Violation l1: 3.670570e-07 (max: 5.670049e-05)
Solution Distance:   8.424644e+01 ± 1.861810e+00
Merit:             -3.048008e+00 ± 9.741745e-03
Avg Inference Time:  0.0743s
==================================================
Epoch 102/300, Loss: -2.3721, Obj: -3.0080, Eq Viol (l1): 0.000045, Ineq Viol (l1): 0.000000, Epoch time: 2.79s
Epoch 103/300, Loss: -2.2857, Obj: -2.9103, Eq Viol (l1): 0.000047, Ineq Viol (l1): 0.000000, Epoch time: 2.76s
Epoch 104/300, Loss: -2.1733, Obj: -2.9090, Eq Viol (l1): 0.000049, Ineq Viol (l1): 0.000000, Epoch time: 2.80s
Epoch 105/300, Loss: -2.3435, Obj: -2.9474, Eq Viol (l1): 0.000057, Ineq Viol (l1): 0.000001, Epoch time: 2.74s
Epoch 106/300, Loss: -2.4114, Obj: -2.9983, Eq Viol (l1): 0.000054, Ineq Viol (l1): 0.000000, Epoch time: 2.74s
Epoch 107/300, Loss: -2.3457, Obj: -2.9931, Eq Viol (l1): 0.000049, Ineq Viol (l1): 0.000000, Epoch time: 2.78s
Epoch 108/300, Loss: -2.3239, Obj: -2.9453, Eq Viol (l1): 0.000046, Ineq Viol (l1): 0.000001, Epoch time: 2.79s
Epoch 109/300, Loss: -2.3274, Obj: -2.9776, Eq Viol (l1): 0.000052, Ineq Viol (l1): 0.000000, Epoch time: 2.77s
Epoch 110/300, Loss: -2.4503, Obj: -3.0107, Eq Viol (l1): 0.000058, Ineq Viol (l1): 0.000000, Epoch time: 2.75s
Epoch 111/300, Loss: -2.4761, Obj: -3.0041, Eq Viol (l1): 0.000048, Ineq Viol (l1): 0.000000, Epoch time: 2.76s

Running validation at epoch 110...

VALIDATION_EPOCH_110 EVALUATION RESULTS:
==================================================
Objective Value:     -3.016015e+00
True Objective:      -2.413704e+00
Optimality Gap:      -4.655577e+00 ± 2.027056e+00
Eq Violation l1:   4.172634e-05 (max: 2.339729e-03)
Ineq Violation l1: 2.454287e-07 (max: 4.545447e-05)
Solution Distance:   8.441343e+01 ± 1.831442e+00
Merit:             -3.015595e+00 ± 9.940795e-03
Avg Inference Time:  0.0756s
==================================================
Epoch 112/300, Loss: -2.4340, Obj: -3.0136, Eq Viol (l1): 0.000049, Ineq Viol (l1): 0.000000, Epoch time: 2.76s
Epoch 113/300, Loss: -2.3992, Obj: -2.9952, Eq Viol (l1): 0.000051, Ineq Viol (l1): 0.000000, Epoch time: 2.71s
Epoch 114/300, Loss: -2.4656, Obj: -3.0245, Eq Viol (l1): 0.000053, Ineq Viol (l1): 0.000001, Epoch time: 2.78s
Epoch 115/300, Loss: -2.3838, Obj: -2.9818, Eq Viol (l1): 0.000057, Ineq Viol (l1): 0.000001, Epoch time: 2.74s
Epoch 116/300, Loss: -2.4998, Obj: -3.0466, Eq Viol (l1): 0.000054, Ineq Viol (l1): 0.000000, Epoch time: 2.76s
Epoch 117/300, Loss: -2.4784, Obj: -3.0451, Eq Viol (l1): 0.000057, Ineq Viol (l1): 0.000000, Epoch time: 2.76s
Epoch 118/300, Loss: -2.4440, Obj: -3.0045, Eq Viol (l1): 0.000056, Ineq Viol (l1): 0.000000, Epoch time: 2.74s
Epoch 119/300, Loss: -2.4010, Obj: -3.0011, Eq Viol (l1): 0.000052, Ineq Viol (l1): 0.000000, Epoch time: 2.76s
Epoch 120/300, Loss: -2.4039, Obj: -2.9704, Eq Viol (l1): 0.000067, Ineq Viol (l1): 0.000000, Epoch time: 2.65s
Epoch 121/300, Loss: -2.3190, Obj: -2.9804, Eq Viol (l1): 0.000055, Ineq Viol (l1): 0.000000, Epoch time: 2.76s

Running validation at epoch 120...

VALIDATION_EPOCH_120 EVALUATION RESULTS:
==================================================
Objective Value:     -2.945414e+00
True Objective:      -2.413704e+00
Optimality Gap:      -4.534397e+00 ± 1.996479e+00
Eq Violation l1:   6.090629e-05 (max: 1.702792e-03)
Ineq Violation l1: 3.574038e-07 (max: 4.223456e-05)
Solution Distance:   8.397021e+01 ± 1.892643e+00
Merit:             -2.944801e+00 ± 1.306359e-02
Avg Inference Time:  0.0686s
==================================================
Epoch 122/300, Loss: -2.4059, Obj: -3.0001, Eq Viol (l1): 0.000052, Ineq Viol (l1): 0.000000, Epoch time: 2.74s
Epoch 123/300, Loss: -2.5135, Obj: -3.0325, Eq Viol (l1): 0.000054, Ineq Viol (l1): 0.000000, Epoch time: 2.76s
Epoch 124/300, Loss: -2.4227, Obj: -3.0311, Eq Viol (l1): 0.000057, Ineq Viol (l1): 0.000000, Epoch time: 2.76s
Epoch 125/300, Loss: -2.4351, Obj: -2.9966, Eq Viol (l1): 0.000056, Ineq Viol (l1): 0.000000, Epoch time: 2.74s
Epoch 126/300, Loss: -2.4795, Obj: -3.0575, Eq Viol (l1): 0.000053, Ineq Viol (l1): 0.000000, Epoch time: 2.74s
Epoch 127/300, Loss: -2.4993, Obj: -3.0535, Eq Viol (l1): 0.000060, Ineq Viol (l1): 0.000000, Epoch time: 2.74s
Epoch 128/300, Loss: -2.4528, Obj: -3.0060, Eq Viol (l1): 0.000051, Ineq Viol (l1): 0.000001, Epoch time: 2.76s
Epoch 129/300, Loss: -2.4485, Obj: -3.0343, Eq Viol (l1): 0.000051, Ineq Viol (l1): 0.000000, Epoch time: 2.76s
Epoch 130/300, Loss: -2.4779, Obj: -2.9993, Eq Viol (l1): 0.000062, Ineq Viol (l1): 0.000000, Epoch time: 2.73s
Epoch 131/300, Loss: -2.4279, Obj: -3.0456, Eq Viol (l1): 0.000060, Ineq Viol (l1): 0.000001, Epoch time: 2.75s

Running validation at epoch 130...

VALIDATION_EPOCH_130 EVALUATION RESULTS:
==================================================
Objective Value:     -2.934669e+00
True Objective:      -2.413704e+00
Optimality Gap:      -4.476225e+00 ± 1.926836e+00
Eq Violation l1:   2.812380e-05 (max: 1.934693e-03)
Ineq Violation l1: 2.569854e-07 (max: 5.162531e-05)
Solution Distance:   8.465881e+01 ± 1.868351e+00
Merit:             -2.934385e+00 ± 7.353376e-03
Avg Inference Time:  0.0780s
==================================================
Epoch 132/300, Loss: -2.4286, Obj: -2.9994, Eq Viol (l1): 0.000057, Ineq Viol (l1): 0.000000, Epoch time: 2.71s
Epoch 133/300, Loss: -2.3645, Obj: -3.0038, Eq Viol (l1): 0.000053, Ineq Viol (l1): 0.000001, Epoch time: 2.76s
Epoch 134/300, Loss: -2.4103, Obj: -2.9865, Eq Viol (l1): 0.000056, Ineq Viol (l1): 0.000000, Epoch time: 2.85s
Epoch 135/300, Loss: -2.4602, Obj: -3.0270, Eq Viol (l1): 0.000044, Ineq Viol (l1): 0.000000, Epoch time: 2.77s
Epoch 136/300, Loss: -2.5492, Obj: -3.0496, Eq Viol (l1): 0.000061, Ineq Viol (l1): 0.000000, Epoch time: 2.73s
Epoch 137/300, Loss: -2.5715, Obj: -3.0488, Eq Viol (l1): 0.000058, Ineq Viol (l1): 0.000001, Epoch time: 2.74s
Epoch 138/300, Loss: -2.4825, Obj: -3.0339, Eq Viol (l1): 0.000052, Ineq Viol (l1): 0.000000, Epoch time: 2.75s
Epoch 139/300, Loss: -2.5301, Obj: -3.0606, Eq Viol (l1): 0.000065, Ineq Viol (l1): 0.000001, Epoch time: 2.70s
Epoch 140/300, Loss: -2.5010, Obj: -3.0369, Eq Viol (l1): 0.000054, Ineq Viol (l1): 0.000001, Epoch time: 2.76s
Epoch 141/300, Loss: -2.4924, Obj: -3.0233, Eq Viol (l1): 0.000061, Ineq Viol (l1): 0.000001, Epoch time: 2.71s

Running validation at epoch 140...

VALIDATION_EPOCH_140 EVALUATION RESULTS:
==================================================
Objective Value:     -3.121196e+00
True Objective:      -2.413704e+00
Optimality Gap:      -4.781176e+00 ± 2.035916e+00
Eq Violation l1:   5.033111e-05 (max: 1.716705e-03)
Ineq Violation l1: 3.488677e-07 (max: 4.719029e-05)
Solution Distance:   8.401744e+01 ± 1.874166e+00
Merit:             -3.120689e+00 ± 1.295705e-02
Avg Inference Time:  0.0719s
==================================================
Epoch 142/300, Loss: -2.5665, Obj: -3.0479, Eq Viol (l1): 0.000064, Ineq Viol (l1): 0.000001, Epoch time: 2.72s
Epoch 143/300, Loss: -2.5554, Obj: -3.0455, Eq Viol (l1): 0.000050, Ineq Viol (l1): 0.000000, Epoch time: 2.76s
Epoch 144/300, Loss: -2.5876, Obj: -3.0591, Eq Viol (l1): 0.000057, Ineq Viol (l1): 0.000000, Epoch time: 2.73s
Epoch 145/300, Loss: -2.5353, Obj: -3.0473, Eq Viol (l1): 0.000060, Ineq Viol (l1): 0.000000, Epoch time: 2.71s
Epoch 146/300, Loss: -2.5271, Obj: -3.0205, Eq Viol (l1): 0.000059, Ineq Viol (l1): 0.000001, Epoch time: 2.74s
Epoch 147/300, Loss: -2.5279, Obj: -3.0613, Eq Viol (l1): 0.000058, Ineq Viol (l1): 0.000001, Epoch time: 2.74s
Epoch 148/300, Loss: -2.5273, Obj: -3.0366, Eq Viol (l1): 0.000055, Ineq Viol (l1): 0.000000, Epoch time: 2.73s
Epoch 149/300, Loss: -2.5801, Obj: -3.0623, Eq Viol (l1): 0.000052, Ineq Viol (l1): 0.000000, Epoch time: 2.75s
Epoch 150/300, Loss: -2.4143, Obj: -2.9917, Eq Viol (l1): 0.000055, Ineq Viol (l1): 0.000000, Epoch time: 2.74s
Epoch 151/300, Loss: -2.4410, Obj: -3.0071, Eq Viol (l1): 0.000055, Ineq Viol (l1): 0.000000, Epoch time: 2.75s

Running validation at epoch 150...

VALIDATION_EPOCH_150 EVALUATION RESULTS:
==================================================
Objective Value:     -3.130479e+00
True Objective:      -2.413704e+00
Optimality Gap:      -4.809899e+00 ± 2.066815e+00
Eq Violation l1:   4.845109e-05 (max: 2.645221e-03)
Ineq Violation l1: 5.225005e-07 (max: 1.825203e-04)
Solution Distance:   8.411763e+01 ± 1.900802e+00
Merit:             -3.129989e+00 ± 1.010678e-02
Avg Inference Time:  0.0745s
==================================================
Epoch 152/300, Loss: -2.4894, Obj: -3.0445, Eq Viol (l1): 0.000061, Ineq Viol (l1): 0.000001, Epoch time: 2.72s
Epoch 153/300, Loss: -2.5217, Obj: -3.0315, Eq Viol (l1): 0.000064, Ineq Viol (l1): 0.000000, Epoch time: 2.73s
Epoch 154/300, Loss: -2.5591, Obj: -3.0588, Eq Viol (l1): 0.000058, Ineq Viol (l1): 0.000000, Epoch time: 2.73s
Epoch 155/300, Loss: -2.5351, Obj: -3.0244, Eq Viol (l1): 0.000060, Ineq Viol (l1): 0.000001, Epoch time: 2.73s
Epoch 156/300, Loss: -2.6172, Obj: -3.0589, Eq Viol (l1): 0.000067, Ineq Viol (l1): 0.000000, Epoch time: 2.71s
Epoch 157/300, Loss: -2.6349, Obj: -3.0958, Eq Viol (l1): 0.000057, Ineq Viol (l1): 0.000001, Epoch time: 2.75s
Epoch 158/300, Loss: -2.5130, Obj: -3.0455, Eq Viol (l1): 0.000061, Ineq Viol (l1): 0.000000, Epoch time: 2.69s
Epoch 159/300, Loss: -2.5339, Obj: -3.0450, Eq Viol (l1): 0.000059, Ineq Viol (l1): 0.000001, Epoch time: 2.73s
Epoch 160/300, Loss: -2.6107, Obj: -3.0805, Eq Viol (l1): 0.000057, Ineq Viol (l1): 0.000001, Epoch time: 2.74s
Epoch 161/300, Loss: -2.5801, Obj: -3.0519, Eq Viol (l1): 0.000053, Ineq Viol (l1): 0.000000, Epoch time: 2.76s

Running validation at epoch 160...

VALIDATION_EPOCH_160 EVALUATION RESULTS:
==================================================
Objective Value:     -3.220346e+00
True Objective:      -2.413704e+00
Optimality Gap:      -4.952564e+00 ± 2.115918e+00
Eq Violation l1:   8.038217e-05 (max: 2.153571e-03)
Ineq Violation l1: 4.465506e-07 (max: 5.189215e-05)
Solution Distance:   8.349791e+01 ± 1.859941e+00
Merit:             -3.219538e+00 ± 1.237014e-02
Avg Inference Time:  0.0725s
==================================================
Epoch 162/300, Loss: -2.4857, Obj: -3.0405, Eq Viol (l1): 0.000057, Ineq Viol (l1): 0.000000, Epoch time: 2.75s
Epoch 163/300, Loss: -2.4472, Obj: -3.0337, Eq Viol (l1): 0.000049, Ineq Viol (l1): 0.000000, Epoch time: 2.78s
Epoch 164/300, Loss: -2.4439, Obj: -3.0157, Eq Viol (l1): 0.000044, Ineq Viol (l1): 0.000000, Epoch time: 2.73s
Epoch 165/300, Loss: -2.5466, Obj: -3.0581, Eq Viol (l1): 0.000055, Ineq Viol (l1): 0.000000, Epoch time: 2.62s
Epoch 166/300, Loss: -2.5592, Obj: -3.0388, Eq Viol (l1): 0.000058, Ineq Viol (l1): 0.000000, Epoch time: 2.60s
Epoch 167/300, Loss: -2.5849, Obj: -3.0579, Eq Viol (l1): 0.000057, Ineq Viol (l1): 0.000000, Epoch time: 2.70s
Epoch 168/300, Loss: -2.4478, Obj: -3.0141, Eq Viol (l1): 0.000067, Ineq Viol (l1): 0.000000, Epoch time: 2.59s
Epoch 169/300, Loss: -2.5312, Obj: -3.0442, Eq Viol (l1): 0.000066, Ineq Viol (l1): 0.000001, Epoch time: 2.59s
Epoch 170/300, Loss: -2.6013, Obj: -3.0621, Eq Viol (l1): 0.000057, Ineq Viol (l1): 0.000000, Epoch time: 2.58s
Epoch 171/300, Loss: -2.5962, Obj: -3.0799, Eq Viol (l1): 0.000062, Ineq Viol (l1): 0.000001, Epoch time: 2.60s

Running validation at epoch 170...

VALIDATION_EPOCH_170 EVALUATION RESULTS:
==================================================
Objective Value:     -3.138094e+00
True Objective:      -2.413704e+00
Optimality Gap:      -4.798299e+00 ± 2.032386e+00
Eq Violation l1:   2.497389e-05 (max: 2.282295e-03)
Ineq Violation l1: 1.594013e-07 (max: 3.327435e-05)
Solution Distance:   8.416709e+01 ± 1.941100e+00
Merit:             -3.137843e+00 ± 1.423292e-02
Avg Inference Time:  0.0781s
==================================================
Epoch 172/300, Loss: -2.6654, Obj: -3.0995, Eq Viol (l1): 0.000060, Ineq Viol (l1): 0.000001, Epoch time: 2.59s
Epoch 173/300, Loss: -2.6181, Obj: -3.0925, Eq Viol (l1): 0.000057, Ineq Viol (l1): 0.000001, Epoch time: 2.61s
Epoch 174/300, Loss: -2.6205, Obj: -3.0857, Eq Viol (l1): 0.000063, Ineq Viol (l1): 0.000001, Epoch time: 2.58s
Epoch 175/300, Loss: -2.5934, Obj: -3.0817, Eq Viol (l1): 0.000056, Ineq Viol (l1): 0.000001, Epoch time: 2.63s
Epoch 176/300, Loss: -2.3484, Obj: -2.9776, Eq Viol (l1): 0.000054, Ineq Viol (l1): 0.000000, Epoch time: 2.63s
Epoch 177/300, Loss: -2.4315, Obj: -3.0173, Eq Viol (l1): 0.000055, Ineq Viol (l1): 0.000000, Epoch time: 2.61s
Epoch 178/300, Loss: -2.6186, Obj: -3.0740, Eq Viol (l1): 0.000061, Ineq Viol (l1): 0.000000, Epoch time: 2.59s
Epoch 179/300, Loss: -2.6236, Obj: -3.0776, Eq Viol (l1): 0.000056, Ineq Viol (l1): 0.000001, Epoch time: 2.61s
Epoch 180/300, Loss: -2.6149, Obj: -3.0791, Eq Viol (l1): 0.000051, Ineq Viol (l1): 0.000000, Epoch time: 2.62s
Epoch 181/300, Loss: -2.5557, Obj: -3.0655, Eq Viol (l1): 0.000055, Ineq Viol (l1): 0.000000, Epoch time: 2.60s

Running validation at epoch 180...

VALIDATION_EPOCH_180 EVALUATION RESULTS:
==================================================
Objective Value:     -3.159508e+00
True Objective:      -2.413704e+00
Optimality Gap:      -4.871523e+00 ± 2.084779e+00
Eq Violation l1:   5.934670e-05 (max: 2.408438e-03)
Ineq Violation l1: 3.681472e-07 (max: 6.443354e-05)
Solution Distance:   8.385232e+01 ± 1.880324e+00
Merit:             -3.158911e+00 ± 1.325340e-02
Avg Inference Time:  0.0724s
==================================================
Epoch 182/300, Loss: -2.5719, Obj: -3.0758, Eq Viol (l1): 0.000064, Ineq Viol (l1): 0.000000, Epoch time: 2.58s
Epoch 183/300, Loss: -2.5439, Obj: -3.0638, Eq Viol (l1): 0.000053, Ineq Viol (l1): 0.000001, Epoch time: 2.60s
Epoch 184/300, Loss: -2.5753, Obj: -3.0498, Eq Viol (l1): 0.000047, Ineq Viol (l1): 0.000000, Epoch time: 2.62s
Epoch 185/300, Loss: -2.6256, Obj: -3.0861, Eq Viol (l1): 0.000059, Ineq Viol (l1): 0.000000, Epoch time: 2.61s
Epoch 186/300, Loss: -2.6367, Obj: -3.0862, Eq Viol (l1): 0.000053, Ineq Viol (l1): 0.000000, Epoch time: 2.61s
Epoch 187/300, Loss: -2.5660, Obj: -3.0750, Eq Viol (l1): 0.000060, Ineq Viol (l1): 0.000000, Epoch time: 2.60s
Epoch 188/300, Loss: -2.4347, Obj: -2.9987, Eq Viol (l1): 0.000057, Ineq Viol (l1): 0.000000, Epoch time: 2.57s
Epoch 189/300, Loss: -2.6164, Obj: -3.0871, Eq Viol (l1): 0.000052, Ineq Viol (l1): 0.000000, Epoch time: 2.63s
Epoch 190/300, Loss: -2.6268, Obj: -3.0674, Eq Viol (l1): 0.000058, Ineq Viol (l1): 0.000000, Epoch time: 2.58s
Epoch 191/300, Loss: -2.6350, Obj: -3.1148, Eq Viol (l1): 0.000064, Ineq Viol (l1): 0.000001, Epoch time: 2.60s

Running validation at epoch 190...

VALIDATION_EPOCH_190 EVALUATION RESULTS:
==================================================
Objective Value:     -3.190708e+00
True Objective:      -2.413704e+00
Optimality Gap:      -4.908038e+00 ± 2.104332e+00
Eq Violation l1:   4.815347e-05 (max: 1.833153e-03)
Ineq Violation l1: 3.947644e-07 (max: 4.250616e-05)
Solution Distance:   8.412228e+01 ± 1.902950e+00
Merit:             -3.190223e+00 ± 1.255995e-02
Avg Inference Time:  0.0733s
==================================================
Epoch 192/300, Loss: -2.7077, Obj: -3.1005, Eq Viol (l1): 0.000065, Ineq Viol (l1): 0.000001, Epoch time: 2.59s
Epoch 193/300, Loss: -2.6978, Obj: -3.1064, Eq Viol (l1): 0.000068, Ineq Viol (l1): 0.000001, Epoch time: 2.56s
Epoch 194/300, Loss: -2.6546, Obj: -3.0979, Eq Viol (l1): 0.000051, Ineq Viol (l1): 0.000001, Epoch time: 2.63s
Epoch 195/300, Loss: -2.6155, Obj: -3.0844, Eq Viol (l1): 0.000058, Ineq Viol (l1): 0.000001, Epoch time: 2.60s
Epoch 196/300, Loss: -2.6348, Obj: -3.0793, Eq Viol (l1): 0.000066, Ineq Viol (l1): 0.000001, Epoch time: 2.59s
Epoch 197/300, Loss: -2.6530, Obj: -3.0828, Eq Viol (l1): 0.000060, Ineq Viol (l1): 0.000000, Epoch time: 2.59s
Epoch 198/300, Loss: -2.5943, Obj: -3.0837, Eq Viol (l1): 0.000057, Ineq Viol (l1): 0.000001, Epoch time: 2.60s
Epoch 199/300, Loss: -2.6259, Obj: -3.0729, Eq Viol (l1): 0.000063, Ineq Viol (l1): 0.000000, Epoch time: 2.59s
Epoch 200/300, Loss: -2.5721, Obj: -3.0407, Eq Viol (l1): 0.000059, Ineq Viol (l1): 0.000000, Epoch time: 2.60s
Epoch 201/300, Loss: -2.5926, Obj: -3.0618, Eq Viol (l1): 0.000055, Ineq Viol (l1): 0.000001, Epoch time: 2.71s

Running validation at epoch 200...

VALIDATION_EPOCH_200 EVALUATION RESULTS:
==================================================
Objective Value:     -3.101816e+00
True Objective:      -2.413704e+00
Optimality Gap:      -4.744341e+00 ± 2.042424e+00
Eq Violation l1:   3.693213e-05 (max: 2.839384e-03)
Ineq Violation l1: 3.603164e-07 (max: 1.154705e-04)
Solution Distance:   8.416439e+01 ± 1.922545e+00
Merit:             -3.101443e+00 ± 1.622988e-02
Avg Inference Time:  0.0780s
==================================================
Epoch 202/300, Loss: -2.5465, Obj: -3.0570, Eq Viol (l1): 0.000065, Ineq Viol (l1): 0.000000, Epoch time: 2.59s
Epoch 203/300, Loss: -2.4830, Obj: -3.0116, Eq Viol (l1): 0.000052, Ineq Viol (l1): 0.000000, Epoch time: 2.62s
Epoch 204/300, Loss: -2.5904, Obj: -3.0692, Eq Viol (l1): 0.000057, Ineq Viol (l1): 0.000000, Epoch time: 2.60s
Epoch 205/300, Loss: -2.6145, Obj: -3.0741, Eq Viol (l1): 0.000066, Ineq Viol (l1): 0.000000, Epoch time: 2.58s
Epoch 206/300, Loss: -2.5218, Obj: -3.0498, Eq Viol (l1): 0.000055, Ineq Viol (l1): 0.000000, Epoch time: 2.62s
Epoch 207/300, Loss: -2.5522, Obj: -3.0740, Eq Viol (l1): 0.000059, Ineq Viol (l1): 0.000000, Epoch time: 2.60s
Epoch 208/300, Loss: -2.5285, Obj: -3.0513, Eq Viol (l1): 0.000057, Ineq Viol (l1): 0.000000, Epoch time: 2.61s
Epoch 209/300, Loss: -2.6049, Obj: -3.0685, Eq Viol (l1): 0.000063, Ineq Viol (l1): 0.000000, Epoch time: 2.59s
Epoch 210/300, Loss: -2.4833, Obj: -3.0472, Eq Viol (l1): 0.000055, Ineq Viol (l1): 0.000001, Epoch time: 2.62s
Epoch 211/300, Loss: -2.5163, Obj: -3.0441, Eq Viol (l1): 0.000051, Ineq Viol (l1): 0.000000, Epoch time: 2.62s

Running validation at epoch 210...

VALIDATION_EPOCH_210 EVALUATION RESULTS:
==================================================
Objective Value:     -3.082831e+00
True Objective:      -2.413704e+00
Optimality Gap:      -4.750711e+00 ± 2.022952e+00
Eq Violation l1:   2.917158e-05 (max: 2.293391e-03)
Ineq Violation l1: 3.068783e-07 (max: 9.205426e-05)
Solution Distance:   8.465406e+01 ± 1.874392e+00
Merit:             -3.082536e+00 ± 9.501061e-03
Avg Inference Time:  0.0757s
==================================================
Epoch 212/300, Loss: -2.5860, Obj: -3.0675, Eq Viol (l1): 0.000054, Ineq Viol (l1): 0.000001, Epoch time: 2.61s
Epoch 213/300, Loss: -2.5753, Obj: -3.0593, Eq Viol (l1): 0.000053, Ineq Viol (l1): 0.000000, Epoch time: 2.62s
Epoch 214/300, Loss: -2.6368, Obj: -3.0907, Eq Viol (l1): 0.000051, Ineq Viol (l1): 0.000000, Epoch time: 2.62s
Epoch 215/300, Loss: -2.6775, Obj: -3.1038, Eq Viol (l1): 0.000059, Ineq Viol (l1): 0.000000, Epoch time: 2.59s
Epoch 216/300, Loss: -2.6366, Obj: -3.0824, Eq Viol (l1): 0.000056, Ineq Viol (l1): 0.000001, Epoch time: 2.62s
Epoch 217/300, Loss: -2.5796, Obj: -3.0563, Eq Viol (l1): 0.000058, Ineq Viol (l1): 0.000000, Epoch time: 2.61s
Epoch 218/300, Loss: -2.6037, Obj: -3.0594, Eq Viol (l1): 0.000041, Ineq Viol (l1): 0.000000, Epoch time: 2.65s
Epoch 219/300, Loss: -2.5956, Obj: -3.0502, Eq Viol (l1): 0.000056, Ineq Viol (l1): 0.000000, Epoch time: 2.60s
Epoch 220/300, Loss: -2.5870, Obj: -3.0670, Eq Viol (l1): 0.000056, Ineq Viol (l1): 0.000000, Epoch time: 2.61s
Epoch 221/300, Loss: -2.4287, Obj: -2.9999, Eq Viol (l1): 0.000054, Ineq Viol (l1): 0.000001, Epoch time: 2.63s

Running validation at epoch 220...

VALIDATION_EPOCH_220 EVALUATION RESULTS:
==================================================
Objective Value:     -3.219336e+00
True Objective:      -2.413704e+00
Optimality Gap:      -4.947007e+00 ± 2.095389e+00
Eq Violation l1:   5.745976e-05 (max: 1.135563e-03)
Ineq Violation l1: 5.618407e-07 (max: 5.319320e-05)
Solution Distance:   8.370400e+01 ± 1.888019e+00
Merit:             -3.218756e+00 ± 1.634221e-02
Avg Inference Time:  0.0750s
==================================================
Epoch 222/300, Loss: -2.4172, Obj: -3.0258, Eq Viol (l1): 0.000055, Ineq Viol (l1): 0.000000, Epoch time: 2.60s
Epoch 223/300, Loss: -2.5722, Obj: -3.0583, Eq Viol (l1): 0.000059, Ineq Viol (l1): 0.000001, Epoch time: 2.60s
Epoch 224/300, Loss: -2.6056, Obj: -3.0857, Eq Viol (l1): 0.000057, Ineq Viol (l1): 0.000000, Epoch time: 2.61s
Epoch 225/300, Loss: -2.5158, Obj: -3.0390, Eq Viol (l1): 0.000053, Ineq Viol (l1): 0.000000, Epoch time: 2.61s
Epoch 226/300, Loss: -2.6596, Obj: -3.1005, Eq Viol (l1): 0.000061, Ineq Viol (l1): 0.000000, Epoch time: 2.60s
Epoch 227/300, Loss: -2.6570, Obj: -3.0974, Eq Viol (l1): 0.000059, Ineq Viol (l1): 0.000001, Epoch time: 2.59s
Epoch 228/300, Loss: -2.6304, Obj: -3.0926, Eq Viol (l1): 0.000060, Ineq Viol (l1): 0.000001, Epoch time: 2.60s
Epoch 229/300, Loss: -2.6574, Obj: -3.1177, Eq Viol (l1): 0.000054, Ineq Viol (l1): 0.000000, Epoch time: 2.62s
Epoch 230/300, Loss: -2.6147, Obj: -3.0759, Eq Viol (l1): 0.000048, Ineq Viol (l1): 0.000000, Epoch time: 2.62s
Epoch 231/300, Loss: -2.5862, Obj: -3.0658, Eq Viol (l1): 0.000055, Ineq Viol (l1): 0.000000, Epoch time: 2.60s

Running validation at epoch 230...

VALIDATION_EPOCH_230 EVALUATION RESULTS:
==================================================
Objective Value:     -3.196047e+00
True Objective:      -2.413704e+00
Optimality Gap:      -4.927916e+00 ± 2.099081e+00
Eq Violation l1:   4.695542e-05 (max: 2.177257e-03)
Ineq Violation l1: 2.521747e-07 (max: 2.341308e-05)
Solution Distance:   8.417417e+01 ± 1.862160e+00
Merit:             -3.195575e+00 ± 1.121067e-02
Avg Inference Time:  0.0745s
==================================================
Epoch 232/300, Loss: -2.5900, Obj: -3.0819, Eq Viol (l1): 0.000058, Ineq Viol (l1): 0.000000, Epoch time: 2.61s
Epoch 233/300, Loss: -2.6253, Obj: -3.0632, Eq Viol (l1): 0.000051, Ineq Viol (l1): 0.000000, Epoch time: 2.70s
Epoch 234/300, Loss: -2.6773, Obj: -3.0927, Eq Viol (l1): 0.000055, Ineq Viol (l1): 0.000001, Epoch time: 2.61s
Epoch 235/300, Loss: -2.6506, Obj: -3.1051, Eq Viol (l1): 0.000061, Ineq Viol (l1): 0.000000, Epoch time: 2.58s
Epoch 236/300, Loss: -2.6648, Obj: -3.0996, Eq Viol (l1): 0.000055, Ineq Viol (l1): 0.000000, Epoch time: 2.59s
Epoch 237/300, Loss: -2.6992, Obj: -3.0854, Eq Viol (l1): 0.000062, Ineq Viol (l1): 0.000000, Epoch time: 2.57s
Epoch 238/300, Loss: -2.7031, Obj: -3.0988, Eq Viol (l1): 0.000055, Ineq Viol (l1): 0.000000, Epoch time: 2.60s
Epoch 239/300, Loss: -2.6825, Obj: -3.1208, Eq Viol (l1): 0.000059, Ineq Viol (l1): 0.000000, Epoch time: 2.59s
Epoch 240/300, Loss: -2.6588, Obj: -3.0772, Eq Viol (l1): 0.000059, Ineq Viol (l1): 0.000000, Epoch time: 2.58s
Epoch 241/300, Loss: -2.7103, Obj: -3.1195, Eq Viol (l1): 0.000056, Ineq Viol (l1): 0.000000, Epoch time: 2.60s

Running validation at epoch 240...

VALIDATION_EPOCH_240 EVALUATION RESULTS:
==================================================
Objective Value:     -3.162567e+00
True Objective:      -2.413704e+00
Optimality Gap:      -4.854795e+00 ± 2.086409e+00
Eq Violation l1:   5.674271e-05 (max: 2.406719e-03)
Ineq Violation l1: 4.075478e-07 (max: 7.591258e-05)
Solution Distance:   8.403500e+01 ± 1.894399e+00
Merit:             -3.161995e+00 ± 9.411280e-03
Avg Inference Time:  0.0709s
==================================================
Epoch 242/300, Loss: -2.7338, Obj: -3.1238, Eq Viol (l1): 0.000062, Ineq Viol (l1): 0.000001, Epoch time: 2.59s
Epoch 243/300, Loss: -2.6953, Obj: -3.1209, Eq Viol (l1): 0.000056, Ineq Viol (l1): 0.000001, Epoch time: 2.61s
Epoch 244/300, Loss: -2.6234, Obj: -3.0980, Eq Viol (l1): 0.000064, Ineq Viol (l1): 0.000001, Epoch time: 2.59s
Epoch 245/300, Loss: -2.6893, Obj: -3.1166, Eq Viol (l1): 0.000050, Ineq Viol (l1): 0.000000, Epoch time: 2.62s
Epoch 246/300, Loss: -2.6640, Obj: -3.0884, Eq Viol (l1): 0.000052, Ineq Viol (l1): 0.000001, Epoch time: 2.62s
Epoch 247/300, Loss: -2.6617, Obj: -3.0782, Eq Viol (l1): 0.000049, Ineq Viol (l1): 0.000000, Epoch time: 2.62s
Epoch 248/300, Loss: -2.6606, Obj: -3.0971, Eq Viol (l1): 0.000053, Ineq Viol (l1): 0.000000, Epoch time: 2.61s
Epoch 249/300, Loss: -2.6003, Obj: -3.0869, Eq Viol (l1): 0.000052, Ineq Viol (l1): 0.000000, Epoch time: 2.63s
Epoch 250/300, Loss: -2.6839, Obj: -3.1031, Eq Viol (l1): 0.000047, Ineq Viol (l1): 0.000000, Epoch time: 2.62s
Epoch 251/300, Loss: -2.7210, Obj: -3.1229, Eq Viol (l1): 0.000052, Ineq Viol (l1): 0.000000, Epoch time: 2.62s

Running validation at epoch 250...

VALIDATION_EPOCH_250 EVALUATION RESULTS:
==================================================
Objective Value:     -3.108632e+00
True Objective:      -2.413704e+00
Optimality Gap:      -4.746219e+00 ± 2.001360e+00
Eq Violation l1:   4.613219e-05 (max: 1.857385e-03)
Ineq Violation l1: 4.055770e-07 (max: 3.621377e-05)
Solution Distance:   8.390895e+01 ± 1.875532e+00
Merit:             -3.108167e+00 ± 1.189244e-02
Avg Inference Time:  0.0729s
==================================================
Epoch 252/300, Loss: -2.7006, Obj: -3.0990, Eq Viol (l1): 0.000044, Ineq Viol (l1): 0.000000, Epoch time: 2.63s
Epoch 253/300, Loss: -2.6240, Obj: -3.0852, Eq Viol (l1): 0.000055, Ineq Viol (l1): 0.000000, Epoch time: 2.61s
Epoch 254/300, Loss: -2.5946, Obj: -3.0604, Eq Viol (l1): 0.000057, Ineq Viol (l1): 0.000000, Epoch time: 2.59s
Epoch 255/300, Loss: -2.6851, Obj: -3.1003, Eq Viol (l1): 0.000063, Ineq Viol (l1): 0.000000, Epoch time: 2.59s
Epoch 256/300, Loss: -2.6668, Obj: -3.0934, Eq Viol (l1): 0.000069, Ineq Viol (l1): 0.000001, Epoch time: 2.56s
Epoch 257/300, Loss: -2.6150, Obj: -3.0899, Eq Viol (l1): 0.000061, Ineq Viol (l1): 0.000001, Epoch time: 2.61s
Epoch 258/300, Loss: -2.6876, Obj: -3.1051, Eq Viol (l1): 0.000060, Ineq Viol (l1): 0.000000, Epoch time: 2.59s
Epoch 259/300, Loss: -2.7402, Obj: -3.1294, Eq Viol (l1): 0.000060, Ineq Viol (l1): 0.000000, Epoch time: 2.58s
Epoch 260/300, Loss: -2.7372, Obj: -3.1259, Eq Viol (l1): 0.000060, Ineq Viol (l1): 0.000001, Epoch time: 2.59s
Epoch 261/300, Loss: -2.6245, Obj: -3.0934, Eq Viol (l1): 0.000053, Ineq Viol (l1): 0.000001, Epoch time: 2.62s

Running validation at epoch 260...

VALIDATION_EPOCH_260 EVALUATION RESULTS:
==================================================
Objective Value:     -3.137319e+00
True Objective:      -2.413704e+00
Optimality Gap:      -4.807317e+00 ± 2.062217e+00
Eq Violation l1:   4.237537e-05 (max: 1.561002e-03)
Ineq Violation l1: 2.874041e-07 (max: 3.141318e-05)
Solution Distance:   8.423588e+01 ± 1.864004e+00
Merit:             -3.136892e+00 ± 1.313634e-02
Avg Inference Time:  0.0732s
==================================================
Epoch 262/300, Loss: -2.7035, Obj: -3.1077, Eq Viol (l1): 0.000057, Ineq Viol (l1): 0.000000, Epoch time: 2.59s
Epoch 263/300, Loss: -2.6472, Obj: -3.0795, Eq Viol (l1): 0.000059, Ineq Viol (l1): 0.000000, Epoch time: 2.57s
Epoch 264/300, Loss: -2.7602, Obj: -3.1268, Eq Viol (l1): 0.000069, Ineq Viol (l1): 0.000001, Epoch time: 2.56s
Epoch 265/300, Loss: -2.7593, Obj: -3.1358, Eq Viol (l1): 0.000064, Ineq Viol (l1): 0.000000, Epoch time: 2.59s
Epoch 266/300, Loss: -2.5420, Obj: -3.0818, Eq Viol (l1): 0.000057, Ineq Viol (l1): 0.000001, Epoch time: 2.61s
Epoch 267/300, Loss: -2.6512, Obj: -3.0946, Eq Viol (l1): 0.000065, Ineq Viol (l1): 0.000000, Epoch time: 2.63s
Epoch 268/300, Loss: -2.7151, Obj: -3.1053, Eq Viol (l1): 0.000064, Ineq Viol (l1): 0.000001, Epoch time: 2.59s
Epoch 269/300, Loss: -2.7345, Obj: -3.1065, Eq Viol (l1): 0.000066, Ineq Viol (l1): 0.000000, Epoch time: 2.56s
Epoch 270/300, Loss: -2.6891, Obj: -3.0944, Eq Viol (l1): 0.000059, Ineq Viol (l1): 0.000000, Epoch time: 2.59s
Epoch 271/300, Loss: -2.7014, Obj: -3.1188, Eq Viol (l1): 0.000062, Ineq Viol (l1): 0.000000, Epoch time: 2.58s

Running validation at epoch 270...

VALIDATION_EPOCH_270 EVALUATION RESULTS:
==================================================
Objective Value:     -3.201740e+00
True Objective:      -2.413704e+00
Optimality Gap:      -4.919997e+00 ± 2.077191e+00
Eq Violation l1:   3.948372e-05 (max: 1.898959e-03)
Ineq Violation l1: 3.621858e-07 (max: 6.220894e-05)
Solution Distance:   8.389104e+01 ± 1.894034e+00
Merit:             -3.201341e+00 ± 9.891783e-03
Avg Inference Time:  0.0756s
==================================================
Epoch 272/300, Loss: -2.7348, Obj: -3.1272, Eq Viol (l1): 0.000060, Ineq Viol (l1): 0.000001, Epoch time: 2.58s
Epoch 273/300, Loss: -2.7089, Obj: -3.0941, Eq Viol (l1): 0.000054, Ineq Viol (l1): 0.000001, Epoch time: 2.60s
Epoch 274/300, Loss: -2.7415, Obj: -3.1439, Eq Viol (l1): 0.000056, Ineq Viol (l1): 0.000000, Epoch time: 2.60s
Epoch 275/300, Loss: -2.7022, Obj: -3.1287, Eq Viol (l1): 0.000068, Ineq Viol (l1): 0.000000, Epoch time: 2.56s
Epoch 276/300, Loss: -2.7568, Obj: -3.1345, Eq Viol (l1): 0.000059, Ineq Viol (l1): 0.000001, Epoch time: 2.59s
Epoch 277/300, Loss: -2.7494, Obj: -3.1262, Eq Viol (l1): 0.000065, Ineq Viol (l1): 0.000000, Epoch time: 2.57s
Epoch 278/300, Loss: -2.7446, Obj: -3.1446, Eq Viol (l1): 0.000059, Ineq Viol (l1): 0.000001, Epoch time: 2.60s
Epoch 279/300, Loss: -2.7528, Obj: -3.1241, Eq Viol (l1): 0.000061, Ineq Viol (l1): 0.000000, Epoch time: 2.57s
Epoch 280/300, Loss: -2.6297, Obj: -3.1056, Eq Viol (l1): 0.000059, Ineq Viol (l1): 0.000001, Epoch time: 2.62s
Epoch 281/300, Loss: -2.6430, Obj: -3.1011, Eq Viol (l1): 0.000067, Ineq Viol (l1): 0.000000, Epoch time: 2.56s

Running validation at epoch 280...

VALIDATION_EPOCH_280 EVALUATION RESULTS:
==================================================
Objective Value:     -3.240184e+00
True Objective:      -2.413704e+00
Optimality Gap:      -4.973342e+00 ± 2.116109e+00
Eq Violation l1:   4.604220e-05 (max: 2.370655e-03)
Ineq Violation l1: 5.112900e-07 (max: 1.350741e-04)
Solution Distance:   8.407186e+01 ± 1.875081e+00
Merit:             -3.239718e+00 ± 1.171660e-02
Avg Inference Time:  0.0755s
==================================================
Epoch 282/300, Loss: -2.6627, Obj: -3.0992, Eq Viol (l1): 0.000055, Ineq Viol (l1): 0.000000, Epoch time: 2.60s
Epoch 283/300, Loss: -2.7016, Obj: -3.1136, Eq Viol (l1): 0.000057, Ineq Viol (l1): 0.000001, Epoch time: 2.60s
Epoch 284/300, Loss: -2.7180, Obj: -3.1061, Eq Viol (l1): 0.000067, Ineq Viol (l1): 0.000000, Epoch time: 2.56s
Epoch 285/300, Loss: -2.7736, Obj: -3.1354, Eq Viol (l1): 0.000058, Ineq Viol (l1): 0.000001, Epoch time: 2.60s
Epoch 286/300, Loss: -2.7373, Obj: -3.1097, Eq Viol (l1): 0.000058, Ineq Viol (l1): 0.000001, Epoch time: 2.59s
Epoch 287/300, Loss: -2.6468, Obj: -3.1087, Eq Viol (l1): 0.000054, Ineq Viol (l1): 0.000000, Epoch time: 2.63s
Epoch 288/300, Loss: -2.6521, Obj: -3.0861, Eq Viol (l1): 0.000051, Ineq Viol (l1): 0.000001, Epoch time: 2.63s
Epoch 289/300, Loss: -2.7448, Obj: -3.1209, Eq Viol (l1): 0.000062, Ineq Viol (l1): 0.000000, Epoch time: 2.58s
Epoch 290/300, Loss: -2.7334, Obj: -3.1160, Eq Viol (l1): 0.000065, Ineq Viol (l1): 0.000001, Epoch time: 2.59s
Epoch 291/300, Loss: -2.7308, Obj: -3.1361, Eq Viol (l1): 0.000057, Ineq Viol (l1): 0.000001, Epoch time: 2.59s

Running validation at epoch 290...

VALIDATION_EPOCH_290 EVALUATION RESULTS:
==================================================
Objective Value:     -3.172777e+00
True Objective:      -2.413704e+00
Optimality Gap:      -4.832668e+00 ± 2.032973e+00
Eq Violation l1:   5.135820e-05 (max: 1.976443e-03)
Ineq Violation l1: 5.556429e-07 (max: 1.683097e-04)
Solution Distance:   8.379079e+01 ± 1.864972e+00
Merit:             -3.172258e+00 ± 1.004407e-02
Avg Inference Time:  0.0733s
==================================================
Epoch 292/300, Loss: -2.7746, Obj: -3.1328, Eq Viol (l1): 0.000062, Ineq Viol (l1): 0.000000, Epoch time: 2.57s
Epoch 293/300, Loss: -2.7909, Obj: -3.1375, Eq Viol (l1): 0.000052, Ineq Viol (l1): 0.000000, Epoch time: 2.60s
Epoch 294/300, Loss: -2.7359, Obj: -3.1300, Eq Viol (l1): 0.000057, Ineq Viol (l1): 0.000000, Epoch time: 2.58s
Epoch 295/300, Loss: -2.6849, Obj: -3.1039, Eq Viol (l1): 0.000054, Ineq Viol (l1): 0.000001, Epoch time: 2.60s
Epoch 296/300, Loss: -2.6865, Obj: -3.1002, Eq Viol (l1): 0.000053, Ineq Viol (l1): 0.000000, Epoch time: 2.60s
Epoch 297/300, Loss: -2.5809, Obj: -3.0845, Eq Viol (l1): 0.000065, Ineq Viol (l1): 0.000001, Epoch time: 2.61s
Epoch 298/300, Loss: -2.7138, Obj: -3.1053, Eq Viol (l1): 0.000063, Ineq Viol (l1): 0.000000, Epoch time: 2.57s
Epoch 299/300, Loss: -2.7494, Obj: -3.1438, Eq Viol (l1): 0.000061, Ineq Viol (l1): 0.000001, Epoch time: 2.60s
Epoch 300/300, Loss: -2.7881, Obj: -3.1411, Eq Viol (l1): 0.000067, Ineq Viol (l1): 0.000001, Epoch time: 2.68s

Training completed in 821.06 seconds.

============================================================
COMPREHENSIVE TEST EVALUATION WITH DETAILED RESULTS
============================================================
Testing with batch sizes: [256, 512]

Evaluating with batch size: 256 (with detailed results)

TEST_BS256 EVALUATION RESULTS:
==================================================
Objective Value:     -3.220970e+00
True Objective:      -2.409220e+00
Optimality Gap:      -6.640750e+00 ± 6.079786e+00
Eq Violation l1:   5.598758e-05 (max: 1.250693e-03)
Ineq Violation l1: 4.176664e-07 (max: 4.085981e-05)
Solution Distance:   8.603845e+01 ± 1.936894e+00
Merit:             -3.220406e+00 ± 5.053289e-02
Avg Inference Time:  0.0617s
==================================================

Evaluating with batch size: 512 (with detailed results)

TEST_BS512 EVALUATION RESULTS:
==================================================
Objective Value:     -3.220230e+00
True Objective:      -2.408634e+00
Optimality Gap:      -6.589384e+00 ± 3.668904e+00
Eq Violation l1:   5.308616e-05 (max: 1.534591e-03)
Ineq Violation l1: 3.412876e-07 (max: 3.926423e-05)
Solution Distance:   8.601454e+01 ± 1.204331e+00
Merit:             -3.219696e+00 ± 4.317883e-02
Avg Inference Time:  0.0699s
==================================================

TEST BATCH SIZE COMPARISON:
================================================================================
Batch Size   Objective    Opt Gap      Eq Viol      Ineq Viol    Time (s)  
--------------------------------------------------------------------------------
256          -3.2210e+00  -6.6408e+00  5.5988e-05   4.1767e-07   0.49      
512          -3.2202e+00  -6.5894e+00  5.3086e-05   3.4129e-07   0.28      
================================================================================

Saving model and results to: results/nonsmooth_nonconvex/socp/SOCPProblem-100-50-50-10000/20260107-044919_MLP_FSNet_seed0_nepochs300_lr0.0002_trainsize7000_finetune_20260106-202959_model_60
✓ Model saved: results/nonsmooth_nonconvex/socp/SOCPProblem-100-50-50-10000/20260107-044919_MLP_FSNet_seed0_nepochs300_lr0.0002_trainsize7000_finetune_20260106-202959_model_60/model.pt
✓ Detailed results saved: results/nonsmooth_nonconvex/socp/SOCPProblem-100-50-50-10000/20260107-044919_MLP_FSNet_seed0_nepochs300_lr0.0002_trainsize7000_finetune_20260106-202959_model_60/results.pkl

Files saved (or attempted):
  - model.pt (model weights and architecture)
  - results.pkl (training history, metrics, detailed test results)
Training and testing completed in 823.80 seconds
Done!!!
============================================================
==========         =====================         ===========
==========   0      =====================         ===========
==========         =====================         ===========
============================================================

======= Running for problem: nonsmooth_nonconvex/socp =======

Loading problem instance: nonsmooth_nonconvex/socp with size [100, 50, 50, 10000]
Loading  dataset from: datasets/nonsmooth_nonconvex/socp/random2025_socp_dataset_var100_ineq50_eq50_ex10000 

Running on:  cuda
Training model using FSNet method with seed 1 for 300 epochs
Using batch size: 512
Loading model from checkpoint: results/nonsmooth_nonconvex/socp/SOCPProblem-100-50-50-10000/20260106-202959_MLP_sup_seed1_dropout0.05_subopt_2_-10.0/model_60.pt

lr: 0.0002, weight_decay: 0.001, num_epochs: 300

Epoch 1/300, Loss: 27.6034, Obj: 2.0193, Eq Viol (l1): 0.000027, Ineq Viol (l1): 0.000001, Epoch time: 7.09s

Running validation at epoch 0...

VALIDATION_EPOCH_0 EVALUATION RESULTS:
==================================================
Objective Value:     2.141101e+00
True Objective:      -2.413704e+00
Optimality Gap:      5.949314e+00 ± 2.335623e+00
Eq Violation l1:   7.147986e-05 (max: 2.334224e-02)
Ineq Violation l1: 3.574869e-06 (max: 9.384543e-04)
Solution Distance:   7.151041e+01 ± 9.056947e-01
Merit:             2.141852e+00 ± 9.419440e-02
Avg Inference Time:  0.6461s
==================================================
Epoch 2/300, Loss: 26.3938, Obj: 2.0238, Eq Viol (l1): 0.000070, Ineq Viol (l1): 0.000010, Epoch time: 3.34s
Epoch 3/300, Loss: 24.9366, Obj: 2.0345, Eq Viol (l1): 0.000047, Ineq Viol (l1): 0.000005, Epoch time: 3.31s
Epoch 4/300, Loss: 22.6025, Obj: 2.1048, Eq Viol (l1): 0.000040, Ineq Viol (l1): 0.000005, Epoch time: 3.26s
Epoch 5/300, Loss: 19.4804, Obj: 2.4121, Eq Viol (l1): 0.000167, Ineq Viol (l1): 0.000019, Epoch time: 3.29s
Epoch 6/300, Loss: 16.9461, Obj: 2.9272, Eq Viol (l1): 0.000085, Ineq Viol (l1): 0.000015, Epoch time: 3.30s
Epoch 7/300, Loss: 15.2011, Obj: 3.4402, Eq Viol (l1): 0.000028, Ineq Viol (l1): 0.000002, Epoch time: 3.18s
Epoch 8/300, Loss: 14.4780, Obj: 3.4225, Eq Viol (l1): 0.000026, Ineq Viol (l1): 0.000001, Epoch time: 3.17s
Epoch 9/300, Loss: 13.4457, Obj: 3.1832, Eq Viol (l1): 0.000019, Ineq Viol (l1): 0.000001, Epoch time: 3.18s
Epoch 10/300, Loss: 11.1798, Obj: 2.8385, Eq Viol (l1): 0.000022, Ineq Viol (l1): 0.000001, Epoch time: 3.08s
Epoch 11/300, Loss: 9.1960, Obj: 2.6905, Eq Viol (l1): 0.000019, Ineq Viol (l1): 0.000000, Epoch time: 3.02s

Running validation at epoch 10...

VALIDATION_EPOCH_10 EVALUATION RESULTS:
==================================================
Objective Value:     1.988062e+00
True Objective:      -2.413704e+00
Optimality Gap:      5.322306e+00 ± 1.839867e+00
Eq Violation l1:   2.243015e-05 (max: 2.543953e-03)
Ineq Violation l1: 2.428494e-07 (max: 5.342482e-05)
Solution Distance:   7.761573e+01 ± 1.784952e+00
Merit:             1.988289e+00 ± 4.079366e-02
Avg Inference Time:  0.0876s
==================================================
Epoch 12/300, Loss: 5.8299, Obj: 1.4338, Eq Viol (l1): 0.000022, Ineq Viol (l1): 0.000000, Epoch time: 2.89s
Epoch 13/300, Loss: 3.2757, Obj: 0.2625, Eq Viol (l1): 0.000045, Ineq Viol (l1): 0.000000, Epoch time: 2.69s
Epoch 14/300, Loss: 1.7666, Obj: -0.6842, Eq Viol (l1): 0.000061, Ineq Viol (l1): 0.000000, Epoch time: 2.62s
Epoch 15/300, Loss: 0.7298, Obj: -1.1919, Eq Viol (l1): 0.000079, Ineq Viol (l1): 0.000000, Epoch time: 2.57s
Epoch 16/300, Loss: 0.0674, Obj: -1.5224, Eq Viol (l1): 0.000072, Ineq Viol (l1): 0.000000, Epoch time: 2.58s
Epoch 17/300, Loss: -0.2743, Obj: -1.7000, Eq Viol (l1): 0.000071, Ineq Viol (l1): 0.000000, Epoch time: 2.57s
Epoch 18/300, Loss: -0.5132, Obj: -1.8684, Eq Viol (l1): 0.000076, Ineq Viol (l1): 0.000000, Epoch time: 2.57s
Epoch 19/300, Loss: -0.6267, Obj: -1.9919, Eq Viol (l1): 0.000078, Ineq Viol (l1): 0.000000, Epoch time: 2.58s
Epoch 20/300, Loss: -0.7709, Obj: -2.1276, Eq Viol (l1): 0.000075, Ineq Viol (l1): 0.000000, Epoch time: 2.58s
Epoch 21/300, Loss: -0.9503, Obj: -2.2302, Eq Viol (l1): 0.000072, Ineq Viol (l1): 0.000000, Epoch time: 2.58s

Running validation at epoch 20...

VALIDATION_EPOCH_20 EVALUATION RESULTS:
==================================================
Objective Value:     -2.602041e+00
True Objective:      -2.413704e+00
Optimality Gap:      -3.935517e+00 ± 1.821138e+00
Eq Violation l1:   7.406614e-05 (max: 1.261142e-03)
Ineq Violation l1: 3.791083e-07 (max: 5.081382e-05)
Solution Distance:   7.980921e+01 ± 1.860179e+00
Merit:             -2.601297e+00 ± 8.192461e-03
Avg Inference Time:  0.0710s
==================================================
Epoch 22/300, Loss: -0.9969, Obj: -2.3763, Eq Viol (l1): 0.000067, Ineq Viol (l1): 0.000000, Epoch time: 2.60s
Epoch 23/300, Loss: -0.9271, Obj: -2.3653, Eq Viol (l1): 0.000070, Ineq Viol (l1): 0.000000, Epoch time: 2.59s
Epoch 24/300, Loss: -1.2041, Obj: -2.4686, Eq Viol (l1): 0.000058, Ineq Viol (l1): 0.000000, Epoch time: 2.62s
Epoch 25/300, Loss: -1.3560, Obj: -2.5406, Eq Viol (l1): 0.000058, Ineq Viol (l1): 0.000000, Epoch time: 2.61s
Epoch 26/300, Loss: -1.2961, Obj: -2.5377, Eq Viol (l1): 0.000059, Ineq Viol (l1): 0.000000, Epoch time: 2.63s
Epoch 27/300, Loss: -1.3034, Obj: -2.5907, Eq Viol (l1): 0.000054, Ineq Viol (l1): 0.000000, Epoch time: 2.64s
Epoch 28/300, Loss: -1.2852, Obj: -2.5837, Eq Viol (l1): 0.000059, Ineq Viol (l1): 0.000000, Epoch time: 2.62s
Epoch 29/300, Loss: -1.4028, Obj: -2.5796, Eq Viol (l1): 0.000057, Ineq Viol (l1): 0.000000, Epoch time: 2.62s
Epoch 30/300, Loss: -1.3947, Obj: -2.6257, Eq Viol (l1): 0.000052, Ineq Viol (l1): 0.000000, Epoch time: 2.64s
Epoch 31/300, Loss: -1.3005, Obj: -2.6623, Eq Viol (l1): 0.000050, Ineq Viol (l1): 0.000000, Epoch time: 2.64s

Running validation at epoch 30...

VALIDATION_EPOCH_30 EVALUATION RESULTS:
==================================================
Objective Value:     -2.806235e+00
True Objective:      -2.413704e+00
Optimality Gap:      -4.299973e+00 ± 1.893494e+00
Eq Violation l1:   5.600347e-05 (max: 2.289611e-03)
Ineq Violation l1: 3.468535e-07 (max: 7.286763e-05)
Solution Distance:   8.346584e+01 ± 1.850529e+00
Merit:             -2.805671e+00 ± 1.002954e-02
Avg Inference Time:  0.0734s
==================================================
Epoch 32/300, Loss: -1.5149, Obj: -2.6619, Eq Viol (l1): 0.000061, Ineq Viol (l1): 0.000000, Epoch time: 2.62s
Epoch 33/300, Loss: -1.6030, Obj: -2.7132, Eq Viol (l1): 0.000051, Ineq Viol (l1): 0.000001, Epoch time: 2.64s
Epoch 34/300, Loss: -1.6694, Obj: -2.7218, Eq Viol (l1): 0.000040, Ineq Viol (l1): 0.000000, Epoch time: 2.77s
Epoch 35/300, Loss: -1.6015, Obj: -2.7197, Eq Viol (l1): 0.000050, Ineq Viol (l1): 0.000000, Epoch time: 2.64s
Epoch 36/300, Loss: -1.7676, Obj: -2.7881, Eq Viol (l1): 0.000047, Ineq Viol (l1): 0.000000, Epoch time: 2.66s
Epoch 37/300, Loss: -1.7713, Obj: -2.7236, Eq Viol (l1): 0.000061, Ineq Viol (l1): 0.000000, Epoch time: 2.61s
Epoch 38/300, Loss: -1.8534, Obj: -2.7885, Eq Viol (l1): 0.000051, Ineq Viol (l1): 0.000000, Epoch time: 2.64s
Epoch 39/300, Loss: -1.8026, Obj: -2.7798, Eq Viol (l1): 0.000053, Ineq Viol (l1): 0.000000, Epoch time: 2.63s
Epoch 40/300, Loss: -1.8083, Obj: -2.7704, Eq Viol (l1): 0.000052, Ineq Viol (l1): 0.000000, Epoch time: 2.62s
Epoch 41/300, Loss: -1.7434, Obj: -2.8003, Eq Viol (l1): 0.000048, Ineq Viol (l1): 0.000000, Epoch time: 2.65s

Running validation at epoch 40...

VALIDATION_EPOCH_40 EVALUATION RESULTS:
==================================================
Objective Value:     -2.920756e+00
True Objective:      -2.413704e+00
Optimality Gap:      -4.525385e+00 ± 2.002936e+00
Eq Violation l1:   3.903873e-05 (max: 1.996722e-03)
Ineq Violation l1: 3.608886e-07 (max: 6.065677e-05)
Solution Distance:   8.365746e+01 ± 1.805796e+00
Merit:             -2.920362e+00 ± 3.916520e-03
Avg Inference Time:  0.0758s
==================================================
Epoch 42/300, Loss: -1.8344, Obj: -2.8348, Eq Viol (l1): 0.000050, Ineq Viol (l1): 0.000000, Epoch time: 2.64s
Epoch 43/300, Loss: -1.5904, Obj: -2.7539, Eq Viol (l1): 0.000052, Ineq Viol (l1): 0.000000, Epoch time: 2.64s
Epoch 44/300, Loss: -1.6948, Obj: -2.7567, Eq Viol (l1): 0.000064, Ineq Viol (l1): 0.000001, Epoch time: 2.60s
Epoch 45/300, Loss: -1.6841, Obj: -2.7286, Eq Viol (l1): 0.000062, Ineq Viol (l1): 0.000000, Epoch time: 2.60s
Epoch 46/300, Loss: -1.7747, Obj: -2.8020, Eq Viol (l1): 0.000055, Ineq Viol (l1): 0.000000, Epoch time: 2.64s
Epoch 47/300, Loss: -1.9545, Obj: -2.8340, Eq Viol (l1): 0.000046, Ineq Viol (l1): 0.000000, Epoch time: 2.64s
Epoch 48/300, Loss: -1.9482, Obj: -2.8335, Eq Viol (l1): 0.000051, Ineq Viol (l1): 0.000000, Epoch time: 2.64s
Epoch 49/300, Loss: -1.7592, Obj: -2.7522, Eq Viol (l1): 0.000053, Ineq Viol (l1): 0.000000, Epoch time: 2.63s
Epoch 50/300, Loss: -1.8745, Obj: -2.8291, Eq Viol (l1): 0.000048, Ineq Viol (l1): 0.000000, Epoch time: 2.66s
Epoch 51/300, Loss: -2.0076, Obj: -2.8517, Eq Viol (l1): 0.000054, Ineq Viol (l1): 0.000000, Epoch time: 2.63s

Running validation at epoch 50...

VALIDATION_EPOCH_50 EVALUATION RESULTS:
==================================================
Objective Value:     -2.807367e+00
True Objective:      -2.413704e+00
Optimality Gap:      -4.349257e+00 ± 1.951205e+00
Eq Violation l1:   4.024632e-05 (max: 2.227850e-03)
Ineq Violation l1: 2.326067e-07 (max: 3.247646e-05)
Solution Distance:   8.430095e+01 ± 1.792787e+00
Merit:             -2.806963e+00 ± 8.393173e-04
Avg Inference Time:  0.0734s
==================================================
Epoch 52/300, Loss: -1.9488, Obj: -2.8204, Eq Viol (l1): 0.000046, Ineq Viol (l1): 0.000000, Epoch time: 2.64s
Epoch 53/300, Loss: -2.0124, Obj: -2.8675, Eq Viol (l1): 0.000045, Ineq Viol (l1): 0.000000, Epoch time: 2.64s
Epoch 54/300, Loss: -2.0917, Obj: -2.9061, Eq Viol (l1): 0.000059, Ineq Viol (l1): 0.000000, Epoch time: 2.62s
Epoch 55/300, Loss: -2.1118, Obj: -2.8889, Eq Viol (l1): 0.000058, Ineq Viol (l1): 0.000000, Epoch time: 2.61s
Epoch 56/300, Loss: -2.1627, Obj: -2.9068, Eq Viol (l1): 0.000056, Ineq Viol (l1): 0.000000, Epoch time: 2.62s
Epoch 57/300, Loss: -2.1366, Obj: -2.9247, Eq Viol (l1): 0.000050, Ineq Viol (l1): 0.000001, Epoch time: 2.64s
Epoch 58/300, Loss: -2.1796, Obj: -2.9131, Eq Viol (l1): 0.000047, Ineq Viol (l1): 0.000000, Epoch time: 2.63s
Epoch 59/300, Loss: -2.0764, Obj: -2.8915, Eq Viol (l1): 0.000062, Ineq Viol (l1): 0.000000, Epoch time: 2.60s
Epoch 60/300, Loss: -1.6899, Obj: -2.7746, Eq Viol (l1): 0.000067, Ineq Viol (l1): 0.000000, Epoch time: 2.60s
Epoch 61/300, Loss: -1.9915, Obj: -2.8380, Eq Viol (l1): 0.000059, Ineq Viol (l1): 0.000000, Epoch time: 2.60s

Running validation at epoch 60...

VALIDATION_EPOCH_60 EVALUATION RESULTS:
==================================================
Objective Value:     -2.985589e+00
True Objective:      -2.413704e+00
Optimality Gap:      -4.571790e+00 ± 2.000384e+00
Eq Violation l1:   4.487107e-05 (max: 2.455322e-03)
Ineq Violation l1: 4.038913e-07 (max: 1.028794e-04)
Solution Distance:   8.445695e+01 ± 1.875564e+00
Merit:             -2.985136e+00 ± 5.804292e-03
Avg Inference Time:  0.0734s
==================================================
Epoch 62/300, Loss: -2.1681, Obj: -2.9021, Eq Viol (l1): 0.000058, Ineq Viol (l1): 0.000000, Epoch time: 2.61s
Epoch 63/300, Loss: -2.1541, Obj: -2.9285, Eq Viol (l1): 0.000055, Ineq Viol (l1): 0.000000, Epoch time: 2.62s
Epoch 64/300, Loss: -2.1371, Obj: -2.9058, Eq Viol (l1): 0.000049, Ineq Viol (l1): 0.000000, Epoch time: 2.63s
Epoch 65/300, Loss: -2.1661, Obj: -2.9149, Eq Viol (l1): 0.000057, Ineq Viol (l1): 0.000000, Epoch time: 2.62s
Epoch 66/300, Loss: -1.9413, Obj: -2.8600, Eq Viol (l1): 0.000050, Ineq Viol (l1): 0.000000, Epoch time: 2.65s
Epoch 67/300, Loss: -1.9348, Obj: -2.8643, Eq Viol (l1): 0.000062, Ineq Viol (l1): 0.000000, Epoch time: 2.61s
Epoch 68/300, Loss: -2.0804, Obj: -2.9063, Eq Viol (l1): 0.000053, Ineq Viol (l1): 0.000000, Epoch time: 2.74s
Epoch 69/300, Loss: -2.2304, Obj: -2.9155, Eq Viol (l1): 0.000057, Ineq Viol (l1): 0.000000, Epoch time: 2.60s
Epoch 70/300, Loss: -2.2605, Obj: -2.9341, Eq Viol (l1): 0.000044, Ineq Viol (l1): 0.000000, Epoch time: 2.64s
Epoch 71/300, Loss: -2.1952, Obj: -2.9227, Eq Viol (l1): 0.000059, Ineq Viol (l1): 0.000000, Epoch time: 2.61s

Running validation at epoch 70...

VALIDATION_EPOCH_70 EVALUATION RESULTS:
==================================================
Objective Value:     -2.935801e+00
True Objective:      -2.413704e+00
Optimality Gap:      -4.469124e+00 ± 1.930433e+00
Eq Violation l1:   4.567941e-05 (max: 2.516998e-03)
Ineq Violation l1: 3.783689e-07 (max: 4.263023e-05)
Solution Distance:   8.470709e+01 ± 1.880880e+00
Merit:             -2.935340e+00 ± 1.138165e-02
Avg Inference Time:  0.0762s
==================================================
Epoch 72/300, Loss: -2.0943, Obj: -2.9111, Eq Viol (l1): 0.000058, Ineq Viol (l1): 0.000001, Epoch time: 2.64s
Epoch 73/300, Loss: -2.1360, Obj: -2.8467, Eq Viol (l1): 0.000055, Ineq Viol (l1): 0.000000, Epoch time: 2.60s
Epoch 74/300, Loss: -2.2767, Obj: -2.9544, Eq Viol (l1): 0.000053, Ineq Viol (l1): 0.000000, Epoch time: 2.63s
Epoch 75/300, Loss: -2.1289, Obj: -2.9182, Eq Viol (l1): 0.000051, Ineq Viol (l1): 0.000000, Epoch time: 2.62s
Epoch 76/300, Loss: -2.2132, Obj: -2.8863, Eq Viol (l1): 0.000052, Ineq Viol (l1): 0.000001, Epoch time: 2.61s
Epoch 77/300, Loss: -2.2156, Obj: -2.9426, Eq Viol (l1): 0.000053, Ineq Viol (l1): 0.000000, Epoch time: 2.64s
Epoch 78/300, Loss: -2.2218, Obj: -2.9050, Eq Viol (l1): 0.000049, Ineq Viol (l1): 0.000000, Epoch time: 2.62s
Epoch 79/300, Loss: -2.2843, Obj: -2.9307, Eq Viol (l1): 0.000052, Ineq Viol (l1): 0.000000, Epoch time: 2.61s
Epoch 80/300, Loss: -2.2219, Obj: -2.9430, Eq Viol (l1): 0.000050, Ineq Viol (l1): 0.000000, Epoch time: 2.65s
Epoch 81/300, Loss: -2.1283, Obj: -2.8672, Eq Viol (l1): 0.000055, Ineq Viol (l1): 0.000000, Epoch time: 2.62s

Running validation at epoch 80...

VALIDATION_EPOCH_80 EVALUATION RESULTS:
==================================================
Objective Value:     -3.100795e+00
True Objective:      -2.413704e+00
Optimality Gap:      -4.653343e+00 ± 1.947172e+00
Eq Violation l1:   5.386292e-05 (max: 2.419950e-03)
Ineq Violation l1: 5.455499e-07 (max: 1.760989e-04)
Solution Distance:   8.345817e+01 ± 1.880093e+00
Merit:             -3.100251e+00 ± 1.251160e-02
Avg Inference Time:  0.0745s
==================================================
Epoch 82/300, Loss: -2.2958, Obj: -2.9470, Eq Viol (l1): 0.000047, Ineq Viol (l1): 0.000000, Epoch time: 2.63s
Epoch 83/300, Loss: -2.3509, Obj: -2.9718, Eq Viol (l1): 0.000052, Ineq Viol (l1): 0.000000, Epoch time: 2.62s
Epoch 84/300, Loss: -2.1252, Obj: -2.9728, Eq Viol (l1): 0.000051, Ineq Viol (l1): 0.000000, Epoch time: 2.64s
Epoch 85/300, Loss: -2.1494, Obj: -2.9474, Eq Viol (l1): 0.000058, Ineq Viol (l1): 0.000000, Epoch time: 2.61s
Epoch 86/300, Loss: -2.1190, Obj: -2.8730, Eq Viol (l1): 0.000052, Ineq Viol (l1): 0.000000, Epoch time: 2.61s
Epoch 87/300, Loss: -2.2847, Obj: -2.9664, Eq Viol (l1): 0.000050, Ineq Viol (l1): 0.000000, Epoch time: 2.64s
Epoch 88/300, Loss: -2.2879, Obj: -2.9561, Eq Viol (l1): 0.000056, Ineq Viol (l1): 0.000000, Epoch time: 2.62s
Epoch 89/300, Loss: -2.2442, Obj: -2.9578, Eq Viol (l1): 0.000047, Ineq Viol (l1): 0.000000, Epoch time: 2.65s
Epoch 90/300, Loss: -2.2908, Obj: -2.9531, Eq Viol (l1): 0.000048, Ineq Viol (l1): 0.000000, Epoch time: 2.64s
Epoch 91/300, Loss: -2.3496, Obj: -2.9683, Eq Viol (l1): 0.000048, Ineq Viol (l1): 0.000000, Epoch time: 2.62s

Running validation at epoch 90...

VALIDATION_EPOCH_90 EVALUATION RESULTS:
==================================================
Objective Value:     -3.007387e+00
True Objective:      -2.413704e+00
Optimality Gap:      -4.629274e+00 ± 2.007980e+00
Eq Violation l1:   4.218563e-05 (max: 1.822920e-03)
Ineq Violation l1: 2.853280e-07 (max: 4.964187e-05)
Solution Distance:   8.449471e+01 ± 1.839082e+00
Merit:             -3.006962e+00 ± 9.965071e-03
Avg Inference Time:  0.0770s
==================================================
Epoch 92/300, Loss: -2.2845, Obj: -2.9815, Eq Viol (l1): 0.000054, Ineq Viol (l1): 0.000000, Epoch time: 2.63s
Epoch 93/300, Loss: -2.2228, Obj: -2.9165, Eq Viol (l1): 0.000048, Ineq Viol (l1): 0.000000, Epoch time: 2.62s
Epoch 94/300, Loss: -2.2839, Obj: -2.9605, Eq Viol (l1): 0.000054, Ineq Viol (l1): 0.000000, Epoch time: 2.61s
Epoch 95/300, Loss: -2.3345, Obj: -2.9527, Eq Viol (l1): 0.000055, Ineq Viol (l1): 0.000000, Epoch time: 2.62s
Epoch 96/300, Loss: -2.4352, Obj: -3.0120, Eq Viol (l1): 0.000061, Ineq Viol (l1): 0.000000, Epoch time: 2.60s
Epoch 97/300, Loss: -2.4115, Obj: -3.0076, Eq Viol (l1): 0.000062, Ineq Viol (l1): 0.000000, Epoch time: 2.60s
Epoch 98/300, Loss: -2.4087, Obj: -2.9880, Eq Viol (l1): 0.000056, Ineq Viol (l1): 0.000000, Epoch time: 2.61s
Epoch 99/300, Loss: -2.2344, Obj: -2.9286, Eq Viol (l1): 0.000053, Ineq Viol (l1): 0.000000, Epoch time: 2.60s
Epoch 100/300, Loss: -2.2619, Obj: -2.9663, Eq Viol (l1): 0.000053, Ineq Viol (l1): 0.000000, Epoch time: 2.63s
Epoch 101/300, Loss: -2.3363, Obj: -2.9556, Eq Viol (l1): 0.000056, Ineq Viol (l1): 0.000000, Epoch time: 2.71s

Running validation at epoch 100...

VALIDATION_EPOCH_100 EVALUATION RESULTS:
==================================================
Objective Value:     -3.058975e+00
True Objective:      -2.413704e+00
Optimality Gap:      -4.716485e+00 ± 2.060550e+00
Eq Violation l1:   4.684488e-05 (max: 2.628972e-03)
Ineq Violation l1: 7.630206e-07 (max: 2.236470e-04)
Solution Distance:   8.397240e+01 ± 1.852469e+00
Merit:             -3.058499e+00 ± 9.652970e-03
Avg Inference Time:  0.0743s
==================================================
Epoch 102/300, Loss: -2.3311, Obj: -2.9713, Eq Viol (l1): 0.000053, Ineq Viol (l1): 0.000001, Epoch time: 2.63s
Epoch 103/300, Loss: -2.3523, Obj: -2.9899, Eq Viol (l1): 0.000051, Ineq Viol (l1): 0.000000, Epoch time: 2.61s
Epoch 104/300, Loss: -2.4074, Obj: -2.9966, Eq Viol (l1): 0.000043, Ineq Viol (l1): 0.000000, Epoch time: 2.64s
Epoch 105/300, Loss: -2.4844, Obj: -3.0389, Eq Viol (l1): 0.000057, Ineq Viol (l1): 0.000000, Epoch time: 2.61s
Epoch 106/300, Loss: -2.4852, Obj: -3.0224, Eq Viol (l1): 0.000058, Ineq Viol (l1): 0.000001, Epoch time: 2.61s
Epoch 107/300, Loss: -2.4619, Obj: -3.0344, Eq Viol (l1): 0.000068, Ineq Viol (l1): 0.000001, Epoch time: 2.59s
Epoch 108/300, Loss: -2.4550, Obj: -3.0076, Eq Viol (l1): 0.000056, Ineq Viol (l1): 0.000001, Epoch time: 2.61s
Epoch 109/300, Loss: -2.3826, Obj: -3.0046, Eq Viol (l1): 0.000049, Ineq Viol (l1): 0.000000, Epoch time: 2.62s
Epoch 110/300, Loss: -2.4275, Obj: -2.9993, Eq Viol (l1): 0.000061, Ineq Viol (l1): 0.000000, Epoch time: 2.60s
Epoch 111/300, Loss: -2.3677, Obj: -2.9970, Eq Viol (l1): 0.000054, Ineq Viol (l1): 0.000000, Epoch time: 2.63s

Running validation at epoch 110...

VALIDATION_EPOCH_110 EVALUATION RESULTS:
==================================================
Objective Value:     -3.118865e+00
True Objective:      -2.413704e+00
Optimality Gap:      -4.797338e+00 ± 2.050529e+00
Eq Violation l1:   5.427442e-05 (max: 2.321091e-03)
Ineq Violation l1: 3.682358e-07 (max: 3.989059e-05)
Solution Distance:   8.377514e+01 ± 1.862395e+00
Merit:             -3.118319e+00 ± 9.814875e-03
Avg Inference Time:  0.0755s
==================================================
Epoch 112/300, Loss: -2.3870, Obj: -3.0010, Eq Viol (l1): 0.000059, Ineq Viol (l1): 0.000000, Epoch time: 2.60s
Epoch 113/300, Loss: -2.4402, Obj: -3.0048, Eq Viol (l1): 0.000053, Ineq Viol (l1): 0.000000, Epoch time: 2.60s
Epoch 114/300, Loss: -2.4280, Obj: -3.0146, Eq Viol (l1): 0.000065, Ineq Viol (l1): 0.000001, Epoch time: 2.59s
Epoch 115/300, Loss: -2.4300, Obj: -3.0259, Eq Viol (l1): 0.000058, Ineq Viol (l1): 0.000001, Epoch time: 2.62s
Epoch 116/300, Loss: -2.4648, Obj: -3.0132, Eq Viol (l1): 0.000052, Ineq Viol (l1): 0.000000, Epoch time: 2.62s
Epoch 117/300, Loss: -2.5117, Obj: -3.0472, Eq Viol (l1): 0.000047, Ineq Viol (l1): 0.000000, Epoch time: 2.64s
Epoch 118/300, Loss: -2.4243, Obj: -3.0439, Eq Viol (l1): 0.000060, Ineq Viol (l1): 0.000001, Epoch time: 2.61s
Epoch 119/300, Loss: -2.3564, Obj: -2.9682, Eq Viol (l1): 0.000057, Ineq Viol (l1): 0.000000, Epoch time: 2.62s
Epoch 120/300, Loss: -2.5053, Obj: -3.0187, Eq Viol (l1): 0.000056, Ineq Viol (l1): 0.000001, Epoch time: 2.60s
Epoch 121/300, Loss: -2.4948, Obj: -3.0269, Eq Viol (l1): 0.000056, Ineq Viol (l1): 0.000000, Epoch time: 2.61s

Running validation at epoch 120...

VALIDATION_EPOCH_120 EVALUATION RESULTS:
==================================================
Objective Value:     -3.186410e+00
True Objective:      -2.413704e+00
Optimality Gap:      -4.893179e+00 ± 2.096844e+00
Eq Violation l1:   4.851520e-05 (max: 2.440991e-03)
Ineq Violation l1: 5.767754e-07 (max: 1.235980e-04)
Solution Distance:   8.394097e+01 ± 1.872275e+00
Merit:             -3.185919e+00 ± 1.021378e-02
Avg Inference Time:  0.0734s
==================================================
Epoch 122/300, Loss: -2.4658, Obj: -3.0297, Eq Viol (l1): 0.000057, Ineq Viol (l1): 0.000000, Epoch time: 2.60s
Epoch 123/300, Loss: -2.5359, Obj: -3.0513, Eq Viol (l1): 0.000062, Ineq Viol (l1): 0.000000, Epoch time: 2.59s
Epoch 124/300, Loss: -2.4687, Obj: -3.0413, Eq Viol (l1): 0.000053, Ineq Viol (l1): 0.000001, Epoch time: 2.62s
Epoch 125/300, Loss: -2.4165, Obj: -3.0106, Eq Viol (l1): 0.000057, Ineq Viol (l1): 0.000000, Epoch time: 2.60s
Epoch 126/300, Loss: -2.5289, Obj: -3.0381, Eq Viol (l1): 0.000057, Ineq Viol (l1): 0.000001, Epoch time: 2.59s
Epoch 127/300, Loss: -2.5664, Obj: -3.0545, Eq Viol (l1): 0.000051, Ineq Viol (l1): 0.000000, Epoch time: 2.61s
Epoch 128/300, Loss: -2.2676, Obj: -2.9835, Eq Viol (l1): 0.000062, Ineq Viol (l1): 0.000001, Epoch time: 2.61s
Epoch 129/300, Loss: -2.3515, Obj: -2.9676, Eq Viol (l1): 0.000055, Ineq Viol (l1): 0.000000, Epoch time: 2.58s
Epoch 130/300, Loss: -2.4458, Obj: -2.9935, Eq Viol (l1): 0.000061, Ineq Viol (l1): 0.000000, Epoch time: 2.58s
Epoch 131/300, Loss: -2.4976, Obj: -3.0545, Eq Viol (l1): 0.000052, Ineq Viol (l1): 0.000000, Epoch time: 2.63s

Running validation at epoch 130...

VALIDATION_EPOCH_130 EVALUATION RESULTS:
==================================================
Objective Value:     -3.129836e+00
True Objective:      -2.413704e+00
Optimality Gap:      -4.797552e+00 ± 2.056473e+00
Eq Violation l1:   5.196208e-05 (max: 2.071438e-03)
Ineq Violation l1: 4.193727e-07 (max: 4.821700e-05)
Solution Distance:   8.404053e+01 ± 1.910930e+00
Merit:             -3.129312e+00 ± 1.307396e-02
Avg Inference Time:  0.0743s
==================================================
Epoch 132/300, Loss: -2.5358, Obj: -3.0614, Eq Viol (l1): 0.000054, Ineq Viol (l1): 0.000001, Epoch time: 2.62s
Epoch 133/300, Loss: -2.4818, Obj: -3.0368, Eq Viol (l1): 0.000051, Ineq Viol (l1): 0.000000, Epoch time: 2.62s
Epoch 134/300, Loss: -2.4790, Obj: -3.0272, Eq Viol (l1): 0.000054, Ineq Viol (l1): 0.000000, Epoch time: 2.71s
Epoch 135/300, Loss: -2.5108, Obj: -3.0413, Eq Viol (l1): 0.000049, Ineq Viol (l1): 0.000001, Epoch time: 2.62s
Epoch 136/300, Loss: -2.5444, Obj: -3.0423, Eq Viol (l1): 0.000058, Ineq Viol (l1): 0.000000, Epoch time: 2.60s
Epoch 137/300, Loss: -2.5182, Obj: -3.0423, Eq Viol (l1): 0.000042, Ineq Viol (l1): 0.000000, Epoch time: 2.64s
Epoch 138/300, Loss: -2.5201, Obj: -3.0228, Eq Viol (l1): 0.000059, Ineq Viol (l1): 0.000000, Epoch time: 2.58s
Epoch 139/300, Loss: -2.4724, Obj: -3.0195, Eq Viol (l1): 0.000054, Ineq Viol (l1): 0.000001, Epoch time: 2.62s
Epoch 140/300, Loss: -2.5528, Obj: -3.0538, Eq Viol (l1): 0.000053, Ineq Viol (l1): 0.000001, Epoch time: 2.61s
Epoch 141/300, Loss: -2.5483, Obj: -3.0520, Eq Viol (l1): 0.000050, Ineq Viol (l1): 0.000001, Epoch time: 2.61s

Running validation at epoch 140...

VALIDATION_EPOCH_140 EVALUATION RESULTS:
==================================================
Objective Value:     -3.186849e+00
True Objective:      -2.413704e+00
Optimality Gap:      -4.897146e+00 ± 2.089309e+00
Eq Violation l1:   5.054895e-05 (max: 2.073787e-03)
Ineq Violation l1: 2.961038e-07 (max: 5.773938e-05)
Solution Distance:   8.399107e+01 ± 1.860508e+00
Merit:             -3.186340e+00 ± 1.456931e-02
Avg Inference Time:  0.0743s
==================================================
Epoch 142/300, Loss: -2.5428, Obj: -3.0721, Eq Viol (l1): 0.000050, Ineq Viol (l1): 0.000000, Epoch time: 2.61s
Epoch 143/300, Loss: -2.3609, Obj: -3.0214, Eq Viol (l1): 0.000045, Ineq Viol (l1): 0.000000, Epoch time: 2.65s
Epoch 144/300, Loss: -2.3438, Obj: -3.0193, Eq Viol (l1): 0.000047, Ineq Viol (l1): 0.000000, Epoch time: 2.67s
Epoch 145/300, Loss: -2.4570, Obj: -3.0153, Eq Viol (l1): 0.000048, Ineq Viol (l1): 0.000000, Epoch time: 2.62s
Epoch 146/300, Loss: -2.4219, Obj: -3.0295, Eq Viol (l1): 0.000050, Ineq Viol (l1): 0.000000, Epoch time: 2.63s
Epoch 147/300, Loss: -2.5065, Obj: -3.0280, Eq Viol (l1): 0.000055, Ineq Viol (l1): 0.000000, Epoch time: 2.62s
Epoch 148/300, Loss: -2.5191, Obj: -3.0512, Eq Viol (l1): 0.000052, Ineq Viol (l1): 0.000000, Epoch time: 2.63s
Epoch 149/300, Loss: -2.5434, Obj: -3.0247, Eq Viol (l1): 0.000055, Ineq Viol (l1): 0.000000, Epoch time: 2.60s
Epoch 150/300, Loss: -2.4891, Obj: -3.0439, Eq Viol (l1): 0.000072, Ineq Viol (l1): 0.000001, Epoch time: 2.58s
Epoch 151/300, Loss: -2.5612, Obj: -3.0516, Eq Viol (l1): 0.000061, Ineq Viol (l1): 0.000000, Epoch time: 2.60s

Running validation at epoch 150...

VALIDATION_EPOCH_150 EVALUATION RESULTS:
==================================================
Objective Value:     -3.067489e+00
True Objective:      -2.413704e+00
Optimality Gap:      -4.715736e+00 ± 2.015711e+00
Eq Violation l1:   4.915111e-05 (max: 2.154228e-03)
Ineq Violation l1: 3.339922e-07 (max: 5.998705e-05)
Solution Distance:   8.428622e+01 ± 1.832204e+00
Merit:             -3.066994e+00 ± 8.612347e-03
Avg Inference Time:  0.0709s
==================================================
Epoch 152/300, Loss: -2.5612, Obj: -3.0592, Eq Viol (l1): 0.000057, Ineq Viol (l1): 0.000000, Epoch time: 2.61s
Epoch 153/300, Loss: -2.5521, Obj: -3.0614, Eq Viol (l1): 0.000059, Ineq Viol (l1): 0.000000, Epoch time: 2.61s
Epoch 154/300, Loss: -2.5843, Obj: -3.0702, Eq Viol (l1): 0.000059, Ineq Viol (l1): 0.000000, Epoch time: 2.60s
Epoch 155/300, Loss: -2.5921, Obj: -3.0642, Eq Viol (l1): 0.000058, Ineq Viol (l1): 0.000001, Epoch time: 2.60s
Epoch 156/300, Loss: -2.5645, Obj: -3.0744, Eq Viol (l1): 0.000050, Ineq Viol (l1): 0.000000, Epoch time: 2.61s
Epoch 157/300, Loss: -2.3470, Obj: -3.0261, Eq Viol (l1): 0.000054, Ineq Viol (l1): 0.000000, Epoch time: 2.64s
Epoch 158/300, Loss: -2.4417, Obj: -3.0280, Eq Viol (l1): 0.000059, Ineq Viol (l1): 0.000000, Epoch time: 2.60s
Epoch 159/300, Loss: -2.6043, Obj: -3.0645, Eq Viol (l1): 0.000058, Ineq Viol (l1): 0.000001, Epoch time: 2.61s
Epoch 160/300, Loss: -2.6124, Obj: -3.0801, Eq Viol (l1): 0.000062, Ineq Viol (l1): 0.000001, Epoch time: 2.60s
Epoch 161/300, Loss: -2.5479, Obj: -3.0651, Eq Viol (l1): 0.000056, Ineq Viol (l1): 0.000001, Epoch time: 2.62s

Running validation at epoch 160...

VALIDATION_EPOCH_160 EVALUATION RESULTS:
==================================================
Objective Value:     -3.182957e+00
True Objective:      -2.413704e+00
Optimality Gap:      -4.886194e+00 ± 2.094297e+00
Eq Violation l1:   5.235701e-05 (max: 2.220857e-03)
Ineq Violation l1: 3.198128e-07 (max: 6.297944e-05)
Solution Distance:   8.369735e+01 ± 1.940879e+00
Merit:             -3.182430e+00 ± 1.624400e-02
Avg Inference Time:  0.0747s
==================================================
Epoch 162/300, Loss: -2.5830, Obj: -3.0495, Eq Viol (l1): 0.000056, Ineq Viol (l1): 0.000000, Epoch time: 2.61s
Epoch 163/300, Loss: -2.5740, Obj: -3.0696, Eq Viol (l1): 0.000059, Ineq Viol (l1): 0.000000, Epoch time: 2.60s
Epoch 164/300, Loss: -2.4671, Obj: -2.9989, Eq Viol (l1): 0.000051, Ineq Viol (l1): 0.000001, Epoch time: 2.61s
Epoch 165/300, Loss: -2.3915, Obj: -3.0200, Eq Viol (l1): 0.000053, Ineq Viol (l1): 0.000000, Epoch time: 2.62s
Epoch 166/300, Loss: -2.5493, Obj: -3.0328, Eq Viol (l1): 0.000062, Ineq Viol (l1): 0.000001, Epoch time: 2.59s
Epoch 167/300, Loss: -2.6571, Obj: -3.0904, Eq Viol (l1): 0.000052, Ineq Viol (l1): 0.000000, Epoch time: 2.71s
Epoch 168/300, Loss: -2.5301, Obj: -3.0571, Eq Viol (l1): 0.000058, Ineq Viol (l1): 0.000001, Epoch time: 2.61s
Epoch 169/300, Loss: -2.6266, Obj: -3.0681, Eq Viol (l1): 0.000047, Ineq Viol (l1): 0.000000, Epoch time: 2.61s
Epoch 170/300, Loss: -2.5627, Obj: -3.0553, Eq Viol (l1): 0.000064, Ineq Viol (l1): 0.000001, Epoch time: 2.59s
Epoch 171/300, Loss: -2.5830, Obj: -3.0798, Eq Viol (l1): 0.000052, Ineq Viol (l1): 0.000000, Epoch time: 2.62s

Running validation at epoch 170...

VALIDATION_EPOCH_170 EVALUATION RESULTS:
==================================================
Objective Value:     -3.049761e+00
True Objective:      -2.413704e+00
Optimality Gap:      -4.639720e+00 ± 1.984124e+00
Eq Violation l1:   5.670205e-05 (max: 2.079645e-03)
Ineq Violation l1: 3.713678e-07 (max: 3.673878e-05)
Solution Distance:   8.472977e+01 ± 1.905699e+00
Merit:             -3.049190e+00 ± 9.753124e-03
Avg Inference Time:  0.0694s
==================================================
Epoch 172/300, Loss: -2.5845, Obj: -3.0783, Eq Viol (l1): 0.000057, Ineq Viol (l1): 0.000000, Epoch time: 2.62s
Epoch 173/300, Loss: -2.4781, Obj: -3.0336, Eq Viol (l1): 0.000058, Ineq Viol (l1): 0.000000, Epoch time: 2.60s
Epoch 174/300, Loss: -2.4479, Obj: -3.0816, Eq Viol (l1): 0.000066, Ineq Viol (l1): 0.000000, Epoch time: 2.58s
Epoch 175/300, Loss: -2.5549, Obj: -3.0593, Eq Viol (l1): 0.000053, Ineq Viol (l1): 0.000000, Epoch time: 2.62s
Epoch 176/300, Loss: -2.5980, Obj: -3.0626, Eq Viol (l1): 0.000055, Ineq Viol (l1): 0.000000, Epoch time: 2.61s
Epoch 177/300, Loss: -2.6219, Obj: -3.1022, Eq Viol (l1): 0.000052, Ineq Viol (l1): 0.000001, Epoch time: 2.61s
Epoch 178/300, Loss: -2.5865, Obj: -3.0867, Eq Viol (l1): 0.000062, Ineq Viol (l1): 0.000001, Epoch time: 2.59s
Epoch 179/300, Loss: -2.6346, Obj: -3.0911, Eq Viol (l1): 0.000049, Ineq Viol (l1): 0.000000, Epoch time: 2.62s
Epoch 180/300, Loss: -2.4716, Obj: -3.0304, Eq Viol (l1): 0.000040, Ineq Viol (l1): 0.000000, Epoch time: 2.66s
Epoch 181/300, Loss: -2.4388, Obj: -3.0278, Eq Viol (l1): 0.000046, Ineq Viol (l1): 0.000000, Epoch time: 2.63s

Running validation at epoch 180...

VALIDATION_EPOCH_180 EVALUATION RESULTS:
==================================================
Objective Value:     -3.084719e+00
True Objective:      -2.413704e+00
Optimality Gap:      -4.712142e+00 ± 2.046583e+00
Eq Violation l1:   3.950109e-05 (max: 2.863752e-03)
Ineq Violation l1: 4.141486e-07 (max: 9.080404e-05)
Solution Distance:   8.451436e+01 ± 1.879404e+00
Merit:             -3.084320e+00 ± 1.179419e-02
Avg Inference Time:  0.0823s
==================================================
Epoch 182/300, Loss: -2.5584, Obj: -3.0499, Eq Viol (l1): 0.000051, Ineq Viol (l1): 0.000001, Epoch time: 2.61s
Epoch 183/300, Loss: -2.6306, Obj: -3.0842, Eq Viol (l1): 0.000057, Ineq Viol (l1): 0.000000, Epoch time: 2.60s
Epoch 184/300, Loss: -2.6315, Obj: -3.0906, Eq Viol (l1): 0.000054, Ineq Viol (l1): 0.000000, Epoch time: 2.61s
Epoch 185/300, Loss: -2.6104, Obj: -3.0847, Eq Viol (l1): 0.000053, Ineq Viol (l1): 0.000000, Epoch time: 2.61s
Epoch 186/300, Loss: -2.5739, Obj: -3.0816, Eq Viol (l1): 0.000051, Ineq Viol (l1): 0.000000, Epoch time: 2.63s
Epoch 187/300, Loss: -2.5717, Obj: -3.0645, Eq Viol (l1): 0.000055, Ineq Viol (l1): 0.000001, Epoch time: 2.61s
Epoch 188/300, Loss: -2.5441, Obj: -3.0673, Eq Viol (l1): 0.000040, Ineq Viol (l1): 0.000000, Epoch time: 2.66s
Epoch 189/300, Loss: -2.6221, Obj: -3.0761, Eq Viol (l1): 0.000051, Ineq Viol (l1): 0.000000, Epoch time: 2.61s
Epoch 190/300, Loss: -2.4846, Obj: -3.0474, Eq Viol (l1): 0.000055, Ineq Viol (l1): 0.000001, Epoch time: 2.63s
Epoch 191/300, Loss: -2.6103, Obj: -3.0815, Eq Viol (l1): 0.000056, Ineq Viol (l1): 0.000000, Epoch time: 2.60s

Running validation at epoch 190...

VALIDATION_EPOCH_190 EVALUATION RESULTS:
==================================================
Objective Value:     -3.202979e+00
True Objective:      -2.413704e+00
Optimality Gap:      -4.933073e+00 ± 2.101029e+00
Eq Violation l1:   6.093959e-05 (max: 1.892548e-03)
Ineq Violation l1: 4.792370e-07 (max: 7.733768e-05)
Solution Distance:   8.403178e+01 ± 1.874779e+00
Merit:             -3.202365e+00 ± 1.416728e-02
Avg Inference Time:  0.0723s
==================================================
Epoch 192/300, Loss: -2.6362, Obj: -3.0834, Eq Viol (l1): 0.000055, Ineq Viol (l1): 0.000000, Epoch time: 2.61s
Epoch 193/300, Loss: -2.6563, Obj: -3.0882, Eq Viol (l1): 0.000053, Ineq Viol (l1): 0.000001, Epoch time: 2.61s
Epoch 194/300, Loss: -2.6345, Obj: -3.0914, Eq Viol (l1): 0.000054, Ineq Viol (l1): 0.000000, Epoch time: 2.62s
Epoch 195/300, Loss: -2.5423, Obj: -3.0336, Eq Viol (l1): 0.000046, Ineq Viol (l1): 0.000000, Epoch time: 2.61s
Epoch 196/300, Loss: -2.6541, Obj: -3.1003, Eq Viol (l1): 0.000057, Ineq Viol (l1): 0.000000, Epoch time: 2.61s
Epoch 197/300, Loss: -2.6364, Obj: -3.0950, Eq Viol (l1): 0.000055, Ineq Viol (l1): 0.000000, Epoch time: 2.60s
Epoch 198/300, Loss: -2.6453, Obj: -3.0782, Eq Viol (l1): 0.000056, Ineq Viol (l1): 0.000000, Epoch time: 2.60s
Epoch 199/300, Loss: -2.5861, Obj: -3.0814, Eq Viol (l1): 0.000054, Ineq Viol (l1): 0.000000, Epoch time: 2.61s
Epoch 200/300, Loss: -2.5919, Obj: -3.0857, Eq Viol (l1): 0.000049, Ineq Viol (l1): 0.000000, Epoch time: 2.63s
Epoch 201/300, Loss: -2.6388, Obj: -3.0711, Eq Viol (l1): 0.000054, Ineq Viol (l1): 0.000000, Epoch time: 2.71s

Running validation at epoch 200...

VALIDATION_EPOCH_200 EVALUATION RESULTS:
==================================================
Objective Value:     -3.109690e+00
True Objective:      -2.413704e+00
Optimality Gap:      -4.733216e+00 ± 1.968097e+00
Eq Violation l1:   4.344714e-05 (max: 1.669344e-03)
Ineq Violation l1: 4.863519e-07 (max: 1.110149e-04)
Solution Distance:   8.417128e+01 ± 1.787890e+00
Merit:             -3.109251e+00 ± 1.051007e-02
Avg Inference Time:  0.0748s
==================================================
Epoch 202/300, Loss: -2.5905, Obj: -3.0817, Eq Viol (l1): 0.000055, Ineq Viol (l1): 0.000001, Epoch time: 2.61s
Epoch 203/300, Loss: -2.6581, Obj: -3.1156, Eq Viol (l1): 0.000060, Ineq Viol (l1): 0.000000, Epoch time: 2.61s
Epoch 204/300, Loss: -2.6509, Obj: -3.0857, Eq Viol (l1): 0.000063, Ineq Viol (l1): 0.000001, Epoch time: 2.59s
Epoch 205/300, Loss: -2.6778, Obj: -3.0947, Eq Viol (l1): 0.000061, Ineq Viol (l1): 0.000000, Epoch time: 2.58s
Epoch 206/300, Loss: -2.7097, Obj: -3.0951, Eq Viol (l1): 0.000054, Ineq Viol (l1): 0.000000, Epoch time: 2.58s
Epoch 207/300, Loss: -2.6516, Obj: -3.1098, Eq Viol (l1): 0.000065, Ineq Viol (l1): 0.000001, Epoch time: 2.60s
Epoch 208/300, Loss: -2.5678, Obj: -3.0553, Eq Viol (l1): 0.000045, Ineq Viol (l1): 0.000000, Epoch time: 2.63s
Epoch 209/300, Loss: -2.6029, Obj: -3.0941, Eq Viol (l1): 0.000056, Ineq Viol (l1): 0.000000, Epoch time: 2.60s
Epoch 210/300, Loss: -2.5132, Obj: -3.0367, Eq Viol (l1): 0.000055, Ineq Viol (l1): 0.000000, Epoch time: 2.60s
Epoch 211/300, Loss: -2.6356, Obj: -3.0849, Eq Viol (l1): 0.000051, Ineq Viol (l1): 0.000000, Epoch time: 2.61s

Running validation at epoch 210...

VALIDATION_EPOCH_210 EVALUATION RESULTS:
==================================================
Objective Value:     -3.069588e+00
True Objective:      -2.413704e+00
Optimality Gap:      -4.688328e+00 ± 1.999948e+00
Eq Violation l1:   3.339796e-05 (max: 2.061017e-03)
Ineq Violation l1: 5.161295e-07 (max: 1.053092e-04)
Solution Distance:   8.440340e+01 ± 1.841780e+00
Merit:             -3.069249e+00 ± 3.901741e-03
Avg Inference Time:  0.0758s
==================================================
Epoch 212/300, Loss: -2.6431, Obj: -3.0954, Eq Viol (l1): 0.000058, Ineq Viol (l1): 0.000001, Epoch time: 2.60s
Epoch 213/300, Loss: -2.6546, Obj: -3.1000, Eq Viol (l1): 0.000056, Ineq Viol (l1): 0.000000, Epoch time: 2.61s
Epoch 214/300, Loss: -2.6343, Obj: -3.0753, Eq Viol (l1): 0.000058, Ineq Viol (l1): 0.000000, Epoch time: 2.61s
Epoch 215/300, Loss: -2.6995, Obj: -3.0982, Eq Viol (l1): 0.000055, Ineq Viol (l1): 0.000001, Epoch time: 2.62s
Epoch 216/300, Loss: -2.6300, Obj: -3.0855, Eq Viol (l1): 0.000061, Ineq Viol (l1): 0.000000, Epoch time: 2.59s
Epoch 217/300, Loss: -2.6019, Obj: -3.0819, Eq Viol (l1): 0.000052, Ineq Viol (l1): 0.000000, Epoch time: 2.61s
Epoch 218/300, Loss: -2.6208, Obj: -3.0840, Eq Viol (l1): 0.000056, Ineq Viol (l1): 0.000000, Epoch time: 2.60s
Epoch 219/300, Loss: -2.6829, Obj: -3.0869, Eq Viol (l1): 0.000053, Ineq Viol (l1): 0.000000, Epoch time: 2.60s
Epoch 220/300, Loss: -2.6901, Obj: -3.1073, Eq Viol (l1): 0.000061, Ineq Viol (l1): 0.000001, Epoch time: 2.59s
Epoch 221/300, Loss: -2.5463, Obj: -3.0826, Eq Viol (l1): 0.000051, Ineq Viol (l1): 0.000001, Epoch time: 2.63s

Running validation at epoch 220...

VALIDATION_EPOCH_220 EVALUATION RESULTS:
==================================================
Objective Value:     -2.972325e+00
True Objective:      -2.413704e+00
Optimality Gap:      -4.505124e+00 ± 1.948972e+00
Eq Violation l1:   3.463271e-05 (max: 2.593234e-03)
Ineq Violation l1: 3.060577e-07 (max: 9.003977e-05)
Solution Distance:   8.435236e+01 ± 1.887644e+00
Merit:             -2.971976e+00 ± 8.437149e-03
Avg Inference Time:  0.0780s
==================================================
Epoch 222/300, Loss: -2.5565, Obj: -3.0856, Eq Viol (l1): 0.000049, Ineq Viol (l1): 0.000000, Epoch time: 2.63s
Epoch 223/300, Loss: -2.5810, Obj: -3.0861, Eq Viol (l1): 0.000047, Ineq Viol (l1): 0.000000, Epoch time: 2.63s
Epoch 224/300, Loss: -2.5658, Obj: -3.0638, Eq Viol (l1): 0.000044, Ineq Viol (l1): 0.000000, Epoch time: 2.64s
Epoch 225/300, Loss: -2.6859, Obj: -3.1082, Eq Viol (l1): 0.000048, Ineq Viol (l1): 0.000000, Epoch time: 2.61s
Epoch 226/300, Loss: -2.7148, Obj: -3.1134, Eq Viol (l1): 0.000053, Ineq Viol (l1): 0.000000, Epoch time: 2.61s
Epoch 227/300, Loss: -2.6390, Obj: -3.1047, Eq Viol (l1): 0.000058, Ineq Viol (l1): 0.000000, Epoch time: 2.59s
Epoch 228/300, Loss: -2.6737, Obj: -3.0997, Eq Viol (l1): 0.000063, Ineq Viol (l1): 0.000000, Epoch time: 2.57s
Epoch 229/300, Loss: -2.7074, Obj: -3.1040, Eq Viol (l1): 0.000061, Ineq Viol (l1): 0.000000, Epoch time: 2.58s
Epoch 230/300, Loss: -2.6880, Obj: -3.1072, Eq Viol (l1): 0.000058, Ineq Viol (l1): 0.000000, Epoch time: 2.59s
Epoch 231/300, Loss: -2.6313, Obj: -3.0685, Eq Viol (l1): 0.000056, Ineq Viol (l1): 0.000001, Epoch time: 2.60s

Running validation at epoch 230...

VALIDATION_EPOCH_230 EVALUATION RESULTS:
==================================================
Objective Value:     -3.231894e+00
True Objective:      -2.413704e+00
Optimality Gap:      -4.983861e+00 ± 2.134194e+00
Eq Violation l1:   5.403455e-05 (max: 1.893306e-03)
Ineq Violation l1: 2.834064e-07 (max: 3.836265e-05)
Solution Distance:   8.420643e+01 ± 1.881733e+00
Merit:             -3.231350e+00 ± 1.518725e-02
Avg Inference Time:  0.0732s
==================================================
Epoch 232/300, Loss: -2.7131, Obj: -3.1208, Eq Viol (l1): 0.000055, Ineq Viol (l1): 0.000000, Epoch time: 2.61s
Epoch 233/300, Loss: -2.7346, Obj: -3.1111, Eq Viol (l1): 0.000053, Ineq Viol (l1): 0.000000, Epoch time: 2.71s
Epoch 234/300, Loss: -2.7286, Obj: -3.1249, Eq Viol (l1): 0.000059, Ineq Viol (l1): 0.000001, Epoch time: 2.60s
Epoch 235/300, Loss: -2.6910, Obj: -3.0876, Eq Viol (l1): 0.000056, Ineq Viol (l1): 0.000001, Epoch time: 2.60s
Epoch 236/300, Loss: -2.7024, Obj: -3.1144, Eq Viol (l1): 0.000063, Ineq Viol (l1): 0.000001, Epoch time: 2.59s
Epoch 237/300, Loss: -2.6853, Obj: -3.1085, Eq Viol (l1): 0.000065, Ineq Viol (l1): 0.000000, Epoch time: 2.58s
Epoch 238/300, Loss: -2.6721, Obj: -3.1143, Eq Viol (l1): 0.000060, Ineq Viol (l1): 0.000000, Epoch time: 2.60s
Epoch 239/300, Loss: -2.7257, Obj: -3.1146, Eq Viol (l1): 0.000064, Ineq Viol (l1): 0.000000, Epoch time: 2.58s
Epoch 240/300, Loss: -2.5957, Obj: -3.0550, Eq Viol (l1): 0.000056, Ineq Viol (l1): 0.000000, Epoch time: 2.60s
Epoch 241/300, Loss: -2.6406, Obj: -3.1037, Eq Viol (l1): 0.000065, Ineq Viol (l1): 0.000001, Epoch time: 2.59s

Running validation at epoch 240...

VALIDATION_EPOCH_240 EVALUATION RESULTS:
==================================================
Objective Value:     -3.130084e+00
True Objective:      -2.413704e+00
Optimality Gap:      -4.824096e+00 ± 2.081321e+00
Eq Violation l1:   5.761796e-05 (max: 1.591257e-03)
Ineq Violation l1: 3.565123e-07 (max: 2.133023e-05)
Solution Distance:   8.404190e+01 ± 1.865562e+00
Merit:             -3.129504e+00 ± 9.237589e-03
Avg Inference Time:  0.0732s
==================================================
Epoch 242/300, Loss: -2.5929, Obj: -3.0744, Eq Viol (l1): 0.000041, Ineq Viol (l1): 0.000000, Epoch time: 2.66s
Epoch 243/300, Loss: -2.6440, Obj: -3.0876, Eq Viol (l1): 0.000056, Ineq Viol (l1): 0.000001, Epoch time: 2.60s
Epoch 244/300, Loss: -2.5935, Obj: -3.0565, Eq Viol (l1): 0.000054, Ineq Viol (l1): 0.000001, Epoch time: 2.61s
Epoch 245/300, Loss: -2.6962, Obj: -3.1047, Eq Viol (l1): 0.000054, Ineq Viol (l1): 0.000000, Epoch time: 2.60s
Epoch 246/300, Loss: -2.6109, Obj: -3.0480, Eq Viol (l1): 0.000061, Ineq Viol (l1): 0.000000, Epoch time: 2.55s
Epoch 247/300, Loss: -2.6526, Obj: -3.0935, Eq Viol (l1): 0.000058, Ineq Viol (l1): 0.000001, Epoch time: 2.60s
Epoch 248/300, Loss: -2.6988, Obj: -3.1055, Eq Viol (l1): 0.000064, Ineq Viol (l1): 0.000001, Epoch time: 2.58s
Epoch 249/300, Loss: -2.5282, Obj: -3.0586, Eq Viol (l1): 0.000054, Ineq Viol (l1): 0.000000, Epoch time: 2.60s
Epoch 250/300, Loss: -2.5262, Obj: -3.0766, Eq Viol (l1): 0.000057, Ineq Viol (l1): 0.000000, Epoch time: 2.61s
Epoch 251/300, Loss: -2.5463, Obj: -3.0260, Eq Viol (l1): 0.000056, Ineq Viol (l1): 0.000001, Epoch time: 2.60s

Running validation at epoch 250...

VALIDATION_EPOCH_250 EVALUATION RESULTS:
==================================================
Objective Value:     -3.004869e+00
True Objective:      -2.413704e+00
Optimality Gap:      -4.669472e+00 ± 2.025184e+00
Eq Violation l1:   3.904102e-05 (max: 1.884527e-03)
Ineq Violation l1: 3.647265e-07 (max: 2.919460e-05)
Solution Distance:   8.441076e+01 ± 1.929318e+00
Merit:             -3.004475e+00 ± 5.895548e-03
Avg Inference Time:  0.0719s
==================================================
Epoch 252/300, Loss: -2.6021, Obj: -3.0688, Eq Viol (l1): 0.000059, Ineq Viol (l1): 0.000000, Epoch time: 2.59s
Epoch 253/300, Loss: -2.6164, Obj: -3.0755, Eq Viol (l1): 0.000062, Ineq Viol (l1): 0.000001, Epoch time: 2.59s
Epoch 254/300, Loss: -2.6469, Obj: -3.0807, Eq Viol (l1): 0.000065, Ineq Viol (l1): 0.000000, Epoch time: 2.56s
Epoch 255/300, Loss: -2.6796, Obj: -3.0896, Eq Viol (l1): 0.000062, Ineq Viol (l1): 0.000000, Epoch time: 2.58s
Epoch 256/300, Loss: -2.5998, Obj: -3.0601, Eq Viol (l1): 0.000063, Ineq Viol (l1): 0.000000, Epoch time: 2.57s
Epoch 257/300, Loss: -2.6516, Obj: -3.0864, Eq Viol (l1): 0.000058, Ineq Viol (l1): 0.000000, Epoch time: 2.59s
Epoch 258/300, Loss: -2.5103, Obj: -3.0906, Eq Viol (l1): 0.000055, Ineq Viol (l1): 0.000000, Epoch time: 2.59s
Epoch 259/300, Loss: -2.4460, Obj: -3.0383, Eq Viol (l1): 0.000054, Ineq Viol (l1): 0.000000, Epoch time: 2.62s
Epoch 260/300, Loss: -2.4982, Obj: -3.0249, Eq Viol (l1): 0.000053, Ineq Viol (l1): 0.000000, Epoch time: 2.61s
Epoch 261/300, Loss: -2.5617, Obj: -3.0495, Eq Viol (l1): 0.000054, Ineq Viol (l1): 0.000000, Epoch time: 2.62s

Running validation at epoch 260...

VALIDATION_EPOCH_260 EVALUATION RESULTS:
==================================================
Objective Value:     -3.079303e+00
True Objective:      -2.413704e+00
Optimality Gap:      -4.718314e+00 ± 2.002843e+00
Eq Violation l1:   5.796280e-05 (max: 2.533047e-03)
Ineq Violation l1: 5.175143e-07 (max: 1.104782e-04)
Solution Distance:   8.433365e+01 ± 1.901748e+00
Merit:             -3.078718e+00 ± 8.453857e-03
Avg Inference Time:  0.0723s
==================================================
Epoch 262/300, Loss: -2.5725, Obj: -3.0534, Eq Viol (l1): 0.000054, Ineq Viol (l1): 0.000000, Epoch time: 2.61s
Epoch 263/300, Loss: -2.5735, Obj: -3.0543, Eq Viol (l1): 0.000057, Ineq Viol (l1): 0.000000, Epoch time: 2.60s
Epoch 264/300, Loss: -2.6384, Obj: -3.0893, Eq Viol (l1): 0.000064, Ineq Viol (l1): 0.000001, Epoch time: 2.58s
Epoch 265/300, Loss: -2.6366, Obj: -3.0864, Eq Viol (l1): 0.000060, Ineq Viol (l1): 0.000000, Epoch time: 2.59s
Epoch 266/300, Loss: -2.5519, Obj: -3.0463, Eq Viol (l1): 0.000055, Ineq Viol (l1): 0.000000, Epoch time: 2.71s
Epoch 267/300, Loss: -2.5776, Obj: -3.0309, Eq Viol (l1): 0.000056, Ineq Viol (l1): 0.000000, Epoch time: 2.59s
Epoch 268/300, Loss: -2.6822, Obj: -3.1057, Eq Viol (l1): 0.000056, Ineq Viol (l1): 0.000000, Epoch time: 2.60s
Epoch 269/300, Loss: -2.5577, Obj: -3.0756, Eq Viol (l1): 0.000052, Ineq Viol (l1): 0.000000, Epoch time: 2.61s
Epoch 270/300, Loss: -2.6238, Obj: -3.0734, Eq Viol (l1): 0.000056, Ineq Viol (l1): 0.000000, Epoch time: 2.60s
Epoch 271/300, Loss: -2.5902, Obj: -3.0858, Eq Viol (l1): 0.000048, Ineq Viol (l1): 0.000000, Epoch time: 2.63s

Running validation at epoch 270...

VALIDATION_EPOCH_270 EVALUATION RESULTS:
==================================================
Objective Value:     -2.996346e+00
True Objective:      -2.413704e+00
Optimality Gap:      -4.544580e+00 ± 1.927407e+00
Eq Violation l1:   3.207782e-05 (max: 2.678830e-03)
Ineq Violation l1: 2.482689e-07 (max: 2.879778e-05)
Solution Distance:   8.425349e+01 ± 1.822608e+00
Merit:             -2.996023e+00 ± 1.745624e-03
Avg Inference Time:  0.0770s
==================================================
Epoch 272/300, Loss: -2.5859, Obj: -3.0755, Eq Viol (l1): 0.000059, Ineq Viol (l1): 0.000000, Epoch time: 2.59s
Epoch 273/300, Loss: -2.6901, Obj: -3.0881, Eq Viol (l1): 0.000052, Ineq Viol (l1): 0.000000, Epoch time: 2.60s
Epoch 274/300, Loss: -2.6761, Obj: -3.0901, Eq Viol (l1): 0.000051, Ineq Viol (l1): 0.000000, Epoch time: 2.61s
Epoch 275/300, Loss: -2.5300, Obj: -2.9815, Eq Viol (l1): 0.000056, Ineq Viol (l1): 0.000000, Epoch time: 2.57s
Epoch 276/300, Loss: -2.5747, Obj: -3.0889, Eq Viol (l1): 0.000049, Ineq Viol (l1): 0.000000, Epoch time: 2.62s
Epoch 277/300, Loss: -2.5640, Obj: -3.1076, Eq Viol (l1): 0.000058, Ineq Viol (l1): 0.000000, Epoch time: 2.64s
Epoch 278/300, Loss: -2.6559, Obj: -3.0888, Eq Viol (l1): 0.000053, Ineq Viol (l1): 0.000000, Epoch time: 2.61s
Epoch 279/300, Loss: -2.6718, Obj: -3.1017, Eq Viol (l1): 0.000055, Ineq Viol (l1): 0.000001, Epoch time: 2.61s
Epoch 280/300, Loss: -2.6443, Obj: -3.1004, Eq Viol (l1): 0.000056, Ineq Viol (l1): 0.000000, Epoch time: 2.59s
Epoch 281/300, Loss: -2.5843, Obj: -3.0739, Eq Viol (l1): 0.000052, Ineq Viol (l1): 0.000000, Epoch time: 2.61s

Running validation at epoch 280...

VALIDATION_EPOCH_280 EVALUATION RESULTS:
==================================================
Objective Value:     -3.139842e+00
True Objective:      -2.413704e+00
Optimality Gap:      -4.784492e+00 ± 2.012207e+00
Eq Violation l1:   4.543555e-05 (max: 2.691147e-03)
Ineq Violation l1: 2.380056e-07 (max: 3.133254e-05)
Solution Distance:   8.341655e+01 ± 1.865443e+00
Merit:             -3.139385e+00 ± 1.019255e-02
Avg Inference Time:  0.0784s
==================================================
Epoch 282/300, Loss: -2.5736, Obj: -3.0896, Eq Viol (l1): 0.000060, Ineq Viol (l1): 0.000000, Epoch time: 2.60s
Epoch 283/300, Loss: -2.5562, Obj: -3.0872, Eq Viol (l1): 0.000059, Ineq Viol (l1): 0.000001, Epoch time: 2.60s
Epoch 284/300, Loss: -2.5112, Obj: -3.0552, Eq Viol (l1): 0.000054, Ineq Viol (l1): 0.000001, Epoch time: 2.62s
Epoch 285/300, Loss: -2.6841, Obj: -3.0906, Eq Viol (l1): 0.000049, Ineq Viol (l1): 0.000001, Epoch time: 2.63s
Epoch 286/300, Loss: -2.7036, Obj: -3.1113, Eq Viol (l1): 0.000051, Ineq Viol (l1): 0.000000, Epoch time: 2.61s
Epoch 287/300, Loss: -2.6825, Obj: -3.1163, Eq Viol (l1): 0.000043, Ineq Viol (l1): 0.000000, Epoch time: 2.63s
Epoch 288/300, Loss: -2.6911, Obj: -3.1312, Eq Viol (l1): 0.000053, Ineq Viol (l1): 0.000001, Epoch time: 2.61s
Epoch 289/300, Loss: -2.6907, Obj: -3.1236, Eq Viol (l1): 0.000059, Ineq Viol (l1): 0.000001, Epoch time: 2.60s
Epoch 290/300, Loss: -2.6394, Obj: -3.1004, Eq Viol (l1): 0.000047, Ineq Viol (l1): 0.000000, Epoch time: 2.63s
Epoch 291/300, Loss: -2.6842, Obj: -3.1098, Eq Viol (l1): 0.000056, Ineq Viol (l1): 0.000001, Epoch time: 2.61s

Running validation at epoch 290...

VALIDATION_EPOCH_290 EVALUATION RESULTS:
==================================================
Objective Value:     -3.180972e+00
True Objective:      -2.413704e+00
Optimality Gap:      -4.905358e+00 ± 2.097657e+00
Eq Violation l1:   3.720679e-05 (max: 1.639828e-03)
Ineq Violation l1: 2.718665e-07 (max: 2.583256e-05)
Solution Distance:   8.363290e+01 ± 1.850051e+00
Merit:             -3.180597e+00 ± 1.285385e-02
Avg Inference Time:  0.0783s
==================================================
Epoch 292/300, Loss: -2.6705, Obj: -3.1186, Eq Viol (l1): 0.000055, Ineq Viol (l1): 0.000000, Epoch time: 2.61s
Epoch 293/300, Loss: -2.7048, Obj: -3.1153, Eq Viol (l1): 0.000059, Ineq Viol (l1): 0.000001, Epoch time: 2.59s
Epoch 294/300, Loss: -2.7018, Obj: -3.1223, Eq Viol (l1): 0.000050, Ineq Viol (l1): 0.000000, Epoch time: 2.63s
Epoch 295/300, Loss: -2.6567, Obj: -3.1178, Eq Viol (l1): 0.000058, Ineq Viol (l1): 0.000000, Epoch time: 2.61s
Epoch 296/300, Loss: -2.6347, Obj: -3.0849, Eq Viol (l1): 0.000055, Ineq Viol (l1): 0.000000, Epoch time: 2.61s
Epoch 297/300, Loss: -2.7147, Obj: -3.1179, Eq Viol (l1): 0.000062, Ineq Viol (l1): 0.000000, Epoch time: 2.58s
Epoch 298/300, Loss: -2.6978, Obj: -3.1007, Eq Viol (l1): 0.000059, Ineq Viol (l1): 0.000000, Epoch time: 2.68s
Epoch 299/300, Loss: -2.6121, Obj: -3.1032, Eq Viol (l1): 0.000050, Ineq Viol (l1): 0.000001, Epoch time: 2.64s
Epoch 300/300, Loss: -2.6505, Obj: -3.1011, Eq Viol (l1): 0.000062, Ineq Viol (l1): 0.000001, Epoch time: 2.58s

Training completed in 800.92 seconds.

============================================================
COMPREHENSIVE TEST EVALUATION WITH DETAILED RESULTS
============================================================
Testing with batch sizes: [256, 512]

Evaluating with batch size: 256 (with detailed results)

TEST_BS256 EVALUATION RESULTS:
==================================================
Objective Value:     -3.138776e+00
True Objective:      -2.409220e+00
Optimality Gap:      -6.602400e+00 ± 6.210984e+00
Eq Violation l1:   5.887165e-05 (max: 1.408826e-03)
Ineq Violation l1: 4.559706e-07 (max: 4.673850e-05)
Solution Distance:   8.634932e+01 ± 1.951027e+00
Merit:             -3.138182e+00 ± 4.829772e-02
Avg Inference Time:  0.0627s
==================================================

Evaluating with batch size: 512 (with detailed results)

TEST_BS512 EVALUATION RESULTS:
==================================================
Objective Value:     -3.137186e+00
True Objective:      -2.408634e+00
Optimality Gap:      -6.551858e+00 ± 3.759023e+00
Eq Violation l1:   5.180790e-05 (max: 1.995946e-03)
Ineq Violation l1: 4.954367e-07 (max: 1.013322e-04)
Solution Distance:   8.632663e+01 ± 1.188458e+00
Merit:             -3.136663e+00 ± 3.843186e-02
Avg Inference Time:  0.0710s
==================================================

TEST BATCH SIZE COMPARISON:
================================================================================
Batch Size   Objective    Opt Gap      Eq Viol      Ineq Viol    Time (s)  
--------------------------------------------------------------------------------
256          -3.1388e+00  -6.6024e+00  5.8872e-05   4.5597e-07   0.50      
512          -3.1372e+00  -6.5519e+00  5.1808e-05   4.9544e-07   0.28      
================================================================================

Saving model and results to: results/nonsmooth_nonconvex/socp/SOCPProblem-100-50-50-10000/20260107-050307_MLP_FSNet_seed1_nepochs300_lr0.0002_trainsize7000_finetune_20260106-202959_model_60
✓ Model saved: results/nonsmooth_nonconvex/socp/SOCPProblem-100-50-50-10000/20260107-050307_MLP_FSNet_seed1_nepochs300_lr0.0002_trainsize7000_finetune_20260106-202959_model_60/model.pt
✓ Detailed results saved: results/nonsmooth_nonconvex/socp/SOCPProblem-100-50-50-10000/20260107-050307_MLP_FSNet_seed1_nepochs300_lr0.0002_trainsize7000_finetune_20260106-202959_model_60/results.pkl

Files saved (or attempted):
  - model.pt (model weights and architecture)
  - results.pkl (training history, metrics, detailed test results)
Training and testing completed in 803.85 seconds
Done!!!
============================================================
==========         =====================         ===========
==========   1      =====================         ===========
==========         =====================         ===========
============================================================

======= Running for problem: nonsmooth_nonconvex/socp =======

Loading problem instance: nonsmooth_nonconvex/socp with size [100, 50, 50, 10000]
Loading  dataset from: datasets/nonsmooth_nonconvex/socp/random2025_socp_dataset_var100_ineq50_eq50_ex10000 

Running on:  cuda
Training model using FSNet method with seed 2 for 300 epochs
Using batch size: 512
Loading model from checkpoint: results/nonsmooth_nonconvex/socp/SOCPProblem-100-50-50-10000/20260106-202959_MLP_sup_seed1_dropout0.05_subopt_2_-10.0/model_60.pt

lr: 0.0002, weight_decay: 0.001, num_epochs: 300

Epoch 1/300, Loss: 27.4303, Obj: 2.0149, Eq Viol (l1): 0.000180, Ineq Viol (l1): 0.000037, Epoch time: 7.08s

Running validation at epoch 0...

VALIDATION_EPOCH_0 EVALUATION RESULTS:
==================================================
Objective Value:     2.134697e+00
True Objective:      -2.413704e+00
Optimality Gap:      5.950811e+00 ± 2.338588e+00
Eq Violation l1:   6.673341e-05 (max: 1.854050e-02)
Ineq Violation l1: 2.783531e-06 (max: 9.722765e-04)
Solution Distance:   7.151592e+01 ± 9.182453e-01
Merit:             2.135392e+00 ± 9.717296e-02
Avg Inference Time:  0.6451s
==================================================
Epoch 2/300, Loss: 26.7562, Obj: 2.0208, Eq Viol (l1): 0.000083, Ineq Viol (l1): 0.000009, Epoch time: 3.34s
Epoch 3/300, Loss: 25.5077, Obj: 2.0199, Eq Viol (l1): 0.000033, Ineq Viol (l1): 0.000002, Epoch time: 3.31s
Epoch 4/300, Loss: 22.6267, Obj: 2.1576, Eq Viol (l1): 0.000116, Ineq Viol (l1): 0.000020, Epoch time: 3.31s
Epoch 5/300, Loss: 19.9118, Obj: 2.4525, Eq Viol (l1): 0.000076, Ineq Viol (l1): 0.000011, Epoch time: 3.35s
Epoch 6/300, Loss: 17.3188, Obj: 2.8912, Eq Viol (l1): 0.000116, Ineq Viol (l1): 0.000016, Epoch time: 3.25s
Epoch 7/300, Loss: 15.1516, Obj: 3.4531, Eq Viol (l1): 0.000043, Ineq Viol (l1): 0.000005, Epoch time: 3.19s
Epoch 8/300, Loss: 14.3210, Obj: 3.4102, Eq Viol (l1): 0.000025, Ineq Viol (l1): 0.000001, Epoch time: 3.22s
Epoch 9/300, Loss: 14.2113, Obj: 3.2839, Eq Viol (l1): 0.000017, Ineq Viol (l1): 0.000000, Epoch time: 3.17s
Epoch 10/300, Loss: 14.2041, Obj: 3.4834, Eq Viol (l1): 0.000035, Ineq Viol (l1): 0.000002, Epoch time: 3.17s
Epoch 11/300, Loss: 13.0301, Obj: 3.3206, Eq Viol (l1): 0.000032, Ineq Viol (l1): 0.000002, Epoch time: 3.11s

Running validation at epoch 10...

VALIDATION_EPOCH_10 EVALUATION RESULTS:
==================================================
Objective Value:     2.759452e+00
True Objective:      -2.413704e+00
Optimality Gap:      6.995580e+00 ± 2.539216e+00
Eq Violation l1:   1.727479e-05 (max: 2.616689e-03)
Ineq Violation l1: 3.289277e-07 (max: 1.414548e-04)
Solution Distance:   7.701166e+01 ± 1.447123e+00
Merit:             2.759628e+00 ± 4.746964e-02
Avg Inference Time:  0.1014s
==================================================
Epoch 12/300, Loss: 10.9806, Obj: 2.8416, Eq Viol (l1): 0.000019, Ineq Viol (l1): 0.000000, Epoch time: 3.07s
Epoch 13/300, Loss: 8.2558, Obj: 2.1160, Eq Viol (l1): 0.000020, Ineq Viol (l1): 0.000000, Epoch time: 3.01s
Epoch 14/300, Loss: 4.6871, Obj: 0.8968, Eq Viol (l1): 0.000024, Ineq Viol (l1): 0.000000, Epoch time: 2.87s
Epoch 15/300, Loss: 2.7753, Obj: -0.1735, Eq Viol (l1): 0.000040, Ineq Viol (l1): 0.000000, Epoch time: 2.70s
Epoch 16/300, Loss: 1.4538, Obj: -0.8455, Eq Viol (l1): 0.000065, Ineq Viol (l1): 0.000000, Epoch time: 2.60s
Epoch 17/300, Loss: 0.4488, Obj: -1.3411, Eq Viol (l1): 0.000078, Ineq Viol (l1): 0.000000, Epoch time: 2.57s
Epoch 18/300, Loss: -0.0955, Obj: -1.6236, Eq Viol (l1): 0.000074, Ineq Viol (l1): 0.000000, Epoch time: 2.57s
Epoch 19/300, Loss: -0.2558, Obj: -1.7027, Eq Viol (l1): 0.000071, Ineq Viol (l1): 0.000000, Epoch time: 2.59s
Epoch 20/300, Loss: -0.4609, Obj: -1.8273, Eq Viol (l1): 0.000076, Ineq Viol (l1): 0.000000, Epoch time: 2.57s
Epoch 21/300, Loss: -0.6444, Obj: -1.9413, Eq Viol (l1): 0.000076, Ineq Viol (l1): 0.000000, Epoch time: 2.57s

Running validation at epoch 20...

VALIDATION_EPOCH_20 EVALUATION RESULTS:
==================================================
Objective Value:     -2.124436e+00
True Objective:      -2.413704e+00
Optimality Gap:      -2.860241e+00 ± 1.363086e+00
Eq Violation l1:   8.266051e-05 (max: 1.302987e-03)
Ineq Violation l1: 3.107227e-07 (max: 3.007598e-05)
Solution Distance:   7.515192e+01 ± 1.849915e+00
Merit:             -2.123606e+00 ± 3.179876e-03
Avg Inference Time:  0.0684s
==================================================
Epoch 22/300, Loss: -0.6871, Obj: -2.0180, Eq Viol (l1): 0.000080, Ineq Viol (l1): 0.000000, Epoch time: 2.57s
Epoch 23/300, Loss: -0.8357, Obj: -2.1359, Eq Viol (l1): 0.000075, Ineq Viol (l1): 0.000000, Epoch time: 2.59s
Epoch 24/300, Loss: -0.9489, Obj: -2.1962, Eq Viol (l1): 0.000076, Ineq Viol (l1): 0.000000, Epoch time: 2.58s
Epoch 25/300, Loss: -1.0865, Obj: -2.2717, Eq Viol (l1): 0.000064, Ineq Viol (l1): 0.000000, Epoch time: 2.60s
Epoch 26/300, Loss: -1.0482, Obj: -2.3495, Eq Viol (l1): 0.000063, Ineq Viol (l1): 0.000000, Epoch time: 2.60s
Epoch 27/300, Loss: -1.3220, Obj: -2.4896, Eq Viol (l1): 0.000062, Ineq Viol (l1): 0.000000, Epoch time: 2.61s
Epoch 28/300, Loss: -1.3419, Obj: -2.5339, Eq Viol (l1): 0.000054, Ineq Viol (l1): 0.000001, Epoch time: 2.63s
Epoch 29/300, Loss: -1.2626, Obj: -2.4908, Eq Viol (l1): 0.000060, Ineq Viol (l1): 0.000000, Epoch time: 2.61s
Epoch 30/300, Loss: -1.4667, Obj: -2.6018, Eq Viol (l1): 0.000051, Ineq Viol (l1): 0.000000, Epoch time: 2.64s
Epoch 31/300, Loss: -1.4286, Obj: -2.6018, Eq Viol (l1): 0.000053, Ineq Viol (l1): 0.000000, Epoch time: 2.62s

Running validation at epoch 30...

VALIDATION_EPOCH_30 EVALUATION RESULTS:
==================================================
Objective Value:     -2.793648e+00
True Objective:      -2.413704e+00
Optimality Gap:      -4.266257e+00 ± 1.913538e+00
Eq Violation l1:   5.005746e-05 (max: 2.124216e-03)
Ineq Violation l1: 7.735288e-07 (max: 3.170918e-04)
Solution Distance:   8.324474e+01 ± 1.870720e+00
Merit:             -2.793140e+00 ± 1.127472e-02
Avg Inference Time:  0.0775s
==================================================
Epoch 32/300, Loss: -1.4973, Obj: -2.6663, Eq Viol (l1): 0.000054, Ineq Viol (l1): 0.000000, Epoch time: 2.65s
Epoch 33/300, Loss: -1.4529, Obj: -2.5987, Eq Viol (l1): 0.000054, Ineq Viol (l1): 0.000000, Epoch time: 2.64s
Epoch 34/300, Loss: -1.4680, Obj: -2.6641, Eq Viol (l1): 0.000053, Ineq Viol (l1): 0.000001, Epoch time: 2.74s
Epoch 35/300, Loss: -1.4195, Obj: -2.6844, Eq Viol (l1): 0.000052, Ineq Viol (l1): 0.000000, Epoch time: 2.64s
Epoch 36/300, Loss: -1.6171, Obj: -2.6934, Eq Viol (l1): 0.000056, Ineq Viol (l1): 0.000000, Epoch time: 2.63s
Epoch 37/300, Loss: -1.6121, Obj: -2.7147, Eq Viol (l1): 0.000047, Ineq Viol (l1): 0.000000, Epoch time: 2.66s
Epoch 38/300, Loss: -1.5101, Obj: -2.6021, Eq Viol (l1): 0.000048, Ineq Viol (l1): 0.000000, Epoch time: 2.65s
Epoch 39/300, Loss: -1.6881, Obj: -2.7209, Eq Viol (l1): 0.000064, Ineq Viol (l1): 0.000000, Epoch time: 2.60s
Epoch 40/300, Loss: -1.6655, Obj: -2.7026, Eq Viol (l1): 0.000049, Ineq Viol (l1): 0.000000, Epoch time: 2.64s
Epoch 41/300, Loss: -1.6849, Obj: -2.7615, Eq Viol (l1): 0.000055, Ineq Viol (l1): 0.000000, Epoch time: 2.65s

Running validation at epoch 40...

VALIDATION_EPOCH_40 EVALUATION RESULTS:
==================================================
Objective Value:     -2.828087e+00
True Objective:      -2.413704e+00
Optimality Gap:      -4.318074e+00 ± 1.904067e+00
Eq Violation l1:   3.655936e-05 (max: 2.525792e-03)
Ineq Violation l1: 4.333483e-07 (max: 1.637906e-04)
Solution Distance:   8.419925e+01 ± 1.917904e+00
Merit:             -2.827717e+00 ± 1.173947e-02
Avg Inference Time:  0.0766s
==================================================
Epoch 42/300, Loss: -1.7564, Obj: -2.7649, Eq Viol (l1): 0.000042, Ineq Viol (l1): 0.000000, Epoch time: 2.66s
Epoch 43/300, Loss: -1.7296, Obj: -2.7658, Eq Viol (l1): 0.000047, Ineq Viol (l1): 0.000000, Epoch time: 2.65s
Epoch 44/300, Loss: -1.8068, Obj: -2.7691, Eq Viol (l1): 0.000053, Ineq Viol (l1): 0.000000, Epoch time: 2.64s
Epoch 45/300, Loss: -1.8050, Obj: -2.7935, Eq Viol (l1): 0.000043, Ineq Viol (l1): 0.000000, Epoch time: 2.69s
Epoch 46/300, Loss: -1.8942, Obj: -2.7982, Eq Viol (l1): 0.000049, Ineq Viol (l1): 0.000000, Epoch time: 2.63s
Epoch 47/300, Loss: -1.9888, Obj: -2.8379, Eq Viol (l1): 0.000051, Ineq Viol (l1): 0.000000, Epoch time: 2.63s
Epoch 48/300, Loss: -1.8479, Obj: -2.7758, Eq Viol (l1): 0.000046, Ineq Viol (l1): 0.000000, Epoch time: 2.64s
Epoch 49/300, Loss: -1.7820, Obj: -2.7976, Eq Viol (l1): 0.000049, Ineq Viol (l1): 0.000000, Epoch time: 2.65s
Epoch 50/300, Loss: -1.5906, Obj: -2.7132, Eq Viol (l1): 0.000058, Ineq Viol (l1): 0.000000, Epoch time: 2.64s
Epoch 51/300, Loss: -1.8580, Obj: -2.8290, Eq Viol (l1): 0.000055, Ineq Viol (l1): 0.000000, Epoch time: 2.63s

Running validation at epoch 50...

VALIDATION_EPOCH_50 EVALUATION RESULTS:
==================================================
Objective Value:     -3.056887e+00
True Objective:      -2.413704e+00
Optimality Gap:      -4.716705e+00 ± 2.060613e+00
Eq Violation l1:   6.060616e-05 (max: 2.386862e-03)
Ineq Violation l1: 3.557183e-07 (max: 2.793157e-05)
Solution Distance:   8.438334e+01 ± 1.831834e+00
Merit:             -3.056278e+00 ± 7.949273e-03
Avg Inference Time:  0.0734s
==================================================
Epoch 52/300, Loss: -1.9258, Obj: -2.8123, Eq Viol (l1): 0.000049, Ineq Viol (l1): 0.000000, Epoch time: 2.64s
Epoch 53/300, Loss: -1.8455, Obj: -2.8201, Eq Viol (l1): 0.000056, Ineq Viol (l1): 0.000000, Epoch time: 2.63s
Epoch 54/300, Loss: -1.8664, Obj: -2.8088, Eq Viol (l1): 0.000051, Ineq Viol (l1): 0.000000, Epoch time: 2.63s
Epoch 55/300, Loss: -1.8740, Obj: -2.7876, Eq Viol (l1): 0.000053, Ineq Viol (l1): 0.000000, Epoch time: 2.64s
Epoch 56/300, Loss: -2.0524, Obj: -2.8551, Eq Viol (l1): 0.000049, Ineq Viol (l1): 0.000000, Epoch time: 2.64s
Epoch 57/300, Loss: -2.0813, Obj: -2.8591, Eq Viol (l1): 0.000052, Ineq Viol (l1): 0.000000, Epoch time: 2.62s
Epoch 58/300, Loss: -2.0824, Obj: -2.8890, Eq Viol (l1): 0.000050, Ineq Viol (l1): 0.000001, Epoch time: 2.63s
Epoch 59/300, Loss: -2.0184, Obj: -2.8553, Eq Viol (l1): 0.000057, Ineq Viol (l1): 0.000000, Epoch time: 2.62s
Epoch 60/300, Loss: -2.0526, Obj: -2.8974, Eq Viol (l1): 0.000052, Ineq Viol (l1): 0.000000, Epoch time: 2.64s
Epoch 61/300, Loss: -1.9658, Obj: -2.8489, Eq Viol (l1): 0.000051, Ineq Viol (l1): 0.000001, Epoch time: 2.62s

Running validation at epoch 60...

VALIDATION_EPOCH_60 EVALUATION RESULTS:
==================================================
Objective Value:     -2.980751e+00
True Objective:      -2.413704e+00
Optimality Gap:      -4.562682e+00 ± 1.969912e+00
Eq Violation l1:   2.606193e-05 (max: 2.286346e-03)
Ineq Violation l1: 2.281511e-07 (max: 4.575696e-05)
Solution Distance:   8.389192e+01 ± 1.848569e+00
Merit:             -2.980489e+00 ± 1.012368e-02
Avg Inference Time:  0.0820s
==================================================
Epoch 62/300, Loss: -1.8112, Obj: -2.8110, Eq Viol (l1): 0.000048, Ineq Viol (l1): 0.000000, Epoch time: 2.65s
Epoch 63/300, Loss: -1.9875, Obj: -2.8516, Eq Viol (l1): 0.000050, Ineq Viol (l1): 0.000000, Epoch time: 2.63s
Epoch 64/300, Loss: -2.1765, Obj: -2.9114, Eq Viol (l1): 0.000060, Ineq Viol (l1): 0.000001, Epoch time: 2.61s
Epoch 65/300, Loss: -2.1706, Obj: -2.9321, Eq Viol (l1): 0.000051, Ineq Viol (l1): 0.000000, Epoch time: 2.62s
Epoch 66/300, Loss: -2.2053, Obj: -2.9327, Eq Viol (l1): 0.000048, Ineq Viol (l1): 0.000001, Epoch time: 2.65s
Epoch 67/300, Loss: -2.1617, Obj: -2.9148, Eq Viol (l1): 0.000053, Ineq Viol (l1): 0.000000, Epoch time: 2.63s
Epoch 68/300, Loss: -2.1793, Obj: -2.9206, Eq Viol (l1): 0.000045, Ineq Viol (l1): 0.000000, Epoch time: 2.74s
Epoch 69/300, Loss: -2.1662, Obj: -2.8954, Eq Viol (l1): 0.000051, Ineq Viol (l1): 0.000000, Epoch time: 2.62s
Epoch 70/300, Loss: -2.2398, Obj: -2.9501, Eq Viol (l1): 0.000058, Ineq Viol (l1): 0.000001, Epoch time: 2.61s
Epoch 71/300, Loss: -2.0326, Obj: -2.8378, Eq Viol (l1): 0.000044, Ineq Viol (l1): 0.000000, Epoch time: 2.63s

Running validation at epoch 70...

VALIDATION_EPOCH_70 EVALUATION RESULTS:
==================================================
Objective Value:     -2.988179e+00
True Objective:      -2.413704e+00
Optimality Gap:      -4.598728e+00 ± 2.010923e+00
Eq Violation l1:   3.788183e-05 (max: 2.327249e-03)
Ineq Violation l1: 2.650375e-07 (max: 4.175598e-05)
Solution Distance:   8.427743e+01 ± 1.867708e+00
Merit:             -2.987797e+00 ± 1.203083e-02
Avg Inference Time:  0.0769s
==================================================
Epoch 72/300, Loss: -2.1011, Obj: -2.9029, Eq Viol (l1): 0.000052, Ineq Viol (l1): 0.000000, Epoch time: 2.63s
Epoch 73/300, Loss: -2.0754, Obj: -2.9087, Eq Viol (l1): 0.000055, Ineq Viol (l1): 0.000001, Epoch time: 2.62s
Epoch 74/300, Loss: -2.1487, Obj: -2.9067, Eq Viol (l1): 0.000058, Ineq Viol (l1): 0.000000, Epoch time: 2.60s
Epoch 75/300, Loss: -2.1767, Obj: -2.8933, Eq Viol (l1): 0.000049, Ineq Viol (l1): 0.000000, Epoch time: 2.62s
Epoch 76/300, Loss: -2.1217, Obj: -2.9269, Eq Viol (l1): 0.000051, Ineq Viol (l1): 0.000001, Epoch time: 2.63s
Epoch 77/300, Loss: -2.0451, Obj: -2.8881, Eq Viol (l1): 0.000056, Ineq Viol (l1): 0.000001, Epoch time: 2.60s
Epoch 78/300, Loss: -2.2506, Obj: -2.9591, Eq Viol (l1): 0.000049, Ineq Viol (l1): 0.000001, Epoch time: 2.64s
Epoch 79/300, Loss: -2.3474, Obj: -2.9773, Eq Viol (l1): 0.000059, Ineq Viol (l1): 0.000000, Epoch time: 2.60s
Epoch 80/300, Loss: -2.3422, Obj: -2.9883, Eq Viol (l1): 0.000060, Ineq Viol (l1): 0.000001, Epoch time: 2.60s
Epoch 81/300, Loss: -2.2727, Obj: -2.9363, Eq Viol (l1): 0.000053, Ineq Viol (l1): 0.000000, Epoch time: 2.61s

Running validation at epoch 80...

VALIDATION_EPOCH_80 EVALUATION RESULTS:
==================================================
Objective Value:     -3.097571e+00
True Objective:      -2.413704e+00
Optimality Gap:      -4.761732e+00 ± 2.036566e+00
Eq Violation l1:   3.631218e-05 (max: 1.618452e-03)
Ineq Violation l1: 3.253549e-07 (max: 8.463390e-05)
Solution Distance:   8.366859e+01 ± 1.837442e+00
Merit:             -3.097204e+00 ± 1.221966e-02
Avg Inference Time:  0.0780s
==================================================
Epoch 82/300, Loss: -2.3160, Obj: -2.9765, Eq Viol (l1): 0.000056, Ineq Viol (l1): 0.000001, Epoch time: 2.61s
Epoch 83/300, Loss: -2.2319, Obj: -2.9339, Eq Viol (l1): 0.000053, Ineq Viol (l1): 0.000000, Epoch time: 2.62s
Epoch 84/300, Loss: -2.1887, Obj: -2.9039, Eq Viol (l1): 0.000043, Ineq Viol (l1): 0.000000, Epoch time: 2.64s
Epoch 85/300, Loss: -2.2750, Obj: -2.9502, Eq Viol (l1): 0.000054, Ineq Viol (l1): 0.000000, Epoch time: 2.61s
Epoch 86/300, Loss: -2.3591, Obj: -2.9690, Eq Viol (l1): 0.000052, Ineq Viol (l1): 0.000000, Epoch time: 2.61s
Epoch 87/300, Loss: -2.2912, Obj: -2.9425, Eq Viol (l1): 0.000053, Ineq Viol (l1): 0.000000, Epoch time: 2.61s
Epoch 88/300, Loss: -2.2765, Obj: -2.9767, Eq Viol (l1): 0.000062, Ineq Viol (l1): 0.000000, Epoch time: 2.60s
Epoch 89/300, Loss: -2.2117, Obj: -2.9688, Eq Viol (l1): 0.000058, Ineq Viol (l1): 0.000000, Epoch time: 2.62s
Epoch 90/300, Loss: -2.1995, Obj: -2.9201, Eq Viol (l1): 0.000053, Ineq Viol (l1): 0.000000, Epoch time: 2.62s
Epoch 91/300, Loss: -2.2173, Obj: -2.9353, Eq Viol (l1): 0.000058, Ineq Viol (l1): 0.000001, Epoch time: 2.60s

Running validation at epoch 90...

VALIDATION_EPOCH_90 EVALUATION RESULTS:
==================================================
Objective Value:     -3.042516e+00
True Objective:      -2.413704e+00
Optimality Gap:      -4.690831e+00 ± 2.045369e+00
Eq Violation l1:   4.560221e-05 (max: 2.166288e-03)
Ineq Violation l1: 3.380584e-07 (max: 7.824121e-05)
Solution Distance:   8.463641e+01 ± 1.879086e+00
Merit:             -3.042056e+00 ± 6.256329e-03
Avg Inference Time:  0.0793s
==================================================
Epoch 92/300, Loss: -2.3073, Obj: -2.9658, Eq Viol (l1): 0.000057, Ineq Viol (l1): 0.000000, Epoch time: 2.61s
Epoch 93/300, Loss: -2.3469, Obj: -2.9835, Eq Viol (l1): 0.000056, Ineq Viol (l1): 0.000001, Epoch time: 2.62s
Epoch 94/300, Loss: -2.3451, Obj: -2.9793, Eq Viol (l1): 0.000049, Ineq Viol (l1): 0.000000, Epoch time: 2.62s
Epoch 95/300, Loss: -2.3616, Obj: -2.9505, Eq Viol (l1): 0.000045, Ineq Viol (l1): 0.000000, Epoch time: 2.62s
Epoch 96/300, Loss: -2.3553, Obj: -2.9834, Eq Viol (l1): 0.000046, Ineq Viol (l1): 0.000000, Epoch time: 2.63s
Epoch 97/300, Loss: -2.3560, Obj: -2.9679, Eq Viol (l1): 0.000055, Ineq Viol (l1): 0.000000, Epoch time: 2.60s
Epoch 98/300, Loss: -2.3343, Obj: -2.9816, Eq Viol (l1): 0.000060, Ineq Viol (l1): 0.000000, Epoch time: 2.60s
Epoch 99/300, Loss: -2.3580, Obj: -2.9830, Eq Viol (l1): 0.000056, Ineq Viol (l1): 0.000000, Epoch time: 2.61s
Epoch 100/300, Loss: -2.3278, Obj: -2.9560, Eq Viol (l1): 0.000049, Ineq Viol (l1): 0.000000, Epoch time: 2.73s
Epoch 101/300, Loss: -2.3525, Obj: -2.9848, Eq Viol (l1): 0.000052, Ineq Viol (l1): 0.000000, Epoch time: 2.62s

Running validation at epoch 100...

VALIDATION_EPOCH_100 EVALUATION RESULTS:
==================================================
Objective Value:     -3.108844e+00
True Objective:      -2.413704e+00
Optimality Gap:      -4.796396e+00 ± 2.062069e+00
Eq Violation l1:   3.698434e-05 (max: 1.928642e-03)
Ineq Violation l1: 3.254531e-07 (max: 6.733020e-05)
Solution Distance:   8.398385e+01 ± 1.877055e+00
Merit:             -3.108471e+00 ± 1.201412e-02
Avg Inference Time:  0.0769s
==================================================
Epoch 102/300, Loss: -2.3986, Obj: -3.0229, Eq Viol (l1): 0.000050, Ineq Viol (l1): 0.000000, Epoch time: 2.65s
Epoch 103/300, Loss: -2.3340, Obj: -2.9679, Eq Viol (l1): 0.000053, Ineq Viol (l1): 0.000000, Epoch time: 2.59s
Epoch 104/300, Loss: -2.2674, Obj: -2.9207, Eq Viol (l1): 0.000050, Ineq Viol (l1): 0.000000, Epoch time: 2.64s
Epoch 105/300, Loss: -2.2235, Obj: -2.9872, Eq Viol (l1): 0.000054, Ineq Viol (l1): 0.000000, Epoch time: 2.64s
Epoch 106/300, Loss: -2.3775, Obj: -3.0098, Eq Viol (l1): 0.000056, Ineq Viol (l1): 0.000000, Epoch time: 2.62s
Epoch 107/300, Loss: -2.4397, Obj: -3.0256, Eq Viol (l1): 0.000057, Ineq Viol (l1): 0.000001, Epoch time: 2.61s
Epoch 108/300, Loss: -2.4423, Obj: -3.0127, Eq Viol (l1): 0.000045, Ineq Viol (l1): 0.000000, Epoch time: 2.63s
Epoch 109/300, Loss: -2.3270, Obj: -2.9896, Eq Viol (l1): 0.000049, Ineq Viol (l1): 0.000000, Epoch time: 2.65s
Epoch 110/300, Loss: -2.3027, Obj: -2.9513, Eq Viol (l1): 0.000060, Ineq Viol (l1): 0.000001, Epoch time: 2.61s
Epoch 111/300, Loss: -2.3260, Obj: -2.9742, Eq Viol (l1): 0.000063, Ineq Viol (l1): 0.000000, Epoch time: 2.61s

Running validation at epoch 110...

VALIDATION_EPOCH_110 EVALUATION RESULTS:
==================================================
Objective Value:     -3.030912e+00
True Objective:      -2.413704e+00
Optimality Gap:      -4.676206e+00 ± 2.017744e+00
Eq Violation l1:   5.758215e-05 (max: 1.497930e-03)
Ineq Violation l1: 3.184375e-07 (max: 1.997335e-05)
Solution Distance:   8.393325e+01 ± 1.840518e+00
Merit:             -3.030333e+00 ± 1.110300e-02
Avg Inference Time:  0.0731s
==================================================
Epoch 112/300, Loss: -2.4125, Obj: -2.9958, Eq Viol (l1): 0.000055, Ineq Viol (l1): 0.000000, Epoch time: 2.63s
Epoch 113/300, Loss: -2.4389, Obj: -2.9848, Eq Viol (l1): 0.000050, Ineq Viol (l1): 0.000000, Epoch time: 2.61s
Epoch 114/300, Loss: -2.3551, Obj: -2.9824, Eq Viol (l1): 0.000059, Ineq Viol (l1): 0.000001, Epoch time: 2.60s
Epoch 115/300, Loss: -2.3501, Obj: -2.9672, Eq Viol (l1): 0.000054, Ineq Viol (l1): 0.000000, Epoch time: 2.60s
Epoch 116/300, Loss: -2.3286, Obj: -2.9832, Eq Viol (l1): 0.000060, Ineq Viol (l1): 0.000000, Epoch time: 2.62s
Epoch 117/300, Loss: -2.4518, Obj: -3.0222, Eq Viol (l1): 0.000053, Ineq Viol (l1): 0.000000, Epoch time: 2.61s
Epoch 118/300, Loss: -2.2964, Obj: -2.9523, Eq Viol (l1): 0.000054, Ineq Viol (l1): 0.000000, Epoch time: 2.63s
Epoch 119/300, Loss: -2.3372, Obj: -2.9922, Eq Viol (l1): 0.000049, Ineq Viol (l1): 0.000000, Epoch time: 2.62s
Epoch 120/300, Loss: -2.4647, Obj: -3.0300, Eq Viol (l1): 0.000055, Ineq Viol (l1): 0.000001, Epoch time: 2.60s
Epoch 121/300, Loss: -2.4843, Obj: -3.0185, Eq Viol (l1): 0.000056, Ineq Viol (l1): 0.000000, Epoch time: 2.60s

Running validation at epoch 120...

VALIDATION_EPOCH_120 EVALUATION RESULTS:
==================================================
Objective Value:     -3.203154e+00
True Objective:      -2.413704e+00
Optimality Gap:      -4.960249e+00 ± 2.132905e+00
Eq Violation l1:   4.489369e-05 (max: 2.454389e-03)
Ineq Violation l1: 7.539916e-07 (max: 2.766158e-04)
Solution Distance:   8.362091e+01 ± 1.853374e+00
Merit:             -3.202698e+00 ± 1.261338e-02
Avg Inference Time:  0.0758s
==================================================
Epoch 122/300, Loss: -2.5141, Obj: -3.0482, Eq Viol (l1): 0.000060, Ineq Viol (l1): 0.000000, Epoch time: 2.59s
Epoch 123/300, Loss: -2.5042, Obj: -3.0506, Eq Viol (l1): 0.000054, Ineq Viol (l1): 0.000000, Epoch time: 2.63s
Epoch 124/300, Loss: -2.2514, Obj: -2.9321, Eq Viol (l1): 0.000053, Ineq Viol (l1): 0.000000, Epoch time: 2.63s
Epoch 125/300, Loss: -2.3824, Obj: -2.9773, Eq Viol (l1): 0.000049, Ineq Viol (l1): 0.000000, Epoch time: 2.63s
Epoch 126/300, Loss: -2.3784, Obj: -3.0145, Eq Viol (l1): 0.000061, Ineq Viol (l1): 0.000000, Epoch time: 2.60s
Epoch 127/300, Loss: -2.3388, Obj: -2.9970, Eq Viol (l1): 0.000057, Ineq Viol (l1): 0.000000, Epoch time: 2.62s
Epoch 128/300, Loss: -2.5089, Obj: -3.0304, Eq Viol (l1): 0.000062, Ineq Viol (l1): 0.000000, Epoch time: 2.60s
Epoch 129/300, Loss: -2.4152, Obj: -2.9897, Eq Viol (l1): 0.000059, Ineq Viol (l1): 0.000000, Epoch time: 2.58s
Epoch 130/300, Loss: -2.4780, Obj: -3.0298, Eq Viol (l1): 0.000066, Ineq Viol (l1): 0.000001, Epoch time: 2.58s
Epoch 131/300, Loss: -2.4231, Obj: -3.0257, Eq Viol (l1): 0.000051, Ineq Viol (l1): 0.000000, Epoch time: 2.62s

Running validation at epoch 130...

VALIDATION_EPOCH_130 EVALUATION RESULTS:
==================================================
Objective Value:     -2.933893e+00
True Objective:      -2.413704e+00
Optimality Gap:      -4.483300e+00 ± 1.936906e+00
Eq Violation l1:   3.542016e-05 (max: 2.402447e-03)
Ineq Violation l1: 3.368236e-07 (max: 8.933823e-05)
Solution Distance:   8.459206e+01 ± 1.883444e+00
Merit:             -2.933536e+00 ± 8.659533e-03
Avg Inference Time:  0.0767s
==================================================
Epoch 132/300, Loss: -2.4111, Obj: -2.9709, Eq Viol (l1): 0.000061, Ineq Viol (l1): 0.000000, Epoch time: 2.68s
Epoch 133/300, Loss: -2.3799, Obj: -2.9893, Eq Viol (l1): 0.000056, Ineq Viol (l1): 0.000000, Epoch time: 2.61s
Epoch 134/300, Loss: -2.4736, Obj: -3.0166, Eq Viol (l1): 0.000057, Ineq Viol (l1): 0.000000, Epoch time: 2.60s
Epoch 135/300, Loss: -2.5494, Obj: -3.0354, Eq Viol (l1): 0.000049, Ineq Viol (l1): 0.000000, Epoch time: 2.62s
Epoch 136/300, Loss: -2.5105, Obj: -3.0683, Eq Viol (l1): 0.000055, Ineq Viol (l1): 0.000000, Epoch time: 2.61s
Epoch 137/300, Loss: -2.4498, Obj: -3.0391, Eq Viol (l1): 0.000060, Ineq Viol (l1): 0.000000, Epoch time: 2.60s
Epoch 138/300, Loss: -2.6013, Obj: -3.0718, Eq Viol (l1): 0.000058, Ineq Viol (l1): 0.000000, Epoch time: 2.60s
Epoch 139/300, Loss: -2.5973, Obj: -3.0882, Eq Viol (l1): 0.000054, Ineq Viol (l1): 0.000000, Epoch time: 2.61s
Epoch 140/300, Loss: -2.5720, Obj: -3.0531, Eq Viol (l1): 0.000059, Ineq Viol (l1): 0.000000, Epoch time: 2.59s
Epoch 141/300, Loss: -2.5745, Obj: -3.0738, Eq Viol (l1): 0.000054, Ineq Viol (l1): 0.000001, Epoch time: 2.61s

Running validation at epoch 140...

VALIDATION_EPOCH_140 EVALUATION RESULTS:
==================================================
Objective Value:     -3.207752e+00
True Objective:      -2.413704e+00
Optimality Gap:      -4.957274e+00 ± 2.121412e+00
Eq Violation l1:   4.670317e-05 (max: 2.177592e-03)
Ineq Violation l1: 2.122111e-07 (max: 4.070780e-05)
Solution Distance:   8.384672e+01 ± 1.866452e+00
Merit:             -3.207283e+00 ± 1.247407e-02
Avg Inference Time:  0.0769s
==================================================
Epoch 142/300, Loss: -2.5454, Obj: -3.0767, Eq Viol (l1): 0.000054, Ineq Viol (l1): 0.000001, Epoch time: 2.63s
Epoch 143/300, Loss: -2.4842, Obj: -3.0392, Eq Viol (l1): 0.000054, Ineq Viol (l1): 0.000000, Epoch time: 2.62s
Epoch 144/300, Loss: -2.3320, Obj: -2.9891, Eq Viol (l1): 0.000046, Ineq Viol (l1): 0.000000, Epoch time: 2.64s
Epoch 145/300, Loss: -2.3799, Obj: -2.9823, Eq Viol (l1): 0.000049, Ineq Viol (l1): 0.000001, Epoch time: 2.61s
Epoch 146/300, Loss: -2.2378, Obj: -2.9277, Eq Viol (l1): 0.000051, Ineq Viol (l1): 0.000000, Epoch time: 2.63s
Epoch 147/300, Loss: -2.3575, Obj: -2.9926, Eq Viol (l1): 0.000056, Ineq Viol (l1): 0.000000, Epoch time: 2.62s
Epoch 148/300, Loss: -2.3454, Obj: -2.9417, Eq Viol (l1): 0.000063, Ineq Viol (l1): 0.000000, Epoch time: 2.59s
Epoch 149/300, Loss: -2.3965, Obj: -2.9710, Eq Viol (l1): 0.000068, Ineq Viol (l1): 0.000001, Epoch time: 2.59s
Epoch 150/300, Loss: -2.4663, Obj: -2.9943, Eq Viol (l1): 0.000058, Ineq Viol (l1): 0.000000, Epoch time: 2.59s
Epoch 151/300, Loss: -2.4159, Obj: -3.0189, Eq Viol (l1): 0.000050, Ineq Viol (l1): 0.000000, Epoch time: 2.63s

Running validation at epoch 150...

VALIDATION_EPOCH_150 EVALUATION RESULTS:
==================================================
Objective Value:     -3.071311e+00
True Objective:      -2.413704e+00
Optimality Gap:      -4.760285e+00 ± 2.070382e+00
Eq Violation l1:   4.367851e-05 (max: 2.758367e-03)
Ineq Violation l1: 3.247114e-07 (max: 4.215523e-05)
Solution Distance:   8.449907e+01 ± 1.832568e+00
Merit:             -3.070871e+00 ± 1.307261e-03
Avg Inference Time:  0.0761s
==================================================
Epoch 152/300, Loss: -2.4356, Obj: -3.0268, Eq Viol (l1): 0.000054, Ineq Viol (l1): 0.000000, Epoch time: 2.61s
Epoch 153/300, Loss: -2.3971, Obj: -3.0274, Eq Viol (l1): 0.000056, Ineq Viol (l1): 0.000000, Epoch time: 2.62s
Epoch 154/300, Loss: -1.7800, Obj: -2.8671, Eq Viol (l1): 0.000060, Ineq Viol (l1): 0.000000, Epoch time: 2.62s
Epoch 155/300, Loss: -2.3355, Obj: -2.9685, Eq Viol (l1): 0.000052, Ineq Viol (l1): 0.000000, Epoch time: 2.62s
Epoch 156/300, Loss: -2.5225, Obj: -3.0399, Eq Viol (l1): 0.000059, Ineq Viol (l1): 0.000000, Epoch time: 2.59s
Epoch 157/300, Loss: -2.6126, Obj: -3.0830, Eq Viol (l1): 0.000057, Ineq Viol (l1): 0.000000, Epoch time: 2.60s
Epoch 158/300, Loss: -2.5870, Obj: -3.0860, Eq Viol (l1): 0.000059, Ineq Viol (l1): 0.000001, Epoch time: 2.62s
Epoch 159/300, Loss: -2.4731, Obj: -2.9948, Eq Viol (l1): 0.000049, Ineq Viol (l1): 0.000000, Epoch time: 2.62s
Epoch 160/300, Loss: -2.5549, Obj: -3.0419, Eq Viol (l1): 0.000067, Ineq Viol (l1): 0.000000, Epoch time: 2.57s
Epoch 161/300, Loss: -2.5496, Obj: -3.0400, Eq Viol (l1): 0.000049, Ineq Viol (l1): 0.000000, Epoch time: 2.62s

Running validation at epoch 160...

VALIDATION_EPOCH_160 EVALUATION RESULTS:
==================================================
Objective Value:     -3.131270e+00
True Objective:      -2.413704e+00
Optimality Gap:      -4.808428e+00 ± 2.059957e+00
Eq Violation l1:   4.266238e-05 (max: 2.976298e-03)
Ineq Violation l1: 6.426488e-07 (max: 1.879270e-04)
Solution Distance:   8.401826e+01 ± 1.838419e+00
Merit:             -3.130837e+00 ± 1.161138e-02
Avg Inference Time:  0.0782s
==================================================
Epoch 162/300, Loss: -2.6259, Obj: -3.0892, Eq Viol (l1): 0.000059, Ineq Viol (l1): 0.000001, Epoch time: 2.59s
Epoch 163/300, Loss: -2.5598, Obj: -3.0503, Eq Viol (l1): 0.000060, Ineq Viol (l1): 0.000000, Epoch time: 2.60s
Epoch 164/300, Loss: -2.4624, Obj: -3.0254, Eq Viol (l1): 0.000051, Ineq Viol (l1): 0.000000, Epoch time: 2.64s
Epoch 165/300, Loss: -2.4622, Obj: -3.0441, Eq Viol (l1): 0.000058, Ineq Viol (l1): 0.000000, Epoch time: 2.60s
Epoch 166/300, Loss: -2.4384, Obj: -3.0071, Eq Viol (l1): 0.000054, Ineq Viol (l1): 0.000000, Epoch time: 2.72s
Epoch 167/300, Loss: -2.4148, Obj: -3.0229, Eq Viol (l1): 0.000063, Ineq Viol (l1): 0.000001, Epoch time: 2.58s
Epoch 168/300, Loss: -2.5210, Obj: -3.0487, Eq Viol (l1): 0.000056, Ineq Viol (l1): 0.000000, Epoch time: 2.60s
Epoch 169/300, Loss: -2.3770, Obj: -3.0621, Eq Viol (l1): 0.000061, Ineq Viol (l1): 0.000000, Epoch time: 2.62s
Epoch 170/300, Loss: -2.5030, Obj: -3.0238, Eq Viol (l1): 0.000046, Ineq Viol (l1): 0.000000, Epoch time: 2.63s
Epoch 171/300, Loss: -2.4732, Obj: -2.9822, Eq Viol (l1): 0.000052, Ineq Viol (l1): 0.000001, Epoch time: 2.61s

Running validation at epoch 170...

VALIDATION_EPOCH_170 EVALUATION RESULTS:
==================================================
Objective Value:     -3.015284e+00
True Objective:      -2.413704e+00
Optimality Gap:      -4.659369e+00 ± 2.022634e+00
Eq Violation l1:   4.760473e-05 (max: 2.370255e-03)
Ineq Violation l1: 4.276486e-07 (max: 7.102338e-05)
Solution Distance:   8.487835e+01 ± 1.843800e+00
Merit:             -3.014804e+00 ± 4.413654e-03
Avg Inference Time:  0.0708s
==================================================
Epoch 172/300, Loss: -2.5229, Obj: -3.0602, Eq Viol (l1): 0.000052, Ineq Viol (l1): 0.000000, Epoch time: 2.62s
Epoch 173/300, Loss: -2.5485, Obj: -3.0383, Eq Viol (l1): 0.000048, Ineq Viol (l1): 0.000000, Epoch time: 2.62s
Epoch 174/300, Loss: -2.5519, Obj: -3.0681, Eq Viol (l1): 0.000052, Ineq Viol (l1): 0.000000, Epoch time: 2.63s
Epoch 175/300, Loss: -2.5968, Obj: -3.0844, Eq Viol (l1): 0.000052, Ineq Viol (l1): 0.000000, Epoch time: 2.60s
Epoch 176/300, Loss: -2.6509, Obj: -3.0819, Eq Viol (l1): 0.000058, Ineq Viol (l1): 0.000000, Epoch time: 2.59s
Epoch 177/300, Loss: -2.6325, Obj: -3.0825, Eq Viol (l1): 0.000061, Ineq Viol (l1): 0.000000, Epoch time: 2.58s
Epoch 178/300, Loss: -2.6325, Obj: -3.0862, Eq Viol (l1): 0.000051, Ineq Viol (l1): 0.000000, Epoch time: 2.61s
Epoch 179/300, Loss: -2.5710, Obj: -3.0701, Eq Viol (l1): 0.000061, Ineq Viol (l1): 0.000000, Epoch time: 2.58s
Epoch 180/300, Loss: -2.6489, Obj: -3.0902, Eq Viol (l1): 0.000067, Ineq Viol (l1): 0.000001, Epoch time: 2.57s
Epoch 181/300, Loss: -2.6204, Obj: -3.0742, Eq Viol (l1): 0.000067, Ineq Viol (l1): 0.000000, Epoch time: 2.56s

Running validation at epoch 180...

VALIDATION_EPOCH_180 EVALUATION RESULTS:
==================================================
Objective Value:     -3.209912e+00
True Objective:      -2.413704e+00
Optimality Gap:      -4.943257e+00 ± 2.121830e+00
Eq Violation l1:   4.788999e-05 (max: 3.168212e-03)
Ineq Violation l1: 2.259803e-07 (max: 2.422782e-05)
Solution Distance:   8.370689e+01 ± 1.862957e+00
Merit:             -3.209431e+00 ± 1.445150e-02
Avg Inference Time:  0.0731s
==================================================
Epoch 182/300, Loss: -2.6526, Obj: -3.0891, Eq Viol (l1): 0.000064, Ineq Viol (l1): 0.000001, Epoch time: 2.58s
Epoch 183/300, Loss: -2.5367, Obj: -3.0624, Eq Viol (l1): 0.000059, Ineq Viol (l1): 0.000000, Epoch time: 2.58s
Epoch 184/300, Loss: -2.6138, Obj: -3.0780, Eq Viol (l1): 0.000058, Ineq Viol (l1): 0.000000, Epoch time: 2.59s
Epoch 185/300, Loss: -2.6812, Obj: -3.1112, Eq Viol (l1): 0.000056, Ineq Viol (l1): 0.000000, Epoch time: 2.60s
Epoch 186/300, Loss: -2.6651, Obj: -3.0905, Eq Viol (l1): 0.000061, Ineq Viol (l1): 0.000000, Epoch time: 2.59s
Epoch 187/300, Loss: -2.6499, Obj: -3.0913, Eq Viol (l1): 0.000052, Ineq Viol (l1): 0.000000, Epoch time: 2.60s
Epoch 188/300, Loss: -2.4526, Obj: -3.0604, Eq Viol (l1): 0.000059, Ineq Viol (l1): 0.000001, Epoch time: 2.62s
Epoch 189/300, Loss: -2.5506, Obj: -3.0690, Eq Viol (l1): 0.000052, Ineq Viol (l1): 0.000000, Epoch time: 2.62s
Epoch 190/300, Loss: -2.4969, Obj: -3.0181, Eq Viol (l1): 0.000052, Ineq Viol (l1): 0.000000, Epoch time: 2.62s
Epoch 191/300, Loss: -2.5782, Obj: -3.0622, Eq Viol (l1): 0.000055, Ineq Viol (l1): 0.000000, Epoch time: 2.60s

Running validation at epoch 190...

VALIDATION_EPOCH_190 EVALUATION RESULTS:
==================================================
Objective Value:     -2.966198e+00
True Objective:      -2.413704e+00
Optimality Gap:      -4.482532e+00 ± 1.905720e+00
Eq Violation l1:   4.976771e-05 (max: 1.811358e-03)
Ineq Violation l1: 2.876955e-07 (max: 2.971199e-05)
Solution Distance:   8.445549e+01 ± 1.919933e+00
Merit:             -2.965698e+00 ± 1.005848e-02
Avg Inference Time:  0.0699s
==================================================
Epoch 192/300, Loss: -2.5417, Obj: -3.0490, Eq Viol (l1): 0.000060, Ineq Viol (l1): 0.000001, Epoch time: 2.60s
Epoch 193/300, Loss: -2.5423, Obj: -3.0442, Eq Viol (l1): 0.000049, Ineq Viol (l1): 0.000000, Epoch time: 2.63s
Epoch 194/300, Loss: -2.4473, Obj: -3.0107, Eq Viol (l1): 0.000052, Ineq Viol (l1): 0.000000, Epoch time: 2.62s
Epoch 195/300, Loss: -2.5778, Obj: -3.0661, Eq Viol (l1): 0.000057, Ineq Viol (l1): 0.000000, Epoch time: 2.61s
Epoch 196/300, Loss: -2.5719, Obj: -3.0754, Eq Viol (l1): 0.000060, Ineq Viol (l1): 0.000000, Epoch time: 2.60s
Epoch 197/300, Loss: -2.5873, Obj: -3.0538, Eq Viol (l1): 0.000055, Ineq Viol (l1): 0.000000, Epoch time: 2.59s
Epoch 198/300, Loss: -2.6172, Obj: -3.0899, Eq Viol (l1): 0.000058, Ineq Viol (l1): 0.000000, Epoch time: 2.59s
Epoch 199/300, Loss: -2.5962, Obj: -3.0774, Eq Viol (l1): 0.000052, Ineq Viol (l1): 0.000000, Epoch time: 2.70s
Epoch 200/300, Loss: -2.6130, Obj: -3.0711, Eq Viol (l1): 0.000062, Ineq Viol (l1): 0.000001, Epoch time: 2.58s
Epoch 201/300, Loss: -2.6628, Obj: -3.1129, Eq Viol (l1): 0.000060, Ineq Viol (l1): 0.000001, Epoch time: 2.60s

Running validation at epoch 200...

VALIDATION_EPOCH_200 EVALUATION RESULTS:
==================================================
Objective Value:     -3.086334e+00
True Objective:      -2.413704e+00
Optimality Gap:      -4.757822e+00 ± 2.075934e+00
Eq Violation l1:   5.551573e-05 (max: 2.589877e-03)
Ineq Violation l1: 3.677345e-07 (max: 6.827145e-05)
Solution Distance:   8.418215e+01 ± 1.851183e+00
Merit:             -3.085776e+00 ± 6.582122e-03
Avg Inference Time:  0.0707s
==================================================
Epoch 202/300, Loss: -2.5636, Obj: -3.1067, Eq Viol (l1): 0.000056, Ineq Viol (l1): 0.000000, Epoch time: 2.61s
Epoch 203/300, Loss: -2.5206, Obj: -2.9906, Eq Viol (l1): 0.000059, Ineq Viol (l1): 0.000000, Epoch time: 2.58s
Epoch 204/300, Loss: -2.6220, Obj: -3.0883, Eq Viol (l1): 0.000068, Ineq Viol (l1): 0.000001, Epoch time: 2.59s
Epoch 205/300, Loss: -2.6153, Obj: -3.0680, Eq Viol (l1): 0.000062, Ineq Viol (l1): 0.000000, Epoch time: 2.58s
Epoch 206/300, Loss: -2.6245, Obj: -3.0962, Eq Viol (l1): 0.000057, Ineq Viol (l1): 0.000000, Epoch time: 2.62s
Epoch 207/300, Loss: -2.6394, Obj: -3.0995, Eq Viol (l1): 0.000062, Ineq Viol (l1): 0.000000, Epoch time: 2.60s
Epoch 208/300, Loss: -2.6247, Obj: -3.0631, Eq Viol (l1): 0.000063, Ineq Viol (l1): 0.000000, Epoch time: 2.58s
Epoch 209/300, Loss: -2.5976, Obj: -3.0766, Eq Viol (l1): 0.000056, Ineq Viol (l1): 0.000000, Epoch time: 2.60s
Epoch 210/300, Loss: -2.5487, Obj: -3.0395, Eq Viol (l1): 0.000053, Ineq Viol (l1): 0.000000, Epoch time: 2.61s
Epoch 211/300, Loss: -2.5472, Obj: -3.0231, Eq Viol (l1): 0.000060, Ineq Viol (l1): 0.000000, Epoch time: 2.57s

Running validation at epoch 210...

VALIDATION_EPOCH_210 EVALUATION RESULTS:
==================================================
Objective Value:     -3.209963e+00
True Objective:      -2.413704e+00
Optimality Gap:      -4.964176e+00 ± 2.122636e+00
Eq Violation l1:   7.343773e-05 (max: 2.280801e-03)
Ineq Violation l1: 6.045617e-07 (max: 6.035365e-05)
Solution Distance:   8.387204e+01 ± 1.832621e+00
Merit:             -3.209223e+00 ± 1.301918e-02
Avg Inference Time:  0.0709s
==================================================
Epoch 212/300, Loss: -2.6765, Obj: -3.1054, Eq Viol (l1): 0.000059, Ineq Viol (l1): 0.000000, Epoch time: 2.58s
Epoch 213/300, Loss: -2.6267, Obj: -3.0867, Eq Viol (l1): 0.000050, Ineq Viol (l1): 0.000000, Epoch time: 2.61s
Epoch 214/300, Loss: -2.6551, Obj: -3.0929, Eq Viol (l1): 0.000057, Ineq Viol (l1): 0.000001, Epoch time: 2.59s
Epoch 215/300, Loss: -2.7152, Obj: -3.1192, Eq Viol (l1): 0.000050, Ineq Viol (l1): 0.000000, Epoch time: 2.61s
Epoch 216/300, Loss: -2.5412, Obj: -3.0788, Eq Viol (l1): 0.000047, Ineq Viol (l1): 0.000000, Epoch time: 2.63s
Epoch 217/300, Loss: -2.5512, Obj: -3.0323, Eq Viol (l1): 0.000055, Ineq Viol (l1): 0.000001, Epoch time: 2.60s
Epoch 218/300, Loss: -2.6655, Obj: -3.0971, Eq Viol (l1): 0.000058, Ineq Viol (l1): 0.000000, Epoch time: 2.61s
Epoch 219/300, Loss: -2.6815, Obj: -3.1028, Eq Viol (l1): 0.000059, Ineq Viol (l1): 0.000001, Epoch time: 2.59s
Epoch 220/300, Loss: -2.6561, Obj: -3.0906, Eq Viol (l1): 0.000064, Ineq Viol (l1): 0.000001, Epoch time: 2.57s
Epoch 221/300, Loss: -2.5625, Obj: -3.0639, Eq Viol (l1): 0.000052, Ineq Viol (l1): 0.000001, Epoch time: 2.63s

Running validation at epoch 220...

VALIDATION_EPOCH_220 EVALUATION RESULTS:
==================================================
Objective Value:     -3.086199e+00
True Objective:      -2.413704e+00
Optimality Gap:      -4.671739e+00 ± 1.946458e+00
Eq Violation l1:   3.565491e-05 (max: 1.460058e-03)
Ineq Violation l1: 2.363693e-07 (max: 1.990605e-05)
Solution Distance:   8.435001e+01 ± 1.786845e+00
Merit:             -3.085840e+00 ± 7.605579e-03
Avg Inference Time:  0.0760s
==================================================
Epoch 222/300, Loss: -2.4335, Obj: -3.0121, Eq Viol (l1): 0.000059, Ineq Viol (l1): 0.000000, Epoch time: 2.62s
Epoch 223/300, Loss: -2.6323, Obj: -3.0682, Eq Viol (l1): 0.000056, Ineq Viol (l1): 0.000000, Epoch time: 2.60s
Epoch 224/300, Loss: -2.7112, Obj: -3.1120, Eq Viol (l1): 0.000057, Ineq Viol (l1): 0.000001, Epoch time: 2.59s
Epoch 225/300, Loss: -2.6482, Obj: -3.0869, Eq Viol (l1): 0.000060, Ineq Viol (l1): 0.000001, Epoch time: 2.58s
Epoch 226/300, Loss: -2.6324, Obj: -3.1180, Eq Viol (l1): 0.000057, Ineq Viol (l1): 0.000000, Epoch time: 2.60s
Epoch 227/300, Loss: -2.5720, Obj: -3.0735, Eq Viol (l1): 0.000050, Ineq Viol (l1): 0.000000, Epoch time: 2.62s
Epoch 228/300, Loss: -2.4801, Obj: -3.0121, Eq Viol (l1): 0.000055, Ineq Viol (l1): 0.000001, Epoch time: 2.64s
Epoch 229/300, Loss: -2.5889, Obj: -3.0788, Eq Viol (l1): 0.000056, Ineq Viol (l1): 0.000001, Epoch time: 2.60s
Epoch 230/300, Loss: -2.5988, Obj: -3.0750, Eq Viol (l1): 0.000055, Ineq Viol (l1): 0.000000, Epoch time: 2.60s
Epoch 231/300, Loss: -2.6108, Obj: -3.0824, Eq Viol (l1): 0.000060, Ineq Viol (l1): 0.000001, Epoch time: 2.60s

Running validation at epoch 230...

VALIDATION_EPOCH_230 EVALUATION RESULTS:
==================================================
Objective Value:     -3.223213e+00
True Objective:      -2.413704e+00
Optimality Gap:      -4.988809e+00 ± 2.114407e+00
Eq Violation l1:   5.674373e-05 (max: 1.494037e-03)
Ineq Violation l1: 6.556200e-07 (max: 1.444610e-04)
Solution Distance:   8.342854e+01 ± 1.865363e+00
Merit:             -3.222639e+00 ± 8.418235e-03
Avg Inference Time:  0.0747s
==================================================
Epoch 232/300, Loss: -2.5113, Obj: -3.0332, Eq Viol (l1): 0.000060, Ineq Viol (l1): 0.000001, Epoch time: 2.60s
Epoch 233/300, Loss: -2.5864, Obj: -3.0643, Eq Viol (l1): 0.000049, Ineq Viol (l1): 0.000001, Epoch time: 2.72s
Epoch 234/300, Loss: -2.6440, Obj: -3.0867, Eq Viol (l1): 0.000054, Ineq Viol (l1): 0.000001, Epoch time: 2.61s
Epoch 235/300, Loss: -2.5890, Obj: -3.0740, Eq Viol (l1): 0.000061, Ineq Viol (l1): 0.000001, Epoch time: 2.58s
Epoch 236/300, Loss: -2.6499, Obj: -3.0823, Eq Viol (l1): 0.000070, Ineq Viol (l1): 0.000001, Epoch time: 2.58s
Epoch 237/300, Loss: -2.5600, Obj: -3.0615, Eq Viol (l1): 0.000053, Ineq Viol (l1): 0.000000, Epoch time: 2.64s
Epoch 238/300, Loss: -2.6572, Obj: -3.1003, Eq Viol (l1): 0.000075, Ineq Viol (l1): 0.000000, Epoch time: 2.56s
Epoch 239/300, Loss: -2.7075, Obj: -3.1105, Eq Viol (l1): 0.000059, Ineq Viol (l1): 0.000000, Epoch time: 2.59s
Epoch 240/300, Loss: -2.6978, Obj: -3.1101, Eq Viol (l1): 0.000061, Ineq Viol (l1): 0.000001, Epoch time: 2.59s
Epoch 241/300, Loss: -2.6700, Obj: -3.1152, Eq Viol (l1): 0.000064, Ineq Viol (l1): 0.000000, Epoch time: 2.59s

Running validation at epoch 240...

VALIDATION_EPOCH_240 EVALUATION RESULTS:
==================================================
Objective Value:     -3.158099e+00
True Objective:      -2.413704e+00
Optimality Gap:      -4.864912e+00 ± 2.076753e+00
Eq Violation l1:   5.101194e-05 (max: 2.128570e-03)
Ineq Violation l1: 3.294648e-07 (max: 3.403956e-05)
Solution Distance:   8.415594e+01 ± 1.877791e+00
Merit:             -3.157585e+00 ± 1.089821e-02
Avg Inference Time:  0.0731s
==================================================
Epoch 242/300, Loss: -2.6823, Obj: -3.1003, Eq Viol (l1): 0.000059, Ineq Viol (l1): 0.000001, Epoch time: 2.59s
Epoch 243/300, Loss: -2.5727, Obj: -3.0671, Eq Viol (l1): 0.000056, Ineq Viol (l1): 0.000000, Epoch time: 2.59s
Epoch 244/300, Loss: -2.6024, Obj: -3.0663, Eq Viol (l1): 0.000063, Ineq Viol (l1): 0.000000, Epoch time: 2.56s
Epoch 245/300, Loss: -2.5473, Obj: -3.0531, Eq Viol (l1): 0.000062, Ineq Viol (l1): 0.000001, Epoch time: 2.59s
Epoch 246/300, Loss: -2.5667, Obj: -3.0779, Eq Viol (l1): 0.000059, Ineq Viol (l1): 0.000000, Epoch time: 2.60s
Epoch 247/300, Loss: -2.6696, Obj: -3.1020, Eq Viol (l1): 0.000051, Ineq Viol (l1): 0.000000, Epoch time: 2.61s
Epoch 248/300, Loss: -2.5703, Obj: -3.0381, Eq Viol (l1): 0.000062, Ineq Viol (l1): 0.000001, Epoch time: 2.57s
Epoch 249/300, Loss: -2.6711, Obj: -3.1167, Eq Viol (l1): 0.000055, Ineq Viol (l1): 0.000000, Epoch time: 2.61s
Epoch 250/300, Loss: -2.6123, Obj: -3.0457, Eq Viol (l1): 0.000055, Ineq Viol (l1): 0.000000, Epoch time: 2.60s
Epoch 251/300, Loss: -2.5563, Obj: -3.0691, Eq Viol (l1): 0.000060, Ineq Viol (l1): 0.000001, Epoch time: 2.59s

Running validation at epoch 250...

VALIDATION_EPOCH_250 EVALUATION RESULTS:
==================================================
Objective Value:     -3.207031e+00
True Objective:      -2.413704e+00
Optimality Gap:      -4.987429e+00 ± 2.129690e+00
Eq Violation l1:   4.481620e-05 (max: 1.788639e-03)
Ineq Violation l1: 4.046199e-07 (max: 6.995901e-05)
Solution Distance:   8.388294e+01 ± 1.820592e+00
Merit:             -3.206579e+00 ± 1.088713e-02
Avg Inference Time:  0.0733s
==================================================
Epoch 252/300, Loss: -2.6710, Obj: -3.0984, Eq Viol (l1): 0.000072, Ineq Viol (l1): 0.000001, Epoch time: 2.56s
Epoch 253/300, Loss: -2.7258, Obj: -3.1168, Eq Viol (l1): 0.000053, Ineq Viol (l1): 0.000000, Epoch time: 2.61s
Epoch 254/300, Loss: -2.7276, Obj: -3.1303, Eq Viol (l1): 0.000059, Ineq Viol (l1): 0.000000, Epoch time: 2.59s
Epoch 255/300, Loss: -2.7263, Obj: -3.1147, Eq Viol (l1): 0.000061, Ineq Viol (l1): 0.000001, Epoch time: 2.59s
Epoch 256/300, Loss: -2.6520, Obj: -3.0680, Eq Viol (l1): 0.000055, Ineq Viol (l1): 0.000001, Epoch time: 2.59s
Epoch 257/300, Loss: -2.6599, Obj: -3.0981, Eq Viol (l1): 0.000060, Ineq Viol (l1): 0.000000, Epoch time: 2.59s
Epoch 258/300, Loss: -2.6633, Obj: -3.0683, Eq Viol (l1): 0.000060, Ineq Viol (l1): 0.000000, Epoch time: 2.58s
Epoch 259/300, Loss: -2.6506, Obj: -3.0783, Eq Viol (l1): 0.000063, Ineq Viol (l1): 0.000000, Epoch time: 2.57s
Epoch 260/300, Loss: -2.6812, Obj: -3.1151, Eq Viol (l1): 0.000060, Ineq Viol (l1): 0.000000, Epoch time: 2.60s
Epoch 261/300, Loss: -2.6040, Obj: -3.0691, Eq Viol (l1): 0.000058, Ineq Viol (l1): 0.000001, Epoch time: 2.60s

Running validation at epoch 260...

VALIDATION_EPOCH_260 EVALUATION RESULTS:
==================================================
Objective Value:     -3.189073e+00
True Objective:      -2.413704e+00
Optimality Gap:      -4.905342e+00 ± 2.089101e+00
Eq Violation l1:   5.558392e-05 (max: 1.943051e-03)
Ineq Violation l1: 3.707421e-07 (max: 3.410663e-05)
Solution Distance:   8.425412e+01 ± 1.953844e+00
Merit:             -3.188513e+00 ± 1.150358e-02
Avg Inference Time:  0.0720s
==================================================
Epoch 262/300, Loss: -2.6518, Obj: -3.0890, Eq Viol (l1): 0.000050, Ineq Viol (l1): 0.000000, Epoch time: 2.60s
Epoch 263/300, Loss: -2.6437, Obj: -3.0775, Eq Viol (l1): 0.000056, Ineq Viol (l1): 0.000000, Epoch time: 2.59s
Epoch 264/300, Loss: -2.6603, Obj: -3.1019, Eq Viol (l1): 0.000053, Ineq Viol (l1): 0.000001, Epoch time: 2.61s
Epoch 265/300, Loss: -2.6810, Obj: -3.0875, Eq Viol (l1): 0.000060, Ineq Viol (l1): 0.000001, Epoch time: 2.59s
Epoch 266/300, Loss: -2.6706, Obj: -3.1064, Eq Viol (l1): 0.000064, Ineq Viol (l1): 0.000001, Epoch time: 2.69s
Epoch 267/300, Loss: -2.6481, Obj: -3.1113, Eq Viol (l1): 0.000060, Ineq Viol (l1): 0.000000, Epoch time: 2.60s
Epoch 268/300, Loss: -2.6071, Obj: -3.0817, Eq Viol (l1): 0.000049, Ineq Viol (l1): 0.000000, Epoch time: 2.62s
Epoch 269/300, Loss: -2.6410, Obj: -3.0993, Eq Viol (l1): 0.000053, Ineq Viol (l1): 0.000000, Epoch time: 2.59s
Epoch 270/300, Loss: -2.7090, Obj: -3.1256, Eq Viol (l1): 0.000055, Ineq Viol (l1): 0.000000, Epoch time: 2.60s
Epoch 271/300, Loss: -2.7263, Obj: -3.1265, Eq Viol (l1): 0.000068, Ineq Viol (l1): 0.000001, Epoch time: 2.58s

Running validation at epoch 270...

VALIDATION_EPOCH_270 EVALUATION RESULTS:
==================================================
Objective Value:     -3.140432e+00
True Objective:      -2.413704e+00
Optimality Gap:      -4.813314e+00 ± 2.063473e+00
Eq Violation l1:   6.072025e-05 (max: 2.498937e-03)
Ineq Violation l1: 4.560805e-07 (max: 3.208842e-05)
Solution Distance:   8.388108e+01 ± 1.891036e+00
Merit:             -3.139820e+00 ± 1.254384e-02
Avg Inference Time:  0.0720s
==================================================
Epoch 272/300, Loss: -2.7012, Obj: -3.1063, Eq Viol (l1): 0.000061, Ineq Viol (l1): 0.000001, Epoch time: 2.57s
Epoch 273/300, Loss: -2.6491, Obj: -3.1213, Eq Viol (l1): 0.000059, Ineq Viol (l1): 0.000001, Epoch time: 2.61s
Epoch 274/300, Loss: -2.6779, Obj: -3.1187, Eq Viol (l1): 0.000063, Ineq Viol (l1): 0.000000, Epoch time: 2.59s
Epoch 275/300, Loss: -2.7516, Obj: -3.1284, Eq Viol (l1): 0.000061, Ineq Viol (l1): 0.000001, Epoch time: 2.58s
Epoch 276/300, Loss: -2.6995, Obj: -3.1248, Eq Viol (l1): 0.000056, Ineq Viol (l1): 0.000000, Epoch time: 2.60s
Epoch 277/300, Loss: -2.6730, Obj: -3.0806, Eq Viol (l1): 0.000054, Ineq Viol (l1): 0.000000, Epoch time: 2.59s
Epoch 278/300, Loss: -2.6559, Obj: -3.0993, Eq Viol (l1): 0.000068, Ineq Viol (l1): 0.000001, Epoch time: 2.57s
Epoch 279/300, Loss: -2.7324, Obj: -3.1284, Eq Viol (l1): 0.000060, Ineq Viol (l1): 0.000001, Epoch time: 2.58s
Epoch 280/300, Loss: -2.6370, Obj: -3.0909, Eq Viol (l1): 0.000070, Ineq Viol (l1): 0.000001, Epoch time: 2.56s
Epoch 281/300, Loss: -2.5728, Obj: -3.0402, Eq Viol (l1): 0.000063, Ineq Viol (l1): 0.000000, Epoch time: 2.59s

Running validation at epoch 280...

VALIDATION_EPOCH_280 EVALUATION RESULTS:
==================================================
Objective Value:     -3.233369e+00
True Objective:      -2.413704e+00
Optimality Gap:      -4.991832e+00 ± 2.119632e+00
Eq Violation l1:   4.846029e-05 (max: 2.216183e-03)
Ineq Violation l1: 6.145737e-07 (max: 1.765735e-04)
Solution Distance:   8.373697e+01 ± 1.890126e+00
Merit:             -3.232878e+00 ± 1.049056e-02
Avg Inference Time:  0.0732s
==================================================
Epoch 282/300, Loss: -2.7422, Obj: -3.1030, Eq Viol (l1): 0.000056, Ineq Viol (l1): 0.000000, Epoch time: 2.58s
Epoch 283/300, Loss: -2.6995, Obj: -3.1112, Eq Viol (l1): 0.000054, Ineq Viol (l1): 0.000000, Epoch time: 2.60s
Epoch 284/300, Loss: -2.6408, Obj: -3.0865, Eq Viol (l1): 0.000054, Ineq Viol (l1): 0.000001, Epoch time: 2.62s
Epoch 285/300, Loss: -2.6677, Obj: -3.0922, Eq Viol (l1): 0.000061, Ineq Viol (l1): 0.000000, Epoch time: 2.61s
Epoch 286/300, Loss: -2.6805, Obj: -3.1112, Eq Viol (l1): 0.000058, Ineq Viol (l1): 0.000001, Epoch time: 2.66s
Epoch 287/300, Loss: -2.6056, Obj: -3.0771, Eq Viol (l1): 0.000074, Ineq Viol (l1): 0.000001, Epoch time: 2.59s
Epoch 288/300, Loss: -2.7024, Obj: -3.0946, Eq Viol (l1): 0.000068, Ineq Viol (l1): 0.000001, Epoch time: 2.65s
Epoch 289/300, Loss: -2.7431, Obj: -3.1317, Eq Viol (l1): 0.000065, Ineq Viol (l1): 0.000000, Epoch time: 2.59s
Epoch 290/300, Loss: -2.4866, Obj: -3.0308, Eq Viol (l1): 0.000060, Ineq Viol (l1): 0.000000, Epoch time: 2.69s
Epoch 291/300, Loss: -2.5855, Obj: -3.0662, Eq Viol (l1): 0.000053, Ineq Viol (l1): 0.000000, Epoch time: 2.65s

Running validation at epoch 290...

VALIDATION_EPOCH_290 EVALUATION RESULTS:
==================================================
Objective Value:     -3.170893e+00
True Objective:      -2.413704e+00
Optimality Gap:      -4.856915e+00 ± 2.066223e+00
Eq Violation l1:   5.065058e-05 (max: 2.526645e-03)
Ineq Violation l1: 3.166417e-07 (max: 4.372563e-05)
Solution Distance:   8.378096e+01 ± 1.873828e+00
Merit:             -3.170383e+00 ± 1.138266e-02
Avg Inference Time:  0.0730s
==================================================
Epoch 292/300, Loss: -2.6160, Obj: -3.0687, Eq Viol (l1): 0.000052, Ineq Viol (l1): 0.000001, Epoch time: 2.65s
Epoch 293/300, Loss: -2.6685, Obj: -3.0887, Eq Viol (l1): 0.000053, Ineq Viol (l1): 0.000000, Epoch time: 2.69s
Epoch 294/300, Loss: -2.7508, Obj: -3.1455, Eq Viol (l1): 0.000064, Ineq Viol (l1): 0.000001, Epoch time: 2.59s
Epoch 295/300, Loss: -2.7575, Obj: -3.1445, Eq Viol (l1): 0.000061, Ineq Viol (l1): 0.000000, Epoch time: 2.68s
Epoch 296/300, Loss: -2.7259, Obj: -3.1251, Eq Viol (l1): 0.000061, Ineq Viol (l1): 0.000000, Epoch time: 2.61s
Epoch 297/300, Loss: -2.6885, Obj: -3.0964, Eq Viol (l1): 0.000056, Ineq Viol (l1): 0.000000, Epoch time: 2.67s
Epoch 298/300, Loss: -2.6894, Obj: -3.1299, Eq Viol (l1): 0.000058, Ineq Viol (l1): 0.000000, Epoch time: 2.68s
Epoch 299/300, Loss: -2.4914, Obj: -3.0412, Eq Viol (l1): 0.000051, Ineq Viol (l1): 0.000000, Epoch time: 2.72s
Epoch 300/300, Loss: -2.6768, Obj: -3.1040, Eq Viol (l1): 0.000063, Ineq Viol (l1): 0.000001, Epoch time: 2.66s

Training completed in 801.84 seconds.

============================================================
COMPREHENSIVE TEST EVALUATION WITH DETAILED RESULTS
============================================================
Testing with batch sizes: [256, 512]

Evaluating with batch size: 256 (with detailed results)

TEST_BS256 EVALUATION RESULTS:
==================================================
Objective Value:     -3.209965e+00
True Objective:      -2.409220e+00
Optimality Gap:      -6.678759e+00 ± 6.198603e+00
Eq Violation l1:   5.650656e-05 (max: 1.357668e-03)
Ineq Violation l1: 4.726976e-07 (max: 4.400506e-05)
Solution Distance:   8.616587e+01 ± 1.927130e+00
Merit:             -3.209395e+00 ± 4.844939e-02
Avg Inference Time:  0.0630s
==================================================

Evaluating with batch size: 512 (with detailed results)

TEST_BS512 EVALUATION RESULTS:
==================================================
Objective Value:     -3.208628e+00
True Objective:      -2.408634e+00
Optimality Gap:      -6.625394e+00 ± 3.753922e+00
Eq Violation l1:   5.055983e-05 (max: 1.826034e-03)
Ineq Violation l1: 3.618302e-07 (max: 4.838288e-05)
Solution Distance:   8.614178e+01 ± 1.190003e+00
Merit:             -3.208119e+00 ± 3.934014e-02
Avg Inference Time:  0.0721s
==================================================

TEST BATCH SIZE COMPARISON:
================================================================================
Batch Size   Objective    Opt Gap      Eq Viol      Ineq Viol    Time (s)  
--------------------------------------------------------------------------------
256          -3.2100e+00  -6.6788e+00  5.6507e-05   4.7270e-07   0.50      
512          -3.2086e+00  -6.6254e+00  5.0560e-05   3.6183e-07   0.29      
================================================================================

Saving model and results to: results/nonsmooth_nonconvex/socp/SOCPProblem-100-50-50-10000/20260107-051636_MLP_FSNet_seed2_nepochs300_lr0.0002_trainsize7000_finetune_20260106-202959_model_60
✓ Model saved: results/nonsmooth_nonconvex/socp/SOCPProblem-100-50-50-10000/20260107-051636_MLP_FSNet_seed2_nepochs300_lr0.0002_trainsize7000_finetune_20260106-202959_model_60/model.pt
✓ Detailed results saved: results/nonsmooth_nonconvex/socp/SOCPProblem-100-50-50-10000/20260107-051636_MLP_FSNet_seed2_nepochs300_lr0.0002_trainsize7000_finetune_20260106-202959_model_60/results.pkl

Files saved (or attempted):
  - model.pt (model weights and architecture)
  - results.pkl (training history, metrics, detailed test results)
Training and testing completed in 804.96 seconds
Done!!!
============================================================
==========         =====================         ===========
==========   2      =====================         ===========
==========         =====================         ===========
============================================================

======= Running for problem: nonsmooth_nonconvex/socp =======

Loading problem instance: nonsmooth_nonconvex/socp with size [100, 50, 50, 10000]
Loading  dataset from: datasets/nonsmooth_nonconvex/socp/random2025_socp_dataset_var100_ineq50_eq50_ex10000 

Running on:  cuda
Training model using FSNet method with seed 0 for 300 epochs
Using batch size: 512
Loading model from checkpoint: results/nonsmooth_nonconvex/socp/SOCPProblem-100-50-50-10000/20260106-202959_MLP_sup_seed1_dropout0.05_subopt_2_-10.0/model_400.pt

lr: 0.0002, weight_decay: 0.001, num_epochs: 300

Epoch 1/300, Loss: 7.2873, Obj: 2.5614, Eq Viol (l1): 0.000039, Ineq Viol (l1): 0.000000, Epoch time: 6.69s

Running validation at epoch 0...

VALIDATION_EPOCH_0 EVALUATION RESULTS:
==================================================
Objective Value:     4.163920e+00
True Objective:      -2.413704e+00
Optimality Gap:      9.069541e+00 ± 3.594335e+00
Eq Violation l1:   2.622808e-03 (max: 1.294555e+00)
Ineq Violation l1: 4.058998e-04 (max: 2.050044e-01)
Solution Distance:   8.041479e+01 ± 1.868700e+00
Merit:             4.194207e+00 ± 7.313230e-02
Avg Inference Time:  0.6787s
==================================================
Epoch 2/300, Loss: 6.9103, Obj: 2.8112, Eq Viol (l1): 0.000031, Ineq Viol (l1): 0.000000, Epoch time: 2.85s
Epoch 3/300, Loss: 6.3095, Obj: 3.2814, Eq Viol (l1): 0.000034, Ineq Viol (l1): 0.000000, Epoch time: 2.84s
Epoch 4/300, Loss: 6.2270, Obj: 3.3842, Eq Viol (l1): 0.000030, Ineq Viol (l1): 0.000000, Epoch time: 2.84s
Epoch 5/300, Loss: 6.0804, Obj: 3.2043, Eq Viol (l1): 0.000035, Ineq Viol (l1): 0.000000, Epoch time: 2.83s
Epoch 6/300, Loss: 6.0875, Obj: 3.2268, Eq Viol (l1): 0.000039, Ineq Viol (l1): 0.000000, Epoch time: 2.84s
Epoch 7/300, Loss: 5.9557, Obj: 3.2462, Eq Viol (l1): 0.000038, Ineq Viol (l1): 0.000000, Epoch time: 2.81s
Epoch 8/300, Loss: 6.0749, Obj: 3.2485, Eq Viol (l1): 0.000035, Ineq Viol (l1): 0.000000, Epoch time: 2.84s
Epoch 9/300, Loss: 6.1121, Obj: 3.2703, Eq Viol (l1): 0.000036, Ineq Viol (l1): 0.000000, Epoch time: 2.83s
Epoch 10/300, Loss: 6.1434, Obj: 3.3549, Eq Viol (l1): 0.000037, Ineq Viol (l1): 0.000000, Epoch time: 2.78s
Epoch 11/300, Loss: 6.1915, Obj: 3.3960, Eq Viol (l1): 0.000032, Ineq Viol (l1): 0.000000, Epoch time: 2.90s

Running validation at epoch 10...

VALIDATION_EPOCH_10 EVALUATION RESULTS:
==================================================
Objective Value:     4.102559e+00
True Objective:      -2.413704e+00
Optimality Gap:      9.497873e+00 ± 3.924788e+00
Eq Violation l1:   2.633672e-04 (max: 1.188906e-01)
Ineq Violation l1: 3.620994e-05 (max: 1.761918e-02)
Solution Distance:   7.936886e+01 ± 1.688519e+00
Merit:             4.105555e+00 ± 1.147836e-01
Avg Inference Time:  0.1199s
==================================================
Epoch 12/300, Loss: 6.2030, Obj: 3.3205, Eq Viol (l1): 0.000041, Ineq Viol (l1): 0.000000, Epoch time: 2.83s
Epoch 13/300, Loss: 6.3429, Obj: 3.4003, Eq Viol (l1): 0.000031, Ineq Viol (l1): 0.000000, Epoch time: 2.85s
Epoch 14/300, Loss: 6.5502, Obj: 3.5869, Eq Viol (l1): 0.000043, Ineq Viol (l1): 0.000000, Epoch time: 2.77s
Epoch 15/300, Loss: 6.2343, Obj: 3.3629, Eq Viol (l1): 0.000035, Ineq Viol (l1): 0.000000, Epoch time: 2.77s
Epoch 16/300, Loss: 6.4747, Obj: 3.4281, Eq Viol (l1): 0.000026, Ineq Viol (l1): 0.000000, Epoch time: 2.88s
Epoch 17/300, Loss: 6.4269, Obj: 3.4641, Eq Viol (l1): 0.000033, Ineq Viol (l1): 0.000000, Epoch time: 2.81s
Epoch 18/300, Loss: 6.6480, Obj: 3.4536, Eq Viol (l1): 0.000032, Ineq Viol (l1): 0.000000, Epoch time: 2.90s
Epoch 19/300, Loss: 6.5546, Obj: 3.6390, Eq Viol (l1): 0.000040, Ineq Viol (l1): 0.000000, Epoch time: 2.81s
Epoch 20/300, Loss: 6.4940, Obj: 3.4184, Eq Viol (l1): 0.000064, Ineq Viol (l1): 0.000007, Epoch time: 2.99s
Epoch 21/300, Loss: 6.6122, Obj: 3.5767, Eq Viol (l1): 0.000030, Ineq Viol (l1): 0.000000, Epoch time: 2.93s

Running validation at epoch 20...

VALIDATION_EPOCH_20 EVALUATION RESULTS:
==================================================
Objective Value:     3.901021e+00
True Objective:      -2.413704e+00
Optimality Gap:      8.910661e+00 ± 3.555817e+00
Eq Violation l1:   2.483958e-04 (max: 1.117291e-01)
Ineq Violation l1: 3.318984e-05 (max: 1.602930e-02)
Solution Distance:   7.856176e+01 ± 1.934699e+00
Merit:             3.903837e+00 ± 1.243776e-01
Avg Inference Time:  0.1202s
==================================================
Epoch 22/300, Loss: 6.5829, Obj: 3.5284, Eq Viol (l1): 0.000036, Ineq Viol (l1): 0.000000, Epoch time: 2.86s
Epoch 23/300, Loss: 6.7285, Obj: 3.5617, Eq Viol (l1): 0.000035, Ineq Viol (l1): 0.000000, Epoch time: 2.90s
Epoch 24/300, Loss: 6.5252, Obj: 3.4702, Eq Viol (l1): 0.000036, Ineq Viol (l1): 0.000000, Epoch time: 2.90s
Epoch 25/300, Loss: 6.4197, Obj: 3.3637, Eq Viol (l1): 0.000036, Ineq Viol (l1): 0.000000, Epoch time: 2.90s
Epoch 26/300, Loss: 6.5549, Obj: 3.5651, Eq Viol (l1): 0.000116, Ineq Viol (l1): 0.000013, Epoch time: 2.93s
Epoch 27/300, Loss: 6.4401, Obj: 3.3659, Eq Viol (l1): 0.000106, Ineq Viol (l1): 0.000020, Epoch time: 2.86s
Epoch 28/300, Loss: 6.4445, Obj: 3.3597, Eq Viol (l1): 0.001333, Ineq Viol (l1): 0.000177, Epoch time: 2.89s
Epoch 29/300, Loss: 6.4062, Obj: 3.4482, Eq Viol (l1): 0.001567, Ineq Viol (l1): 0.000406, Epoch time: 2.82s
Epoch 30/300, Loss: 6.6754, Obj: 3.6060, Eq Viol (l1): 0.001602, Ineq Viol (l1): 0.000389, Epoch time: 2.82s
Epoch 31/300, Loss: 6.5313, Obj: 3.4169, Eq Viol (l1): 0.000232, Ineq Viol (l1): 0.000045, Epoch time: 2.97s

Running validation at epoch 30...

VALIDATION_EPOCH_30 EVALUATION RESULTS:
==================================================
Objective Value:     3.852618e+00
True Objective:      -2.413704e+00
Optimality Gap:      8.814182e+00 ± 3.608839e+00
Eq Violation l1:   2.893824e-05 (max: 4.698494e-03)
Ineq Violation l1: 7.680280e-07 (max: 2.794353e-04)
Solution Distance:   7.800358e+01 ± 1.225874e+00
Merit:             3.852915e+00 ± 6.135078e-02
Avg Inference Time:  0.1200s
==================================================
Epoch 32/300, Loss: 6.5048, Obj: 3.3917, Eq Viol (l1): 0.001689, Ineq Viol (l1): 0.000343, Epoch time: 2.96s
Epoch 33/300, Loss: 6.6232, Obj: 3.5055, Eq Viol (l1): 0.002928, Ineq Viol (l1): 0.000742, Epoch time: 2.98s
Epoch 34/300, Loss: 6.4131, Obj: 3.4083, Eq Viol (l1): 0.001047, Ineq Viol (l1): 0.000193, Epoch time: 3.10s
Epoch 35/300, Loss: 6.6504, Obj: 3.4582, Eq Viol (l1): 0.007522, Ineq Viol (l1): 0.002261, Epoch time: 2.89s
Epoch 36/300, Loss: 7.0152, Obj: 3.6200, Eq Viol (l1): 0.009574, Ineq Viol (l1): 0.002444, Epoch time: 2.90s
Epoch 37/300, Loss: 6.7772, Obj: 3.5416, Eq Viol (l1): 0.007432, Ineq Viol (l1): 0.002758, Epoch time: 2.89s
Epoch 38/300, Loss: 6.6409, Obj: 3.3447, Eq Viol (l1): 0.004752, Ineq Viol (l1): 0.001397, Epoch time: 2.90s
Epoch 39/300, Loss: 6.8707, Obj: 3.5706, Eq Viol (l1): 0.008856, Ineq Viol (l1): 0.003179, Epoch time: 3.03s
Epoch 40/300, Loss: 6.8637, Obj: 3.5176, Eq Viol (l1): 0.000087, Ineq Viol (l1): 0.000024, Epoch time: 2.96s
Epoch 41/300, Loss: 6.8416, Obj: 3.4978, Eq Viol (l1): 0.000374, Ineq Viol (l1): 0.000167, Epoch time: 2.92s

Running validation at epoch 40...

VALIDATION_EPOCH_40 EVALUATION RESULTS:
==================================================
Objective Value:     3.762978e+00
True Objective:      -2.413704e+00
Optimality Gap:      8.829763e+00 ± 3.549495e+00
Eq Violation l1:   1.618327e-05 (max: 4.042765e-03)
Ineq Violation l1: 5.134971e-08 (max: 1.215078e-05)
Solution Distance:   7.743460e+01 ± 1.417330e+00
Merit:             3.763141e+00 ± 6.711263e-02
Avg Inference Time:  0.1190s
==================================================
Epoch 42/300, Loss: 6.5507, Obj: 3.3452, Eq Viol (l1): 0.000700, Ineq Viol (l1): 0.000343, Epoch time: 2.85s
Epoch 43/300, Loss: 6.4290, Obj: 3.2521, Eq Viol (l1): 0.000045, Ineq Viol (l1): 0.000000, Epoch time: 2.81s
Epoch 44/300, Loss: 6.6336, Obj: 3.5103, Eq Viol (l1): 0.002845, Ineq Viol (l1): 0.001729, Epoch time: 2.86s
Epoch 45/300, Loss: 6.7512, Obj: 3.3477, Eq Viol (l1): 0.000873, Ineq Viol (l1): 0.000539, Epoch time: 2.79s
Epoch 46/300, Loss: 6.3565, Obj: 3.3131, Eq Viol (l1): 0.007705, Ineq Viol (l1): 0.003087, Epoch time: 2.76s
Epoch 47/300, Loss: 6.3928, Obj: 3.2914, Eq Viol (l1): 0.005299, Ineq Viol (l1): 0.002074, Epoch time: 2.80s
Epoch 48/300, Loss: 6.4803, Obj: 3.3207, Eq Viol (l1): 0.008130, Ineq Viol (l1): 0.001777, Epoch time: 2.92s
Epoch 49/300, Loss: 6.7292, Obj: 3.3962, Eq Viol (l1): 0.010851, Ineq Viol (l1): 0.004428, Epoch time: 3.01s
Epoch 50/300, Loss: 6.7552, Obj: 3.5104, Eq Viol (l1): 0.011995, Ineq Viol (l1): 0.003600, Epoch time: 2.96s
Epoch 51/300, Loss: 6.6955, Obj: 3.5018, Eq Viol (l1): 0.013094, Ineq Viol (l1): 0.004570, Epoch time: 2.85s

Running validation at epoch 50...

VALIDATION_EPOCH_50 EVALUATION RESULTS:
==================================================
Objective Value:     3.734221e+00
True Objective:      -2.413704e+00
Optimality Gap:      8.615380e+00 ± 3.122327e+00
Eq Violation l1:   7.312807e-05 (max: 2.776001e-02)
Ineq Violation l1: 6.049291e-06 (max: 2.881458e-03)
Solution Distance:   7.755240e+01 ± 1.749013e+00
Merit:             3.735012e+00 ± 1.366095e-01
Avg Inference Time:  0.1201s
==================================================
Epoch 52/300, Loss: 6.8998, Obj: 3.5138, Eq Viol (l1): 0.005257, Ineq Viol (l1): 0.002305, Epoch time: 2.83s
Epoch 53/300, Loss: 6.7367, Obj: 3.3272, Eq Viol (l1): 0.002884, Ineq Viol (l1): 0.001386, Epoch time: 2.94s
Epoch 54/300, Loss: 6.9515, Obj: 3.5815, Eq Viol (l1): 0.002647, Ineq Viol (l1): 0.001622, Epoch time: 2.91s
Epoch 55/300, Loss: 6.7554, Obj: 3.2338, Eq Viol (l1): 0.003180, Ineq Viol (l1): 0.001326, Epoch time: 2.97s
Epoch 56/300, Loss: 6.5362, Obj: 3.3715, Eq Viol (l1): 0.004417, Ineq Viol (l1): 0.001904, Epoch time: 3.04s
Epoch 57/300, Loss: 6.6382, Obj: 3.4004, Eq Viol (l1): 0.002534, Ineq Viol (l1): 0.000861, Epoch time: 2.94s
Epoch 58/300, Loss: 6.3654, Obj: 3.1889, Eq Viol (l1): 0.005113, Ineq Viol (l1): 0.002572, Epoch time: 2.94s
Epoch 59/300, Loss: 6.4064, Obj: 3.1885, Eq Viol (l1): 0.003282, Ineq Viol (l1): 0.002281, Epoch time: 2.84s
Epoch 60/300, Loss: 6.3827, Obj: 3.3010, Eq Viol (l1): 0.004897, Ineq Viol (l1): 0.002503, Epoch time: 2.95s
Epoch 61/300, Loss: 6.4117, Obj: 3.1869, Eq Viol (l1): 0.012663, Ineq Viol (l1): 0.004473, Epoch time: 2.91s

Running validation at epoch 60...

VALIDATION_EPOCH_60 EVALUATION RESULTS:
==================================================
Objective Value:     3.507601e+00
True Objective:      -2.413704e+00
Optimality Gap:      8.090403e+00 ± 3.107215e+00
Eq Violation l1:   8.377619e-04 (max: 4.044371e-01)
Ineq Violation l1: 8.963513e-05 (max: 4.372088e-02)
Solution Distance:   7.651192e+01 ± 1.663024e+00
Merit:             3.516875e+00 ± 1.079114e-01
Avg Inference Time:  0.1196s
==================================================
Epoch 62/300, Loss: 6.5071, Obj: 3.2994, Eq Viol (l1): 0.004816, Ineq Viol (l1): 0.001410, Epoch time: 2.88s
Epoch 63/300, Loss: 6.5420, Obj: 3.2448, Eq Viol (l1): 0.005008, Ineq Viol (l1): 0.002493, Epoch time: 2.88s
Epoch 64/300, Loss: 6.6267, Obj: 3.1349, Eq Viol (l1): 0.002799, Ineq Viol (l1): 0.001103, Epoch time: 2.94s
Epoch 65/300, Loss: 6.5519, Obj: 3.1871, Eq Viol (l1): 0.005763, Ineq Viol (l1): 0.002775, Epoch time: 2.99s
Epoch 66/300, Loss: 6.5092, Obj: 3.3097, Eq Viol (l1): 0.002341, Ineq Viol (l1): 0.000984, Epoch time: 2.95s
Epoch 67/300, Loss: 6.6879, Obj: 3.1437, Eq Viol (l1): 0.005431, Ineq Viol (l1): 0.002054, Epoch time: 2.90s
Epoch 68/300, Loss: 6.5446, Obj: 3.2373, Eq Viol (l1): 0.004268, Ineq Viol (l1): 0.001557, Epoch time: 3.01s
Epoch 69/300, Loss: 6.4572, Obj: 3.1446, Eq Viol (l1): 0.007812, Ineq Viol (l1): 0.001588, Epoch time: 2.94s
Epoch 70/300, Loss: 6.6406, Obj: 3.2351, Eq Viol (l1): 0.012153, Ineq Viol (l1): 0.003392, Epoch time: 2.99s
Epoch 71/300, Loss: 6.5281, Obj: 3.2085, Eq Viol (l1): 0.009549, Ineq Viol (l1): 0.002624, Epoch time: 2.89s

Running validation at epoch 70...

VALIDATION_EPOCH_70 EVALUATION RESULTS:
==================================================
Objective Value:     3.313842e+00
True Objective:      -2.413704e+00
Optimality Gap:      7.888140e+00 ± 3.068085e+00
Eq Violation l1:   7.768741e-04 (max: 3.756945e-01)
Ineq Violation l1: 8.183769e-05 (max: 3.970807e-02)
Solution Distance:   7.574342e+01 ± 1.421627e+00
Merit:             3.322429e+00 ± 1.127518e-01
Avg Inference Time:  0.1206s
==================================================
Epoch 72/300, Loss: 6.4178, Obj: 3.2155, Eq Viol (l1): 0.005731, Ineq Viol (l1): 0.002018, Epoch time: 2.91s
Epoch 73/300, Loss: 6.3537, Obj: 3.1281, Eq Viol (l1): 0.011453, Ineq Viol (l1): 0.002917, Epoch time: 2.92s
Epoch 74/300, Loss: 6.3299, Obj: 3.1872, Eq Viol (l1): 0.003640, Ineq Viol (l1): 0.001413, Epoch time: 2.87s
Epoch 75/300, Loss: 6.2144, Obj: 3.1764, Eq Viol (l1): 0.002684, Ineq Viol (l1): 0.000673, Epoch time: 2.90s
Epoch 76/300, Loss: 6.2643, Obj: 2.9886, Eq Viol (l1): 0.010930, Ineq Viol (l1): 0.003629, Epoch time: 2.90s
Epoch 77/300, Loss: 6.1509, Obj: 3.2624, Eq Viol (l1): 0.014698, Ineq Viol (l1): 0.004668, Epoch time: 2.89s
Epoch 78/300, Loss: 6.3599, Obj: 3.1458, Eq Viol (l1): 0.014638, Ineq Viol (l1): 0.004856, Epoch time: 2.90s
Epoch 79/300, Loss: 6.4509, Obj: 3.0623, Eq Viol (l1): 0.012466, Ineq Viol (l1): 0.003345, Epoch time: 2.90s
Epoch 80/300, Loss: 6.3609, Obj: 3.1292, Eq Viol (l1): 0.009445, Ineq Viol (l1): 0.002975, Epoch time: 2.90s
Epoch 81/300, Loss: 6.6547, Obj: 3.1545, Eq Viol (l1): 0.012692, Ineq Viol (l1): 0.004976, Epoch time: 2.86s

Running validation at epoch 80...

VALIDATION_EPOCH_80 EVALUATION RESULTS:
==================================================
Objective Value:     3.195788e+00
True Objective:      -2.413704e+00
Optimality Gap:      7.707769e+00 ± 2.947343e+00
Eq Violation l1:   3.843959e-05 (max: 1.647056e-02)
Ineq Violation l1: 1.303246e-06 (max: 6.238167e-04)
Solution Distance:   7.501093e+01 ± 1.445912e+00
Merit:             3.196186e+00 ± 7.444844e-02
Avg Inference Time:  0.1196s
==================================================
Epoch 82/300, Loss: 6.0876, Obj: 2.9661, Eq Viol (l1): 0.004602, Ineq Viol (l1): 0.002160, Epoch time: 2.87s
Epoch 83/300, Loss: 5.8470, Obj: 2.9471, Eq Viol (l1): 0.013908, Ineq Viol (l1): 0.004296, Epoch time: 2.85s
Epoch 84/300, Loss: 6.1098, Obj: 3.0222, Eq Viol (l1): 0.016196, Ineq Viol (l1): 0.004817, Epoch time: 2.94s
Epoch 85/300, Loss: 6.1330, Obj: 2.9764, Eq Viol (l1): 0.001895, Ineq Viol (l1): 0.000736, Epoch time: 2.89s
Epoch 86/300, Loss: 6.2108, Obj: 2.9988, Eq Viol (l1): 0.008660, Ineq Viol (l1): 0.002790, Epoch time: 2.91s
Epoch 87/300, Loss: 6.1419, Obj: 3.0068, Eq Viol (l1): 0.010441, Ineq Viol (l1): 0.004238, Epoch time: 2.90s
Epoch 88/300, Loss: 6.0215, Obj: 2.9056, Eq Viol (l1): 0.005234, Ineq Viol (l1): 0.002491, Epoch time: 2.89s
Epoch 89/300, Loss: 6.1249, Obj: 3.0173, Eq Viol (l1): 0.006376, Ineq Viol (l1): 0.002626, Epoch time: 2.90s
Epoch 90/300, Loss: 6.1447, Obj: 2.9725, Eq Viol (l1): 0.018350, Ineq Viol (l1): 0.004932, Epoch time: 3.00s
Epoch 91/300, Loss: 6.1061, Obj: 2.9460, Eq Viol (l1): 0.011362, Ineq Viol (l1): 0.003816, Epoch time: 2.89s

Running validation at epoch 90...

VALIDATION_EPOCH_90 EVALUATION RESULTS:
==================================================
Objective Value:     3.006039e+00
True Objective:      -2.413704e+00
Optimality Gap:      7.422292e+00 ± 2.975859e+00
Eq Violation l1:   8.236889e-05 (max: 3.417780e-02)
Ineq Violation l1: 1.399858e-05 (max: 7.016767e-03)
Solution Distance:   7.378867e+01 ± 1.641311e+00
Merit:             3.007003e+00 ± 8.330265e-02
Avg Inference Time:  0.1160s
==================================================
Epoch 92/300, Loss: 6.2133, Obj: 2.9262, Eq Viol (l1): 0.013899, Ineq Viol (l1): 0.003999, Epoch time: 2.90s
Epoch 93/300, Loss: 5.8090, Obj: 2.8992, Eq Viol (l1): 0.006793, Ineq Viol (l1): 0.002274, Epoch time: 2.86s
Epoch 94/300, Loss: 5.7115, Obj: 2.8512, Eq Viol (l1): 0.011156, Ineq Viol (l1): 0.003059, Epoch time: 2.97s
Epoch 95/300, Loss: 5.8619, Obj: 2.8971, Eq Viol (l1): 0.022218, Ineq Viol (l1): 0.005663, Epoch time: 2.93s
Epoch 96/300, Loss: 5.9681, Obj: 2.9840, Eq Viol (l1): 0.015460, Ineq Viol (l1): 0.004334, Epoch time: 2.94s
Epoch 97/300, Loss: 5.9201, Obj: 2.9005, Eq Viol (l1): 0.013627, Ineq Viol (l1): 0.004178, Epoch time: 2.86s
Epoch 98/300, Loss: 5.7545, Obj: 2.8263, Eq Viol (l1): 0.017400, Ineq Viol (l1): 0.004104, Epoch time: 2.94s
Epoch 99/300, Loss: 6.2061, Obj: 2.9182, Eq Viol (l1): 0.009031, Ineq Viol (l1): 0.003102, Epoch time: 2.94s
Epoch 100/300, Loss: 6.0676, Obj: 2.8840, Eq Viol (l1): 0.024181, Ineq Viol (l1): 0.008547, Epoch time: 2.89s
Epoch 101/300, Loss: 5.9159, Obj: 2.9103, Eq Viol (l1): 0.009108, Ineq Viol (l1): 0.004280, Epoch time: 2.99s

Running validation at epoch 100...

VALIDATION_EPOCH_100 EVALUATION RESULTS:
==================================================
Objective Value:     2.964336e+00
True Objective:      -2.413704e+00
Optimality Gap:      7.404377e+00 ± 2.932145e+00
Eq Violation l1:   6.033405e-04 (max: 3.032360e-01)
Ineq Violation l1: 1.974690e-04 (max: 1.010348e-01)
Solution Distance:   7.385773e+01 ± 1.542524e+00
Merit:             2.972344e+00 ± 8.147583e-02
Avg Inference Time:  0.1198s
==================================================
Epoch 102/300, Loss: 6.1009, Obj: 2.8614, Eq Viol (l1): 0.009163, Ineq Viol (l1): 0.003654, Epoch time: 2.98s
Epoch 103/300, Loss: 5.8721, Obj: 2.7881, Eq Viol (l1): 0.008714, Ineq Viol (l1): 0.002870, Epoch time: 2.91s
Epoch 104/300, Loss: 5.7995, Obj: 2.7908, Eq Viol (l1): 0.008416, Ineq Viol (l1): 0.002368, Epoch time: 2.90s
Epoch 105/300, Loss: 5.9140, Obj: 2.9668, Eq Viol (l1): 0.006444, Ineq Viol (l1): 0.002329, Epoch time: 2.91s
Epoch 106/300, Loss: 5.7602, Obj: 2.7344, Eq Viol (l1): 0.006574, Ineq Viol (l1): 0.001924, Epoch time: 2.93s
Epoch 107/300, Loss: 5.8604, Obj: 2.9127, Eq Viol (l1): 0.005589, Ineq Viol (l1): 0.001564, Epoch time: 2.94s
Epoch 108/300, Loss: 6.2599, Obj: 2.8922, Eq Viol (l1): 0.003088, Ineq Viol (l1): 0.000559, Epoch time: 2.98s
Epoch 109/300, Loss: 5.7872, Obj: 2.7148, Eq Viol (l1): 0.007699, Ineq Viol (l1): 0.002426, Epoch time: 2.87s
Epoch 110/300, Loss: 5.6039, Obj: 2.7724, Eq Viol (l1): 0.004994, Ineq Viol (l1): 0.001792, Epoch time: 2.90s
Epoch 111/300, Loss: 5.6969, Obj: 2.7599, Eq Viol (l1): 0.000709, Ineq Viol (l1): 0.000455, Epoch time: 2.95s

Running validation at epoch 110...

VALIDATION_EPOCH_110 EVALUATION RESULTS:
==================================================
Objective Value:     2.893556e+00
True Objective:      -2.413704e+00
Optimality Gap:      7.242367e+00 ± 2.944053e+00
Eq Violation l1:   8.450798e-05 (max: 3.552122e-02)
Ineq Violation l1: 4.757600e-06 (max: 2.294860e-03)
Solution Distance:   7.363702e+01 ± 1.659802e+00
Merit:             2.894449e+00 ± 7.581070e-02
Avg Inference Time:  0.1203s
==================================================
Epoch 112/300, Loss: 5.7826, Obj: 2.7460, Eq Viol (l1): 0.003336, Ineq Viol (l1): 0.001107, Epoch time: 2.92s
Epoch 113/300, Loss: 5.5729, Obj: 2.6441, Eq Viol (l1): 0.008594, Ineq Viol (l1): 0.001738, Epoch time: 2.98s
Epoch 114/300, Loss: 5.6859, Obj: 2.7017, Eq Viol (l1): 0.005234, Ineq Viol (l1): 0.001321, Epoch time: 2.97s
Epoch 115/300, Loss: 5.6287, Obj: 2.7560, Eq Viol (l1): 0.002046, Ineq Viol (l1): 0.000466, Epoch time: 2.96s
Epoch 116/300, Loss: 5.7270, Obj: 2.6854, Eq Viol (l1): 0.002158, Ineq Viol (l1): 0.000404, Epoch time: 2.88s
Epoch 117/300, Loss: 5.7601, Obj: 2.7321, Eq Viol (l1): 0.002842, Ineq Viol (l1): 0.000776, Epoch time: 2.97s
Epoch 118/300, Loss: 5.6401, Obj: 2.6182, Eq Viol (l1): 0.003517, Ineq Viol (l1): 0.000882, Epoch time: 2.86s
Epoch 119/300, Loss: 5.5505, Obj: 2.7731, Eq Viol (l1): 0.004672, Ineq Viol (l1): 0.000891, Epoch time: 2.89s
Epoch 120/300, Loss: 5.6004, Obj: 2.5594, Eq Viol (l1): 0.005567, Ineq Viol (l1): 0.001739, Epoch time: 2.87s
Epoch 121/300, Loss: 5.5453, Obj: 2.6521, Eq Viol (l1): 0.004391, Ineq Viol (l1): 0.001063, Epoch time: 2.86s

Running validation at epoch 120...

VALIDATION_EPOCH_120 EVALUATION RESULTS:
==================================================
Objective Value:     2.745326e+00
True Objective:      -2.413704e+00
Optimality Gap:      6.875015e+00 ± 2.726350e+00
Eq Violation l1:   8.131185e-04 (max: 2.670818e-01)
Ineq Violation l1: 1.163975e-04 (max: 3.401794e-02)
Solution Distance:   7.276074e+01 ± 1.836007e+00
Merit:             2.754621e+00 ± 1.170234e-01
Avg Inference Time:  0.1141s
==================================================
Epoch 122/300, Loss: 5.4859, Obj: 2.5633, Eq Viol (l1): 0.002707, Ineq Viol (l1): 0.001033, Epoch time: 2.87s
Epoch 123/300, Loss: 5.3808, Obj: 2.6042, Eq Viol (l1): 0.005082, Ineq Viol (l1): 0.001391, Epoch time: 2.84s
Epoch 124/300, Loss: 5.2388, Obj: 2.5678, Eq Viol (l1): 0.007289, Ineq Viol (l1): 0.002847, Epoch time: 2.86s
Epoch 125/300, Loss: 5.3026, Obj: 2.6925, Eq Viol (l1): 0.006539, Ineq Viol (l1): 0.001907, Epoch time: 2.88s
Epoch 126/300, Loss: 5.2164, Obj: 2.5086, Eq Viol (l1): 0.013341, Ineq Viol (l1): 0.003767, Epoch time: 2.88s
Epoch 127/300, Loss: 5.3687, Obj: 2.4864, Eq Viol (l1): 0.003170, Ineq Viol (l1): 0.000991, Epoch time: 2.90s
Epoch 128/300, Loss: 5.4113, Obj: 2.5529, Eq Viol (l1): 0.009315, Ineq Viol (l1): 0.002786, Epoch time: 2.89s
Epoch 129/300, Loss: 5.3935, Obj: 2.5616, Eq Viol (l1): 0.007453, Ineq Viol (l1): 0.001452, Epoch time: 2.87s
Epoch 130/300, Loss: 5.2829, Obj: 2.5850, Eq Viol (l1): 0.000952, Ineq Viol (l1): 0.000197, Epoch time: 2.85s
Epoch 131/300, Loss: 5.6153, Obj: 2.6034, Eq Viol (l1): 0.002228, Ineq Viol (l1): 0.000445, Epoch time: 2.95s

Running validation at epoch 130...

VALIDATION_EPOCH_130 EVALUATION RESULTS:
==================================================
Objective Value:     2.662049e+00
True Objective:      -2.413704e+00
Optimality Gap:      7.105488e+00 ± 2.999174e+00
Eq Violation l1:   1.673689e-05 (max: 2.460999e-03)
Ineq Violation l1: 3.140243e-07 (max: 1.272298e-04)
Solution Distance:   7.279298e+01 ± 1.989677e+00
Merit:             2.662220e+00 ± 1.254536e-01
Avg Inference Time:  0.1125s
==================================================
Epoch 132/300, Loss: 5.2073, Obj: 2.5312, Eq Viol (l1): 0.001345, Ineq Viol (l1): 0.000414, Epoch time: 2.87s
Epoch 133/300, Loss: 5.2689, Obj: 2.5234, Eq Viol (l1): 0.003279, Ineq Viol (l1): 0.000699, Epoch time: 2.84s
Epoch 134/300, Loss: 5.1718, Obj: 2.4827, Eq Viol (l1): 0.006607, Ineq Viol (l1): 0.001782, Epoch time: 2.98s
Epoch 135/300, Loss: 5.3205, Obj: 2.4387, Eq Viol (l1): 0.001303, Ineq Viol (l1): 0.000330, Epoch time: 2.94s
Epoch 136/300, Loss: 5.2018, Obj: 2.5170, Eq Viol (l1): 0.000034, Ineq Viol (l1): 0.000000, Epoch time: 2.89s
Epoch 137/300, Loss: 5.0792, Obj: 2.4530, Eq Viol (l1): 0.004825, Ineq Viol (l1): 0.001026, Epoch time: 2.87s
Epoch 138/300, Loss: 5.1176, Obj: 2.4920, Eq Viol (l1): 0.001790, Ineq Viol (l1): 0.000370, Epoch time: 2.90s
Epoch 139/300, Loss: 5.1354, Obj: 2.4569, Eq Viol (l1): 0.000031, Ineq Viol (l1): 0.000000, Epoch time: 2.96s
Epoch 140/300, Loss: 5.2891, Obj: 2.5803, Eq Viol (l1): 0.000055, Ineq Viol (l1): 0.000002, Epoch time: 2.95s
Epoch 141/300, Loss: 5.2663, Obj: 2.4636, Eq Viol (l1): 0.000080, Ineq Viol (l1): 0.000015, Epoch time: 2.86s

Running validation at epoch 140...

VALIDATION_EPOCH_140 EVALUATION RESULTS:
==================================================
Objective Value:     2.588069e+00
True Objective:      -2.413704e+00
Optimality Gap:      7.159401e+00 ± 3.022154e+00
Eq Violation l1:   2.299175e-05 (max: 7.049240e-03)
Ineq Violation l1: 3.088114e-07 (max: 1.453842e-04)
Solution Distance:   7.218394e+01 ± 2.009331e+00
Merit:             2.588302e+00 ± 1.120719e-01
Avg Inference Time:  0.1150s
==================================================
Epoch 142/300, Loss: 5.1742, Obj: 2.4026, Eq Viol (l1): 0.000031, Ineq Viol (l1): 0.000001, Epoch time: 2.97s
Epoch 143/300, Loss: 5.0905, Obj: 2.4189, Eq Viol (l1): 0.000470, Ineq Viol (l1): 0.000109, Epoch time: 2.92s
Epoch 144/300, Loss: 5.4137, Obj: 2.5199, Eq Viol (l1): 0.000426, Ineq Viol (l1): 0.000149, Epoch time: 2.98s
Epoch 145/300, Loss: 5.4147, Obj: 2.4570, Eq Viol (l1): 0.000504, Ineq Viol (l1): 0.000131, Epoch time: 2.92s
Epoch 146/300, Loss: 5.2152, Obj: 2.4746, Eq Viol (l1): 0.000286, Ineq Viol (l1): 0.000116, Epoch time: 2.92s
Epoch 147/300, Loss: 5.1584, Obj: 2.3847, Eq Viol (l1): 0.000182, Ineq Viol (l1): 0.000032, Epoch time: 2.91s
Epoch 148/300, Loss: 5.5995, Obj: 2.5332, Eq Viol (l1): 0.000040, Ineq Viol (l1): 0.000001, Epoch time: 2.90s
Epoch 149/300, Loss: 5.2740, Obj: 2.5206, Eq Viol (l1): 0.000034, Ineq Viol (l1): 0.000000, Epoch time: 2.92s
Epoch 150/300, Loss: 5.3526, Obj: 2.4148, Eq Viol (l1): 0.000236, Ineq Viol (l1): 0.000065, Epoch time: 2.91s
Epoch 151/300, Loss: 5.2954, Obj: 2.4364, Eq Viol (l1): 0.001483, Ineq Viol (l1): 0.000403, Epoch time: 2.87s

Running validation at epoch 150...

VALIDATION_EPOCH_150 EVALUATION RESULTS:
==================================================
Objective Value:     2.553372e+00
True Objective:      -2.413704e+00
Optimality Gap:      6.783213e+00 ± 2.679851e+00
Eq Violation l1:   6.406954e-05 (max: 2.756429e-02)
Ineq Violation l1: 2.270373e-06 (max: 1.102894e-03)
Solution Distance:   7.196444e+01 ± 1.123251e+00
Merit:             2.554035e+00 ± 6.133722e-02
Avg Inference Time:  0.1196s
==================================================
Epoch 152/300, Loss: 5.2326, Obj: 2.4501, Eq Viol (l1): 0.000282, Ineq Viol (l1): 0.000026, Epoch time: 2.89s
Epoch 153/300, Loss: 5.1880, Obj: 2.3526, Eq Viol (l1): 0.000709, Ineq Viol (l1): 0.000257, Epoch time: 2.97s
Epoch 154/300, Loss: 5.3298, Obj: 2.5054, Eq Viol (l1): 0.001253, Ineq Viol (l1): 0.000336, Epoch time: 2.91s
Epoch 155/300, Loss: 5.4063, Obj: 2.3310, Eq Viol (l1): 0.001234, Ineq Viol (l1): 0.000480, Epoch time: 2.88s
Epoch 156/300, Loss: 5.5509, Obj: 2.3992, Eq Viol (l1): 0.002671, Ineq Viol (l1): 0.000737, Epoch time: 2.98s
Epoch 157/300, Loss: 5.3188, Obj: 2.3573, Eq Viol (l1): 0.002501, Ineq Viol (l1): 0.000583, Epoch time: 2.93s
Epoch 158/300, Loss: 5.2602, Obj: 2.3552, Eq Viol (l1): 0.006103, Ineq Viol (l1): 0.001485, Epoch time: 2.88s
Epoch 159/300, Loss: 5.1638, Obj: 2.2893, Eq Viol (l1): 0.004121, Ineq Viol (l1): 0.001562, Epoch time: 2.88s
Epoch 160/300, Loss: 5.2159, Obj: 2.3009, Eq Viol (l1): 0.003849, Ineq Viol (l1): 0.001588, Epoch time: 2.90s
Epoch 161/300, Loss: 5.4002, Obj: 2.3147, Eq Viol (l1): 0.005355, Ineq Viol (l1): 0.002057, Epoch time: 2.92s

Running validation at epoch 160...

VALIDATION_EPOCH_160 EVALUATION RESULTS:
==================================================
Objective Value:     2.455320e+00
True Objective:      -2.413704e+00
Optimality Gap:      6.794492e+00 ± 2.815099e+00
Eq Violation l1:   3.624519e-05 (max: 1.397934e-02)
Ineq Violation l1: 4.446060e-07 (max: 1.876026e-04)
Solution Distance:   7.138287e+01 ± 1.846673e+00
Merit:             2.455687e+00 ± 6.829160e-02
Avg Inference Time:  0.1198s
==================================================
Epoch 162/300, Loss: 5.3280, Obj: 2.4679, Eq Viol (l1): 0.010141, Ineq Viol (l1): 0.003011, Epoch time: 2.88s
Epoch 163/300, Loss: 5.1574, Obj: 2.1809, Eq Viol (l1): 0.011235, Ineq Viol (l1): 0.003529, Epoch time: 2.85s
Epoch 164/300, Loss: 5.0399, Obj: 2.2520, Eq Viol (l1): 0.008149, Ineq Viol (l1): 0.002182, Epoch time: 2.90s
Epoch 165/300, Loss: 5.2183, Obj: 2.2802, Eq Viol (l1): 0.007143, Ineq Viol (l1): 0.003127, Epoch time: 2.90s
Epoch 166/300, Loss: 5.2642, Obj: 2.3281, Eq Viol (l1): 0.009922, Ineq Viol (l1): 0.003006, Epoch time: 3.00s
Epoch 167/300, Loss: 5.1860, Obj: 2.2718, Eq Viol (l1): 0.009477, Ineq Viol (l1): 0.003565, Epoch time: 2.92s
Epoch 168/300, Loss: 5.3374, Obj: 2.3085, Eq Viol (l1): 0.018752, Ineq Viol (l1): 0.006747, Epoch time: 3.07s
Epoch 169/300, Loss: 5.2832, Obj: 2.2778, Eq Viol (l1): 0.017202, Ineq Viol (l1): 0.006375, Epoch time: 2.89s
Epoch 170/300, Loss: 5.8705, Obj: 2.4899, Eq Viol (l1): 0.016515, Ineq Viol (l1): 0.006518, Epoch time: 2.94s
Epoch 171/300, Loss: 5.2300, Obj: 2.1234, Eq Viol (l1): 0.016791, Ineq Viol (l1): 0.005663, Epoch time: 2.91s

Running validation at epoch 170...

VALIDATION_EPOCH_170 EVALUATION RESULTS:
==================================================
Objective Value:     2.424712e+00
True Objective:      -2.413704e+00
Optimality Gap:      6.942045e+00 ± 2.870941e+00
Eq Violation l1:   2.568345e-05 (max: 4.718327e-03)
Ineq Violation l1: 7.333171e-07 (max: 2.693798e-04)
Solution Distance:   7.090137e+01 ± 1.797615e+00
Merit:             2.424976e+00 ± 7.889681e-02
Avg Inference Time:  0.1127s
==================================================
Epoch 172/300, Loss: 5.5435, Obj: 2.3982, Eq Viol (l1): 0.015934, Ineq Viol (l1): 0.006385, Epoch time: 2.96s
Epoch 173/300, Loss: 5.5115, Obj: 2.3523, Eq Viol (l1): 0.019036, Ineq Viol (l1): 0.006799, Epoch time: 2.93s
Epoch 174/300, Loss: 5.0903, Obj: 2.2449, Eq Viol (l1): 0.011056, Ineq Viol (l1): 0.004342, Epoch time: 2.85s
Epoch 175/300, Loss: 5.2524, Obj: 2.3374, Eq Viol (l1): 0.014398, Ineq Viol (l1): 0.005418, Epoch time: 2.95s
Epoch 176/300, Loss: 5.1503, Obj: 2.1541, Eq Viol (l1): 0.008813, Ineq Viol (l1): 0.002979, Epoch time: 3.04s
Epoch 177/300, Loss: 5.4280, Obj: 2.3862, Eq Viol (l1): 0.009902, Ineq Viol (l1): 0.003998, Epoch time: 2.94s
Epoch 178/300, Loss: 4.9696, Obj: 2.1561, Eq Viol (l1): 0.007186, Ineq Viol (l1): 0.002798, Epoch time: 2.83s
Epoch 179/300, Loss: 5.2123, Obj: 2.1568, Eq Viol (l1): 0.005896, Ineq Viol (l1): 0.003074, Epoch time: 2.88s
Epoch 180/300, Loss: 4.9544, Obj: 2.1246, Eq Viol (l1): 0.008786, Ineq Viol (l1): 0.003155, Epoch time: 2.92s
Epoch 181/300, Loss: 4.9344, Obj: 2.1097, Eq Viol (l1): 0.007916, Ineq Viol (l1): 0.002762, Epoch time: 2.92s

Running validation at epoch 180...

VALIDATION_EPOCH_180 EVALUATION RESULTS:
==================================================
Objective Value:     2.210491e+00
True Objective:      -2.413704e+00
Optimality Gap:      6.571466e+00 ± 2.747387e+00
Eq Violation l1:   1.727128e-05 (max: 5.930839e-03)
Ineq Violation l1: 6.690192e-07 (max: 3.215153e-04)
Solution Distance:   7.099593e+01 ± 2.152946e+00
Merit:             2.210670e+00 ± 5.429087e-02
Avg Inference Time:  0.1177s
==================================================
Epoch 182/300, Loss: 4.8066, Obj: 2.0620, Eq Viol (l1): 0.003208, Ineq Viol (l1): 0.001471, Epoch time: 2.89s
Epoch 183/300, Loss: 4.8724, Obj: 2.0357, Eq Viol (l1): 0.007256, Ineq Viol (l1): 0.003932, Epoch time: 2.84s
Epoch 184/300, Loss: 4.8652, Obj: 2.0855, Eq Viol (l1): 0.002490, Ineq Viol (l1): 0.001698, Epoch time: 2.94s
Epoch 185/300, Loss: 5.1743, Obj: 2.1400, Eq Viol (l1): 0.003441, Ineq Viol (l1): 0.001700, Epoch time: 2.89s
Epoch 186/300, Loss: 5.1509, Obj: 2.1262, Eq Viol (l1): 0.006650, Ineq Viol (l1): 0.002463, Epoch time: 2.88s
Epoch 187/300, Loss: 5.0045, Obj: 2.0897, Eq Viol (l1): 0.001676, Ineq Viol (l1): 0.000813, Epoch time: 2.95s
Epoch 188/300, Loss: 4.8853, Obj: 2.1825, Eq Viol (l1): 0.002661, Ineq Viol (l1): 0.000727, Epoch time: 2.91s
Epoch 189/300, Loss: 4.8897, Obj: 2.1504, Eq Viol (l1): 0.002065, Ineq Viol (l1): 0.000931, Epoch time: 2.92s
Epoch 190/300, Loss: 4.7940, Obj: 2.1494, Eq Viol (l1): 0.003775, Ineq Viol (l1): 0.001215, Epoch time: 2.95s
Epoch 191/300, Loss: 4.6728, Obj: 2.1166, Eq Viol (l1): 0.002999, Ineq Viol (l1): 0.000828, Epoch time: 2.89s

Running validation at epoch 190...

VALIDATION_EPOCH_190 EVALUATION RESULTS:
==================================================
Objective Value:     2.140532e+00
True Objective:      -2.413704e+00
Optimality Gap:      6.467488e+00 ± 2.806092e+00
Eq Violation l1:   1.616948e-05 (max: 3.221409e-03)
Ineq Violation l1: 5.574908e-07 (max: 2.395721e-04)
Solution Distance:   7.078323e+01 ± 1.674384e+00
Merit:             2.140699e+00 ± 6.592284e-02
Avg Inference Time:  0.1175s
==================================================
Epoch 192/300, Loss: 4.5915, Obj: 2.0258, Eq Viol (l1): 0.003504, Ineq Viol (l1): 0.001072, Epoch time: 2.85s
Epoch 193/300, Loss: 4.5949, Obj: 2.0234, Eq Viol (l1): 0.002082, Ineq Viol (l1): 0.000421, Epoch time: 2.86s
Epoch 194/300, Loss: 4.5489, Obj: 1.9875, Eq Viol (l1): 0.000121, Ineq Viol (l1): 0.000033, Epoch time: 2.92s
Epoch 195/300, Loss: 4.5671, Obj: 2.1009, Eq Viol (l1): 0.000861, Ineq Viol (l1): 0.000248, Epoch time: 2.92s
Epoch 196/300, Loss: 4.5356, Obj: 1.9729, Eq Viol (l1): 0.001028, Ineq Viol (l1): 0.000503, Epoch time: 2.88s
Epoch 197/300, Loss: 4.6430, Obj: 2.0559, Eq Viol (l1): 0.000139, Ineq Viol (l1): 0.000071, Epoch time: 2.88s
Epoch 198/300, Loss: 4.4509, Obj: 1.9641, Eq Viol (l1): 0.000934, Ineq Viol (l1): 0.000120, Epoch time: 2.85s
Epoch 199/300, Loss: 4.3638, Obj: 1.9197, Eq Viol (l1): 0.004052, Ineq Viol (l1): 0.000871, Epoch time: 2.90s
Epoch 200/300, Loss: 4.5214, Obj: 1.9098, Eq Viol (l1): 0.001249, Ineq Viol (l1): 0.000280, Epoch time: 2.88s
Epoch 201/300, Loss: 4.4320, Obj: 2.0058, Eq Viol (l1): 0.000067, Ineq Viol (l1): 0.000004, Epoch time: 2.83s

Running validation at epoch 200...

VALIDATION_EPOCH_200 EVALUATION RESULTS:
==================================================
Objective Value:     1.880086e+00
True Objective:      -2.413704e+00
Optimality Gap:      5.887729e+00 ± 2.557560e+00
Eq Violation l1:   8.237421e-05 (max: 3.531879e-02)
Ineq Violation l1: 6.103474e-06 (max: 3.063024e-03)
Solution Distance:   6.994815e+01 ± 1.803863e+00
Merit:             1.880971e+00 ± 4.282011e-02
Avg Inference Time:  0.1212s
==================================================
Epoch 202/300, Loss: 4.5061, Obj: 1.9603, Eq Viol (l1): 0.002035, Ineq Viol (l1): 0.000445, Epoch time: 2.82s
Epoch 203/300, Loss: 4.3774, Obj: 1.9043, Eq Viol (l1): 0.001366, Ineq Viol (l1): 0.000385, Epoch time: 3.00s
Epoch 204/300, Loss: 4.3411, Obj: 1.9327, Eq Viol (l1): 0.002364, Ineq Viol (l1): 0.000395, Epoch time: 2.84s
Epoch 205/300, Loss: 4.4561, Obj: 1.9436, Eq Viol (l1): 0.003129, Ineq Viol (l1): 0.001441, Epoch time: 2.89s
Epoch 206/300, Loss: 4.5856, Obj: 1.9873, Eq Viol (l1): 0.002111, Ineq Viol (l1): 0.001336, Epoch time: 2.83s
Epoch 207/300, Loss: 4.4971, Obj: 1.9329, Eq Viol (l1): 0.004726, Ineq Viol (l1): 0.002142, Epoch time: 2.83s
Epoch 208/300, Loss: 4.2135, Obj: 1.8190, Eq Viol (l1): 0.002819, Ineq Viol (l1): 0.001317, Epoch time: 2.84s
Epoch 209/300, Loss: 4.2675, Obj: 1.8348, Eq Viol (l1): 0.000861, Ineq Viol (l1): 0.000242, Epoch time: 2.88s
Epoch 210/300, Loss: 4.1281, Obj: 1.7418, Eq Viol (l1): 0.002292, Ineq Viol (l1): 0.001025, Epoch time: 2.84s
Epoch 211/300, Loss: 4.4074, Obj: 1.8614, Eq Viol (l1): 0.003340, Ineq Viol (l1): 0.001205, Epoch time: 2.85s

Running validation at epoch 210...

VALIDATION_EPOCH_210 EVALUATION RESULTS:
==================================================
Objective Value:     1.779757e+00
True Objective:      -2.413704e+00
Optimality Gap:      6.090324e+00 ± 2.674830e+00
Eq Violation l1:   2.666254e-05 (max: 7.152817e-03)
Ineq Violation l1: 2.004806e-07 (max: 5.604024e-05)
Solution Distance:   6.989417e+01 ± 1.743029e+00
Merit:             1.780026e+00 ± 8.657642e-02
Avg Inference Time:  0.1133s
==================================================
Epoch 212/300, Loss: 4.4160, Obj: 1.9654, Eq Viol (l1): 0.001172, Ineq Viol (l1): 0.000499, Epoch time: 2.84s
Epoch 213/300, Loss: 4.4227, Obj: 1.8445, Eq Viol (l1): 0.002124, Ineq Viol (l1): 0.001167, Epoch time: 2.89s
Epoch 214/300, Loss: 4.1982, Obj: 1.8522, Eq Viol (l1): 0.000537, Ineq Viol (l1): 0.000203, Epoch time: 2.83s
Epoch 215/300, Loss: 4.1297, Obj: 1.8075, Eq Viol (l1): 0.000033, Ineq Viol (l1): 0.000000, Epoch time: 2.87s
Epoch 216/300, Loss: 4.2451, Obj: 1.7903, Eq Viol (l1): 0.000549, Ineq Viol (l1): 0.000158, Epoch time: 2.86s
Epoch 217/300, Loss: 4.3780, Obj: 1.7809, Eq Viol (l1): 0.002444, Ineq Viol (l1): 0.000580, Epoch time: 2.94s
Epoch 218/300, Loss: 4.3267, Obj: 1.7842, Eq Viol (l1): 0.001090, Ineq Viol (l1): 0.000411, Epoch time: 2.85s
Epoch 219/300, Loss: 4.1783, Obj: 1.7566, Eq Viol (l1): 0.000236, Ineq Viol (l1): 0.000061, Epoch time: 2.83s
Epoch 220/300, Loss: 4.0816, Obj: 1.7733, Eq Viol (l1): 0.000044, Ineq Viol (l1): 0.000000, Epoch time: 2.78s
Epoch 221/300, Loss: 4.0282, Obj: 1.7883, Eq Viol (l1): 0.000039, Ineq Viol (l1): 0.000000, Epoch time: 2.81s

Running validation at epoch 220...

VALIDATION_EPOCH_220 EVALUATION RESULTS:
==================================================
Objective Value:     1.749986e+00
True Objective:      -2.413704e+00
Optimality Gap:      5.685000e+00 ± 2.471035e+00
Eq Violation l1:   1.377313e-05 (max: 2.414613e-03)
Ineq Violation l1: 1.015821e-07 (max: 2.867838e-05)
Solution Distance:   6.961650e+01 ± 1.957019e+00
Merit:             1.750124e+00 ± 5.293238e-02
Avg Inference Time:  0.1165s
==================================================
Epoch 222/300, Loss: 3.9477, Obj: 1.7480, Eq Viol (l1): 0.000044, Ineq Viol (l1): 0.000000, Epoch time: 2.80s
Epoch 223/300, Loss: 4.0489, Obj: 1.7576, Eq Viol (l1): 0.000040, Ineq Viol (l1): 0.000000, Epoch time: 2.79s
Epoch 224/300, Loss: 3.9576, Obj: 1.6910, Eq Viol (l1): 0.000036, Ineq Viol (l1): 0.000000, Epoch time: 2.84s
Epoch 225/300, Loss: 4.2030, Obj: 1.7101, Eq Viol (l1): 0.000037, Ineq Viol (l1): 0.000000, Epoch time: 2.80s
Epoch 226/300, Loss: 4.0476, Obj: 1.7236, Eq Viol (l1): 0.000041, Ineq Viol (l1): 0.000000, Epoch time: 2.82s
Epoch 227/300, Loss: 3.9199, Obj: 1.6654, Eq Viol (l1): 0.000042, Ineq Viol (l1): 0.000000, Epoch time: 2.82s
Epoch 228/300, Loss: 4.1522, Obj: 1.7779, Eq Viol (l1): 0.000110, Ineq Viol (l1): 0.000016, Epoch time: 2.88s
Epoch 229/300, Loss: 3.9469, Obj: 1.6985, Eq Viol (l1): 0.000041, Ineq Viol (l1): 0.000000, Epoch time: 2.80s
Epoch 230/300, Loss: 3.7781, Obj: 1.6467, Eq Viol (l1): 0.000041, Ineq Viol (l1): 0.000000, Epoch time: 2.79s
Epoch 231/300, Loss: 3.8856, Obj: 1.6187, Eq Viol (l1): 0.000044, Ineq Viol (l1): 0.000000, Epoch time: 2.78s

Running validation at epoch 230...

VALIDATION_EPOCH_230 EVALUATION RESULTS:
==================================================
Objective Value:     1.603424e+00
True Objective:      -2.413704e+00
Optimality Gap:      5.570043e+00 ± 2.429538e+00
Eq Violation l1:   3.516295e-05 (max: 6.398407e-03)
Ineq Violation l1: 1.207649e-06 (max: 4.905041e-04)
Solution Distance:   6.955916e+01 ± 2.069917e+00
Merit:             1.603788e+00 ± 8.102618e-02
Avg Inference Time:  0.1091s
==================================================
Epoch 232/300, Loss: 3.9173, Obj: 1.6127, Eq Viol (l1): 0.000038, Ineq Viol (l1): 0.000000, Epoch time: 2.85s
Epoch 233/300, Loss: 3.8599, Obj: 1.6768, Eq Viol (l1): 0.000043, Ineq Viol (l1): 0.000000, Epoch time: 2.79s
Epoch 234/300, Loss: 3.7623, Obj: 1.5668, Eq Viol (l1): 0.000041, Ineq Viol (l1): 0.000000, Epoch time: 2.81s
Epoch 235/300, Loss: 4.0465, Obj: 1.6296, Eq Viol (l1): 0.000037, Ineq Viol (l1): 0.000000, Epoch time: 2.81s
Epoch 236/300, Loss: 4.1796, Obj: 1.6511, Eq Viol (l1): 0.000042, Ineq Viol (l1): 0.000000, Epoch time: 2.89s
Epoch 237/300, Loss: 3.9114, Obj: 1.5782, Eq Viol (l1): 0.000041, Ineq Viol (l1): 0.000000, Epoch time: 2.80s
Epoch 238/300, Loss: 3.7644, Obj: 1.6302, Eq Viol (l1): 0.000039, Ineq Viol (l1): 0.000000, Epoch time: 2.79s
Epoch 239/300, Loss: 3.7034, Obj: 1.4784, Eq Viol (l1): 0.000032, Ineq Viol (l1): 0.000000, Epoch time: 2.85s
Epoch 240/300, Loss: 3.6584, Obj: 1.5543, Eq Viol (l1): 0.000041, Ineq Viol (l1): 0.000000, Epoch time: 2.80s
Epoch 241/300, Loss: 3.7162, Obj: 1.5326, Eq Viol (l1): 0.000044, Ineq Viol (l1): 0.000000, Epoch time: 2.78s

Running validation at epoch 240...

VALIDATION_EPOCH_240 EVALUATION RESULTS:
==================================================
Objective Value:     1.428930e+00
True Objective:      -2.413704e+00
Optimality Gap:      5.068325e+00 ± 2.205788e+00
Eq Violation l1:   1.254086e-05 (max: 2.776046e-03)
Ineq Violation l1: 3.578276e-07 (max: 1.633988e-04)
Solution Distance:   6.904039e+01 ± 2.231219e+00
Merit:             1.429059e+00 ± 8.306293e-02
Avg Inference Time:  0.1151s
==================================================
Epoch 242/300, Loss: 3.7183, Obj: 1.4657, Eq Viol (l1): 0.000036, Ineq Viol (l1): 0.000000, Epoch time: 2.81s
Epoch 243/300, Loss: 3.6297, Obj: 1.4712, Eq Viol (l1): 0.000045, Ineq Viol (l1): 0.000000, Epoch time: 2.79s
Epoch 244/300, Loss: 3.4820, Obj: 1.5070, Eq Viol (l1): 0.000048, Ineq Viol (l1): 0.000000, Epoch time: 2.76s
Epoch 245/300, Loss: 3.5255, Obj: 1.4160, Eq Viol (l1): 0.000042, Ineq Viol (l1): 0.000000, Epoch time: 2.80s
Epoch 246/300, Loss: 3.4468, Obj: 1.4370, Eq Viol (l1): 0.000044, Ineq Viol (l1): 0.000000, Epoch time: 2.78s
Epoch 247/300, Loss: 3.3900, Obj: 1.3543, Eq Viol (l1): 0.000045, Ineq Viol (l1): 0.000000, Epoch time: 2.79s
Epoch 248/300, Loss: 3.5741, Obj: 1.4455, Eq Viol (l1): 0.000044, Ineq Viol (l1): 0.000000, Epoch time: 2.77s
Epoch 249/300, Loss: 3.6713, Obj: 1.4514, Eq Viol (l1): 0.000037, Ineq Viol (l1): 0.000000, Epoch time: 2.81s
Epoch 250/300, Loss: 3.5250, Obj: 1.4252, Eq Viol (l1): 0.000040, Ineq Viol (l1): 0.000000, Epoch time: 2.80s
Epoch 251/300, Loss: 3.5594, Obj: 1.4742, Eq Viol (l1): 0.000040, Ineq Viol (l1): 0.000000, Epoch time: 2.80s

Running validation at epoch 250...

VALIDATION_EPOCH_250 EVALUATION RESULTS:
==================================================
Objective Value:     1.388750e+00
True Objective:      -2.413704e+00
Optimality Gap:      5.032361e+00 ± 2.278120e+00
Eq Violation l1:   3.858863e-05 (max: 1.657000e-02)
Ineq Violation l1: 2.406641e-06 (max: 1.211720e-03)
Solution Distance:   6.949216e+01 ± 1.907921e+00
Merit:             1.389160e+00 ± 3.039445e-02
Avg Inference Time:  0.1174s
==================================================
Epoch 252/300, Loss: 3.4608, Obj: 1.3664, Eq Viol (l1): 0.000045, Ineq Viol (l1): 0.000000, Epoch time: 2.78s
Epoch 253/300, Loss: 3.5362, Obj: 1.4140, Eq Viol (l1): 0.000048, Ineq Viol (l1): 0.000000, Epoch time: 2.78s
Epoch 254/300, Loss: 3.4092, Obj: 1.3959, Eq Viol (l1): 0.000041, Ineq Viol (l1): 0.000000, Epoch time: 2.79s
Epoch 255/300, Loss: 3.6564, Obj: 1.4020, Eq Viol (l1): 0.000040, Ineq Viol (l1): 0.000000, Epoch time: 2.78s
Epoch 256/300, Loss: 3.5581, Obj: 1.3835, Eq Viol (l1): 0.000043, Ineq Viol (l1): 0.000000, Epoch time: 2.77s
Epoch 257/300, Loss: 3.5084, Obj: 1.3520, Eq Viol (l1): 0.000074, Ineq Viol (l1): 0.000007, Epoch time: 2.81s
Epoch 258/300, Loss: 3.3862, Obj: 1.2549, Eq Viol (l1): 0.000036, Ineq Viol (l1): 0.000000, Epoch time: 2.89s
Epoch 259/300, Loss: 3.3432, Obj: 1.3198, Eq Viol (l1): 0.000038, Ineq Viol (l1): 0.000000, Epoch time: 2.79s
Epoch 260/300, Loss: 3.6157, Obj: 1.4100, Eq Viol (l1): 0.000044, Ineq Viol (l1): 0.000000, Epoch time: 2.79s
Epoch 261/300, Loss: 3.5459, Obj: 1.3067, Eq Viol (l1): 0.000089, Ineq Viol (l1): 0.000009, Epoch time: 2.84s

Running validation at epoch 260...

VALIDATION_EPOCH_260 EVALUATION RESULTS:
==================================================
Objective Value:     1.220192e+00
True Objective:      -2.413704e+00
Optimality Gap:      4.777082e+00 ± 2.126463e+00
Eq Violation l1:   1.674677e-05 (max: 2.781628e-03)
Ineq Violation l1: 8.375870e-07 (max: 3.172515e-04)
Solution Distance:   6.907419e+01 ± 2.421301e+00
Merit:             1.220368e+00 ± 9.558812e-02
Avg Inference Time:  0.1149s
==================================================
Epoch 262/300, Loss: 3.5084, Obj: 1.3758, Eq Viol (l1): 0.000038, Ineq Viol (l1): 0.000000, Epoch time: 2.80s
Epoch 263/300, Loss: 3.3264, Obj: 1.2968, Eq Viol (l1): 0.000045, Ineq Viol (l1): 0.000000, Epoch time: 2.76s
Epoch 264/300, Loss: 3.3217, Obj: 1.2222, Eq Viol (l1): 0.000035, Ineq Viol (l1): 0.000000, Epoch time: 2.79s
Epoch 265/300, Loss: 3.3213, Obj: 1.3121, Eq Viol (l1): 0.000037, Ineq Viol (l1): 0.000000, Epoch time: 2.79s
Epoch 266/300, Loss: 3.2183, Obj: 1.1994, Eq Viol (l1): 0.000038, Ineq Viol (l1): 0.000000, Epoch time: 2.75s
Epoch 267/300, Loss: 3.2633, Obj: 1.2240, Eq Viol (l1): 0.000041, Ineq Viol (l1): 0.000000, Epoch time: 2.74s
Epoch 268/300, Loss: 3.0708, Obj: 1.1725, Eq Viol (l1): 0.000042, Ineq Viol (l1): 0.000000, Epoch time: 2.85s
Epoch 269/300, Loss: 3.0215, Obj: 1.1564, Eq Viol (l1): 0.000043, Ineq Viol (l1): 0.000000, Epoch time: 2.75s
Epoch 270/300, Loss: 3.1172, Obj: 1.1711, Eq Viol (l1): 0.000037, Ineq Viol (l1): 0.000000, Epoch time: 2.74s
Epoch 271/300, Loss: 3.1525, Obj: 1.1204, Eq Viol (l1): 0.000038, Ineq Viol (l1): 0.000000, Epoch time: 2.75s

Running validation at epoch 270...

VALIDATION_EPOCH_270 EVALUATION RESULTS:
==================================================
Objective Value:     1.083310e+00
True Objective:      -2.413704e+00
Optimality Gap:      4.598219e+00 ± 2.125287e+00
Eq Violation l1:   2.710322e-05 (max: 8.641969e-03)
Ineq Violation l1: 6.681499e-07 (max: 2.791980e-04)
Solution Distance:   6.864076e+01 ± 2.053435e+00
Merit:             1.083588e+00 ± 3.830835e-02
Avg Inference Time:  0.1146s
==================================================
Epoch 272/300, Loss: 3.3587, Obj: 1.2071, Eq Viol (l1): 0.000051, Ineq Viol (l1): 0.000003, Epoch time: 2.77s
Epoch 273/300, Loss: 3.3527, Obj: 1.0442, Eq Viol (l1): 0.000097, Ineq Viol (l1): 0.000029, Epoch time: 2.81s
Epoch 274/300, Loss: 3.2900, Obj: 1.1212, Eq Viol (l1): 0.000040, Ineq Viol (l1): 0.000000, Epoch time: 2.81s
Epoch 275/300, Loss: 3.4547, Obj: 1.1892, Eq Viol (l1): 0.000680, Ineq Viol (l1): 0.000265, Epoch time: 2.79s
Epoch 276/300, Loss: 3.4188, Obj: 1.2164, Eq Viol (l1): 0.000103, Ineq Viol (l1): 0.000026, Epoch time: 2.81s
Epoch 277/300, Loss: 3.3575, Obj: 1.1106, Eq Viol (l1): 0.000972, Ineq Viol (l1): 0.000178, Epoch time: 2.82s
Epoch 278/300, Loss: 3.2827, Obj: 1.0893, Eq Viol (l1): 0.000454, Ineq Viol (l1): 0.000135, Epoch time: 2.78s
Epoch 279/300, Loss: 3.3155, Obj: 1.0454, Eq Viol (l1): 0.000695, Ineq Viol (l1): 0.000166, Epoch time: 2.80s
Epoch 280/300, Loss: 3.3654, Obj: 1.0992, Eq Viol (l1): 0.000076, Ineq Viol (l1): 0.000010, Epoch time: 2.79s
Epoch 281/300, Loss: 3.3094, Obj: 1.0871, Eq Viol (l1): 0.003175, Ineq Viol (l1): 0.001569, Epoch time: 2.78s

Running validation at epoch 280...

VALIDATION_EPOCH_280 EVALUATION RESULTS:
==================================================
Objective Value:     9.359513e-01
True Objective:      -2.413704e+00
Optimality Gap:      4.331978e+00 ± 2.014335e+00
Eq Violation l1:   1.369638e-05 (max: 3.465364e-03)
Ineq Violation l1: 1.142765e-07 (max: 2.020852e-05)
Solution Distance:   6.861237e+01 ± 2.529990e+00
Merit:             9.360895e-01 ± 8.387112e-02
Avg Inference Time:  0.1096s
==================================================
Epoch 282/300, Loss: 3.2293, Obj: 1.0600, Eq Viol (l1): 0.005542, Ineq Viol (l1): 0.003815, Epoch time: 2.81s
Epoch 283/300, Loss: 3.3625, Obj: 1.0538, Eq Viol (l1): 0.001601, Ineq Viol (l1): 0.001052, Epoch time: 2.81s
Epoch 284/300, Loss: 3.2688, Obj: 0.9013, Eq Viol (l1): 0.004468, Ineq Viol (l1): 0.002293, Epoch time: 2.80s
Epoch 285/300, Loss: 3.2895, Obj: 1.0438, Eq Viol (l1): 0.005944, Ineq Viol (l1): 0.003448, Epoch time: 2.82s
Epoch 286/300, Loss: 3.2127, Obj: 0.8691, Eq Viol (l1): 0.001164, Ineq Viol (l1): 0.000434, Epoch time: 2.88s
Epoch 287/300, Loss: 3.1007, Obj: 0.9832, Eq Viol (l1): 0.005812, Ineq Viol (l1): 0.003354, Epoch time: 2.76s
Epoch 288/300, Loss: 3.3296, Obj: 1.0025, Eq Viol (l1): 0.001852, Ineq Viol (l1): 0.001128, Epoch time: 2.84s
Epoch 289/300, Loss: 3.5982, Obj: 1.0212, Eq Viol (l1): 0.000577, Ineq Viol (l1): 0.000440, Epoch time: 2.85s
Epoch 290/300, Loss: 3.3618, Obj: 1.0173, Eq Viol (l1): 0.001042, Ineq Viol (l1): 0.000859, Epoch time: 2.83s
Epoch 291/300, Loss: 3.3827, Obj: 0.9139, Eq Viol (l1): 0.001930, Ineq Viol (l1): 0.001090, Epoch time: 2.80s

Running validation at epoch 290...

VALIDATION_EPOCH_290 EVALUATION RESULTS:
==================================================
Objective Value:     8.286064e-01
True Objective:      -2.413704e+00
Optimality Gap:      4.228097e+00 ± 2.156257e+00
Eq Violation l1:   4.866192e-05 (max: 1.995936e-02)
Ineq Violation l1: 8.917120e-06 (max: 4.555358e-03)
Solution Distance:   6.866007e+01 ± 2.028208e+00
Merit:             8.291822e-01 ± 3.101013e-02
Avg Inference Time:  0.1184s
==================================================
Epoch 292/300, Loss: 3.5533, Obj: 0.8763, Eq Viol (l1): 0.001131, Ineq Viol (l1): 0.001125, Epoch time: 2.81s
Epoch 293/300, Loss: 3.4749, Obj: 0.9672, Eq Viol (l1): 0.001779, Ineq Viol (l1): 0.001692, Epoch time: 2.79s
Epoch 294/300, Loss: 3.4062, Obj: 0.9104, Eq Viol (l1): 0.001488, Ineq Viol (l1): 0.001073, Epoch time: 2.85s
Epoch 295/300, Loss: 3.1363, Obj: 0.8892, Eq Viol (l1): 0.002089, Ineq Viol (l1): 0.001322, Epoch time: 2.79s
Epoch 296/300, Loss: 3.2312, Obj: 0.9230, Eq Viol (l1): 0.003663, Ineq Viol (l1): 0.002539, Epoch time: 2.78s
Epoch 297/300, Loss: 3.0952, Obj: 0.8257, Eq Viol (l1): 0.001892, Ineq Viol (l1): 0.001647, Epoch time: 2.76s
Epoch 298/300, Loss: 3.0474, Obj: 0.7745, Eq Viol (l1): 0.001648, Ineq Viol (l1): 0.000742, Epoch time: 2.83s
Epoch 299/300, Loss: 3.6203, Obj: 1.0436, Eq Viol (l1): 0.001177, Ineq Viol (l1): 0.000485, Epoch time: 2.82s
Epoch 300/300, Loss: 3.0899, Obj: 0.8732, Eq Viol (l1): 0.002083, Ineq Viol (l1): 0.001971, Epoch time: 2.90s

Training completed in 874.37 seconds.

============================================================
COMPREHENSIVE TEST EVALUATION WITH DETAILED RESULTS
============================================================
Testing with batch sizes: [256, 512]

Evaluating with batch size: 256 (with detailed results)

TEST_BS256 EVALUATION RESULTS:
==================================================
Objective Value:     6.451069e-01
True Objective:      -2.409220e+00
Optimality Gap:      3.068189e+00 ± 4.191891e+00
Eq Violation l1:   2.415988e-05 (max: 2.139039e-03)
Ineq Violation l1: 4.153788e-07 (max: 7.226736e-05)
Solution Distance:   7.057927e+01 ± 1.498062e+00
Merit:             6.453526e-01 ± 1.605626e-01
Avg Inference Time:  0.0938s
==================================================

Evaluating with batch size: 512 (with detailed results)

TEST_BS512 EVALUATION RESULTS:
==================================================
Objective Value:     6.414189e-01
True Objective:      -2.408634e+00
Optimality Gap:      2.940060e+00 ± 2.839601e+00
Eq Violation l1:   1.980560e-05 (max: 2.843748e-03)
Ineq Violation l1: 1.314564e-07 (max: 4.811975e-05)
Solution Distance:   7.056536e+01 ± 1.440627e+00
Merit:             6.416183e-01 ± 4.030696e-02
Avg Inference Time:  0.1051s
==================================================

TEST BATCH SIZE COMPARISON:
================================================================================
Batch Size   Objective    Opt Gap      Eq Viol      Ineq Viol    Time (s)  
--------------------------------------------------------------------------------
256          6.4511e-01   3.0682e+00   2.4160e-05   4.1538e-07   0.75      
512          6.4142e-01   2.9401e+00   1.9806e-05   1.3146e-07   0.42      
================================================================================

Saving model and results to: results/nonsmooth_nonconvex/socp/SOCPProblem-100-50-50-10000/20260107-053006_MLP_FSNet_seed0_nepochs300_lr0.0002_trainsize7000_finetune_20260106-202959_model_400
✓ Model saved: results/nonsmooth_nonconvex/socp/SOCPProblem-100-50-50-10000/20260107-053006_MLP_FSNet_seed0_nepochs300_lr0.0002_trainsize7000_finetune_20260106-202959_model_400/model.pt
✓ Detailed results saved: results/nonsmooth_nonconvex/socp/SOCPProblem-100-50-50-10000/20260107-053006_MLP_FSNet_seed0_nepochs300_lr0.0002_trainsize7000_finetune_20260106-202959_model_400/results.pkl

Files saved (or attempted):
  - model.pt (model weights and architecture)
  - results.pkl (training history, metrics, detailed test results)
Training and testing completed in 877.80 seconds
Done!!!
============================================================
==========         =====================         ===========
==========   0      =====================         ===========
==========         =====================         ===========
============================================================

======= Running for problem: nonsmooth_nonconvex/socp =======

Loading problem instance: nonsmooth_nonconvex/socp with size [100, 50, 50, 10000]
Loading  dataset from: datasets/nonsmooth_nonconvex/socp/random2025_socp_dataset_var100_ineq50_eq50_ex10000 

Running on:  cuda
Training model using FSNet method with seed 1 for 300 epochs
Using batch size: 512
Loading model from checkpoint: results/nonsmooth_nonconvex/socp/SOCPProblem-100-50-50-10000/20260106-202959_MLP_sup_seed1_dropout0.05_subopt_2_-10.0/model_400.pt

lr: 0.0002, weight_decay: 0.001, num_epochs: 300

Epoch 1/300, Loss: 7.6943, Obj: 2.5711, Eq Viol (l1): 0.000032, Ineq Viol (l1): 0.000000, Epoch time: 6.78s

Running validation at epoch 0...

VALIDATION_EPOCH_0 EVALUATION RESULTS:
==================================================
Objective Value:     4.170669e+00
True Objective:      -2.413704e+00
Optimality Gap:      9.070930e+00 ± 3.587223e+00
Eq Violation l1:   2.748352e-03 (max: 1.381419e+00)
Ineq Violation l1: 4.926643e-04 (max: 2.514604e-01)
Solution Distance:   8.046334e+01 ± 1.869520e+00
Merit:             4.203080e+00 ± 6.976871e-02
Avg Inference Time:  0.6439s
==================================================
Epoch 2/300, Loss: 6.8278, Obj: 2.7174, Eq Viol (l1): 0.000029, Ineq Viol (l1): 0.000000, Epoch time: 2.86s
Epoch 3/300, Loss: 6.3270, Obj: 3.1282, Eq Viol (l1): 0.000036, Ineq Viol (l1): 0.000000, Epoch time: 2.78s
Epoch 4/300, Loss: 6.1380, Obj: 3.3193, Eq Viol (l1): 0.000029, Ineq Viol (l1): 0.000000, Epoch time: 2.83s
Epoch 5/300, Loss: 6.0712, Obj: 3.2183, Eq Viol (l1): 0.000035, Ineq Viol (l1): 0.000000, Epoch time: 2.78s
Epoch 6/300, Loss: 6.0846, Obj: 3.1792, Eq Viol (l1): 0.000030, Ineq Viol (l1): 0.000000, Epoch time: 2.77s
Epoch 7/300, Loss: 6.0797, Obj: 3.2631, Eq Viol (l1): 0.000034, Ineq Viol (l1): 0.000000, Epoch time: 2.76s
Epoch 8/300, Loss: 6.1606, Obj: 3.3427, Eq Viol (l1): 0.000040, Ineq Viol (l1): 0.000000, Epoch time: 2.77s
Epoch 9/300, Loss: 6.0735, Obj: 3.2859, Eq Viol (l1): 0.000034, Ineq Viol (l1): 0.000000, Epoch time: 2.77s
Epoch 10/300, Loss: 6.1789, Obj: 3.3687, Eq Viol (l1): 0.000031, Ineq Viol (l1): 0.000000, Epoch time: 2.77s
Epoch 11/300, Loss: 6.1745, Obj: 3.3057, Eq Viol (l1): 0.000036, Ineq Viol (l1): 0.000000, Epoch time: 2.75s

Running validation at epoch 10...

VALIDATION_EPOCH_10 EVALUATION RESULTS:
==================================================
Objective Value:     4.056607e+00
True Objective:      -2.413704e+00
Optimality Gap:      8.899485e+00 ± 3.537916e+00
Eq Violation l1:   5.343925e-04 (max: 2.502860e-01)
Ineq Violation l1: 8.979654e-05 (max: 4.290554e-02)
Solution Distance:   7.967877e+01 ± 1.439045e+00
Merit:             4.062848e+00 ± 6.409307e-02
Avg Inference Time:  0.1198s
==================================================
Epoch 12/300, Loss: 6.2077, Obj: 3.4288, Eq Viol (l1): 0.000035, Ineq Viol (l1): 0.000000, Epoch time: 2.74s
Epoch 13/300, Loss: 6.3518, Obj: 3.3890, Eq Viol (l1): 0.000031, Ineq Viol (l1): 0.000000, Epoch time: 2.79s
Epoch 14/300, Loss: 6.5027, Obj: 3.4382, Eq Viol (l1): 0.000032, Ineq Viol (l1): 0.000000, Epoch time: 2.80s
Epoch 15/300, Loss: 6.5444, Obj: 3.5577, Eq Viol (l1): 0.000029, Ineq Viol (l1): 0.000000, Epoch time: 2.79s
Epoch 16/300, Loss: 6.5481, Obj: 3.5158, Eq Viol (l1): 0.000030, Ineq Viol (l1): 0.000000, Epoch time: 2.78s
Epoch 17/300, Loss: 6.4819, Obj: 3.5375, Eq Viol (l1): 0.000036, Ineq Viol (l1): 0.000000, Epoch time: 2.76s
Epoch 18/300, Loss: 6.3753, Obj: 3.4293, Eq Viol (l1): 0.000032, Ineq Viol (l1): 0.000000, Epoch time: 2.78s
Epoch 19/300, Loss: 6.4606, Obj: 3.4433, Eq Viol (l1): 0.000032, Ineq Viol (l1): 0.000000, Epoch time: 2.82s
Epoch 20/300, Loss: 6.5558, Obj: 3.5634, Eq Viol (l1): 0.000037, Ineq Viol (l1): 0.000000, Epoch time: 2.78s
Epoch 21/300, Loss: 6.7471, Obj: 3.4754, Eq Viol (l1): 0.000030, Ineq Viol (l1): 0.000000, Epoch time: 2.77s

Running validation at epoch 20...

VALIDATION_EPOCH_20 EVALUATION RESULTS:
==================================================
Objective Value:     3.839766e+00
True Objective:      -2.413704e+00
Optimality Gap:      8.680424e+00 ± 3.363694e+00
Eq Violation l1:   1.683288e-04 (max: 6.940618e-02)
Ineq Violation l1: 1.937234e-05 (max: 9.412604e-03)
Solution Distance:   7.840262e+01 ± 1.366239e+00
Merit:             3.841643e+00 ± 9.276865e-02
Avg Inference Time:  0.1196s
==================================================
Epoch 22/300, Loss: 6.7387, Obj: 3.4453, Eq Viol (l1): 0.000029, Ineq Viol (l1): 0.000001, Epoch time: 2.93s
Epoch 23/300, Loss: 6.7911, Obj: 3.4960, Eq Viol (l1): 0.000022, Ineq Viol (l1): 0.000000, Epoch time: 2.90s
Epoch 24/300, Loss: 6.9537, Obj: 3.6338, Eq Viol (l1): 0.000024, Ineq Viol (l1): 0.000000, Epoch time: 2.89s
Epoch 25/300, Loss: 6.8458, Obj: 3.4939, Eq Viol (l1): 0.000034, Ineq Viol (l1): 0.000000, Epoch time: 2.79s
Epoch 26/300, Loss: 6.5948, Obj: 3.6172, Eq Viol (l1): 0.000038, Ineq Viol (l1): 0.000001, Epoch time: 2.82s
Epoch 27/300, Loss: 6.4373, Obj: 3.4677, Eq Viol (l1): 0.000032, Ineq Viol (l1): 0.000000, Epoch time: 2.76s
Epoch 28/300, Loss: 6.4585, Obj: 3.4037, Eq Viol (l1): 0.000039, Ineq Viol (l1): 0.000000, Epoch time: 2.75s
Epoch 29/300, Loss: 6.6216, Obj: 3.5379, Eq Viol (l1): 0.000035, Ineq Viol (l1): 0.000000, Epoch time: 2.77s
Epoch 30/300, Loss: 6.4547, Obj: 3.4758, Eq Viol (l1): 0.000037, Ineq Viol (l1): 0.000000, Epoch time: 2.75s
Epoch 31/300, Loss: 6.5154, Obj: 3.4991, Eq Viol (l1): 0.000031, Ineq Viol (l1): 0.000000, Epoch time: 2.82s

Running validation at epoch 30...

VALIDATION_EPOCH_30 EVALUATION RESULTS:
==================================================
Objective Value:     3.800907e+00
True Objective:      -2.413704e+00
Optimality Gap:      8.742022e+00 ± 3.536393e+00
Eq Violation l1:   3.724055e-05 (max: 1.000077e-02)
Ineq Violation l1: 2.874736e-06 (max: 9.174332e-04)
Solution Distance:   7.854764e+01 ± 1.391313e+00
Merit:             3.801308e+00 ± 7.159260e-02
Avg Inference Time:  0.1196s
==================================================
Epoch 32/300, Loss: 6.4938, Obj: 3.4720, Eq Viol (l1): 0.000036, Ineq Viol (l1): 0.000000, Epoch time: 2.83s
Epoch 33/300, Loss: 6.7234, Obj: 3.4462, Eq Viol (l1): 0.000030, Ineq Viol (l1): 0.000000, Epoch time: 2.79s
Epoch 34/300, Loss: 6.5478, Obj: 3.4970, Eq Viol (l1): 0.000033, Ineq Viol (l1): 0.000000, Epoch time: 2.88s
Epoch 35/300, Loss: 6.3469, Obj: 3.4412, Eq Viol (l1): 0.000029, Ineq Viol (l1): 0.000000, Epoch time: 2.83s
Epoch 36/300, Loss: 6.1652, Obj: 3.2569, Eq Viol (l1): 0.000037, Ineq Viol (l1): 0.000000, Epoch time: 2.74s
Epoch 37/300, Loss: 6.2434, Obj: 3.3438, Eq Viol (l1): 0.000041, Ineq Viol (l1): 0.000001, Epoch time: 2.77s
Epoch 38/300, Loss: 6.2785, Obj: 3.3704, Eq Viol (l1): 0.000029, Ineq Viol (l1): 0.000000, Epoch time: 2.78s
Epoch 39/300, Loss: 6.1392, Obj: 3.3181, Eq Viol (l1): 0.000028, Ineq Viol (l1): 0.000000, Epoch time: 2.80s
Epoch 40/300, Loss: 6.1957, Obj: 3.3212, Eq Viol (l1): 0.000035, Ineq Viol (l1): 0.000000, Epoch time: 2.77s
Epoch 41/300, Loss: 6.1462, Obj: 3.3095, Eq Viol (l1): 0.000032, Ineq Viol (l1): 0.000000, Epoch time: 2.76s

Running validation at epoch 40...

VALIDATION_EPOCH_40 EVALUATION RESULTS:
==================================================
Objective Value:     3.722201e+00
True Objective:      -2.413704e+00
Optimality Gap:      8.448336e+00 ± 3.300051e+00
Eq Violation l1:   6.615685e-05 (max: 2.360160e-02)
Ineq Violation l1: 5.872751e-06 (max: 2.648511e-03)
Solution Distance:   7.797485e+01 ± 1.757151e+00
Merit:             3.722922e+00 ± 1.003457e-01
Avg Inference Time:  0.1197s
==================================================
Epoch 42/300, Loss: 6.4366, Obj: 3.3721, Eq Viol (l1): 0.000034, Ineq Viol (l1): 0.000000, Epoch time: 2.75s
Epoch 43/300, Loss: 6.5372, Obj: 3.4197, Eq Viol (l1): 0.000033, Ineq Viol (l1): 0.000000, Epoch time: 2.82s
Epoch 44/300, Loss: 6.5105, Obj: 3.4795, Eq Viol (l1): 0.000052, Ineq Viol (l1): 0.000001, Epoch time: 2.78s
Epoch 45/300, Loss: 6.3257, Obj: 3.2846, Eq Viol (l1): 0.000333, Ineq Viol (l1): 0.000042, Epoch time: 2.77s
Epoch 46/300, Loss: 6.4250, Obj: 3.3821, Eq Viol (l1): 0.002273, Ineq Viol (l1): 0.000617, Epoch time: 2.79s
Epoch 47/300, Loss: 6.7937, Obj: 3.5468, Eq Viol (l1): 0.000688, Ineq Viol (l1): 0.000159, Epoch time: 2.84s
Epoch 48/300, Loss: 6.7597, Obj: 3.3557, Eq Viol (l1): 0.002895, Ineq Viol (l1): 0.000676, Epoch time: 2.80s
Epoch 49/300, Loss: 6.5797, Obj: 3.3265, Eq Viol (l1): 0.000132, Ineq Viol (l1): 0.000017, Epoch time: 2.84s
Epoch 50/300, Loss: 6.4170, Obj: 3.2961, Eq Viol (l1): 0.000037, Ineq Viol (l1): 0.000000, Epoch time: 2.79s
Epoch 51/300, Loss: 6.4168, Obj: 3.2499, Eq Viol (l1): 0.002866, Ineq Viol (l1): 0.000674, Epoch time: 2.74s

Running validation at epoch 50...

VALIDATION_EPOCH_50 EVALUATION RESULTS:
==================================================
Objective Value:     3.561114e+00
True Objective:      -2.413704e+00
Optimality Gap:      8.634220e+00 ± 3.684055e+00
Eq Violation l1:   4.589839e-05 (max: 1.310896e-02)
Ineq Violation l1: 1.763095e-06 (max: 7.438483e-04)
Solution Distance:   7.724251e+01 ± 1.968209e+00
Merit:             3.561590e+00 ± 1.406844e-01
Avg Inference Time:  0.1201s
==================================================
Epoch 52/300, Loss: 6.2930, Obj: 3.2119, Eq Viol (l1): 0.002284, Ineq Viol (l1): 0.000529, Epoch time: 2.85s
Epoch 53/300, Loss: 6.3381, Obj: 3.4388, Eq Viol (l1): 0.006621, Ineq Viol (l1): 0.001591, Epoch time: 2.78s
Epoch 54/300, Loss: 6.2419, Obj: 3.2673, Eq Viol (l1): 0.006636, Ineq Viol (l1): 0.001567, Epoch time: 2.83s
Epoch 55/300, Loss: 6.2535, Obj: 3.3176, Eq Viol (l1): 0.001502, Ineq Viol (l1): 0.000401, Epoch time: 2.79s
Epoch 56/300, Loss: 6.1721, Obj: 3.1551, Eq Viol (l1): 0.000460, Ineq Viol (l1): 0.000177, Epoch time: 2.77s
Epoch 57/300, Loss: 6.2610, Obj: 3.2984, Eq Viol (l1): 0.002200, Ineq Viol (l1): 0.000512, Epoch time: 2.83s
Epoch 58/300, Loss: 6.3064, Obj: 3.3147, Eq Viol (l1): 0.011149, Ineq Viol (l1): 0.003303, Epoch time: 2.87s
Epoch 59/300, Loss: 6.2554, Obj: 3.2396, Eq Viol (l1): 0.000955, Ineq Viol (l1): 0.000376, Epoch time: 2.78s
Epoch 60/300, Loss: 6.1845, Obj: 3.2123, Eq Viol (l1): 0.000077, Ineq Viol (l1): 0.000006, Epoch time: 2.84s
Epoch 61/300, Loss: 5.9814, Obj: 3.1186, Eq Viol (l1): 0.001231, Ineq Viol (l1): 0.000346, Epoch time: 2.77s

Running validation at epoch 60...

VALIDATION_EPOCH_60 EVALUATION RESULTS:
==================================================
Objective Value:     3.378136e+00
True Objective:      -2.413704e+00
Optimality Gap:      7.759340e+00 ± 3.046076e+00
Eq Violation l1:   2.348486e-05 (max: 3.480647e-03)
Ineq Violation l1: 6.226497e-07 (max: 2.154107e-04)
Solution Distance:   7.591578e+01 ± 1.764538e+00
Merit:             3.378377e+00 ± 9.699811e-02
Avg Inference Time:  0.1141s
==================================================
Epoch 62/300, Loss: 6.0395, Obj: 3.1667, Eq Viol (l1): 0.000102, Ineq Viol (l1): 0.000015, Epoch time: 2.82s
Epoch 63/300, Loss: 5.9447, Obj: 3.1414, Eq Viol (l1): 0.000144, Ineq Viol (l1): 0.000036, Epoch time: 2.78s
Epoch 64/300, Loss: 5.8579, Obj: 3.1382, Eq Viol (l1): 0.000263, Ineq Viol (l1): 0.000055, Epoch time: 2.80s
Epoch 65/300, Loss: 5.8164, Obj: 3.0532, Eq Viol (l1): 0.000041, Ineq Viol (l1): 0.000000, Epoch time: 2.74s
Epoch 66/300, Loss: 5.9446, Obj: 3.1836, Eq Viol (l1): 0.000038, Ineq Viol (l1): 0.000000, Epoch time: 2.72s
Epoch 67/300, Loss: 6.0725, Obj: 3.2115, Eq Viol (l1): 0.000039, Ineq Viol (l1): 0.000000, Epoch time: 2.76s
Epoch 68/300, Loss: 5.9701, Obj: 3.2005, Eq Viol (l1): 0.000036, Ineq Viol (l1): 0.000000, Epoch time: 2.84s
Epoch 69/300, Loss: 5.8298, Obj: 3.0677, Eq Viol (l1): 0.000044, Ineq Viol (l1): 0.000000, Epoch time: 2.71s
Epoch 70/300, Loss: 5.8854, Obj: 2.9528, Eq Viol (l1): 0.000044, Ineq Viol (l1): 0.000000, Epoch time: 2.74s
Epoch 71/300, Loss: 5.8170, Obj: 3.1067, Eq Viol (l1): 0.000032, Ineq Viol (l1): 0.000000, Epoch time: 2.78s

Running validation at epoch 70...

VALIDATION_EPOCH_70 EVALUATION RESULTS:
==================================================
Objective Value:     3.301386e+00
True Objective:      -2.413704e+00
Optimality Gap:      7.587909e+00 ± 3.003781e+00
Eq Violation l1:   6.248198e-05 (max: 1.889858e-02)
Ineq Violation l1: 1.043356e-07 (max: 4.851382e-05)
Solution Distance:   7.580086e+01 ± 1.908415e+00
Merit:             3.302012e+00 ± 1.268322e-01
Avg Inference Time:  0.1194s
==================================================
Epoch 72/300, Loss: 5.7048, Obj: 3.0303, Eq Viol (l1): 0.000042, Ineq Viol (l1): 0.000000, Epoch time: 2.72s
Epoch 73/300, Loss: 5.6216, Obj: 3.0117, Eq Viol (l1): 0.000035, Ineq Viol (l1): 0.000000, Epoch time: 2.77s
Epoch 74/300, Loss: 5.5405, Obj: 2.9522, Eq Viol (l1): 0.000044, Ineq Viol (l1): 0.000000, Epoch time: 2.73s
Epoch 75/300, Loss: 5.4230, Obj: 2.9086, Eq Viol (l1): 0.000051, Ineq Viol (l1): 0.000000, Epoch time: 2.69s
Epoch 76/300, Loss: 5.5987, Obj: 2.9843, Eq Viol (l1): 0.000044, Ineq Viol (l1): 0.000000, Epoch time: 2.73s
Epoch 77/300, Loss: 5.4719, Obj: 2.9490, Eq Viol (l1): 0.000043, Ineq Viol (l1): 0.000000, Epoch time: 2.70s
Epoch 78/300, Loss: 5.4222, Obj: 2.9052, Eq Viol (l1): 0.000040, Ineq Viol (l1): 0.000000, Epoch time: 2.72s
Epoch 79/300, Loss: 5.5832, Obj: 2.9276, Eq Viol (l1): 0.000036, Ineq Viol (l1): 0.000000, Epoch time: 2.72s
Epoch 80/300, Loss: 5.4401, Obj: 2.8622, Eq Viol (l1): 0.000034, Ineq Viol (l1): 0.000000, Epoch time: 2.78s
Epoch 81/300, Loss: 5.7081, Obj: 3.1814, Eq Viol (l1): 0.000040, Ineq Viol (l1): 0.000000, Epoch time: 2.73s

Running validation at epoch 80...

VALIDATION_EPOCH_80 EVALUATION RESULTS:
==================================================
Objective Value:     3.085780e+00
True Objective:      -2.413704e+00
Optimality Gap:      7.482584e+00 ± 2.960591e+00
Eq Violation l1:   1.782813e-05 (max: 2.539076e-03)
Ineq Violation l1: 2.390824e-07 (max: 8.380812e-05)
Solution Distance:   7.519203e+01 ± 2.087408e+00
Merit:             3.085961e+00 ± 1.085017e-01
Avg Inference Time:  0.1145s
==================================================
Epoch 82/300, Loss: 5.6118, Obj: 3.0042, Eq Viol (l1): 0.000038, Ineq Viol (l1): 0.000000, Epoch time: 2.74s
Epoch 83/300, Loss: 5.4501, Obj: 2.8097, Eq Viol (l1): 0.000034, Ineq Viol (l1): 0.000000, Epoch time: 2.75s
Epoch 84/300, Loss: 5.6148, Obj: 2.9399, Eq Viol (l1): 0.000041, Ineq Viol (l1): 0.000000, Epoch time: 2.72s
Epoch 85/300, Loss: 5.5105, Obj: 2.8541, Eq Viol (l1): 0.000039, Ineq Viol (l1): 0.000000, Epoch time: 2.76s
Epoch 86/300, Loss: 5.4995, Obj: 2.9991, Eq Viol (l1): 0.000035, Ineq Viol (l1): 0.000000, Epoch time: 2.78s
Epoch 87/300, Loss: 5.4857, Obj: 2.8805, Eq Viol (l1): 0.000034, Ineq Viol (l1): 0.000000, Epoch time: 2.73s
Epoch 88/300, Loss: 5.3690, Obj: 2.8520, Eq Viol (l1): 0.000041, Ineq Viol (l1): 0.000000, Epoch time: 2.73s
Epoch 89/300, Loss: 5.2754, Obj: 2.8399, Eq Viol (l1): 0.000045, Ineq Viol (l1): 0.000000, Epoch time: 2.70s
Epoch 90/300, Loss: 5.2221, Obj: 2.7374, Eq Viol (l1): 0.000041, Ineq Viol (l1): 0.000000, Epoch time: 2.73s
Epoch 91/300, Loss: 5.3171, Obj: 2.7456, Eq Viol (l1): 0.000034, Ineq Viol (l1): 0.000000, Epoch time: 2.78s

Running validation at epoch 90...

VALIDATION_EPOCH_90 EVALUATION RESULTS:
==================================================
Objective Value:     3.055576e+00
True Objective:      -2.413704e+00
Optimality Gap:      7.535623e+00 ± 2.873388e+00
Eq Violation l1:   1.336402e-04 (max: 5.740139e-02)
Ineq Violation l1: 1.051315e-05 (max: 4.971858e-03)
Solution Distance:   7.478648e+01 ± 1.908348e+00
Merit:             3.057018e+00 ± 1.250748e-01
Avg Inference Time:  0.1197s
==================================================
Epoch 92/300, Loss: 5.4424, Obj: 2.8860, Eq Viol (l1): 0.000034, Ineq Viol (l1): 0.000000, Epoch time: 2.76s
Epoch 93/300, Loss: 5.4673, Obj: 2.7428, Eq Viol (l1): 0.000046, Ineq Viol (l1): 0.000001, Epoch time: 2.78s
Epoch 94/300, Loss: 5.1863, Obj: 2.6986, Eq Viol (l1): 0.000036, Ineq Viol (l1): 0.000000, Epoch time: 2.77s
Epoch 95/300, Loss: 5.2720, Obj: 2.7144, Eq Viol (l1): 0.000036, Ineq Viol (l1): 0.000000, Epoch time: 2.75s
Epoch 96/300, Loss: 5.6814, Obj: 2.9069, Eq Viol (l1): 0.000034, Ineq Viol (l1): 0.000000, Epoch time: 2.75s
Epoch 97/300, Loss: 5.2134, Obj: 2.7282, Eq Viol (l1): 0.000035, Ineq Viol (l1): 0.000000, Epoch time: 2.77s
Epoch 98/300, Loss: 5.1202, Obj: 2.6817, Eq Viol (l1): 0.000035, Ineq Viol (l1): 0.000000, Epoch time: 2.75s
Epoch 99/300, Loss: 5.2539, Obj: 2.7956, Eq Viol (l1): 0.000047, Ineq Viol (l1): 0.000002, Epoch time: 2.83s
Epoch 100/300, Loss: 5.2952, Obj: 2.7046, Eq Viol (l1): 0.000037, Ineq Viol (l1): 0.000000, Epoch time: 2.73s
Epoch 101/300, Loss: 5.2739, Obj: 2.7626, Eq Viol (l1): 0.000039, Ineq Viol (l1): 0.000000, Epoch time: 2.85s

Running validation at epoch 100...

VALIDATION_EPOCH_100 EVALUATION RESULTS:
==================================================
Objective Value:     2.909138e+00
True Objective:      -2.413704e+00
Optimality Gap:      7.223593e+00 ± 2.721980e+00
Eq Violation l1:   1.370202e-05 (max: 3.192649e-03)
Ineq Violation l1: 4.920858e-07 (max: 2.087008e-04)
Solution Distance:   7.413504e+01 ± 1.419483e+00
Merit:             2.909280e+00 ± 1.186118e-01
Avg Inference Time:  0.1193s
==================================================
Epoch 102/300, Loss: 5.0466, Obj: 2.6772, Eq Viol (l1): 0.000045, Ineq Viol (l1): 0.000000, Epoch time: 2.69s
Epoch 103/300, Loss: 5.1338, Obj: 2.6830, Eq Viol (l1): 0.000036, Ineq Viol (l1): 0.000000, Epoch time: 2.78s
Epoch 104/300, Loss: 5.0963, Obj: 2.6284, Eq Viol (l1): 0.000029, Ineq Viol (l1): 0.000000, Epoch time: 2.78s
Epoch 105/300, Loss: 5.3995, Obj: 2.8110, Eq Viol (l1): 0.000036, Ineq Viol (l1): 0.000000, Epoch time: 2.75s
Epoch 106/300, Loss: 5.1023, Obj: 2.6106, Eq Viol (l1): 0.000037, Ineq Viol (l1): 0.000000, Epoch time: 2.74s
Epoch 107/300, Loss: 5.1545, Obj: 2.6346, Eq Viol (l1): 0.000040, Ineq Viol (l1): 0.000000, Epoch time: 2.75s
Epoch 108/300, Loss: 5.1567, Obj: 2.6392, Eq Viol (l1): 0.000032, Ineq Viol (l1): 0.000000, Epoch time: 2.80s
Epoch 109/300, Loss: 5.2007, Obj: 2.6299, Eq Viol (l1): 0.000039, Ineq Viol (l1): 0.000000, Epoch time: 2.78s
Epoch 110/300, Loss: 5.0136, Obj: 2.5942, Eq Viol (l1): 0.000037, Ineq Viol (l1): 0.000000, Epoch time: 2.73s
Epoch 111/300, Loss: 4.9329, Obj: 2.5448, Eq Viol (l1): 0.000040, Ineq Viol (l1): 0.000000, Epoch time: 2.72s

Running validation at epoch 110...

VALIDATION_EPOCH_110 EVALUATION RESULTS:
==================================================
Objective Value:     2.860438e+00
True Objective:      -2.413704e+00
Optimality Gap:      7.242092e+00 ± 2.920889e+00
Eq Violation l1:   9.521903e-05 (max: 3.700422e-02)
Ineq Violation l1: 9.409407e-06 (max: 4.492718e-03)
Solution Distance:   7.369705e+01 ± 1.802518e+00
Merit:             2.861484e+00 ± 1.310080e-01
Avg Inference Time:  0.1195s
==================================================
Epoch 112/300, Loss: 4.9587, Obj: 2.5433, Eq Viol (l1): 0.000037, Ineq Viol (l1): 0.000000, Epoch time: 2.74s
Epoch 113/300, Loss: 5.0432, Obj: 2.5434, Eq Viol (l1): 0.000035, Ineq Viol (l1): 0.000000, Epoch time: 2.73s
Epoch 114/300, Loss: 4.9823, Obj: 2.5939, Eq Viol (l1): 0.000036, Ineq Viol (l1): 0.000000, Epoch time: 2.73s
Epoch 115/300, Loss: 5.0536, Obj: 2.6294, Eq Viol (l1): 0.000034, Ineq Viol (l1): 0.000000, Epoch time: 2.77s
Epoch 116/300, Loss: 4.8186, Obj: 2.4886, Eq Viol (l1): 0.000033, Ineq Viol (l1): 0.000000, Epoch time: 2.74s
Epoch 117/300, Loss: 4.7876, Obj: 2.5068, Eq Viol (l1): 0.000047, Ineq Viol (l1): 0.000000, Epoch time: 2.70s
Epoch 118/300, Loss: 4.6881, Obj: 2.4347, Eq Viol (l1): 0.000042, Ineq Viol (l1): 0.000000, Epoch time: 2.72s
Epoch 119/300, Loss: 4.7350, Obj: 2.3892, Eq Viol (l1): 0.000034, Ineq Viol (l1): 0.000000, Epoch time: 2.78s
Epoch 120/300, Loss: 4.7067, Obj: 2.4620, Eq Viol (l1): 0.000041, Ineq Viol (l1): 0.000000, Epoch time: 2.71s
Epoch 121/300, Loss: 4.6220, Obj: 2.4270, Eq Viol (l1): 0.000037, Ineq Viol (l1): 0.000000, Epoch time: 2.73s

Running validation at epoch 120...

VALIDATION_EPOCH_120 EVALUATION RESULTS:
==================================================
Objective Value:     2.864551e+00
True Objective:      -2.413704e+00
Optimality Gap:      7.262939e+00 ± 2.872329e+00
Eq Violation l1:   1.282441e-04 (max: 5.156257e-02)
Ineq Violation l1: 1.632664e-05 (max: 7.650450e-03)
Solution Distance:   7.337494e+01 ± 2.062160e+00
Merit:             2.865997e+00 ± 1.330595e-01
Avg Inference Time:  0.1171s
==================================================
Epoch 122/300, Loss: 4.8461, Obj: 2.4286, Eq Viol (l1): 0.000041, Ineq Viol (l1): 0.000000, Epoch time: 2.78s
Epoch 123/300, Loss: 5.0791, Obj: 2.4655, Eq Viol (l1): 0.000036, Ineq Viol (l1): 0.000000, Epoch time: 2.80s
Epoch 124/300, Loss: 5.3228, Obj: 2.5212, Eq Viol (l1): 0.000053, Ineq Viol (l1): 0.000002, Epoch time: 2.82s
Epoch 125/300, Loss: 5.0353, Obj: 2.5147, Eq Viol (l1): 0.000032, Ineq Viol (l1): 0.000000, Epoch time: 2.81s
Epoch 126/300, Loss: 4.9316, Obj: 2.4212, Eq Viol (l1): 0.000045, Ineq Viol (l1): 0.000000, Epoch time: 2.79s
Epoch 127/300, Loss: 4.9860, Obj: 2.3978, Eq Viol (l1): 0.000062, Ineq Viol (l1): 0.000005, Epoch time: 2.77s
Epoch 128/300, Loss: 5.2095, Obj: 2.4527, Eq Viol (l1): 0.000619, Ineq Viol (l1): 0.000119, Epoch time: 2.85s
Epoch 129/300, Loss: 4.9799, Obj: 2.4512, Eq Viol (l1): 0.000139, Ineq Viol (l1): 0.000031, Epoch time: 2.81s
Epoch 130/300, Loss: 5.0095, Obj: 2.5335, Eq Viol (l1): 0.000031, Ineq Viol (l1): 0.000000, Epoch time: 2.84s
Epoch 131/300, Loss: 4.8167, Obj: 2.3221, Eq Viol (l1): 0.000030, Ineq Viol (l1): 0.000000, Epoch time: 2.87s

Running validation at epoch 130...

VALIDATION_EPOCH_130 EVALUATION RESULTS:
==================================================
Objective Value:     2.634189e+00
True Objective:      -2.413704e+00
Optimality Gap:      6.674949e+00 ± 2.531528e+00
Eq Violation l1:   8.280350e-05 (max: 2.380619e-02)
Ineq Violation l1: 3.302246e-06 (max: 1.093604e-03)
Solution Distance:   7.258791e+01 ± 1.552201e+00
Merit:             2.635050e+00 ± 1.188958e-01
Avg Inference Time:  0.1195s
==================================================
Epoch 132/300, Loss: 4.8513, Obj: 2.3688, Eq Viol (l1): 0.000112, Ineq Viol (l1): 0.000007, Epoch time: 2.84s
Epoch 133/300, Loss: 5.3515, Obj: 2.4749, Eq Viol (l1): 0.002511, Ineq Viol (l1): 0.000665, Epoch time: 2.77s
Epoch 134/300, Loss: 5.2461, Obj: 2.4519, Eq Viol (l1): 0.003192, Ineq Viol (l1): 0.000780, Epoch time: 2.97s
Epoch 135/300, Loss: 5.2444, Obj: 2.4922, Eq Viol (l1): 0.002304, Ineq Viol (l1): 0.000739, Epoch time: 2.84s
Epoch 136/300, Loss: 5.1117, Obj: 2.3656, Eq Viol (l1): 0.005099, Ineq Viol (l1): 0.001684, Epoch time: 2.90s
Epoch 137/300, Loss: 5.2170, Obj: 2.4849, Eq Viol (l1): 0.005011, Ineq Viol (l1): 0.001240, Epoch time: 2.83s
Epoch 138/300, Loss: 5.1485, Obj: 2.3914, Eq Viol (l1): 0.006505, Ineq Viol (l1): 0.001532, Epoch time: 2.82s
Epoch 139/300, Loss: 4.9052, Obj: 2.3809, Eq Viol (l1): 0.008165, Ineq Viol (l1): 0.001804, Epoch time: 2.84s
Epoch 140/300, Loss: 4.8132, Obj: 2.3822, Eq Viol (l1): 0.004875, Ineq Viol (l1): 0.001117, Epoch time: 2.83s
Epoch 141/300, Loss: 5.2781, Obj: 2.2756, Eq Viol (l1): 0.004463, Ineq Viol (l1): 0.000458, Epoch time: 2.80s

Running validation at epoch 140...

VALIDATION_EPOCH_140 EVALUATION RESULTS:
==================================================
Objective Value:     2.650445e+00
True Objective:      -2.413704e+00
Optimality Gap:      6.842746e+00 ± 2.667727e+00
Eq Violation l1:   1.617914e-05 (max: 2.746218e-03)
Ineq Violation l1: 4.051909e-07 (max: 1.641521e-04)
Solution Distance:   7.232726e+01 ± 1.871676e+00
Merit:             2.650611e+00 ± 1.185167e-01
Avg Inference Time:  0.1146s
==================================================
Epoch 142/300, Loss: 5.1652, Obj: 2.4495, Eq Viol (l1): 0.011159, Ineq Viol (l1): 0.002533, Epoch time: 2.88s
Epoch 143/300, Loss: 5.1112, Obj: 2.4021, Eq Viol (l1): 0.007043, Ineq Viol (l1): 0.001756, Epoch time: 2.85s
Epoch 144/300, Loss: 5.1385, Obj: 2.3593, Eq Viol (l1): 0.006860, Ineq Viol (l1): 0.002203, Epoch time: 2.82s
Epoch 145/300, Loss: 5.3034, Obj: 2.2990, Eq Viol (l1): 0.007279, Ineq Viol (l1): 0.002726, Epoch time: 2.85s
Epoch 146/300, Loss: 5.0575, Obj: 2.3649, Eq Viol (l1): 0.016674, Ineq Viol (l1): 0.005640, Epoch time: 2.84s
Epoch 147/300, Loss: 5.0694, Obj: 2.3236, Eq Viol (l1): 0.011365, Ineq Viol (l1): 0.004066, Epoch time: 2.85s
Epoch 148/300, Loss: 5.0152, Obj: 2.3723, Eq Viol (l1): 0.016790, Ineq Viol (l1): 0.004871, Epoch time: 2.81s
Epoch 149/300, Loss: 5.0393, Obj: 2.2222, Eq Viol (l1): 0.007225, Ineq Viol (l1): 0.001590, Epoch time: 2.82s
Epoch 150/300, Loss: 4.8910, Obj: 2.2825, Eq Viol (l1): 0.018827, Ineq Viol (l1): 0.004828, Epoch time: 2.87s
Epoch 151/300, Loss: 4.8342, Obj: 2.2265, Eq Viol (l1): 0.009585, Ineq Viol (l1): 0.002359, Epoch time: 2.79s

Running validation at epoch 150...

VALIDATION_EPOCH_150 EVALUATION RESULTS:
==================================================
Objective Value:     2.299223e+00
True Objective:      -2.413704e+00
Optimality Gap:      6.235917e+00 ± 2.554616e+00
Eq Violation l1:   2.353743e-05 (max: 6.612378e-03)
Ineq Violation l1: 1.429138e-07 (max: 3.637161e-05)
Solution Distance:   7.144872e+01 ± 1.901828e+00
Merit:             2.299460e+00 ± 9.400144e-02
Avg Inference Time:  0.1152s
==================================================
Epoch 152/300, Loss: 4.8772, Obj: 2.2696, Eq Viol (l1): 0.009814, Ineq Viol (l1): 0.002654, Epoch time: 2.82s
Epoch 153/300, Loss: 4.8293, Obj: 2.2851, Eq Viol (l1): 0.013754, Ineq Viol (l1): 0.003746, Epoch time: 2.84s
Epoch 154/300, Loss: 5.0560, Obj: 2.3268, Eq Viol (l1): 0.012956, Ineq Viol (l1): 0.004322, Epoch time: 2.88s
Epoch 155/300, Loss: 5.0934, Obj: 2.2595, Eq Viol (l1): 0.002347, Ineq Viol (l1): 0.000964, Epoch time: 2.87s
Epoch 156/300, Loss: 5.0278, Obj: 2.3571, Eq Viol (l1): 0.007480, Ineq Viol (l1): 0.002069, Epoch time: 2.81s
Epoch 157/300, Loss: 5.1987, Obj: 2.2424, Eq Viol (l1): 0.006457, Ineq Viol (l1): 0.001296, Epoch time: 2.85s
Epoch 158/300, Loss: 5.2418, Obj: 2.2904, Eq Viol (l1): 0.006900, Ineq Viol (l1): 0.003070, Epoch time: 2.84s
Epoch 159/300, Loss: 5.0763, Obj: 2.2734, Eq Viol (l1): 0.010396, Ineq Viol (l1): 0.003508, Epoch time: 2.87s
Epoch 160/300, Loss: 5.0881, Obj: 2.1964, Eq Viol (l1): 0.010447, Ineq Viol (l1): 0.003581, Epoch time: 2.84s
Epoch 161/300, Loss: 4.8939, Obj: 2.2101, Eq Viol (l1): 0.020766, Ineq Viol (l1): 0.007585, Epoch time: 2.93s

Running validation at epoch 160...

VALIDATION_EPOCH_160 EVALUATION RESULTS:
==================================================
Objective Value:     2.204601e+00
True Objective:      -2.413704e+00
Optimality Gap:      6.214747e+00 ± 2.540176e+00
Eq Violation l1:   2.640572e-04 (max: 1.276944e-01)
Ineq Violation l1: 5.512045e-05 (max: 2.817373e-02)
Solution Distance:   7.086543e+01 ± 1.659564e+00
Merit:             2.207793e+00 ± 1.039287e-01
Avg Inference Time:  0.1195s
==================================================
Epoch 162/300, Loss: 4.8608, Obj: 2.1698, Eq Viol (l1): 0.009111, Ineq Viol (l1): 0.004045, Epoch time: 2.88s
Epoch 163/300, Loss: 5.0970, Obj: 2.2430, Eq Viol (l1): 0.008757, Ineq Viol (l1): 0.003028, Epoch time: 2.89s
Epoch 164/300, Loss: 5.2638, Obj: 2.1593, Eq Viol (l1): 0.003849, Ineq Viol (l1): 0.000862, Epoch time: 2.87s
Epoch 165/300, Loss: 5.0749, Obj: 2.1561, Eq Viol (l1): 0.009633, Ineq Viol (l1): 0.005330, Epoch time: 2.84s
Epoch 166/300, Loss: 4.9972, Obj: 2.2016, Eq Viol (l1): 0.012895, Ineq Viol (l1): 0.003948, Epoch time: 2.85s
Epoch 167/300, Loss: 4.9609, Obj: 2.0895, Eq Viol (l1): 0.004353, Ineq Viol (l1): 0.001304, Epoch time: 2.88s
Epoch 168/300, Loss: 5.0718, Obj: 2.1980, Eq Viol (l1): 0.002469, Ineq Viol (l1): 0.000768, Epoch time: 2.96s
Epoch 169/300, Loss: 4.8431, Obj: 2.0428, Eq Viol (l1): 0.001325, Ineq Viol (l1): 0.000438, Epoch time: 2.88s
Epoch 170/300, Loss: 5.2047, Obj: 2.2087, Eq Viol (l1): 0.003811, Ineq Viol (l1): 0.001094, Epoch time: 2.86s
Epoch 171/300, Loss: 5.1216, Obj: 2.1744, Eq Viol (l1): 0.004260, Ineq Viol (l1): 0.001675, Epoch time: 2.90s

Running validation at epoch 170...

VALIDATION_EPOCH_170 EVALUATION RESULTS:
==================================================
Objective Value:     2.458263e+00
True Objective:      -2.413704e+00
Optimality Gap:      6.691374e+00 ± 2.638966e+00
Eq Violation l1:   4.731801e-05 (max: 1.866325e-02)
Ineq Violation l1: 1.244887e-06 (max: 5.702382e-04)
Solution Distance:   7.152442e+01 ± 1.718991e+00
Merit:             2.458749e+00 ± 1.218763e-01
Avg Inference Time:  0.1195s
==================================================
Epoch 172/300, Loss: 5.1207, Obj: 2.1644, Eq Viol (l1): 0.002551, Ineq Viol (l1): 0.001847, Epoch time: 2.85s
Epoch 173/300, Loss: 5.3016, Obj: 2.1996, Eq Viol (l1): 0.008084, Ineq Viol (l1): 0.003115, Epoch time: 2.83s
Epoch 174/300, Loss: 5.5229, Obj: 2.1951, Eq Viol (l1): 0.005065, Ineq Viol (l1): 0.001288, Epoch time: 2.95s
Epoch 175/300, Loss: 5.3334, Obj: 2.1687, Eq Viol (l1): 0.006453, Ineq Viol (l1): 0.002077, Epoch time: 2.89s
Epoch 176/300, Loss: 5.2966, Obj: 2.1742, Eq Viol (l1): 0.004993, Ineq Viol (l1): 0.002268, Epoch time: 2.96s
Epoch 177/300, Loss: 5.2759, Obj: 2.1695, Eq Viol (l1): 0.008965, Ineq Viol (l1): 0.003139, Epoch time: 2.97s
Epoch 178/300, Loss: 5.3577, Obj: 2.1284, Eq Viol (l1): 0.012482, Ineq Viol (l1): 0.004102, Epoch time: 2.93s
Epoch 179/300, Loss: 5.2874, Obj: 2.1221, Eq Viol (l1): 0.017392, Ineq Viol (l1): 0.004979, Epoch time: 2.88s
Epoch 180/300, Loss: 5.1650, Obj: 2.1088, Eq Viol (l1): 0.016168, Ineq Viol (l1): 0.008426, Epoch time: 2.92s
Epoch 181/300, Loss: 5.5156, Obj: 2.2129, Eq Viol (l1): 0.016466, Ineq Viol (l1): 0.005160, Epoch time: 2.96s

Running validation at epoch 180...

VALIDATION_EPOCH_180 EVALUATION RESULTS:
==================================================
Objective Value:     2.029305e+00
True Objective:      -2.413704e+00
Optimality Gap:      6.032550e+00 ± 2.561713e+00
Eq Violation l1:   1.908271e-05 (max: 6.480402e-03)
Ineq Violation l1: 9.137465e-07 (max: 4.238079e-04)
Solution Distance:   7.091402e+01 ± 1.537244e+00
Merit:             2.029505e+00 ± 9.296952e-02
Avg Inference Time:  0.1180s
==================================================
Epoch 182/300, Loss: 5.6839, Obj: 2.2108, Eq Viol (l1): 0.069182, Ineq Viol (l1): 0.024509, Epoch time: 3.05s
Epoch 183/300, Loss: 5.7132, Obj: 2.1990, Eq Viol (l1): 0.019651, Ineq Viol (l1): 0.007885, Epoch time: 2.92s
Epoch 184/300, Loss: 5.4310, Obj: 2.1872, Eq Viol (l1): 0.011768, Ineq Viol (l1): 0.005041, Epoch time: 2.98s
Epoch 185/300, Loss: 5.3856, Obj: 2.0340, Eq Viol (l1): 0.023817, Ineq Viol (l1): 0.009199, Epoch time: 2.91s
Epoch 186/300, Loss: 5.3271, Obj: 2.0871, Eq Viol (l1): 0.010989, Ineq Viol (l1): 0.007190, Epoch time: 2.93s
Epoch 187/300, Loss: 5.4242, Obj: 2.1423, Eq Viol (l1): 0.022355, Ineq Viol (l1): 0.010553, Epoch time: 2.87s
Epoch 188/300, Loss: 5.4852, Obj: 2.2065, Eq Viol (l1): 0.027343, Ineq Viol (l1): 0.011079, Epoch time: 2.91s
Epoch 189/300, Loss: 5.7367, Obj: 2.1120, Eq Viol (l1): 0.016379, Ineq Viol (l1): 0.008378, Epoch time: 2.87s
Epoch 190/300, Loss: 5.4091, Obj: 2.1580, Eq Viol (l1): 0.015121, Ineq Viol (l1): 0.007825, Epoch time: 2.86s
Epoch 191/300, Loss: 5.3247, Obj: 1.9675, Eq Viol (l1): 0.009836, Ineq Viol (l1): 0.005572, Epoch time: 2.98s

Running validation at epoch 190...

VALIDATION_EPOCH_190 EVALUATION RESULTS:
==================================================
Objective Value:     2.161392e+00
True Objective:      -2.413704e+00
Optimality Gap:      6.236489e+00 ± 2.537601e+00
Eq Violation l1:   2.751417e-04 (max: 1.193864e-01)
Ineq Violation l1: 2.387684e-05 (max: 1.163386e-02)
Solution Distance:   7.111542e+01 ± 1.908087e+00
Merit:             2.164382e+00 ± 1.273745e-01
Avg Inference Time:  0.1199s
==================================================
Epoch 192/300, Loss: 4.9217, Obj: 1.9991, Eq Viol (l1): 0.006929, Ineq Viol (l1): 0.002993, Epoch time: 2.86s
Epoch 193/300, Loss: 5.2637, Obj: 2.0558, Eq Viol (l1): 0.005089, Ineq Viol (l1): 0.003180, Epoch time: 2.89s
Epoch 194/300, Loss: 5.1289, Obj: 1.9721, Eq Viol (l1): 0.008978, Ineq Viol (l1): 0.004419, Epoch time: 2.92s
Epoch 195/300, Loss: 5.3563, Obj: 1.9789, Eq Viol (l1): 0.008113, Ineq Viol (l1): 0.006432, Epoch time: 2.96s
Epoch 196/300, Loss: 5.3963, Obj: 2.0186, Eq Viol (l1): 0.011914, Ineq Viol (l1): 0.005012, Epoch time: 2.91s
Epoch 197/300, Loss: 5.5984, Obj: 2.0293, Eq Viol (l1): 0.015244, Ineq Viol (l1): 0.005500, Epoch time: 2.92s
Epoch 198/300, Loss: 5.3734, Obj: 2.0714, Eq Viol (l1): 0.020105, Ineq Viol (l1): 0.010598, Epoch time: 2.90s
Epoch 199/300, Loss: 5.3474, Obj: 2.0340, Eq Viol (l1): 0.023467, Ineq Viol (l1): 0.008326, Epoch time: 2.93s
Epoch 200/300, Loss: 5.7652, Obj: 2.0370, Eq Viol (l1): 0.016710, Ineq Viol (l1): 0.006867, Epoch time: 2.90s
Epoch 201/300, Loss: 6.3484, Obj: 2.0915, Eq Viol (l1): 0.017078, Ineq Viol (l1): 0.006568, Epoch time: 2.98s

Running validation at epoch 200...

VALIDATION_EPOCH_200 EVALUATION RESULTS:
==================================================
Objective Value:     2.078773e+00
True Objective:      -2.413704e+00
Optimality Gap:      6.242027e+00 ± 2.620270e+00
Eq Violation l1:   1.339627e-05 (max: 2.926805e-03)
Ineq Violation l1: 3.035263e-07 (max: 1.318310e-04)
Solution Distance:   7.081632e+01 ± 1.763811e+00
Merit:             2.078910e+00 ± 1.194981e-01
Avg Inference Time:  0.1166s
==================================================
Epoch 202/300, Loss: 6.2334, Obj: 2.1792, Eq Viol (l1): 0.017668, Ineq Viol (l1): 0.007295, Epoch time: 2.91s
Epoch 203/300, Loss: 5.6848, Obj: 2.0328, Eq Viol (l1): 0.014811, Ineq Viol (l1): 0.007762, Epoch time: 2.93s
Epoch 204/300, Loss: 5.6752, Obj: 2.0492, Eq Viol (l1): 0.016548, Ineq Viol (l1): 0.006681, Epoch time: 2.94s
Epoch 205/300, Loss: 5.7014, Obj: 1.8866, Eq Viol (l1): 0.017126, Ineq Viol (l1): 0.007036, Epoch time: 2.90s
Epoch 206/300, Loss: 5.3180, Obj: 1.9740, Eq Viol (l1): 0.022431, Ineq Viol (l1): 0.009620, Epoch time: 2.90s
Epoch 207/300, Loss: 5.8657, Obj: 1.9043, Eq Viol (l1): 0.008279, Ineq Viol (l1): 0.003396, Epoch time: 2.90s
Epoch 208/300, Loss: 5.8836, Obj: 2.0477, Eq Viol (l1): 0.005887, Ineq Viol (l1): 0.003236, Epoch time: 2.93s
Epoch 209/300, Loss: 5.5134, Obj: 1.9185, Eq Viol (l1): 0.009729, Ineq Viol (l1): 0.006370, Epoch time: 2.93s
Epoch 210/300, Loss: 5.3690, Obj: 1.8984, Eq Viol (l1): 0.007437, Ineq Viol (l1): 0.005246, Epoch time: 2.92s
Epoch 211/300, Loss: 5.5821, Obj: 1.9378, Eq Viol (l1): 0.013160, Ineq Viol (l1): 0.006738, Epoch time: 2.91s

Running validation at epoch 210...

VALIDATION_EPOCH_210 EVALUATION RESULTS:
==================================================
Objective Value:     1.946053e+00
True Objective:      -2.413704e+00
Optimality Gap:      5.822246e+00 ± 2.496454e+00
Eq Violation l1:   3.828031e-05 (max: 1.311365e-02)
Ineq Violation l1: 1.330262e-06 (max: 4.150620e-04)
Solution Distance:   7.042002e+01 ± 1.847228e+00
Merit:             1.946449e+00 ± 9.963479e-02
Avg Inference Time:  0.1167s
==================================================
Epoch 212/300, Loss: 5.2521, Obj: 1.7956, Eq Viol (l1): 0.015094, Ineq Viol (l1): 0.007379, Epoch time: 2.86s
Epoch 213/300, Loss: 5.0838, Obj: 1.8574, Eq Viol (l1): 0.017811, Ineq Viol (l1): 0.009102, Epoch time: 2.91s
Epoch 214/300, Loss: 5.4762, Obj: 1.8898, Eq Viol (l1): 0.010430, Ineq Viol (l1): 0.005312, Epoch time: 2.90s
Epoch 215/300, Loss: 5.6297, Obj: 1.8924, Eq Viol (l1): 0.011028, Ineq Viol (l1): 0.005590, Epoch time: 2.95s
Epoch 216/300, Loss: 5.4794, Obj: 1.9262, Eq Viol (l1): 0.010771, Ineq Viol (l1): 0.003890, Epoch time: 2.88s
Epoch 217/300, Loss: 5.6938, Obj: 2.0313, Eq Viol (l1): 0.014081, Ineq Viol (l1): 0.005917, Epoch time: 2.87s
Epoch 218/300, Loss: 5.7013, Obj: 1.9669, Eq Viol (l1): 0.006270, Ineq Viol (l1): 0.002500, Epoch time: 2.85s
Epoch 219/300, Loss: 5.5576, Obj: 1.8581, Eq Viol (l1): 0.012404, Ineq Viol (l1): 0.005048, Epoch time: 2.87s
Epoch 220/300, Loss: 5.3747, Obj: 1.8241, Eq Viol (l1): 0.011582, Ineq Viol (l1): 0.004572, Epoch time: 2.91s
Epoch 221/300, Loss: 5.5192, Obj: 1.7220, Eq Viol (l1): 0.024215, Ineq Viol (l1): 0.009081, Epoch time: 2.95s

Running validation at epoch 220...

VALIDATION_EPOCH_220 EVALUATION RESULTS:
==================================================
Objective Value:     1.789683e+00
True Objective:      -2.413704e+00
Optimality Gap:      5.679624e+00 ± 2.428833e+00
Eq Violation l1:   1.505476e-05 (max: 2.619205e-03)
Ineq Violation l1: 2.287514e-07 (max: 9.568938e-05)
Solution Distance:   6.986230e+01 ± 1.869479e+00
Merit:             1.789836e+00 ± 1.017407e-01
Avg Inference Time:  0.1132s
==================================================
Epoch 222/300, Loss: 5.4010, Obj: 1.9138, Eq Viol (l1): 0.021565, Ineq Viol (l1): 0.008363, Epoch time: 2.93s
Epoch 223/300, Loss: 5.2815, Obj: 1.9109, Eq Viol (l1): 0.022569, Ineq Viol (l1): 0.008523, Epoch time: 2.93s
Epoch 224/300, Loss: 5.2894, Obj: 1.8932, Eq Viol (l1): 0.008148, Ineq Viol (l1): 0.005055, Epoch time: 2.86s
Epoch 225/300, Loss: 5.3188, Obj: 1.8100, Eq Viol (l1): 0.011687, Ineq Viol (l1): 0.005985, Epoch time: 2.87s
Epoch 226/300, Loss: 5.2734, Obj: 1.7389, Eq Viol (l1): 0.017326, Ineq Viol (l1): 0.006656, Epoch time: 2.94s
Epoch 227/300, Loss: 4.7574, Obj: 1.7732, Eq Viol (l1): 0.045499, Ineq Viol (l1): 0.015911, Epoch time: 2.90s
Epoch 228/300, Loss: 5.1277, Obj: 1.7619, Eq Viol (l1): 0.015631, Ineq Viol (l1): 0.009168, Epoch time: 2.89s
Epoch 229/300, Loss: 4.8611, Obj: 1.7564, Eq Viol (l1): 0.012220, Ineq Viol (l1): 0.006105, Epoch time: 2.84s
Epoch 230/300, Loss: 5.1451, Obj: 1.8402, Eq Viol (l1): 0.015294, Ineq Viol (l1): 0.008659, Epoch time: 2.88s
Epoch 231/300, Loss: 4.6093, Obj: 1.7054, Eq Viol (l1): 0.028706, Ineq Viol (l1): 0.011844, Epoch time: 2.94s

Running validation at epoch 230...

VALIDATION_EPOCH_230 EVALUATION RESULTS:
==================================================
Objective Value:     1.604740e+00
True Objective:      -2.413704e+00
Optimality Gap:      5.203764e+00 ± 2.233258e+00
Eq Violation l1:   2.358967e-05 (max: 9.000697e-03)
Ineq Violation l1: 1.877466e-06 (max: 9.485078e-04)
Solution Distance:   6.986371e+01 ± 2.173370e+00
Merit:             1.604994e+00 ± 1.059792e-01
Avg Inference Time:  0.1149s
==================================================
Epoch 232/300, Loss: 4.7041, Obj: 1.6689, Eq Viol (l1): 0.006380, Ineq Viol (l1): 0.003965, Epoch time: 2.86s
Epoch 233/300, Loss: 4.7373, Obj: 1.6706, Eq Viol (l1): 0.009185, Ineq Viol (l1): 0.007257, Epoch time: 2.87s
Epoch 234/300, Loss: 4.6737, Obj: 1.6482, Eq Viol (l1): 0.009788, Ineq Viol (l1): 0.005019, Epoch time: 2.79s
Epoch 235/300, Loss: 4.6349, Obj: 1.6876, Eq Viol (l1): 0.006152, Ineq Viol (l1): 0.003465, Epoch time: 2.92s
Epoch 236/300, Loss: 4.4164, Obj: 1.6346, Eq Viol (l1): 0.023140, Ineq Viol (l1): 0.008029, Epoch time: 2.85s
Epoch 237/300, Loss: 4.1887, Obj: 1.5990, Eq Viol (l1): 0.018132, Ineq Viol (l1): 0.005795, Epoch time: 2.82s
Epoch 238/300, Loss: 4.4716, Obj: 1.5972, Eq Viol (l1): 0.009020, Ineq Viol (l1): 0.005167, Epoch time: 2.87s
Epoch 239/300, Loss: 4.6810, Obj: 1.5540, Eq Viol (l1): 0.005799, Ineq Viol (l1): 0.003682, Epoch time: 2.89s
Epoch 240/300, Loss: 4.8706, Obj: 1.6274, Eq Viol (l1): 0.006812, Ineq Viol (l1): 0.005276, Epoch time: 2.89s
Epoch 241/300, Loss: 4.7082, Obj: 1.6269, Eq Viol (l1): 0.017401, Ineq Viol (l1): 0.007811, Epoch time: 2.87s

Running validation at epoch 240...

VALIDATION_EPOCH_240 EVALUATION RESULTS:
==================================================
Objective Value:     1.459006e+00
True Objective:      -2.413704e+00
Optimality Gap:      5.445577e+00 ± 2.654292e+00
Eq Violation l1:   1.462084e-05 (max: 2.618629e-03)
Ineq Violation l1: 4.394627e-07 (max: 1.907246e-04)
Solution Distance:   6.940355e+01 ± 2.373183e+00
Merit:             1.459157e+00 ± 8.435967e-02
Avg Inference Time:  0.1134s
==================================================
Epoch 242/300, Loss: 5.1599, Obj: 1.6819, Eq Viol (l1): 0.006463, Ineq Viol (l1): 0.004296, Epoch time: 2.86s
Epoch 243/300, Loss: 5.0318, Obj: 1.7099, Eq Viol (l1): 0.007470, Ineq Viol (l1): 0.003625, Epoch time: 2.81s
Epoch 244/300, Loss: 4.7225, Obj: 1.5718, Eq Viol (l1): 0.005456, Ineq Viol (l1): 0.003662, Epoch time: 2.79s
Epoch 245/300, Loss: 4.5153, Obj: 1.6270, Eq Viol (l1): 0.020661, Ineq Viol (l1): 0.007015, Epoch time: 2.92s
Epoch 246/300, Loss: 4.4359, Obj: 1.5348, Eq Viol (l1): 0.018554, Ineq Viol (l1): 0.007160, Epoch time: 2.89s
Epoch 247/300, Loss: 4.4625, Obj: 1.6022, Eq Viol (l1): 0.013040, Ineq Viol (l1): 0.002977, Epoch time: 2.99s
Epoch 248/300, Loss: 4.6172, Obj: 1.4864, Eq Viol (l1): 0.014312, Ineq Viol (l1): 0.005351, Epoch time: 2.87s
Epoch 249/300, Loss: 4.5718, Obj: 1.4438, Eq Viol (l1): 0.023517, Ineq Viol (l1): 0.006067, Epoch time: 2.82s
Epoch 250/300, Loss: 4.2440, Obj: 1.4973, Eq Viol (l1): 0.028767, Ineq Viol (l1): 0.009451, Epoch time: 2.83s
Epoch 251/300, Loss: 4.7663, Obj: 1.5625, Eq Viol (l1): 0.020364, Ineq Viol (l1): 0.006303, Epoch time: 2.87s

Running validation at epoch 250...

VALIDATION_EPOCH_250 EVALUATION RESULTS:
==================================================
Objective Value:     1.457330e+00
True Objective:      -2.413704e+00
Optimality Gap:      5.332593e+00 ± 2.638816e+00
Eq Violation l1:   1.345477e-05 (max: 2.806914e-03)
Ineq Violation l1: 8.881756e-07 (max: 3.732247e-04)
Solution Distance:   6.953045e+01 ± 1.929737e+00
Merit:             1.457474e+00 ± 5.931368e-02
Avg Inference Time:  0.1106s
==================================================
Epoch 252/300, Loss: 5.0612, Obj: 1.5665, Eq Viol (l1): 0.009279, Ineq Viol (l1): 0.005368, Epoch time: 2.77s
Epoch 253/300, Loss: 4.9508, Obj: 1.4298, Eq Viol (l1): 0.011975, Ineq Viol (l1): 0.005522, Epoch time: 2.81s
Epoch 254/300, Loss: 5.0835, Obj: 1.5778, Eq Viol (l1): 0.003427, Ineq Viol (l1): 0.002289, Epoch time: 2.82s
Epoch 255/300, Loss: 5.6242, Obj: 1.4812, Eq Viol (l1): 0.007120, Ineq Viol (l1): 0.004628, Epoch time: 2.87s
Epoch 256/300, Loss: 4.7860, Obj: 1.4234, Eq Viol (l1): 0.012994, Ineq Viol (l1): 0.004418, Epoch time: 2.84s
Epoch 257/300, Loss: 4.8258, Obj: 1.4170, Eq Viol (l1): 0.004616, Ineq Viol (l1): 0.001903, Epoch time: 2.84s
Epoch 258/300, Loss: 4.8971, Obj: 1.5210, Eq Viol (l1): 0.004561, Ineq Viol (l1): 0.002097, Epoch time: 2.88s
Epoch 259/300, Loss: 4.5557, Obj: 1.3705, Eq Viol (l1): 0.027424, Ineq Viol (l1): 0.008171, Epoch time: 2.87s
Epoch 260/300, Loss: 5.1190, Obj: 1.4232, Eq Viol (l1): 0.002924, Ineq Viol (l1): 0.002311, Epoch time: 2.85s
Epoch 261/300, Loss: 4.7256, Obj: 1.3224, Eq Viol (l1): 0.007238, Ineq Viol (l1): 0.003215, Epoch time: 2.84s

Running validation at epoch 260...

VALIDATION_EPOCH_260 EVALUATION RESULTS:
==================================================
Objective Value:     1.397939e+00
True Objective:      -2.413704e+00
Optimality Gap:      5.059945e+00 ± 2.212684e+00
Eq Violation l1:   3.379821e-05 (max: 7.795217e-03)
Ineq Violation l1: 1.393169e-06 (max: 5.251316e-04)
Solution Distance:   6.902447e+01 ± 2.470841e+00
Merit:             1.398291e+00 ± 1.212305e-01
Avg Inference Time:  0.1109s
==================================================
Epoch 262/300, Loss: 4.7925, Obj: 1.4799, Eq Viol (l1): 0.010667, Ineq Viol (l1): 0.002892, Epoch time: 2.81s
Epoch 263/300, Loss: 4.5762, Obj: 1.3858, Eq Viol (l1): 0.005508, Ineq Viol (l1): 0.001970, Epoch time: 2.81s
Epoch 264/300, Loss: 4.2999, Obj: 1.2838, Eq Viol (l1): 0.016085, Ineq Viol (l1): 0.005746, Epoch time: 2.81s
Epoch 265/300, Loss: 4.0105, Obj: 1.3063, Eq Viol (l1): 0.027861, Ineq Viol (l1): 0.012582, Epoch time: 2.78s
Epoch 266/300, Loss: 4.0987, Obj: 1.1493, Eq Viol (l1): 0.027331, Ineq Viol (l1): 0.009121, Epoch time: 2.88s
Epoch 267/300, Loss: 4.2967, Obj: 1.2523, Eq Viol (l1): 0.009489, Ineq Viol (l1): 0.003880, Epoch time: 2.90s
Epoch 268/300, Loss: 4.2590, Obj: 1.2195, Eq Viol (l1): 0.018379, Ineq Viol (l1): 0.006698, Epoch time: 2.97s
Epoch 269/300, Loss: 4.3603, Obj: 1.2048, Eq Viol (l1): 0.008136, Ineq Viol (l1): 0.007202, Epoch time: 2.81s
Epoch 270/300, Loss: 4.5124, Obj: 1.2345, Eq Viol (l1): 0.009467, Ineq Viol (l1): 0.005237, Epoch time: 2.84s
Epoch 271/300, Loss: 4.8038, Obj: 1.2706, Eq Viol (l1): 0.014474, Ineq Viol (l1): 0.006312, Epoch time: 2.85s

Running validation at epoch 270...

VALIDATION_EPOCH_270 EVALUATION RESULTS:
==================================================
Objective Value:     1.106164e+00
True Objective:      -2.413704e+00
Optimality Gap:      4.494277e+00 ± 2.065985e+00
Eq Violation l1:   1.579716e-05 (max: 2.478122e-03)
Ineq Violation l1: 2.151309e-07 (max: 6.485623e-05)
Solution Distance:   6.882038e+01 ± 2.664130e+00
Merit:             1.106324e+00 ± 7.499565e-02
Avg Inference Time:  0.1096s
==================================================
Epoch 272/300, Loss: 4.2228, Obj: 1.1691, Eq Viol (l1): 0.014282, Ineq Viol (l1): 0.006708, Epoch time: 2.81s
Epoch 273/300, Loss: 4.0880, Obj: 1.1454, Eq Viol (l1): 0.010934, Ineq Viol (l1): 0.004831, Epoch time: 2.84s
Epoch 274/300, Loss: 4.4497, Obj: 1.1160, Eq Viol (l1): 0.008903, Ineq Viol (l1): 0.005491, Epoch time: 2.84s
Epoch 275/300, Loss: 4.5457, Obj: 1.0373, Eq Viol (l1): 0.008709, Ineq Viol (l1): 0.004142, Epoch time: 2.85s
Epoch 276/300, Loss: 4.9319, Obj: 1.1698, Eq Viol (l1): 0.003459, Ineq Viol (l1): 0.003247, Epoch time: 2.79s
Epoch 277/300, Loss: 4.5300, Obj: 1.0847, Eq Viol (l1): 0.007594, Ineq Viol (l1): 0.004692, Epoch time: 2.86s
Epoch 278/300, Loss: 4.7532, Obj: 1.0264, Eq Viol (l1): 0.003283, Ineq Viol (l1): 0.001331, Epoch time: 2.92s
Epoch 279/300, Loss: 4.5544, Obj: 0.9709, Eq Viol (l1): 0.006971, Ineq Viol (l1): 0.002341, Epoch time: 2.89s
Epoch 280/300, Loss: 5.0451, Obj: 1.0771, Eq Viol (l1): 0.003936, Ineq Viol (l1): 0.001103, Epoch time: 2.87s
Epoch 281/300, Loss: 5.3604, Obj: 1.2751, Eq Viol (l1): 0.001201, Ineq Viol (l1): 0.000624, Epoch time: 2.91s

Running validation at epoch 280...

VALIDATION_EPOCH_280 EVALUATION RESULTS:
==================================================
Objective Value:     1.074255e+00
True Objective:      -2.413704e+00
Optimality Gap:      4.810412e+00 ± 2.383891e+00
Eq Violation l1:   1.049321e-04 (max: 5.057673e-02)
Ineq Violation l1: 8.343967e-06 (max: 4.194460e-03)
Solution Distance:   6.973183e+01 ± 2.249830e+00
Merit:             1.075388e+00 ± 7.338883e-02
Avg Inference Time:  0.1195s
==================================================
Epoch 282/300, Loss: 4.9717, Obj: 1.1623, Eq Viol (l1): 0.002930, Ineq Viol (l1): 0.000713, Epoch time: 2.87s
Epoch 283/300, Loss: 4.6819, Obj: 1.1127, Eq Viol (l1): 0.001668, Ineq Viol (l1): 0.000506, Epoch time: 2.81s
Epoch 284/300, Loss: 5.0270, Obj: 1.0642, Eq Viol (l1): 0.000361, Ineq Viol (l1): 0.000056, Epoch time: 2.81s
Epoch 285/300, Loss: 4.5673, Obj: 1.0625, Eq Viol (l1): 0.001557, Ineq Viol (l1): 0.000890, Epoch time: 2.81s
Epoch 286/300, Loss: 4.0335, Obj: 0.9602, Eq Viol (l1): 0.008999, Ineq Viol (l1): 0.002999, Epoch time: 2.81s
Epoch 287/300, Loss: 3.9610, Obj: 0.9247, Eq Viol (l1): 0.001996, Ineq Viol (l1): 0.000883, Epoch time: 2.82s
Epoch 288/300, Loss: 4.2518, Obj: 0.9913, Eq Viol (l1): 0.006377, Ineq Viol (l1): 0.002223, Epoch time: 2.84s
Epoch 289/300, Loss: 4.2398, Obj: 0.9733, Eq Viol (l1): 0.016754, Ineq Viol (l1): 0.005156, Epoch time: 2.81s
Epoch 290/300, Loss: 3.7076, Obj: 0.9181, Eq Viol (l1): 0.015072, Ineq Viol (l1): 0.003970, Epoch time: 2.78s
Epoch 291/300, Loss: 3.6039, Obj: 0.8804, Eq Viol (l1): 0.015444, Ineq Viol (l1): 0.005099, Epoch time: 2.78s

Running validation at epoch 290...

VALIDATION_EPOCH_290 EVALUATION RESULTS:
==================================================
Objective Value:     7.891609e-01
True Objective:      -2.413704e+00
Optimality Gap:      3.855208e+00 ± 1.861996e+00
Eq Violation l1:   1.264093e-05 (max: 2.847999e-03)
Ineq Violation l1: 2.373207e-07 (max: 9.525499e-05)
Solution Distance:   6.922123e+01 ± 2.612464e+00
Merit:             7.892897e-01 ± 1.217909e-01
Avg Inference Time:  0.1107s
==================================================
Epoch 292/300, Loss: 3.6595, Obj: 0.8252, Eq Viol (l1): 0.018060, Ineq Viol (l1): 0.007103, Epoch time: 2.84s
Epoch 293/300, Loss: 3.8720, Obj: 0.8609, Eq Viol (l1): 0.004160, Ineq Viol (l1): 0.001209, Epoch time: 2.82s
Epoch 294/300, Loss: 4.0420, Obj: 0.8108, Eq Viol (l1): 0.003872, Ineq Viol (l1): 0.000753, Epoch time: 2.81s
Epoch 295/300, Loss: 4.4358, Obj: 0.9628, Eq Viol (l1): 0.004629, Ineq Viol (l1): 0.001211, Epoch time: 2.86s
Epoch 296/300, Loss: 4.8598, Obj: 0.7987, Eq Viol (l1): 0.004956, Ineq Viol (l1): 0.001521, Epoch time: 2.90s
Epoch 297/300, Loss: 4.0346, Obj: 0.8014, Eq Viol (l1): 0.008295, Ineq Viol (l1): 0.002876, Epoch time: 2.84s
Epoch 298/300, Loss: 4.2471, Obj: 0.9265, Eq Viol (l1): 0.007672, Ineq Viol (l1): 0.002867, Epoch time: 2.86s
Epoch 299/300, Loss: 3.8877, Obj: 0.8284, Eq Viol (l1): 0.015381, Ineq Viol (l1): 0.005023, Epoch time: 2.85s
Epoch 300/300, Loss: 3.7260, Obj: 0.7841, Eq Viol (l1): 0.006379, Ineq Viol (l1): 0.002125, Epoch time: 2.82s

Training completed in 861.22 seconds.

============================================================
COMPREHENSIVE TEST EVALUATION WITH DETAILED RESULTS
============================================================
Testing with batch sizes: [256, 512]

Evaluating with batch size: 256 (with detailed results)

TEST_BS256 EVALUATION RESULTS:
==================================================
Objective Value:     4.486902e-01
True Objective:      -2.409220e+00
Optimality Gap:      2.438494e+00 ± 3.938615e+00
Eq Violation l1:   2.249312e-05 (max: 2.125606e-03)
Ineq Violation l1: 2.800087e-07 (max: 6.074952e-05)
Solution Distance:   7.095991e+01 ± 1.223634e+00
Merit:             4.489179e-01 ± 2.398772e-01
Avg Inference Time:  0.0902s
==================================================

Evaluating with batch size: 512 (with detailed results)

TEST_BS512 EVALUATION RESULTS:
==================================================
Objective Value:     4.423529e-01
True Objective:      -2.408634e+00
Optimality Gap:      2.320849e+00 ± 2.695230e+00
Eq Violation l1:   1.943630e-05 (max: 2.792403e-03)
Ineq Violation l1: 4.429277e-07 (max: 1.355015e-04)
Solution Distance:   7.094997e+01 ± 1.003305e+00
Merit:             4.425517e-01 ± 1.164773e-01
Avg Inference Time:  0.1016s
==================================================

TEST BATCH SIZE COMPARISON:
================================================================================
Batch Size   Objective    Opt Gap      Eq Viol      Ineq Viol    Time (s)  
--------------------------------------------------------------------------------
256          4.4869e-01   2.4385e+00   2.2493e-05   2.8001e-07   0.72      
512          4.4235e-01   2.3208e+00   1.9436e-05   4.4293e-07   0.41      
================================================================================

Saving model and results to: results/nonsmooth_nonconvex/socp/SOCPProblem-100-50-50-10000/20260107-054450_MLP_FSNet_seed1_nepochs300_lr0.0002_trainsize7000_finetune_20260106-202959_model_400
✓ Model saved: results/nonsmooth_nonconvex/socp/SOCPProblem-100-50-50-10000/20260107-054450_MLP_FSNet_seed1_nepochs300_lr0.0002_trainsize7000_finetune_20260106-202959_model_400/model.pt
✓ Detailed results saved: results/nonsmooth_nonconvex/socp/SOCPProblem-100-50-50-10000/20260107-054450_MLP_FSNet_seed1_nepochs300_lr0.0002_trainsize7000_finetune_20260106-202959_model_400/results.pkl

Files saved (or attempted):
  - model.pt (model weights and architecture)
  - results.pkl (training history, metrics, detailed test results)
Training and testing completed in 864.77 seconds
Done!!!
============================================================
==========         =====================         ===========
==========   1      =====================         ===========
==========         =====================         ===========
============================================================

======= Running for problem: nonsmooth_nonconvex/socp =======

Loading problem instance: nonsmooth_nonconvex/socp with size [100, 50, 50, 10000]
Loading  dataset from: datasets/nonsmooth_nonconvex/socp/random2025_socp_dataset_var100_ineq50_eq50_ex10000 

Running on:  cuda
Training model using FSNet method with seed 2 for 300 epochs
Using batch size: 512
Loading model from checkpoint: results/nonsmooth_nonconvex/socp/SOCPProblem-100-50-50-10000/20260106-202959_MLP_sup_seed1_dropout0.05_subopt_2_-10.0/model_400.pt

lr: 0.0002, weight_decay: 0.001, num_epochs: 300

Epoch 1/300, Loss: 7.3330, Obj: 2.5659, Eq Viol (l1): 0.000055, Ineq Viol (l1): 0.000004, Epoch time: 6.70s

Running validation at epoch 0...

VALIDATION_EPOCH_0 EVALUATION RESULTS:
==================================================
Objective Value:     4.165400e+00
True Objective:      -2.413704e+00
Optimality Gap:      9.053882e+00 ± 3.576477e+00
Eq Violation l1:   3.201030e-03 (max: 1.578095e+00)
Ineq Violation l1: 9.042578e-04 (max: 4.584965e-01)
Solution Distance:   8.044249e+01 ± 1.870767e+00
Merit:             4.206453e+00 ± 6.488923e-02
Avg Inference Time:  0.6446s
==================================================
Epoch 2/300, Loss: 6.9145, Obj: 2.7407, Eq Viol (l1): 0.000030, Ineq Viol (l1): 0.000000, Epoch time: 2.86s
Epoch 3/300, Loss: 6.4072, Obj: 3.1811, Eq Viol (l1): 0.000030, Ineq Viol (l1): 0.000000, Epoch time: 2.81s
Epoch 4/300, Loss: 6.1307, Obj: 3.3484, Eq Viol (l1): 0.000030, Ineq Viol (l1): 0.000000, Epoch time: 2.76s
Epoch 5/300, Loss: 6.1581, Obj: 3.2085, Eq Viol (l1): 0.000031, Ineq Viol (l1): 0.000000, Epoch time: 2.79s
Epoch 6/300, Loss: 6.1949, Obj: 3.3095, Eq Viol (l1): 0.000025, Ineq Viol (l1): 0.000000, Epoch time: 2.82s
Epoch 7/300, Loss: 6.2775, Obj: 3.3259, Eq Viol (l1): 0.000047, Ineq Viol (l1): 0.000000, Epoch time: 2.78s
Epoch 8/300, Loss: 6.5376, Obj: 3.5027, Eq Viol (l1): 0.000028, Ineq Viol (l1): 0.000000, Epoch time: 2.83s
Epoch 9/300, Loss: 6.2287, Obj: 3.3793, Eq Viol (l1): 0.000033, Ineq Viol (l1): 0.000000, Epoch time: 2.78s
Epoch 10/300, Loss: 6.5566, Obj: 3.6165, Eq Viol (l1): 0.000033, Ineq Viol (l1): 0.000000, Epoch time: 2.76s
Epoch 11/300, Loss: 6.2057, Obj: 3.3881, Eq Viol (l1): 0.000033, Ineq Viol (l1): 0.000000, Epoch time: 2.75s

Running validation at epoch 10...

VALIDATION_EPOCH_10 EVALUATION RESULTS:
==================================================
Objective Value:     4.131298e+00
True Objective:      -2.413704e+00
Optimality Gap:      9.207823e+00 ± 3.753266e+00
Eq Violation l1:   3.303135e-04 (max: 1.401467e-01)
Ineq Violation l1: 8.730363e-05 (max: 4.210546e-02)
Solution Distance:   7.983079e+01 ± 1.554389e+00
Merit:             4.135474e+00 ± 1.043838e-01
Avg Inference Time:  0.1202s
==================================================
Epoch 12/300, Loss: 6.3854, Obj: 3.4471, Eq Viol (l1): 0.000030, Ineq Viol (l1): 0.000000, Epoch time: 2.81s
Epoch 13/300, Loss: 6.5306, Obj: 3.3818, Eq Viol (l1): 0.000029, Ineq Viol (l1): 0.000000, Epoch time: 2.82s
Epoch 14/300, Loss: 6.4198, Obj: 3.4499, Eq Viol (l1): 0.000029, Ineq Viol (l1): 0.000000, Epoch time: 2.78s
Epoch 15/300, Loss: 6.4095, Obj: 3.4734, Eq Viol (l1): 0.000033, Ineq Viol (l1): 0.000000, Epoch time: 2.80s
Epoch 16/300, Loss: 6.6010, Obj: 3.4780, Eq Viol (l1): 0.000031, Ineq Viol (l1): 0.000000, Epoch time: 2.78s
Epoch 17/300, Loss: 6.5571, Obj: 3.5055, Eq Viol (l1): 0.000030, Ineq Viol (l1): 0.000000, Epoch time: 2.82s
Epoch 18/300, Loss: 6.6518, Obj: 3.4360, Eq Viol (l1): 0.000035, Ineq Viol (l1): 0.000000, Epoch time: 2.77s
Epoch 19/300, Loss: 6.4745, Obj: 3.4818, Eq Viol (l1): 0.000041, Ineq Viol (l1): 0.000000, Epoch time: 2.73s
Epoch 20/300, Loss: 6.5314, Obj: 3.4389, Eq Viol (l1): 0.000032, Ineq Viol (l1): 0.000000, Epoch time: 2.81s
Epoch 21/300, Loss: 6.6031, Obj: 3.4763, Eq Viol (l1): 0.000030, Ineq Viol (l1): 0.000000, Epoch time: 2.79s

Running validation at epoch 20...

VALIDATION_EPOCH_20 EVALUATION RESULTS:
==================================================
Objective Value:     3.930328e+00
True Objective:      -2.413704e+00
Optimality Gap:      9.019101e+00 ± 3.663376e+00
Eq Violation l1:   2.041595e-04 (max: 9.043649e-02)
Ineq Violation l1: 8.738665e-06 (max: 4.119645e-03)
Solution Distance:   7.835610e+01 ± 1.819205e+00
Merit:             3.932457e+00 ± 9.980198e-02
Avg Inference Time:  0.1176s
==================================================
Epoch 22/300, Loss: 6.5277, Obj: 3.4647, Eq Viol (l1): 0.000037, Ineq Viol (l1): 0.000000, Epoch time: 2.76s
Epoch 23/300, Loss: 6.3809, Obj: 3.4024, Eq Viol (l1): 0.000036, Ineq Viol (l1): 0.000000, Epoch time: 2.77s
Epoch 24/300, Loss: 6.3210, Obj: 3.5218, Eq Viol (l1): 0.000038, Ineq Viol (l1): 0.000000, Epoch time: 2.74s
Epoch 25/300, Loss: 6.3475, Obj: 3.4296, Eq Viol (l1): 0.000036, Ineq Viol (l1): 0.000000, Epoch time: 2.75s
Epoch 26/300, Loss: 6.4198, Obj: 3.4478, Eq Viol (l1): 0.000035, Ineq Viol (l1): 0.000000, Epoch time: 2.76s
Epoch 27/300, Loss: 6.3436, Obj: 3.4846, Eq Viol (l1): 0.000038, Ineq Viol (l1): 0.000000, Epoch time: 2.76s
Epoch 28/300, Loss: 6.5664, Obj: 3.4088, Eq Viol (l1): 0.000032, Ineq Viol (l1): 0.000000, Epoch time: 2.79s
Epoch 29/300, Loss: 6.3737, Obj: 3.3770, Eq Viol (l1): 0.000033, Ineq Viol (l1): 0.000000, Epoch time: 2.77s
Epoch 30/300, Loss: 6.4981, Obj: 3.4104, Eq Viol (l1): 0.000035, Ineq Viol (l1): 0.000000, Epoch time: 2.82s
Epoch 31/300, Loss: 6.3157, Obj: 3.3706, Eq Viol (l1): 0.000046, Ineq Viol (l1): 0.000000, Epoch time: 2.70s

Running validation at epoch 30...

VALIDATION_EPOCH_30 EVALUATION RESULTS:
==================================================
Objective Value:     3.724639e+00
True Objective:      -2.413704e+00
Optimality Gap:      8.743070e+00 ± 3.545253e+00
Eq Violation l1:   2.095435e-04 (max: 8.502774e-02)
Ineq Violation l1: 2.872362e-05 (max: 1.346683e-02)
Solution Distance:   7.767120e+01 ± 1.631211e+00
Merit:             3.727021e+00 ± 1.091161e-01
Avg Inference Time:  0.1137s
==================================================
Epoch 32/300, Loss: 6.0819, Obj: 3.3098, Eq Viol (l1): 0.000041, Ineq Viol (l1): 0.000000, Epoch time: 2.72s
Epoch 33/300, Loss: 6.2276, Obj: 3.3335, Eq Viol (l1): 0.000028, Ineq Viol (l1): 0.000000, Epoch time: 2.85s
Epoch 34/300, Loss: 6.1166, Obj: 3.3163, Eq Viol (l1): 0.000037, Ineq Viol (l1): 0.000000, Epoch time: 2.85s
Epoch 35/300, Loss: 6.0378, Obj: 3.2841, Eq Viol (l1): 0.000036, Ineq Viol (l1): 0.000000, Epoch time: 2.73s
Epoch 36/300, Loss: 6.2659, Obj: 3.3608, Eq Viol (l1): 0.000031, Ineq Viol (l1): 0.000000, Epoch time: 2.81s
Epoch 37/300, Loss: 6.4076, Obj: 3.5533, Eq Viol (l1): 0.000035, Ineq Viol (l1): 0.000000, Epoch time: 2.80s
Epoch 38/300, Loss: 6.2279, Obj: 3.2553, Eq Viol (l1): 0.000036, Ineq Viol (l1): 0.000000, Epoch time: 2.76s
Epoch 39/300, Loss: 6.4265, Obj: 3.4597, Eq Viol (l1): 0.000031, Ineq Viol (l1): 0.000000, Epoch time: 2.77s
Epoch 40/300, Loss: 6.1664, Obj: 3.2913, Eq Viol (l1): 0.000036, Ineq Viol (l1): 0.000000, Epoch time: 2.76s
Epoch 41/300, Loss: 6.4082, Obj: 3.4392, Eq Viol (l1): 0.000029, Ineq Viol (l1): 0.000000, Epoch time: 2.82s

Running validation at epoch 40...

VALIDATION_EPOCH_40 EVALUATION RESULTS:
==================================================
Objective Value:     3.602712e+00
True Objective:      -2.413704e+00
Optimality Gap:      8.477052e+00 ± 3.332243e+00
Eq Violation l1:   1.680968e-05 (max: 3.842227e-03)
Ineq Violation l1: 2.917695e-07 (max: 9.378635e-05)
Solution Distance:   7.726423e+01 ± 1.898129e+00
Merit:             3.602883e+00 ± 1.453939e-01
Avg Inference Time:  0.1184s
==================================================
Epoch 42/300, Loss: 6.1367, Obj: 3.2978, Eq Viol (l1): 0.000036, Ineq Viol (l1): 0.000000, Epoch time: 2.77s
Epoch 43/300, Loss: 6.1433, Obj: 3.3467, Eq Viol (l1): 0.000036, Ineq Viol (l1): 0.000000, Epoch time: 2.77s
Epoch 44/300, Loss: 6.1966, Obj: 3.2166, Eq Viol (l1): 0.000038, Ineq Viol (l1): 0.000000, Epoch time: 2.81s
Epoch 45/300, Loss: 6.1487, Obj: 3.3380, Eq Viol (l1): 0.000039, Ineq Viol (l1): 0.000000, Epoch time: 2.79s
Epoch 46/300, Loss: 6.0576, Obj: 3.2727, Eq Viol (l1): 0.000039, Ineq Viol (l1): 0.000000, Epoch time: 2.75s
Epoch 47/300, Loss: 5.9144, Obj: 3.1977, Eq Viol (l1): 0.000037, Ineq Viol (l1): 0.000000, Epoch time: 2.74s
Epoch 48/300, Loss: 6.0358, Obj: 3.3261, Eq Viol (l1): 0.000033, Ineq Viol (l1): 0.000000, Epoch time: 2.74s
Epoch 49/300, Loss: 5.9758, Obj: 3.2194, Eq Viol (l1): 0.000034, Ineq Viol (l1): 0.000000, Epoch time: 2.76s
Epoch 50/300, Loss: 5.8056, Obj: 3.1169, Eq Viol (l1): 0.000038, Ineq Viol (l1): 0.000000, Epoch time: 2.73s
Epoch 51/300, Loss: 5.9163, Obj: 3.3201, Eq Viol (l1): 0.000036, Ineq Viol (l1): 0.000000, Epoch time: 2.76s

Running validation at epoch 50...

VALIDATION_EPOCH_50 EVALUATION RESULTS:
==================================================
Objective Value:     3.634097e+00
True Objective:      -2.413704e+00
Optimality Gap:      8.546138e+00 ± 3.332650e+00
Eq Violation l1:   2.595130e-05 (max: 4.561842e-03)
Ineq Violation l1: 4.601675e-07 (max: 1.179202e-04)
Solution Distance:   7.690301e+01 ± 1.601954e+00
Merit:             3.634361e+00 ± 1.124444e-01
Avg Inference Time:  0.1195s
==================================================
Epoch 52/300, Loss: 6.0247, Obj: 3.2563, Eq Viol (l1): 0.000029, Ineq Viol (l1): 0.000000, Epoch time: 2.86s
Epoch 53/300, Loss: 5.9188, Obj: 3.0902, Eq Viol (l1): 0.000032, Ineq Viol (l1): 0.000000, Epoch time: 2.76s
Epoch 54/300, Loss: 5.9288, Obj: 3.1179, Eq Viol (l1): 0.000036, Ineq Viol (l1): 0.000000, Epoch time: 2.83s
Epoch 55/300, Loss: 5.8322, Obj: 3.1078, Eq Viol (l1): 0.000040, Ineq Viol (l1): 0.000000, Epoch time: 2.72s
Epoch 56/300, Loss: 5.7524, Obj: 3.0427, Eq Viol (l1): 0.000041, Ineq Viol (l1): 0.000000, Epoch time: 2.72s
Epoch 57/300, Loss: 5.7288, Obj: 3.0967, Eq Viol (l1): 0.000041, Ineq Viol (l1): 0.000000, Epoch time: 2.77s
Epoch 58/300, Loss: 5.5939, Obj: 3.1106, Eq Viol (l1): 0.000041, Ineq Viol (l1): 0.000000, Epoch time: 2.73s
Epoch 59/300, Loss: 5.6606, Obj: 3.0123, Eq Viol (l1): 0.000034, Ineq Viol (l1): 0.000000, Epoch time: 2.78s
Epoch 60/300, Loss: 5.7170, Obj: 3.1681, Eq Viol (l1): 0.000038, Ineq Viol (l1): 0.000000, Epoch time: 2.76s
Epoch 61/300, Loss: 5.8096, Obj: 3.0548, Eq Viol (l1): 0.000032, Ineq Viol (l1): 0.000000, Epoch time: 2.76s

Running validation at epoch 60...

VALIDATION_EPOCH_60 EVALUATION RESULTS:
==================================================
Objective Value:     3.396535e+00
True Objective:      -2.413704e+00
Optimality Gap:      7.985207e+00 ± 3.184526e+00
Eq Violation l1:   3.114352e-05 (max: 8.136290e-03)
Ineq Violation l1: 1.335346e-06 (max: 5.637424e-04)
Solution Distance:   7.593108e+01 ± 2.224056e+00
Merit:             3.396860e+00 ± 1.525349e-01
Avg Inference Time:  0.1171s
==================================================
Epoch 62/300, Loss: 5.5791, Obj: 2.9438, Eq Viol (l1): 0.000042, Ineq Viol (l1): 0.000001, Epoch time: 2.78s
Epoch 63/300, Loss: 5.6142, Obj: 3.0413, Eq Viol (l1): 0.000081, Ineq Viol (l1): 0.000009, Epoch time: 2.80s
Epoch 64/300, Loss: 5.8833, Obj: 3.1177, Eq Viol (l1): 0.000030, Ineq Viol (l1): 0.000000, Epoch time: 2.77s
Epoch 65/300, Loss: 5.6631, Obj: 3.0384, Eq Viol (l1): 0.000040, Ineq Viol (l1): 0.000000, Epoch time: 2.73s
Epoch 66/300, Loss: 5.4278, Obj: 2.8813, Eq Viol (l1): 0.000042, Ineq Viol (l1): 0.000000, Epoch time: 2.72s
Epoch 67/300, Loss: 5.4459, Obj: 2.9985, Eq Viol (l1): 0.000031, Ineq Viol (l1): 0.000000, Epoch time: 2.91s
Epoch 68/300, Loss: 5.5607, Obj: 3.0380, Eq Viol (l1): 0.000038, Ineq Viol (l1): 0.000000, Epoch time: 2.75s
Epoch 69/300, Loss: 5.5696, Obj: 2.9576, Eq Viol (l1): 0.000037, Ineq Viol (l1): 0.000000, Epoch time: 2.73s
Epoch 70/300, Loss: 5.5893, Obj: 2.8644, Eq Viol (l1): 0.000036, Ineq Viol (l1): 0.000000, Epoch time: 2.74s
Epoch 71/300, Loss: 5.6548, Obj: 3.0844, Eq Viol (l1): 0.000171, Ineq Viol (l1): 0.000017, Epoch time: 2.76s

Running validation at epoch 70...

VALIDATION_EPOCH_70 EVALUATION RESULTS:
==================================================
Objective Value:     3.115743e+00
True Objective:      -2.413704e+00
Optimality Gap:      7.526502e+00 ± 2.846626e+00
Eq Violation l1:   8.659757e-05 (max: 3.424434e-02)
Ineq Violation l1: 1.002021e-05 (max: 3.922941e-03)
Solution Distance:   7.466064e+01 ± 1.587024e+00
Merit:             3.116710e+00 ± 1.428235e-01
Avg Inference Time:  0.1197s
==================================================
Epoch 72/300, Loss: 5.6251, Obj: 2.9558, Eq Viol (l1): 0.000041, Ineq Viol (l1): 0.000000, Epoch time: 2.80s
Epoch 73/300, Loss: 5.7003, Obj: 2.9954, Eq Viol (l1): 0.000040, Ineq Viol (l1): 0.000000, Epoch time: 2.75s
Epoch 74/300, Loss: 5.5649, Obj: 2.9184, Eq Viol (l1): 0.000033, Ineq Viol (l1): 0.000000, Epoch time: 2.76s
Epoch 75/300, Loss: 5.3983, Obj: 2.8459, Eq Viol (l1): 0.000039, Ineq Viol (l1): 0.000000, Epoch time: 2.73s
Epoch 76/300, Loss: 5.4570, Obj: 2.8825, Eq Viol (l1): 0.000032, Ineq Viol (l1): 0.000000, Epoch time: 2.77s
Epoch 77/300, Loss: 5.8703, Obj: 3.0468, Eq Viol (l1): 0.000038, Ineq Viol (l1): 0.000000, Epoch time: 2.73s
Epoch 78/300, Loss: 5.4433, Obj: 2.8312, Eq Viol (l1): 0.000038, Ineq Viol (l1): 0.000000, Epoch time: 2.73s
Epoch 79/300, Loss: 5.6201, Obj: 2.9077, Eq Viol (l1): 0.000035, Ineq Viol (l1): 0.000000, Epoch time: 2.77s
Epoch 80/300, Loss: 5.5401, Obj: 2.9504, Eq Viol (l1): 0.000039, Ineq Viol (l1): 0.000000, Epoch time: 2.77s
Epoch 81/300, Loss: 5.6247, Obj: 2.7788, Eq Viol (l1): 0.000029, Ineq Viol (l1): 0.000000, Epoch time: 2.85s

Running validation at epoch 80...

VALIDATION_EPOCH_80 EVALUATION RESULTS:
==================================================
Objective Value:     3.116216e+00
True Objective:      -2.413704e+00
Optimality Gap:      7.646682e+00 ± 3.148203e+00
Eq Violation l1:   1.773676e-05 (max: 5.216792e-03)
Ineq Violation l1: 4.016524e-07 (max: 1.777498e-04)
Solution Distance:   7.440368e+01 ± 2.232488e+00
Merit:             3.116398e+00 ± 1.614913e-01
Avg Inference Time:  0.1196s
==================================================
Epoch 82/300, Loss: 5.7210, Obj: 2.9401, Eq Viol (l1): 0.000030, Ineq Viol (l1): 0.000000, Epoch time: 2.81s
Epoch 83/300, Loss: 5.6504, Obj: 2.8338, Eq Viol (l1): 0.000030, Ineq Viol (l1): 0.000000, Epoch time: 2.81s
Epoch 84/300, Loss: 5.5619, Obj: 2.9584, Eq Viol (l1): 0.000035, Ineq Viol (l1): 0.000000, Epoch time: 2.80s
Epoch 85/300, Loss: 5.4347, Obj: 2.8014, Eq Viol (l1): 0.000034, Ineq Viol (l1): 0.000000, Epoch time: 2.79s
Epoch 86/300, Loss: 5.2725, Obj: 2.7056, Eq Viol (l1): 0.000034, Ineq Viol (l1): 0.000000, Epoch time: 2.79s
Epoch 87/300, Loss: 5.4059, Obj: 2.8645, Eq Viol (l1): 0.000043, Ineq Viol (l1): 0.000000, Epoch time: 2.72s
Epoch 88/300, Loss: 5.5630, Obj: 2.7269, Eq Viol (l1): 0.000036, Ineq Viol (l1): 0.000000, Epoch time: 2.80s
Epoch 89/300, Loss: 5.4491, Obj: 2.9622, Eq Viol (l1): 0.000092, Ineq Viol (l1): 0.000011, Epoch time: 2.73s
Epoch 90/300, Loss: 5.2436, Obj: 2.7767, Eq Viol (l1): 0.000044, Ineq Viol (l1): 0.000000, Epoch time: 2.70s
Epoch 91/300, Loss: 5.1415, Obj: 2.7405, Eq Viol (l1): 0.000041, Ineq Viol (l1): 0.000000, Epoch time: 2.74s

Running validation at epoch 90...

VALIDATION_EPOCH_90 EVALUATION RESULTS:
==================================================
Objective Value:     3.044689e+00
True Objective:      -2.413704e+00
Optimality Gap:      7.602019e+00 ± 2.802020e+00
Eq Violation l1:   7.023272e-05 (max: 3.220279e-02)
Ineq Violation l1: 7.095219e-06 (max: 3.603811e-03)
Solution Distance:   7.435424e+01 ± 1.938352e+00
Merit:             3.045462e+00 ± 1.570379e-01
Avg Inference Time:  0.1201s
==================================================
Epoch 92/300, Loss: 5.1860, Obj: 2.6936, Eq Viol (l1): 0.000038, Ineq Viol (l1): 0.000000, Epoch time: 2.74s
Epoch 93/300, Loss: 5.2221, Obj: 2.7069, Eq Viol (l1): 0.000040, Ineq Viol (l1): 0.000000, Epoch time: 2.75s
Epoch 94/300, Loss: 5.1760, Obj: 2.7456, Eq Viol (l1): 0.000034, Ineq Viol (l1): 0.000000, Epoch time: 2.78s
Epoch 95/300, Loss: 5.4068, Obj: 2.7022, Eq Viol (l1): 0.000035, Ineq Viol (l1): 0.000000, Epoch time: 2.75s
Epoch 96/300, Loss: 5.2425, Obj: 2.7150, Eq Viol (l1): 0.000036, Ineq Viol (l1): 0.000000, Epoch time: 2.74s
Epoch 97/300, Loss: 5.2729, Obj: 2.7357, Eq Viol (l1): 0.000044, Ineq Viol (l1): 0.000000, Epoch time: 2.74s
Epoch 98/300, Loss: 5.3783, Obj: 2.7983, Eq Viol (l1): 0.000039, Ineq Viol (l1): 0.000000, Epoch time: 2.74s
Epoch 99/300, Loss: 5.1484, Obj: 2.6969, Eq Viol (l1): 0.000043, Ineq Viol (l1): 0.000000, Epoch time: 2.72s
Epoch 100/300, Loss: 5.2332, Obj: 2.7278, Eq Viol (l1): 0.000046, Ineq Viol (l1): 0.000000, Epoch time: 2.70s
Epoch 101/300, Loss: 5.0625, Obj: 2.6530, Eq Viol (l1): 0.000040, Ineq Viol (l1): 0.000000, Epoch time: 2.83s

Running validation at epoch 100...

VALIDATION_EPOCH_100 EVALUATION RESULTS:
==================================================
Objective Value:     2.820482e+00
True Objective:      -2.413704e+00
Optimality Gap:      7.129301e+00 ± 2.890168e+00
Eq Violation l1:   2.138806e-04 (max: 9.826202e-02)
Ineq Violation l1: 5.159847e-05 (max: 2.507863e-02)
Solution Distance:   7.335581e+01 ± 1.446158e+00
Merit:             2.823137e+00 ± 1.613267e-01
Avg Inference Time:  0.1153s
==================================================
Epoch 102/300, Loss: 5.0959, Obj: 2.6580, Eq Viol (l1): 0.000036, Ineq Viol (l1): 0.000000, Epoch time: 2.74s
Epoch 103/300, Loss: 5.0276, Obj: 2.6557, Eq Viol (l1): 0.000047, Ineq Viol (l1): 0.000000, Epoch time: 2.73s
Epoch 104/300, Loss: 4.9413, Obj: 2.5854, Eq Viol (l1): 0.000045, Ineq Viol (l1): 0.000000, Epoch time: 2.71s
Epoch 105/300, Loss: 5.0646, Obj: 2.6101, Eq Viol (l1): 0.000036, Ineq Viol (l1): 0.000000, Epoch time: 2.74s
Epoch 106/300, Loss: 4.9859, Obj: 2.5596, Eq Viol (l1): 0.000046, Ineq Viol (l1): 0.000000, Epoch time: 2.71s
Epoch 107/300, Loss: 5.0446, Obj: 2.6552, Eq Viol (l1): 0.000036, Ineq Viol (l1): 0.000000, Epoch time: 2.74s
Epoch 108/300, Loss: 4.9598, Obj: 2.5470, Eq Viol (l1): 0.000033, Ineq Viol (l1): 0.000000, Epoch time: 2.82s
Epoch 109/300, Loss: 4.9669, Obj: 2.5700, Eq Viol (l1): 0.000044, Ineq Viol (l1): 0.000000, Epoch time: 2.70s
Epoch 110/300, Loss: 4.8860, Obj: 2.5335, Eq Viol (l1): 0.000211, Ineq Viol (l1): 0.000046, Epoch time: 2.75s
Epoch 111/300, Loss: 5.1166, Obj: 2.6574, Eq Viol (l1): 0.000039, Ineq Viol (l1): 0.000000, Epoch time: 2.72s

Running validation at epoch 110...

VALIDATION_EPOCH_110 EVALUATION RESULTS:
==================================================
Objective Value:     2.840042e+00
True Objective:      -2.413704e+00
Optimality Gap:      7.261190e+00 ± 2.827102e+00
Eq Violation l1:   1.031203e-03 (max: 5.106592e-01)
Ineq Violation l1: 2.783070e-04 (max: 1.397794e-01)
Solution Distance:   7.357705e+01 ± 1.889501e+00
Merit:             2.853137e+00 ± 1.448984e-01
Avg Inference Time:  0.1204s
==================================================
Epoch 112/300, Loss: 5.0245, Obj: 2.5524, Eq Viol (l1): 0.000036, Ineq Viol (l1): 0.000000, Epoch time: 2.76s
Epoch 113/300, Loss: 4.9743, Obj: 2.5058, Eq Viol (l1): 0.000037, Ineq Viol (l1): 0.000000, Epoch time: 2.77s
Epoch 114/300, Loss: 4.8820, Obj: 2.5037, Eq Viol (l1): 0.000036, Ineq Viol (l1): 0.000000, Epoch time: 2.74s
Epoch 115/300, Loss: 4.9080, Obj: 2.4825, Eq Viol (l1): 0.000101, Ineq Viol (l1): 0.000019, Epoch time: 2.79s
Epoch 116/300, Loss: 4.9045, Obj: 2.5015, Eq Viol (l1): 0.000053, Ineq Viol (l1): 0.000002, Epoch time: 2.78s
Epoch 117/300, Loss: 4.8811, Obj: 2.4519, Eq Viol (l1): 0.000038, Ineq Viol (l1): 0.000000, Epoch time: 2.75s
Epoch 118/300, Loss: 4.8690, Obj: 2.4748, Eq Viol (l1): 0.000842, Ineq Viol (l1): 0.000234, Epoch time: 2.79s
Epoch 119/300, Loss: 4.7573, Obj: 2.4474, Eq Viol (l1): 0.000067, Ineq Viol (l1): 0.000012, Epoch time: 2.84s
Epoch 120/300, Loss: 4.9795, Obj: 2.4082, Eq Viol (l1): 0.000835, Ineq Viol (l1): 0.000230, Epoch time: 2.78s
Epoch 121/300, Loss: 4.8370, Obj: 2.4218, Eq Viol (l1): 0.000042, Ineq Viol (l1): 0.000003, Epoch time: 2.79s

Running validation at epoch 120...

VALIDATION_EPOCH_120 EVALUATION RESULTS:
==================================================
Objective Value:     2.683111e+00
True Objective:      -2.413704e+00
Optimality Gap:      6.884074e+00 ± 2.611248e+00
Eq Violation l1:   4.187540e-05 (max: 1.544591e-02)
Ineq Violation l1: 2.599844e-07 (max: 1.103111e-04)
Solution Distance:   7.293630e+01 ± 1.695526e+00
Merit:             2.683532e+00 ± 1.337632e-01
Avg Inference Time:  0.1198s
==================================================
Epoch 122/300, Loss: 4.8828, Obj: 2.4476, Eq Viol (l1): 0.000162, Ineq Viol (l1): 0.000008, Epoch time: 2.80s
Epoch 123/300, Loss: 4.9006, Obj: 2.3361, Eq Viol (l1): 0.000038, Ineq Viol (l1): 0.000000, Epoch time: 2.78s
Epoch 124/300, Loss: 4.9900, Obj: 2.3568, Eq Viol (l1): 0.000391, Ineq Viol (l1): 0.000085, Epoch time: 2.80s
Epoch 125/300, Loss: 4.9247, Obj: 2.4957, Eq Viol (l1): 0.000133, Ineq Viol (l1): 0.000038, Epoch time: 2.76s
Epoch 126/300, Loss: 5.0063, Obj: 2.3337, Eq Viol (l1): 0.000203, Ineq Viol (l1): 0.000025, Epoch time: 2.87s
Epoch 127/300, Loss: 5.3768, Obj: 2.4557, Eq Viol (l1): 0.000116, Ineq Viol (l1): 0.000043, Epoch time: 2.84s
Epoch 128/300, Loss: 5.1897, Obj: 2.4134, Eq Viol (l1): 0.000222, Ineq Viol (l1): 0.000064, Epoch time: 2.77s
Epoch 129/300, Loss: 4.9307, Obj: 2.4118, Eq Viol (l1): 0.001147, Ineq Viol (l1): 0.000403, Epoch time: 2.78s
Epoch 130/300, Loss: 4.7846, Obj: 2.3343, Eq Viol (l1): 0.001847, Ineq Viol (l1): 0.000385, Epoch time: 2.78s
Epoch 131/300, Loss: 4.9037, Obj: 2.3945, Eq Viol (l1): 0.001843, Ineq Viol (l1): 0.000335, Epoch time: 2.82s

Running validation at epoch 130...

VALIDATION_EPOCH_130 EVALUATION RESULTS:
==================================================
Objective Value:     2.633693e+00
True Objective:      -2.413704e+00
Optimality Gap:      6.899912e+00 ± 2.534658e+00
Eq Violation l1:   1.174635e-04 (max: 4.294414e-02)
Ineq Violation l1: 6.884193e-06 (max: 2.780020e-03)
Solution Distance:   7.283861e+01 ± 1.764992e+00
Merit:             2.634936e+00 ± 1.061286e-01
Avg Inference Time:  0.1195s
==================================================
Epoch 132/300, Loss: 4.8447, Obj: 2.3336, Eq Viol (l1): 0.002725, Ineq Viol (l1): 0.000571, Epoch time: 2.81s
Epoch 133/300, Loss: 4.8705, Obj: 2.3285, Eq Viol (l1): 0.002573, Ineq Viol (l1): 0.000581, Epoch time: 2.79s
Epoch 134/300, Loss: 4.8229, Obj: 2.3938, Eq Viol (l1): 0.001159, Ineq Viol (l1): 0.000315, Epoch time: 2.80s
Epoch 135/300, Loss: 4.9151, Obj: 2.3884, Eq Viol (l1): 0.003235, Ineq Viol (l1): 0.000833, Epoch time: 2.87s
Epoch 136/300, Loss: 4.8579, Obj: 2.3372, Eq Viol (l1): 0.000200, Ineq Viol (l1): 0.000007, Epoch time: 2.78s
Epoch 137/300, Loss: 4.6186, Obj: 2.2927, Eq Viol (l1): 0.005040, Ineq Viol (l1): 0.001339, Epoch time: 2.75s
Epoch 138/300, Loss: 4.5932, Obj: 2.2496, Eq Viol (l1): 0.000942, Ineq Viol (l1): 0.000203, Epoch time: 2.76s
Epoch 139/300, Loss: 4.7025, Obj: 2.2751, Eq Viol (l1): 0.000546, Ineq Viol (l1): 0.000201, Epoch time: 2.78s
Epoch 140/300, Loss: 4.8313, Obj: 2.2912, Eq Viol (l1): 0.000038, Ineq Viol (l1): 0.000000, Epoch time: 2.77s
Epoch 141/300, Loss: 4.7472, Obj: 2.3169, Eq Viol (l1): 0.001330, Ineq Viol (l1): 0.000420, Epoch time: 2.79s

Running validation at epoch 140...

VALIDATION_EPOCH_140 EVALUATION RESULTS:
==================================================
Objective Value:     2.523386e+00
True Objective:      -2.413704e+00
Optimality Gap:      6.597766e+00 ± 2.587438e+00
Eq Violation l1:   8.484469e-05 (max: 3.829288e-02)
Ineq Violation l1: 1.399247e-05 (max: 7.070981e-03)
Solution Distance:   7.253105e+01 ± 2.025151e+00
Merit:             2.524375e+00 ± 1.372089e-01
Avg Inference Time:  0.1182s
==================================================
Epoch 142/300, Loss: 4.8375, Obj: 2.2009, Eq Viol (l1): 0.002588, Ineq Viol (l1): 0.000780, Epoch time: 2.81s
Epoch 143/300, Loss: 4.8142, Obj: 2.3318, Eq Viol (l1): 0.002949, Ineq Viol (l1): 0.000702, Epoch time: 2.81s
Epoch 144/300, Loss: 4.8102, Obj: 2.3008, Eq Viol (l1): 0.001912, Ineq Viol (l1): 0.000401, Epoch time: 2.84s
Epoch 145/300, Loss: 4.8294, Obj: 2.2677, Eq Viol (l1): 0.001313, Ineq Viol (l1): 0.000193, Epoch time: 2.82s
Epoch 146/300, Loss: 4.6868, Obj: 2.2725, Eq Viol (l1): 0.000936, Ineq Viol (l1): 0.000350, Epoch time: 2.80s
Epoch 147/300, Loss: 4.8773, Obj: 2.1789, Eq Viol (l1): 0.001034, Ineq Viol (l1): 0.000259, Epoch time: 2.90s
Epoch 148/300, Loss: 4.9442, Obj: 2.2581, Eq Viol (l1): 0.001670, Ineq Viol (l1): 0.000624, Epoch time: 2.86s
Epoch 149/300, Loss: 4.8154, Obj: 2.2016, Eq Viol (l1): 0.000060, Ineq Viol (l1): 0.000002, Epoch time: 2.82s
Epoch 150/300, Loss: 4.8289, Obj: 2.2447, Eq Viol (l1): 0.000828, Ineq Viol (l1): 0.000189, Epoch time: 2.79s
Epoch 151/300, Loss: 4.6629, Obj: 2.1997, Eq Viol (l1): 0.001898, Ineq Viol (l1): 0.000354, Epoch time: 2.86s

Running validation at epoch 150...

VALIDATION_EPOCH_150 EVALUATION RESULTS:
==================================================
Objective Value:     2.396923e+00
True Objective:      -2.413704e+00
Optimality Gap:      6.368852e+00 ± 2.476237e+00
Eq Violation l1:   2.631134e-05 (max: 8.159901e-03)
Ineq Violation l1: 2.853539e-07 (max: 7.012398e-05)
Solution Distance:   7.212755e+01 ± 1.858634e+00
Merit:             2.397189e+00 ± 1.528081e-01
Avg Inference Time:  0.1195s
==================================================
Epoch 152/300, Loss: 4.7236, Obj: 2.1922, Eq Viol (l1): 0.002645, Ineq Viol (l1): 0.000768, Epoch time: 2.83s
Epoch 153/300, Loss: 4.7522, Obj: 2.1564, Eq Viol (l1): 0.004985, Ineq Viol (l1): 0.001348, Epoch time: 2.82s
Epoch 154/300, Loss: 4.7818, Obj: 2.2023, Eq Viol (l1): 0.008960, Ineq Viol (l1): 0.002394, Epoch time: 2.82s
Epoch 155/300, Loss: 4.5614, Obj: 2.1534, Eq Viol (l1): 0.003754, Ineq Viol (l1): 0.000999, Epoch time: 2.80s
Epoch 156/300, Loss: 4.5741, Obj: 2.1149, Eq Viol (l1): 0.003924, Ineq Viol (l1): 0.001600, Epoch time: 2.82s
Epoch 157/300, Loss: 4.6073, Obj: 2.1885, Eq Viol (l1): 0.008595, Ineq Viol (l1): 0.002460, Epoch time: 2.82s
Epoch 158/300, Loss: 4.6833, Obj: 2.1268, Eq Viol (l1): 0.004311, Ineq Viol (l1): 0.000884, Epoch time: 2.82s
Epoch 159/300, Loss: 4.6455, Obj: 2.1172, Eq Viol (l1): 0.008676, Ineq Viol (l1): 0.002739, Epoch time: 2.81s
Epoch 160/300, Loss: 4.6557, Obj: 2.1451, Eq Viol (l1): 0.003883, Ineq Viol (l1): 0.000943, Epoch time: 2.85s
Epoch 161/300, Loss: 4.5684, Obj: 2.1162, Eq Viol (l1): 0.002786, Ineq Viol (l1): 0.000457, Epoch time: 2.91s

Running validation at epoch 160...

VALIDATION_EPOCH_160 EVALUATION RESULTS:
==================================================
Objective Value:     2.234978e+00
True Objective:      -2.413704e+00
Optimality Gap:      6.492503e+00 ± 2.779643e+00
Eq Violation l1:   1.655902e-05 (max: 2.379478e-03)
Ineq Violation l1: 3.191750e-07 (max: 7.923722e-05)
Solution Distance:   7.196043e+01 ± 2.296932e+00
Merit:             2.235147e+00 ± 1.510081e-01
Avg Inference Time:  0.1141s
==================================================
Epoch 162/300, Loss: 4.5278, Obj: 2.0531, Eq Viol (l1): 0.000896, Ineq Viol (l1): 0.000153, Epoch time: 2.88s
Epoch 163/300, Loss: 4.6917, Obj: 2.1603, Eq Viol (l1): 0.001766, Ineq Viol (l1): 0.000443, Epoch time: 2.83s
Epoch 164/300, Loss: 4.7870, Obj: 2.1059, Eq Viol (l1): 0.003643, Ineq Viol (l1): 0.000694, Epoch time: 2.86s
Epoch 165/300, Loss: 4.5587, Obj: 2.0658, Eq Viol (l1): 0.001962, Ineq Viol (l1): 0.000510, Epoch time: 2.86s
Epoch 166/300, Loss: 4.6709, Obj: 2.1495, Eq Viol (l1): 0.009805, Ineq Viol (l1): 0.003788, Epoch time: 2.83s
Epoch 167/300, Loss: 4.5617, Obj: 2.0915, Eq Viol (l1): 0.008111, Ineq Viol (l1): 0.002390, Epoch time: 2.94s
Epoch 168/300, Loss: 4.6811, Obj: 2.0523, Eq Viol (l1): 0.007051, Ineq Viol (l1): 0.002705, Epoch time: 2.86s
Epoch 169/300, Loss: 4.6085, Obj: 2.1309, Eq Viol (l1): 0.009086, Ineq Viol (l1): 0.003019, Epoch time: 2.93s
Epoch 170/300, Loss: 4.6421, Obj: 2.0110, Eq Viol (l1): 0.006749, Ineq Viol (l1): 0.001613, Epoch time: 2.84s
Epoch 171/300, Loss: 4.4389, Obj: 2.0578, Eq Viol (l1): 0.003572, Ineq Viol (l1): 0.000685, Epoch time: 2.87s

Running validation at epoch 170...

VALIDATION_EPOCH_170 EVALUATION RESULTS:
==================================================
Objective Value:     2.244103e+00
True Objective:      -2.413704e+00
Optimality Gap:      6.323442e+00 ± 2.655040e+00
Eq Violation l1:   8.568682e-05 (max: 3.823092e-02)
Ineq Violation l1: 1.196961e-05 (max: 5.797079e-03)
Solution Distance:   7.122415e+01 ± 1.818122e+00
Merit:             2.245080e+00 ± 1.243647e-01
Avg Inference Time:  0.1195s
==================================================
Epoch 172/300, Loss: 4.5503, Obj: 2.1061, Eq Viol (l1): 0.003374, Ineq Viol (l1): 0.000533, Epoch time: 2.90s
Epoch 173/300, Loss: 4.5703, Obj: 2.0386, Eq Viol (l1): 0.002659, Ineq Viol (l1): 0.000689, Epoch time: 2.82s
Epoch 174/300, Loss: 4.5838, Obj: 2.0592, Eq Viol (l1): 0.004971, Ineq Viol (l1): 0.000995, Epoch time: 2.85s
Epoch 175/300, Loss: 4.3876, Obj: 2.0206, Eq Viol (l1): 0.007644, Ineq Viol (l1): 0.001696, Epoch time: 2.79s
Epoch 176/300, Loss: 4.5377, Obj: 1.9995, Eq Viol (l1): 0.003942, Ineq Viol (l1): 0.000951, Epoch time: 2.83s
Epoch 177/300, Loss: 4.4853, Obj: 2.0567, Eq Viol (l1): 0.003937, Ineq Viol (l1): 0.001087, Epoch time: 2.75s
Epoch 178/300, Loss: 4.5310, Obj: 2.0281, Eq Viol (l1): 0.000774, Ineq Viol (l1): 0.000157, Epoch time: 2.81s
Epoch 179/300, Loss: 4.3830, Obj: 2.0333, Eq Viol (l1): 0.002700, Ineq Viol (l1): 0.000696, Epoch time: 2.78s
Epoch 180/300, Loss: 4.3761, Obj: 1.9729, Eq Viol (l1): 0.008299, Ineq Viol (l1): 0.002048, Epoch time: 2.83s
Epoch 181/300, Loss: 4.5724, Obj: 2.0636, Eq Viol (l1): 0.005353, Ineq Viol (l1): 0.002002, Epoch time: 2.80s

Running validation at epoch 180...

VALIDATION_EPOCH_180 EVALUATION RESULTS:
==================================================
Objective Value:     2.100091e+00
True Objective:      -2.413704e+00
Optimality Gap:      6.105870e+00 ± 2.463094e+00
Eq Violation l1:   4.616667e-05 (max: 1.623580e-02)
Ineq Violation l1: 1.917288e-06 (max: 7.890271e-04)
Solution Distance:   7.053469e+01 ± 2.041893e+00
Merit:             2.100572e+00 ± 1.549553e-01
Avg Inference Time:  0.1184s
==================================================
Epoch 182/300, Loss: 4.7043, Obj: 1.9739, Eq Viol (l1): 0.005806, Ineq Viol (l1): 0.001338, Epoch time: 2.83s
Epoch 183/300, Loss: 4.4717, Obj: 1.9920, Eq Viol (l1): 0.007154, Ineq Viol (l1): 0.002087, Epoch time: 2.81s
Epoch 184/300, Loss: 4.6225, Obj: 1.9537, Eq Viol (l1): 0.002227, Ineq Viol (l1): 0.000992, Epoch time: 2.83s
Epoch 185/300, Loss: 4.3612, Obj: 1.9434, Eq Viol (l1): 0.003677, Ineq Viol (l1): 0.001126, Epoch time: 2.84s
Epoch 186/300, Loss: 4.6646, Obj: 1.9807, Eq Viol (l1): 0.003324, Ineq Viol (l1): 0.001426, Epoch time: 2.83s
Epoch 187/300, Loss: 4.5616, Obj: 1.9789, Eq Viol (l1): 0.006517, Ineq Viol (l1): 0.002401, Epoch time: 2.84s
Epoch 188/300, Loss: 4.4808, Obj: 1.9894, Eq Viol (l1): 0.016244, Ineq Viol (l1): 0.005458, Epoch time: 2.85s
Epoch 189/300, Loss: 4.5240, Obj: 1.9778, Eq Viol (l1): 0.002863, Ineq Viol (l1): 0.000806, Epoch time: 2.81s
Epoch 190/300, Loss: 4.5503, Obj: 2.0524, Eq Viol (l1): 0.016091, Ineq Viol (l1): 0.005958, Epoch time: 2.88s
Epoch 191/300, Loss: 4.6714, Obj: 1.9533, Eq Viol (l1): 0.006433, Ineq Viol (l1): 0.001953, Epoch time: 2.87s

Running validation at epoch 190...

VALIDATION_EPOCH_190 EVALUATION RESULTS:
==================================================
Objective Value:     2.110167e+00
True Objective:      -2.413704e+00
Optimality Gap:      6.349445e+00 ± 2.495896e+00
Eq Violation l1:   7.097424e-05 (max: 3.217072e-02)
Ineq Violation l1: 3.754682e-06 (max: 1.894171e-03)
Solution Distance:   7.051808e+01 ± 2.066023e+00
Merit:             2.110914e+00 ± 1.129711e-01
Avg Inference Time:  0.1189s
==================================================
Epoch 192/300, Loss: 4.4769, Obj: 1.9585, Eq Viol (l1): 0.007183, Ineq Viol (l1): 0.001791, Epoch time: 2.82s
Epoch 193/300, Loss: 4.3940, Obj: 1.9642, Eq Viol (l1): 0.008886, Ineq Viol (l1): 0.002522, Epoch time: 2.80s
Epoch 194/300, Loss: 4.4467, Obj: 1.9570, Eq Viol (l1): 0.004855, Ineq Viol (l1): 0.001589, Epoch time: 2.81s
Epoch 195/300, Loss: 4.4326, Obj: 1.9219, Eq Viol (l1): 0.013299, Ineq Viol (l1): 0.005183, Epoch time: 2.85s
Epoch 196/300, Loss: 4.2809, Obj: 1.8533, Eq Viol (l1): 0.012038, Ineq Viol (l1): 0.003412, Epoch time: 2.82s
Epoch 197/300, Loss: 4.2422, Obj: 1.8537, Eq Viol (l1): 0.010944, Ineq Viol (l1): 0.003761, Epoch time: 2.82s
Epoch 198/300, Loss: 4.3319, Obj: 1.9001, Eq Viol (l1): 0.010685, Ineq Viol (l1): 0.003392, Epoch time: 2.86s
Epoch 199/300, Loss: 4.3436, Obj: 1.7714, Eq Viol (l1): 0.007956, Ineq Viol (l1): 0.002427, Epoch time: 2.83s
Epoch 200/300, Loss: 4.5126, Obj: 2.0367, Eq Viol (l1): 0.007231, Ineq Viol (l1): 0.002527, Epoch time: 2.86s
Epoch 201/300, Loss: 4.4570, Obj: 1.8216, Eq Viol (l1): 0.008850, Ineq Viol (l1): 0.004612, Epoch time: 2.81s

Running validation at epoch 200...

VALIDATION_EPOCH_200 EVALUATION RESULTS:
==================================================
Objective Value:     1.873160e+00
True Objective:      -2.413704e+00
Optimality Gap:      5.966491e+00 ± 2.433428e+00
Eq Violation l1:   1.217375e-05 (max: 2.882753e-03)
Ineq Violation l1: 2.380139e-07 (max: 8.036658e-05)
Solution Distance:   6.984313e+01 ± 1.928904e+00
Merit:             1.873285e+00 ± 1.400784e-01
Avg Inference Time:  0.1174s
==================================================
Epoch 202/300, Loss: 4.3044, Obj: 1.7708, Eq Viol (l1): 0.015323, Ineq Viol (l1): 0.005366, Epoch time: 2.87s
Epoch 203/300, Loss: 4.4285, Obj: 1.9494, Eq Viol (l1): 0.006784, Ineq Viol (l1): 0.002557, Epoch time: 2.84s
Epoch 204/300, Loss: 4.6521, Obj: 1.9017, Eq Viol (l1): 0.005243, Ineq Viol (l1): 0.002257, Epoch time: 2.92s
Epoch 205/300, Loss: 4.5229, Obj: 1.8868, Eq Viol (l1): 0.007001, Ineq Viol (l1): 0.001895, Epoch time: 2.90s
Epoch 206/300, Loss: 4.5386, Obj: 1.9341, Eq Viol (l1): 0.006266, Ineq Viol (l1): 0.002374, Epoch time: 2.81s
Epoch 207/300, Loss: 4.6453, Obj: 1.7654, Eq Viol (l1): 0.006177, Ineq Viol (l1): 0.001958, Epoch time: 2.80s
Epoch 208/300, Loss: 4.2155, Obj: 1.7601, Eq Viol (l1): 0.002803, Ineq Viol (l1): 0.000575, Epoch time: 2.84s
Epoch 209/300, Loss: 4.0188, Obj: 1.7159, Eq Viol (l1): 0.007970, Ineq Viol (l1): 0.002543, Epoch time: 2.86s
Epoch 210/300, Loss: 4.0704, Obj: 1.7501, Eq Viol (l1): 0.009867, Ineq Viol (l1): 0.002902, Epoch time: 2.80s
Epoch 211/300, Loss: 4.1529, Obj: 1.7422, Eq Viol (l1): 0.003126, Ineq Viol (l1): 0.000995, Epoch time: 2.82s

Running validation at epoch 210...

VALIDATION_EPOCH_210 EVALUATION RESULTS:
==================================================
Objective Value:     1.755526e+00
True Objective:      -2.413704e+00
Optimality Gap:      5.457313e+00 ± 2.107924e+00
Eq Violation l1:   2.069061e-05 (max: 5.971340e-03)
Ineq Violation l1: 9.141837e-07 (max: 4.274888e-04)
Solution Distance:   6.999735e+01 ± 1.989993e+00
Merit:             1.755742e+00 ± 1.692947e-01
Avg Inference Time:  0.1155s
==================================================
Epoch 212/300, Loss: 3.9764, Obj: 1.6953, Eq Viol (l1): 0.006750, Ineq Viol (l1): 0.002553, Epoch time: 2.85s
Epoch 213/300, Loss: 6.6252, Obj: 1.7553, Eq Viol (l1): 0.126542, Ineq Viol (l1): 0.118468, Epoch time: 2.86s
Epoch 214/300, Loss: 4.1859, Obj: 1.7663, Eq Viol (l1): 0.014381, Ineq Viol (l1): 0.004369, Epoch time: 2.89s
Epoch 215/300, Loss: 4.3000, Obj: 1.7855, Eq Viol (l1): 0.010840, Ineq Viol (l1): 0.003623, Epoch time: 2.85s
Epoch 216/300, Loss: 4.1222, Obj: 1.7911, Eq Viol (l1): 0.008351, Ineq Viol (l1): 0.002017, Epoch time: 2.83s
Epoch 217/300, Loss: 4.2321, Obj: 1.7495, Eq Viol (l1): 0.011317, Ineq Viol (l1): 0.003926, Epoch time: 2.88s
Epoch 218/300, Loss: 4.2819, Obj: 1.7362, Eq Viol (l1): 0.011353, Ineq Viol (l1): 0.004781, Epoch time: 2.88s
Epoch 219/300, Loss: 4.2667, Obj: 1.7870, Eq Viol (l1): 0.011590, Ineq Viol (l1): 0.002936, Epoch time: 2.84s
Epoch 220/300, Loss: 4.2020, Obj: 1.7251, Eq Viol (l1): 0.012468, Ineq Viol (l1): 0.003627, Epoch time: 2.89s
Epoch 221/300, Loss: 4.2152, Obj: 1.6733, Eq Viol (l1): 0.009070, Ineq Viol (l1): 0.002598, Epoch time: 2.82s

Running validation at epoch 220...

VALIDATION_EPOCH_220 EVALUATION RESULTS:
==================================================
Objective Value:     1.805604e+00
True Objective:      -2.413704e+00
Optimality Gap:      5.854379e+00 ± 2.661257e+00
Eq Violation l1:   1.585974e-05 (max: 3.819635e-03)
Ineq Violation l1: 3.528384e-07 (max: 1.080669e-04)
Solution Distance:   7.008158e+01 ± 2.173238e+00
Merit:             1.805767e+00 ± 9.593213e-02
Avg Inference Time:  0.1169s
==================================================
Epoch 222/300, Loss: 4.1418, Obj: 1.6822, Eq Viol (l1): 0.011740, Ineq Viol (l1): 0.003075, Epoch time: 2.85s
Epoch 223/300, Loss: 4.3845, Obj: 1.7013, Eq Viol (l1): 0.015291, Ineq Viol (l1): 0.003483, Epoch time: 2.88s
Epoch 224/300, Loss: 4.5965, Obj: 1.7599, Eq Viol (l1): 0.013278, Ineq Viol (l1): 0.004279, Epoch time: 2.89s
Epoch 225/300, Loss: 5.0106, Obj: 1.6482, Eq Viol (l1): 0.009733, Ineq Viol (l1): 0.001877, Epoch time: 2.90s
Epoch 226/300, Loss: 4.8632, Obj: 1.6359, Eq Viol (l1): 0.006225, Ineq Viol (l1): 0.001135, Epoch time: 2.81s
Epoch 227/300, Loss: 4.4284, Obj: 1.6123, Eq Viol (l1): 0.009438, Ineq Viol (l1): 0.002434, Epoch time: 2.86s
Epoch 228/300, Loss: 4.5206, Obj: 1.7425, Eq Viol (l1): 0.012370, Ineq Viol (l1): 0.004060, Epoch time: 2.87s
Epoch 229/300, Loss: 4.2501, Obj: 1.6133, Eq Viol (l1): 0.016660, Ineq Viol (l1): 0.005434, Epoch time: 2.92s
Epoch 230/300, Loss: 4.4457, Obj: 1.6748, Eq Viol (l1): 0.007270, Ineq Viol (l1): 0.002129, Epoch time: 2.86s
Epoch 231/300, Loss: 4.5061, Obj: 1.7308, Eq Viol (l1): 0.012187, Ineq Viol (l1): 0.003207, Epoch time: 2.90s

Running validation at epoch 230...

VALIDATION_EPOCH_230 EVALUATION RESULTS:
==================================================
Objective Value:     1.735891e+00
True Objective:      -2.413704e+00
Optimality Gap:      5.677918e+00 ± 2.451665e+00
Eq Violation l1:   1.207599e-05 (max: 3.049701e-03)
Ineq Violation l1: 9.668656e-08 (max: 3.312935e-05)
Solution Distance:   6.961031e+01 ± 2.300478e+00
Merit:             1.736013e+00 ± 1.163206e-01
Avg Inference Time:  0.1195s
==================================================
Epoch 232/300, Loss: 4.4654, Obj: 1.7321, Eq Viol (l1): 0.008300, Ineq Viol (l1): 0.002227, Epoch time: 2.82s
Epoch 233/300, Loss: 4.2995, Obj: 1.5652, Eq Viol (l1): 0.007479, Ineq Viol (l1): 0.002853, Epoch time: 2.82s
Epoch 234/300, Loss: 4.3739, Obj: 1.6392, Eq Viol (l1): 0.006473, Ineq Viol (l1): 0.002233, Epoch time: 2.96s
Epoch 235/300, Loss: 4.2332, Obj: 1.5967, Eq Viol (l1): 0.003530, Ineq Viol (l1): 0.002068, Epoch time: 2.82s
Epoch 236/300, Loss: 4.0977, Obj: 1.5841, Eq Viol (l1): 0.004982, Ineq Viol (l1): 0.001250, Epoch time: 2.84s
Epoch 237/300, Loss: 4.0694, Obj: 1.5289, Eq Viol (l1): 0.009079, Ineq Viol (l1): 0.002316, Epoch time: 2.82s
Epoch 238/300, Loss: 4.0741, Obj: 1.5614, Eq Viol (l1): 0.011534, Ineq Viol (l1): 0.003464, Epoch time: 2.90s
Epoch 239/300, Loss: 3.9744, Obj: 1.5388, Eq Viol (l1): 0.017667, Ineq Viol (l1): 0.005390, Epoch time: 2.84s
Epoch 240/300, Loss: 4.1773, Obj: 1.5564, Eq Viol (l1): 0.014037, Ineq Viol (l1): 0.003278, Epoch time: 2.81s
Epoch 241/300, Loss: 4.1719, Obj: 1.5467, Eq Viol (l1): 0.013764, Ineq Viol (l1): 0.004740, Epoch time: 2.85s

Running validation at epoch 240...

VALIDATION_EPOCH_240 EVALUATION RESULTS:
==================================================
Objective Value:     1.394409e+00
True Objective:      -2.413704e+00
Optimality Gap:      5.383647e+00 ± 2.487134e+00
Eq Violation l1:   3.869956e-04 (max: 1.649853e-01)
Ineq Violation l1: 6.660084e-05 (max: 3.054140e-02)
Solution Distance:   6.929185e+01 ± 2.380526e+00
Merit:             1.398944e+00 ± 8.319059e-02
Avg Inference Time:  0.1177s
==================================================
Epoch 242/300, Loss: 4.1501, Obj: 1.5377, Eq Viol (l1): 0.020298, Ineq Viol (l1): 0.006776, Epoch time: 2.87s
Epoch 243/300, Loss: 4.3791, Obj: 1.5659, Eq Viol (l1): 0.016712, Ineq Viol (l1): 0.005867, Epoch time: 2.86s
Epoch 244/300, Loss: 4.7058, Obj: 1.5828, Eq Viol (l1): 0.005633, Ineq Viol (l1): 0.004048, Epoch time: 2.82s
Epoch 245/300, Loss: 4.7708, Obj: 1.5987, Eq Viol (l1): 0.005558, Ineq Viol (l1): 0.004438, Epoch time: 2.81s
Epoch 246/300, Loss: 4.2494, Obj: 1.5511, Eq Viol (l1): 0.016390, Ineq Viol (l1): 0.005037, Epoch time: 2.91s
Epoch 247/300, Loss: 4.1705, Obj: 1.5121, Eq Viol (l1): 0.007140, Ineq Viol (l1): 0.002615, Epoch time: 2.83s
Epoch 248/300, Loss: 3.9781, Obj: 1.4165, Eq Viol (l1): 0.005384, Ineq Viol (l1): 0.001324, Epoch time: 2.81s
Epoch 249/300, Loss: 4.1200, Obj: 1.4225, Eq Viol (l1): 0.006342, Ineq Viol (l1): 0.002471, Epoch time: 2.86s
Epoch 250/300, Loss: 3.8413, Obj: 1.4164, Eq Viol (l1): 0.011943, Ineq Viol (l1): 0.004276, Epoch time: 2.85s
Epoch 251/300, Loss: 3.8748, Obj: 1.4439, Eq Viol (l1): 0.004613, Ineq Viol (l1): 0.001863, Epoch time: 2.82s

Running validation at epoch 250...

VALIDATION_EPOCH_250 EVALUATION RESULTS:
==================================================
Objective Value:     1.427203e+00
True Objective:      -2.413704e+00
Optimality Gap:      5.234759e+00 ± 2.236780e+00
Eq Violation l1:   2.662223e-05 (max: 4.038098e-03)
Ineq Violation l1: 9.891154e-07 (max: 3.463273e-04)
Solution Distance:   6.910432e+01 ± 2.543393e+00
Merit:             1.427480e+00 ± 8.265436e-02
Avg Inference Time:  0.1118s
==================================================
Epoch 252/300, Loss: 4.0183, Obj: 1.3957, Eq Viol (l1): 0.005475, Ineq Viol (l1): 0.002403, Epoch time: 2.85s
Epoch 253/300, Loss: 4.1213, Obj: 1.5177, Eq Viol (l1): 0.008004, Ineq Viol (l1): 0.002163, Epoch time: 2.91s
Epoch 254/300, Loss: 3.9699, Obj: 1.3582, Eq Viol (l1): 0.014994, Ineq Viol (l1): 0.005063, Epoch time: 2.86s
Epoch 255/300, Loss: 3.8985, Obj: 1.3960, Eq Viol (l1): 0.010702, Ineq Viol (l1): 0.003322, Epoch time: 2.83s
Epoch 256/300, Loss: 4.0591, Obj: 1.3942, Eq Viol (l1): 0.015084, Ineq Viol (l1): 0.005896, Epoch time: 2.83s
Epoch 257/300, Loss: 3.8850, Obj: 1.4174, Eq Viol (l1): 0.005892, Ineq Viol (l1): 0.002474, Epoch time: 2.85s
Epoch 258/300, Loss: 3.6851, Obj: 1.3436, Eq Viol (l1): 0.008210, Ineq Viol (l1): 0.002544, Epoch time: 2.79s
Epoch 259/300, Loss: 3.6947, Obj: 1.3581, Eq Viol (l1): 0.000725, Ineq Viol (l1): 0.000225, Epoch time: 2.81s
Epoch 260/300, Loss: 3.8253, Obj: 1.2271, Eq Viol (l1): 0.007292, Ineq Viol (l1): 0.002325, Epoch time: 2.85s
Epoch 261/300, Loss: 4.2679, Obj: 1.4558, Eq Viol (l1): 0.006739, Ineq Viol (l1): 0.003296, Epoch time: 2.89s

Running validation at epoch 260...

VALIDATION_EPOCH_260 EVALUATION RESULTS:
==================================================
Objective Value:     1.315927e+00
True Objective:      -2.413704e+00
Optimality Gap:      5.071723e+00 ± 2.372291e+00
Eq Violation l1:   1.646768e-05 (max: 3.427765e-03)
Ineq Violation l1: 5.845689e-07 (max: 1.716338e-04)
Solution Distance:   6.917516e+01 ± 2.341475e+00
Merit:             1.316098e+00 ± 7.091898e-02
Avg Inference Time:  0.1181s
==================================================
Epoch 262/300, Loss: 4.2737, Obj: 1.3967, Eq Viol (l1): 0.005421, Ineq Viol (l1): 0.001983, Epoch time: 2.88s
Epoch 263/300, Loss: 4.0518, Obj: 1.3242, Eq Viol (l1): 0.002737, Ineq Viol (l1): 0.001000, Epoch time: 2.82s
Epoch 264/300, Loss: 3.8357, Obj: 1.3119, Eq Viol (l1): 0.006931, Ineq Viol (l1): 0.002222, Epoch time: 2.85s
Epoch 265/300, Loss: 3.7878, Obj: 1.3262, Eq Viol (l1): 0.003142, Ineq Viol (l1): 0.000754, Epoch time: 2.81s
Epoch 266/300, Loss: 4.0329, Obj: 1.2913, Eq Viol (l1): 0.002186, Ineq Viol (l1): 0.000684, Epoch time: 2.87s
Epoch 267/300, Loss: 4.0176, Obj: 1.3621, Eq Viol (l1): 0.015020, Ineq Viol (l1): 0.004375, Epoch time: 2.98s
Epoch 268/300, Loss: 3.9016, Obj: 1.3311, Eq Viol (l1): 0.005121, Ineq Viol (l1): 0.001726, Epoch time: 2.87s
Epoch 269/300, Loss: 3.8956, Obj: 1.3526, Eq Viol (l1): 0.009788, Ineq Viol (l1): 0.003094, Epoch time: 2.89s
Epoch 270/300, Loss: 4.0241, Obj: 1.2475, Eq Viol (l1): 0.002320, Ineq Viol (l1): 0.000764, Epoch time: 2.87s
Epoch 271/300, Loss: 4.0693, Obj: 1.3274, Eq Viol (l1): 0.008409, Ineq Viol (l1): 0.003389, Epoch time: 2.89s

Running validation at epoch 270...

VALIDATION_EPOCH_270 EVALUATION RESULTS:
==================================================
Objective Value:     1.062029e+00
True Objective:      -2.413704e+00
Optimality Gap:      4.584327e+00 ± 2.179553e+00
Eq Violation l1:   9.942445e-04 (max: 4.792582e-01)
Ineq Violation l1: 1.497045e-04 (max: 7.302164e-02)
Solution Distance:   6.934134e+01 ± 2.427494e+00
Merit:             1.073469e+00 ± 8.693567e-02
Avg Inference Time:  0.1202s
==================================================
Epoch 272/300, Loss: 3.9669, Obj: 1.2389, Eq Viol (l1): 0.008893, Ineq Viol (l1): 0.003374, Epoch time: 2.88s
Epoch 273/300, Loss: 4.4389, Obj: 1.2529, Eq Viol (l1): 0.007412, Ineq Viol (l1): 0.003152, Epoch time: 2.99s
Epoch 274/300, Loss: 4.8543, Obj: 1.4285, Eq Viol (l1): 0.006001, Ineq Viol (l1): 0.002887, Epoch time: 2.89s
Epoch 275/300, Loss: 4.5424, Obj: 1.3919, Eq Viol (l1): 0.007063, Ineq Viol (l1): 0.003644, Epoch time: 2.86s
Epoch 276/300, Loss: 4.5093, Obj: 1.2670, Eq Viol (l1): 0.009344, Ineq Viol (l1): 0.005531, Epoch time: 2.93s
Epoch 277/300, Loss: 4.2685, Obj: 1.2285, Eq Viol (l1): 0.016262, Ineq Viol (l1): 0.007051, Epoch time: 2.94s
Epoch 278/300, Loss: 4.1495, Obj: 1.1976, Eq Viol (l1): 0.012959, Ineq Viol (l1): 0.005501, Epoch time: 2.88s
Epoch 279/300, Loss: 4.1699, Obj: 1.2365, Eq Viol (l1): 0.017431, Ineq Viol (l1): 0.006205, Epoch time: 2.93s
Epoch 280/300, Loss: 4.3439, Obj: 1.1682, Eq Viol (l1): 0.018947, Ineq Viol (l1): 0.007477, Epoch time: 2.91s
Epoch 281/300, Loss: 4.2875, Obj: 1.2357, Eq Viol (l1): 0.026988, Ineq Viol (l1): 0.008630, Epoch time: 3.02s

Running validation at epoch 280...

VALIDATION_EPOCH_280 EVALUATION RESULTS:
==================================================
Objective Value:     1.095930e+00
True Objective:      -2.413704e+00
Optimality Gap:      4.702972e+00 ± 2.225141e+00
Eq Violation l1:   2.999602e-04 (max: 1.493988e-01)
Ineq Violation l1: 6.175178e-05 (max: 3.156894e-02)
Solution Distance:   6.980500e+01 ± 2.732373e+00
Merit:             1.099547e+00 ± 9.543196e-02
Avg Inference Time:  0.1196s
==================================================
Epoch 282/300, Loss: 4.3366, Obj: 1.1592, Eq Viol (l1): 0.018318, Ineq Viol (l1): 0.007426, Epoch time: 2.98s
Epoch 283/300, Loss: 4.3130, Obj: 1.1574, Eq Viol (l1): 0.028503, Ineq Viol (l1): 0.012157, Epoch time: 3.04s
Epoch 284/300, Loss: 4.6960, Obj: 1.3070, Eq Viol (l1): 0.032542, Ineq Viol (l1): 0.010960, Epoch time: 2.98s
Epoch 285/300, Loss: 4.9967, Obj: 1.1272, Eq Viol (l1): 0.037042, Ineq Viol (l1): 0.014189, Epoch time: 3.04s
Epoch 286/300, Loss: 4.8096, Obj: 1.3495, Eq Viol (l1): 0.022033, Ineq Viol (l1): 0.010455, Epoch time: 2.99s
Epoch 287/300, Loss: 4.6024, Obj: 1.1870, Eq Viol (l1): 0.026492, Ineq Viol (l1): 0.010216, Epoch time: 2.95s
Epoch 288/300, Loss: 4.3704, Obj: 1.1135, Eq Viol (l1): 0.028662, Ineq Viol (l1): 0.012047, Epoch time: 3.01s
Epoch 289/300, Loss: 4.3172, Obj: 1.0640, Eq Viol (l1): 0.024173, Ineq Viol (l1): 0.011188, Epoch time: 2.91s
Epoch 290/300, Loss: 4.4749, Obj: 1.0598, Eq Viol (l1): 0.042864, Ineq Viol (l1): 0.016968, Epoch time: 2.93s
Epoch 291/300, Loss: 4.4801, Obj: 1.1279, Eq Viol (l1): 0.034093, Ineq Viol (l1): 0.015101, Epoch time: 3.03s

Running validation at epoch 290...

VALIDATION_EPOCH_290 EVALUATION RESULTS:
==================================================
Objective Value:     9.997801e-01
True Objective:      -2.413704e+00
Optimality Gap:      4.388876e+00 ± 2.117461e+00
Eq Violation l1:   2.141133e-05 (max: 4.513029e-03)
Ineq Violation l1: 3.515459e-07 (max: 1.301466e-04)
Solution Distance:   6.946301e+01 ± 2.780837e+00
Merit:             9.999977e-01 ± 6.451718e-02
Avg Inference Time:  0.1115s
==================================================
Epoch 292/300, Loss: 4.5543, Obj: 1.0266, Eq Viol (l1): 0.017489, Ineq Viol (l1): 0.008732, Epoch time: 3.06s
Epoch 293/300, Loss: 4.2466, Obj: 1.0670, Eq Viol (l1): 0.024715, Ineq Viol (l1): 0.011549, Epoch time: 2.97s
Epoch 294/300, Loss: 4.6146, Obj: 1.0677, Eq Viol (l1): 0.027611, Ineq Viol (l1): 0.011317, Epoch time: 3.08s
Epoch 295/300, Loss: 4.6850, Obj: 1.2332, Eq Viol (l1): 0.018682, Ineq Viol (l1): 0.009795, Epoch time: 3.02s
Epoch 296/300, Loss: 4.8079, Obj: 1.1255, Eq Viol (l1): 0.021514, Ineq Viol (l1): 0.010609, Epoch time: 3.06s
Epoch 297/300, Loss: 4.4814, Obj: 1.0398, Eq Viol (l1): 0.037229, Ineq Viol (l1): 0.014580, Epoch time: 3.05s
Epoch 298/300, Loss: 4.3615, Obj: 0.9798, Eq Viol (l1): 0.024464, Ineq Viol (l1): 0.010726, Epoch time: 3.02s
Epoch 299/300, Loss: 4.1775, Obj: 0.9757, Eq Viol (l1): 0.030612, Ineq Viol (l1): 0.012258, Epoch time: 2.99s
Epoch 300/300, Loss: 4.0906, Obj: 0.9408, Eq Viol (l1): 0.029946, Ineq Viol (l1): 0.010881, Epoch time: 3.22s

Training completed in 859.98 seconds.

============================================================
COMPREHENSIVE TEST EVALUATION WITH DETAILED RESULTS
============================================================
Testing with batch sizes: [256, 512]

Evaluating with batch size: 256 (with detailed results)

TEST_BS256 EVALUATION RESULTS:
==================================================
Objective Value:     7.033586e-01
True Objective:      -2.409220e+00
Optimality Gap:      2.719767e+00 ± 5.104197e+00
Eq Violation l1:   2.091036e-05 (max: 2.141509e-03)
Ineq Violation l1: 3.509548e-07 (max: 7.297382e-05)
Solution Distance:   7.041228e+01 ± 1.548021e+00
Merit:             7.035712e-01 ± 1.568288e-01
Avg Inference Time:  0.0933s
==================================================

Evaluating with batch size: 512 (with detailed results)

TEST_BS512 EVALUATION RESULTS:
==================================================
Objective Value:     6.987075e-01
True Objective:      -2.408634e+00
Optimality Gap:      2.605286e+00 ± 3.615673e+00
Eq Violation l1:   1.437001e-05 (max: 2.735423e-03)
Ineq Violation l1: 2.619100e-07 (max: 9.401399e-05)
Solution Distance:   7.039029e+01 ± 1.162526e+00
Merit:             6.988538e-01 ± 7.053384e-02
Avg Inference Time:  0.1077s
==================================================

TEST BATCH SIZE COMPARISON:
================================================================================
Batch Size   Objective    Opt Gap      Eq Viol      Ineq Viol    Time (s)  
--------------------------------------------------------------------------------
256          7.0336e-01   2.7198e+00   2.0910e-05   3.5095e-07   0.75      
512          6.9871e-01   2.6053e+00   1.4370e-05   2.6191e-07   0.43      
================================================================================

Saving model and results to: results/nonsmooth_nonconvex/socp/SOCPProblem-100-50-50-10000/20260107-055920_MLP_FSNet_seed2_nepochs300_lr0.0002_trainsize7000_finetune_20260106-202959_model_400
✓ Model saved: results/nonsmooth_nonconvex/socp/SOCPProblem-100-50-50-10000/20260107-055920_MLP_FSNet_seed2_nepochs300_lr0.0002_trainsize7000_finetune_20260106-202959_model_400/model.pt
✓ Detailed results saved: results/nonsmooth_nonconvex/socp/SOCPProblem-100-50-50-10000/20260107-055920_MLP_FSNet_seed2_nepochs300_lr0.0002_trainsize7000_finetune_20260106-202959_model_400/results.pkl

Files saved (or attempted):
  - model.pt (model weights and architecture)
  - results.pkl (training history, metrics, detailed test results)
Training and testing completed in 863.50 seconds
Done!!!
============================================================
==========         =====================         ===========
==========   2      =====================         ===========
==========         =====================         ===========
============================================================
