==============================================
 Job started at: 2026-01-15 14:52:24
 Job ID: 8101764
 Node: node4104
==============================================

======= Running for problem: nonsmooth_nonconvex/socp =======

Loading problem instance: nonsmooth_nonconvex/socp with size [100, 50, 50, 10000]
Loading  dataset from: datasets/nonsmooth_nonconvex/socp/random2025_socp_dataset_var100_ineq50_eq50_ex10000_maxt1.5_ready 

Running on:  cuda
Training model using sup_pen method with seed 0 for 1000 epochs
Using batch size: 512

lr: 0.0001, weight_decay: 0.001, num_epochs: 1000

Epoch 1/1000, Loss: 176658.7845, Obj: 0.0530, Eq Viol (l1): 26.732460, Ineq Viol (l1): 888.794401, Epoch time: 0.57s

Running validation at epoch 0...

VALIDATION_EPOCH_0 EVALUATION RESULTS:
==================================================
Obj:     5.468512e-02
Opt Gap:      7.767185e-01 ± 1.311119e-02
Eq Vio l1:   2.662657e+01 (max: 3.461835e+01)
Ineq Vio l1: 8.886877e+02 (max: 8.892797e+02)
Sol Dis:   1.637700e+02 ± 3.901156e-02
Merit:             9.153198e+03 ± 1.068138e-01
Avg Inf Time:  0.0003s
==================================================
✓ Model saved: results/nonsmooth_nonconvex/socp/SOCPProblem-100-50-50-10000/20260115-145229_MLP_sup_pen_seed0_nepochs1000_lr0.0001_trainsize7000_subopt_3_1.5/model_0.pt
Epoch 2/1000, Loss: 176208.3652, Obj: 0.0774, Eq Viol (l1): 26.751823, Ineq Viol (l1): 887.733747, Epoch time: 0.20s
Epoch 3/1000, Loss: 174877.5045, Obj: 0.1478, Eq Viol (l1): 26.951848, Ineq Viol (l1): 884.555360, Epoch time: 0.20s
Epoch 4/1000, Loss: 171646.6996, Obj: 0.3175, Eq Viol (l1): 28.075348, Ineq Viol (l1): 876.598395, Epoch time: 0.20s
Epoch 5/1000, Loss: 160194.8551, Obj: 0.9106, Eq Viol (l1): 36.559534, Ineq Viol (l1): 846.229383, Epoch time: 0.20s
Epoch 6/1000, Loss: 102669.5967, Obj: 4.0692, Eq Viol (l1): 90.088352, Ineq Viol (l1): 644.914310, Epoch time: 0.19s
Epoch 7/1000, Loss: 23705.1127, Obj: 17.9905, Eq Viol (l1): 233.560834, Ineq Viol (l1): 75.362257, Epoch time: 0.20s
Epoch 8/1000, Loss: 11088.6812, Obj: 19.1315, Eq Viol (l1): 167.214991, Ineq Viol (l1): 40.486321, Epoch time: 0.20s
Epoch 9/1000, Loss: 4445.3507, Obj: 20.4363, Eq Viol (l1): 107.245457, Ineq Viol (l1): 31.264633, Epoch time: 0.20s
Epoch 10/1000, Loss: 1660.8660, Obj: 21.9534, Eq Viol (l1): 64.467001, Ineq Viol (l1): 18.076727, Epoch time: 0.20s
Epoch 11/1000, Loss: 557.3028, Obj: 23.4568, Eq Viol (l1): 38.267834, Ineq Viol (l1): 7.219718, Epoch time: 0.20s

Running validation at epoch 10...

VALIDATION_EPOCH_10 EVALUATION RESULTS:
==================================================
Obj:     2.403447e+01
Opt Gap:      4.246458e+01 ± 1.356890e+01
Eq Vio l1:   2.777875e+01 (max: 3.685645e+01)
Ineq Vio l1: 2.511857e+00 (max: 1.072304e+01)
Sol Dis:   2.390443e+02 ± 1.678112e-01
Merit:             3.269405e+02 ± 1.244290e+00
Avg Inf Time:  0.0002s
==================================================
✓ Model saved: results/nonsmooth_nonconvex/socp/SOCPProblem-100-50-50-10000/20260115-145229_MLP_sup_pen_seed0_nepochs1000_lr0.0001_trainsize7000_subopt_3_1.5/model_10.pt
Epoch 12/1000, Loss: 230.9804, Obj: 24.7079, Eq Viol (l1): 26.881786, Ineq Viol (l1): 2.019185, Epoch time: 0.20s
Epoch 13/1000, Loss: 179.0038, Obj: 25.0996, Eq Viol (l1): 24.360890, Ineq Viol (l1): 0.416364, Epoch time: 0.20s
Epoch 14/1000, Loss: 151.6630, Obj: 24.2262, Eq Viol (l1): 22.336125, Ineq Viol (l1): 0.117016, Epoch time: 0.20s
Epoch 15/1000, Loss: 124.6008, Obj: 23.3289, Eq Viol (l1): 19.899825, Ineq Viol (l1): 0.134129, Epoch time: 0.20s
Epoch 16/1000, Loss: 99.5473, Obj: 23.1208, Eq Viol (l1): 17.295823, Ineq Viol (l1): 0.132831, Epoch time: 0.19s
Epoch 17/1000, Loss: 80.0225, Obj: 23.3009, Eq Viol (l1): 15.101838, Ineq Viol (l1): 0.124045, Epoch time: 0.20s
Epoch 18/1000, Loss: 65.0599, Obj: 23.2289, Eq Viol (l1): 13.308479, Ineq Viol (l1): 0.118882, Epoch time: 0.20s
Epoch 19/1000, Loss: 53.2721, Obj: 23.4270, Eq Viol (l1): 11.768307, Ineq Viol (l1): 0.103452, Epoch time: 0.20s
Epoch 20/1000, Loss: 44.6642, Obj: 23.4520, Eq Viol (l1): 10.501112, Ineq Viol (l1): 0.114564, Epoch time: 0.20s
Epoch 21/1000, Loss: 38.1149, Obj: 23.6333, Eq Viol (l1): 9.459724, Ineq Viol (l1): 0.099895, Epoch time: 0.19s

Running validation at epoch 20...

VALIDATION_EPOCH_20 EVALUATION RESULTS:
==================================================
Obj:     2.328791e+01
Opt Gap:      4.159635e+01 ± 1.365034e+01
Eq Vio l1:   5.686467e+00 (max: 1.068459e+01)
Ineq Vio l1: 7.520528e-02 (max: 3.869098e+00)
Sol Dis:   2.351657e+02 ± 4.881069e-01
Merit:             8.090463e+01 ± 1.487087e-01
Avg Inf Time:  0.0002s
==================================================
✓ Model saved: results/nonsmooth_nonconvex/socp/SOCPProblem-100-50-50-10000/20260115-145229_MLP_sup_pen_seed0_nepochs1000_lr0.0001_trainsize7000_subopt_3_1.5/model_20.pt
Epoch 22/1000, Loss: 33.0935, Obj: 23.7283, Eq Viol (l1): 8.582584, Ineq Viol (l1): 0.099211, Epoch time: 0.20s
Epoch 23/1000, Loss: 29.3328, Obj: 23.8099, Eq Viol (l1): 7.861237, Ineq Viol (l1): 0.098377, Epoch time: 0.20s
Epoch 24/1000, Loss: 27.0860, Obj: 23.9947, Eq Viol (l1): 7.404088, Ineq Viol (l1): 0.089796, Epoch time: 0.20s
Epoch 25/1000, Loss: 25.4868, Obj: 23.9776, Eq Viol (l1): 7.064270, Ineq Viol (l1): 0.085035, Epoch time: 0.20s
Epoch 26/1000, Loss: 24.6263, Obj: 24.0829, Eq Viol (l1): 6.879238, Ineq Viol (l1): 0.077864, Epoch time: 0.19s
Epoch 27/1000, Loss: 23.8874, Obj: 23.9637, Eq Viol (l1): 6.725258, Ineq Viol (l1): 0.072366, Epoch time: 0.19s
Epoch 28/1000, Loss: 23.2510, Obj: 23.7478, Eq Viol (l1): 6.590776, Ineq Viol (l1): 0.074748, Epoch time: 0.20s
Epoch 29/1000, Loss: 22.7077, Obj: 23.8349, Eq Viol (l1): 6.467704, Ineq Viol (l1): 0.067497, Epoch time: 0.20s
Epoch 30/1000, Loss: 22.1639, Obj: 23.5965, Eq Viol (l1): 6.354642, Ineq Viol (l1): 0.065073, Epoch time: 0.20s
Epoch 31/1000, Loss: 21.7267, Obj: 23.5772, Eq Viol (l1): 6.251264, Ineq Viol (l1): 0.064676, Epoch time: 0.20s

Running validation at epoch 30...

VALIDATION_EPOCH_30 EVALUATION RESULTS:
==================================================
Obj:     2.347786e+01
Opt Gap:      4.146517e+01 ± 1.337822e+01
Eq Vio l1:   2.309587e+00 (max: 3.983426e+00)
Ineq Vio l1: 1.856403e-02 (max: 1.079347e+00)
Sol Dis:   2.335925e+02 ± 4.177843e-01
Merit:             4.675938e+01 ± 9.607880e-02
Avg Inf Time:  0.0002s
==================================================
✓ Model saved: results/nonsmooth_nonconvex/socp/SOCPProblem-100-50-50-10000/20260115-145229_MLP_sup_pen_seed0_nepochs1000_lr0.0001_trainsize7000_subopt_3_1.5/model_30.pt
Epoch 32/1000, Loss: 21.4023, Obj: 23.7162, Eq Viol (l1): 6.179988, Ineq Viol (l1): 0.059014, Epoch time: 0.20s
Epoch 33/1000, Loss: 20.8861, Obj: 23.6619, Eq Viol (l1): 6.051167, Ineq Viol (l1): 0.058450, Epoch time: 0.20s
Epoch 34/1000, Loss: 20.6043, Obj: 23.7827, Eq Viol (l1): 5.984818, Ineq Viol (l1): 0.055626, Epoch time: 0.20s
Epoch 35/1000, Loss: 20.0620, Obj: 23.4736, Eq Viol (l1): 5.864463, Ineq Viol (l1): 0.054331, Epoch time: 0.20s
Epoch 36/1000, Loss: 19.9634, Obj: 23.6344, Eq Viol (l1): 5.818973, Ineq Viol (l1): 0.055400, Epoch time: 0.30s
Epoch 37/1000, Loss: 19.5220, Obj: 23.6116, Eq Viol (l1): 5.713141, Ineq Viol (l1): 0.051062, Epoch time: 0.20s
Epoch 38/1000, Loss: 19.2638, Obj: 23.4564, Eq Viol (l1): 5.660518, Ineq Viol (l1): 0.050306, Epoch time: 0.20s
Epoch 39/1000, Loss: 19.0186, Obj: 23.4120, Eq Viol (l1): 5.591273, Ineq Viol (l1): 0.051736, Epoch time: 0.20s
Epoch 40/1000, Loss: 18.6392, Obj: 23.4222, Eq Viol (l1): 5.502439, Ineq Viol (l1): 0.046041, Epoch time: 0.20s
Epoch 41/1000, Loss: 18.5955, Obj: 23.5210, Eq Viol (l1): 5.472497, Ineq Viol (l1): 0.048574, Epoch time: 0.19s

Running validation at epoch 40...

VALIDATION_EPOCH_40 EVALUATION RESULTS:
==================================================
Obj:     2.408087e+01
Opt Gap:      4.217990e+01 ± 1.349511e+01
Eq Vio l1:   2.006539e+00 (max: 3.153885e+00)
Ineq Vio l1: 3.859022e-03 (max: 4.321485e-01)
Sol Dis:   2.337917e+02 ± 4.803441e-01
Merit:             4.418484e+01 ± 2.916174e-02
Avg Inf Time:  0.0002s
==================================================
✓ Model saved: results/nonsmooth_nonconvex/socp/SOCPProblem-100-50-50-10000/20260115-145229_MLP_sup_pen_seed0_nepochs1000_lr0.0001_trainsize7000_subopt_3_1.5/model_40.pt
Epoch 42/1000, Loss: 18.3230, Obj: 23.4933, Eq Viol (l1): 5.405517, Ineq Viol (l1): 0.046697, Epoch time: 0.20s
Epoch 43/1000, Loss: 18.0013, Obj: 23.2120, Eq Viol (l1): 5.337014, Ineq Viol (l1): 0.045907, Epoch time: 0.20s
Epoch 44/1000, Loss: 17.6469, Obj: 23.1231, Eq Viol (l1): 5.244774, Ineq Viol (l1): 0.042192, Epoch time: 0.20s
Epoch 45/1000, Loss: 17.4403, Obj: 23.1095, Eq Viol (l1): 5.185647, Ineq Viol (l1): 0.042085, Epoch time: 0.19s
Epoch 46/1000, Loss: 17.4874, Obj: 23.3825, Eq Viol (l1): 5.161270, Ineq Viol (l1): 0.044120, Epoch time: 0.19s
Epoch 47/1000, Loss: 17.4871, Obj: 23.7516, Eq Viol (l1): 5.167098, Ineq Viol (l1): 0.037789, Epoch time: 0.20s
Epoch 48/1000, Loss: 17.1408, Obj: 23.3427, Eq Viol (l1): 5.079481, Ineq Viol (l1): 0.041021, Epoch time: 0.20s
Epoch 49/1000, Loss: 17.0249, Obj: 23.3182, Eq Viol (l1): 5.037060, Ineq Viol (l1): 0.050250, Epoch time: 0.20s
Epoch 50/1000, Loss: 17.0465, Obj: 24.1574, Eq Viol (l1): 5.019665, Ineq Viol (l1): 0.031929, Epoch time: 0.20s
Epoch 51/1000, Loss: 17.0796, Obj: 23.6292, Eq Viol (l1): 4.975312, Ineq Viol (l1): 0.055840, Epoch time: 0.19s

Running validation at epoch 50...

VALIDATION_EPOCH_50 EVALUATION RESULTS:
==================================================
Obj:     2.597697e+01
Opt Gap:      4.552128e+01 ± 1.449903e+01
Eq Vio l1:   1.930171e+00 (max: 3.448200e+00)
Ineq Vio l1: 6.213429e-03 (max: 1.002127e+00)
Sol Dis:   2.409013e+02 ± 3.123350e-02
Merit:             4.534081e+01 ± 8.046542e-02
Avg Inf Time:  0.0002s
==================================================
✓ Model saved: results/nonsmooth_nonconvex/socp/SOCPProblem-100-50-50-10000/20260115-145229_MLP_sup_pen_seed0_nepochs1000_lr0.0001_trainsize7000_subopt_3_1.5/model_50.pt
Epoch 52/1000, Loss: 17.2148, Obj: 25.1104, Eq Viol (l1): 5.009345, Ineq Viol (l1): 0.033072, Epoch time: 0.20s
Epoch 53/1000, Loss: 16.7304, Obj: 23.9677, Eq Viol (l1): 4.928687, Ineq Viol (l1): 0.038786, Epoch time: 0.20s
Epoch 54/1000, Loss: 16.2113, Obj: 23.1158, Eq Viol (l1): 4.831938, Ineq Viol (l1): 0.036515, Epoch time: 0.20s
Epoch 55/1000, Loss: 15.9794, Obj: 22.9369, Eq Viol (l1): 4.765088, Ineq Viol (l1): 0.037213, Epoch time: 0.19s
Epoch 56/1000, Loss: 15.7911, Obj: 22.7387, Eq Viol (l1): 4.723046, Ineq Viol (l1): 0.037857, Epoch time: 0.20s
Epoch 57/1000, Loss: 15.6104, Obj: 22.5967, Eq Viol (l1): 4.662849, Ineq Viol (l1): 0.039282, Epoch time: 0.20s
Epoch 58/1000, Loss: 15.6959, Obj: 23.2017, Eq Viol (l1): 4.665054, Ineq Viol (l1): 0.031427, Epoch time: 0.20s
Epoch 59/1000, Loss: 15.4005, Obj: 22.6669, Eq Viol (l1): 4.615675, Ineq Viol (l1): 0.033110, Epoch time: 0.20s
Epoch 60/1000, Loss: 15.2346, Obj: 22.5557, Eq Viol (l1): 4.568957, Ineq Viol (l1): 0.033037, Epoch time: 0.20s
Epoch 61/1000, Loss: 15.1835, Obj: 22.5729, Eq Viol (l1): 4.536357, Ineq Viol (l1): 0.036520, Epoch time: 0.19s

Running validation at epoch 60...

VALIDATION_EPOCH_60 EVALUATION RESULTS:
==================================================
Obj:     2.265109e+01
Opt Gap:      4.054886e+01 ± 1.306957e+01
Eq Vio l1:   1.653026e+00 (max: 2.687496e+00)
Ineq Vio l1: 1.532804e-02 (max: 2.739956e+00)
Sol Dis:   2.222393e+02 ± 6.920545e-01
Merit:             3.933463e+01 ± 2.377324e-02
Avg Inf Time:  0.0002s
==================================================
✓ Model saved: results/nonsmooth_nonconvex/socp/SOCPProblem-100-50-50-10000/20260115-145229_MLP_sup_pen_seed0_nepochs1000_lr0.0001_trainsize7000_subopt_3_1.5/model_60.pt
Epoch 62/1000, Loss: 15.0162, Obj: 22.4818, Eq Viol (l1): 4.498573, Ineq Viol (l1): 0.034439, Epoch time: 0.20s
Epoch 63/1000, Loss: 14.8676, Obj: 22.4244, Eq Viol (l1): 4.456953, Ineq Viol (l1): 0.032532, Epoch time: 0.20s
Epoch 64/1000, Loss: 14.7185, Obj: 22.2107, Eq Viol (l1): 4.416931, Ineq Viol (l1): 0.035182, Epoch time: 0.20s
Epoch 65/1000, Loss: 14.9223, Obj: 22.8774, Eq Viol (l1): 4.430505, Ineq Viol (l1): 0.032127, Epoch time: 0.19s
Epoch 66/1000, Loss: 15.4858, Obj: 24.3787, Eq Viol (l1): 4.499830, Ineq Viol (l1): 0.038571, Epoch time: 0.20s
Epoch 67/1000, Loss: 15.1777, Obj: 23.9192, Eq Viol (l1): 4.458820, Ineq Viol (l1): 0.031330, Epoch time: 0.20s
Epoch 68/1000, Loss: 14.4932, Obj: 22.2710, Eq Viol (l1): 4.331864, Ineq Viol (l1): 0.035201, Epoch time: 0.20s
Epoch 69/1000, Loss: 14.5844, Obj: 22.9772, Eq Viol (l1): 4.332574, Ineq Viol (l1): 0.027262, Epoch time: 0.20s
Epoch 70/1000, Loss: 14.1812, Obj: 22.1198, Eq Viol (l1): 4.253857, Ineq Viol (l1): 0.030432, Epoch time: 0.19s
Epoch 71/1000, Loss: 14.0388, Obj: 21.7775, Eq Viol (l1): 4.224292, Ineq Viol (l1): 0.033046, Epoch time: 0.30s

Running validation at epoch 70...

VALIDATION_EPOCH_70 EVALUATION RESULTS:
==================================================
Obj:     2.148390e+01
Opt Gap:      3.846084e+01 ± 1.238951e+01
Eq Vio l1:   1.532583e+00 (max: 2.538397e+00)
Ineq Vio l1: 1.007344e-02 (max: 1.076539e+00)
Sol Dis:   2.150137e+02 ± 3.502019e-01
Merit:             3.691046e+01 ± 2.273203e-02
Avg Inf Time:  0.0002s
==================================================
✓ Model saved: results/nonsmooth_nonconvex/socp/SOCPProblem-100-50-50-10000/20260115-145229_MLP_sup_pen_seed0_nepochs1000_lr0.0001_trainsize7000_subopt_3_1.5/model_70.pt
Epoch 72/1000, Loss: 14.0545, Obj: 21.9872, Eq Viol (l1): 4.219210, Ineq Viol (l1): 0.030897, Epoch time: 0.20s
Epoch 73/1000, Loss: 13.9525, Obj: 22.0132, Eq Viol (l1): 4.183656, Ineq Viol (l1): 0.028962, Epoch time: 0.20s
Epoch 74/1000, Loss: 13.9371, Obj: 22.0991, Eq Viol (l1): 4.159798, Ineq Viol (l1): 0.032513, Epoch time: 0.19s
Epoch 75/1000, Loss: 13.9926, Obj: 22.5116, Eq Viol (l1): 4.157537, Ineq Viol (l1): 0.029584, Epoch time: 0.19s
Epoch 76/1000, Loss: 13.7592, Obj: 22.0385, Eq Viol (l1): 4.107706, Ineq Viol (l1): 0.030395, Epoch time: 0.20s
Epoch 77/1000, Loss: 13.6014, Obj: 21.9053, Eq Viol (l1): 4.065809, Ineq Viol (l1): 0.029570, Epoch time: 0.20s
Epoch 78/1000, Loss: 13.6533, Obj: 22.1191, Eq Viol (l1): 4.064258, Ineq Viol (l1): 0.029836, Epoch time: 0.20s
Epoch 79/1000, Loss: 13.5223, Obj: 21.8756, Eq Viol (l1): 4.036675, Ineq Viol (l1): 0.030519, Epoch time: 0.19s
Epoch 80/1000, Loss: 13.4180, Obj: 21.9461, Eq Viol (l1): 4.004836, Ineq Viol (l1): 0.026415, Epoch time: 0.19s
Epoch 81/1000, Loss: 13.3588, Obj: 21.7649, Eq Viol (l1): 3.993215, Ineq Viol (l1): 0.029592, Epoch time: 0.20s

Running validation at epoch 80...

VALIDATION_EPOCH_80 EVALUATION RESULTS:
==================================================
Obj:     2.208873e+01
Opt Gap:      3.938112e+01 ± 1.291482e+01
Eq Vio l1:   1.433794e+00 (max: 2.522131e+00)
Ineq Vio l1: 2.133846e-03 (max: 2.446466e-01)
Sol Dis:   2.162038e+02 ± 4.895257e-01
Merit:             3.644801e+01 ± 4.428018e-03
Avg Inf Time:  0.0002s
==================================================
✓ Model saved: results/nonsmooth_nonconvex/socp/SOCPProblem-100-50-50-10000/20260115-145229_MLP_sup_pen_seed0_nepochs1000_lr0.0001_trainsize7000_subopt_3_1.5/model_80.pt
Epoch 82/1000, Loss: 13.3689, Obj: 22.0776, Eq Viol (l1): 3.984862, Ineq Viol (l1): 0.026142, Epoch time: 0.20s
Epoch 83/1000, Loss: 13.3705, Obj: 22.1431, Eq Viol (l1): 3.962119, Ineq Viol (l1): 0.031276, Epoch time: 0.20s
Epoch 84/1000, Loss: 13.4197, Obj: 22.4194, Eq Viol (l1): 3.969096, Ineq Viol (l1): 0.030455, Epoch time: 0.20s
Epoch 85/1000, Loss: 13.1678, Obj: 21.9168, Eq Viol (l1): 3.920242, Ineq Viol (l1): 0.025617, Epoch time: 0.20s
Epoch 86/1000, Loss: 13.2186, Obj: 22.1490, Eq Viol (l1): 3.910030, Ineq Viol (l1): 0.027650, Epoch time: 0.20s
Epoch 87/1000, Loss: 13.0775, Obj: 21.9761, Eq Viol (l1): 3.881479, Ineq Viol (l1): 0.028322, Epoch time: 0.20s
Epoch 88/1000, Loss: 13.1134, Obj: 22.1769, Eq Viol (l1): 3.885706, Ineq Viol (l1): 0.025826, Epoch time: 0.20s
Epoch 89/1000, Loss: 12.8482, Obj: 21.5374, Eq Viol (l1): 3.825751, Ineq Viol (l1): 0.028525, Epoch time: 0.19s
Epoch 90/1000, Loss: 12.8602, Obj: 21.7123, Eq Viol (l1): 3.819571, Ineq Viol (l1): 0.029406, Epoch time: 0.19s
Epoch 91/1000, Loss: 12.9198, Obj: 22.0676, Eq Viol (l1): 3.813705, Ineq Viol (l1): 0.026156, Epoch time: 0.20s

Running validation at epoch 90...

VALIDATION_EPOCH_90 EVALUATION RESULTS:
==================================================
Obj:     2.257071e+01
Opt Gap:      4.090050e+01 ± 1.410839e+01
Eq Vio l1:   1.352880e+00 (max: 2.177061e+00)
Ineq Vio l1: 5.529499e-03 (max: 1.256145e+00)
Sol Dis:   2.169484e+02 ± 4.876399e-01
Merit:             3.615480e+01 ± 2.098384e-02
Avg Inf Time:  0.0002s
==================================================
✓ Model saved: results/nonsmooth_nonconvex/socp/SOCPProblem-100-50-50-10000/20260115-145229_MLP_sup_pen_seed0_nepochs1000_lr0.0001_trainsize7000_subopt_3_1.5/model_90.pt
Epoch 92/1000, Loss: 12.8842, Obj: 22.1610, Eq Viol (l1): 3.805388, Ineq Viol (l1): 0.025353, Epoch time: 0.20s
Epoch 93/1000, Loss: 12.8396, Obj: 22.0305, Eq Viol (l1): 3.778110, Ineq Viol (l1): 0.030360, Epoch time: 0.20s
Epoch 94/1000, Loss: 12.6784, Obj: 21.7076, Eq Viol (l1): 3.753099, Ineq Viol (l1): 0.027605, Epoch time: 0.19s
Epoch 95/1000, Loss: 13.0990, Obj: 23.1528, Eq Viol (l1): 3.796461, Ineq Viol (l1): 0.027397, Epoch time: 0.19s
Epoch 96/1000, Loss: 12.8723, Obj: 22.4776, Eq Viol (l1): 3.762521, Ineq Viol (l1): 0.027333, Epoch time: 0.20s
Epoch 97/1000, Loss: 12.6133, Obj: 21.8187, Eq Viol (l1): 3.720375, Ineq Viol (l1): 0.030177, Epoch time: 0.20s
Epoch 98/1000, Loss: 12.5585, Obj: 21.9794, Eq Viol (l1): 3.699181, Ineq Viol (l1): 0.022641, Epoch time: 0.19s
Epoch 99/1000, Loss: 12.3211, Obj: 21.3197, Eq Viol (l1): 3.657203, Ineq Viol (l1): 0.025614, Epoch time: 0.20s
Epoch 100/1000, Loss: 12.2473, Obj: 21.1701, Eq Viol (l1): 3.636202, Ineq Viol (l1): 0.025440, Epoch time: 0.20s
Epoch 101/1000, Loss: 12.3033, Obj: 21.3274, Eq Viol (l1): 3.621236, Ineq Viol (l1): 0.030478, Epoch time: 0.20s

Running validation at epoch 100...

VALIDATION_EPOCH_100 EVALUATION RESULTS:
==================================================
Obj:     2.250640e+01
Opt Gap:      3.939506e+01 ± 1.289172e+01
Eq Vio l1:   1.344471e+00 (max: 2.294017e+00)
Ineq Vio l1: 1.457267e-04 (max: 7.426220e-02)
Sol Dis:   2.153868e+02 ± 6.810034e-01
Merit:             3.595257e+01 ± 6.167295e-02
Avg Inf Time:  0.0002s
==================================================
✓ Model saved: results/nonsmooth_nonconvex/socp/SOCPProblem-100-50-50-10000/20260115-145229_MLP_sup_pen_seed0_nepochs1000_lr0.0001_trainsize7000_subopt_3_1.5/model_100.pt
Epoch 102/1000, Loss: 12.4149, Obj: 21.8840, Eq Viol (l1): 3.640926, Ineq Viol (l1): 0.025051, Epoch time: 0.20s
Epoch 103/1000, Loss: 12.2384, Obj: 21.5181, Eq Viol (l1): 3.607333, Ineq Viol (l1): 0.025387, Epoch time: 0.20s
Epoch 104/1000, Loss: 12.2908, Obj: 21.7574, Eq Viol (l1): 3.608855, Ineq Viol (l1): 0.024956, Epoch time: 0.19s
Epoch 105/1000, Loss: 12.5317, Obj: 22.2243, Eq Viol (l1): 3.619596, Ineq Viol (l1): 0.033917, Epoch time: 0.20s
Epoch 106/1000, Loss: 12.3204, Obj: 22.2596, Eq Viol (l1): 3.600788, Ineq Viol (l1): 0.022444, Epoch time: 0.20s
Epoch 107/1000, Loss: 12.0563, Obj: 21.3165, Eq Viol (l1): 3.558244, Ineq Viol (l1): 0.027444, Epoch time: 0.31s
Epoch 108/1000, Loss: 11.9987, Obj: 21.0236, Eq Viol (l1): 3.539664, Ineq Viol (l1): 0.031528, Epoch time: 0.19s
Epoch 109/1000, Loss: 12.2001, Obj: 22.1159, Eq Viol (l1): 3.552596, Ineq Viol (l1): 0.019858, Epoch time: 0.20s
Epoch 110/1000, Loss: 12.1247, Obj: 21.8120, Eq Viol (l1): 3.539328, Ineq Viol (l1): 0.027364, Epoch time: 0.20s
Epoch 111/1000, Loss: 12.1149, Obj: 21.7988, Eq Viol (l1): 3.533005, Ineq Viol (l1): 0.027692, Epoch time: 0.20s

Running validation at epoch 110...

VALIDATION_EPOCH_110 EVALUATION RESULTS:
==================================================
Obj:     2.197724e+01
Opt Gap:      3.874688e+01 ± 1.250317e+01
Eq Vio l1:   1.262756e+00 (max: 2.018142e+00)
Ineq Vio l1: 1.545554e-03 (max: 3.486913e-01)
Sol Dis:   2.114735e+02 ± 7.020343e-01
Merit:             3.462026e+01 ± 5.596312e-02
Avg Inf Time:  0.0002s
==================================================
✓ Model saved: results/nonsmooth_nonconvex/socp/SOCPProblem-100-50-50-10000/20260115-145229_MLP_sup_pen_seed0_nepochs1000_lr0.0001_trainsize7000_subopt_3_1.5/model_110.pt
Epoch 112/1000, Loss: 11.9739, Obj: 21.7589, Eq Viol (l1): 3.502819, Ineq Viol (l1): 0.022926, Epoch time: 0.20s
Epoch 113/1000, Loss: 11.8508, Obj: 21.2348, Eq Viol (l1): 3.476336, Ineq Viol (l1): 0.026688, Epoch time: 0.19s
Epoch 114/1000, Loss: 11.9897, Obj: 21.9651, Eq Viol (l1): 3.488589, Ineq Viol (l1): 0.023508, Epoch time: 0.20s
Epoch 115/1000, Loss: 11.8146, Obj: 21.3226, Eq Viol (l1): 3.462193, Ineq Viol (l1): 0.027177, Epoch time: 0.20s
Epoch 116/1000, Loss: 11.8357, Obj: 21.4710, Eq Viol (l1): 3.457160, Ineq Viol (l1): 0.025081, Epoch time: 0.20s
Epoch 117/1000, Loss: 11.7899, Obj: 21.4251, Eq Viol (l1): 3.448027, Ineq Viol (l1): 0.027061, Epoch time: 0.19s
Epoch 118/1000, Loss: 11.8988, Obj: 21.7520, Eq Viol (l1): 3.445928, Ineq Viol (l1): 0.026728, Epoch time: 0.19s
Epoch 119/1000, Loss: 11.8666, Obj: 21.8308, Eq Viol (l1): 3.445664, Ineq Viol (l1): 0.025387, Epoch time: 0.20s
Epoch 120/1000, Loss: 11.5849, Obj: 21.1466, Eq Viol (l1): 3.397165, Ineq Viol (l1): 0.025184, Epoch time: 0.20s
Epoch 121/1000, Loss: 11.6044, Obj: 21.1156, Eq Viol (l1): 3.380741, Ineq Viol (l1): 0.026840, Epoch time: 0.20s

Running validation at epoch 120...

VALIDATION_EPOCH_120 EVALUATION RESULTS:
==================================================
Obj:     2.132194e+01
Opt Gap:      3.824073e+01 ± 1.245546e+01
Eq Vio l1:   1.200038e+00 (max: 1.981467e+00)
Ineq Vio l1: 1.223732e-03 (max: 3.177727e-01)
Sol Dis:   2.073729e+02 ± 5.689520e-01
Merit:             3.333456e+01 ± 5.286415e-02
Avg Inf Time:  0.0002s
==================================================
✓ Model saved: results/nonsmooth_nonconvex/socp/SOCPProblem-100-50-50-10000/20260115-145229_MLP_sup_pen_seed0_nepochs1000_lr0.0001_trainsize7000_subopt_3_1.5/model_120.pt
Epoch 122/1000, Loss: 11.6913, Obj: 21.7462, Eq Viol (l1): 3.382870, Ineq Viol (l1): 0.027011, Epoch time: 0.20s
Epoch 123/1000, Loss: 11.5085, Obj: 21.1683, Eq Viol (l1): 3.372338, Ineq Viol (l1): 0.021029, Epoch time: 0.19s
Epoch 124/1000, Loss: 11.4881, Obj: 21.0187, Eq Viol (l1): 3.346277, Ineq Viol (l1): 0.028719, Epoch time: 0.20s
Epoch 125/1000, Loss: 11.5360, Obj: 21.5501, Eq Viol (l1): 3.354211, Ineq Viol (l1): 0.022242, Epoch time: 0.20s
Epoch 126/1000, Loss: 11.4047, Obj: 20.9337, Eq Viol (l1): 3.331079, Ineq Viol (l1): 0.026371, Epoch time: 0.20s
Epoch 127/1000, Loss: 11.4385, Obj: 21.1210, Eq Viol (l1): 3.340765, Ineq Viol (l1): 0.024801, Epoch time: 0.20s
Epoch 128/1000, Loss: 11.5302, Obj: 21.3845, Eq Viol (l1): 3.358095, Ineq Viol (l1): 0.024962, Epoch time: 0.19s
Epoch 129/1000, Loss: 11.3416, Obj: 20.9630, Eq Viol (l1): 3.298240, Ineq Viol (l1): 0.026374, Epoch time: 0.19s
Epoch 130/1000, Loss: 11.4617, Obj: 21.6128, Eq Viol (l1): 3.315262, Ineq Viol (l1): 0.021541, Epoch time: 0.20s
Epoch 131/1000, Loss: 11.3277, Obj: 21.0426, Eq Viol (l1): 3.306084, Ineq Viol (l1): 0.025789, Epoch time: 0.20s

Running validation at epoch 130...

VALIDATION_EPOCH_130 EVALUATION RESULTS:
==================================================
Obj:     2.098303e+01
Opt Gap:      3.667388e+01 ± 1.156312e+01
Eq Vio l1:   1.140530e+00 (max: 1.957317e+00)
Ineq Vio l1: 3.506808e-03 (max: 9.981079e-01)
Sol Dis:   2.045817e+02 ± 5.626800e-01
Merit:             3.242339e+01 ± 1.210833e-01
Avg Inf Time:  0.0002s
==================================================
✓ Model saved: results/nonsmooth_nonconvex/socp/SOCPProblem-100-50-50-10000/20260115-145229_MLP_sup_pen_seed0_nepochs1000_lr0.0001_trainsize7000_subopt_3_1.5/model_130.pt
Epoch 132/1000, Loss: 11.1866, Obj: 20.6925, Eq Viol (l1): 3.272266, Ineq Viol (l1): 0.025554, Epoch time: 0.20s
Epoch 133/1000, Loss: 11.1607, Obj: 20.7935, Eq Viol (l1): 3.264462, Ineq Viol (l1): 0.022012, Epoch time: 0.19s
Epoch 134/1000, Loss: 11.2600, Obj: 21.0574, Eq Viol (l1): 3.262169, Ineq Viol (l1): 0.027749, Epoch time: 0.20s
Epoch 135/1000, Loss: 11.2921, Obj: 21.4229, Eq Viol (l1): 3.273541, Ineq Viol (l1): 0.021185, Epoch time: 0.20s
Epoch 136/1000, Loss: 11.0991, Obj: 20.6403, Eq Viol (l1): 3.242237, Ineq Viol (l1): 0.026922, Epoch time: 0.20s
Epoch 137/1000, Loss: 11.1377, Obj: 21.1198, Eq Viol (l1): 3.233411, Ineq Viol (l1): 0.021227, Epoch time: 0.20s
Epoch 138/1000, Loss: 11.1232, Obj: 20.9086, Eq Viol (l1): 3.239701, Ineq Viol (l1): 0.024725, Epoch time: 0.19s
Epoch 139/1000, Loss: 11.0608, Obj: 20.6998, Eq Viol (l1): 3.223504, Ineq Viol (l1): 0.027952, Epoch time: 0.20s
Epoch 140/1000, Loss: 11.1338, Obj: 21.2763, Eq Viol (l1): 3.235016, Ineq Viol (l1): 0.019180, Epoch time: 0.20s
Epoch 141/1000, Loss: 11.1618, Obj: 21.3750, Eq Viol (l1): 3.210116, Ineq Viol (l1): 0.027034, Epoch time: 0.20s

Running validation at epoch 140...

VALIDATION_EPOCH_140 EVALUATION RESULTS:
==================================================
Obj:     2.098841e+01
Opt Gap:      3.698842e+01 ± 1.190289e+01
Eq Vio l1:   1.114365e+00 (max: 1.780095e+00)
Ineq Vio l1: 2.224910e-03 (max: 8.400504e-01)
Sol Dis:   2.032047e+02 ± 2.228442e-01
Merit:             3.215431e+01 ± 5.189434e-02
Avg Inf Time:  0.0003s
==================================================
✓ Model saved: results/nonsmooth_nonconvex/socp/SOCPProblem-100-50-50-10000/20260115-145229_MLP_sup_pen_seed0_nepochs1000_lr0.0001_trainsize7000_subopt_3_1.5/model_140.pt
Epoch 142/1000, Loss: 10.9779, Obj: 20.6797, Eq Viol (l1): 3.195328, Ineq Viol (l1): 0.027050, Epoch time: 0.20s
Epoch 143/1000, Loss: 10.9653, Obj: 20.8984, Eq Viol (l1): 3.181504, Ineq Viol (l1): 0.024267, Epoch time: 0.19s
Epoch 144/1000, Loss: 10.9037, Obj: 20.7393, Eq Viol (l1): 3.177135, Ineq Viol (l1): 0.020554, Epoch time: 0.20s
Epoch 145/1000, Loss: 11.0006, Obj: 20.9087, Eq Viol (l1): 3.177585, Ineq Viol (l1): 0.029875, Epoch time: 0.20s
Epoch 146/1000, Loss: 10.8829, Obj: 20.8549, Eq Viol (l1): 3.164096, Ineq Viol (l1): 0.019832, Epoch time: 0.20s
Epoch 147/1000, Loss: 10.8132, Obj: 20.6075, Eq Viol (l1): 3.152162, Ineq Viol (l1): 0.025824, Epoch time: 0.19s
Epoch 148/1000, Loss: 10.8138, Obj: 20.5289, Eq Viol (l1): 3.153937, Ineq Viol (l1): 0.025035, Epoch time: 0.19s
Epoch 149/1000, Loss: 10.8727, Obj: 20.9180, Eq Viol (l1): 3.151655, Ineq Viol (l1): 0.023699, Epoch time: 0.20s
Epoch 150/1000, Loss: 10.7707, Obj: 20.6471, Eq Viol (l1): 3.142018, Ineq Viol (l1): 0.022475, Epoch time: 0.20s
Epoch 151/1000, Loss: 10.6906, Obj: 20.3458, Eq Viol (l1): 3.120660, Ineq Viol (l1): 0.025761, Epoch time: 0.20s

Running validation at epoch 150...

VALIDATION_EPOCH_150 EVALUATION RESULTS:
==================================================
Obj:     2.069815e+01
Opt Gap:      3.672230e+01 ± 1.163469e+01
Eq Vio l1:   1.075855e+00 (max: 1.814897e+00)
Ineq Vio l1: 3.921080e-04 (max: 1.353223e-01)
Sol Dis:   2.005122e+02 ± 6.566441e-01
Merit:             3.146062e+01 ± 6.967726e-02
Avg Inf Time:  0.0002s
==================================================
✓ Model saved: results/nonsmooth_nonconvex/socp/SOCPProblem-100-50-50-10000/20260115-145229_MLP_sup_pen_seed0_nepochs1000_lr0.0001_trainsize7000_subopt_3_1.5/model_150.pt
Epoch 152/1000, Loss: 10.7821, Obj: 20.8193, Eq Viol (l1): 3.128975, Ineq Viol (l1): 0.022673, Epoch time: 0.20s
Epoch 153/1000, Loss: 10.8589, Obj: 20.9354, Eq Viol (l1): 3.126935, Ineq Viol (l1): 0.031925, Epoch time: 0.19s
Epoch 154/1000, Loss: 10.7782, Obj: 21.0687, Eq Viol (l1): 3.126544, Ineq Viol (l1): 0.019495, Epoch time: 0.20s
Epoch 155/1000, Loss: 10.6371, Obj: 20.4443, Eq Viol (l1): 3.106409, Ineq Viol (l1): 0.024673, Epoch time: 0.20s
Epoch 156/1000, Loss: 10.6982, Obj: 20.8261, Eq Viol (l1): 3.106252, Ineq Viol (l1): 0.022560, Epoch time: 0.20s
Epoch 157/1000, Loss: 10.6351, Obj: 20.7527, Eq Viol (l1): 3.091731, Ineq Viol (l1): 0.020172, Epoch time: 0.19s
Epoch 158/1000, Loss: 10.7041, Obj: 20.9409, Eq Viol (l1): 3.099401, Ineq Viol (l1): 0.028964, Epoch time: 0.19s
Epoch 159/1000, Loss: 10.6627, Obj: 20.7911, Eq Viol (l1): 3.091161, Ineq Viol (l1): 0.024633, Epoch time: 0.20s
Epoch 160/1000, Loss: 10.5496, Obj: 20.4273, Eq Viol (l1): 3.082275, Ineq Viol (l1): 0.026640, Epoch time: 0.20s
Epoch 161/1000, Loss: 10.5027, Obj: 20.4039, Eq Viol (l1): 3.062182, Ineq Viol (l1): 0.025534, Epoch time: 0.20s

Running validation at epoch 160...

VALIDATION_EPOCH_160 EVALUATION RESULTS:
==================================================
Obj:     2.045897e+01
Opt Gap:      3.592754e+01 ± 1.164419e+01
Eq Vio l1:   1.063402e+00 (max: 1.789314e+00)
Ineq Vio l1: 7.052186e-04 (max: 2.096092e-01)
Sol Dis:   1.981462e+02 ± 5.750024e-01
Merit:             3.110004e+01 ± 3.469585e-02
Avg Inf Time:  0.0002s
==================================================
✓ Model saved: results/nonsmooth_nonconvex/socp/SOCPProblem-100-50-50-10000/20260115-145229_MLP_sup_pen_seed0_nepochs1000_lr0.0001_trainsize7000_subopt_3_1.5/model_160.pt
Epoch 162/1000, Loss: 10.5800, Obj: 20.6820, Eq Viol (l1): 3.073528, Ineq Viol (l1): 0.024846, Epoch time: 0.20s
Epoch 163/1000, Loss: 10.5303, Obj: 20.7994, Eq Viol (l1): 3.064442, Ineq Viol (l1): 0.021687, Epoch time: 0.19s
Epoch 164/1000, Loss: 10.4732, Obj: 20.4675, Eq Viol (l1): 3.068326, Ineq Viol (l1): 0.024182, Epoch time: 0.20s
Epoch 165/1000, Loss: 10.4016, Obj: 20.2329, Eq Viol (l1): 3.053213, Ineq Viol (l1): 0.023985, Epoch time: 0.20s
Epoch 166/1000, Loss: 10.3496, Obj: 20.2359, Eq Viol (l1): 3.044602, Ineq Viol (l1): 0.022653, Epoch time: 0.20s
Epoch 167/1000, Loss: 10.3164, Obj: 20.1688, Eq Viol (l1): 3.035664, Ineq Viol (l1): 0.021635, Epoch time: 0.19s
Epoch 168/1000, Loss: 10.2842, Obj: 20.2072, Eq Viol (l1): 3.018745, Ineq Viol (l1): 0.022800, Epoch time: 0.19s
Epoch 169/1000, Loss: 10.4283, Obj: 20.7495, Eq Viol (l1): 3.033717, Ineq Viol (l1): 0.023664, Epoch time: 0.20s
Epoch 170/1000, Loss: 10.3191, Obj: 20.3872, Eq Viol (l1): 3.024305, Ineq Viol (l1): 0.024680, Epoch time: 0.20s
Epoch 171/1000, Loss: 10.3013, Obj: 20.3730, Eq Viol (l1): 3.029620, Ineq Viol (l1): 0.023511, Epoch time: 0.20s

Running validation at epoch 170...

VALIDATION_EPOCH_170 EVALUATION RESULTS:
==================================================
Obj:     2.002810e+01
Opt Gap:      3.508144e+01 ± 1.094032e+01
Eq Vio l1:   9.907788e-01 (max: 1.614598e+00)
Ineq Vio l1: 3.211627e-03 (max: 4.937103e-01)
Sol Dis:   1.948828e+02 ± 6.456784e-01
Merit:             2.996801e+01 ± 3.770196e-02
Avg Inf Time:  0.0002s
==================================================
✓ Model saved: results/nonsmooth_nonconvex/socp/SOCPProblem-100-50-50-10000/20260115-145229_MLP_sup_pen_seed0_nepochs1000_lr0.0001_trainsize7000_subopt_3_1.5/model_170.pt
Epoch 172/1000, Loss: 10.2173, Obj: 20.0924, Eq Viol (l1): 3.019198, Ineq Viol (l1): 0.023627, Epoch time: 0.20s
Epoch 173/1000, Loss: 10.2231, Obj: 20.1313, Eq Viol (l1): 3.008767, Ineq Viol (l1): 0.026315, Epoch time: 0.20s
Epoch 174/1000, Loss: 10.1993, Obj: 20.3685, Eq Viol (l1): 3.003885, Ineq Viol (l1): 0.018447, Epoch time: 0.20s
Epoch 175/1000, Loss: 10.1471, Obj: 20.0850, Eq Viol (l1): 2.995989, Ineq Viol (l1): 0.026074, Epoch time: 0.20s
Epoch 176/1000, Loss: 10.0790, Obj: 19.9538, Eq Viol (l1): 2.986700, Ineq Viol (l1): 0.022981, Epoch time: 0.30s
Epoch 177/1000, Loss: 10.0734, Obj: 19.9691, Eq Viol (l1): 2.983563, Ineq Viol (l1): 0.024105, Epoch time: 0.19s
Epoch 178/1000, Loss: 10.1035, Obj: 20.2200, Eq Viol (l1): 2.984836, Ineq Viol (l1): 0.022528, Epoch time: 0.20s
Epoch 179/1000, Loss: 10.0768, Obj: 20.2308, Eq Viol (l1): 2.982542, Ineq Viol (l1): 0.021191, Epoch time: 0.20s
Epoch 180/1000, Loss: 10.0767, Obj: 20.1740, Eq Viol (l1): 2.978925, Ineq Viol (l1): 0.026288, Epoch time: 0.20s
Epoch 181/1000, Loss: 10.0661, Obj: 20.3964, Eq Viol (l1): 2.974593, Ineq Viol (l1): 0.020501, Epoch time: 0.20s

Running validation at epoch 180...

VALIDATION_EPOCH_180 EVALUATION RESULTS:
==================================================
Obj:     2.047144e+01
Opt Gap:      3.633357e+01 ± 1.201796e+01
Eq Vio l1:   9.944374e-01 (max: 1.634773e+00)
Ineq Vio l1: 1.461909e-03 (max: 3.714266e-01)
Sol Dis:   1.953574e+02 ± 5.142251e-01
Merit:             3.043043e+01 ± 1.210291e-02
Avg Inf Time:  0.0002s
==================================================
✓ Model saved: results/nonsmooth_nonconvex/socp/SOCPProblem-100-50-50-10000/20260115-145229_MLP_sup_pen_seed0_nepochs1000_lr0.0001_trainsize7000_subopt_3_1.5/model_180.pt
Epoch 182/1000, Loss: 10.0198, Obj: 20.0817, Eq Viol (l1): 2.975329, Ineq Viol (l1): 0.025209, Epoch time: 0.19s
Epoch 183/1000, Loss: 9.9618, Obj: 20.1758, Eq Viol (l1): 2.961864, Ineq Viol (l1): 0.019214, Epoch time: 0.20s
Epoch 184/1000, Loss: 9.9716, Obj: 20.1413, Eq Viol (l1): 2.967262, Ineq Viol (l1): 0.023196, Epoch time: 0.20s
Epoch 185/1000, Loss: 9.9322, Obj: 19.9867, Eq Viol (l1): 2.953633, Ineq Viol (l1): 0.027690, Epoch time: 0.20s
Epoch 186/1000, Loss: 10.0847, Obj: 20.8733, Eq Viol (l1): 2.969764, Ineq Viol (l1): 0.018639, Epoch time: 0.20s
Epoch 187/1000, Loss: 9.9092, Obj: 20.3423, Eq Viol (l1): 2.944592, Ineq Viol (l1): 0.020781, Epoch time: 0.19s
Epoch 188/1000, Loss: 9.9410, Obj: 20.3866, Eq Viol (l1): 2.953283, Ineq Viol (l1): 0.022641, Epoch time: 0.20s
Epoch 189/1000, Loss: 9.9317, Obj: 20.3784, Eq Viol (l1): 2.949802, Ineq Viol (l1): 0.024373, Epoch time: 0.20s
Epoch 190/1000, Loss: 9.8470, Obj: 20.1885, Eq Viol (l1): 2.938961, Ineq Viol (l1): 0.023604, Epoch time: 0.20s
Epoch 191/1000, Loss: 9.8894, Obj: 20.4316, Eq Viol (l1): 2.946808, Ineq Viol (l1): 0.022973, Epoch time: 0.20s

Running validation at epoch 190...

VALIDATION_EPOCH_190 EVALUATION RESULTS:
==================================================
Obj:     2.051638e+01
Opt Gap:      3.569939e+01 ± 1.140273e+01
Eq Vio l1:   9.278512e-01 (max: 1.469637e+00)
Ineq Vio l1: 1.291129e-03 (max: 3.853518e-01)
Sol Dis:   1.945656e+02 ± 4.185067e-01
Merit:             2.980781e+01 ± 3.778058e-02
Avg Inf Time:  0.0002s
==================================================
✓ Model saved: results/nonsmooth_nonconvex/socp/SOCPProblem-100-50-50-10000/20260115-145229_MLP_sup_pen_seed0_nepochs1000_lr0.0001_trainsize7000_subopt_3_1.5/model_190.pt
Epoch 192/1000, Loss: 9.7966, Obj: 20.1473, Eq Viol (l1): 2.935133, Ineq Viol (l1): 0.023442, Epoch time: 0.20s
Epoch 193/1000, Loss: 9.7912, Obj: 20.1807, Eq Viol (l1): 2.931620, Ineq Viol (l1): 0.023709, Epoch time: 0.20s
Epoch 194/1000, Loss: 9.7637, Obj: 20.2712, Eq Viol (l1): 2.913478, Ineq Viol (l1): 0.021718, Epoch time: 0.20s
Epoch 195/1000, Loss: 9.8267, Obj: 20.5177, Eq Viol (l1): 2.923550, Ineq Viol (l1): 0.021803, Epoch time: 0.20s
Epoch 196/1000, Loss: 9.8139, Obj: 20.6041, Eq Viol (l1): 2.916002, Ineq Viol (l1): 0.023264, Epoch time: 0.19s
Epoch 197/1000, Loss: 9.7689, Obj: 20.5698, Eq Viol (l1): 2.924644, Ineq Viol (l1): 0.020567, Epoch time: 0.19s
Epoch 198/1000, Loss: 9.7528, Obj: 20.3515, Eq Viol (l1): 2.914398, Ineq Viol (l1): 0.028884, Epoch time: 0.20s
Epoch 199/1000, Loss: 9.6342, Obj: 20.2071, Eq Viol (l1): 2.899242, Ineq Viol (l1): 0.021481, Epoch time: 0.20s
Epoch 200/1000, Loss: 9.6251, Obj: 20.1544, Eq Viol (l1): 2.891875, Ineq Viol (l1): 0.022054, Epoch time: 0.20s
Epoch 201/1000, Loss: 9.7666, Obj: 20.6672, Eq Viol (l1): 2.901899, Ineq Viol (l1): 0.023997, Epoch time: 0.20s

Running validation at epoch 200...

VALIDATION_EPOCH_200 EVALUATION RESULTS:
==================================================
Obj:     2.173385e+01
Opt Gap:      3.850375e+01 ± 1.255850e+01
Eq Vio l1:   9.369910e-01 (max: 1.480926e+00)
Ineq Vio l1: 1.376470e-04 (max: 6.717174e-02)
Sol Dis:   1.987730e+02 ± 4.499664e-01
Merit:             3.110514e+01 ± 1.699669e-02
Avg Inf Time:  0.0002s
==================================================
✓ Model saved: results/nonsmooth_nonconvex/socp/SOCPProblem-100-50-50-10000/20260115-145229_MLP_sup_pen_seed0_nepochs1000_lr0.0001_trainsize7000_subopt_3_1.5/model_200.pt
Epoch 202/1000, Loss: 9.7635, Obj: 21.1007, Eq Viol (l1): 2.898291, Ineq Viol (l1): 0.019101, Epoch time: 0.20s
Epoch 203/1000, Loss: 9.6711, Obj: 20.4827, Eq Viol (l1): 2.892315, Ineq Viol (l1): 0.026395, Epoch time: 0.20s
Epoch 204/1000, Loss: 9.6200, Obj: 20.4708, Eq Viol (l1): 2.898511, Ineq Viol (l1): 0.021797, Epoch time: 0.20s
Epoch 205/1000, Loss: 9.5667, Obj: 20.2803, Eq Viol (l1): 2.880395, Ineq Viol (l1): 0.025202, Epoch time: 0.20s
Epoch 206/1000, Loss: 9.5426, Obj: 20.2752, Eq Viol (l1): 2.877655, Ineq Viol (l1): 0.022075, Epoch time: 0.20s
Epoch 207/1000, Loss: 9.5477, Obj: 20.4089, Eq Viol (l1): 2.880967, Ineq Viol (l1): 0.020234, Epoch time: 0.19s
Epoch 208/1000, Loss: 9.4816, Obj: 20.0865, Eq Viol (l1): 2.866884, Ineq Viol (l1): 0.027128, Epoch time: 0.20s
Epoch 209/1000, Loss: 9.5311, Obj: 20.4893, Eq Viol (l1): 2.879017, Ineq Viol (l1): 0.018790, Epoch time: 0.20s
Epoch 210/1000, Loss: 9.4856, Obj: 20.3675, Eq Viol (l1): 2.856856, Ineq Viol (l1): 0.023658, Epoch time: 0.20s
Epoch 211/1000, Loss: 9.4517, Obj: 20.2820, Eq Viol (l1): 2.861367, Ineq Viol (l1): 0.022570, Epoch time: 0.28s

Running validation at epoch 210...

VALIDATION_EPOCH_210 EVALUATION RESULTS:
==================================================
Obj:     2.054552e+01
Opt Gap:      3.634532e+01 ± 1.176465e+01
Eq Vio l1:   8.934163e-01 (max: 1.495701e+00)
Ineq Vio l1: 1.090965e-03 (max: 2.795525e-01)
Sol Dis:   1.932722e+02 ± 2.376999e-01
Merit:             2.949059e+01 ± 9.172346e-03
Avg Inf Time:  0.0002s
==================================================
✓ Model saved: results/nonsmooth_nonconvex/socp/SOCPProblem-100-50-50-10000/20260115-145229_MLP_sup_pen_seed0_nepochs1000_lr0.0001_trainsize7000_subopt_3_1.5/model_210.pt
Epoch 212/1000, Loss: 9.4728, Obj: 20.4033, Eq Viol (l1): 2.861317, Ineq Viol (l1): 0.024853, Epoch time: 0.20s
Epoch 213/1000, Loss: 9.4743, Obj: 20.6814, Eq Viol (l1): 2.849879, Ineq Viol (l1): 0.016881, Epoch time: 0.20s
Epoch 214/1000, Loss: 9.4694, Obj: 20.4492, Eq Viol (l1): 2.850338, Ineq Viol (l1): 0.028321, Epoch time: 0.20s
Epoch 215/1000, Loss: 9.6517, Obj: 21.0041, Eq Viol (l1): 2.862259, Ineq Viol (l1): 0.027038, Epoch time: 0.19s
Epoch 216/1000, Loss: 9.7097, Obj: 21.9082, Eq Viol (l1): 2.871367, Ineq Viol (l1): 0.018127, Epoch time: 0.20s
Epoch 217/1000, Loss: 9.6320, Obj: 21.4616, Eq Viol (l1): 2.873028, Ineq Viol (l1): 0.020662, Epoch time: 0.20s
Epoch 218/1000, Loss: 9.4847, Obj: 20.7918, Eq Viol (l1): 2.856012, Ineq Viol (l1): 0.023981, Epoch time: 0.20s
Epoch 219/1000, Loss: 9.4560, Obj: 20.8727, Eq Viol (l1): 2.855590, Ineq Viol (l1): 0.020070, Epoch time: 0.20s
Epoch 220/1000, Loss: 9.4306, Obj: 20.8408, Eq Viol (l1): 2.837952, Ineq Viol (l1): 0.023771, Epoch time: 0.20s
Epoch 221/1000, Loss: 9.3826, Obj: 20.6649, Eq Viol (l1): 2.839027, Ineq Viol (l1): 0.023888, Epoch time: 0.19s

Running validation at epoch 220...

VALIDATION_EPOCH_220 EVALUATION RESULTS:
==================================================
Obj:     2.067978e+01
Opt Gap:      3.677899e+01 ± 1.191034e+01
Eq Vio l1:   9.599909e-01 (max: 1.622882e+00)
Ineq Vio l1: 2.005398e-03 (max: 2.427561e-01)
Sol Dis:   1.933095e+02 ± 2.488844e-01
Merit:             3.029975e+01 ± 4.927791e-02
Avg Inf Time:  0.0002s
==================================================
✓ Model saved: results/nonsmooth_nonconvex/socp/SOCPProblem-100-50-50-10000/20260115-145229_MLP_sup_pen_seed0_nepochs1000_lr0.0001_trainsize7000_subopt_3_1.5/model_220.pt
Epoch 222/1000, Loss: 9.3493, Obj: 20.6308, Eq Viol (l1): 2.834897, Ineq Viol (l1): 0.021995, Epoch time: 0.20s
Epoch 223/1000, Loss: 9.3091, Obj: 20.4592, Eq Viol (l1): 2.830378, Ineq Viol (l1): 0.023568, Epoch time: 0.20s
Epoch 224/1000, Loss: 9.2513, Obj: 20.3869, Eq Viol (l1): 2.810298, Ineq Viol (l1): 0.021938, Epoch time: 0.20s
Epoch 225/1000, Loss: 9.3045, Obj: 20.4938, Eq Viol (l1): 2.818220, Ineq Viol (l1): 0.026262, Epoch time: 0.19s
Epoch 226/1000, Loss: 9.2461, Obj: 20.4536, Eq Viol (l1): 2.811591, Ineq Viol (l1): 0.021053, Epoch time: 0.19s
Epoch 227/1000, Loss: 9.2196, Obj: 20.4272, Eq Viol (l1): 2.797542, Ineq Viol (l1): 0.023103, Epoch time: 0.20s
Epoch 228/1000, Loss: 9.2604, Obj: 20.6124, Eq Viol (l1): 2.795978, Ineq Viol (l1): 0.022261, Epoch time: 0.20s
Epoch 229/1000, Loss: 9.2370, Obj: 20.5788, Eq Viol (l1): 2.806215, Ineq Viol (l1): 0.022512, Epoch time: 0.20s
Epoch 230/1000, Loss: 9.1967, Obj: 20.5821, Eq Viol (l1): 2.784027, Ineq Viol (l1): 0.020908, Epoch time: 0.20s
Epoch 231/1000, Loss: 9.2867, Obj: 20.9362, Eq Viol (l1): 2.800338, Ineq Viol (l1): 0.021961, Epoch time: 0.19s

Running validation at epoch 230...

VALIDATION_EPOCH_230 EVALUATION RESULTS:
==================================================
Obj:     2.093939e+01
Opt Gap:      3.639494e+01 ± 1.152941e+01
Eq Vio l1:   9.071762e-01 (max: 1.541917e+00)
Ineq Vio l1: 2.983159e-03 (max: 2.448963e-01)
Sol Dis:   1.943039e+02 ± 3.350206e-01
Merit:             3.004099e+01 ± 3.571309e-02
Avg Inf Time:  0.0002s
==================================================
✓ Model saved: results/nonsmooth_nonconvex/socp/SOCPProblem-100-50-50-10000/20260115-145229_MLP_sup_pen_seed0_nepochs1000_lr0.0001_trainsize7000_subopt_3_1.5/model_230.pt
Epoch 232/1000, Loss: 9.3492, Obj: 21.1284, Eq Viol (l1): 2.815886, Ineq Viol (l1): 0.023435, Epoch time: 0.20s
Epoch 233/1000, Loss: 9.2888, Obj: 20.9985, Eq Viol (l1): 2.805254, Ineq Viol (l1): 0.022450, Epoch time: 0.20s
Epoch 234/1000, Loss: 9.2548, Obj: 21.0350, Eq Viol (l1): 2.795438, Ineq Viol (l1): 0.020290, Epoch time: 0.20s
Epoch 235/1000, Loss: 9.2608, Obj: 20.9657, Eq Viol (l1): 2.795028, Ineq Viol (l1): 0.022746, Epoch time: 0.19s
Epoch 236/1000, Loss: 9.1916, Obj: 20.7172, Eq Viol (l1): 2.789984, Ineq Viol (l1): 0.023236, Epoch time: 0.19s
Epoch 237/1000, Loss: 9.1893, Obj: 20.8227, Eq Viol (l1): 2.792474, Ineq Viol (l1): 0.020913, Epoch time: 0.20s
Epoch 238/1000, Loss: 9.1432, Obj: 20.6940, Eq Viol (l1): 2.779213, Ineq Viol (l1): 0.024006, Epoch time: 0.20s
Epoch 239/1000, Loss: 9.1440, Obj: 20.7723, Eq Viol (l1): 2.774630, Ineq Viol (l1): 0.020292, Epoch time: 0.20s
Epoch 240/1000, Loss: 9.1436, Obj: 20.6561, Eq Viol (l1): 2.784295, Ineq Viol (l1): 0.024986, Epoch time: 0.20s
Epoch 241/1000, Loss: 9.1219, Obj: 20.7206, Eq Viol (l1): 2.770236, Ineq Viol (l1): 0.024699, Epoch time: 0.19s

Running validation at epoch 240...

VALIDATION_EPOCH_240 EVALUATION RESULTS:
==================================================
Obj:     2.080480e+01
Opt Gap:      3.646189e+01 ± 1.167987e+01
Eq Vio l1:   8.781413e-01 (max: 1.377662e+00)
Ineq Vio l1: 1.033466e-03 (max: 2.054637e-01)
Sol Dis:   1.937157e+02 ± 2.676433e-01
Merit:             2.959655e+01 ± 8.378177e-02
Avg Inf Time:  0.0002s
==================================================
✓ Model saved: results/nonsmooth_nonconvex/socp/SOCPProblem-100-50-50-10000/20260115-145229_MLP_sup_pen_seed0_nepochs1000_lr0.0001_trainsize7000_subopt_3_1.5/model_240.pt
Epoch 242/1000, Loss: 9.1001, Obj: 20.6946, Eq Viol (l1): 2.770448, Ineq Viol (l1): 0.021204, Epoch time: 0.20s
Epoch 243/1000, Loss: 9.0739, Obj: 20.7453, Eq Viol (l1): 2.757047, Ineq Viol (l1): 0.021394, Epoch time: 0.20s
Epoch 244/1000, Loss: 9.0799, Obj: 20.7152, Eq Viol (l1): 2.761484, Ineq Viol (l1): 0.024202, Epoch time: 0.20s
Epoch 245/1000, Loss: 9.0469, Obj: 20.7467, Eq Viol (l1): 2.746737, Ineq Viol (l1): 0.023463, Epoch time: 0.20s
Epoch 246/1000, Loss: 9.1660, Obj: 21.2369, Eq Viol (l1): 2.764436, Ineq Viol (l1): 0.019774, Epoch time: 0.19s
Epoch 247/1000, Loss: 9.0899, Obj: 20.9133, Eq Viol (l1): 2.764392, Ineq Viol (l1): 0.023661, Epoch time: 0.30s
Epoch 248/1000, Loss: 9.0465, Obj: 20.7652, Eq Viol (l1): 2.759109, Ineq Viol (l1): 0.021452, Epoch time: 0.20s
Epoch 249/1000, Loss: 9.1603, Obj: 21.1027, Eq Viol (l1): 2.768545, Ineq Viol (l1): 0.026186, Epoch time: 0.20s
Epoch 250/1000, Loss: 9.1695, Obj: 21.3167, Eq Viol (l1): 2.767123, Ineq Viol (l1): 0.021205, Epoch time: 0.20s
Epoch 251/1000, Loss: 9.2347, Obj: 21.6754, Eq Viol (l1): 2.774167, Ineq Viol (l1): 0.023618, Epoch time: 0.19s

Running validation at epoch 250...

VALIDATION_EPOCH_250 EVALUATION RESULTS:
==================================================
Obj:     2.205161e+01
Opt Gap:      3.785822e+01 ± 1.191948e+01
Eq Vio l1:   8.845996e-01 (max: 1.450957e+00)
Ineq Vio l1: 1.804083e-03 (max: 3.372449e-01)
Sol Dis:   1.985435e+02 ± 2.158546e-01
Merit:             3.091565e+01 ± 2.457308e-02
Avg Inf Time:  0.0002s
==================================================
✓ Model saved: results/nonsmooth_nonconvex/socp/SOCPProblem-100-50-50-10000/20260115-145229_MLP_sup_pen_seed0_nepochs1000_lr0.0001_trainsize7000_subopt_3_1.5/model_250.pt
Epoch 252/1000, Loss: 9.1283, Obj: 21.3420, Eq Viol (l1): 2.767098, Ineq Viol (l1): 0.022535, Epoch time: 0.20s
Epoch 253/1000, Loss: 9.0772, Obj: 21.1296, Eq Viol (l1): 2.757683, Ineq Viol (l1): 0.021373, Epoch time: 0.20s
Epoch 254/1000, Loss: 9.0400, Obj: 20.9615, Eq Viol (l1): 2.749465, Ineq Viol (l1): 0.025932, Epoch time: 0.20s
Epoch 255/1000, Loss: 9.0493, Obj: 21.0695, Eq Viol (l1): 2.742328, Ineq Viol (l1): 0.024000, Epoch time: 0.19s
Epoch 256/1000, Loss: 9.0529, Obj: 21.2209, Eq Viol (l1): 2.742245, Ineq Viol (l1): 0.021856, Epoch time: 0.20s
Epoch 257/1000, Loss: 9.0850, Obj: 21.4140, Eq Viol (l1): 2.743886, Ineq Viol (l1): 0.021177, Epoch time: 0.20s
Epoch 258/1000, Loss: 9.0232, Obj: 21.1311, Eq Viol (l1): 2.741033, Ineq Viol (l1): 0.025932, Epoch time: 0.20s
Epoch 259/1000, Loss: 8.9438, Obj: 20.9300, Eq Viol (l1): 2.727044, Ineq Viol (l1): 0.020948, Epoch time: 0.20s
Epoch 260/1000, Loss: 9.1179, Obj: 21.4620, Eq Viol (l1): 2.745972, Ineq Viol (l1): 0.023022, Epoch time: 0.19s
Epoch 261/1000, Loss: 9.0806, Obj: 21.4531, Eq Viol (l1): 2.739861, Ineq Viol (l1): 0.023787, Epoch time: 0.20s

Running validation at epoch 260...

VALIDATION_EPOCH_260 EVALUATION RESULTS:
==================================================
Obj:     2.165918e+01
Opt Gap:      3.839366e+01 ± 1.264218e+01
Eq Vio l1:   8.732681e-01 (max: 1.472865e+00)
Ineq Vio l1: 3.228943e-03 (max: 5.241761e-01)
Sol Dis:   1.971229e+02 ± 1.972453e-02
Merit:             3.042415e+01 ± 7.796397e-02
Avg Inf Time:  0.0002s
==================================================
✓ Model saved: results/nonsmooth_nonconvex/socp/SOCPProblem-100-50-50-10000/20260115-145229_MLP_sup_pen_seed0_nepochs1000_lr0.0001_trainsize7000_subopt_3_1.5/model_260.pt
Epoch 262/1000, Loss: 9.0568, Obj: 21.5108, Eq Viol (l1): 2.741010, Ineq Viol (l1): 0.019254, Epoch time: 0.20s
Epoch 263/1000, Loss: 8.9779, Obj: 21.0637, Eq Viol (l1): 2.735805, Ineq Viol (l1): 0.025381, Epoch time: 0.20s
Epoch 264/1000, Loss: 8.9739, Obj: 21.0833, Eq Viol (l1): 2.728532, Ineq Viol (l1): 0.023616, Epoch time: 0.20s
Epoch 265/1000, Loss: 9.0183, Obj: 21.2382, Eq Viol (l1): 2.737484, Ineq Viol (l1): 0.024574, Epoch time: 0.19s
Epoch 266/1000, Loss: 8.9623, Obj: 21.1658, Eq Viol (l1): 2.730974, Ineq Viol (l1): 0.021252, Epoch time: 0.20s
Epoch 267/1000, Loss: 8.9792, Obj: 21.3878, Eq Viol (l1): 2.718951, Ineq Viol (l1): 0.021160, Epoch time: 0.20s
Epoch 268/1000, Loss: 8.9871, Obj: 21.3116, Eq Viol (l1): 2.720397, Ineq Viol (l1): 0.025700, Epoch time: 0.20s
Epoch 269/1000, Loss: 8.9619, Obj: 21.2439, Eq Viol (l1): 2.718823, Ineq Viol (l1): 0.023875, Epoch time: 0.20s
Epoch 270/1000, Loss: 9.0072, Obj: 21.5963, Eq Viol (l1): 2.725597, Ineq Viol (l1): 0.020862, Epoch time: 0.19s
Epoch 271/1000, Loss: 8.9402, Obj: 21.1342, Eq Viol (l1): 2.726955, Ineq Viol (l1): 0.027233, Epoch time: 0.20s

Running validation at epoch 270...

VALIDATION_EPOCH_270 EVALUATION RESULTS:
==================================================
Obj:     2.118727e+01
Opt Gap:      3.779848e+01 ± 1.223487e+01
Eq Vio l1:   8.682128e-01 (max: 1.386309e+00)
Ineq Vio l1: 1.889990e-03 (max: 2.542402e-01)
Sol Dis:   1.954284e+02 ± 9.453256e-02
Merit:             2.988830e+01 ± 8.834697e-02
Avg Inf Time:  0.0002s
==================================================
✓ Model saved: results/nonsmooth_nonconvex/socp/SOCPProblem-100-50-50-10000/20260115-145229_MLP_sup_pen_seed0_nepochs1000_lr0.0001_trainsize7000_subopt_3_1.5/model_270.pt
Epoch 272/1000, Loss: 8.8808, Obj: 21.1659, Eq Viol (l1): 2.705611, Ineq Viol (l1): 0.020756, Epoch time: 0.20s
Epoch 273/1000, Loss: 8.8628, Obj: 21.0014, Eq Viol (l1): 2.705299, Ineq Viol (l1): 0.024521, Epoch time: 0.20s
Epoch 274/1000, Loss: 8.8907, Obj: 21.1621, Eq Viol (l1): 2.708566, Ineq Viol (l1): 0.020606, Epoch time: 0.20s
Epoch 275/1000, Loss: 8.8499, Obj: 21.0433, Eq Viol (l1): 2.702135, Ineq Viol (l1): 0.023784, Epoch time: 0.19s
Epoch 276/1000, Loss: 8.8474, Obj: 21.0672, Eq Viol (l1): 2.695947, Ineq Viol (l1): 0.023591, Epoch time: 0.20s
Epoch 277/1000, Loss: 8.9717, Obj: 21.5353, Eq Viol (l1): 2.708450, Ineq Viol (l1): 0.023976, Epoch time: 0.20s
Epoch 278/1000, Loss: 9.0281, Obj: 21.7266, Eq Viol (l1): 2.724754, Ineq Viol (l1): 0.025432, Epoch time: 0.20s
Epoch 279/1000, Loss: 8.9949, Obj: 21.8265, Eq Viol (l1): 2.716481, Ineq Viol (l1): 0.020261, Epoch time: 0.19s
Epoch 280/1000, Loss: 8.9209, Obj: 21.4295, Eq Viol (l1): 2.705810, Ineq Viol (l1): 0.027284, Epoch time: 0.19s
Epoch 281/1000, Loss: 8.9053, Obj: 21.5078, Eq Viol (l1): 2.704062, Ineq Viol (l1): 0.022881, Epoch time: 0.20s

Running validation at epoch 280...

VALIDATION_EPOCH_280 EVALUATION RESULTS:
==================================================
Obj:     2.179622e+01
Opt Gap:      3.868473e+01 ± 1.256844e+01
Eq Vio l1:   8.795004e-01 (max: 1.528744e+00)
Ineq Vio l1: 1.140902e-03 (max: 2.188490e-01)
Sol Dis:   1.979980e+02 ± 2.361662e-01
Merit:             3.060263e+01 ± 7.743424e-03
Avg Inf Time:  0.0003s
==================================================
✓ Model saved: results/nonsmooth_nonconvex/socp/SOCPProblem-100-50-50-10000/20260115-145229_MLP_sup_pen_seed0_nepochs1000_lr0.0001_trainsize7000_subopt_3_1.5/model_280.pt
Epoch 282/1000, Loss: 8.9366, Obj: 21.6381, Eq Viol (l1): 2.709785, Ineq Viol (l1): 0.020523, Epoch time: 0.20s
Epoch 283/1000, Loss: 8.8296, Obj: 21.2294, Eq Viol (l1): 2.696247, Ineq Viol (l1): 0.023273, Epoch time: 0.20s
Epoch 284/1000, Loss: 8.8876, Obj: 21.5114, Eq Viol (l1): 2.700883, Ineq Viol (l1): 0.021367, Epoch time: 0.19s
Epoch 285/1000, Loss: 8.7713, Obj: 21.0844, Eq Viol (l1): 2.681527, Ineq Viol (l1): 0.022572, Epoch time: 0.19s
Epoch 286/1000, Loss: 8.8610, Obj: 21.3466, Eq Viol (l1): 2.696636, Ineq Viol (l1): 0.026547, Epoch time: 0.20s
Epoch 287/1000, Loss: 8.7945, Obj: 21.2168, Eq Viol (l1): 2.683386, Ineq Viol (l1): 0.022938, Epoch time: 0.20s
Epoch 288/1000, Loss: 8.7748, Obj: 21.2845, Eq Viol (l1): 2.673313, Ineq Viol (l1): 0.020129, Epoch time: 0.20s
Epoch 289/1000, Loss: 8.7516, Obj: 21.0603, Eq Viol (l1): 2.682475, Ineq Viol (l1): 0.023813, Epoch time: 0.19s
Epoch 290/1000, Loss: 8.8573, Obj: 21.4492, Eq Viol (l1): 2.682518, Ineq Viol (l1): 0.027747, Epoch time: 0.20s
Epoch 291/1000, Loss: 8.8395, Obj: 21.6474, Eq Viol (l1): 2.679392, Ineq Viol (l1): 0.020422, Epoch time: 0.20s

Running validation at epoch 290...

VALIDATION_EPOCH_290 EVALUATION RESULTS:
==================================================
Obj:     2.150743e+01
Opt Gap:      3.817358e+01 ± 1.268952e+01
Eq Vio l1:   8.525129e-01 (max: 1.403396e+00)
Ineq Vio l1: 2.087945e-03 (max: 2.281436e-01)
Sol Dis:   1.971838e+02 ± 1.562971e-01
Merit:             3.005344e+01 ± 7.478563e-02
Avg Inf Time:  0.0002s
==================================================
✓ Model saved: results/nonsmooth_nonconvex/socp/SOCPProblem-100-50-50-10000/20260115-145229_MLP_sup_pen_seed0_nepochs1000_lr0.0001_trainsize7000_subopt_3_1.5/model_290.pt
Epoch 292/1000, Loss: 8.7813, Obj: 21.3793, Eq Viol (l1): 2.669766, Ineq Viol (l1): 0.022773, Epoch time: 0.20s
Epoch 293/1000, Loss: 8.7577, Obj: 21.2149, Eq Viol (l1): 2.666593, Ineq Viol (l1): 0.024183, Epoch time: 0.20s
Epoch 294/1000, Loss: 8.7648, Obj: 21.2945, Eq Viol (l1): 2.672041, Ineq Viol (l1): 0.022446, Epoch time: 0.19s
Epoch 295/1000, Loss: 8.7874, Obj: 21.3869, Eq Viol (l1): 2.675779, Ineq Viol (l1): 0.023643, Epoch time: 0.20s
Epoch 296/1000, Loss: 8.8166, Obj: 21.4177, Eq Viol (l1): 2.676600, Ineq Viol (l1): 0.024483, Epoch time: 0.20s
Epoch 297/1000, Loss: 8.8488, Obj: 21.7540, Eq Viol (l1): 2.680618, Ineq Viol (l1): 0.022085, Epoch time: 0.20s
Epoch 298/1000, Loss: 8.7517, Obj: 21.3467, Eq Viol (l1): 2.671426, Ineq Viol (l1): 0.023257, Epoch time: 0.20s
Epoch 299/1000, Loss: 8.7226, Obj: 21.2187, Eq Viol (l1): 2.660379, Ineq Viol (l1): 0.025247, Epoch time: 0.19s
Epoch 300/1000, Loss: 8.7804, Obj: 21.4561, Eq Viol (l1): 2.685678, Ineq Viol (l1): 0.020513, Epoch time: 0.20s
Epoch 301/1000, Loss: 8.7877, Obj: 21.5379, Eq Viol (l1): 2.675769, Ineq Viol (l1): 0.023422, Epoch time: 0.20s

Running validation at epoch 300...

VALIDATION_EPOCH_300 EVALUATION RESULTS:
==================================================
Obj:     2.125910e+01
Opt Gap:      3.756181e+01 ± 1.209044e+01
Eq Vio l1:   7.930312e-01 (max: 1.299727e+00)
Ineq Vio l1: 4.144879e-03 (max: 4.112909e-01)
Sol Dis:   1.963000e+02 ± 1.664494e-01
Merit:             2.923086e+01 ± 3.911768e-03
Avg Inf Time:  0.0002s
==================================================
✓ Model saved: results/nonsmooth_nonconvex/socp/SOCPProblem-100-50-50-10000/20260115-145229_MLP_sup_pen_seed0_nepochs1000_lr0.0001_trainsize7000_subopt_3_1.5/model_300.pt
Epoch 302/1000, Loss: 8.7246, Obj: 21.2467, Eq Viol (l1): 2.662447, Ineq Viol (l1): 0.026759, Epoch time: 0.20s
Epoch 303/1000, Loss: 8.7732, Obj: 21.5729, Eq Viol (l1): 2.664459, Ineq Viol (l1): 0.021019, Epoch time: 0.20s
Epoch 304/1000, Loss: 8.7139, Obj: 21.4123, Eq Viol (l1): 2.653941, Ineq Viol (l1): 0.021417, Epoch time: 0.19s
Epoch 305/1000, Loss: 8.6999, Obj: 21.2668, Eq Viol (l1): 2.655809, Ineq Viol (l1): 0.024057, Epoch time: 0.20s
Epoch 306/1000, Loss: 8.6302, Obj: 21.0703, Eq Viol (l1): 2.648226, Ineq Viol (l1): 0.023281, Epoch time: 0.20s
Epoch 307/1000, Loss: 8.6519, Obj: 21.1512, Eq Viol (l1): 2.653685, Ineq Viol (l1): 0.020509, Epoch time: 0.20s
Epoch 308/1000, Loss: 8.6593, Obj: 21.2214, Eq Viol (l1): 2.643310, Ineq Viol (l1): 0.023155, Epoch time: 0.20s
Epoch 309/1000, Loss: 8.6791, Obj: 21.3029, Eq Viol (l1): 2.648886, Ineq Viol (l1): 0.022850, Epoch time: 0.19s
Epoch 310/1000, Loss: 8.7014, Obj: 21.1824, Eq Viol (l1): 2.655085, Ineq Viol (l1): 0.028928, Epoch time: 0.20s
Epoch 311/1000, Loss: 8.7776, Obj: 21.8241, Eq Viol (l1): 2.664167, Ineq Viol (l1): 0.020166, Epoch time: 0.20s

Running validation at epoch 310...

VALIDATION_EPOCH_310 EVALUATION RESULTS:
==================================================
Obj:     2.202702e+01
Opt Gap:      3.884815e+01 ± 1.229418e+01
Eq Vio l1:   8.400788e-01 (max: 1.387428e+00)
Ineq Vio l1: 1.971372e-03 (max: 2.576754e-01)
Sol Dis:   1.997325e+02 ± 2.361818e-01
Merit:             3.044753e+01 ± 5.190196e-02
Avg Inf Time:  0.0002s
==================================================
✓ Model saved: results/nonsmooth_nonconvex/socp/SOCPProblem-100-50-50-10000/20260115-145229_MLP_sup_pen_seed0_nepochs1000_lr0.0001_trainsize7000_subopt_3_1.5/model_310.pt
Epoch 312/1000, Loss: 8.6973, Obj: 21.4735, Eq Viol (l1): 2.646684, Ineq Viol (l1): 0.023473, Epoch time: 0.20s
Epoch 313/1000, Loss: 8.6522, Obj: 21.2574, Eq Viol (l1): 2.647862, Ineq Viol (l1): 0.023461, Epoch time: 0.19s
Epoch 314/1000, Loss: 8.7326, Obj: 21.5866, Eq Viol (l1): 2.658768, Ineq Viol (l1): 0.020730, Epoch time: 0.19s
Epoch 315/1000, Loss: 8.6831, Obj: 21.3729, Eq Viol (l1): 2.641128, Ineq Viol (l1): 0.028571, Epoch time: 0.20s
Epoch 316/1000, Loss: 8.7244, Obj: 21.7289, Eq Viol (l1): 2.652673, Ineq Viol (l1): 0.018983, Epoch time: 0.29s
Epoch 317/1000, Loss: 8.7199, Obj: 21.5432, Eq Viol (l1): 2.653960, Ineq Viol (l1): 0.027046, Epoch time: 0.20s
Epoch 318/1000, Loss: 8.6375, Obj: 21.4435, Eq Viol (l1): 2.643148, Ineq Viol (l1): 0.018631, Epoch time: 0.19s
Epoch 319/1000, Loss: 8.6061, Obj: 21.2152, Eq Viol (l1): 2.634828, Ineq Viol (l1): 0.023710, Epoch time: 0.19s
Epoch 320/1000, Loss: 8.6731, Obj: 21.3581, Eq Viol (l1): 2.646947, Ineq Viol (l1): 0.026455, Epoch time: 0.20s
Epoch 321/1000, Loss: 8.6627, Obj: 21.3699, Eq Viol (l1): 2.643566, Ineq Viol (l1): 0.022692, Epoch time: 0.20s

Running validation at epoch 320...

VALIDATION_EPOCH_320 EVALUATION RESULTS:
==================================================
Obj:     2.154000e+01
Opt Gap:      3.797459e+01 ± 1.232576e+01
Eq Vio l1:   7.823907e-01 (max: 1.260319e+00)
Ineq Vio l1: 3.574818e-03 (max: 4.166605e-01)
Sol Dis:   1.979881e+02 ± 2.721318e-01
Merit:             2.939966e+01 ± 1.459447e-02
Avg Inf Time:  0.0002s
==================================================
✓ Model saved: results/nonsmooth_nonconvex/socp/SOCPProblem-100-50-50-10000/20260115-145229_MLP_sup_pen_seed0_nepochs1000_lr0.0001_trainsize7000_subopt_3_1.5/model_320.pt
Epoch 322/1000, Loss: 8.6445, Obj: 21.3710, Eq Viol (l1): 2.638055, Ineq Viol (l1): 0.026338, Epoch time: 0.20s
Epoch 323/1000, Loss: 8.6766, Obj: 21.5845, Eq Viol (l1): 2.649496, Ineq Viol (l1): 0.020170, Epoch time: 0.19s
Epoch 324/1000, Loss: 8.6945, Obj: 21.6342, Eq Viol (l1): 2.640239, Ineq Viol (l1): 0.024800, Epoch time: 0.20s
Epoch 325/1000, Loss: 8.6337, Obj: 21.4607, Eq Viol (l1): 2.633834, Ineq Viol (l1): 0.023913, Epoch time: 0.20s
Epoch 326/1000, Loss: 8.6431, Obj: 21.4878, Eq Viol (l1): 2.632327, Ineq Viol (l1): 0.022984, Epoch time: 0.20s
Epoch 327/1000, Loss: 8.6714, Obj: 21.6318, Eq Viol (l1): 2.640283, Ineq Viol (l1): 0.022361, Epoch time: 0.20s
Epoch 328/1000, Loss: 8.6142, Obj: 21.4210, Eq Viol (l1): 2.630585, Ineq Viol (l1): 0.024856, Epoch time: 0.19s
Epoch 329/1000, Loss: 8.6385, Obj: 21.5117, Eq Viol (l1): 2.635253, Ineq Viol (l1): 0.023045, Epoch time: 0.20s
Epoch 330/1000, Loss: 8.5690, Obj: 21.2518, Eq Viol (l1): 2.625528, Ineq Viol (l1): 0.023956, Epoch time: 0.20s
Epoch 331/1000, Loss: 8.5883, Obj: 21.3707, Eq Viol (l1): 2.621710, Ineq Viol (l1): 0.024630, Epoch time: 0.20s

Running validation at epoch 330...

VALIDATION_EPOCH_330 EVALUATION RESULTS:
==================================================
Obj:     2.128656e+01
Opt Gap:      3.768461e+01 ± 1.200949e+01
Eq Vio l1:   8.030240e-01 (max: 1.332643e+00)
Ineq Vio l1: 2.122119e-03 (max: 3.669416e-01)
Sol Dis:   1.971199e+02 ± 2.249460e-01
Merit:             2.933802e+01 ± 3.002539e-02
Avg Inf Time:  0.0002s
==================================================
✓ Model saved: results/nonsmooth_nonconvex/socp/SOCPProblem-100-50-50-10000/20260115-145229_MLP_sup_pen_seed0_nepochs1000_lr0.0001_trainsize7000_subopt_3_1.5/model_330.pt
Epoch 332/1000, Loss: 8.6529, Obj: 21.6587, Eq Viol (l1): 2.627985, Ineq Viol (l1): 0.022715, Epoch time: 0.20s
Epoch 333/1000, Loss: 8.5997, Obj: 21.4507, Eq Viol (l1): 2.624731, Ineq Viol (l1): 0.023641, Epoch time: 0.19s
Epoch 334/1000, Loss: 8.5405, Obj: 21.2265, Eq Viol (l1): 2.616279, Ineq Viol (l1): 0.025439, Epoch time: 0.20s
Epoch 335/1000, Loss: 8.5450, Obj: 21.2467, Eq Viol (l1): 2.614390, Ineq Viol (l1): 0.022355, Epoch time: 0.20s
Epoch 336/1000, Loss: 8.5385, Obj: 21.2215, Eq Viol (l1): 2.620777, Ineq Viol (l1): 0.020915, Epoch time: 0.20s
Epoch 337/1000, Loss: 8.5089, Obj: 21.0345, Eq Viol (l1): 2.608759, Ineq Viol (l1): 0.026729, Epoch time: 0.20s
Epoch 338/1000, Loss: 8.6072, Obj: 21.5522, Eq Viol (l1): 2.616493, Ineq Viol (l1): 0.021800, Epoch time: 0.19s
Epoch 339/1000, Loss: 8.6004, Obj: 21.4949, Eq Viol (l1): 2.630194, Ineq Viol (l1): 0.021578, Epoch time: 0.20s
Epoch 340/1000, Loss: 8.5887, Obj: 21.4705, Eq Viol (l1): 2.621717, Ineq Viol (l1): 0.023399, Epoch time: 0.20s
Epoch 341/1000, Loss: 8.5084, Obj: 21.1631, Eq Viol (l1): 2.610278, Ineq Viol (l1): 0.024799, Epoch time: 0.20s

Running validation at epoch 340...

VALIDATION_EPOCH_340 EVALUATION RESULTS:
==================================================
Obj:     2.134524e+01
Opt Gap:      3.804360e+01 ± 1.246237e+01
Eq Vio l1:   8.406601e-01 (max: 1.246682e+00)
Ineq Vio l1: 1.016966e-03 (max: 2.140350e-01)
Sol Dis:   1.975776e+02 ± 1.505426e-01
Merit:             2.976201e+01 ± 3.276681e-02
Avg Inf Time:  0.0002s
==================================================
✓ Model saved: results/nonsmooth_nonconvex/socp/SOCPProblem-100-50-50-10000/20260115-145229_MLP_sup_pen_seed0_nepochs1000_lr0.0001_trainsize7000_subopt_3_1.5/model_340.pt
Epoch 342/1000, Loss: 8.5142, Obj: 21.1910, Eq Viol (l1): 2.609985, Ineq Viol (l1): 0.022650, Epoch time: 0.20s
Epoch 343/1000, Loss: 8.5509, Obj: 21.3567, Eq Viol (l1): 2.607286, Ineq Viol (l1): 0.025211, Epoch time: 0.19s
Epoch 344/1000, Loss: 8.5209, Obj: 21.3748, Eq Viol (l1): 2.609531, Ineq Viol (l1): 0.020108, Epoch time: 0.20s
Epoch 345/1000, Loss: 8.5136, Obj: 21.1612, Eq Viol (l1): 2.614746, Ineq Viol (l1): 0.025347, Epoch time: 0.20s
Epoch 346/1000, Loss: 8.5322, Obj: 21.4275, Eq Viol (l1): 2.604730, Ineq Viol (l1): 0.022410, Epoch time: 0.20s
Epoch 347/1000, Loss: 8.4904, Obj: 21.2180, Eq Viol (l1): 2.598517, Ineq Viol (l1): 0.022932, Epoch time: 0.19s
Epoch 348/1000, Loss: 8.5434, Obj: 21.4507, Eq Viol (l1): 2.606065, Ineq Viol (l1): 0.024432, Epoch time: 0.19s
Epoch 349/1000, Loss: 8.5296, Obj: 21.2828, Eq Viol (l1): 2.617256, Ineq Viol (l1): 0.021707, Epoch time: 0.20s
Epoch 350/1000, Loss: 8.5007, Obj: 21.2548, Eq Viol (l1): 2.600374, Ineq Viol (l1): 0.023963, Epoch time: 0.20s
Epoch 351/1000, Loss: 8.5032, Obj: 21.2756, Eq Viol (l1): 2.602071, Ineq Viol (l1): 0.023775, Epoch time: 0.30s

Running validation at epoch 350...

VALIDATION_EPOCH_350 EVALUATION RESULTS:
==================================================
Obj:     2.106428e+01
Opt Gap:      3.763377e+01 ± 1.247188e+01
Eq Vio l1:   7.745603e-01 (max: 1.224445e+00)
Ineq Vio l1: 1.901243e-03 (max: 2.693265e-01)
Sol Dis:   1.964543e+02 ± 2.839739e-01
Merit:             2.882889e+01 ± 1.247551e-02
Avg Inf Time:  0.0002s
==================================================
✓ Model saved: results/nonsmooth_nonconvex/socp/SOCPProblem-100-50-50-10000/20260115-145229_MLP_sup_pen_seed0_nepochs1000_lr0.0001_trainsize7000_subopt_3_1.5/model_350.pt
Epoch 352/1000, Loss: 8.5972, Obj: 21.6235, Eq Viol (l1): 2.612714, Ineq Viol (l1): 0.025067, Epoch time: 0.20s
Epoch 353/1000, Loss: 8.5191, Obj: 21.3645, Eq Viol (l1): 2.614619, Ineq Viol (l1): 0.021882, Epoch time: 0.20s
Epoch 354/1000, Loss: 8.5162, Obj: 21.4305, Eq Viol (l1): 2.593903, Ineq Viol (l1): 0.023377, Epoch time: 0.20s
Epoch 355/1000, Loss: 8.5443, Obj: 21.4436, Eq Viol (l1): 2.602396, Ineq Viol (l1): 0.027587, Epoch time: 0.20s
Epoch 356/1000, Loss: 8.5265, Obj: 21.4907, Eq Viol (l1): 2.610804, Ineq Viol (l1): 0.021172, Epoch time: 0.20s
Epoch 357/1000, Loss: 8.5093, Obj: 21.4152, Eq Viol (l1): 2.601150, Ineq Viol (l1): 0.023885, Epoch time: 0.20s
Epoch 358/1000, Loss: 8.4818, Obj: 21.2410, Eq Viol (l1): 2.592892, Ineq Viol (l1): 0.025499, Epoch time: 0.20s
Epoch 359/1000, Loss: 8.5816, Obj: 21.8248, Eq Viol (l1): 2.612585, Ineq Viol (l1): 0.020708, Epoch time: 0.20s
Epoch 360/1000, Loss: 8.5260, Obj: 21.2908, Eq Viol (l1): 2.610809, Ineq Viol (l1): 0.027758, Epoch time: 0.20s
Epoch 361/1000, Loss: 8.5472, Obj: 21.7883, Eq Viol (l1): 2.599425, Ineq Viol (l1): 0.017881, Epoch time: 0.20s

Running validation at epoch 360...

VALIDATION_EPOCH_360 EVALUATION RESULTS:
==================================================
Obj:     2.115987e+01
Opt Gap:      3.731503e+01 ± 1.211965e+01
Eq Vio l1:   7.514351e-01 (max: 1.224718e+00)
Ineq Vio l1: 5.332268e-03 (max: 6.178919e-01)
Sol Dis:   1.968808e+02 ± 3.257122e-01
Merit:             2.872755e+01 ± 2.073440e-02
Avg Inf Time:  0.0002s
==================================================
✓ Model saved: results/nonsmooth_nonconvex/socp/SOCPProblem-100-50-50-10000/20260115-145229_MLP_sup_pen_seed0_nepochs1000_lr0.0001_trainsize7000_subopt_3_1.5/model_360.pt
Epoch 362/1000, Loss: 8.5260, Obj: 21.4572, Eq Viol (l1): 2.597008, Ineq Viol (l1): 0.027589, Epoch time: 0.19s
Epoch 363/1000, Loss: 8.5616, Obj: 21.7057, Eq Viol (l1): 2.606861, Ineq Viol (l1): 0.022078, Epoch time: 0.20s
Epoch 364/1000, Loss: 8.4537, Obj: 21.1784, Eq Viol (l1): 2.592515, Ineq Viol (l1): 0.028247, Epoch time: 0.20s
Epoch 365/1000, Loss: 8.5052, Obj: 21.4545, Eq Viol (l1): 2.593238, Ineq Viol (l1): 0.024735, Epoch time: 0.20s
Epoch 366/1000, Loss: 8.4820, Obj: 21.3583, Eq Viol (l1): 2.588307, Ineq Viol (l1): 0.022683, Epoch time: 0.19s
Epoch 367/1000, Loss: 8.4869, Obj: 21.4426, Eq Viol (l1): 2.593916, Ineq Viol (l1): 0.022030, Epoch time: 0.19s
Epoch 368/1000, Loss: 8.4452, Obj: 21.2146, Eq Viol (l1): 2.595587, Ineq Viol (l1): 0.023670, Epoch time: 0.20s
Epoch 369/1000, Loss: 8.4446, Obj: 21.2653, Eq Viol (l1): 2.587111, Ineq Viol (l1): 0.023938, Epoch time: 0.20s
Epoch 370/1000, Loss: 8.4234, Obj: 21.1785, Eq Viol (l1): 2.587984, Ineq Viol (l1): 0.023489, Epoch time: 0.20s
Epoch 371/1000, Loss: 8.4229, Obj: 21.1621, Eq Viol (l1): 2.584617, Ineq Viol (l1): 0.024768, Epoch time: 0.19s

Running validation at epoch 370...

VALIDATION_EPOCH_370 EVALUATION RESULTS:
==================================================
Obj:     2.157441e+01
Opt Gap:      3.863643e+01 ± 1.277425e+01
Eq Vio l1:   7.849254e-01 (max: 1.221005e+00)
Ineq Vio l1: 1.800337e-03 (max: 2.177492e-01)
Sol Dis:   1.987116e+02 ± 2.297661e-01
Merit:             2.944167e+01 ± 2.524488e-02
Avg Inf Time:  0.0002s
==================================================
✓ Model saved: results/nonsmooth_nonconvex/socp/SOCPProblem-100-50-50-10000/20260115-145229_MLP_sup_pen_seed0_nepochs1000_lr0.0001_trainsize7000_subopt_3_1.5/model_370.pt
Epoch 372/1000, Loss: 8.4739, Obj: 21.5262, Eq Viol (l1): 2.589335, Ineq Viol (l1): 0.020854, Epoch time: 0.20s
Epoch 373/1000, Loss: 8.4412, Obj: 21.3432, Eq Viol (l1): 2.584219, Ineq Viol (l1): 0.023161, Epoch time: 0.20s
Epoch 374/1000, Loss: 8.4180, Obj: 21.2620, Eq Viol (l1): 2.574583, Ineq Viol (l1): 0.024487, Epoch time: 0.20s
Epoch 375/1000, Loss: 8.4265, Obj: 21.1692, Eq Viol (l1): 2.582316, Ineq Viol (l1): 0.027570, Epoch time: 0.20s
Epoch 376/1000, Loss: 8.4925, Obj: 21.7326, Eq Viol (l1): 2.577976, Ineq Viol (l1): 0.019335, Epoch time: 0.19s
Epoch 377/1000, Loss: 8.4553, Obj: 21.3585, Eq Viol (l1): 2.595057, Ineq Viol (l1): 0.025155, Epoch time: 0.19s
Epoch 378/1000, Loss: 8.4399, Obj: 21.3945, Eq Viol (l1): 2.577217, Ineq Viol (l1): 0.023333, Epoch time: 0.20s
Epoch 379/1000, Loss: 8.4041, Obj: 21.3066, Eq Viol (l1): 2.570946, Ineq Viol (l1): 0.024473, Epoch time: 0.20s
Epoch 380/1000, Loss: 8.4953, Obj: 21.4718, Eq Viol (l1): 2.602031, Ineq Viol (l1): 0.024656, Epoch time: 0.20s
Epoch 381/1000, Loss: 8.4385, Obj: 21.4688, Eq Viol (l1): 2.582206, Ineq Viol (l1): 0.020567, Epoch time: 0.19s

Running validation at epoch 380...

VALIDATION_EPOCH_380 EVALUATION RESULTS:
==================================================
Obj:     2.112907e+01
Opt Gap:      3.772940e+01 ± 1.240031e+01
Eq Vio l1:   7.539221e-01 (max: 1.121675e+00)
Ineq Vio l1: 2.911906e-03 (max: 3.826321e-01)
Sol Dis:   1.968664e+02 ± 3.303091e-01
Merit:             2.869741e+01 ± 6.658207e-02
Avg Inf Time:  0.0002s
==================================================
✓ Model saved: results/nonsmooth_nonconvex/socp/SOCPProblem-100-50-50-10000/20260115-145229_MLP_sup_pen_seed0_nepochs1000_lr0.0001_trainsize7000_subopt_3_1.5/model_380.pt
Epoch 382/1000, Loss: 8.3992, Obj: 21.2568, Eq Viol (l1): 2.574626, Ineq Viol (l1): 0.025473, Epoch time: 0.20s
Epoch 383/1000, Loss: 8.4304, Obj: 21.2746, Eq Viol (l1): 2.583562, Ineq Viol (l1): 0.025807, Epoch time: 0.20s
Epoch 384/1000, Loss: 8.4330, Obj: 21.4875, Eq Viol (l1): 2.573225, Ineq Viol (l1): 0.022513, Epoch time: 0.20s
Epoch 385/1000, Loss: 8.4646, Obj: 21.4853, Eq Viol (l1): 2.580331, Ineq Viol (l1): 0.024716, Epoch time: 0.20s
Epoch 386/1000, Loss: 8.4787, Obj: 21.7043, Eq Viol (l1): 2.580390, Ineq Viol (l1): 0.021184, Epoch time: 0.19s
Epoch 387/1000, Loss: 8.4219, Obj: 21.2811, Eq Viol (l1): 2.582116, Ineq Viol (l1): 0.025943, Epoch time: 0.29s
Epoch 388/1000, Loss: 8.3868, Obj: 21.2908, Eq Viol (l1): 2.566234, Ineq Viol (l1): 0.024370, Epoch time: 0.20s
Epoch 389/1000, Loss: 8.4154, Obj: 21.3992, Eq Viol (l1): 2.571213, Ineq Viol (l1): 0.022677, Epoch time: 0.20s
Epoch 390/1000, Loss: 8.3890, Obj: 21.2732, Eq Viol (l1): 2.575060, Ineq Viol (l1): 0.024721, Epoch time: 0.20s
Epoch 391/1000, Loss: 8.3661, Obj: 21.2053, Eq Viol (l1): 2.572313, Ineq Viol (l1): 0.021663, Epoch time: 0.19s

Running validation at epoch 390...

VALIDATION_EPOCH_390 EVALUATION RESULTS:
==================================================
Obj:     2.125526e+01
Opt Gap:      3.758847e+01 ± 1.227225e+01
Eq Vio l1:   7.656073e-01 (max: 1.176545e+00)
Ineq Vio l1: 1.595858e-03 (max: 2.932810e-01)
Sol Dis:   1.974440e+02 ± 1.630838e-01
Merit:             2.892729e+01 ± 7.032793e-02
Avg Inf Time:  0.0002s
==================================================
✓ Model saved: results/nonsmooth_nonconvex/socp/SOCPProblem-100-50-50-10000/20260115-145229_MLP_sup_pen_seed0_nepochs1000_lr0.0001_trainsize7000_subopt_3_1.5/model_390.pt
Epoch 392/1000, Loss: 8.3484, Obj: 21.1267, Eq Viol (l1): 2.562093, Ineq Viol (l1): 0.024258, Epoch time: 0.20s
Epoch 393/1000, Loss: 8.3611, Obj: 21.2362, Eq Viol (l1): 2.561195, Ineq Viol (l1): 0.023949, Epoch time: 0.20s
Epoch 394/1000, Loss: 8.4100, Obj: 21.3773, Eq Viol (l1): 2.565271, Ineq Viol (l1): 0.025450, Epoch time: 0.20s
Epoch 395/1000, Loss: 8.3792, Obj: 21.2962, Eq Viol (l1): 2.563027, Ineq Viol (l1): 0.023675, Epoch time: 0.19s
Epoch 396/1000, Loss: 8.3996, Obj: 21.3284, Eq Viol (l1): 2.571366, Ineq Viol (l1): 0.023648, Epoch time: 0.19s
Epoch 397/1000, Loss: 8.4418, Obj: 21.5681, Eq Viol (l1): 2.572522, Ineq Viol (l1): 0.022204, Epoch time: 0.20s
Epoch 398/1000, Loss: 8.4429, Obj: 21.5677, Eq Viol (l1): 2.575230, Ineq Viol (l1): 0.025021, Epoch time: 0.20s
Epoch 399/1000, Loss: 8.4340, Obj: 21.4664, Eq Viol (l1): 2.569812, Ineq Viol (l1): 0.024534, Epoch time: 0.20s
Epoch 400/1000, Loss: 8.4160, Obj: 21.5245, Eq Viol (l1): 2.572970, Ineq Viol (l1): 0.022585, Epoch time: 0.20s
Epoch 401/1000, Loss: 8.3801, Obj: 21.2752, Eq Viol (l1): 2.566316, Ineq Viol (l1): 0.026427, Epoch time: 0.19s

Running validation at epoch 400...

VALIDATION_EPOCH_400 EVALUATION RESULTS:
==================================================
Obj:     2.156023e+01
Opt Gap:      3.824770e+01 ± 1.252812e+01
Eq Vio l1:   7.927544e-01 (max: 1.193207e+00)
Ineq Vio l1: 1.321221e-03 (max: 2.698440e-01)
Sol Dis:   1.986014e+02 ± 4.041689e-01
Merit:             2.950098e+01 ± 4.905199e-03
Avg Inf Time:  0.0002s
==================================================
✓ Model saved: results/nonsmooth_nonconvex/socp/SOCPProblem-100-50-50-10000/20260115-145229_MLP_sup_pen_seed0_nepochs1000_lr0.0001_trainsize7000_subopt_3_1.5/model_400.pt
Epoch 402/1000, Loss: 8.3534, Obj: 21.3180, Eq Viol (l1): 2.560794, Ineq Viol (l1): 0.021862, Epoch time: 0.20s
Epoch 403/1000, Loss: 8.3985, Obj: 21.4714, Eq Viol (l1): 2.562344, Ineq Viol (l1): 0.024910, Epoch time: 0.20s
Epoch 404/1000, Loss: 8.3457, Obj: 21.2297, Eq Viol (l1): 2.563275, Ineq Viol (l1): 0.026313, Epoch time: 0.20s
Epoch 405/1000, Loss: 8.3868, Obj: 21.3650, Eq Viol (l1): 2.565283, Ineq Viol (l1): 0.023776, Epoch time: 0.20s
Epoch 406/1000, Loss: 8.3828, Obj: 21.4405, Eq Viol (l1): 2.565006, Ineq Viol (l1): 0.021200, Epoch time: 0.19s
Epoch 407/1000, Loss: 8.3632, Obj: 21.2633, Eq Viol (l1): 2.561949, Ineq Viol (l1): 0.026047, Epoch time: 0.20s
Epoch 408/1000, Loss: 8.3684, Obj: 21.4095, Eq Viol (l1): 2.560537, Ineq Viol (l1): 0.020395, Epoch time: 0.20s
Epoch 409/1000, Loss: 8.3568, Obj: 21.3270, Eq Viol (l1): 2.557305, Ineq Viol (l1): 0.024656, Epoch time: 0.20s
Epoch 410/1000, Loss: 8.3538, Obj: 21.3667, Eq Viol (l1): 2.554287, Ineq Viol (l1): 0.023363, Epoch time: 0.20s
Epoch 411/1000, Loss: 8.3710, Obj: 21.4299, Eq Viol (l1): 2.556284, Ineq Viol (l1): 0.024082, Epoch time: 0.19s

Running validation at epoch 410...

VALIDATION_EPOCH_410 EVALUATION RESULTS:
==================================================
Obj:     2.145259e+01
Opt Gap:      3.785623e+01 ± 1.237554e+01
Eq Vio l1:   7.881431e-01 (max: 1.216781e+00)
Ineq Vio l1: 1.961008e-03 (max: 2.093871e-01)
Sol Dis:   1.980727e+02 ± 3.106954e-01
Merit:             2.935363e+01 ± 7.875083e-03
Avg Inf Time:  0.0002s
==================================================
✓ Model saved: results/nonsmooth_nonconvex/socp/SOCPProblem-100-50-50-10000/20260115-145229_MLP_sup_pen_seed0_nepochs1000_lr0.0001_trainsize7000_subopt_3_1.5/model_410.pt
Epoch 412/1000, Loss: 8.3311, Obj: 21.2601, Eq Viol (l1): 2.557048, Ineq Viol (l1): 0.024661, Epoch time: 0.20s
Epoch 413/1000, Loss: 8.3689, Obj: 21.3586, Eq Viol (l1): 2.557383, Ineq Viol (l1): 0.025787, Epoch time: 0.20s
Epoch 414/1000, Loss: 8.3544, Obj: 21.3929, Eq Viol (l1): 2.558878, Ineq Viol (l1): 0.023214, Epoch time: 0.20s
Epoch 415/1000, Loss: 8.3148, Obj: 21.1616, Eq Viol (l1): 2.553789, Ineq Viol (l1): 0.025174, Epoch time: 0.20s
Epoch 416/1000, Loss: 8.3333, Obj: 21.4006, Eq Viol (l1): 2.547703, Ineq Viol (l1): 0.020830, Epoch time: 0.19s
Epoch 417/1000, Loss: 8.2912, Obj: 21.1844, Eq Viol (l1): 2.544183, Ineq Viol (l1): 0.022782, Epoch time: 0.20s
Epoch 418/1000, Loss: 8.3882, Obj: 21.4498, Eq Viol (l1): 2.547249, Ineq Viol (l1): 0.029631, Epoch time: 0.20s
Epoch 419/1000, Loss: 8.4348, Obj: 21.8239, Eq Viol (l1): 2.563408, Ineq Viol (l1): 0.021005, Epoch time: 0.20s
Epoch 420/1000, Loss: 8.3847, Obj: 21.5005, Eq Viol (l1): 2.569309, Ineq Viol (l1): 0.021826, Epoch time: 0.19s
Epoch 421/1000, Loss: 8.3263, Obj: 21.2821, Eq Viol (l1): 2.550829, Ineq Viol (l1): 0.025330, Epoch time: 0.20s

Running validation at epoch 420...

VALIDATION_EPOCH_420 EVALUATION RESULTS:
==================================================
Obj:     2.155814e+01
Opt Gap:      3.866140e+01 ± 1.278081e+01
Eq Vio l1:   7.938928e-01 (max: 1.264999e+00)
Ineq Vio l1: 1.563376e-03 (max: 2.623649e-01)
Sol Dis:   1.984048e+02 ± 2.400455e-01
Merit:             2.951270e+01 ± 1.293305e-03
Avg Inf Time:  0.0003s
==================================================
✓ Model saved: results/nonsmooth_nonconvex/socp/SOCPProblem-100-50-50-10000/20260115-145229_MLP_sup_pen_seed0_nepochs1000_lr0.0001_trainsize7000_subopt_3_1.5/model_420.pt
Epoch 422/1000, Loss: 8.3366, Obj: 21.3818, Eq Viol (l1): 2.551547, Ineq Viol (l1): 0.022350, Epoch time: 0.20s
Epoch 423/1000, Loss: 8.3174, Obj: 21.2309, Eq Viol (l1): 2.557089, Ineq Viol (l1): 0.023966, Epoch time: 0.20s
Epoch 424/1000, Loss: 8.3556, Obj: 21.4056, Eq Viol (l1): 2.556654, Ineq Viol (l1): 0.024791, Epoch time: 0.20s
Epoch 425/1000, Loss: 8.3296, Obj: 21.3180, Eq Viol (l1): 2.555320, Ineq Viol (l1): 0.023594, Epoch time: 0.19s
Epoch 426/1000, Loss: 8.3277, Obj: 21.3149, Eq Viol (l1): 2.545365, Ineq Viol (l1): 0.024628, Epoch time: 0.20s
Epoch 427/1000, Loss: 8.3429, Obj: 21.4509, Eq Viol (l1): 2.558165, Ineq Viol (l1): 0.020740, Epoch time: 0.20s
Epoch 428/1000, Loss: 8.3086, Obj: 21.2485, Eq Viol (l1): 2.550435, Ineq Viol (l1): 0.025510, Epoch time: 0.20s
Epoch 429/1000, Loss: 8.4033, Obj: 21.6708, Eq Viol (l1): 2.558255, Ineq Viol (l1): 0.022248, Epoch time: 0.20s
Epoch 430/1000, Loss: 8.3225, Obj: 21.3496, Eq Viol (l1): 2.551563, Ineq Viol (l1): 0.025165, Epoch time: 0.19s
Epoch 431/1000, Loss: 8.2549, Obj: 21.1111, Eq Viol (l1): 2.539655, Ineq Viol (l1): 0.024597, Epoch time: 0.20s

Running validation at epoch 430...

VALIDATION_EPOCH_430 EVALUATION RESULTS:
==================================================
Obj:     2.112571e+01
Opt Gap:      3.762960e+01 ± 1.236600e+01
Eq Vio l1:   7.576071e-01 (max: 1.110728e+00)
Ineq Vio l1: 2.287965e-03 (max: 4.057335e-01)
Sol Dis:   1.965358e+02 ± 2.390308e-01
Merit:             2.872466e+01 ± 2.989835e-03
Avg Inf Time:  0.0002s
==================================================
✓ Model saved: results/nonsmooth_nonconvex/socp/SOCPProblem-100-50-50-10000/20260115-145229_MLP_sup_pen_seed0_nepochs1000_lr0.0001_trainsize7000_subopt_3_1.5/model_430.pt
Epoch 432/1000, Loss: 8.3530, Obj: 21.3753, Eq Viol (l1): 2.548681, Ineq Viol (l1): 0.025658, Epoch time: 0.20s
Epoch 433/1000, Loss: 8.4046, Obj: 21.8857, Eq Viol (l1): 2.555544, Ineq Viol (l1): 0.018953, Epoch time: 0.20s
Epoch 434/1000, Loss: 8.3487, Obj: 21.4544, Eq Viol (l1): 2.556171, Ineq Viol (l1): 0.025860, Epoch time: 0.19s
Epoch 435/1000, Loss: 8.3115, Obj: 21.4529, Eq Viol (l1): 2.541078, Ineq Viol (l1): 0.021635, Epoch time: 0.19s
Epoch 436/1000, Loss: 8.2819, Obj: 21.2710, Eq Viol (l1): 2.536560, Ineq Viol (l1): 0.027379, Epoch time: 0.20s
Epoch 437/1000, Loss: 8.3019, Obj: 21.3058, Eq Viol (l1): 2.546142, Ineq Viol (l1): 0.024646, Epoch time: 0.20s
Epoch 438/1000, Loss: 8.3227, Obj: 21.4017, Eq Viol (l1): 2.549445, Ineq Viol (l1): 0.024470, Epoch time: 0.20s
Epoch 439/1000, Loss: 8.3310, Obj: 21.4552, Eq Viol (l1): 2.547891, Ineq Viol (l1): 0.024391, Epoch time: 0.19s
Epoch 440/1000, Loss: 8.3639, Obj: 21.5240, Eq Viol (l1): 2.556194, Ineq Viol (l1): 0.025063, Epoch time: 0.19s
Epoch 441/1000, Loss: 8.3870, Obj: 21.8113, Eq Viol (l1): 2.556256, Ineq Viol (l1): 0.021482, Epoch time: 0.20s

Running validation at epoch 440...

VALIDATION_EPOCH_440 EVALUATION RESULTS:
==================================================
Obj:     2.141771e+01
Opt Gap:      3.825630e+01 ± 1.265277e+01
Eq Vio l1:   7.578942e-01 (max: 1.238921e+00)
Ineq Vio l1: 2.496714e-03 (max: 2.751636e-01)
Sol Dis:   1.974745e+02 ± 2.250060e-01
Merit:             2.902162e+01 ± 3.429243e-02
Avg Inf Time:  0.0003s
==================================================
✓ Model saved: results/nonsmooth_nonconvex/socp/SOCPProblem-100-50-50-10000/20260115-145229_MLP_sup_pen_seed0_nepochs1000_lr0.0001_trainsize7000_subopt_3_1.5/model_440.pt
Epoch 442/1000, Loss: 8.2896, Obj: 21.3079, Eq Viol (l1): 2.544171, Ineq Viol (l1): 0.024244, Epoch time: 0.20s
Epoch 443/1000, Loss: 8.3207, Obj: 21.4418, Eq Viol (l1): 2.548894, Ineq Viol (l1): 0.023230, Epoch time: 0.20s
Epoch 444/1000, Loss: 8.2739, Obj: 21.1756, Eq Viol (l1): 2.544422, Ineq Viol (l1): 0.025562, Epoch time: 0.19s
Epoch 445/1000, Loss: 8.2984, Obj: 21.3653, Eq Viol (l1): 2.549659, Ineq Viol (l1): 0.022566, Epoch time: 0.19s
Epoch 446/1000, Loss: 8.2407, Obj: 21.1842, Eq Viol (l1): 2.533818, Ineq Viol (l1): 0.024582, Epoch time: 0.20s
Epoch 447/1000, Loss: 8.2343, Obj: 21.1462, Eq Viol (l1): 2.534461, Ineq Viol (l1): 0.023912, Epoch time: 0.20s
Epoch 448/1000, Loss: 8.2982, Obj: 21.3642, Eq Viol (l1): 2.546243, Ineq Viol (l1): 0.023733, Epoch time: 0.20s
Epoch 449/1000, Loss: 8.3141, Obj: 21.4303, Eq Viol (l1): 2.550012, Ineq Viol (l1): 0.024005, Epoch time: 0.20s
Epoch 450/1000, Loss: 8.3150, Obj: 21.5079, Eq Viol (l1): 2.544808, Ineq Viol (l1): 0.024050, Epoch time: 0.19s
Epoch 451/1000, Loss: 8.2687, Obj: 21.3084, Eq Viol (l1): 2.533824, Ineq Viol (l1): 0.026715, Epoch time: 0.20s

Running validation at epoch 450...

VALIDATION_EPOCH_450 EVALUATION RESULTS:
==================================================
Obj:     2.135873e+01
Opt Gap:      3.797528e+01 ± 1.244650e+01
Eq Vio l1:   7.701051e-01 (max: 1.200495e+00)
Ineq Vio l1: 1.390771e-03 (max: 2.156869e-01)
Sol Dis:   1.972048e+02 ± 1.848329e-01
Merit:             2.907369e+01 ± 3.055597e-03
Avg Inf Time:  0.0002s
==================================================
✓ Model saved: results/nonsmooth_nonconvex/socp/SOCPProblem-100-50-50-10000/20260115-145229_MLP_sup_pen_seed0_nepochs1000_lr0.0001_trainsize7000_subopt_3_1.5/model_450.pt
Epoch 452/1000, Loss: 8.2528, Obj: 21.3256, Eq Viol (l1): 2.535865, Ineq Viol (l1): 0.021735, Epoch time: 0.20s
Epoch 453/1000, Loss: 8.2875, Obj: 21.3184, Eq Viol (l1): 2.541403, Ineq Viol (l1): 0.025177, Epoch time: 0.20s
Epoch 454/1000, Loss: 8.2997, Obj: 21.5095, Eq Viol (l1): 2.537579, Ineq Viol (l1): 0.023279, Epoch time: 0.19s
Epoch 455/1000, Loss: 8.2739, Obj: 21.3989, Eq Viol (l1): 2.534242, Ineq Viol (l1): 0.022965, Epoch time: 0.20s
Epoch 456/1000, Loss: 8.2768, Obj: 21.3292, Eq Viol (l1): 2.534763, Ineq Viol (l1): 0.025759, Epoch time: 0.29s
Epoch 457/1000, Loss: 8.2631, Obj: 21.4064, Eq Viol (l1): 2.536599, Ineq Viol (l1): 0.023023, Epoch time: 0.20s
Epoch 458/1000, Loss: 8.2393, Obj: 21.3200, Eq Viol (l1): 2.528886, Ineq Viol (l1): 0.022573, Epoch time: 0.19s
Epoch 459/1000, Loss: 8.2366, Obj: 21.3083, Eq Viol (l1): 2.525484, Ineq Viol (l1): 0.025150, Epoch time: 0.19s
Epoch 460/1000, Loss: 8.2329, Obj: 21.2768, Eq Viol (l1): 2.526552, Ineq Viol (l1): 0.024486, Epoch time: 0.20s
Epoch 461/1000, Loss: 8.2397, Obj: 21.3202, Eq Viol (l1): 2.526443, Ineq Viol (l1): 0.023631, Epoch time: 0.20s

Running validation at epoch 460...

VALIDATION_EPOCH_460 EVALUATION RESULTS:
==================================================
Obj:     2.131575e+01
Opt Gap:      3.764487e+01 ± 1.241584e+01
Eq Vio l1:   7.540343e-01 (max: 1.092215e+00)
Ineq Vio l1: 2.507519e-03 (max: 3.160221e-01)
Sol Dis:   1.968923e+02 ± 2.924042e-01
Merit:             2.888117e+01 ± 4.234878e-03
Avg Inf Time:  0.0002s
==================================================
✓ Model saved: results/nonsmooth_nonconvex/socp/SOCPProblem-100-50-50-10000/20260115-145229_MLP_sup_pen_seed0_nepochs1000_lr0.0001_trainsize7000_subopt_3_1.5/model_460.pt
Epoch 462/1000, Loss: 8.2592, Obj: 21.3853, Eq Viol (l1): 2.531435, Ineq Viol (l1): 0.023308, Epoch time: 0.20s
Epoch 463/1000, Loss: 8.2403, Obj: 21.2483, Eq Viol (l1): 2.533778, Ineq Viol (l1): 0.025601, Epoch time: 0.19s
Epoch 464/1000, Loss: 8.2496, Obj: 21.3106, Eq Viol (l1): 2.536402, Ineq Viol (l1): 0.022168, Epoch time: 0.19s
Epoch 465/1000, Loss: 8.2837, Obj: 21.3560, Eq Viol (l1): 2.541332, Ineq Viol (l1): 0.027088, Epoch time: 0.20s
Epoch 466/1000, Loss: 8.2680, Obj: 21.4653, Eq Viol (l1): 2.531801, Ineq Viol (l1): 0.022189, Epoch time: 0.20s
Epoch 467/1000, Loss: 8.2817, Obj: 21.5015, Eq Viol (l1): 2.531970, Ineq Viol (l1): 0.025754, Epoch time: 0.20s
Epoch 468/1000, Loss: 8.3215, Obj: 21.7502, Eq Viol (l1): 2.534486, Ineq Viol (l1): 0.022568, Epoch time: 0.19s
Epoch 469/1000, Loss: 8.2867, Obj: 21.4920, Eq Viol (l1): 2.536843, Ineq Viol (l1): 0.025954, Epoch time: 0.19s
Epoch 470/1000, Loss: 8.3300, Obj: 21.8046, Eq Viol (l1): 2.537100, Ineq Viol (l1): 0.024021, Epoch time: 0.20s
Epoch 471/1000, Loss: 8.2590, Obj: 21.4846, Eq Viol (l1): 2.530452, Ineq Viol (l1): 0.024327, Epoch time: 0.20s

Running validation at epoch 470...

VALIDATION_EPOCH_470 EVALUATION RESULTS:
==================================================
Obj:     2.142288e+01
Opt Gap:      3.778853e+01 ± 1.227623e+01
Eq Vio l1:   7.647851e-01 (max: 1.189304e+00)
Ineq Vio l1: 2.421885e-03 (max: 2.558261e-01)
Sol Dis:   1.970087e+02 ± 2.642613e-01
Merit:             2.909495e+01 ± 5.079319e-04
Avg Inf Time:  0.0002s
==================================================
✓ Model saved: results/nonsmooth_nonconvex/socp/SOCPProblem-100-50-50-10000/20260115-145229_MLP_sup_pen_seed0_nepochs1000_lr0.0001_trainsize7000_subopt_3_1.5/model_470.pt
Epoch 472/1000, Loss: 8.2403, Obj: 21.3801, Eq Viol (l1): 2.533050, Ineq Viol (l1): 0.023592, Epoch time: 0.20s
Epoch 473/1000, Loss: 8.2562, Obj: 21.4643, Eq Viol (l1): 2.529884, Ineq Viol (l1): 0.025458, Epoch time: 0.20s
Epoch 474/1000, Loss: 8.2641, Obj: 21.4259, Eq Viol (l1): 2.538113, Ineq Viol (l1): 0.024586, Epoch time: 0.20s
Epoch 475/1000, Loss: 8.2595, Obj: 21.4772, Eq Viol (l1): 2.533450, Ineq Viol (l1): 0.023978, Epoch time: 0.20s
Epoch 476/1000, Loss: 8.2883, Obj: 21.5859, Eq Viol (l1): 2.530481, Ineq Viol (l1): 0.024185, Epoch time: 0.20s
Epoch 477/1000, Loss: 8.2575, Obj: 21.4997, Eq Viol (l1): 2.531815, Ineq Viol (l1): 0.025440, Epoch time: 0.20s
Epoch 478/1000, Loss: 8.2117, Obj: 21.3094, Eq Viol (l1): 2.527246, Ineq Viol (l1): 0.023446, Epoch time: 0.20s
Epoch 479/1000, Loss: 8.2907, Obj: 21.6699, Eq Viol (l1): 2.529565, Ineq Viol (l1): 0.023083, Epoch time: 0.20s
Epoch 480/1000, Loss: 8.2800, Obj: 21.5658, Eq Viol (l1): 2.534037, Ineq Viol (l1): 0.025136, Epoch time: 0.20s
Epoch 481/1000, Loss: 8.2569, Obj: 21.5556, Eq Viol (l1): 2.527171, Ineq Viol (l1): 0.023814, Epoch time: 0.20s

Running validation at epoch 480...

VALIDATION_EPOCH_480 EVALUATION RESULTS:
==================================================
Obj:     2.164520e+01
Opt Gap:      3.840236e+01 ± 1.256351e+01
Eq Vio l1:   8.087778e-01 (max: 1.201938e+00)
Ineq Vio l1: 2.784711e-03 (max: 4.253518e-01)
Sol Dis:   1.977711e+02 ± 2.363152e-01
Merit:             2.976083e+01 ± 5.013663e-03
Avg Inf Time:  0.0002s
==================================================
✓ Model saved: results/nonsmooth_nonconvex/socp/SOCPProblem-100-50-50-10000/20260115-145229_MLP_sup_pen_seed0_nepochs1000_lr0.0001_trainsize7000_subopt_3_1.5/model_480.pt
Epoch 482/1000, Loss: 8.2207, Obj: 21.4160, Eq Viol (l1): 2.522834, Ineq Viol (l1): 0.026143, Epoch time: 0.20s
Epoch 483/1000, Loss: 8.2303, Obj: 21.3858, Eq Viol (l1): 2.528344, Ineq Viol (l1): 0.024296, Epoch time: 0.19s
Epoch 484/1000, Loss: 8.2155, Obj: 21.3591, Eq Viol (l1): 2.522350, Ineq Viol (l1): 0.024171, Epoch time: 0.20s
Epoch 485/1000, Loss: 8.2633, Obj: 21.6372, Eq Viol (l1): 2.530322, Ineq Viol (l1): 0.021775, Epoch time: 0.20s
Epoch 486/1000, Loss: 8.2318, Obj: 21.4204, Eq Viol (l1): 2.528904, Ineq Viol (l1): 0.026227, Epoch time: 0.20s
Epoch 487/1000, Loss: 8.2580, Obj: 21.6194, Eq Viol (l1): 2.523730, Ineq Viol (l1): 0.021489, Epoch time: 0.19s
Epoch 488/1000, Loss: 8.2421, Obj: 21.5037, Eq Viol (l1): 2.521135, Ineq Viol (l1): 0.025771, Epoch time: 0.19s
Epoch 489/1000, Loss: 8.2434, Obj: 21.4831, Eq Viol (l1): 2.532947, Ineq Viol (l1): 0.026631, Epoch time: 0.20s
Epoch 490/1000, Loss: 8.2363, Obj: 21.5420, Eq Viol (l1): 2.528249, Ineq Viol (l1): 0.020290, Epoch time: 0.20s
Epoch 491/1000, Loss: 8.2288, Obj: 21.3103, Eq Viol (l1): 2.526081, Ineq Viol (l1): 0.030185, Epoch time: 0.29s

Running validation at epoch 490...

VALIDATION_EPOCH_490 EVALUATION RESULTS:
==================================================
Obj:     2.151027e+01
Opt Gap:      3.810547e+01 ± 1.248649e+01
Eq Vio l1:   7.654879e-01 (max: 1.168091e+00)
Ineq Vio l1: 1.610839e-03 (max: 2.534588e-01)
Sol Dis:   1.969727e+02 ± 3.323223e-01
Merit:             2.918126e+01 ± 1.459989e-02
Avg Inf Time:  0.0002s
==================================================
✓ Model saved: results/nonsmooth_nonconvex/socp/SOCPProblem-100-50-50-10000/20260115-145229_MLP_sup_pen_seed0_nepochs1000_lr0.0001_trainsize7000_subopt_3_1.5/model_490.pt
Epoch 492/1000, Loss: 8.2391, Obj: 21.6463, Eq Viol (l1): 2.518100, Ineq Viol (l1): 0.020533, Epoch time: 0.20s
Epoch 493/1000, Loss: 8.2272, Obj: 21.3491, Eq Viol (l1): 2.527883, Ineq Viol (l1): 0.030476, Epoch time: 0.20s
Epoch 494/1000, Loss: 8.2623, Obj: 21.7832, Eq Viol (l1): 2.527879, Ineq Viol (l1): 0.018857, Epoch time: 0.20s
Epoch 495/1000, Loss: 8.2356, Obj: 21.4801, Eq Viol (l1): 2.535616, Ineq Viol (l1): 0.024936, Epoch time: 0.20s
Epoch 496/1000, Loss: 8.2359, Obj: 21.5326, Eq Viol (l1): 2.531217, Ineq Viol (l1): 0.024049, Epoch time: 0.20s
Epoch 497/1000, Loss: 8.2388, Obj: 21.4884, Eq Viol (l1): 2.530379, Ineq Viol (l1): 0.025161, Epoch time: 0.20s
Epoch 498/1000, Loss: 8.2204, Obj: 21.4360, Eq Viol (l1): 2.523186, Ineq Viol (l1): 0.029069, Epoch time: 0.20s
Epoch 499/1000, Loss: 8.1955, Obj: 21.4703, Eq Viol (l1): 2.513569, Ineq Viol (l1): 0.021723, Epoch time: 0.20s
Epoch 500/1000, Loss: 8.2147, Obj: 21.4987, Eq Viol (l1): 2.517640, Ineq Viol (l1): 0.025328, Epoch time: 0.20s
Epoch 501/1000, Loss: 8.2138, Obj: 21.4800, Eq Viol (l1): 2.522451, Ineq Viol (l1): 0.025003, Epoch time: 0.20s

Running validation at epoch 500...

VALIDATION_EPOCH_500 EVALUATION RESULTS:
==================================================
Obj:     2.157866e+01
Opt Gap:      3.848501e+01 ± 1.272650e+01
Eq Vio l1:   7.772584e-01 (max: 1.193163e+00)
Ineq Vio l1: 2.358286e-03 (max: 3.522429e-01)
Sol Dis:   1.970287e+02 ± 1.651502e-01
Merit:             2.937482e+01 ± 5.040604e-02
Avg Inf Time:  0.0002s
==================================================
✓ Model saved: results/nonsmooth_nonconvex/socp/SOCPProblem-100-50-50-10000/20260115-145229_MLP_sup_pen_seed0_nepochs1000_lr0.0001_trainsize7000_subopt_3_1.5/model_500.pt
Epoch 502/1000, Loss: 8.2169, Obj: 21.5054, Eq Viol (l1): 2.524419, Ineq Viol (l1): 0.023432, Epoch time: 0.19s
Epoch 503/1000, Loss: 8.2220, Obj: 21.5867, Eq Viol (l1): 2.528183, Ineq Viol (l1): 0.021560, Epoch time: 0.20s
Epoch 504/1000, Loss: 8.1868, Obj: 21.4078, Eq Viol (l1): 2.519610, Ineq Viol (l1): 0.025334, Epoch time: 0.20s
Epoch 505/1000, Loss: 8.1763, Obj: 21.3859, Eq Viol (l1): 2.515110, Ineq Viol (l1): 0.025434, Epoch time: 0.20s
Epoch 506/1000, Loss: 8.2100, Obj: 21.5232, Eq Viol (l1): 2.519619, Ineq Viol (l1): 0.026328, Epoch time: 0.20s
Epoch 507/1000, Loss: 8.2424, Obj: 21.6425, Eq Viol (l1): 2.523781, Ineq Viol (l1): 0.023185, Epoch time: 0.20s
Epoch 508/1000, Loss: 8.1807, Obj: 21.4605, Eq Viol (l1): 2.516032, Ineq Viol (l1): 0.024598, Epoch time: 0.20s
Epoch 509/1000, Loss: 8.2293, Obj: 21.5407, Eq Viol (l1): 2.527359, Ineq Viol (l1): 0.025504, Epoch time: 0.20s
Epoch 510/1000, Loss: 8.1916, Obj: 21.5380, Eq Viol (l1): 2.520452, Ineq Viol (l1): 0.022185, Epoch time: 0.20s
Epoch 511/1000, Loss: 8.2103, Obj: 21.5825, Eq Viol (l1): 2.520656, Ineq Viol (l1): 0.024996, Epoch time: 0.20s

Running validation at epoch 510...

VALIDATION_EPOCH_510 EVALUATION RESULTS:
==================================================
Obj:     2.161215e+01
Opt Gap:      3.872641e+01 ± 1.270860e+01
Eq Vio l1:   8.047897e-01 (max: 1.210606e+00)
Ineq Vio l1: 2.171637e-03 (max: 3.474176e-01)
Sol Dis:   1.968629e+02 ± 3.020381e-01
Merit:             2.968177e+01 ± 2.114027e-02
Avg Inf Time:  0.0002s
==================================================
✓ Model saved: results/nonsmooth_nonconvex/socp/SOCPProblem-100-50-50-10000/20260115-145229_MLP_sup_pen_seed0_nepochs1000_lr0.0001_trainsize7000_subopt_3_1.5/model_510.pt
Epoch 512/1000, Loss: 8.2090, Obj: 21.4703, Eq Viol (l1): 2.524046, Ineq Viol (l1): 0.026951, Epoch time: 0.20s
Epoch 513/1000, Loss: 8.2204, Obj: 21.6892, Eq Viol (l1): 2.523656, Ineq Viol (l1): 0.023070, Epoch time: 0.20s
Epoch 514/1000, Loss: 8.1793, Obj: 21.4424, Eq Viol (l1): 2.520711, Ineq Viol (l1): 0.026051, Epoch time: 0.20s
Epoch 515/1000, Loss: 8.1604, Obj: 21.4001, Eq Viol (l1): 2.511046, Ineq Viol (l1): 0.026177, Epoch time: 0.20s
Epoch 516/1000, Loss: 8.2010, Obj: 21.6793, Eq Viol (l1): 2.514231, Ineq Viol (l1): 0.021190, Epoch time: 0.20s
Epoch 517/1000, Loss: 8.1590, Obj: 21.3936, Eq Viol (l1): 2.517053, Ineq Viol (l1): 0.025922, Epoch time: 0.19s
Epoch 518/1000, Loss: 8.1588, Obj: 21.4555, Eq Viol (l1): 2.505775, Ineq Viol (l1): 0.025745, Epoch time: 0.20s
Epoch 519/1000, Loss: 8.2125, Obj: 21.6055, Eq Viol (l1): 2.520679, Ineq Viol (l1): 0.025498, Epoch time: 0.20s
Epoch 520/1000, Loss: 8.2339, Obj: 21.7980, Eq Viol (l1): 2.526532, Ineq Viol (l1): 0.022625, Epoch time: 0.20s
Epoch 521/1000, Loss: 8.1829, Obj: 21.5924, Eq Viol (l1): 2.510215, Ineq Viol (l1): 0.025635, Epoch time: 0.20s

Running validation at epoch 520...

VALIDATION_EPOCH_520 EVALUATION RESULTS:
==================================================
Obj:     2.167314e+01
Opt Gap:      3.871905e+01 ± 1.282176e+01
Eq Vio l1:   7.444677e-01 (max: 1.106023e+00)
Ineq Vio l1: 2.830122e-03 (max: 4.065847e-01)
Sol Dis:   1.968339e+02 ± 2.537151e-01
Merit:             2.914612e+01 ± 1.092261e-02
Avg Inf Time:  0.0002s
==================================================
✓ Model saved: results/nonsmooth_nonconvex/socp/SOCPProblem-100-50-50-10000/20260115-145229_MLP_sup_pen_seed0_nepochs1000_lr0.0001_trainsize7000_subopt_3_1.5/model_520.pt
Epoch 522/1000, Loss: 8.2234, Obj: 21.7862, Eq Viol (l1): 2.510270, Ineq Viol (l1): 0.024526, Epoch time: 0.20s
Epoch 523/1000, Loss: 8.2103, Obj: 21.8005, Eq Viol (l1): 2.514049, Ineq Viol (l1): 0.023259, Epoch time: 0.20s
Epoch 524/1000, Loss: 8.1780, Obj: 21.6118, Eq Viol (l1): 2.512817, Ineq Viol (l1): 0.025227, Epoch time: 0.20s
Epoch 525/1000, Loss: 8.2024, Obj: 21.6507, Eq Viol (l1): 2.520825, Ineq Viol (l1): 0.025925, Epoch time: 0.20s
Epoch 526/1000, Loss: 8.2125, Obj: 21.7152, Eq Viol (l1): 2.519019, Ineq Viol (l1): 0.026104, Epoch time: 0.19s
Epoch 527/1000, Loss: 8.1654, Obj: 21.6255, Eq Viol (l1): 2.510622, Ineq Viol (l1): 0.021631, Epoch time: 0.30s
Epoch 528/1000, Loss: 8.1525, Obj: 21.5253, Eq Viol (l1): 2.508981, Ineq Viol (l1): 0.026605, Epoch time: 0.20s
Epoch 529/1000, Loss: 8.1839, Obj: 21.6412, Eq Viol (l1): 2.520103, Ineq Viol (l1): 0.023032, Epoch time: 0.20s
Epoch 530/1000, Loss: 8.1663, Obj: 21.5883, Eq Viol (l1): 2.507733, Ineq Viol (l1): 0.024791, Epoch time: 0.20s
Epoch 531/1000, Loss: 8.1634, Obj: 21.5577, Eq Viol (l1): 2.510654, Ineq Viol (l1): 0.026641, Epoch time: 0.20s

Running validation at epoch 530...

VALIDATION_EPOCH_530 EVALUATION RESULTS:
==================================================
Obj:     2.156672e+01
Opt Gap:      3.810973e+01 ± 1.241304e+01
Eq Vio l1:   7.854530e-01 (max: 1.191627e+00)
Ineq Vio l1: 3.412422e-03 (max: 4.126753e-01)
Sol Dis:   1.960379e+02 ± 3.181961e-01
Merit:             2.945537e+01 ± 1.685717e-02
Avg Inf Time:  0.0002s
==================================================
✓ Model saved: results/nonsmooth_nonconvex/socp/SOCPProblem-100-50-50-10000/20260115-145229_MLP_sup_pen_seed0_nepochs1000_lr0.0001_trainsize7000_subopt_3_1.5/model_530.pt
Epoch 532/1000, Loss: 8.1742, Obj: 21.6426, Eq Viol (l1): 2.515911, Ineq Viol (l1): 0.023902, Epoch time: 0.20s
Epoch 533/1000, Loss: 8.1507, Obj: 21.5872, Eq Viol (l1): 2.510385, Ineq Viol (l1): 0.024410, Epoch time: 0.20s
Epoch 534/1000, Loss: 8.1475, Obj: 21.5141, Eq Viol (l1): 2.509633, Ineq Viol (l1): 0.025905, Epoch time: 0.20s
Epoch 535/1000, Loss: 8.2058, Obj: 21.7429, Eq Viol (l1): 2.518680, Ineq Viol (l1): 0.025069, Epoch time: 0.20s
Epoch 536/1000, Loss: 8.2125, Obj: 21.7962, Eq Viol (l1): 2.517613, Ineq Viol (l1): 0.025456, Epoch time: 0.20s
Epoch 537/1000, Loss: 8.1977, Obj: 21.8377, Eq Viol (l1): 2.515823, Ineq Viol (l1): 0.025272, Epoch time: 0.20s
Epoch 538/1000, Loss: 8.1467, Obj: 21.5809, Eq Viol (l1): 2.511653, Ineq Viol (l1): 0.026634, Epoch time: 0.20s
Epoch 539/1000, Loss: 8.1456, Obj: 21.6402, Eq Viol (l1): 2.507540, Ineq Viol (l1): 0.023333, Epoch time: 0.20s
Epoch 540/1000, Loss: 8.1140, Obj: 21.4881, Eq Viol (l1): 2.502474, Ineq Viol (l1): 0.025589, Epoch time: 0.19s
Epoch 541/1000, Loss: 8.2191, Obj: 21.9284, Eq Viol (l1): 2.514162, Ineq Viol (l1): 0.023203, Epoch time: 0.19s

Running validation at epoch 540...

VALIDATION_EPOCH_540 EVALUATION RESULTS:
==================================================
Obj:     2.195416e+01
Opt Gap:      3.926911e+01 ± 1.309894e+01
Eq Vio l1:   7.738622e-01 (max: 1.325965e+00)
Ineq Vio l1: 3.105938e-03 (max: 3.811025e-01)
Sol Dis:   1.973075e+02 ± 1.793480e-01
Merit:             2.972384e+01 ± 5.035125e-02
Avg Inf Time:  0.0002s
==================================================
✓ Model saved: results/nonsmooth_nonconvex/socp/SOCPProblem-100-50-50-10000/20260115-145229_MLP_sup_pen_seed0_nepochs1000_lr0.0001_trainsize7000_subopt_3_1.5/model_540.pt
Epoch 542/1000, Loss: 8.1645, Obj: 21.6770, Eq Viol (l1): 2.515596, Ineq Viol (l1): 0.026903, Epoch time: 0.20s
Epoch 543/1000, Loss: 8.1607, Obj: 21.7615, Eq Viol (l1): 2.508311, Ineq Viol (l1): 0.024200, Epoch time: 0.20s
Epoch 544/1000, Loss: 8.1696, Obj: 21.7807, Eq Viol (l1): 2.514964, Ineq Viol (l1): 0.022608, Epoch time: 0.20s
Epoch 545/1000, Loss: 8.1436, Obj: 21.5484, Eq Viol (l1): 2.516781, Ineq Viol (l1): 0.028967, Epoch time: 0.19s
Epoch 546/1000, Loss: 8.2191, Obj: 21.9709, Eq Viol (l1): 2.514596, Ineq Viol (l1): 0.021895, Epoch time: 0.20s
Epoch 547/1000, Loss: 8.1559, Obj: 21.6306, Eq Viol (l1): 2.512352, Ineq Viol (l1): 0.027982, Epoch time: 0.20s
Epoch 548/1000, Loss: 8.1516, Obj: 21.8054, Eq Viol (l1): 2.505883, Ineq Viol (l1): 0.021489, Epoch time: 0.20s
Epoch 549/1000, Loss: 8.1267, Obj: 21.5861, Eq Viol (l1): 2.508646, Ineq Viol (l1): 0.029164, Epoch time: 0.19s
Epoch 550/1000, Loss: 8.1349, Obj: 21.7146, Eq Viol (l1): 2.509006, Ineq Viol (l1): 0.022661, Epoch time: 0.19s
Epoch 551/1000, Loss: 8.1534, Obj: 21.6521, Eq Viol (l1): 2.508548, Ineq Viol (l1): 0.028054, Epoch time: 0.20s

Running validation at epoch 550...

VALIDATION_EPOCH_550 EVALUATION RESULTS:
==================================================
Obj:     2.190430e+01
Opt Gap:      3.899815e+01 ± 1.292270e+01
Eq Vio l1:   7.904942e-01 (max: 1.211903e+00)
Ineq Vio l1: 3.253320e-03 (max: 6.682661e-01)
Sol Dis:   1.966573e+02 ± 3.972385e-01
Merit:             2.984177e+01 ± 5.167218e-02
Avg Inf Time:  0.0002s
==================================================
✓ Model saved: results/nonsmooth_nonconvex/socp/SOCPProblem-100-50-50-10000/20260115-145229_MLP_sup_pen_seed0_nepochs1000_lr0.0001_trainsize7000_subopt_3_1.5/model_550.pt
Epoch 552/1000, Loss: 8.1536, Obj: 21.8338, Eq Viol (l1): 2.509358, Ineq Viol (l1): 0.022384, Epoch time: 0.20s
Epoch 553/1000, Loss: 8.1280, Obj: 21.6500, Eq Viol (l1): 2.509543, Ineq Viol (l1): 0.026728, Epoch time: 0.20s
Epoch 554/1000, Loss: 8.1622, Obj: 21.7713, Eq Viol (l1): 2.507573, Ineq Viol (l1): 0.025866, Epoch time: 0.19s
Epoch 555/1000, Loss: 8.1600, Obj: 21.8244, Eq Viol (l1): 2.517602, Ineq Viol (l1): 0.024392, Epoch time: 0.19s
Epoch 556/1000, Loss: 8.1407, Obj: 21.7841, Eq Viol (l1): 2.503603, Ineq Viol (l1): 0.025867, Epoch time: 0.20s
Epoch 557/1000, Loss: 8.1078, Obj: 21.7097, Eq Viol (l1): 2.499065, Ineq Viol (l1): 0.026236, Epoch time: 0.20s
Epoch 558/1000, Loss: 8.1212, Obj: 21.7522, Eq Viol (l1): 2.509582, Ineq Viol (l1): 0.022849, Epoch time: 0.20s
Epoch 559/1000, Loss: 8.1232, Obj: 21.7605, Eq Viol (l1): 2.503123, Ineq Viol (l1): 0.026939, Epoch time: 0.19s
Epoch 560/1000, Loss: 8.1427, Obj: 21.8041, Eq Viol (l1): 2.509117, Ineq Viol (l1): 0.024594, Epoch time: 0.19s
Epoch 561/1000, Loss: 8.1476, Obj: 21.8757, Eq Viol (l1): 2.509664, Ineq Viol (l1): 0.025292, Epoch time: 0.20s

Running validation at epoch 560...

VALIDATION_EPOCH_560 EVALUATION RESULTS:
==================================================
Obj:     2.199239e+01
Opt Gap:      3.906440e+01 ± 1.282879e+01
Eq Vio l1:   7.572794e-01 (max: 1.152194e+00)
Ineq Vio l1: 3.484488e-03 (max: 4.285739e-01)
Sol Dis:   1.965922e+02 ± 2.724317e-01
Merit:             2.960002e+01 ± 5.294857e-02
Avg Inf Time:  0.0003s
==================================================
✓ Model saved: results/nonsmooth_nonconvex/socp/SOCPProblem-100-50-50-10000/20260115-145229_MLP_sup_pen_seed0_nepochs1000_lr0.0001_trainsize7000_subopt_3_1.5/model_560.pt
Epoch 562/1000, Loss: 8.1455, Obj: 21.7971, Eq Viol (l1): 2.511641, Ineq Viol (l1): 0.026059, Epoch time: 0.20s
Epoch 563/1000, Loss: 8.1309, Obj: 21.8306, Eq Viol (l1): 2.504542, Ineq Viol (l1): 0.025178, Epoch time: 0.20s
Epoch 564/1000, Loss: 8.1450, Obj: 21.8559, Eq Viol (l1): 2.508809, Ineq Viol (l1): 0.024204, Epoch time: 0.20s
Epoch 565/1000, Loss: 8.1598, Obj: 21.9623, Eq Viol (l1): 2.518256, Ineq Viol (l1): 0.025581, Epoch time: 0.20s
Epoch 566/1000, Loss: 8.1137, Obj: 21.7413, Eq Viol (l1): 2.510188, Ineq Viol (l1): 0.025351, Epoch time: 0.20s
Epoch 567/1000, Loss: 8.1095, Obj: 21.7718, Eq Viol (l1): 2.503181, Ineq Viol (l1): 0.026725, Epoch time: 0.20s
Epoch 568/1000, Loss: 8.1657, Obj: 21.8700, Eq Viol (l1): 2.507867, Ineq Viol (l1): 0.031538, Epoch time: 0.20s
Epoch 569/1000, Loss: 8.1779, Obj: 22.1443, Eq Viol (l1): 2.517879, Ineq Viol (l1): 0.018804, Epoch time: 0.19s
Epoch 570/1000, Loss: 8.1390, Obj: 21.8984, Eq Viol (l1): 2.507871, Ineq Viol (l1): 0.027735, Epoch time: 0.20s
Epoch 571/1000, Loss: 8.0961, Obj: 21.8510, Eq Viol (l1): 2.499045, Ineq Viol (l1): 0.025587, Epoch time: 0.20s

Running validation at epoch 570...

VALIDATION_EPOCH_570 EVALUATION RESULTS:
==================================================
Obj:     2.185743e+01
Opt Gap:      3.903978e+01 ± 1.289036e+01
Eq Vio l1:   7.793689e-01 (max: 1.148454e+00)
Ineq Vio l1: 2.850380e-03 (max: 4.714543e-01)
Sol Dis:   1.954888e+02 ± 2.010248e-01
Merit:             2.967962e+01 ± 3.119735e-03
Avg Inf Time:  0.0002s
==================================================
✓ Model saved: results/nonsmooth_nonconvex/socp/SOCPProblem-100-50-50-10000/20260115-145229_MLP_sup_pen_seed0_nepochs1000_lr0.0001_trainsize7000_subopt_3_1.5/model_570.pt
Epoch 572/1000, Loss: 8.1491, Obj: 22.0303, Eq Viol (l1): 2.510870, Ineq Viol (l1): 0.022451, Epoch time: 0.20s
Epoch 573/1000, Loss: 8.1144, Obj: 21.8211, Eq Viol (l1): 2.512670, Ineq Viol (l1): 0.027184, Epoch time: 0.20s
Epoch 574/1000, Loss: 8.1194, Obj: 21.9523, Eq Viol (l1): 2.503568, Ineq Viol (l1): 0.025424, Epoch time: 0.20s
Epoch 575/1000, Loss: 8.1160, Obj: 21.9329, Eq Viol (l1): 2.500238, Ineq Viol (l1): 0.024874, Epoch time: 0.20s
Epoch 576/1000, Loss: 8.1394, Obj: 21.9468, Eq Viol (l1): 2.509265, Ineq Viol (l1): 0.027677, Epoch time: 0.20s
Epoch 577/1000, Loss: 8.1023, Obj: 21.9619, Eq Viol (l1): 2.500592, Ineq Viol (l1): 0.023842, Epoch time: 0.20s
Epoch 578/1000, Loss: 8.1111, Obj: 21.9609, Eq Viol (l1): 2.502352, Ineq Viol (l1): 0.025992, Epoch time: 0.20s
Epoch 579/1000, Loss: 8.1401, Obj: 22.0273, Eq Viol (l1): 2.508591, Ineq Viol (l1): 0.027006, Epoch time: 0.19s
Epoch 580/1000, Loss: 8.1334, Obj: 22.0604, Eq Viol (l1): 2.504555, Ineq Viol (l1): 0.026448, Epoch time: 0.20s
Epoch 581/1000, Loss: 8.1207, Obj: 21.9931, Eq Viol (l1): 2.511810, Ineq Viol (l1): 0.026108, Epoch time: 0.20s

Running validation at epoch 580...

VALIDATION_EPOCH_580 EVALUATION RESULTS:
==================================================
Obj:     2.201221e+01
Opt Gap:      3.881674e+01 ± 1.249824e+01
Eq Vio l1:   7.850714e-01 (max: 1.196421e+00)
Ineq Vio l1: 4.383680e-03 (max: 6.121225e-01)
Sol Dis:   1.956114e+02 ± 1.182992e-01
Merit:             2.990676e+01 ± 8.140827e-03
Avg Inf Time:  0.0002s
==================================================
✓ Model saved: results/nonsmooth_nonconvex/socp/SOCPProblem-100-50-50-10000/20260115-145229_MLP_sup_pen_seed0_nepochs1000_lr0.0001_trainsize7000_subopt_3_1.5/model_580.pt
Epoch 582/1000, Loss: 8.1094, Obj: 22.0447, Eq Viol (l1): 2.497930, Ineq Viol (l1): 0.024768, Epoch time: 0.20s
Epoch 583/1000, Loss: 8.0861, Obj: 21.9606, Eq Viol (l1): 2.503532, Ineq Viol (l1): 0.025452, Epoch time: 0.19s
Epoch 584/1000, Loss: 8.1406, Obj: 22.1599, Eq Viol (l1): 2.508219, Ineq Viol (l1): 0.025204, Epoch time: 0.19s
Epoch 585/1000, Loss: 8.1040, Obj: 22.0224, Eq Viol (l1): 2.505995, Ineq Viol (l1): 0.026230, Epoch time: 0.20s
Epoch 586/1000, Loss: 8.1088, Obj: 22.0811, Eq Viol (l1): 2.507792, Ineq Viol (l1): 0.024749, Epoch time: 0.20s
Epoch 587/1000, Loss: 8.0686, Obj: 21.9974, Eq Viol (l1): 2.491907, Ineq Viol (l1): 0.025582, Epoch time: 0.20s
Epoch 588/1000, Loss: 8.0715, Obj: 22.0257, Eq Viol (l1): 2.493163, Ineq Viol (l1): 0.025555, Epoch time: 0.20s
Epoch 589/1000, Loss: 8.1000, Obj: 22.1237, Eq Viol (l1): 2.508028, Ineq Viol (l1): 0.023225, Epoch time: 0.20s
Epoch 590/1000, Loss: 8.0834, Obj: 21.9567, Eq Viol (l1): 2.500900, Ineq Viol (l1): 0.030050, Epoch time: 0.20s
Epoch 591/1000, Loss: 8.1076, Obj: 22.2170, Eq Viol (l1): 2.500512, Ineq Viol (l1): 0.023662, Epoch time: 0.20s

Running validation at epoch 590...

VALIDATION_EPOCH_590 EVALUATION RESULTS:
==================================================
Obj:     2.202491e+01
Opt Gap:      3.913968e+01 ± 1.284438e+01
Eq Vio l1:   7.288989e-01 (max: 1.102458e+00)
Ineq Vio l1: 3.874795e-03 (max: 4.784741e-01)
Sol Dis:   1.949067e+02 ± 2.723749e-01
Merit:             2.935264e+01 ± 9.878818e-03
Avg Inf Time:  0.0002s
==================================================
✓ Model saved: results/nonsmooth_nonconvex/socp/SOCPProblem-100-50-50-10000/20260115-145229_MLP_sup_pen_seed0_nepochs1000_lr0.0001_trainsize7000_subopt_3_1.5/model_590.pt
Epoch 592/1000, Loss: 8.0729, Obj: 22.0874, Eq Viol (l1): 2.495329, Ineq Viol (l1): 0.025551, Epoch time: 0.20s
Epoch 593/1000, Loss: 8.1094, Obj: 22.0353, Eq Viol (l1): 2.512827, Ineq Viol (l1): 0.029514, Epoch time: 0.19s
Epoch 594/1000, Loss: 8.1380, Obj: 22.3698, Eq Viol (l1): 2.511356, Ineq Viol (l1): 0.023608, Epoch time: 0.20s
Epoch 595/1000, Loss: 8.0786, Obj: 22.1118, Eq Viol (l1): 2.504201, Ineq Viol (l1): 0.026268, Epoch time: 0.20s
Epoch 596/1000, Loss: 8.1277, Obj: 22.2278, Eq Viol (l1): 2.508183, Ineq Viol (l1): 0.030328, Epoch time: 0.29s
Epoch 597/1000, Loss: 8.1399, Obj: 22.5019, Eq Viol (l1): 2.511481, Ineq Viol (l1): 0.021785, Epoch time: 0.20s
Epoch 598/1000, Loss: 8.0633, Obj: 22.0360, Eq Viol (l1): 2.506754, Ineq Viol (l1): 0.027374, Epoch time: 0.19s
Epoch 599/1000, Loss: 8.1069, Obj: 22.2923, Eq Viol (l1): 2.504117, Ineq Viol (l1): 0.023896, Epoch time: 0.20s
Epoch 600/1000, Loss: 8.0778, Obj: 22.1805, Eq Viol (l1): 2.501621, Ineq Viol (l1): 0.028046, Epoch time: 0.20s
Epoch 601/1000, Loss: 8.0421, Obj: 22.0973, Eq Viol (l1): 2.497347, Ineq Viol (l1): 0.026963, Epoch time: 0.20s

Running validation at epoch 600...

VALIDATION_EPOCH_600 EVALUATION RESULTS:
==================================================
Obj:     2.221706e+01
Opt Gap:      3.938972e+01 ± 1.294477e+01
Eq Vio l1:   7.515538e-01 (max: 1.144556e+00)
Ineq Vio l1: 4.132860e-03 (max: 3.534757e-01)
Sol Dis:   1.949572e+02 ± 2.319010e-01
Merit:             2.977393e+01 ± 3.517860e-02
Avg Inf Time:  0.0002s
==================================================
✓ Model saved: results/nonsmooth_nonconvex/socp/SOCPProblem-100-50-50-10000/20260115-145229_MLP_sup_pen_seed0_nepochs1000_lr0.0001_trainsize7000_subopt_3_1.5/model_600.pt
Epoch 602/1000, Loss: 8.0559, Obj: 22.2184, Eq Viol (l1): 2.495007, Ineq Viol (l1): 0.025027, Epoch time: 0.20s
Epoch 603/1000, Loss: 8.0697, Obj: 22.1694, Eq Viol (l1): 2.508351, Ineq Viol (l1): 0.024861, Epoch time: 0.19s
Epoch 604/1000, Loss: 8.0694, Obj: 22.2259, Eq Viol (l1): 2.503405, Ineq Viol (l1): 0.026673, Epoch time: 0.20s
Epoch 605/1000, Loss: 8.0513, Obj: 22.2639, Eq Viol (l1): 2.493050, Ineq Viol (l1): 0.026038, Epoch time: 0.20s
Epoch 606/1000, Loss: 8.0839, Obj: 22.2988, Eq Viol (l1): 2.504444, Ineq Viol (l1): 0.027826, Epoch time: 0.20s
Epoch 607/1000, Loss: 8.0715, Obj: 22.2603, Eq Viol (l1): 2.508047, Ineq Viol (l1): 0.026458, Epoch time: 0.20s
Epoch 608/1000, Loss: 8.0822, Obj: 22.3736, Eq Viol (l1): 2.507782, Ineq Viol (l1): 0.025146, Epoch time: 0.19s
Epoch 609/1000, Loss: 8.0655, Obj: 22.3249, Eq Viol (l1): 2.503831, Ineq Viol (l1): 0.025981, Epoch time: 0.20s
Epoch 610/1000, Loss: 8.1049, Obj: 22.4706, Eq Viol (l1): 2.511704, Ineq Viol (l1): 0.025333, Epoch time: 0.20s
Epoch 611/1000, Loss: 8.0845, Obj: 22.3344, Eq Viol (l1): 2.516874, Ineq Viol (l1): 0.028497, Epoch time: 0.20s

Running validation at epoch 610...

VALIDATION_EPOCH_610 EVALUATION RESULTS:
==================================================
Obj:     2.243418e+01
Opt Gap:      4.000328e+01 ± 1.328019e+01
Eq Vio l1:   7.521704e-01 (max: 1.219827e+00)
Ineq Vio l1: 3.652793e-03 (max: 4.490749e-01)
Sol Dis:   1.949912e+02 ± 1.433787e-01
Merit:             2.999241e+01 ± 5.204203e-02
Avg Inf Time:  0.0002s
==================================================
✓ Model saved: results/nonsmooth_nonconvex/socp/SOCPProblem-100-50-50-10000/20260115-145229_MLP_sup_pen_seed0_nepochs1000_lr0.0001_trainsize7000_subopt_3_1.5/model_610.pt
Epoch 612/1000, Loss: 8.0715, Obj: 22.3239, Eq Viol (l1): 2.502785, Ineq Viol (l1): 0.029310, Epoch time: 0.20s
Epoch 613/1000, Loss: 8.0979, Obj: 22.5641, Eq Viol (l1): 2.510020, Ineq Viol (l1): 0.023995, Epoch time: 0.20s
Epoch 614/1000, Loss: 8.1042, Obj: 22.5438, Eq Viol (l1): 2.517758, Ineq Viol (l1): 0.026355, Epoch time: 0.20s
Epoch 615/1000, Loss: 8.0526, Obj: 22.4339, Eq Viol (l1): 2.505049, Ineq Viol (l1): 0.027226, Epoch time: 0.20s
Epoch 616/1000, Loss: 8.0204, Obj: 22.3333, Eq Viol (l1): 2.499786, Ineq Viol (l1): 0.028426, Epoch time: 0.20s
Epoch 617/1000, Loss: 8.0312, Obj: 22.4003, Eq Viol (l1): 2.498735, Ineq Viol (l1): 0.025650, Epoch time: 0.20s
Epoch 618/1000, Loss: 8.0477, Obj: 22.4583, Eq Viol (l1): 2.500322, Ineq Viol (l1): 0.026317, Epoch time: 0.20s
Epoch 619/1000, Loss: 8.0432, Obj: 22.5020, Eq Viol (l1): 2.496407, Ineq Viol (l1): 0.027247, Epoch time: 0.20s
Epoch 620/1000, Loss: 8.0406, Obj: 22.5228, Eq Viol (l1): 2.499144, Ineq Viol (l1): 0.025221, Epoch time: 0.20s
Epoch 621/1000, Loss: 8.0871, Obj: 22.6855, Eq Viol (l1): 2.509873, Ineq Viol (l1): 0.024903, Epoch time: 0.20s

Running validation at epoch 620...

VALIDATION_EPOCH_620 EVALUATION RESULTS:
==================================================
Obj:     2.262058e+01
Opt Gap:      3.993629e+01 ± 1.294540e+01
Eq Vio l1:   7.667864e-01 (max: 1.207284e+00)
Ineq Vio l1: 4.603420e-03 (max: 5.751306e-01)
Sol Dis:   1.946398e+02 ± 2.264631e-01
Merit:             3.033448e+01 ± 5.167829e-02
Avg Inf Time:  0.0002s
==================================================
✓ Model saved: results/nonsmooth_nonconvex/socp/SOCPProblem-100-50-50-10000/20260115-145229_MLP_sup_pen_seed0_nepochs1000_lr0.0001_trainsize7000_subopt_3_1.5/model_620.pt
Epoch 622/1000, Loss: 8.0424, Obj: 22.4802, Eq Viol (l1): 2.508555, Ineq Viol (l1): 0.029361, Epoch time: 0.20s
Epoch 623/1000, Loss: 8.0034, Obj: 22.4868, Eq Viol (l1): 2.490565, Ineq Viol (l1): 0.026084, Epoch time: 0.19s
Epoch 624/1000, Loss: 8.0427, Obj: 22.5269, Eq Viol (l1): 2.507725, Ineq Viol (l1): 0.026715, Epoch time: 0.20s
Epoch 625/1000, Loss: 8.0436, Obj: 22.6341, Eq Viol (l1): 2.504602, Ineq Viol (l1): 0.025907, Epoch time: 0.20s
Epoch 626/1000, Loss: 8.0227, Obj: 22.5561, Eq Viol (l1): 2.497771, Ineq Viol (l1): 0.027300, Epoch time: 0.20s
Epoch 627/1000, Loss: 8.0364, Obj: 22.6910, Eq Viol (l1): 2.501669, Ineq Viol (l1): 0.027272, Epoch time: 0.20s
Epoch 628/1000, Loss: 8.0137, Obj: 22.5886, Eq Viol (l1): 2.500123, Ineq Viol (l1): 0.026199, Epoch time: 0.20s
Epoch 629/1000, Loss: 8.0085, Obj: 22.5697, Eq Viol (l1): 2.500410, Ineq Viol (l1): 0.027601, Epoch time: 0.20s
Epoch 630/1000, Loss: 7.9862, Obj: 22.5762, Eq Viol (l1): 2.495631, Ineq Viol (l1): 0.025979, Epoch time: 0.20s
Epoch 631/1000, Loss: 8.0399, Obj: 22.7651, Eq Viol (l1): 2.506732, Ineq Viol (l1): 0.025084, Epoch time: 0.29s

Running validation at epoch 630...

VALIDATION_EPOCH_630 EVALUATION RESULTS:
==================================================
Obj:     2.280544e+01
Opt Gap:      4.061380e+01 ± 1.334460e+01
Eq Vio l1:   7.909986e-01 (max: 1.292953e+00)
Ineq Vio l1: 5.373095e-03 (max: 5.573816e-01)
Sol Dis:   1.942602e+02 ± 2.237140e-01
Merit:             3.076916e+01 ± 2.231367e-02
Avg Inf Time:  0.0002s
==================================================
✓ Model saved: results/nonsmooth_nonconvex/socp/SOCPProblem-100-50-50-10000/20260115-145229_MLP_sup_pen_seed0_nepochs1000_lr0.0001_trainsize7000_subopt_3_1.5/model_630.pt
Epoch 632/1000, Loss: 8.0374, Obj: 22.7412, Eq Viol (l1): 2.507876, Ineq Viol (l1): 0.028300, Epoch time: 0.19s
Epoch 633/1000, Loss: 8.0255, Obj: 22.7414, Eq Viol (l1): 2.510182, Ineq Viol (l1): 0.027117, Epoch time: 0.20s
Epoch 634/1000, Loss: 8.0360, Obj: 22.7886, Eq Viol (l1): 2.508233, Ineq Viol (l1): 0.026933, Epoch time: 0.20s
Epoch 635/1000, Loss: 8.0535, Obj: 22.9227, Eq Viol (l1): 2.512336, Ineq Viol (l1): 0.026034, Epoch time: 0.20s
Epoch 636/1000, Loss: 7.9801, Obj: 22.6908, Eq Viol (l1): 2.498659, Ineq Viol (l1): 0.027819, Epoch time: 0.20s
Epoch 637/1000, Loss: 8.0189, Obj: 22.7821, Eq Viol (l1): 2.515702, Ineq Viol (l1): 0.026377, Epoch time: 0.20s
Epoch 638/1000, Loss: 8.0214, Obj: 22.8603, Eq Viol (l1): 2.506005, Ineq Viol (l1): 0.028329, Epoch time: 0.20s
Epoch 639/1000, Loss: 7.9963, Obj: 22.8895, Eq Viol (l1): 2.496355, Ineq Viol (l1): 0.026779, Epoch time: 0.20s
Epoch 640/1000, Loss: 8.0025, Obj: 22.8979, Eq Viol (l1): 2.510381, Ineq Viol (l1): 0.026607, Epoch time: 0.20s
Epoch 641/1000, Loss: 8.0084, Obj: 22.9203, Eq Viol (l1): 2.503568, Ineq Viol (l1): 0.026482, Epoch time: 0.20s

Running validation at epoch 640...

VALIDATION_EPOCH_640 EVALUATION RESULTS:
==================================================
Obj:     2.303698e+01
Opt Gap:      4.071178e+01 ± 1.326593e+01
Eq Vio l1:   8.097104e-01 (max: 1.230936e+00)
Ineq Vio l1: 5.010675e-03 (max: 4.725675e-01)
Sol Dis:   1.939206e+02 ± 2.122672e-01
Merit:             3.118419e+01 ± 2.743518e-02
Avg Inf Time:  0.0002s
==================================================
✓ Model saved: results/nonsmooth_nonconvex/socp/SOCPProblem-100-50-50-10000/20260115-145229_MLP_sup_pen_seed0_nepochs1000_lr0.0001_trainsize7000_subopt_3_1.5/model_640.pt
Epoch 642/1000, Loss: 8.0253, Obj: 22.9577, Eq Viol (l1): 2.511376, Ineq Viol (l1): 0.027519, Epoch time: 0.20s
Epoch 643/1000, Loss: 8.0391, Obj: 23.0510, Eq Viol (l1): 2.514122, Ineq Viol (l1): 0.027709, Epoch time: 0.20s
Epoch 644/1000, Loss: 8.0030, Obj: 23.0495, Eq Viol (l1): 2.504425, Ineq Viol (l1): 0.026998, Epoch time: 0.20s
Epoch 645/1000, Loss: 7.9815, Obj: 22.9108, Eq Viol (l1): 2.513793, Ineq Viol (l1): 0.026593, Epoch time: 0.20s
Epoch 646/1000, Loss: 7.9587, Obj: 22.8770, Eq Viol (l1): 2.504182, Ineq Viol (l1): 0.025613, Epoch time: 0.20s
Epoch 647/1000, Loss: 7.9552, Obj: 22.8547, Eq Viol (l1): 2.505135, Ineq Viol (l1): 0.028800, Epoch time: 0.20s
Epoch 648/1000, Loss: 7.9688, Obj: 22.9947, Eq Viol (l1): 2.499432, Ineq Viol (l1): 0.026931, Epoch time: 0.20s
Epoch 649/1000, Loss: 7.9686, Obj: 22.9882, Eq Viol (l1): 2.505167, Ineq Viol (l1): 0.028442, Epoch time: 0.20s
Epoch 650/1000, Loss: 7.9689, Obj: 23.1094, Eq Viol (l1): 2.497402, Ineq Viol (l1): 0.025527, Epoch time: 0.20s
Epoch 651/1000, Loss: 7.9781, Obj: 23.0382, Eq Viol (l1): 2.515301, Ineq Viol (l1): 0.027291, Epoch time: 0.19s

Running validation at epoch 650...

VALIDATION_EPOCH_650 EVALUATION RESULTS:
==================================================
Obj:     2.297302e+01
Opt Gap:      4.070325e+01 ± 1.332576e+01
Eq Vio l1:   7.477241e-01 (max: 1.092686e+00)
Ineq Vio l1: 6.213768e-03 (max: 6.421873e-01)
Sol Dis:   1.923627e+02 ± 1.004674e-01
Merit:             3.051240e+01 ± 3.598771e-02
Avg Inf Time:  0.0002s
==================================================
✓ Model saved: results/nonsmooth_nonconvex/socp/SOCPProblem-100-50-50-10000/20260115-145229_MLP_sup_pen_seed0_nepochs1000_lr0.0001_trainsize7000_subopt_3_1.5/model_650.pt
Epoch 652/1000, Loss: 7.9790, Obj: 23.0652, Eq Viol (l1): 2.512546, Ineq Viol (l1): 0.028059, Epoch time: 0.20s
Epoch 653/1000, Loss: 7.9880, Obj: 23.1856, Eq Viol (l1): 2.500451, Ineq Viol (l1): 0.029210, Epoch time: 0.20s
Epoch 654/1000, Loss: 7.9417, Obj: 23.1275, Eq Viol (l1): 2.498379, Ineq Viol (l1): 0.025328, Epoch time: 0.20s
Epoch 655/1000, Loss: 7.9644, Obj: 23.1344, Eq Viol (l1): 2.510376, Ineq Viol (l1): 0.027388, Epoch time: 0.20s
Epoch 656/1000, Loss: 7.9664, Obj: 23.1477, Eq Viol (l1): 2.510021, Ineq Viol (l1): 0.028313, Epoch time: 0.19s
Epoch 657/1000, Loss: 7.9796, Obj: 23.2615, Eq Viol (l1): 2.510726, Ineq Viol (l1): 0.028648, Epoch time: 0.20s
Epoch 658/1000, Loss: 7.9877, Obj: 23.3263, Eq Viol (l1): 2.515113, Ineq Viol (l1): 0.025262, Epoch time: 0.20s
Epoch 659/1000, Loss: 7.9851, Obj: 23.4294, Eq Viol (l1): 2.508760, Ineq Viol (l1): 0.027135, Epoch time: 0.20s
Epoch 660/1000, Loss: 7.9624, Obj: 23.2282, Eq Viol (l1): 2.513991, Ineq Viol (l1): 0.028481, Epoch time: 0.20s
Epoch 661/1000, Loss: 7.9524, Obj: 23.2886, Eq Viol (l1): 2.505775, Ineq Viol (l1): 0.027428, Epoch time: 0.19s

Running validation at epoch 660...

VALIDATION_EPOCH_660 EVALUATION RESULTS:
==================================================
Obj:     2.329445e+01
Opt Gap:      4.121213e+01 ± 1.355441e+01
Eq Vio l1:   7.694822e-01 (max: 1.174218e+00)
Ineq Vio l1: 5.346746e-03 (max: 4.076939e-01)
Sol Dis:   1.923385e+02 ± 1.579513e-01
Merit:             3.104274e+01 ± 4.713490e-02
Avg Inf Time:  0.0002s
==================================================
✓ Model saved: results/nonsmooth_nonconvex/socp/SOCPProblem-100-50-50-10000/20260115-145229_MLP_sup_pen_seed0_nepochs1000_lr0.0001_trainsize7000_subopt_3_1.5/model_660.pt
Epoch 662/1000, Loss: 8.0117, Obj: 23.5040, Eq Viol (l1): 2.517274, Ineq Viol (l1): 0.027519, Epoch time: 0.20s
Epoch 663/1000, Loss: 7.9413, Obj: 23.3721, Eq Viol (l1): 2.510850, Ineq Viol (l1): 0.025323, Epoch time: 0.20s
Epoch 664/1000, Loss: 7.9351, Obj: 23.3036, Eq Viol (l1): 2.509405, Ineq Viol (l1): 0.029114, Epoch time: 0.20s
Epoch 665/1000, Loss: 7.9181, Obj: 23.3133, Eq Viol (l1): 2.507432, Ineq Viol (l1): 0.027895, Epoch time: 0.20s
Epoch 666/1000, Loss: 7.9447, Obj: 23.3882, Eq Viol (l1): 2.518839, Ineq Viol (l1): 0.028556, Epoch time: 0.19s
Epoch 667/1000, Loss: 7.9477, Obj: 23.4488, Eq Viol (l1): 2.520083, Ineq Viol (l1): 0.026087, Epoch time: 0.30s
Epoch 668/1000, Loss: 7.8926, Obj: 23.2904, Eq Viol (l1): 2.505970, Ineq Viol (l1): 0.028424, Epoch time: 0.20s
Epoch 669/1000, Loss: 7.9177, Obj: 23.4265, Eq Viol (l1): 2.508216, Ineq Viol (l1): 0.026837, Epoch time: 0.20s
Epoch 670/1000, Loss: 7.9158, Obj: 23.3923, Eq Viol (l1): 2.509361, Ineq Viol (l1): 0.030585, Epoch time: 0.19s
Epoch 671/1000, Loss: 7.9118, Obj: 23.4754, Eq Viol (l1): 2.514643, Ineq Viol (l1): 0.023837, Epoch time: 0.20s

Running validation at epoch 670...

VALIDATION_EPOCH_670 EVALUATION RESULTS:
==================================================
Obj:     2.331844e+01
Opt Gap:      4.113283e+01 ± 1.338504e+01
Eq Vio l1:   7.768410e-01 (max: 1.240772e+00)
Ineq Vio l1: 5.349372e-03 (max: 3.881081e-01)
Sol Dis:   1.909256e+02 ± 6.482037e-02
Merit:             3.114034e+01 ± 1.261882e-02
Avg Inf Time:  0.0002s
==================================================
✓ Model saved: results/nonsmooth_nonconvex/socp/SOCPProblem-100-50-50-10000/20260115-145229_MLP_sup_pen_seed0_nepochs1000_lr0.0001_trainsize7000_subopt_3_1.5/model_670.pt
Epoch 672/1000, Loss: 7.9257, Obj: 23.5577, Eq Viol (l1): 2.506431, Ineq Viol (l1): 0.026146, Epoch time: 0.20s
Epoch 673/1000, Loss: 7.9371, Obj: 23.5875, Eq Viol (l1): 2.515593, Ineq Viol (l1): 0.029349, Epoch time: 0.20s
Epoch 674/1000, Loss: 7.9084, Obj: 23.5065, Eq Viol (l1): 2.510135, Ineq Viol (l1): 0.029560, Epoch time: 0.20s
Epoch 675/1000, Loss: 7.9094, Obj: 23.5715, Eq Viol (l1): 2.510549, Ineq Viol (l1): 0.027495, Epoch time: 0.19s
Epoch 676/1000, Loss: 7.9191, Obj: 23.7030, Eq Viol (l1): 2.514997, Ineq Viol (l1): 0.025320, Epoch time: 0.20s
Epoch 677/1000, Loss: 7.8857, Obj: 23.5096, Eq Viol (l1): 2.519968, Ineq Viol (l1): 0.025660, Epoch time: 0.20s
Epoch 678/1000, Loss: 7.8848, Obj: 23.6041, Eq Viol (l1): 2.503334, Ineq Viol (l1): 0.028880, Epoch time: 0.20s
Epoch 679/1000, Loss: 7.8557, Obj: 23.4952, Eq Viol (l1): 2.504671, Ineq Viol (l1): 0.028913, Epoch time: 0.20s
Epoch 680/1000, Loss: 7.8680, Obj: 23.5966, Eq Viol (l1): 2.512966, Ineq Viol (l1): 0.026297, Epoch time: 0.20s
Epoch 681/1000, Loss: 7.8546, Obj: 23.5569, Eq Viol (l1): 2.505132, Ineq Viol (l1): 0.027961, Epoch time: 0.20s

Running validation at epoch 680...

VALIDATION_EPOCH_680 EVALUATION RESULTS:
==================================================
Obj:     2.352928e+01
Opt Gap:      4.137891e+01 ± 1.349290e+01
Eq Vio l1:   7.678461e-01 (max: 1.216180e+00)
Ineq Vio l1: 6.107549e-03 (max: 3.598821e-01)
Sol Dis:   1.903074e+02 ± 7.456428e-02
Merit:             3.126882e+01 ± 1.713186e-02
Avg Inf Time:  0.0002s
==================================================
✓ Model saved: results/nonsmooth_nonconvex/socp/SOCPProblem-100-50-50-10000/20260115-145229_MLP_sup_pen_seed0_nepochs1000_lr0.0001_trainsize7000_subopt_3_1.5/model_680.pt
Epoch 682/1000, Loss: 7.9015, Obj: 23.8470, Eq Viol (l1): 2.509852, Ineq Viol (l1): 0.026143, Epoch time: 0.20s
Epoch 683/1000, Loss: 7.9276, Obj: 23.8633, Eq Viol (l1): 2.523455, Ineq Viol (l1): 0.028561, Epoch time: 0.20s
Epoch 684/1000, Loss: 7.9140, Obj: 23.7960, Eq Viol (l1): 2.527533, Ineq Viol (l1): 0.026537, Epoch time: 0.19s
Epoch 685/1000, Loss: 7.8761, Obj: 23.7482, Eq Viol (l1): 2.517936, Ineq Viol (l1): 0.030088, Epoch time: 0.19s
Epoch 686/1000, Loss: 7.8265, Obj: 23.7262, Eq Viol (l1): 2.505324, Ineq Viol (l1): 0.023820, Epoch time: 0.20s
Epoch 687/1000, Loss: 7.8397, Obj: 23.7037, Eq Viol (l1): 2.509065, Ineq Viol (l1): 0.028655, Epoch time: 0.20s
Epoch 688/1000, Loss: 7.8353, Obj: 23.7745, Eq Viol (l1): 2.506371, Ineq Viol (l1): 0.026388, Epoch time: 0.20s
Epoch 689/1000, Loss: 7.8327, Obj: 23.8106, Eq Viol (l1): 2.504042, Ineq Viol (l1): 0.026717, Epoch time: 0.19s
Epoch 690/1000, Loss: 7.8472, Obj: 23.7586, Eq Viol (l1): 2.511868, Ineq Viol (l1): 0.029652, Epoch time: 0.19s
Epoch 691/1000, Loss: 7.8401, Obj: 23.8159, Eq Viol (l1): 2.518608, Ineq Viol (l1): 0.026455, Epoch time: 0.20s

Running validation at epoch 690...

VALIDATION_EPOCH_690 EVALUATION RESULTS:
==================================================
Obj:     2.367593e+01
Opt Gap:      4.206846e+01 ± 1.386038e+01
Eq Vio l1:   8.002667e-01 (max: 1.173969e+00)
Ineq Vio l1: 6.491937e-03 (max: 5.750468e-01)
Sol Dis:   1.894649e+02 ± 1.576675e-02
Merit:             3.174352e+01 ± 1.757936e-02
Avg Inf Time:  0.0002s
==================================================
✓ Model saved: results/nonsmooth_nonconvex/socp/SOCPProblem-100-50-50-10000/20260115-145229_MLP_sup_pen_seed0_nepochs1000_lr0.0001_trainsize7000_subopt_3_1.5/model_690.pt
Epoch 692/1000, Loss: 7.8392, Obj: 23.8397, Eq Viol (l1): 2.518019, Ineq Viol (l1): 0.027067, Epoch time: 0.20s
Epoch 693/1000, Loss: 7.8113, Obj: 23.7729, Eq Viol (l1): 2.509735, Ineq Viol (l1): 0.028559, Epoch time: 0.20s
Epoch 694/1000, Loss: 7.8339, Obj: 23.8788, Eq Viol (l1): 2.517041, Ineq Viol (l1): 0.027273, Epoch time: 0.20s
Epoch 695/1000, Loss: 7.7895, Obj: 23.7679, Eq Viol (l1): 2.507322, Ineq Viol (l1): 0.028025, Epoch time: 0.19s
Epoch 696/1000, Loss: 7.8422, Obj: 24.0072, Eq Viol (l1): 2.517945, Ineq Viol (l1): 0.025574, Epoch time: 0.20s
Epoch 697/1000, Loss: 7.8113, Obj: 23.8533, Eq Viol (l1): 2.511325, Ineq Viol (l1): 0.029247, Epoch time: 0.20s
Epoch 698/1000, Loss: 7.8295, Obj: 23.9579, Eq Viol (l1): 2.513119, Ineq Viol (l1): 0.029720, Epoch time: 0.20s
Epoch 699/1000, Loss: 7.8451, Obj: 24.0987, Eq Viol (l1): 2.524243, Ineq Viol (l1): 0.023699, Epoch time: 0.19s
Epoch 700/1000, Loss: 7.8042, Obj: 23.9445, Eq Viol (l1): 2.506764, Ineq Viol (l1): 0.028044, Epoch time: 0.19s
Epoch 701/1000, Loss: 7.8031, Obj: 23.9719, Eq Viol (l1): 2.507140, Ineq Viol (l1): 0.029180, Epoch time: 0.20s

Running validation at epoch 700...

VALIDATION_EPOCH_700 EVALUATION RESULTS:
==================================================
Obj:     2.425246e+01
Opt Gap:      4.289861e+01 ± 1.405357e+01
Eq Vio l1:   8.123388e-01 (max: 1.294425e+00)
Ineq Vio l1: 6.010501e-03 (max: 3.903258e-01)
Sol Dis:   1.905539e+02 ± 7.313940e-02
Merit:             3.243596e+01 ± 5.761848e-03
Avg Inf Time:  0.0003s
==================================================
✓ Model saved: results/nonsmooth_nonconvex/socp/SOCPProblem-100-50-50-10000/20260115-145229_MLP_sup_pen_seed0_nepochs1000_lr0.0001_trainsize7000_subopt_3_1.5/model_700.pt
Epoch 702/1000, Loss: 7.9042, Obj: 24.3702, Eq Viol (l1): 2.531025, Ineq Viol (l1): 0.023895, Epoch time: 0.20s
Epoch 703/1000, Loss: 7.8436, Obj: 24.1094, Eq Viol (l1): 2.527594, Ineq Viol (l1): 0.027706, Epoch time: 0.19s
Epoch 704/1000, Loss: 7.8031, Obj: 24.0158, Eq Viol (l1): 2.516506, Ineq Viol (l1): 0.028008, Epoch time: 0.19s
Epoch 705/1000, Loss: 7.7965, Obj: 23.9724, Eq Viol (l1): 2.524738, Ineq Viol (l1): 0.026672, Epoch time: 0.20s
Epoch 706/1000, Loss: 7.7764, Obj: 23.9873, Eq Viol (l1): 2.510695, Ineq Viol (l1): 0.027878, Epoch time: 0.20s
Epoch 707/1000, Loss: 7.8160, Obj: 24.1771, Eq Viol (l1): 2.522201, Ineq Viol (l1): 0.024670, Epoch time: 0.20s
Epoch 708/1000, Loss: 7.7903, Obj: 24.0044, Eq Viol (l1): 2.518939, Ineq Viol (l1): 0.029219, Epoch time: 0.20s
Epoch 709/1000, Loss: 7.8016, Obj: 24.1426, Eq Viol (l1): 2.522599, Ineq Viol (l1): 0.027341, Epoch time: 0.20s
Epoch 710/1000, Loss: 7.7860, Obj: 24.1321, Eq Viol (l1): 2.513607, Ineq Viol (l1): 0.028071, Epoch time: 0.19s
Epoch 711/1000, Loss: 7.8280, Obj: 24.2747, Eq Viol (l1): 2.517693, Ineq Viol (l1): 0.028258, Epoch time: 0.20s

Running validation at epoch 710...

VALIDATION_EPOCH_710 EVALUATION RESULTS:
==================================================
Obj:     2.454841e+01
Opt Gap:      4.349784e+01 ± 1.406519e+01
Eq Vio l1:   8.269924e-01 (max: 1.465760e+00)
Ineq Vio l1: 5.809400e-03 (max: 5.109065e-01)
Sol Dis:   1.905942e+02 ± 1.146867e-02
Merit:             3.287643e+01 ± 1.057949e-01
Avg Inf Time:  0.0002s
==================================================
✓ Model saved: results/nonsmooth_nonconvex/socp/SOCPProblem-100-50-50-10000/20260115-145229_MLP_sup_pen_seed0_nepochs1000_lr0.0001_trainsize7000_subopt_3_1.5/model_710.pt
Epoch 712/1000, Loss: 7.8084, Obj: 24.3293, Eq Viol (l1): 2.527211, Ineq Viol (l1): 0.023596, Epoch time: 0.20s
Epoch 713/1000, Loss: 7.7588, Obj: 24.1153, Eq Viol (l1): 2.512628, Ineq Viol (l1): 0.028824, Epoch time: 0.20s
Epoch 714/1000, Loss: 7.7733, Obj: 24.1217, Eq Viol (l1): 2.518574, Ineq Viol (l1): 0.029717, Epoch time: 0.19s
Epoch 715/1000, Loss: 7.8029, Obj: 24.2778, Eq Viol (l1): 2.532125, Ineq Viol (l1): 0.023930, Epoch time: 0.20s
Epoch 716/1000, Loss: 7.7577, Obj: 24.1417, Eq Viol (l1): 2.520055, Ineq Viol (l1): 0.026695, Epoch time: 0.20s
Epoch 717/1000, Loss: 7.7504, Obj: 24.0872, Eq Viol (l1): 2.521848, Ineq Viol (l1): 0.028842, Epoch time: 0.20s
Epoch 718/1000, Loss: 7.7375, Obj: 24.1589, Eq Viol (l1): 2.514539, Ineq Viol (l1): 0.027541, Epoch time: 0.20s
Epoch 719/1000, Loss: 7.7802, Obj: 24.2265, Eq Viol (l1): 2.531420, Ineq Viol (l1): 0.027281, Epoch time: 0.19s
Epoch 720/1000, Loss: 7.7644, Obj: 24.2224, Eq Viol (l1): 2.527698, Ineq Viol (l1): 0.027119, Epoch time: 0.20s
Epoch 721/1000, Loss: 7.7268, Obj: 24.1559, Eq Viol (l1): 2.513389, Ineq Viol (l1): 0.028478, Epoch time: 0.20s

Running validation at epoch 720...

VALIDATION_EPOCH_720 EVALUATION RESULTS:
==================================================
Obj:     2.430086e+01
Opt Gap:      4.274434e+01 ± 1.380375e+01
Eq Vio l1:   7.970490e-01 (max: 1.319895e+00)
Ineq Vio l1: 4.168626e-03 (max: 3.483889e-01)
Sol Dis:   1.886935e+02 ± 3.384943e-02
Merit:             3.231303e+01 ± 5.122308e-02
Avg Inf Time:  0.0002s
==================================================
✓ Model saved: results/nonsmooth_nonconvex/socp/SOCPProblem-100-50-50-10000/20260115-145229_MLP_sup_pen_seed0_nepochs1000_lr0.0001_trainsize7000_subopt_3_1.5/model_720.pt
Epoch 722/1000, Loss: 7.7253, Obj: 24.1714, Eq Viol (l1): 2.524613, Ineq Viol (l1): 0.024705, Epoch time: 0.20s
Epoch 723/1000, Loss: 7.6939, Obj: 24.1069, Eq Viol (l1): 2.508785, Ineq Viol (l1): 0.026902, Epoch time: 0.20s
Epoch 724/1000, Loss: 7.7117, Obj: 24.1052, Eq Viol (l1): 2.518283, Ineq Viol (l1): 0.028026, Epoch time: 0.19s
Epoch 725/1000, Loss: 7.7483, Obj: 24.3074, Eq Viol (l1): 2.520870, Ineq Viol (l1): 0.025838, Epoch time: 0.20s
Epoch 726/1000, Loss: 7.7129, Obj: 24.1554, Eq Viol (l1): 2.515390, Ineq Viol (l1): 0.027051, Epoch time: 0.20s
Epoch 727/1000, Loss: 7.7012, Obj: 24.2361, Eq Viol (l1): 2.509661, Ineq Viol (l1): 0.023770, Epoch time: 0.20s
Epoch 728/1000, Loss: 7.6947, Obj: 24.1892, Eq Viol (l1): 2.505755, Ineq Viol (l1): 0.028610, Epoch time: 0.19s
Epoch 729/1000, Loss: 7.7190, Obj: 24.2651, Eq Viol (l1): 2.520939, Ineq Viol (l1): 0.026394, Epoch time: 0.19s
Epoch 730/1000, Loss: 7.7589, Obj: 24.3298, Eq Viol (l1): 2.529335, Ineq Viol (l1): 0.028095, Epoch time: 0.20s
Epoch 731/1000, Loss: 7.8855, Obj: 24.8243, Eq Viol (l1): 2.554842, Ineq Viol (l1): 0.026128, Epoch time: 0.20s

Running validation at epoch 730...

VALIDATION_EPOCH_730 EVALUATION RESULTS:
==================================================
Obj:     2.466152e+01
Opt Gap:      4.345036e+01 ± 1.414032e+01
Eq Vio l1:   8.675485e-01 (max: 1.405083e+00)
Ineq Vio l1: 5.289742e-03 (max: 3.871300e-01)
Sol Dis:   1.891300e+02 ± 8.029896e-02
Merit:             3.338990e+01 ± 1.758826e-02
Avg Inf Time:  0.0002s
==================================================
✓ Model saved: results/nonsmooth_nonconvex/socp/SOCPProblem-100-50-50-10000/20260115-145229_MLP_sup_pen_seed0_nepochs1000_lr0.0001_trainsize7000_subopt_3_1.5/model_730.pt
Epoch 732/1000, Loss: 7.7353, Obj: 24.3939, Eq Viol (l1): 2.528716, Ineq Viol (l1): 0.027403, Epoch time: 0.20s
Epoch 733/1000, Loss: 7.7079, Obj: 24.2813, Eq Viol (l1): 2.519889, Ineq Viol (l1): 0.028244, Epoch time: 0.20s
Epoch 734/1000, Loss: 7.7204, Obj: 24.3631, Eq Viol (l1): 2.527744, Ineq Viol (l1): 0.025457, Epoch time: 0.19s
Epoch 735/1000, Loss: 7.7142, Obj: 24.3945, Eq Viol (l1): 2.520505, Ineq Viol (l1): 0.025132, Epoch time: 0.20s
Epoch 736/1000, Loss: 7.6962, Obj: 24.2928, Eq Viol (l1): 2.518281, Ineq Viol (l1): 0.028624, Epoch time: 0.28s
Epoch 737/1000, Loss: 7.6882, Obj: 24.3473, Eq Viol (l1): 2.515390, Ineq Viol (l1): 0.026193, Epoch time: 0.20s
Epoch 738/1000, Loss: 7.7056, Obj: 24.4219, Eq Viol (l1): 2.526382, Ineq Viol (l1): 0.024411, Epoch time: 0.19s
Epoch 739/1000, Loss: 7.6990, Obj: 24.3493, Eq Viol (l1): 2.520211, Ineq Viol (l1): 0.028369, Epoch time: 0.20s
Epoch 740/1000, Loss: 7.7133, Obj: 24.4289, Eq Viol (l1): 2.524175, Ineq Viol (l1): 0.027817, Epoch time: 0.20s
Epoch 741/1000, Loss: 7.7374, Obj: 24.6569, Eq Viol (l1): 2.518885, Ineq Viol (l1): 0.022981, Epoch time: 0.20s

Running validation at epoch 740...

VALIDATION_EPOCH_740 EVALUATION RESULTS:
==================================================
Obj:     2.444069e+01
Opt Gap:      4.320880e+01 ± 1.418321e+01
Eq Vio l1:   7.516271e-01 (max: 1.212411e+00)
Ineq Vio l1: 5.961007e-03 (max: 4.508435e-01)
Sol Dis:   1.875901e+02 ± 6.519369e-02
Merit:             3.201657e+01 ± 5.705679e-02
Avg Inf Time:  0.0002s
==================================================
✓ Model saved: results/nonsmooth_nonconvex/socp/SOCPProblem-100-50-50-10000/20260115-145229_MLP_sup_pen_seed0_nepochs1000_lr0.0001_trainsize7000_subopt_3_1.5/model_740.pt
Epoch 742/1000, Loss: 7.6853, Obj: 24.3557, Eq Viol (l1): 2.515747, Ineq Viol (l1): 0.029805, Epoch time: 0.20s
Epoch 743/1000, Loss: 7.7040, Obj: 24.5024, Eq Viol (l1): 2.521071, Ineq Viol (l1): 0.026094, Epoch time: 0.19s
Epoch 744/1000, Loss: 7.7028, Obj: 24.5752, Eq Viol (l1): 2.515977, Ineq Viol (l1): 0.026284, Epoch time: 0.20s
Epoch 745/1000, Loss: 7.6774, Obj: 24.4945, Eq Viol (l1): 2.516559, Ineq Viol (l1): 0.025953, Epoch time: 0.20s
Epoch 746/1000, Loss: 7.6707, Obj: 24.3608, Eq Viol (l1): 2.518340, Ineq Viol (l1): 0.030013, Epoch time: 0.20s
Epoch 747/1000, Loss: 7.6778, Obj: 24.5285, Eq Viol (l1): 2.518388, Ineq Viol (l1): 0.023679, Epoch time: 0.19s
Epoch 748/1000, Loss: 7.6446, Obj: 24.3880, Eq Viol (l1): 2.504006, Ineq Viol (l1): 0.026514, Epoch time: 0.19s
Epoch 749/1000, Loss: 7.6404, Obj: 24.4157, Eq Viol (l1): 2.510085, Ineq Viol (l1): 0.025627, Epoch time: 0.20s
Epoch 750/1000, Loss: 7.6594, Obj: 24.4085, Eq Viol (l1): 2.517798, Ineq Viol (l1): 0.025886, Epoch time: 0.20s
Epoch 751/1000, Loss: 7.6970, Obj: 24.5118, Eq Viol (l1): 2.524628, Ineq Viol (l1): 0.029481, Epoch time: 0.20s

Running validation at epoch 750...

VALIDATION_EPOCH_750 EVALUATION RESULTS:
==================================================
Obj:     2.455675e+01
Opt Gap:      4.321952e+01 ± 1.406346e+01
Eq Vio l1:   7.588822e-01 (max: 1.194939e+00)
Ineq Vio l1: 4.686788e-03 (max: 3.155264e-01)
Sol Dis:   1.875852e+02 ± 1.323145e-01
Merit:             3.219244e+01 ± 2.015233e-02
Avg Inf Time:  0.0002s
==================================================
✓ Model saved: results/nonsmooth_nonconvex/socp/SOCPProblem-100-50-50-10000/20260115-145229_MLP_sup_pen_seed0_nepochs1000_lr0.0001_trainsize7000_subopt_3_1.5/model_750.pt
Epoch 752/1000, Loss: 7.6558, Obj: 24.5523, Eq Viol (l1): 2.510809, Ineq Viol (l1): 0.023099, Epoch time: 0.20s
Epoch 753/1000, Loss: 7.6811, Obj: 24.5841, Eq Viol (l1): 2.514578, Ineq Viol (l1): 0.026367, Epoch time: 0.19s
Epoch 754/1000, Loss: 7.6706, Obj: 24.4602, Eq Viol (l1): 2.528227, Ineq Viol (l1): 0.027560, Epoch time: 0.20s
Epoch 755/1000, Loss: 7.6326, Obj: 24.4670, Eq Viol (l1): 2.508488, Ineq Viol (l1): 0.025564, Epoch time: 0.20s
Epoch 756/1000, Loss: 7.6562, Obj: 24.4249, Eq Viol (l1): 2.520137, Ineq Viol (l1): 0.029059, Epoch time: 0.20s
Epoch 757/1000, Loss: 7.6863, Obj: 24.6313, Eq Viol (l1): 2.520719, Ineq Viol (l1): 0.024625, Epoch time: 0.20s
Epoch 758/1000, Loss: 7.6728, Obj: 24.4755, Eq Viol (l1): 2.532761, Ineq Viol (l1): 0.027955, Epoch time: 0.19s
Epoch 759/1000, Loss: 7.6382, Obj: 24.5018, Eq Viol (l1): 2.510984, Ineq Viol (l1): 0.026556, Epoch time: 0.20s
Epoch 760/1000, Loss: 7.6739, Obj: 24.6018, Eq Viol (l1): 2.521799, Ineq Viol (l1): 0.026853, Epoch time: 0.20s
Epoch 761/1000, Loss: 7.6476, Obj: 24.5805, Eq Viol (l1): 2.511562, Ineq Viol (l1): 0.026260, Epoch time: 0.20s

Running validation at epoch 760...

VALIDATION_EPOCH_760 EVALUATION RESULTS:
==================================================
Obj:     2.468880e+01
Opt Gap:      4.349431e+01 ± 1.416607e+01
Eq Vio l1:   8.076825e-01 (max: 1.212312e+00)
Ineq Vio l1: 4.102059e-03 (max: 3.849158e-01)
Sol Dis:   1.875139e+02 ± 1.139942e-01
Merit:             3.280665e+01 ± 3.826451e-02
Avg Inf Time:  0.0002s
==================================================
✓ Model saved: results/nonsmooth_nonconvex/socp/SOCPProblem-100-50-50-10000/20260115-145229_MLP_sup_pen_seed0_nepochs1000_lr0.0001_trainsize7000_subopt_3_1.5/model_760.pt
Epoch 762/1000, Loss: 7.6485, Obj: 24.5510, Eq Viol (l1): 2.509989, Ineq Viol (l1): 0.027061, Epoch time: 0.20s
Epoch 763/1000, Loss: 7.6887, Obj: 24.7695, Eq Viol (l1): 2.523699, Ineq Viol (l1): 0.024611, Epoch time: 0.19s
Epoch 764/1000, Loss: 7.6442, Obj: 24.5093, Eq Viol (l1): 2.523068, Ineq Viol (l1): 0.026817, Epoch time: 0.20s
Epoch 765/1000, Loss: 7.6440, Obj: 24.6184, Eq Viol (l1): 2.515756, Ineq Viol (l1): 0.025330, Epoch time: 0.20s
Epoch 766/1000, Loss: 7.6272, Obj: 24.5288, Eq Viol (l1): 2.508930, Ineq Viol (l1): 0.028851, Epoch time: 0.20s
Epoch 767/1000, Loss: 7.6461, Obj: 24.5476, Eq Viol (l1): 2.525847, Ineq Viol (l1): 0.026518, Epoch time: 0.19s
Epoch 768/1000, Loss: 7.6735, Obj: 24.6652, Eq Viol (l1): 2.520742, Ineq Viol (l1): 0.026948, Epoch time: 0.19s
Epoch 769/1000, Loss: 7.6682, Obj: 24.8023, Eq Viol (l1): 2.517634, Ineq Viol (l1): 0.024549, Epoch time: 0.20s
Epoch 770/1000, Loss: 7.6558, Obj: 24.6570, Eq Viol (l1): 2.523683, Ineq Viol (l1): 0.027365, Epoch time: 0.20s
Epoch 771/1000, Loss: 7.6116, Obj: 24.6149, Eq Viol (l1): 2.506833, Ineq Viol (l1): 0.025786, Epoch time: 0.29s

Running validation at epoch 770...

VALIDATION_EPOCH_770 EVALUATION RESULTS:
==================================================
Obj:     2.457770e+01
Opt Gap:      4.326230e+01 ± 1.413486e+01
Eq Vio l1:   7.699311e-01 (max: 1.111281e+00)
Ineq Vio l1: 3.945133e-03 (max: 4.108455e-01)
Sol Dis:   1.866630e+02 ± 3.735153e-02
Merit:             3.231646e+01 ± 7.365274e-02
Avg Inf Time:  0.0002s
==================================================
✓ Model saved: results/nonsmooth_nonconvex/socp/SOCPProblem-100-50-50-10000/20260115-145229_MLP_sup_pen_seed0_nepochs1000_lr0.0001_trainsize7000_subopt_3_1.5/model_770.pt
Epoch 772/1000, Loss: 7.5993, Obj: 24.5652, Eq Viol (l1): 2.512026, Ineq Viol (l1): 0.025444, Epoch time: 0.20s
Epoch 773/1000, Loss: 7.6304, Obj: 24.6256, Eq Viol (l1): 2.519029, Ineq Viol (l1): 0.024953, Epoch time: 0.20s
Epoch 774/1000, Loss: 7.6071, Obj: 24.5621, Eq Viol (l1): 2.512850, Ineq Viol (l1): 0.028286, Epoch time: 0.20s
Epoch 775/1000, Loss: 7.6078, Obj: 24.5643, Eq Viol (l1): 2.517463, Ineq Viol (l1): 0.025877, Epoch time: 0.20s
Epoch 776/1000, Loss: 7.6231, Obj: 24.6672, Eq Viol (l1): 2.513490, Ineq Viol (l1): 0.026029, Epoch time: 0.20s
Epoch 777/1000, Loss: 7.6488, Obj: 24.6981, Eq Viol (l1): 2.522258, Ineq Viol (l1): 0.028475, Epoch time: 0.19s
Epoch 778/1000, Loss: 7.6255, Obj: 24.8243, Eq Viol (l1): 2.508179, Ineq Viol (l1): 0.024158, Epoch time: 0.20s
Epoch 779/1000, Loss: 7.6427, Obj: 24.7688, Eq Viol (l1): 2.520542, Ineq Viol (l1): 0.025456, Epoch time: 0.20s
Epoch 780/1000, Loss: 7.6297, Obj: 24.7592, Eq Viol (l1): 2.514288, Ineq Viol (l1): 0.027550, Epoch time: 0.20s
Epoch 781/1000, Loss: 7.6197, Obj: 24.7415, Eq Viol (l1): 2.508311, Ineq Viol (l1): 0.026772, Epoch time: 0.20s

Running validation at epoch 780...

VALIDATION_EPOCH_780 EVALUATION RESULTS:
==================================================
Obj:     2.468476e+01
Opt Gap:      4.349595e+01 ± 1.410755e+01
Eq Vio l1:   7.555070e-01 (max: 1.117385e+00)
Ineq Vio l1: 5.660947e-03 (max: 4.926304e-01)
Sol Dis:   1.867065e+02 ± 1.673830e-01
Merit:             3.229644e+01 ± 1.857765e-02
Avg Inf Time:  0.0002s
==================================================
✓ Model saved: results/nonsmooth_nonconvex/socp/SOCPProblem-100-50-50-10000/20260115-145229_MLP_sup_pen_seed0_nepochs1000_lr0.0001_trainsize7000_subopt_3_1.5/model_780.pt
Epoch 782/1000, Loss: 7.6081, Obj: 24.6491, Eq Viol (l1): 2.516156, Ineq Viol (l1): 0.026280, Epoch time: 0.20s
Epoch 783/1000, Loss: 7.6565, Obj: 24.8233, Eq Viol (l1): 2.528676, Ineq Viol (l1): 0.025814, Epoch time: 0.20s
Epoch 784/1000, Loss: 7.6351, Obj: 24.6260, Eq Viol (l1): 2.532047, Ineq Viol (l1): 0.028351, Epoch time: 0.20s
Epoch 785/1000, Loss: 7.6266, Obj: 24.7591, Eq Viol (l1): 2.522247, Ineq Viol (l1): 0.024514, Epoch time: 0.20s
Epoch 786/1000, Loss: 7.5906, Obj: 24.5975, Eq Viol (l1): 2.507685, Ineq Viol (l1): 0.028832, Epoch time: 0.19s
Epoch 787/1000, Loss: 7.5986, Obj: 24.6980, Eq Viol (l1): 2.508532, Ineq Viol (l1): 0.025885, Epoch time: 0.19s
Epoch 788/1000, Loss: 7.5814, Obj: 24.7552, Eq Viol (l1): 2.503939, Ineq Viol (l1): 0.023165, Epoch time: 0.20s
Epoch 789/1000, Loss: 7.6297, Obj: 24.7600, Eq Viol (l1): 2.523402, Ineq Viol (l1): 0.026598, Epoch time: 0.20s
Epoch 790/1000, Loss: 7.6256, Obj: 24.6923, Eq Viol (l1): 2.525557, Ineq Viol (l1): 0.029330, Epoch time: 0.20s
Epoch 791/1000, Loss: 7.5880, Obj: 24.7201, Eq Viol (l1): 2.512568, Ineq Viol (l1): 0.025210, Epoch time: 0.20s

Running validation at epoch 790...

VALIDATION_EPOCH_790 EVALUATION RESULTS:
==================================================
Obj:     2.468514e+01
Opt Gap:      4.342129e+01 ± 1.413040e+01
Eq Vio l1:   7.939398e-01 (max: 1.361715e+00)
Ineq Vio l1: 4.153712e-03 (max: 3.621519e-01)
Sol Dis:   1.863162e+02 ± 2.005927e-01
Merit:             3.266608e+01 ± 5.846089e-03
Avg Inf Time:  0.0002s
==================================================
✓ Model saved: results/nonsmooth_nonconvex/socp/SOCPProblem-100-50-50-10000/20260115-145229_MLP_sup_pen_seed0_nepochs1000_lr0.0001_trainsize7000_subopt_3_1.5/model_790.pt
Epoch 792/1000, Loss: 7.6045, Obj: 24.6857, Eq Viol (l1): 2.515692, Ineq Viol (l1): 0.027374, Epoch time: 0.20s
Epoch 793/1000, Loss: 7.6154, Obj: 24.8024, Eq Viol (l1): 2.525826, Ineq Viol (l1): 0.023916, Epoch time: 0.20s
Epoch 794/1000, Loss: 7.5647, Obj: 24.6470, Eq Viol (l1): 2.505270, Ineq Viol (l1): 0.026635, Epoch time: 0.20s
Epoch 795/1000, Loss: 7.6000, Obj: 24.7214, Eq Viol (l1): 2.516455, Ineq Viol (l1): 0.027083, Epoch time: 0.20s
Epoch 796/1000, Loss: 7.5888, Obj: 24.6587, Eq Viol (l1): 2.518702, Ineq Viol (l1): 0.027482, Epoch time: 0.19s
Epoch 797/1000, Loss: 7.5894, Obj: 24.7412, Eq Viol (l1): 2.516494, Ineq Viol (l1): 0.025613, Epoch time: 0.20s
Epoch 798/1000, Loss: 7.6027, Obj: 24.7819, Eq Viol (l1): 2.524159, Ineq Viol (l1): 0.024051, Epoch time: 0.20s
Epoch 799/1000, Loss: 7.6156, Obj: 24.8736, Eq Viol (l1): 2.517749, Ineq Viol (l1): 0.024757, Epoch time: 0.20s
Epoch 800/1000, Loss: 7.6263, Obj: 24.8527, Eq Viol (l1): 2.519618, Ineq Viol (l1): 0.028344, Epoch time: 0.20s
Epoch 801/1000, Loss: 7.5991, Obj: 24.7690, Eq Viol (l1): 2.525677, Ineq Viol (l1): 0.024710, Epoch time: 0.19s

Running validation at epoch 800...

VALIDATION_EPOCH_800 EVALUATION RESULTS:
==================================================
Obj:     2.463729e+01
Opt Gap:      4.316832e+01 ± 1.390849e+01
Eq Vio l1:   8.293974e-01 (max: 1.312450e+00)
Ineq Vio l1: 3.883478e-03 (max: 3.133108e-01)
Sol Dis:   1.858686e+02 ± 7.033550e-02
Merit:             3.297010e+01 ± 4.024447e-02
Avg Inf Time:  0.0002s
==================================================
✓ Model saved: results/nonsmooth_nonconvex/socp/SOCPProblem-100-50-50-10000/20260115-145229_MLP_sup_pen_seed0_nepochs1000_lr0.0001_trainsize7000_subopt_3_1.5/model_800.pt
Epoch 802/1000, Loss: 7.5858, Obj: 24.7189, Eq Viol (l1): 2.511126, Ineq Viol (l1): 0.028827, Epoch time: 0.20s
Epoch 803/1000, Loss: 7.5676, Obj: 24.7735, Eq Viol (l1): 2.508002, Ineq Viol (l1): 0.025578, Epoch time: 0.20s
Epoch 804/1000, Loss: 7.5810, Obj: 24.7883, Eq Viol (l1): 2.514935, Ineq Viol (l1): 0.024593, Epoch time: 0.20s
Epoch 805/1000, Loss: 7.5951, Obj: 24.7953, Eq Viol (l1): 2.512049, Ineq Viol (l1): 0.027027, Epoch time: 0.20s
Epoch 806/1000, Loss: 7.6112, Obj: 24.9081, Eq Viol (l1): 2.519689, Ineq Viol (l1): 0.024527, Epoch time: 0.19s
Epoch 807/1000, Loss: 7.6223, Obj: 24.8789, Eq Viol (l1): 2.517802, Ineq Viol (l1): 0.029365, Epoch time: 0.29s
Epoch 808/1000, Loss: 7.6286, Obj: 25.0298, Eq Viol (l1): 2.526050, Ineq Viol (l1): 0.024291, Epoch time: 0.20s
Epoch 809/1000, Loss: 7.5880, Obj: 24.8294, Eq Viol (l1): 2.518171, Ineq Viol (l1): 0.025939, Epoch time: 0.20s
Epoch 810/1000, Loss: 7.6134, Obj: 24.8291, Eq Viol (l1): 2.522327, Ineq Viol (l1): 0.026972, Epoch time: 0.20s
Epoch 811/1000, Loss: 7.6155, Obj: 24.8553, Eq Viol (l1): 2.531419, Ineq Viol (l1): 0.026755, Epoch time: 0.19s

Running validation at epoch 810...

VALIDATION_EPOCH_810 EVALUATION RESULTS:
==================================================
Obj:     2.490695e+01
Opt Gap:      4.401478e+01 ± 1.447538e+01
Eq Vio l1:   8.462496e-01 (max: 1.402007e+00)
Ineq Vio l1: 3.883999e-03 (max: 2.444455e-01)
Sol Dis:   1.866020e+02 ± 1.567752e-01
Merit:             3.340829e+01 ± 7.941737e-02
Avg Inf Time:  0.0002s
==================================================
✓ Model saved: results/nonsmooth_nonconvex/socp/SOCPProblem-100-50-50-10000/20260115-145229_MLP_sup_pen_seed0_nepochs1000_lr0.0001_trainsize7000_subopt_3_1.5/model_810.pt
Epoch 812/1000, Loss: 7.5913, Obj: 24.7791, Eq Viol (l1): 2.518195, Ineq Viol (l1): 0.026740, Epoch time: 0.20s
Epoch 813/1000, Loss: 7.6032, Obj: 24.9663, Eq Viol (l1): 2.520105, Ineq Viol (l1): 0.023992, Epoch time: 0.20s
Epoch 814/1000, Loss: 7.5550, Obj: 24.7848, Eq Viol (l1): 2.506748, Ineq Viol (l1): 0.025420, Epoch time: 0.20s
Epoch 815/1000, Loss: 7.5626, Obj: 24.7753, Eq Viol (l1): 2.508409, Ineq Viol (l1): 0.027143, Epoch time: 0.19s
Epoch 816/1000, Loss: 7.5949, Obj: 24.8156, Eq Viol (l1): 2.527401, Ineq Viol (l1): 0.026665, Epoch time: 0.19s
Epoch 817/1000, Loss: 7.5653, Obj: 24.7334, Eq Viol (l1): 2.510670, Ineq Viol (l1): 0.028357, Epoch time: 0.20s
Epoch 818/1000, Loss: 7.5819, Obj: 24.8795, Eq Viol (l1): 2.510103, Ineq Viol (l1): 0.026316, Epoch time: 0.20s
Epoch 819/1000, Loss: 7.6016, Obj: 24.9189, Eq Viol (l1): 2.521601, Ineq Viol (l1): 0.026178, Epoch time: 0.20s
Epoch 820/1000, Loss: 7.6198, Obj: 24.9570, Eq Viol (l1): 2.519079, Ineq Viol (l1): 0.027404, Epoch time: 0.20s
Epoch 821/1000, Loss: 7.6422, Obj: 25.0483, Eq Viol (l1): 2.538610, Ineq Viol (l1): 0.024713, Epoch time: 0.19s

Running validation at epoch 820...

VALIDATION_EPOCH_820 EVALUATION RESULTS:
==================================================
Obj:     2.489644e+01
Opt Gap:      4.380127e+01 ± 1.408220e+01
Eq Vio l1:   8.610575e-01 (max: 1.476799e+00)
Ineq Vio l1: 4.338309e-03 (max: 2.245676e-01)
Sol Dis:   1.862801e+02 ± 2.137583e-01
Merit:             3.355039e+01 ± 3.032406e-02
Avg Inf Time:  0.0002s
==================================================
✓ Model saved: results/nonsmooth_nonconvex/socp/SOCPProblem-100-50-50-10000/20260115-145229_MLP_sup_pen_seed0_nepochs1000_lr0.0001_trainsize7000_subopt_3_1.5/model_820.pt
Epoch 822/1000, Loss: 7.5769, Obj: 24.8275, Eq Viol (l1): 2.521780, Ineq Viol (l1): 0.025865, Epoch time: 0.20s
Epoch 823/1000, Loss: 7.5420, Obj: 24.7208, Eq Viol (l1): 2.510545, Ineq Viol (l1): 0.028024, Epoch time: 0.20s
Epoch 824/1000, Loss: 7.5834, Obj: 24.8309, Eq Viol (l1): 2.516862, Ineq Viol (l1): 0.026940, Epoch time: 0.20s
Epoch 825/1000, Loss: 7.5806, Obj: 24.8789, Eq Viol (l1): 2.520804, Ineq Viol (l1): 0.025017, Epoch time: 0.20s
Epoch 826/1000, Loss: 7.5462, Obj: 24.8553, Eq Viol (l1): 2.506092, Ineq Viol (l1): 0.025522, Epoch time: 0.19s
Epoch 827/1000, Loss: 7.5672, Obj: 24.8345, Eq Viol (l1): 2.514073, Ineq Viol (l1): 0.026815, Epoch time: 0.20s
Epoch 828/1000, Loss: 7.5580, Obj: 24.8729, Eq Viol (l1): 2.509661, Ineq Viol (l1): 0.026071, Epoch time: 0.20s
Epoch 829/1000, Loss: 7.5668, Obj: 24.8968, Eq Viol (l1): 2.511502, Ineq Viol (l1): 0.026135, Epoch time: 0.20s
Epoch 830/1000, Loss: 7.5535, Obj: 24.8790, Eq Viol (l1): 2.509422, Ineq Viol (l1): 0.026213, Epoch time: 0.19s
Epoch 831/1000, Loss: 7.5508, Obj: 24.8343, Eq Viol (l1): 2.511222, Ineq Viol (l1): 0.025734, Epoch time: 0.19s

Running validation at epoch 830...

VALIDATION_EPOCH_830 EVALUATION RESULTS:
==================================================
Obj:     2.491532e+01
Opt Gap:      4.364981e+01 ± 1.406165e+01
Eq Vio l1:   7.620027e-01 (max: 1.184949e+00)
Ineq Vio l1: 3.586162e-03 (max: 1.872792e-01)
Sol Dis:   1.862616e+02 ± 1.170730e-01
Merit:             3.257121e+01 ± 4.635396e-02
Avg Inf Time:  0.0002s
==================================================
✓ Model saved: results/nonsmooth_nonconvex/socp/SOCPProblem-100-50-50-10000/20260115-145229_MLP_sup_pen_seed0_nepochs1000_lr0.0001_trainsize7000_subopt_3_1.5/model_830.pt
Epoch 832/1000, Loss: 7.5531, Obj: 24.9186, Eq Viol (l1): 2.510059, Ineq Viol (l1): 0.025010, Epoch time: 0.20s
Epoch 833/1000, Loss: 7.5369, Obj: 24.8079, Eq Viol (l1): 2.503727, Ineq Viol (l1): 0.029089, Epoch time: 0.20s
Epoch 834/1000, Loss: 7.5486, Obj: 24.8441, Eq Viol (l1): 2.511253, Ineq Viol (l1): 0.027032, Epoch time: 0.20s
Epoch 835/1000, Loss: 7.5980, Obj: 25.0366, Eq Viol (l1): 2.521712, Ineq Viol (l1): 0.024294, Epoch time: 0.19s
Epoch 836/1000, Loss: 7.5703, Obj: 24.9275, Eq Viol (l1): 2.520056, Ineq Viol (l1): 0.024589, Epoch time: 0.19s
Epoch 837/1000, Loss: 7.5534, Obj: 24.8724, Eq Viol (l1): 2.508772, Ineq Viol (l1): 0.027344, Epoch time: 0.20s
Epoch 838/1000, Loss: 7.5428, Obj: 24.8879, Eq Viol (l1): 2.507766, Ineq Viol (l1): 0.025337, Epoch time: 0.20s
Epoch 839/1000, Loss: 7.5682, Obj: 24.8374, Eq Viol (l1): 2.521270, Ineq Viol (l1): 0.028371, Epoch time: 0.20s
Epoch 840/1000, Loss: 7.5468, Obj: 24.9662, Eq Viol (l1): 2.503899, Ineq Viol (l1): 0.023752, Epoch time: 0.19s
Epoch 841/1000, Loss: 7.5438, Obj: 24.8100, Eq Viol (l1): 2.514738, Ineq Viol (l1): 0.028371, Epoch time: 0.19s

Running validation at epoch 840...

VALIDATION_EPOCH_840 EVALUATION RESULTS:
==================================================
Obj:     2.483607e+01
Opt Gap:      4.375183e+01 ± 1.427425e+01
Eq Vio l1:   7.786718e-01 (max: 1.179530e+00)
Ineq Vio l1: 3.776101e-03 (max: 2.588093e-01)
Sol Dis:   1.858296e+02 ± 1.959229e-01
Merit:             3.266055e+01 ± 3.602271e-02
Avg Inf Time:  0.0003s
==================================================
✓ Model saved: results/nonsmooth_nonconvex/socp/SOCPProblem-100-50-50-10000/20260115-145229_MLP_sup_pen_seed0_nepochs1000_lr0.0001_trainsize7000_subopt_3_1.5/model_840.pt
Epoch 842/1000, Loss: 7.5229, Obj: 24.8081, Eq Viol (l1): 2.505644, Ineq Viol (l1): 0.025686, Epoch time: 0.20s
Epoch 843/1000, Loss: 7.5133, Obj: 24.8203, Eq Viol (l1): 2.509399, Ineq Viol (l1): 0.025676, Epoch time: 0.20s
Epoch 844/1000, Loss: 7.5369, Obj: 24.8556, Eq Viol (l1): 2.501923, Ineq Viol (l1): 0.027939, Epoch time: 0.19s
Epoch 845/1000, Loss: 7.5350, Obj: 24.9177, Eq Viol (l1): 2.506898, Ineq Viol (l1): 0.025840, Epoch time: 0.19s
Epoch 846/1000, Loss: 7.5522, Obj: 24.8926, Eq Viol (l1): 2.518964, Ineq Viol (l1): 0.025731, Epoch time: 0.20s
Epoch 847/1000, Loss: 7.5249, Obj: 24.8876, Eq Viol (l1): 2.509903, Ineq Viol (l1): 0.022639, Epoch time: 0.20s
Epoch 848/1000, Loss: 7.5658, Obj: 24.8875, Eq Viol (l1): 2.524345, Ineq Viol (l1): 0.028011, Epoch time: 0.20s
Epoch 849/1000, Loss: 7.4983, Obj: 24.7878, Eq Viol (l1): 2.497702, Ineq Viol (l1): 0.026770, Epoch time: 0.20s
Epoch 850/1000, Loss: 7.5437, Obj: 24.9045, Eq Viol (l1): 2.515380, Ineq Viol (l1): 0.025581, Epoch time: 0.19s
Epoch 851/1000, Loss: 7.5343, Obj: 24.8378, Eq Viol (l1): 2.513212, Ineq Viol (l1): 0.029432, Epoch time: 0.20s

Running validation at epoch 850...

VALIDATION_EPOCH_850 EVALUATION RESULTS:
==================================================
Obj:     2.492651e+01
Opt Gap:      4.395526e+01 ± 1.430806e+01
Eq Vio l1:   8.183735e-01 (max: 1.300780e+00)
Ineq Vio l1: 4.146530e-03 (max: 2.669204e-01)
Sol Dis:   1.859870e+02 ± 7.112893e-02
Merit:             3.315171e+01 ± 3.938224e-02
Avg Inf Time:  0.0002s
==================================================
✓ Model saved: results/nonsmooth_nonconvex/socp/SOCPProblem-100-50-50-10000/20260115-145229_MLP_sup_pen_seed0_nepochs1000_lr0.0001_trainsize7000_subopt_3_1.5/model_850.pt
Epoch 852/1000, Loss: 7.5472, Obj: 24.9301, Eq Viol (l1): 2.514997, Ineq Viol (l1): 0.027430, Epoch time: 0.20s
Epoch 853/1000, Loss: 7.5668, Obj: 24.9333, Eq Viol (l1): 2.510913, Ineq Viol (l1): 0.029578, Epoch time: 0.20s
Epoch 854/1000, Loss: 7.6126, Obj: 25.3209, Eq Viol (l1): 2.525900, Ineq Viol (l1): 0.021265, Epoch time: 0.20s
Epoch 855/1000, Loss: 7.5654, Obj: 25.0208, Eq Viol (l1): 2.522477, Ineq Viol (l1): 0.027603, Epoch time: 0.20s
Epoch 856/1000, Loss: 7.5586, Obj: 24.9647, Eq Viol (l1): 2.519037, Ineq Viol (l1): 0.027974, Epoch time: 0.20s
Epoch 857/1000, Loss: 7.5238, Obj: 24.9936, Eq Viol (l1): 2.504909, Ineq Viol (l1): 0.023764, Epoch time: 0.20s
Epoch 858/1000, Loss: 7.5289, Obj: 24.9346, Eq Viol (l1): 2.510551, Ineq Viol (l1): 0.026306, Epoch time: 0.20s
Epoch 859/1000, Loss: 7.5205, Obj: 24.9541, Eq Viol (l1): 2.501132, Ineq Viol (l1): 0.025864, Epoch time: 0.19s
Epoch 860/1000, Loss: 7.5038, Obj: 24.8006, Eq Viol (l1): 2.508512, Ineq Viol (l1): 0.027508, Epoch time: 0.20s
Epoch 861/1000, Loss: 7.5551, Obj: 24.9697, Eq Viol (l1): 2.521519, Ineq Viol (l1): 0.025445, Epoch time: 0.20s

Running validation at epoch 860...

VALIDATION_EPOCH_860 EVALUATION RESULTS:
==================================================
Obj:     2.506049e+01
Opt Gap:      4.389868e+01 ± 1.419376e+01
Eq Vio l1:   7.806951e-01 (max: 1.163252e+00)
Ineq Vio l1: 4.008574e-03 (max: 1.877026e-01)
Sol Dis:   1.862209e+02 ± 1.769053e-01
Merit:             3.290753e+01 ± 1.481188e-02
Avg Inf Time:  0.0002s
==================================================
✓ Model saved: results/nonsmooth_nonconvex/socp/SOCPProblem-100-50-50-10000/20260115-145229_MLP_sup_pen_seed0_nepochs1000_lr0.0001_trainsize7000_subopt_3_1.5/model_860.pt
Epoch 862/1000, Loss: 7.5502, Obj: 25.0313, Eq Viol (l1): 2.517686, Ineq Viol (l1): 0.026280, Epoch time: 0.20s
Epoch 863/1000, Loss: 7.5059, Obj: 24.8573, Eq Viol (l1): 2.502096, Ineq Viol (l1): 0.027522, Epoch time: 0.20s
Epoch 864/1000, Loss: 7.5249, Obj: 24.9792, Eq Viol (l1): 2.504661, Ineq Viol (l1): 0.025277, Epoch time: 0.19s
Epoch 865/1000, Loss: 7.5163, Obj: 24.9814, Eq Viol (l1): 2.506257, Ineq Viol (l1): 0.024188, Epoch time: 0.20s
Epoch 866/1000, Loss: 7.5067, Obj: 24.8945, Eq Viol (l1): 2.500026, Ineq Viol (l1): 0.027021, Epoch time: 0.20s
Epoch 867/1000, Loss: 7.5327, Obj: 24.9700, Eq Viol (l1): 2.514947, Ineq Viol (l1): 0.027519, Epoch time: 0.20s
Epoch 868/1000, Loss: 7.5200, Obj: 24.9074, Eq Viol (l1): 2.515832, Ineq Viol (l1): 0.024978, Epoch time: 0.20s
Epoch 869/1000, Loss: 7.4995, Obj: 24.8833, Eq Viol (l1): 2.501532, Ineq Viol (l1): 0.026892, Epoch time: 0.19s
Epoch 870/1000, Loss: 7.5310, Obj: 24.9607, Eq Viol (l1): 2.508712, Ineq Viol (l1): 0.028165, Epoch time: 0.20s
Epoch 871/1000, Loss: 7.5443, Obj: 25.0862, Eq Viol (l1): 2.508964, Ineq Viol (l1): 0.024560, Epoch time: 0.20s

Running validation at epoch 870...

VALIDATION_EPOCH_870 EVALUATION RESULTS:
==================================================
Obj:     2.491849e+01
Opt Gap:      4.369111e+01 ± 1.403687e+01
Eq Vio l1:   8.436252e-01 (max: 1.521301e+00)
Ineq Vio l1: 4.719474e-03 (max: 3.869540e-01)
Sol Dis:   1.856023e+02 ± 4.190452e-02
Merit:             3.340194e+01 ± 6.097606e-03
Avg Inf Time:  0.0002s
==================================================
✓ Model saved: results/nonsmooth_nonconvex/socp/SOCPProblem-100-50-50-10000/20260115-145229_MLP_sup_pen_seed0_nepochs1000_lr0.0001_trainsize7000_subopt_3_1.5/model_870.pt
Epoch 872/1000, Loss: 7.5679, Obj: 25.1050, Eq Viol (l1): 2.524668, Ineq Viol (l1): 0.025360, Epoch time: 0.20s
Epoch 873/1000, Loss: 7.5479, Obj: 24.9791, Eq Viol (l1): 2.511784, Ineq Viol (l1): 0.028355, Epoch time: 0.20s
Epoch 874/1000, Loss: 7.5244, Obj: 25.0097, Eq Viol (l1): 2.512739, Ineq Viol (l1): 0.024657, Epoch time: 0.20s
Epoch 875/1000, Loss: 7.5251, Obj: 24.8576, Eq Viol (l1): 2.511872, Ineq Viol (l1): 0.030898, Epoch time: 0.20s
Epoch 876/1000, Loss: 7.5488, Obj: 25.1758, Eq Viol (l1): 2.513560, Ineq Viol (l1): 0.021423, Epoch time: 0.29s
Epoch 877/1000, Loss: 7.5555, Obj: 24.9398, Eq Viol (l1): 2.521697, Ineq Viol (l1): 0.028503, Epoch time: 0.20s
Epoch 878/1000, Loss: 7.5565, Obj: 25.1452, Eq Viol (l1): 2.519391, Ineq Viol (l1): 0.024621, Epoch time: 0.19s
Epoch 879/1000, Loss: 7.5362, Obj: 24.9900, Eq Viol (l1): 2.516895, Ineq Viol (l1): 0.026920, Epoch time: 0.19s
Epoch 880/1000, Loss: 7.5125, Obj: 24.9867, Eq Viol (l1): 2.508175, Ineq Viol (l1): 0.026098, Epoch time: 0.20s
Epoch 881/1000, Loss: 7.4735, Obj: 24.8602, Eq Viol (l1): 2.497647, Ineq Viol (l1): 0.026486, Epoch time: 0.20s

Running validation at epoch 880...

VALIDATION_EPOCH_880 EVALUATION RESULTS:
==================================================
Obj:     2.488127e+01
Opt Gap:      4.321030e+01 ± 1.388347e+01
Eq Vio l1:   7.764618e-01 (max: 1.203355e+00)
Ineq Vio l1: 6.286898e-03 (max: 4.643319e-01)
Sol Dis:   1.853717e+02 ± 1.804536e-01
Merit:             3.270876e+01 ± 2.848689e-02
Avg Inf Time:  0.0002s
==================================================
✓ Model saved: results/nonsmooth_nonconvex/socp/SOCPProblem-100-50-50-10000/20260115-145229_MLP_sup_pen_seed0_nepochs1000_lr0.0001_trainsize7000_subopt_3_1.5/model_880.pt
Epoch 882/1000, Loss: 7.5165, Obj: 24.9280, Eq Viol (l1): 2.514994, Ineq Viol (l1): 0.026630, Epoch time: 0.20s
Epoch 883/1000, Loss: 7.5079, Obj: 24.9000, Eq Viol (l1): 2.512349, Ineq Viol (l1): 0.026406, Epoch time: 0.19s
Epoch 884/1000, Loss: 7.5546, Obj: 25.1161, Eq Viol (l1): 2.511156, Ineq Viol (l1): 0.026277, Epoch time: 0.20s
Epoch 885/1000, Loss: 7.5242, Obj: 25.0923, Eq Viol (l1): 2.502748, Ineq Viol (l1): 0.026541, Epoch time: 0.20s
Epoch 886/1000, Loss: 7.5268, Obj: 25.1111, Eq Viol (l1): 2.508919, Ineq Viol (l1): 0.024703, Epoch time: 0.20s
Epoch 887/1000, Loss: 7.5398, Obj: 25.0884, Eq Viol (l1): 2.507327, Ineq Viol (l1): 0.026385, Epoch time: 0.20s
Epoch 888/1000, Loss: 7.5180, Obj: 25.0013, Eq Viol (l1): 2.509572, Ineq Viol (l1): 0.027708, Epoch time: 0.19s
Epoch 889/1000, Loss: 7.5082, Obj: 24.9807, Eq Viol (l1): 2.509134, Ineq Viol (l1): 0.026574, Epoch time: 0.19s
Epoch 890/1000, Loss: 7.5039, Obj: 24.9383, Eq Viol (l1): 2.509442, Ineq Viol (l1): 0.027247, Epoch time: 0.20s
Epoch 891/1000, Loss: 7.4985, Obj: 24.9125, Eq Viol (l1): 2.515696, Ineq Viol (l1): 0.026654, Epoch time: 0.20s

Running validation at epoch 890...

VALIDATION_EPOCH_890 EVALUATION RESULTS:
==================================================
Obj:     2.493297e+01
Opt Gap:      4.378773e+01 ± 1.417611e+01
Eq Vio l1:   8.113053e-01 (max: 1.196062e+00)
Ineq Vio l1: 4.773261e-03 (max: 3.865526e-01)
Sol Dis:   1.854315e+02 ± 1.508928e-01
Merit:             3.309375e+01 ± 3.779428e-03
Avg Inf Time:  0.0002s
==================================================
✓ Model saved: results/nonsmooth_nonconvex/socp/SOCPProblem-100-50-50-10000/20260115-145229_MLP_sup_pen_seed0_nepochs1000_lr0.0001_trainsize7000_subopt_3_1.5/model_890.pt
Epoch 892/1000, Loss: 7.5126, Obj: 24.9690, Eq Viol (l1): 2.508861, Ineq Viol (l1): 0.028202, Epoch time: 0.20s
Epoch 893/1000, Loss: 7.5235, Obj: 25.0794, Eq Viol (l1): 2.520083, Ineq Viol (l1): 0.022538, Epoch time: 0.19s
Epoch 894/1000, Loss: 7.5135, Obj: 24.9444, Eq Viol (l1): 2.515401, Ineq Viol (l1): 0.028908, Epoch time: 0.20s
Epoch 895/1000, Loss: 7.4904, Obj: 25.0223, Eq Viol (l1): 2.499506, Ineq Viol (l1): 0.025194, Epoch time: 0.20s
Epoch 896/1000, Loss: 7.4910, Obj: 24.9922, Eq Viol (l1): 2.501390, Ineq Viol (l1): 0.026937, Epoch time: 0.20s
Epoch 897/1000, Loss: 7.5157, Obj: 25.0025, Eq Viol (l1): 2.512125, Ineq Viol (l1): 0.026678, Epoch time: 0.20s
Epoch 898/1000, Loss: 7.4785, Obj: 24.9675, Eq Viol (l1): 2.496963, Ineq Viol (l1): 0.025998, Epoch time: 0.20s
Epoch 899/1000, Loss: 7.5037, Obj: 24.8899, Eq Viol (l1): 2.514418, Ineq Viol (l1): 0.029508, Epoch time: 0.20s
Epoch 900/1000, Loss: 7.5111, Obj: 25.1487, Eq Viol (l1): 2.507807, Ineq Viol (l1): 0.021733, Epoch time: 0.20s
Epoch 901/1000, Loss: 7.4713, Obj: 24.8180, Eq Viol (l1): 2.507877, Ineq Viol (l1): 0.029599, Epoch time: 0.20s

Running validation at epoch 900...

VALIDATION_EPOCH_900 EVALUATION RESULTS:
==================================================
Obj:     2.504635e+01
Opt Gap:      4.389462e+01 ± 1.435767e+01
Eq Vio l1:   7.820404e-01 (max: 1.219157e+00)
Ineq Vio l1: 5.081682e-03 (max: 3.247741e-01)
Sol Dis:   1.857597e+02 ± 1.794197e-01
Merit:             3.291757e+01 ± 7.795133e-03
Avg Inf Time:  0.0002s
==================================================
✓ Model saved: results/nonsmooth_nonconvex/socp/SOCPProblem-100-50-50-10000/20260115-145229_MLP_sup_pen_seed0_nepochs1000_lr0.0001_trainsize7000_subopt_3_1.5/model_900.pt
Epoch 902/1000, Loss: 7.4914, Obj: 25.0288, Eq Viol (l1): 2.504740, Ineq Viol (l1): 0.024245, Epoch time: 0.20s
Epoch 903/1000, Loss: 7.4740, Obj: 24.8814, Eq Viol (l1): 2.503049, Ineq Viol (l1): 0.029001, Epoch time: 0.19s
Epoch 904/1000, Loss: 7.4895, Obj: 24.9851, Eq Viol (l1): 2.506341, Ineq Viol (l1): 0.024303, Epoch time: 0.20s
Epoch 905/1000, Loss: 7.4874, Obj: 24.9060, Eq Viol (l1): 2.505814, Ineq Viol (l1): 0.029792, Epoch time: 0.20s
Epoch 906/1000, Loss: 7.4957, Obj: 25.0679, Eq Viol (l1): 2.509369, Ineq Viol (l1): 0.022857, Epoch time: 0.20s
Epoch 907/1000, Loss: 7.4939, Obj: 24.9402, Eq Viol (l1): 2.515378, Ineq Viol (l1): 0.026978, Epoch time: 0.20s
Epoch 908/1000, Loss: 7.4888, Obj: 24.8991, Eq Viol (l1): 2.505110, Ineq Viol (l1): 0.029243, Epoch time: 0.20s
Epoch 909/1000, Loss: 7.5102, Obj: 25.1257, Eq Viol (l1): 2.504601, Ineq Viol (l1): 0.025357, Epoch time: 0.20s
Epoch 910/1000, Loss: 7.5140, Obj: 25.1376, Eq Viol (l1): 2.510057, Ineq Viol (l1): 0.024118, Epoch time: 0.20s
Epoch 911/1000, Loss: 7.5047, Obj: 25.0083, Eq Viol (l1): 2.505440, Ineq Viol (l1): 0.029909, Epoch time: 0.30s

Running validation at epoch 910...

VALIDATION_EPOCH_910 EVALUATION RESULTS:
==================================================
Obj:     2.524854e+01
Opt Gap:      4.403272e+01 ± 1.408836e+01
Eq Vio l1:   8.621698e-01 (max: 1.537494e+00)
Ineq Vio l1: 3.566788e-03 (max: 3.753511e-01)
Sol Dis:   1.863519e+02 ± 1.871952e-01
Merit:             3.390591e+01 ± 1.611750e-02
Avg Inf Time:  0.0002s
==================================================
✓ Model saved: results/nonsmooth_nonconvex/socp/SOCPProblem-100-50-50-10000/20260115-145229_MLP_sup_pen_seed0_nepochs1000_lr0.0001_trainsize7000_subopt_3_1.5/model_910.pt
Epoch 912/1000, Loss: 7.5188, Obj: 25.1529, Eq Viol (l1): 2.519251, Ineq Viol (l1): 0.022506, Epoch time: 0.20s
Epoch 913/1000, Loss: 7.4913, Obj: 24.9377, Eq Viol (l1): 2.513522, Ineq Viol (l1): 0.027864, Epoch time: 0.20s
Epoch 914/1000, Loss: 7.5402, Obj: 25.1202, Eq Viol (l1): 2.519928, Ineq Viol (l1): 0.025484, Epoch time: 0.20s
Epoch 915/1000, Loss: 7.5033, Obj: 25.0294, Eq Viol (l1): 2.508460, Ineq Viol (l1): 0.028266, Epoch time: 0.20s
Epoch 916/1000, Loss: 7.4733, Obj: 24.9509, Eq Viol (l1): 2.507007, Ineq Viol (l1): 0.024032, Epoch time: 0.20s
Epoch 917/1000, Loss: 7.4827, Obj: 24.9371, Eq Viol (l1): 2.512134, Ineq Viol (l1): 0.026366, Epoch time: 0.19s
Epoch 918/1000, Loss: 7.4686, Obj: 24.9151, Eq Viol (l1): 2.505094, Ineq Viol (l1): 0.027228, Epoch time: 0.20s
Epoch 919/1000, Loss: 7.4844, Obj: 25.0534, Eq Viol (l1): 2.503860, Ineq Viol (l1): 0.024618, Epoch time: 0.20s
Epoch 920/1000, Loss: 7.4741, Obj: 24.9346, Eq Viol (l1): 2.501065, Ineq Viol (l1): 0.029364, Epoch time: 0.20s
Epoch 921/1000, Loss: 7.5229, Obj: 25.2256, Eq Viol (l1): 2.517208, Ineq Viol (l1): 0.023424, Epoch time: 0.20s

Running validation at epoch 920...

VALIDATION_EPOCH_920 EVALUATION RESULTS:
==================================================
Obj:     2.512985e+01
Opt Gap:      4.425183e+01 ± 1.448644e+01
Eq Vio l1:   8.033956e-01 (max: 1.276927e+00)
Ineq Vio l1: 5.168857e-03 (max: 4.214937e-01)
Sol Dis:   1.858301e+02 ± 1.169636e-01
Merit:             3.321550e+01 ± 3.924247e-03
Avg Inf Time:  0.0002s
==================================================
✓ Model saved: results/nonsmooth_nonconvex/socp/SOCPProblem-100-50-50-10000/20260115-145229_MLP_sup_pen_seed0_nepochs1000_lr0.0001_trainsize7000_subopt_3_1.5/model_920.pt
Epoch 922/1000, Loss: 7.4882, Obj: 25.0439, Eq Viol (l1): 2.506755, Ineq Viol (l1): 0.026623, Epoch time: 0.20s
Epoch 923/1000, Loss: 7.5096, Obj: 25.0469, Eq Viol (l1): 2.510798, Ineq Viol (l1): 0.027458, Epoch time: 0.20s
Epoch 924/1000, Loss: 7.4961, Obj: 25.0138, Eq Viol (l1): 2.507220, Ineq Viol (l1): 0.028160, Epoch time: 0.20s
Epoch 925/1000, Loss: 7.4851, Obj: 25.0988, Eq Viol (l1): 2.503409, Ineq Viol (l1): 0.023737, Epoch time: 0.20s
Epoch 926/1000, Loss: 7.4689, Obj: 24.9650, Eq Viol (l1): 2.503786, Ineq Viol (l1): 0.027268, Epoch time: 0.19s
Epoch 927/1000, Loss: 7.4834, Obj: 24.9573, Eq Viol (l1): 2.504731, Ineq Viol (l1): 0.028782, Epoch time: 0.19s
Epoch 928/1000, Loss: 7.4850, Obj: 25.1538, Eq Viol (l1): 2.499005, Ineq Viol (l1): 0.024344, Epoch time: 0.20s
Epoch 929/1000, Loss: 7.4705, Obj: 25.0085, Eq Viol (l1): 2.501261, Ineq Viol (l1): 0.027575, Epoch time: 0.20s
Epoch 930/1000, Loss: 7.4995, Obj: 25.1690, Eq Viol (l1): 2.505841, Ineq Viol (l1): 0.026090, Epoch time: 0.20s
Epoch 931/1000, Loss: 7.4475, Obj: 24.9575, Eq Viol (l1): 2.491950, Ineq Viol (l1): 0.028843, Epoch time: 0.20s

Running validation at epoch 930...

VALIDATION_EPOCH_930 EVALUATION RESULTS:
==================================================
Obj:     2.516280e+01
Opt Gap:      4.404932e+01 ± 1.421569e+01
Eq Vio l1:   8.198760e-01 (max: 1.282620e+00)
Ineq Vio l1: 4.204927e-03 (max: 2.659913e-01)
Sol Dis:   1.858379e+02 ± 7.282298e-02
Merit:             3.340361e+01 ± 2.523621e-02
Avg Inf Time:  0.0002s
==================================================
✓ Model saved: results/nonsmooth_nonconvex/socp/SOCPProblem-100-50-50-10000/20260115-145229_MLP_sup_pen_seed0_nepochs1000_lr0.0001_trainsize7000_subopt_3_1.5/model_930.pt
Epoch 932/1000, Loss: 7.4975, Obj: 25.0459, Eq Viol (l1): 2.519630, Ineq Viol (l1): 0.023587, Epoch time: 0.20s
Epoch 933/1000, Loss: 7.4875, Obj: 25.0536, Eq Viol (l1): 2.512295, Ineq Viol (l1): 0.027014, Epoch time: 0.20s
Epoch 934/1000, Loss: 7.5122, Obj: 25.1504, Eq Viol (l1): 2.509032, Ineq Viol (l1): 0.027386, Epoch time: 0.20s
Epoch 935/1000, Loss: 7.5192, Obj: 25.2069, Eq Viol (l1): 2.519567, Ineq Viol (l1): 0.023459, Epoch time: 0.20s
Epoch 936/1000, Loss: 7.4997, Obj: 25.0793, Eq Viol (l1): 2.518451, Ineq Viol (l1): 0.026738, Epoch time: 0.20s
Epoch 937/1000, Loss: 7.4782, Obj: 25.0089, Eq Viol (l1): 2.511679, Ineq Viol (l1): 0.027439, Epoch time: 0.19s
Epoch 938/1000, Loss: 7.5085, Obj: 25.1408, Eq Viol (l1): 2.516304, Ineq Viol (l1): 0.025559, Epoch time: 0.20s
Epoch 939/1000, Loss: 7.4591, Obj: 24.9590, Eq Viol (l1): 2.502084, Ineq Viol (l1): 0.029305, Epoch time: 0.20s
Epoch 940/1000, Loss: 7.4824, Obj: 25.1346, Eq Viol (l1): 2.502770, Ineq Viol (l1): 0.025838, Epoch time: 0.20s
Epoch 941/1000, Loss: 7.4749, Obj: 25.0975, Eq Viol (l1): 2.500444, Ineq Viol (l1): 0.025284, Epoch time: 0.19s

Running validation at epoch 940...

VALIDATION_EPOCH_940 EVALUATION RESULTS:
==================================================
Obj:     2.520404e+01
Opt Gap:      4.440352e+01 ± 1.452475e+01
Eq Vio l1:   8.265569e-01 (max: 1.477331e+00)
Ineq Vio l1: 6.670707e-03 (max: 6.511928e-01)
Sol Dis:   1.858613e+02 ± 1.999261e-01
Merit:             3.353632e+01 ± 9.161326e-03
Avg Inf Time:  0.0002s
==================================================
✓ Model saved: results/nonsmooth_nonconvex/socp/SOCPProblem-100-50-50-10000/20260115-145229_MLP_sup_pen_seed0_nepochs1000_lr0.0001_trainsize7000_subopt_3_1.5/model_940.pt
Epoch 942/1000, Loss: 7.4824, Obj: 25.1216, Eq Viol (l1): 2.507794, Ineq Viol (l1): 0.025056, Epoch time: 0.20s
Epoch 943/1000, Loss: 7.4560, Obj: 24.9686, Eq Viol (l1): 2.497582, Ineq Viol (l1): 0.028930, Epoch time: 0.20s
Epoch 944/1000, Loss: 7.4661, Obj: 25.0494, Eq Viol (l1): 2.504332, Ineq Viol (l1): 0.025940, Epoch time: 0.20s
Epoch 945/1000, Loss: 7.4533, Obj: 24.9846, Eq Viol (l1): 2.505182, Ineq Viol (l1): 0.025159, Epoch time: 0.20s
Epoch 946/1000, Loss: 7.4642, Obj: 25.0002, Eq Viol (l1): 2.502150, Ineq Viol (l1): 0.027014, Epoch time: 0.20s
Epoch 947/1000, Loss: 7.4790, Obj: 25.0363, Eq Viol (l1): 2.506901, Ineq Viol (l1): 0.027551, Epoch time: 0.29s
Epoch 948/1000, Loss: 7.4839, Obj: 25.0837, Eq Viol (l1): 2.508781, Ineq Viol (l1): 0.026344, Epoch time: 0.20s
Epoch 949/1000, Loss: 7.4653, Obj: 25.0425, Eq Viol (l1): 2.504744, Ineq Viol (l1): 0.025033, Epoch time: 0.20s
Epoch 950/1000, Loss: 7.4544, Obj: 25.0430, Eq Viol (l1): 2.496693, Ineq Viol (l1): 0.025658, Epoch time: 0.20s
Epoch 951/1000, Loss: 7.4863, Obj: 25.0821, Eq Viol (l1): 2.503210, Ineq Viol (l1): 0.028427, Epoch time: 0.19s

Running validation at epoch 950...

VALIDATION_EPOCH_950 EVALUATION RESULTS:
==================================================
Obj:     2.526917e+01
Opt Gap:      4.432315e+01 ± 1.433155e+01
Eq Vio l1:   8.164990e-01 (max: 1.411908e+00)
Ineq Vio l1: 4.703090e-03 (max: 2.510765e-01)
Sol Dis:   1.860724e+02 ± 9.200603e-02
Merit:             3.348120e+01 ± 3.726598e-03
Avg Inf Time:  0.0002s
==================================================
✓ Model saved: results/nonsmooth_nonconvex/socp/SOCPProblem-100-50-50-10000/20260115-145229_MLP_sup_pen_seed0_nepochs1000_lr0.0001_trainsize7000_subopt_3_1.5/model_950.pt
Epoch 952/1000, Loss: 7.4725, Obj: 25.1641, Eq Viol (l1): 2.506837, Ineq Viol (l1): 0.022796, Epoch time: 0.20s
Epoch 953/1000, Loss: 7.4928, Obj: 25.1899, Eq Viol (l1): 2.505242, Ineq Viol (l1): 0.026114, Epoch time: 0.20s
Epoch 954/1000, Loss: 7.4706, Obj: 25.0308, Eq Viol (l1): 2.500964, Ineq Viol (l1): 0.029703, Epoch time: 0.20s
Epoch 955/1000, Loss: 7.4686, Obj: 25.1357, Eq Viol (l1): 2.504433, Ineq Viol (l1): 0.022212, Epoch time: 0.20s
Epoch 956/1000, Loss: 7.4708, Obj: 24.9633, Eq Viol (l1): 2.500492, Ineq Viol (l1): 0.030857, Epoch time: 0.19s
Epoch 957/1000, Loss: 7.4899, Obj: 25.1749, Eq Viol (l1): 2.513007, Ineq Viol (l1): 0.024438, Epoch time: 0.20s
Epoch 958/1000, Loss: 7.4793, Obj: 25.1135, Eq Viol (l1): 2.505015, Ineq Viol (l1): 0.025554, Epoch time: 0.20s
Epoch 959/1000, Loss: 7.4970, Obj: 25.1082, Eq Viol (l1): 2.511843, Ineq Viol (l1): 0.028868, Epoch time: 0.20s
Epoch 960/1000, Loss: 7.4639, Obj: 25.0994, Eq Viol (l1): 2.506678, Ineq Viol (l1): 0.024768, Epoch time: 0.19s
Epoch 961/1000, Loss: 7.4576, Obj: 25.0873, Eq Viol (l1): 2.500809, Ineq Viol (l1): 0.025306, Epoch time: 0.19s

Running validation at epoch 960...

VALIDATION_EPOCH_960 EVALUATION RESULTS:
==================================================
Obj:     2.494157e+01
Opt Gap:      4.393172e+01 ± 1.413491e+01
Eq Vio l1:   8.007806e-01 (max: 1.203099e+00)
Ineq Vio l1: 7.307318e-03 (max: 8.754098e-01)
Sol Dis:   1.848467e+02 ± 2.122795e-01
Merit:             3.302245e+01 ± 7.748710e-03
Avg Inf Time:  0.0002s
==================================================
✓ Model saved: results/nonsmooth_nonconvex/socp/SOCPProblem-100-50-50-10000/20260115-145229_MLP_sup_pen_seed0_nepochs1000_lr0.0001_trainsize7000_subopt_3_1.5/model_960.pt
Epoch 962/1000, Loss: 7.4746, Obj: 25.1033, Eq Viol (l1): 2.502316, Ineq Viol (l1): 0.027494, Epoch time: 0.20s
Epoch 963/1000, Loss: 7.4679, Obj: 25.0872, Eq Viol (l1): 2.505906, Ineq Viol (l1): 0.027121, Epoch time: 0.20s
Epoch 964/1000, Loss: 7.4895, Obj: 25.0953, Eq Viol (l1): 2.509545, Ineq Viol (l1): 0.027910, Epoch time: 0.20s
Epoch 965/1000, Loss: 7.4801, Obj: 25.1310, Eq Viol (l1): 2.514954, Ineq Viol (l1): 0.024084, Epoch time: 0.19s
Epoch 966/1000, Loss: 7.4366, Obj: 24.9250, Eq Viol (l1): 2.504169, Ineq Viol (l1): 0.029599, Epoch time: 0.20s
Epoch 967/1000, Loss: 7.4466, Obj: 25.0135, Eq Viol (l1): 2.496818, Ineq Viol (l1): 0.026770, Epoch time: 0.20s
Epoch 968/1000, Loss: 7.4612, Obj: 25.0588, Eq Viol (l1): 2.499530, Ineq Viol (l1): 0.028232, Epoch time: 0.20s
Epoch 969/1000, Loss: 7.4821, Obj: 25.2773, Eq Viol (l1): 2.507206, Ineq Viol (l1): 0.020182, Epoch time: 0.20s
Epoch 970/1000, Loss: 7.4651, Obj: 25.0690, Eq Viol (l1): 2.506038, Ineq Viol (l1): 0.031036, Epoch time: 0.19s
Epoch 971/1000, Loss: 7.4840, Obj: 25.0677, Eq Viol (l1): 2.509008, Ineq Viol (l1): 0.027772, Epoch time: 0.19s

Running validation at epoch 970...

VALIDATION_EPOCH_970 EVALUATION RESULTS:
==================================================
Obj:     2.514583e+01
Opt Gap:      4.377864e+01 ± 1.394635e+01
Eq Vio l1:   8.145254e-01 (max: 1.236270e+00)
Ineq Vio l1: 4.789143e-03 (max: 3.087152e-01)
Sol Dis:   1.854610e+02 ± 4.924382e-02
Merit:             3.333898e+01 ± 4.686410e-02
Avg Inf Time:  0.0002s
==================================================
✓ Model saved: results/nonsmooth_nonconvex/socp/SOCPProblem-100-50-50-10000/20260115-145229_MLP_sup_pen_seed0_nepochs1000_lr0.0001_trainsize7000_subopt_3_1.5/model_970.pt
Epoch 972/1000, Loss: 7.4639, Obj: 25.1541, Eq Viol (l1): 2.500031, Ineq Viol (l1): 0.023842, Epoch time: 0.20s
Epoch 973/1000, Loss: 7.4575, Obj: 25.0592, Eq Viol (l1): 2.505192, Ineq Viol (l1): 0.026516, Epoch time: 0.20s
Epoch 974/1000, Loss: 7.4583, Obj: 25.0672, Eq Viol (l1): 2.503264, Ineq Viol (l1): 0.027407, Epoch time: 0.20s
Epoch 975/1000, Loss: 7.4423, Obj: 25.0388, Eq Viol (l1): 2.499189, Ineq Viol (l1): 0.026509, Epoch time: 0.19s
Epoch 976/1000, Loss: 7.4605, Obj: 25.0423, Eq Viol (l1): 2.509687, Ineq Viol (l1): 0.028375, Epoch time: 0.20s
Epoch 977/1000, Loss: 7.4854, Obj: 25.0963, Eq Viol (l1): 2.518506, Ineq Viol (l1): 0.026722, Epoch time: 0.20s
Epoch 978/1000, Loss: 7.4303, Obj: 25.0523, Eq Viol (l1): 2.493896, Ineq Viol (l1): 0.024537, Epoch time: 0.20s
Epoch 979/1000, Loss: 7.4285, Obj: 24.9745, Eq Viol (l1): 2.495799, Ineq Viol (l1): 0.028569, Epoch time: 0.20s
Epoch 980/1000, Loss: 7.4430, Obj: 24.9763, Eq Viol (l1): 2.504472, Ineq Viol (l1): 0.026787, Epoch time: 0.20s
Epoch 981/1000, Loss: 7.4288, Obj: 25.0288, Eq Viol (l1): 2.498163, Ineq Viol (l1): 0.025544, Epoch time: 0.19s

Running validation at epoch 980...

VALIDATION_EPOCH_980 EVALUATION RESULTS:
==================================================
Obj:     2.492916e+01
Opt Gap:      4.377198e+01 ± 1.420063e+01
Eq Vio l1:   7.210362e-01 (max: 1.065544e+00)
Ineq Vio l1: 5.978313e-03 (max: 5.165152e-01)
Sol Dis:   1.846948e+02 ± 1.966919e-01
Merit:             3.219930e+01 ± 1.245060e-02
Avg Inf Time:  0.0003s
==================================================
✓ Model saved: results/nonsmooth_nonconvex/socp/SOCPProblem-100-50-50-10000/20260115-145229_MLP_sup_pen_seed0_nepochs1000_lr0.0001_trainsize7000_subopt_3_1.5/model_980.pt
Epoch 982/1000, Loss: 7.4176, Obj: 24.9593, Eq Viol (l1): 2.493747, Ineq Viol (l1): 0.025957, Epoch time: 0.20s
Epoch 983/1000, Loss: 7.4316, Obj: 25.0753, Eq Viol (l1): 2.498503, Ineq Viol (l1): 0.024932, Epoch time: 0.20s
Epoch 984/1000, Loss: 7.4382, Obj: 24.9825, Eq Viol (l1): 2.499910, Ineq Viol (l1): 0.029380, Epoch time: 0.20s
Epoch 985/1000, Loss: 7.4407, Obj: 25.0119, Eq Viol (l1): 2.504467, Ineq Viol (l1): 0.026429, Epoch time: 0.20s
Epoch 986/1000, Loss: 7.4799, Obj: 25.2173, Eq Viol (l1): 2.505826, Ineq Viol (l1): 0.025642, Epoch time: 0.20s
Epoch 987/1000, Loss: 7.4778, Obj: 25.1506, Eq Viol (l1): 2.508043, Ineq Viol (l1): 0.027429, Epoch time: 0.20s
Epoch 988/1000, Loss: 7.4612, Obj: 25.1335, Eq Viol (l1): 2.502082, Ineq Viol (l1): 0.025890, Epoch time: 0.20s
Epoch 989/1000, Loss: 7.4228, Obj: 24.9459, Eq Viol (l1): 2.494594, Ineq Viol (l1): 0.030342, Epoch time: 0.19s
Epoch 990/1000, Loss: 7.4716, Obj: 25.1616, Eq Viol (l1): 2.512983, Ineq Viol (l1): 0.022486, Epoch time: 0.19s
Epoch 991/1000, Loss: 7.4329, Obj: 24.9545, Eq Viol (l1): 2.498085, Ineq Viol (l1): 0.030211, Epoch time: 0.20s

Running validation at epoch 990...

VALIDATION_EPOCH_990 EVALUATION RESULTS:
==================================================
Obj:     2.526726e+01
Opt Gap:      4.421856e+01 ± 1.426978e+01
Eq Vio l1:   7.831077e-01 (max: 1.201645e+00)
Ineq Vio l1: 5.645770e-03 (max: 3.474910e-01)
Sol Dis:   1.857978e+02 ± 1.651017e-01
Merit:             3.315479e+01 ± 4.549761e-02
Avg Inf Time:  0.0002s
==================================================
✓ Model saved: results/nonsmooth_nonconvex/socp/SOCPProblem-100-50-50-10000/20260115-145229_MLP_sup_pen_seed0_nepochs1000_lr0.0001_trainsize7000_subopt_3_1.5/model_990.pt
Epoch 992/1000, Loss: 7.4608, Obj: 25.1813, Eq Viol (l1): 2.504510, Ineq Viol (l1): 0.024738, Epoch time: 0.20s
Epoch 993/1000, Loss: 7.4134, Obj: 24.9375, Eq Viol (l1): 2.499043, Ineq Viol (l1): 0.027438, Epoch time: 0.20s
Epoch 994/1000, Loss: 7.4117, Obj: 24.9840, Eq Viol (l1): 2.493169, Ineq Viol (l1): 0.025614, Epoch time: 0.20s
Epoch 995/1000, Loss: 7.4640, Obj: 25.0997, Eq Viol (l1): 2.503384, Ineq Viol (l1): 0.027543, Epoch time: 0.19s
Epoch 996/1000, Loss: 7.4607, Obj: 25.2013, Eq Viol (l1): 2.498170, Ineq Viol (l1): 0.023880, Epoch time: 0.20s
Epoch 997/1000, Loss: 7.4507, Obj: 25.0953, Eq Viol (l1): 2.506914, Ineq Viol (l1): 0.026832, Epoch time: 0.20s
Epoch 998/1000, Loss: 7.4340, Obj: 25.0815, Eq Viol (l1): 2.491660, Ineq Viol (l1): 0.027717, Epoch time: 0.20s
Epoch 999/1000, Loss: 7.4539, Obj: 25.0887, Eq Viol (l1): 2.507942, Ineq Viol (l1): 0.026508, Epoch time: 0.20s
Epoch 1000/1000, Loss: 7.4552, Obj: 25.1835, Eq Viol (l1): 2.501500, Ineq Viol (l1): 0.025203, Epoch time: 0.19s

Training completed in 205.51 seconds.

============================================================
COMPREHENSIVE TEST EVALUATION WITH DETAILED RESULTS
============================================================
Testing with batch sizes: [256, 512]

Evaluating with batch size: 256 (with detailed results)

TEST_BS256 EVALUATION RESULTS:
==================================================
Obj:     2.521953e+01
Opt Gap:      6.984421e+01 ± 6.652072e+01
Eq Vio l1:   8.025100e-01 (max: 1.166080e+00)
Ineq Vio l1: 6.004504e-03 (max: 3.815705e-01)
Sol Dis:   1.865094e+02 ± 1.017635e+00
Merit:             3.330467e+01 ± 7.996745e-02
Avg Inf Time:  0.0002s
==================================================

Evaluating with batch size: 512 (with detailed results)

TEST_BS512 EVALUATION RESULTS:
==================================================
Obj:     2.522130e+01
Opt Gap:      6.939760e+01 ± 4.024877e+01
Eq Vio l1:   8.024356e-01 (max: 1.186514e+00)
Ineq Vio l1: 5.906710e-03 (max: 5.421449e-01)
Sol Dis:   1.864729e+02 ± 3.752937e-01
Merit:             3.330472e+01 ± 6.923181e-02
Avg Inf Time:  0.0002s
==================================================

TEST BATCH SIZE COMPARISON:
================================================================================
Batch Size   Objective    Opt Gap      Eq Viol      Ineq Viol    Time (s)  
--------------------------------------------------------------------------------
256          2.5220e+01   6.9844e+01   8.0251e-01   6.0045e-03   0.00      
512          2.5221e+01   6.9398e+01   8.0244e-01   5.9067e-03   0.00      
================================================================================

Saving model and results to: results/nonsmooth_nonconvex/socp/SOCPProblem-100-50-50-10000/20260115-145229_MLP_sup_pen_seed0_nepochs1000_lr0.0001_trainsize7000_subopt_3_1.5
✓ Model saved: results/nonsmooth_nonconvex/socp/SOCPProblem-100-50-50-10000/20260115-145229_MLP_sup_pen_seed0_nepochs1000_lr0.0001_trainsize7000_subopt_3_1.5/model.pt
✓ Detailed results saved: results/nonsmooth_nonconvex/socp/SOCPProblem-100-50-50-10000/20260115-145229_MLP_sup_pen_seed0_nepochs1000_lr0.0001_trainsize7000_subopt_3_1.5/results.pkl

Files saved (or attempted):
  - model.pt (model weights and architecture)
  - results.pkl (training history, metrics, detailed test results)
Training and testing completed in 207.86 seconds
Done!!!
