==============================================
 Job started at: 2026-01-15 17:16:51
 Job ID: 8105256
 Node: node3002
==============================================

======= Running for problem: nonsmooth_nonconvex/socp =======

Loading problem instance: nonsmooth_nonconvex/socp with size [100, 50, 50, 10000]
Loading  dataset from: datasets/nonsmooth_nonconvex/socp/random2025_socp_dataset_var100_ineq50_eq50_ex10000_maxt0.5_ready 

Running on:  cuda
Training model using sup_pen method with seed 0 for 1000 epochs
Using batch size: 512

lr: 0.0001, weight_decay: 0.001, num_epochs: 1000

Epoch 1/1000, Loss: 176652.4649, Obj: 0.0530, Eq Viol (l1): 26.732460, Ineq Viol (l1): 888.794401, Epoch time: 0.60s

Running validation at epoch 0...

VALIDATION_EPOCH_0 EVALUATION RESULTS:
==================================================
Obj:     5.468499e-02
Opt Gap:      7.767183e-01 ± 1.311112e-02
Eq Vio l1:   2.662657e+01 (max: 3.461835e+01)
Ineq Vio l1: 8.886877e+02 (max: 8.892797e+02)
Sol Dis:   1.637700e+02 ± 3.901155e-02
Merit:             9.153198e+03 ± 1.068126e-01
Avg Inf Time:  0.0003s
==================================================
✓ Model saved: results/nonsmooth_nonconvex/socp/SOCPProblem-100-50-50-10000/20260115-171657_MLP_sup_pen_seed0_nepochs1000_lr0.0001_trainsize7000_subopt_3_0.5/model_0.pt
Epoch 2/1000, Loss: 176202.0523, Obj: 0.0774, Eq Viol (l1): 26.751820, Ineq Viol (l1): 887.733746, Epoch time: 0.19s
Epoch 3/1000, Loss: 174871.1936, Obj: 0.1478, Eq Viol (l1): 26.951840, Ineq Viol (l1): 884.555359, Epoch time: 0.19s
Epoch 4/1000, Loss: 171640.4183, Obj: 0.3175, Eq Viol (l1): 28.075315, Ineq Viol (l1): 876.598396, Epoch time: 0.19s
Epoch 5/1000, Loss: 160188.7782, Obj: 0.9106, Eq Viol (l1): 36.559370, Ineq Viol (l1): 846.229446, Epoch time: 0.19s
Epoch 6/1000, Loss: 102665.1503, Obj: 4.0692, Eq Viol (l1): 90.087826, Ineq Viol (l1): 644.914749, Epoch time: 0.19s
Epoch 7/1000, Loss: 23704.2422, Obj: 17.9904, Eq Viol (l1): 233.558105, Ineq Viol (l1): 75.363253, Epoch time: 0.19s
Epoch 8/1000, Loss: 11088.5117, Obj: 19.1313, Eq Viol (l1): 167.209331, Ineq Viol (l1): 40.495090, Epoch time: 0.19s
Epoch 9/1000, Loss: 4445.8157, Obj: 20.4372, Eq Viol (l1): 107.241372, Ineq Viol (l1): 31.270601, Epoch time: 0.19s
Epoch 10/1000, Loss: 1662.0301, Obj: 21.9551, Eq Viol (l1): 64.469479, Ineq Viol (l1): 18.087397, Epoch time: 0.19s
Epoch 11/1000, Loss: 558.8669, Obj: 23.4539, Eq Viol (l1): 38.269048, Ineq Viol (l1): 7.225649, Epoch time: 0.19s

Running validation at epoch 10...

VALIDATION_EPOCH_10 EVALUATION RESULTS:
==================================================
Obj:     2.402874e+01
Opt Gap:      4.245433e+01 ± 1.356550e+01
Eq Vio l1:   2.777547e+01 (max: 3.685174e+01)
Ineq Vio l1: 2.510457e+00 (max: 1.075490e+01)
Sol Dis:   2.390572e+02 ± 1.674783e-01
Merit:             3.268880e+02 ± 1.241482e+00
Avg Inf Time:  0.0002s
==================================================
✓ Model saved: results/nonsmooth_nonconvex/socp/SOCPProblem-100-50-50-10000/20260115-171657_MLP_sup_pen_seed0_nepochs1000_lr0.0001_trainsize7000_subopt_3_0.5/model_10.pt
Epoch 12/1000, Loss: 232.3870, Obj: 24.6990, Eq Viol (l1): 26.876156, Ineq Viol (l1): 2.020652, Epoch time: 0.19s
Epoch 13/1000, Loss: 180.4645, Obj: 25.0683, Eq Viol (l1): 24.359021, Ineq Viol (l1): 0.423314, Epoch time: 0.19s
Epoch 14/1000, Loss: 153.1179, Obj: 24.1792, Eq Viol (l1): 22.334363, Ineq Viol (l1): 0.124098, Epoch time: 0.19s
Epoch 15/1000, Loss: 126.0393, Obj: 23.2815, Eq Viol (l1): 19.896824, Ineq Viol (l1): 0.142417, Epoch time: 0.19s
Epoch 16/1000, Loss: 101.0098, Obj: 23.0984, Eq Viol (l1): 17.293034, Ineq Viol (l1): 0.141548, Epoch time: 0.19s
Epoch 17/1000, Loss: 81.5358, Obj: 23.2879, Eq Viol (l1): 15.102245, Ineq Viol (l1): 0.131564, Epoch time: 0.19s
Epoch 18/1000, Loss: 66.5551, Obj: 23.2376, Eq Viol (l1): 13.309804, Ineq Viol (l1): 0.122793, Epoch time: 0.19s
Epoch 19/1000, Loss: 54.7351, Obj: 23.4266, Eq Viol (l1): 11.765301, Ineq Viol (l1): 0.107761, Epoch time: 0.19s
Epoch 20/1000, Loss: 46.0879, Obj: 23.4380, Eq Viol (l1): 10.492703, Ineq Viol (l1): 0.118920, Epoch time: 0.19s
Epoch 21/1000, Loss: 39.4608, Obj: 23.5665, Eq Viol (l1): 9.440887, Ineq Viol (l1): 0.104013, Epoch time: 0.19s

Running validation at epoch 20...

VALIDATION_EPOCH_20 EVALUATION RESULTS:
==================================================
Obj:     2.326428e+01
Opt Gap:      4.155969e+01 ± 1.364736e+01
Eq Vio l1:   5.684618e+00 (max: 1.069373e+01)
Ineq Vio l1: 7.185778e-02 (max: 3.515555e+00)
Sol Dis:   2.370660e+02 ± 4.656807e-01
Merit:             8.082904e+01 ± 1.598899e-01
Avg Inf Time:  0.0002s
==================================================
✓ Model saved: results/nonsmooth_nonconvex/socp/SOCPProblem-100-50-50-10000/20260115-171657_MLP_sup_pen_seed0_nepochs1000_lr0.0001_trainsize7000_subopt_3_0.5/model_20.pt
Epoch 22/1000, Loss: 34.4460, Obj: 23.6918, Eq Viol (l1): 8.563952, Ineq Viol (l1): 0.102490, Epoch time: 0.19s
Epoch 23/1000, Loss: 30.6731, Obj: 23.7917, Eq Viol (l1): 7.838432, Ineq Viol (l1): 0.102741, Epoch time: 0.19s
Epoch 24/1000, Loss: 28.3136, Obj: 23.9277, Eq Viol (l1): 7.357394, Ineq Viol (l1): 0.094757, Epoch time: 0.19s
Epoch 25/1000, Loss: 26.8653, Obj: 23.9384, Eq Viol (l1): 7.053743, Ineq Viol (l1): 0.087743, Epoch time: 0.19s
Epoch 26/1000, Loss: 25.8691, Obj: 23.9404, Eq Viol (l1): 6.833824, Ineq Viol (l1): 0.085400, Epoch time: 0.19s
Epoch 27/1000, Loss: 25.3795, Obj: 24.0729, Eq Viol (l1): 6.723783, Ineq Viol (l1): 0.077534, Epoch time: 0.19s
Epoch 28/1000, Loss: 24.6750, Obj: 23.7513, Eq Viol (l1): 6.586142, Ineq Viol (l1): 0.080160, Epoch time: 0.19s
Epoch 29/1000, Loss: 24.1065, Obj: 23.7476, Eq Viol (l1): 6.461899, Ineq Viol (l1): 0.072147, Epoch time: 0.19s
Epoch 30/1000, Loss: 23.5343, Obj: 23.5517, Eq Viol (l1): 6.344117, Ineq Viol (l1): 0.069865, Epoch time: 0.19s
Epoch 31/1000, Loss: 23.2175, Obj: 23.5730, Eq Viol (l1): 6.253115, Ineq Viol (l1): 0.072290, Epoch time: 0.19s

Running validation at epoch 30...

VALIDATION_EPOCH_30 EVALUATION RESULTS:
==================================================
Obj:     2.361963e+01
Opt Gap:      4.160012e+01 ± 1.331093e+01
Eq Vio l1:   2.236133e+00 (max: 3.819416e+00)
Ineq Vio l1: 1.618939e-02 (max: 8.123137e-01)
Sol Dis:   2.384959e+02 ± 3.918288e-01
Merit:             4.614285e+01 ± 7.163440e-02
Avg Inf Time:  0.0002s
==================================================
✓ Model saved: results/nonsmooth_nonconvex/socp/SOCPProblem-100-50-50-10000/20260115-171657_MLP_sup_pen_seed0_nepochs1000_lr0.0001_trainsize7000_subopt_3_0.5/model_30.pt
Epoch 32/1000, Loss: 22.8677, Obj: 23.7063, Eq Viol (l1): 6.182524, Ineq Viol (l1): 0.063042, Epoch time: 0.19s
Epoch 33/1000, Loss: 22.3722, Obj: 23.5078, Eq Viol (l1): 6.058015, Ineq Viol (l1): 0.065881, Epoch time: 0.19s
Epoch 34/1000, Loss: 22.1270, Obj: 23.7168, Eq Viol (l1): 5.986629, Ineq Viol (l1): 0.063164, Epoch time: 0.19s
Epoch 35/1000, Loss: 21.6079, Obj: 23.4090, Eq Viol (l1): 5.884025, Ineq Viol (l1): 0.057747, Epoch time: 0.19s
Epoch 36/1000, Loss: 21.2826, Obj: 23.2604, Eq Viol (l1): 5.800041, Ineq Viol (l1): 0.064507, Epoch time: 0.29s
Epoch 37/1000, Loss: 21.0362, Obj: 23.4983, Eq Viol (l1): 5.721076, Ineq Viol (l1): 0.053924, Epoch time: 0.19s
Epoch 38/1000, Loss: 20.9225, Obj: 23.5560, Eq Viol (l1): 5.687992, Ineq Viol (l1): 0.054829, Epoch time: 0.19s
Epoch 39/1000, Loss: 20.6947, Obj: 23.4588, Eq Viol (l1): 5.621750, Ineq Viol (l1): 0.058678, Epoch time: 0.19s
Epoch 40/1000, Loss: 20.3036, Obj: 23.4166, Eq Viol (l1): 5.525386, Ineq Viol (l1): 0.053157, Epoch time: 0.19s
Epoch 41/1000, Loss: 19.9969, Obj: 23.1310, Eq Viol (l1): 5.463617, Ineq Viol (l1): 0.051705, Epoch time: 0.19s

Running validation at epoch 40...

VALIDATION_EPOCH_40 EVALUATION RESULTS:
==================================================
Obj:     2.276572e+01
Opt Gap:      3.970567e+01 ± 1.232888e+01
Eq Vio l1:   1.945324e+00 (max: 3.201565e+00)
Ineq Vio l1: 1.374853e-02 (max: 7.453613e-01)
Sol Dis:   2.336186e+02 ± 5.465919e-01
Merit:             4.235644e+01 ± 1.681459e-02
Avg Inf Time:  0.0002s
==================================================
✓ Model saved: results/nonsmooth_nonconvex/socp/SOCPProblem-100-50-50-10000/20260115-171657_MLP_sup_pen_seed0_nepochs1000_lr0.0001_trainsize7000_subopt_3_0.5/model_40.pt
Epoch 42/1000, Loss: 19.9438, Obj: 23.4535, Eq Viol (l1): 5.410696, Ineq Viol (l1): 0.049964, Epoch time: 0.19s
Epoch 43/1000, Loss: 19.8204, Obj: 23.4002, Eq Viol (l1): 5.372634, Ineq Viol (l1): 0.055552, Epoch time: 0.19s
Epoch 44/1000, Loss: 19.4986, Obj: 23.3830, Eq Viol (l1): 5.289523, Ineq Viol (l1): 0.049069, Epoch time: 0.19s
Epoch 45/1000, Loss: 19.3239, Obj: 23.4509, Eq Viol (l1): 5.237164, Ineq Viol (l1): 0.045599, Epoch time: 0.19s
Epoch 46/1000, Loss: 18.9538, Obj: 23.0406, Eq Viol (l1): 5.153738, Ineq Viol (l1): 0.049799, Epoch time: 0.19s
Epoch 47/1000, Loss: 18.9347, Obj: 23.1482, Eq Viol (l1): 5.132883, Ineq Viol (l1): 0.049767, Epoch time: 0.19s
Epoch 48/1000, Loss: 18.6715, Obj: 23.1064, Eq Viol (l1): 5.071337, Ineq Viol (l1): 0.045830, Epoch time: 0.19s
Epoch 49/1000, Loss: 18.5551, Obj: 23.0123, Eq Viol (l1): 5.026606, Ineq Viol (l1): 0.049598, Epoch time: 0.19s
Epoch 50/1000, Loss: 18.1824, Obj: 22.9567, Eq Viol (l1): 4.937976, Ineq Viol (l1): 0.042488, Epoch time: 0.19s
Epoch 51/1000, Loss: 18.2953, Obj: 23.0931, Eq Viol (l1): 4.948276, Ineq Viol (l1): 0.044307, Epoch time: 0.19s

Running validation at epoch 50...

VALIDATION_EPOCH_50 EVALUATION RESULTS:
==================================================
Obj:     2.374380e+01
Opt Gap:      4.228413e+01 ± 1.380341e+01
Eq Vio l1:   1.864919e+00 (max: 2.906484e+00)
Ineq Vio l1: 8.341532e-03 (max: 1.222225e+00)
Sol Dis:   2.386491e+02 ± 5.450846e-01
Merit:             4.247640e+01 ± 6.194264e-02
Avg Inf Time:  0.0002s
==================================================
✓ Model saved: results/nonsmooth_nonconvex/socp/SOCPProblem-100-50-50-10000/20260115-171657_MLP_sup_pen_seed0_nepochs1000_lr0.0001_trainsize7000_subopt_3_0.5/model_50.pt
Epoch 52/1000, Loss: 18.2493, Obj: 23.3283, Eq Viol (l1): 4.890713, Ineq Viol (l1): 0.049080, Epoch time: 0.19s
Epoch 53/1000, Loss: 18.5659, Obj: 23.9825, Eq Viol (l1): 4.916329, Ineq Viol (l1): 0.040008, Epoch time: 0.19s
Epoch 54/1000, Loss: 18.2367, Obj: 23.6614, Eq Viol (l1): 4.866467, Ineq Viol (l1): 0.046057, Epoch time: 0.19s
Epoch 55/1000, Loss: 17.7934, Obj: 23.1376, Eq Viol (l1): 4.795235, Ineq Viol (l1): 0.038111, Epoch time: 0.19s
Epoch 56/1000, Loss: 17.4857, Obj: 22.6075, Eq Viol (l1): 4.731711, Ineq Viol (l1): 0.046063, Epoch time: 0.19s
Epoch 57/1000, Loss: 17.1920, Obj: 22.4285, Eq Viol (l1): 4.652092, Ineq Viol (l1): 0.042098, Epoch time: 0.19s
Epoch 58/1000, Loss: 17.1513, Obj: 22.5504, Eq Viol (l1): 4.627953, Ineq Viol (l1): 0.040218, Epoch time: 0.19s
Epoch 59/1000, Loss: 17.3562, Obj: 22.9775, Eq Viol (l1): 4.640576, Ineq Viol (l1): 0.037288, Epoch time: 0.19s
Epoch 60/1000, Loss: 16.9210, Obj: 22.3946, Eq Viol (l1): 4.565169, Ineq Viol (l1): 0.043644, Epoch time: 0.19s
Epoch 61/1000, Loss: 16.7606, Obj: 22.2828, Eq Viol (l1): 4.515258, Ineq Viol (l1): 0.041062, Epoch time: 0.19s

Running validation at epoch 60...

VALIDATION_EPOCH_60 EVALUATION RESULTS:
==================================================
Obj:     2.259898e+01
Opt Gap:      4.031979e+01 ± 1.292809e+01
Eq Vio l1:   1.656660e+00 (max: 2.895007e+00)
Ineq Vio l1: 2.989267e-03 (max: 3.587436e-01)
Sol Dis:   2.323340e+02 ± 4.425346e-01
Merit:             3.919547e+01 ± 3.157266e-02
Avg Inf Time:  0.0002s
==================================================
✓ Model saved: results/nonsmooth_nonconvex/socp/SOCPProblem-100-50-50-10000/20260115-171657_MLP_sup_pen_seed0_nepochs1000_lr0.0001_trainsize7000_subopt_3_0.5/model_60.pt
Epoch 62/1000, Loss: 16.6338, Obj: 22.1825, Eq Viol (l1): 4.481131, Ineq Viol (l1): 0.038878, Epoch time: 0.19s
Epoch 63/1000, Loss: 16.6873, Obj: 22.5763, Eq Viol (l1): 4.461338, Ineq Viol (l1): 0.035433, Epoch time: 0.19s
Epoch 64/1000, Loss: 16.6818, Obj: 22.6362, Eq Viol (l1): 4.448539, Ineq Viol (l1): 0.037807, Epoch time: 0.19s
Epoch 65/1000, Loss: 16.6117, Obj: 22.6337, Eq Viol (l1): 4.410552, Ineq Viol (l1): 0.040193, Epoch time: 0.19s
Epoch 66/1000, Loss: 16.6163, Obj: 22.7962, Eq Viol (l1): 4.411447, Ineq Viol (l1): 0.039562, Epoch time: 0.19s
Epoch 67/1000, Loss: 16.2399, Obj: 22.1560, Eq Viol (l1): 4.341201, Ineq Viol (l1): 0.039139, Epoch time: 0.19s
Epoch 68/1000, Loss: 16.2852, Obj: 22.2976, Eq Viol (l1): 4.301740, Ineq Viol (l1): 0.041034, Epoch time: 0.19s
Epoch 69/1000, Loss: 16.8576, Obj: 23.8315, Eq Viol (l1): 4.374966, Ineq Viol (l1): 0.035839, Epoch time: 0.19s
Epoch 70/1000, Loss: 16.6705, Obj: 23.4279, Eq Viol (l1): 4.329389, Ineq Viol (l1): 0.036422, Epoch time: 0.19s
Epoch 71/1000, Loss: 17.1821, Obj: 24.3161, Eq Viol (l1): 4.392914, Ineq Viol (l1): 0.051037, Epoch time: 0.28s

Running validation at epoch 70...

VALIDATION_EPOCH_70 EVALUATION RESULTS:
==================================================
Obj:     2.422967e+01
Opt Gap:      4.232148e+01 ± 1.334510e+01
Eq Vio l1:   1.665365e+00 (max: 2.983436e+00)
Ineq Vio l1: 1.891784e-03 (max: 4.531946e-01)
Sol Dis:   2.406849e+02 ± 5.922112e-01
Merit:             4.090224e+01 ± 5.795953e-02
Avg Inf Time:  0.0002s
==================================================
✓ Model saved: results/nonsmooth_nonconvex/socp/SOCPProblem-100-50-50-10000/20260115-171657_MLP_sup_pen_seed0_nepochs1000_lr0.0001_trainsize7000_subopt_3_0.5/model_70.pt
Epoch 72/1000, Loss: 16.2336, Obj: 22.6540, Eq Viol (l1): 4.280753, Ineq Viol (l1): 0.038313, Epoch time: 0.19s
Epoch 73/1000, Loss: 15.9893, Obj: 22.3161, Eq Viol (l1): 4.220592, Ineq Viol (l1): 0.038064, Epoch time: 0.19s
Epoch 74/1000, Loss: 15.9109, Obj: 22.4633, Eq Viol (l1): 4.183519, Ineq Viol (l1): 0.033888, Epoch time: 0.19s
Epoch 75/1000, Loss: 15.7450, Obj: 22.2836, Eq Viol (l1): 4.151277, Ineq Viol (l1): 0.029420, Epoch time: 0.19s
Epoch 76/1000, Loss: 15.4286, Obj: 21.6192, Eq Viol (l1): 4.096556, Ineq Viol (l1): 0.035597, Epoch time: 0.19s
Epoch 77/1000, Loss: 15.5266, Obj: 22.0320, Eq Viol (l1): 4.073459, Ineq Viol (l1): 0.034236, Epoch time: 0.19s
Epoch 78/1000, Loss: 15.5067, Obj: 22.0188, Eq Viol (l1): 4.070846, Ineq Viol (l1): 0.036031, Epoch time: 0.19s
Epoch 79/1000, Loss: 15.3158, Obj: 21.7192, Eq Viol (l1): 4.040722, Ineq Viol (l1): 0.032790, Epoch time: 0.19s
Epoch 80/1000, Loss: 15.2344, Obj: 21.5621, Eq Viol (l1): 4.004674, Ineq Viol (l1): 0.036198, Epoch time: 0.19s
Epoch 81/1000, Loss: 15.2568, Obj: 21.8506, Eq Viol (l1): 4.009237, Ineq Viol (l1): 0.030356, Epoch time: 0.19s

Running validation at epoch 80...

VALIDATION_EPOCH_80 EVALUATION RESULTS:
==================================================
Obj:     2.150873e+01
Opt Gap:      3.856393e+01 ± 1.257493e+01
Eq Vio l1:   1.420458e+00 (max: 2.290395e+00)
Ineq Vio l1: 4.286707e-03 (max: 3.719542e-01)
Sol Dis:   2.262796e+02 ± 5.603657e-01
Merit:             3.575618e+01 ± 6.026867e-02
Avg Inf Time:  0.0002s
==================================================
✓ Model saved: results/nonsmooth_nonconvex/socp/SOCPProblem-100-50-50-10000/20260115-171657_MLP_sup_pen_seed0_nepochs1000_lr0.0001_trainsize7000_subopt_3_0.5/model_80.pt
Epoch 82/1000, Loss: 15.0415, Obj: 21.3928, Eq Viol (l1): 3.953541, Ineq Viol (l1): 0.036681, Epoch time: 0.19s
Epoch 83/1000, Loss: 14.9775, Obj: 21.4125, Eq Viol (l1): 3.933024, Ineq Viol (l1): 0.031097, Epoch time: 0.19s
Epoch 84/1000, Loss: 15.0801, Obj: 21.5878, Eq Viol (l1): 3.931812, Ineq Viol (l1): 0.038586, Epoch time: 0.19s
Epoch 85/1000, Loss: 14.8967, Obj: 21.4080, Eq Viol (l1): 3.898125, Ineq Viol (l1): 0.032790, Epoch time: 0.19s
Epoch 86/1000, Loss: 15.0415, Obj: 21.8077, Eq Viol (l1): 3.893529, Ineq Viol (l1): 0.031012, Epoch time: 0.19s
Epoch 87/1000, Loss: 15.0338, Obj: 21.9227, Eq Viol (l1): 3.882990, Ineq Viol (l1): 0.032847, Epoch time: 0.19s
Epoch 88/1000, Loss: 15.0479, Obj: 21.9753, Eq Viol (l1): 3.874005, Ineq Viol (l1): 0.030351, Epoch time: 0.19s
Epoch 89/1000, Loss: 15.2259, Obj: 22.4672, Eq Viol (l1): 3.885488, Ineq Viol (l1): 0.032907, Epoch time: 0.19s
Epoch 90/1000, Loss: 15.1281, Obj: 22.1483, Eq Viol (l1): 3.863372, Ineq Viol (l1): 0.033198, Epoch time: 0.19s
Epoch 91/1000, Loss: 15.2899, Obj: 22.6035, Eq Viol (l1): 3.873735, Ineq Viol (l1): 0.034930, Epoch time: 0.19s

Running validation at epoch 90...

VALIDATION_EPOCH_90 EVALUATION RESULTS:
==================================================
Obj:     2.253763e+01
Opt Gap:      4.089096e+01 ± 1.388916e+01
Eq Vio l1:   1.417882e+00 (max: 2.334699e+00)
Ineq Vio l1: 1.390936e-02 (max: 4.208689e+00)
Sol Dis:   2.313019e+02 ± 3.874628e-01
Merit:             3.685554e+01 ± 9.279904e-02
Avg Inf Time:  0.0002s
==================================================
✓ Model saved: results/nonsmooth_nonconvex/socp/SOCPProblem-100-50-50-10000/20260115-171657_MLP_sup_pen_seed0_nepochs1000_lr0.0001_trainsize7000_subopt_3_0.5/model_90.pt
Epoch 92/1000, Loss: 15.2254, Obj: 22.4972, Eq Viol (l1): 3.841244, Ineq Viol (l1): 0.036718, Epoch time: 0.19s
Epoch 93/1000, Loss: 15.0557, Obj: 22.4527, Eq Viol (l1): 3.817210, Ineq Viol (l1): 0.033770, Epoch time: 0.19s
Epoch 94/1000, Loss: 14.9556, Obj: 22.1510, Eq Viol (l1): 3.806302, Ineq Viol (l1): 0.032236, Epoch time: 0.19s
Epoch 95/1000, Loss: 15.0784, Obj: 22.6752, Eq Viol (l1): 3.796614, Ineq Viol (l1): 0.031388, Epoch time: 0.19s
Epoch 96/1000, Loss: 14.7059, Obj: 21.5326, Eq Viol (l1): 3.741166, Ineq Viol (l1): 0.039889, Epoch time: 0.19s
Epoch 97/1000, Loss: 14.9180, Obj: 22.2757, Eq Viol (l1): 3.763650, Ineq Viol (l1): 0.030511, Epoch time: 0.19s
Epoch 98/1000, Loss: 14.5793, Obj: 21.7409, Eq Viol (l1): 3.715965, Ineq Viol (l1): 0.027013, Epoch time: 0.19s
Epoch 99/1000, Loss: 14.4429, Obj: 21.2669, Eq Viol (l1): 3.682218, Ineq Viol (l1): 0.034695, Epoch time: 0.19s
Epoch 100/1000, Loss: 14.4033, Obj: 21.3309, Eq Viol (l1): 3.666397, Ineq Viol (l1): 0.031004, Epoch time: 0.19s
Epoch 101/1000, Loss: 14.5408, Obj: 21.8728, Eq Viol (l1): 3.669967, Ineq Viol (l1): 0.029367, Epoch time: 0.19s

Running validation at epoch 100...

VALIDATION_EPOCH_100 EVALUATION RESULTS:
==================================================
Obj:     2.133647e+01
Opt Gap:      3.799312e+01 ± 1.207269e+01
Eq Vio l1:   1.320626e+00 (max: 2.244212e+00)
Ineq Vio l1: 7.616034e-03 (max: 1.347068e+00)
Sol Dis:   2.247070e+02 ± 4.488057e-01
Merit:             3.461890e+01 ± 2.012160e-02
Avg Inf Time:  0.0002s
==================================================
✓ Model saved: results/nonsmooth_nonconvex/socp/SOCPProblem-100-50-50-10000/20260115-171657_MLP_sup_pen_seed0_nepochs1000_lr0.0001_trainsize7000_subopt_3_0.5/model_100.pt
Epoch 102/1000, Loss: 14.2893, Obj: 21.2596, Eq Viol (l1): 3.633846, Ineq Viol (l1): 0.030066, Epoch time: 0.19s
Epoch 103/1000, Loss: 14.5337, Obj: 21.6789, Eq Viol (l1): 3.652582, Ineq Viol (l1): 0.037876, Epoch time: 0.19s
Epoch 104/1000, Loss: 14.4868, Obj: 21.7680, Eq Viol (l1): 3.632077, Ineq Viol (l1): 0.033443, Epoch time: 0.19s
Epoch 105/1000, Loss: 14.1704, Obj: 21.1268, Eq Viol (l1): 3.605208, Ineq Viol (l1): 0.030433, Epoch time: 0.19s
Epoch 106/1000, Loss: 14.0652, Obj: 20.8338, Eq Viol (l1): 3.570181, Ineq Viol (l1): 0.033545, Epoch time: 0.19s
Epoch 107/1000, Loss: 14.0581, Obj: 20.9748, Eq Viol (l1): 3.558775, Ineq Viol (l1): 0.030428, Epoch time: 0.29s
Epoch 108/1000, Loss: 14.1350, Obj: 21.1408, Eq Viol (l1): 3.562148, Ineq Viol (l1): 0.032268, Epoch time: 0.19s
Epoch 109/1000, Loss: 14.1618, Obj: 21.3313, Eq Viol (l1): 3.550656, Ineq Viol (l1): 0.030296, Epoch time: 0.19s
Epoch 110/1000, Loss: 14.0649, Obj: 21.1362, Eq Viol (l1): 3.537196, Ineq Viol (l1): 0.029741, Epoch time: 0.19s
Epoch 111/1000, Loss: 13.9837, Obj: 20.9840, Eq Viol (l1): 3.519982, Ineq Viol (l1): 0.029134, Epoch time: 0.19s

Running validation at epoch 110...

VALIDATION_EPOCH_110 EVALUATION RESULTS:
==================================================
Obj:     2.185563e+01
Opt Gap:      3.814767e+01 ± 1.219950e+01
Eq Vio l1:   1.290256e+00 (max: 2.132384e+00)
Ineq Vio l1: 4.021002e-03 (max: 1.731957e+00)
Sol Dis:   2.273977e+02 ± 7.096723e-01
Merit:             3.479840e+01 ± 1.761437e-02
Avg Inf Time:  0.0002s
==================================================
✓ Model saved: results/nonsmooth_nonconvex/socp/SOCPProblem-100-50-50-10000/20260115-171657_MLP_sup_pen_seed0_nepochs1000_lr0.0001_trainsize7000_subopt_3_0.5/model_110.pt
Epoch 112/1000, Loss: 14.1283, Obj: 21.5436, Eq Viol (l1): 3.518443, Ineq Viol (l1): 0.027247, Epoch time: 0.19s
Epoch 113/1000, Loss: 14.1077, Obj: 21.0819, Eq Viol (l1): 3.500435, Ineq Viol (l1): 0.041650, Epoch time: 0.19s
Epoch 114/1000, Loss: 14.2451, Obj: 22.0077, Eq Viol (l1): 3.523485, Ineq Viol (l1): 0.021791, Epoch time: 0.19s
Epoch 115/1000, Loss: 13.8850, Obj: 20.8212, Eq Viol (l1): 3.473118, Ineq Viol (l1): 0.035261, Epoch time: 0.19s
Epoch 116/1000, Loss: 13.8870, Obj: 20.9265, Eq Viol (l1): 3.461934, Ineq Viol (l1): 0.035527, Epoch time: 0.19s
Epoch 117/1000, Loss: 13.7323, Obj: 20.6806, Eq Viol (l1): 3.448360, Ineq Viol (l1): 0.027819, Epoch time: 0.19s
Epoch 118/1000, Loss: 13.6942, Obj: 20.6350, Eq Viol (l1): 3.422583, Ineq Viol (l1): 0.029221, Epoch time: 0.19s
Epoch 119/1000, Loss: 13.7128, Obj: 20.7462, Eq Viol (l1): 3.419225, Ineq Viol (l1): 0.030172, Epoch time: 0.19s
Epoch 120/1000, Loss: 13.7043, Obj: 20.8710, Eq Viol (l1): 3.408161, Ineq Viol (l1): 0.023718, Epoch time: 0.19s
Epoch 121/1000, Loss: 13.7298, Obj: 20.8614, Eq Viol (l1): 3.394937, Ineq Viol (l1): 0.034638, Epoch time: 0.19s

Running validation at epoch 120...

VALIDATION_EPOCH_120 EVALUATION RESULTS:
==================================================
Obj:     2.041735e+01
Opt Gap:      3.638903e+01 ± 1.155156e+01
Eq Vio l1:   1.188227e+00 (max: 2.007463e+00)
Ineq Vio l1: 7.491108e-03 (max: 1.146074e+00)
Sol Dis:   2.200060e+02 ± 3.569575e-01
Merit:             3.237454e+01 ± 3.184101e-02
Avg Inf Time:  0.0002s
==================================================
✓ Model saved: results/nonsmooth_nonconvex/socp/SOCPProblem-100-50-50-10000/20260115-171657_MLP_sup_pen_seed0_nepochs1000_lr0.0001_trainsize7000_subopt_3_0.5/model_120.pt
Epoch 122/1000, Loss: 13.6128, Obj: 20.6454, Eq Viol (l1): 3.372650, Ineq Viol (l1): 0.033079, Epoch time: 0.19s
Epoch 123/1000, Loss: 13.6067, Obj: 20.7640, Eq Viol (l1): 3.375341, Ineq Viol (l1): 0.024233, Epoch time: 0.19s
Epoch 124/1000, Loss: 13.5885, Obj: 20.5337, Eq Viol (l1): 3.349843, Ineq Viol (l1): 0.036772, Epoch time: 0.19s
Epoch 125/1000, Loss: 13.7209, Obj: 21.1500, Eq Viol (l1): 3.364773, Ineq Viol (l1): 0.024772, Epoch time: 0.19s
Epoch 126/1000, Loss: 13.6495, Obj: 20.9219, Eq Viol (l1): 3.346372, Ineq Viol (l1): 0.032482, Epoch time: 0.19s
Epoch 127/1000, Loss: 13.5329, Obj: 20.6480, Eq Viol (l1): 3.338473, Ineq Viol (l1): 0.029750, Epoch time: 0.19s
Epoch 128/1000, Loss: 13.6762, Obj: 20.9983, Eq Viol (l1): 3.363678, Ineq Viol (l1): 0.028395, Epoch time: 0.19s
Epoch 129/1000, Loss: 13.4805, Obj: 20.7122, Eq Viol (l1): 3.318685, Ineq Viol (l1): 0.024936, Epoch time: 0.19s
Epoch 130/1000, Loss: 13.4448, Obj: 20.4796, Eq Viol (l1): 3.307910, Ineq Viol (l1): 0.035025, Epoch time: 0.19s
Epoch 131/1000, Loss: 13.6057, Obj: 20.8003, Eq Viol (l1): 3.313599, Ineq Viol (l1): 0.031146, Epoch time: 0.19s

Running validation at epoch 130...

VALIDATION_EPOCH_130 EVALUATION RESULTS:
==================================================
Obj:     2.101229e+01
Opt Gap:      3.655965e+01 ± 1.119719e+01
Eq Vio l1:   1.154917e+00 (max: 1.874599e+00)
Ineq Vio l1: 5.524225e-04 (max: 1.796267e-01)
Sol Dis:   2.228892e+02 ± 3.814883e-01
Merit:             3.256699e+01 ± 6.812257e-03
Avg Inf Time:  0.0002s
==================================================
✓ Model saved: results/nonsmooth_nonconvex/socp/SOCPProblem-100-50-50-10000/20260115-171657_MLP_sup_pen_seed0_nepochs1000_lr0.0001_trainsize7000_subopt_3_0.5/model_130.pt
Epoch 132/1000, Loss: 13.6722, Obj: 21.2652, Eq Viol (l1): 3.308783, Ineq Viol (l1): 0.028203, Epoch time: 0.19s
Epoch 133/1000, Loss: 13.4540, Obj: 20.7004, Eq Viol (l1): 3.283656, Ineq Viol (l1): 0.028099, Epoch time: 0.19s
Epoch 134/1000, Loss: 13.2469, Obj: 20.2617, Eq Viol (l1): 3.264881, Ineq Viol (l1): 0.027895, Epoch time: 0.19s
Epoch 135/1000, Loss: 13.3569, Obj: 20.5410, Eq Viol (l1): 3.271095, Ineq Viol (l1): 0.027053, Epoch time: 0.19s
Epoch 136/1000, Loss: 13.2631, Obj: 20.3462, Eq Viol (l1): 3.247264, Ineq Viol (l1): 0.030769, Epoch time: 0.19s
Epoch 137/1000, Loss: 13.2321, Obj: 20.3233, Eq Viol (l1): 3.230397, Ineq Viol (l1): 0.032187, Epoch time: 0.19s
Epoch 138/1000, Loss: 13.2504, Obj: 20.3780, Eq Viol (l1): 3.237296, Ineq Viol (l1): 0.025723, Epoch time: 0.19s
Epoch 139/1000, Loss: 13.3736, Obj: 20.6689, Eq Viol (l1): 3.237024, Ineq Viol (l1): 0.032746, Epoch time: 0.19s
Epoch 140/1000, Loss: 13.2292, Obj: 20.4095, Eq Viol (l1): 3.230036, Ineq Viol (l1): 0.026080, Epoch time: 0.19s
Epoch 141/1000, Loss: 13.1008, Obj: 20.1236, Eq Viol (l1): 3.199393, Ineq Viol (l1): 0.028579, Epoch time: 0.19s

Running validation at epoch 140...

VALIDATION_EPOCH_140 EVALUATION RESULTS:
==================================================
Obj:     2.037225e+01
Opt Gap:      3.588120e+01 ± 1.140685e+01
Eq Vio l1:   1.151732e+00 (max: 1.938559e+00)
Ineq Vio l1: 1.036360e-03 (max: 1.986161e-01)
Sol Dis:   2.195294e+02 ± 5.016292e-01
Merit:             3.189993e+01 ± 1.483944e-02
Avg Inf Time:  0.0003s
==================================================
✓ Model saved: results/nonsmooth_nonconvex/socp/SOCPProblem-100-50-50-10000/20260115-171657_MLP_sup_pen_seed0_nepochs1000_lr0.0001_trainsize7000_subopt_3_0.5/model_140.pt
Epoch 142/1000, Loss: 13.2149, Obj: 20.4390, Eq Viol (l1): 3.198517, Ineq Viol (l1): 0.030230, Epoch time: 0.19s
Epoch 143/1000, Loss: 13.2481, Obj: 20.5797, Eq Viol (l1): 3.191002, Ineq Viol (l1): 0.032880, Epoch time: 0.19s
Epoch 144/1000, Loss: 13.2727, Obj: 20.4466, Eq Viol (l1): 3.196406, Ineq Viol (l1): 0.030930, Epoch time: 0.19s
Epoch 145/1000, Loss: 13.1277, Obj: 20.3085, Eq Viol (l1): 3.176484, Ineq Viol (l1): 0.024909, Epoch time: 0.19s
Epoch 146/1000, Loss: 13.2049, Obj: 20.4682, Eq Viol (l1): 3.176862, Ineq Viol (l1): 0.033482, Epoch time: 0.19s
Epoch 147/1000, Loss: 13.2334, Obj: 20.4901, Eq Viol (l1): 3.169225, Ineq Viol (l1): 0.028585, Epoch time: 0.19s
Epoch 148/1000, Loss: 13.1124, Obj: 20.3062, Eq Viol (l1): 3.169584, Ineq Viol (l1): 0.028361, Epoch time: 0.19s
Epoch 149/1000, Loss: 13.0141, Obj: 20.1944, Eq Viol (l1): 3.149576, Ineq Viol (l1): 0.025222, Epoch time: 0.19s
Epoch 150/1000, Loss: 12.9887, Obj: 20.0789, Eq Viol (l1): 3.144370, Ineq Viol (l1): 0.028015, Epoch time: 0.19s
Epoch 151/1000, Loss: 12.9569, Obj: 20.0028, Eq Viol (l1): 3.126118, Ineq Viol (l1): 0.030916, Epoch time: 0.19s

Running validation at epoch 150...

VALIDATION_EPOCH_150 EVALUATION RESULTS:
==================================================
Obj:     2.000922e+01
Opt Gap:      3.516987e+01 ± 1.120773e+01
Eq Vio l1:   1.077155e+00 (max: 1.803302e+00)
Ineq Vio l1: 9.651911e-04 (max: 2.680483e-01)
Sol Dis:   2.175908e+02 ± 6.698900e-01
Merit:             3.079043e+01 ± 3.262446e-02
Avg Inf Time:  0.0002s
==================================================
✓ Model saved: results/nonsmooth_nonconvex/socp/SOCPProblem-100-50-50-10000/20260115-171657_MLP_sup_pen_seed0_nepochs1000_lr0.0001_trainsize7000_subopt_3_0.5/model_150.pt
Epoch 152/1000, Loss: 12.9673, Obj: 20.1508, Eq Viol (l1): 3.126277, Ineq Viol (l1): 0.027084, Epoch time: 0.19s
Epoch 153/1000, Loss: 12.9600, Obj: 20.0894, Eq Viol (l1): 3.119616, Ineq Viol (l1): 0.026741, Epoch time: 0.19s
Epoch 154/1000, Loss: 12.9638, Obj: 20.1832, Eq Viol (l1): 3.117517, Ineq Viol (l1): 0.028052, Epoch time: 0.19s
Epoch 155/1000, Loss: 12.9671, Obj: 20.2460, Eq Viol (l1): 3.104598, Ineq Viol (l1): 0.026017, Epoch time: 0.19s
Epoch 156/1000, Loss: 12.9659, Obj: 20.2049, Eq Viol (l1): 3.100486, Ineq Viol (l1): 0.031697, Epoch time: 0.19s
Epoch 157/1000, Loss: 12.9586, Obj: 20.2263, Eq Viol (l1): 3.086667, Ineq Viol (l1): 0.028981, Epoch time: 0.19s
Epoch 158/1000, Loss: 12.9863, Obj: 20.3315, Eq Viol (l1): 3.090677, Ineq Viol (l1): 0.024659, Epoch time: 0.19s
Epoch 159/1000, Loss: 13.1382, Obj: 20.6620, Eq Viol (l1): 3.094153, Ineq Viol (l1): 0.034877, Epoch time: 0.19s
Epoch 160/1000, Loss: 12.9775, Obj: 20.4049, Eq Viol (l1): 3.089829, Ineq Viol (l1): 0.025063, Epoch time: 0.19s
Epoch 161/1000, Loss: 12.8726, Obj: 20.0571, Eq Viol (l1): 3.074718, Ineq Viol (l1): 0.030053, Epoch time: 0.19s

Running validation at epoch 160...

VALIDATION_EPOCH_160 EVALUATION RESULTS:
==================================================
Obj:     2.005392e+01
Opt Gap:      3.596733e+01 ± 1.179185e+01
Eq Vio l1:   1.070248e+00 (max: 1.699135e+00)
Ineq Vio l1: 7.090946e-04 (max: 2.443733e-01)
Sol Dis:   2.178324e+02 ± 5.814896e-01
Merit:             3.076349e+01 ± 2.631900e-03
Avg Inf Time:  0.0002s
==================================================
✓ Model saved: results/nonsmooth_nonconvex/socp/SOCPProblem-100-50-50-10000/20260115-171657_MLP_sup_pen_seed0_nepochs1000_lr0.0001_trainsize7000_subopt_3_0.5/model_160.pt
Epoch 162/1000, Loss: 12.8500, Obj: 20.0249, Eq Viol (l1): 3.068539, Ineq Viol (l1): 0.025970, Epoch time: 0.19s
Epoch 163/1000, Loss: 12.7568, Obj: 19.7780, Eq Viol (l1): 3.049198, Ineq Viol (l1): 0.031813, Epoch time: 0.19s
Epoch 164/1000, Loss: 12.7287, Obj: 19.7583, Eq Viol (l1): 3.055282, Ineq Viol (l1): 0.023038, Epoch time: 0.19s
Epoch 165/1000, Loss: 12.8004, Obj: 19.8978, Eq Viol (l1): 3.048853, Ineq Viol (l1): 0.029575, Epoch time: 0.19s
Epoch 166/1000, Loss: 12.8544, Obj: 20.1237, Eq Viol (l1): 3.042116, Ineq Viol (l1): 0.030808, Epoch time: 0.19s
Epoch 167/1000, Loss: 12.8036, Obj: 20.0791, Eq Viol (l1): 3.037598, Ineq Viol (l1): 0.026632, Epoch time: 0.19s
Epoch 168/1000, Loss: 12.7810, Obj: 20.1157, Eq Viol (l1): 3.022689, Ineq Viol (l1): 0.024056, Epoch time: 0.19s
Epoch 169/1000, Loss: 12.8111, Obj: 20.0009, Eq Viol (l1): 3.021367, Ineq Viol (l1): 0.028812, Epoch time: 0.19s
Epoch 170/1000, Loss: 12.8235, Obj: 20.1054, Eq Viol (l1): 3.028680, Ineq Viol (l1): 0.027264, Epoch time: 0.19s
Epoch 171/1000, Loss: 12.8481, Obj: 20.1934, Eq Viol (l1): 3.020234, Ineq Viol (l1): 0.030230, Epoch time: 0.19s

Running validation at epoch 170...

VALIDATION_EPOCH_170 EVALUATION RESULTS:
==================================================
Obj:     2.033048e+01
Opt Gap:      3.554001e+01 ± 1.087073e+01
Eq Vio l1:   1.012105e+00 (max: 1.645235e+00)
Ineq Vio l1: 2.531559e-03 (max: 5.510517e-01)
Sol Dis:   2.191518e+02 ± 4.050221e-01
Merit:             3.047685e+01 ± 3.382762e-02
Avg Inf Time:  0.0002s
==================================================
✓ Model saved: results/nonsmooth_nonconvex/socp/SOCPProblem-100-50-50-10000/20260115-171657_MLP_sup_pen_seed0_nepochs1000_lr0.0001_trainsize7000_subopt_3_0.5/model_170.pt
Epoch 172/1000, Loss: 12.7931, Obj: 20.1766, Eq Viol (l1): 3.019884, Ineq Viol (l1): 0.024020, Epoch time: 0.19s
Epoch 173/1000, Loss: 12.6902, Obj: 19.8576, Eq Viol (l1): 3.003856, Ineq Viol (l1): 0.028096, Epoch time: 0.19s
Epoch 174/1000, Loss: 12.6801, Obj: 19.8068, Eq Viol (l1): 2.996114, Ineq Viol (l1): 0.029665, Epoch time: 0.19s
Epoch 175/1000, Loss: 12.6427, Obj: 19.7852, Eq Viol (l1): 2.993988, Ineq Viol (l1): 0.022941, Epoch time: 0.19s
Epoch 176/1000, Loss: 12.7210, Obj: 20.0228, Eq Viol (l1): 2.992241, Ineq Viol (l1): 0.025964, Epoch time: 0.29s
Epoch 177/1000, Loss: 12.8437, Obj: 20.2444, Eq Viol (l1): 2.994109, Ineq Viol (l1): 0.027050, Epoch time: 0.19s
Epoch 178/1000, Loss: 12.8818, Obj: 20.3694, Eq Viol (l1): 2.992901, Ineq Viol (l1): 0.033412, Epoch time: 0.19s
Epoch 179/1000, Loss: 12.7260, Obj: 20.1222, Eq Viol (l1): 2.989031, Ineq Viol (l1): 0.022704, Epoch time: 0.19s
Epoch 180/1000, Loss: 12.6386, Obj: 19.8876, Eq Viol (l1): 2.973526, Ineq Viol (l1): 0.025649, Epoch time: 0.19s
Epoch 181/1000, Loss: 12.5483, Obj: 19.5656, Eq Viol (l1): 2.953360, Ineq Viol (l1): 0.031969, Epoch time: 0.19s

Running validation at epoch 180...

VALIDATION_EPOCH_180 EVALUATION RESULTS:
==================================================
Obj:     1.991299e+01
Opt Gap:      3.517622e+01 ± 1.116172e+01
Eq Vio l1:   1.032962e+00 (max: 1.748685e+00)
Ineq Vio l1: 6.399727e-04 (max: 9.505503e-02)
Sol Dis:   2.168962e+02 ± 6.298242e-01
Merit:             3.024901e+01 ± 2.657016e-02
Avg Inf Time:  0.0002s
==================================================
✓ Model saved: results/nonsmooth_nonconvex/socp/SOCPProblem-100-50-50-10000/20260115-171657_MLP_sup_pen_seed0_nepochs1000_lr0.0001_trainsize7000_subopt_3_0.5/model_180.pt
Epoch 182/1000, Loss: 12.5675, Obj: 19.7645, Eq Viol (l1): 2.964955, Ineq Viol (l1): 0.022501, Epoch time: 0.19s
Epoch 183/1000, Loss: 12.4420, Obj: 19.3053, Eq Viol (l1): 2.947176, Ineq Viol (l1): 0.030712, Epoch time: 0.19s
Epoch 184/1000, Loss: 12.4136, Obj: 19.3231, Eq Viol (l1): 2.945223, Ineq Viol (l1): 0.024325, Epoch time: 0.19s
Epoch 185/1000, Loss: 12.4092, Obj: 19.3082, Eq Viol (l1): 2.942584, Ineq Viol (l1): 0.025894, Epoch time: 0.19s
Epoch 186/1000, Loss: 12.4724, Obj: 19.4792, Eq Viol (l1): 2.938192, Ineq Viol (l1): 0.025384, Epoch time: 0.19s
Epoch 187/1000, Loss: 12.5887, Obj: 19.8761, Eq Viol (l1): 2.933240, Ineq Viol (l1): 0.028548, Epoch time: 0.19s
Epoch 188/1000, Loss: 12.5806, Obj: 19.8132, Eq Viol (l1): 2.935842, Ineq Viol (l1): 0.026733, Epoch time: 0.19s
Epoch 189/1000, Loss: 12.4556, Obj: 19.5428, Eq Viol (l1): 2.927575, Ineq Viol (l1): 0.025099, Epoch time: 0.19s
Epoch 190/1000, Loss: 12.6046, Obj: 19.8493, Eq Viol (l1): 2.927666, Ineq Viol (l1): 0.034802, Epoch time: 0.19s
Epoch 191/1000, Loss: 12.5161, Obj: 19.7450, Eq Viol (l1): 2.928647, Ineq Viol (l1): 0.024928, Epoch time: 0.19s

Running validation at epoch 190...

VALIDATION_EPOCH_190 EVALUATION RESULTS:
==================================================
Obj:     1.930487e+01
Opt Gap:      3.414963e+01 ± 1.092982e+01
Eq Vio l1:   9.324683e-01 (max: 1.490117e+00)
Ineq Vio l1: 4.802992e-03 (max: 5.831771e-01)
Sol Dis:   2.139523e+02 ± 5.001237e-01
Merit:             2.867758e+01 ± 1.589786e-02
Avg Inf Time:  0.0002s
==================================================
✓ Model saved: results/nonsmooth_nonconvex/socp/SOCPProblem-100-50-50-10000/20260115-171657_MLP_sup_pen_seed0_nepochs1000_lr0.0001_trainsize7000_subopt_3_0.5/model_190.pt
Epoch 192/1000, Loss: 12.5260, Obj: 19.7025, Eq Viol (l1): 2.929815, Ineq Viol (l1): 0.026767, Epoch time: 0.19s
Epoch 193/1000, Loss: 12.3621, Obj: 19.3668, Eq Viol (l1): 2.903866, Ineq Viol (l1): 0.027598, Epoch time: 0.19s
Epoch 194/1000, Loss: 12.4377, Obj: 19.5976, Eq Viol (l1): 2.902442, Ineq Viol (l1): 0.025367, Epoch time: 0.19s
Epoch 195/1000, Loss: 12.4038, Obj: 19.4581, Eq Viol (l1): 2.901187, Ineq Viol (l1): 0.026635, Epoch time: 0.19s
Epoch 196/1000, Loss: 12.3401, Obj: 19.3567, Eq Viol (l1): 2.884009, Ineq Viol (l1): 0.029084, Epoch time: 0.19s
Epoch 197/1000, Loss: 12.5607, Obj: 19.9421, Eq Viol (l1): 2.907732, Ineq Viol (l1): 0.021142, Epoch time: 0.19s
Epoch 198/1000, Loss: 12.4069, Obj: 19.5106, Eq Viol (l1): 2.890408, Ineq Viol (l1): 0.029254, Epoch time: 0.19s
Epoch 199/1000, Loss: 12.3522, Obj: 19.3785, Eq Viol (l1): 2.877015, Ineq Viol (l1): 0.031225, Epoch time: 0.19s
Epoch 200/1000, Loss: 12.4410, Obj: 19.7023, Eq Viol (l1): 2.885278, Ineq Viol (l1): 0.024598, Epoch time: 0.19s
Epoch 201/1000, Loss: 12.4522, Obj: 19.7436, Eq Viol (l1): 2.884923, Ineq Viol (l1): 0.023958, Epoch time: 0.19s

Running validation at epoch 200...

VALIDATION_EPOCH_200 EVALUATION RESULTS:
==================================================
Obj:     1.968345e+01
Opt Gap:      3.490563e+01 ± 1.103543e+01
Eq Vio l1:   8.999603e-01 (max: 1.562622e+00)
Ineq Vio l1: 6.691398e-04 (max: 2.642112e-01)
Sol Dis:   2.158525e+02 ± 4.713547e-01
Merit:             2.868974e+01 ± 1.034974e-02
Avg Inf Time:  0.0002s
==================================================
✓ Model saved: results/nonsmooth_nonconvex/socp/SOCPProblem-100-50-50-10000/20260115-171657_MLP_sup_pen_seed0_nepochs1000_lr0.0001_trainsize7000_subopt_3_0.5/model_200.pt
Epoch 202/1000, Loss: 12.3532, Obj: 19.5170, Eq Viol (l1): 2.868547, Ineq Viol (l1): 0.024711, Epoch time: 0.19s
Epoch 203/1000, Loss: 12.3112, Obj: 19.2541, Eq Viol (l1): 2.865204, Ineq Viol (l1): 0.031911, Epoch time: 0.19s
Epoch 204/1000, Loss: 12.3681, Obj: 19.5608, Eq Viol (l1): 2.868534, Ineq Viol (l1): 0.023587, Epoch time: 0.19s
Epoch 205/1000, Loss: 12.3106, Obj: 19.4302, Eq Viol (l1): 2.857310, Ineq Viol (l1): 0.027207, Epoch time: 0.19s
Epoch 206/1000, Loss: 12.4408, Obj: 19.6938, Eq Viol (l1): 2.871004, Ineq Viol (l1): 0.024988, Epoch time: 0.19s
Epoch 207/1000, Loss: 12.4472, Obj: 19.7962, Eq Viol (l1): 2.864415, Ineq Viol (l1): 0.026425, Epoch time: 0.19s
Epoch 208/1000, Loss: 12.3678, Obj: 19.4362, Eq Viol (l1): 2.863620, Ineq Viol (l1): 0.030387, Epoch time: 0.19s
Epoch 209/1000, Loss: 12.3398, Obj: 19.4514, Eq Viol (l1): 2.865291, Ineq Viol (l1): 0.026971, Epoch time: 0.19s
Epoch 210/1000, Loss: 12.2623, Obj: 19.3215, Eq Viol (l1): 2.847650, Ineq Viol (l1): 0.024914, Epoch time: 0.19s
Epoch 211/1000, Loss: 12.2838, Obj: 19.3009, Eq Viol (l1): 2.844976, Ineq Viol (l1): 0.028546, Epoch time: 0.27s

Running validation at epoch 210...

VALIDATION_EPOCH_210 EVALUATION RESULTS:
==================================================
Obj:     1.914388e+01
Opt Gap:      3.426432e+01 ± 1.128615e+01
Eq Vio l1:   9.128293e-01 (max: 1.443290e+00)
Ineq Vio l1: 1.278742e-03 (max: 2.724239e-01)
Sol Dis:   2.129682e+02 ± 5.030668e-01
Merit:             2.828496e+01 ± 3.105068e-02
Avg Inf Time:  0.0002s
==================================================
✓ Model saved: results/nonsmooth_nonconvex/socp/SOCPProblem-100-50-50-10000/20260115-171657_MLP_sup_pen_seed0_nepochs1000_lr0.0001_trainsize7000_subopt_3_0.5/model_210.pt
Epoch 212/1000, Loss: 12.3254, Obj: 19.4895, Eq Viol (l1): 2.851696, Ineq Viol (l1): 0.024002, Epoch time: 0.19s
Epoch 213/1000, Loss: 12.2104, Obj: 19.1678, Eq Viol (l1): 2.831276, Ineq Viol (l1): 0.029146, Epoch time: 0.19s
Epoch 214/1000, Loss: 12.1377, Obj: 19.0409, Eq Viol (l1): 2.829016, Ineq Viol (l1): 0.024828, Epoch time: 0.19s
Epoch 215/1000, Loss: 12.1710, Obj: 19.0253, Eq Viol (l1): 2.821196, Ineq Viol (l1): 0.031173, Epoch time: 0.19s
Epoch 216/1000, Loss: 12.2649, Obj: 19.5256, Eq Viol (l1): 2.829782, Ineq Viol (l1): 0.018530, Epoch time: 0.19s
Epoch 217/1000, Loss: 12.3944, Obj: 19.7092, Eq Viol (l1): 2.833640, Ineq Viol (l1): 0.030810, Epoch time: 0.19s
Epoch 218/1000, Loss: 12.2981, Obj: 19.4300, Eq Viol (l1): 2.826402, Ineq Viol (l1): 0.030876, Epoch time: 0.19s
Epoch 219/1000, Loss: 12.2499, Obj: 19.2595, Eq Viol (l1): 2.820071, Ineq Viol (l1): 0.029675, Epoch time: 0.19s
Epoch 220/1000, Loss: 12.2571, Obj: 19.6149, Eq Viol (l1): 2.812208, Ineq Viol (l1): 0.019120, Epoch time: 0.19s
Epoch 221/1000, Loss: 12.3305, Obj: 19.6072, Eq Viol (l1): 2.821801, Ineq Viol (l1): 0.030752, Epoch time: 0.19s

Running validation at epoch 220...

VALIDATION_EPOCH_220 EVALUATION RESULTS:
==================================================
Obj:     1.920688e+01
Opt Gap:      3.359140e+01 ± 1.038616e+01
Eq Vio l1:   8.996071e-01 (max: 1.580703e+00)
Ineq Vio l1: 3.182032e-03 (max: 5.568432e-01)
Sol Dis:   2.131830e+02 ± 3.500537e-01
Merit:             2.823477e+01 ± 4.820714e-02
Avg Inf Time:  0.0002s
==================================================
✓ Model saved: results/nonsmooth_nonconvex/socp/SOCPProblem-100-50-50-10000/20260115-171657_MLP_sup_pen_seed0_nepochs1000_lr0.0001_trainsize7000_subopt_3_0.5/model_220.pt
Epoch 222/1000, Loss: 12.2084, Obj: 19.2813, Eq Viol (l1): 2.815135, Ineq Viol (l1): 0.028477, Epoch time: 0.19s
Epoch 223/1000, Loss: 12.1527, Obj: 19.0879, Eq Viol (l1): 2.813245, Ineq Viol (l1): 0.026293, Epoch time: 0.19s
Epoch 224/1000, Loss: 12.1140, Obj: 19.0949, Eq Viol (l1): 2.798231, Ineq Viol (l1): 0.025469, Epoch time: 0.19s
Epoch 225/1000, Loss: 12.1771, Obj: 19.1943, Eq Viol (l1): 2.810532, Ineq Viol (l1): 0.024245, Epoch time: 0.19s
Epoch 226/1000, Loss: 12.2555, Obj: 19.4004, Eq Viol (l1): 2.810189, Ineq Viol (l1): 0.029568, Epoch time: 0.19s
Epoch 227/1000, Loss: 12.2121, Obj: 19.4018, Eq Viol (l1): 2.795650, Ineq Viol (l1): 0.026778, Epoch time: 0.19s
Epoch 228/1000, Loss: 12.2955, Obj: 19.7174, Eq Viol (l1): 2.798968, Ineq Viol (l1): 0.021754, Epoch time: 0.19s
Epoch 229/1000, Loss: 12.1375, Obj: 19.2036, Eq Viol (l1): 2.795536, Ineq Viol (l1): 0.026200, Epoch time: 0.19s
Epoch 230/1000, Loss: 12.0896, Obj: 19.0971, Eq Viol (l1): 2.777157, Ineq Viol (l1): 0.025930, Epoch time: 0.19s
Epoch 231/1000, Loss: 12.1216, Obj: 19.1428, Eq Viol (l1): 2.787292, Ineq Viol (l1): 0.027899, Epoch time: 0.19s

Running validation at epoch 230...

VALIDATION_EPOCH_230 EVALUATION RESULTS:
==================================================
Obj:     1.927065e+01
Opt Gap:      3.422500e+01 ± 1.081971e+01
Eq Vio l1:   8.982530e-01 (max: 1.466483e+00)
Ineq Vio l1: 1.825465e-03 (max: 2.978312e-01)
Sol Dis:   2.134725e+02 ± 6.105141e-01
Merit:             2.827143e+01 ± 4.106893e-02
Avg Inf Time:  0.0002s
==================================================
✓ Model saved: results/nonsmooth_nonconvex/socp/SOCPProblem-100-50-50-10000/20260115-171657_MLP_sup_pen_seed0_nepochs1000_lr0.0001_trainsize7000_subopt_3_0.5/model_230.pt
Epoch 232/1000, Loss: 12.2264, Obj: 19.3739, Eq Viol (l1): 2.795047, Ineq Viol (l1): 0.027549, Epoch time: 0.19s
Epoch 233/1000, Loss: 12.1721, Obj: 19.2670, Eq Viol (l1): 2.783868, Ineq Viol (l1): 0.028843, Epoch time: 0.19s
Epoch 234/1000, Loss: 12.2344, Obj: 19.5544, Eq Viol (l1): 2.781388, Ineq Viol (l1): 0.024051, Epoch time: 0.19s
Epoch 235/1000, Loss: 12.1731, Obj: 19.3289, Eq Viol (l1): 2.778934, Ineq Viol (l1): 0.028610, Epoch time: 0.19s
Epoch 236/1000, Loss: 12.1117, Obj: 19.1647, Eq Viol (l1): 2.776745, Ineq Viol (l1): 0.027485, Epoch time: 0.19s
Epoch 237/1000, Loss: 12.2284, Obj: 19.3553, Eq Viol (l1): 2.783689, Ineq Viol (l1): 0.033766, Epoch time: 0.19s
Epoch 238/1000, Loss: 12.2219, Obj: 19.5585, Eq Viol (l1): 2.775834, Ineq Viol (l1): 0.025285, Epoch time: 0.19s
Epoch 239/1000, Loss: 12.1615, Obj: 19.3634, Eq Viol (l1): 2.773965, Ineq Viol (l1): 0.025250, Epoch time: 0.19s
Epoch 240/1000, Loss: 12.1383, Obj: 19.2982, Eq Viol (l1): 2.775699, Ineq Viol (l1): 0.026081, Epoch time: 0.19s
Epoch 241/1000, Loss: 12.0947, Obj: 19.1664, Eq Viol (l1): 2.763405, Ineq Viol (l1): 0.025783, Epoch time: 0.19s

Running validation at epoch 240...

VALIDATION_EPOCH_240 EVALUATION RESULTS:
==================================================
Obj:     1.933802e+01
Opt Gap:      3.423080e+01 ± 1.104980e+01
Eq Vio l1:   9.031465e-01 (max: 1.410375e+00)
Ineq Vio l1: 7.102803e-04 (max: 2.004732e-01)
Sol Dis:   2.136552e+02 ± 4.883322e-01
Merit:             2.837659e+01 ± 4.218793e-02
Avg Inf Time:  0.0002s
==================================================
✓ Model saved: results/nonsmooth_nonconvex/socp/SOCPProblem-100-50-50-10000/20260115-171657_MLP_sup_pen_seed0_nepochs1000_lr0.0001_trainsize7000_subopt_3_0.5/model_240.pt
Epoch 242/1000, Loss: 12.0502, Obj: 19.0673, Eq Viol (l1): 2.762421, Ineq Viol (l1): 0.026110, Epoch time: 0.19s
Epoch 243/1000, Loss: 12.0697, Obj: 19.1191, Eq Viol (l1): 2.755397, Ineq Viol (l1): 0.027723, Epoch time: 0.19s
Epoch 244/1000, Loss: 12.0893, Obj: 19.2207, Eq Viol (l1): 2.762486, Ineq Viol (l1): 0.024455, Epoch time: 0.19s
Epoch 245/1000, Loss: 12.0218, Obj: 19.0201, Eq Viol (l1): 2.746962, Ineq Viol (l1): 0.028960, Epoch time: 0.19s
Epoch 246/1000, Loss: 12.0812, Obj: 19.2587, Eq Viol (l1): 2.750131, Ineq Viol (l1): 0.024220, Epoch time: 0.19s
Epoch 247/1000, Loss: 12.0287, Obj: 19.0632, Eq Viol (l1): 2.754685, Ineq Viol (l1): 0.026450, Epoch time: 0.28s
Epoch 248/1000, Loss: 12.0165, Obj: 19.0336, Eq Viol (l1): 2.747888, Ineq Viol (l1): 0.027797, Epoch time: 0.19s
Epoch 249/1000, Loss: 12.0773, Obj: 19.1750, Eq Viol (l1): 2.755700, Ineq Viol (l1): 0.024408, Epoch time: 0.19s
Epoch 250/1000, Loss: 11.9875, Obj: 18.9111, Eq Viol (l1): 2.747650, Ineq Viol (l1): 0.030255, Epoch time: 0.19s
Epoch 251/1000, Loss: 11.9435, Obj: 18.8896, Eq Viol (l1): 2.736304, Ineq Viol (l1): 0.024500, Epoch time: 0.19s

Running validation at epoch 250...

VALIDATION_EPOCH_250 EVALUATION RESULTS:
==================================================
Obj:     1.903993e+01
Opt Gap:      3.397289e+01 ± 1.073159e+01
Eq Vio l1:   8.597192e-01 (max: 1.289677e+00)
Ineq Vio l1: 1.475709e-03 (max: 2.829473e-01)
Sol Dis:   2.120835e+02 ± 3.822924e-01
Merit:             2.765188e+01 ± 2.348835e-03
Avg Inf Time:  0.0002s
==================================================
✓ Model saved: results/nonsmooth_nonconvex/socp/SOCPProblem-100-50-50-10000/20260115-171657_MLP_sup_pen_seed0_nepochs1000_lr0.0001_trainsize7000_subopt_3_0.5/model_250.pt
Epoch 252/1000, Loss: 11.9817, Obj: 18.9613, Eq Viol (l1): 2.742654, Ineq Viol (l1): 0.027732, Epoch time: 0.19s
Epoch 253/1000, Loss: 12.0494, Obj: 19.2030, Eq Viol (l1): 2.743081, Ineq Viol (l1): 0.023732, Epoch time: 0.19s
Epoch 254/1000, Loss: 12.1226, Obj: 19.3266, Eq Viol (l1): 2.738681, Ineq Viol (l1): 0.028312, Epoch time: 0.19s
Epoch 255/1000, Loss: 12.0240, Obj: 19.1046, Eq Viol (l1): 2.733895, Ineq Viol (l1): 0.026849, Epoch time: 0.19s
Epoch 256/1000, Loss: 12.0294, Obj: 19.1618, Eq Viol (l1): 2.727735, Ineq Viol (l1): 0.027033, Epoch time: 0.19s
Epoch 257/1000, Loss: 12.0592, Obj: 19.2604, Eq Viol (l1): 2.734094, Ineq Viol (l1): 0.023555, Epoch time: 0.19s
Epoch 258/1000, Loss: 12.0569, Obj: 19.2600, Eq Viol (l1): 2.733246, Ineq Viol (l1): 0.026403, Epoch time: 0.19s
Epoch 259/1000, Loss: 11.9742, Obj: 18.9330, Eq Viol (l1): 2.717503, Ineq Viol (l1): 0.033657, Epoch time: 0.19s
Epoch 260/1000, Loss: 12.0948, Obj: 19.4258, Eq Viol (l1): 2.733647, Ineq Viol (l1): 0.021428, Epoch time: 0.19s
Epoch 261/1000, Loss: 11.9972, Obj: 19.0855, Eq Viol (l1): 2.721247, Ineq Viol (l1): 0.027360, Epoch time: 0.19s

Running validation at epoch 260...

VALIDATION_EPOCH_260 EVALUATION RESULTS:
==================================================
Obj:     1.895855e+01
Opt Gap:      3.396008e+01 ± 1.094044e+01
Eq Vio l1:   8.329765e-01 (max: 1.292121e+00)
Ineq Vio l1: 2.290646e-03 (max: 4.501755e-01)
Sol Dis:   2.114300e+02 ± 3.734056e-01
Merit:             2.731122e+01 ± 2.560202e-02
Avg Inf Time:  0.0002s
==================================================
✓ Model saved: results/nonsmooth_nonconvex/socp/SOCPProblem-100-50-50-10000/20260115-171657_MLP_sup_pen_seed0_nepochs1000_lr0.0001_trainsize7000_subopt_3_0.5/model_260.pt
Epoch 262/1000, Loss: 11.9201, Obj: 18.9080, Eq Viol (l1): 2.713461, Ineq Viol (l1): 0.027180, Epoch time: 0.19s
Epoch 263/1000, Loss: 11.9532, Obj: 18.9337, Eq Viol (l1): 2.719640, Ineq Viol (l1): 0.028461, Epoch time: 0.19s
Epoch 264/1000, Loss: 11.9536, Obj: 19.1485, Eq Viol (l1): 2.713312, Ineq Viol (l1): 0.020702, Epoch time: 0.19s
Epoch 265/1000, Loss: 11.9661, Obj: 18.9749, Eq Viol (l1): 2.724089, Ineq Viol (l1): 0.029623, Epoch time: 0.19s
Epoch 266/1000, Loss: 11.9005, Obj: 18.8582, Eq Viol (l1): 2.712092, Ineq Viol (l1): 0.028005, Epoch time: 0.19s
Epoch 267/1000, Loss: 11.8846, Obj: 18.9092, Eq Viol (l1): 2.703056, Ineq Viol (l1): 0.023185, Epoch time: 0.19s
Epoch 268/1000, Loss: 11.8526, Obj: 18.7836, Eq Viol (l1): 2.697317, Ineq Viol (l1): 0.027236, Epoch time: 0.19s
Epoch 269/1000, Loss: 11.9177, Obj: 18.8764, Eq Viol (l1): 2.701686, Ineq Viol (l1): 0.031682, Epoch time: 0.19s
Epoch 270/1000, Loss: 11.9990, Obj: 19.2614, Eq Viol (l1): 2.711460, Ineq Viol (l1): 0.020474, Epoch time: 0.19s
Epoch 271/1000, Loss: 11.9512, Obj: 18.9853, Eq Viol (l1): 2.713050, Ineq Viol (l1): 0.028891, Epoch time: 0.19s

Running validation at epoch 270...

VALIDATION_EPOCH_270 EVALUATION RESULTS:
==================================================
Obj:     1.891814e+01
Opt Gap:      3.367335e+01 ± 1.063428e+01
Eq Vio l1:   8.421603e-01 (max: 1.367126e+00)
Ineq Vio l1: 8.964315e-04 (max: 3.128497e-01)
Sol Dis:   2.111869e+02 ± 4.719116e-01
Merit:             2.734870e+01 ± 1.442999e-02
Avg Inf Time:  0.0002s
==================================================
✓ Model saved: results/nonsmooth_nonconvex/socp/SOCPProblem-100-50-50-10000/20260115-171657_MLP_sup_pen_seed0_nepochs1000_lr0.0001_trainsize7000_subopt_3_0.5/model_270.pt
Epoch 272/1000, Loss: 11.9221, Obj: 19.0845, Eq Viol (l1): 2.695451, Ineq Viol (l1): 0.022049, Epoch time: 0.19s
Epoch 273/1000, Loss: 11.8743, Obj: 18.7498, Eq Viol (l1): 2.688707, Ineq Viol (l1): 0.034328, Epoch time: 0.19s
Epoch 274/1000, Loss: 12.0482, Obj: 19.4523, Eq Viol (l1): 2.703207, Ineq Viol (l1): 0.023298, Epoch time: 0.19s
Epoch 275/1000, Loss: 11.9200, Obj: 19.0188, Eq Viol (l1): 2.705216, Ineq Viol (l1): 0.024712, Epoch time: 0.19s
Epoch 276/1000, Loss: 11.8624, Obj: 18.9024, Eq Viol (l1): 2.690600, Ineq Viol (l1): 0.025737, Epoch time: 0.19s
Epoch 277/1000, Loss: 11.9930, Obj: 19.2164, Eq Viol (l1): 2.693105, Ineq Viol (l1): 0.030312, Epoch time: 0.19s
Epoch 278/1000, Loss: 11.8851, Obj: 18.9523, Eq Viol (l1): 2.696945, Ineq Viol (l1): 0.024317, Epoch time: 0.19s
Epoch 279/1000, Loss: 11.8937, Obj: 19.0124, Eq Viol (l1): 2.693987, Ineq Viol (l1): 0.023346, Epoch time: 0.19s
Epoch 280/1000, Loss: 11.7615, Obj: 18.6055, Eq Viol (l1): 2.685305, Ineq Viol (l1): 0.028255, Epoch time: 0.19s
Epoch 281/1000, Loss: 11.7637, Obj: 18.5472, Eq Viol (l1): 2.684576, Ineq Viol (l1): 0.030202, Epoch time: 0.19s

Running validation at epoch 280...

VALIDATION_EPOCH_280 EVALUATION RESULTS:
==================================================
Obj:     1.895186e+01
Opt Gap:      3.373875e+01 ± 1.083640e+01
Eq Vio l1:   8.168736e-01 (max: 1.312099e+00)
Ineq Vio l1: 8.104567e-04 (max: 2.941591e-01)
Sol Dis:   2.113335e+02 ± 4.697434e-01
Merit:             2.712870e+01 ± 1.599131e-02
Avg Inf Time:  0.0003s
==================================================
✓ Model saved: results/nonsmooth_nonconvex/socp/SOCPProblem-100-50-50-10000/20260115-171657_MLP_sup_pen_seed0_nepochs1000_lr0.0001_trainsize7000_subopt_3_0.5/model_280.pt
Epoch 282/1000, Loss: 11.8026, Obj: 18.8032, Eq Viol (l1): 2.678213, Ineq Viol (l1): 0.021162, Epoch time: 0.19s
Epoch 283/1000, Loss: 11.8457, Obj: 18.8566, Eq Viol (l1): 2.675025, Ineq Viol (l1): 0.027949, Epoch time: 0.19s
Epoch 284/1000, Loss: 11.8952, Obj: 18.9394, Eq Viol (l1): 2.683033, Ineq Viol (l1): 0.029366, Epoch time: 0.19s
Epoch 285/1000, Loss: 11.8936, Obj: 19.0877, Eq Viol (l1): 2.682677, Ineq Viol (l1): 0.021274, Epoch time: 0.19s
Epoch 286/1000, Loss: 11.8591, Obj: 18.9026, Eq Viol (l1): 2.679175, Ineq Viol (l1): 0.029563, Epoch time: 0.19s
Epoch 287/1000, Loss: 11.8851, Obj: 19.0119, Eq Viol (l1): 2.674348, Ineq Viol (l1): 0.028032, Epoch time: 0.19s
Epoch 288/1000, Loss: 11.9322, Obj: 19.2256, Eq Viol (l1): 2.682337, Ineq Viol (l1): 0.023558, Epoch time: 0.19s
Epoch 289/1000, Loss: 11.8247, Obj: 18.8560, Eq Viol (l1): 2.681934, Ineq Viol (l1): 0.024023, Epoch time: 0.19s
Epoch 290/1000, Loss: 11.8161, Obj: 18.7930, Eq Viol (l1): 2.671659, Ineq Viol (l1): 0.029694, Epoch time: 0.19s
Epoch 291/1000, Loss: 11.8053, Obj: 18.8557, Eq Viol (l1): 2.663952, Ineq Viol (l1): 0.025362, Epoch time: 0.19s

Running validation at epoch 290...

VALIDATION_EPOCH_290 EVALUATION RESULTS:
==================================================
Obj:     1.887860e+01
Opt Gap:      3.380751e+01 ± 1.091065e+01
Eq Vio l1:   8.309613e-01 (max: 1.288958e+00)
Ineq Vio l1: 1.470491e-03 (max: 3.466713e-01)
Sol Dis:   2.107873e+02 ± 4.269918e-01
Merit:             2.720291e+01 ± 4.573179e-03
Avg Inf Time:  0.0002s
==================================================
✓ Model saved: results/nonsmooth_nonconvex/socp/SOCPProblem-100-50-50-10000/20260115-171657_MLP_sup_pen_seed0_nepochs1000_lr0.0001_trainsize7000_subopt_3_0.5/model_290.pt
Epoch 292/1000, Loss: 11.8023, Obj: 18.7905, Eq Viol (l1): 2.657507, Ineq Viol (l1): 0.028513, Epoch time: 0.19s
Epoch 293/1000, Loss: 11.8135, Obj: 18.9825, Eq Viol (l1): 2.665312, Ineq Viol (l1): 0.021306, Epoch time: 0.19s
Epoch 294/1000, Loss: 11.7593, Obj: 18.6748, Eq Viol (l1): 2.660322, Ineq Viol (l1): 0.028334, Epoch time: 0.19s
Epoch 295/1000, Loss: 11.8016, Obj: 18.8188, Eq Viol (l1): 2.664014, Ineq Viol (l1): 0.026935, Epoch time: 0.19s
Epoch 296/1000, Loss: 11.7341, Obj: 18.6509, Eq Viol (l1): 2.661996, Ineq Viol (l1): 0.024534, Epoch time: 0.19s
Epoch 297/1000, Loss: 11.7532, Obj: 18.6794, Eq Viol (l1): 2.659924, Ineq Viol (l1): 0.028302, Epoch time: 0.19s
Epoch 298/1000, Loss: 11.7541, Obj: 18.6560, Eq Viol (l1): 2.660048, Ineq Viol (l1): 0.028054, Epoch time: 0.19s
Epoch 299/1000, Loss: 11.7497, Obj: 18.6520, Eq Viol (l1): 2.652029, Ineq Viol (l1): 0.030864, Epoch time: 0.19s
Epoch 300/1000, Loss: 11.7777, Obj: 18.7653, Eq Viol (l1): 2.669062, Ineq Viol (l1): 0.023246, Epoch time: 0.19s
Epoch 301/1000, Loss: 11.7964, Obj: 18.8093, Eq Viol (l1): 2.659834, Ineq Viol (l1): 0.025680, Epoch time: 0.19s

Running validation at epoch 300...

VALIDATION_EPOCH_300 EVALUATION RESULTS:
==================================================
Obj:     1.863472e+01
Opt Gap:      3.295758e+01 ± 1.061774e+01
Eq Vio l1:   7.824143e-01 (max: 1.258655e+00)
Ineq Vio l1: 1.337842e-03 (max: 1.732817e-01)
Sol Dis:   2.093976e+02 ± 5.284913e-01
Merit:             2.647224e+01 ± 3.493376e-02
Avg Inf Time:  0.0002s
==================================================
✓ Model saved: results/nonsmooth_nonconvex/socp/SOCPProblem-100-50-50-10000/20260115-171657_MLP_sup_pen_seed0_nepochs1000_lr0.0001_trainsize7000_subopt_3_0.5/model_300.pt
Epoch 302/1000, Loss: 11.8622, Obj: 18.9008, Eq Viol (l1): 2.663047, Ineq Viol (l1): 0.030687, Epoch time: 0.19s
Epoch 303/1000, Loss: 11.7633, Obj: 18.8042, Eq Viol (l1): 2.648968, Ineq Viol (l1): 0.025802, Epoch time: 0.19s
Epoch 304/1000, Loss: 11.7222, Obj: 18.6253, Eq Viol (l1): 2.644981, Ineq Viol (l1): 0.028431, Epoch time: 0.19s
Epoch 305/1000, Loss: 11.7546, Obj: 18.7900, Eq Viol (l1): 2.653164, Ineq Viol (l1): 0.024038, Epoch time: 0.19s
Epoch 306/1000, Loss: 11.7066, Obj: 18.6347, Eq Viol (l1): 2.648758, Ineq Viol (l1): 0.025272, Epoch time: 0.19s
Epoch 307/1000, Loss: 11.7193, Obj: 18.6504, Eq Viol (l1): 2.649963, Ineq Viol (l1): 0.024384, Epoch time: 0.19s
Epoch 308/1000, Loss: 11.7695, Obj: 18.6996, Eq Viol (l1): 2.647842, Ineq Viol (l1): 0.033132, Epoch time: 0.19s
Epoch 309/1000, Loss: 11.7592, Obj: 18.7781, Eq Viol (l1): 2.651765, Ineq Viol (l1): 0.025019, Epoch time: 0.19s
Epoch 310/1000, Loss: 11.7162, Obj: 18.6667, Eq Viol (l1): 2.647563, Ineq Viol (l1): 0.024541, Epoch time: 0.19s
Epoch 311/1000, Loss: 11.7246, Obj: 18.6682, Eq Viol (l1): 2.646664, Ineq Viol (l1): 0.026921, Epoch time: 0.19s

Running validation at epoch 310...

VALIDATION_EPOCH_310 EVALUATION RESULTS:
==================================================
Obj:     1.872752e+01
Opt Gap:      3.312009e+01 ± 1.049282e+01
Eq Vio l1:   8.003616e-01 (max: 1.246084e+00)
Ineq Vio l1: 2.074609e-03 (max: 2.491967e-01)
Sol Dis:   2.097360e+02 ± 5.688967e-01
Merit:             2.675188e+01 ± 6.905886e-02
Avg Inf Time:  0.0002s
==================================================
✓ Model saved: results/nonsmooth_nonconvex/socp/SOCPProblem-100-50-50-10000/20260115-171657_MLP_sup_pen_seed0_nepochs1000_lr0.0001_trainsize7000_subopt_3_0.5/model_310.pt
Epoch 312/1000, Loss: 11.7070, Obj: 18.6496, Eq Viol (l1): 2.645076, Ineq Viol (l1): 0.026370, Epoch time: 0.19s
Epoch 313/1000, Loss: 11.6604, Obj: 18.4476, Eq Viol (l1): 2.647454, Ineq Viol (l1): 0.025518, Epoch time: 0.19s
Epoch 314/1000, Loss: 11.7110, Obj: 18.5988, Eq Viol (l1): 2.643416, Ineq Viol (l1): 0.025752, Epoch time: 0.19s
Epoch 315/1000, Loss: 11.7722, Obj: 18.6805, Eq Viol (l1): 2.635202, Ineq Viol (l1): 0.032936, Epoch time: 0.19s
Epoch 316/1000, Loss: 11.8531, Obj: 19.0970, Eq Viol (l1): 2.652796, Ineq Viol (l1): 0.021637, Epoch time: 0.27s
Epoch 317/1000, Loss: 11.7462, Obj: 18.8298, Eq Viol (l1): 2.644669, Ineq Viol (l1): 0.023725, Epoch time: 0.19s
Epoch 318/1000, Loss: 11.6490, Obj: 18.4997, Eq Viol (l1): 2.638388, Ineq Viol (l1): 0.026780, Epoch time: 0.19s
Epoch 319/1000, Loss: 11.6461, Obj: 18.5246, Eq Viol (l1): 2.637373, Ineq Viol (l1): 0.024806, Epoch time: 0.19s
Epoch 320/1000, Loss: 11.6813, Obj: 18.5440, Eq Viol (l1): 2.643295, Ineq Viol (l1): 0.026403, Epoch time: 0.19s
Epoch 321/1000, Loss: 11.6408, Obj: 18.4246, Eq Viol (l1): 2.641264, Ineq Viol (l1): 0.028365, Epoch time: 0.19s

Running validation at epoch 320...

VALIDATION_EPOCH_320 EVALUATION RESULTS:
==================================================
Obj:     1.854979e+01
Opt Gap:      3.286429e+01 ± 1.042685e+01
Eq Vio l1:   7.755931e-01 (max: 1.155358e+00)
Ineq Vio l1: 1.420382e-03 (max: 3.049576e-01)
Sol Dis:   2.086935e+02 ± 4.875535e-01
Merit:             2.631993e+01 ± 3.108621e-02
Avg Inf Time:  0.0002s
==================================================
✓ Model saved: results/nonsmooth_nonconvex/socp/SOCPProblem-100-50-50-10000/20260115-171657_MLP_sup_pen_seed0_nepochs1000_lr0.0001_trainsize7000_subopt_3_0.5/model_320.pt
Epoch 322/1000, Loss: 11.6800, Obj: 18.5841, Eq Viol (l1): 2.632106, Ineq Viol (l1): 0.026116, Epoch time: 0.19s
Epoch 323/1000, Loss: 11.6661, Obj: 18.6060, Eq Viol (l1): 2.643807, Ineq Viol (l1): 0.022586, Epoch time: 0.19s
Epoch 324/1000, Loss: 11.5892, Obj: 18.3949, Eq Viol (l1): 2.619938, Ineq Viol (l1): 0.025678, Epoch time: 0.19s
Epoch 325/1000, Loss: 11.6110, Obj: 18.4074, Eq Viol (l1): 2.628001, Ineq Viol (l1): 0.028057, Epoch time: 0.19s
Epoch 326/1000, Loss: 11.6412, Obj: 18.5278, Eq Viol (l1): 2.628504, Ineq Viol (l1): 0.025720, Epoch time: 0.19s
Epoch 327/1000, Loss: 11.6623, Obj: 18.5915, Eq Viol (l1): 2.626121, Ineq Viol (l1): 0.027262, Epoch time: 0.19s
Epoch 328/1000, Loss: 11.6729, Obj: 18.6568, Eq Viol (l1): 2.627147, Ineq Viol (l1): 0.023537, Epoch time: 0.19s
Epoch 329/1000, Loss: 11.6524, Obj: 18.5947, Eq Viol (l1): 2.624852, Ineq Viol (l1): 0.024325, Epoch time: 0.19s
Epoch 330/1000, Loss: 11.6852, Obj: 18.5701, Eq Viol (l1): 2.626655, Ineq Viol (l1): 0.030740, Epoch time: 0.19s
Epoch 331/1000, Loss: 11.5782, Obj: 18.3569, Eq Viol (l1): 2.621552, Ineq Viol (l1): 0.027343, Epoch time: 0.19s

Running validation at epoch 330...

VALIDATION_EPOCH_330 EVALUATION RESULTS:
==================================================
Obj:     1.847605e+01
Opt Gap:      3.277062e+01 ± 1.063318e+01
Eq Vio l1:   8.022778e-01 (max: 1.229517e+00)
Ineq Vio l1: 1.411942e-03 (max: 2.636801e-01)
Sol Dis:   2.082142e+02 ± 3.009827e-01
Merit:             2.651295e+01 ± 5.214561e-02
Avg Inf Time:  0.0002s
==================================================
✓ Model saved: results/nonsmooth_nonconvex/socp/SOCPProblem-100-50-50-10000/20260115-171657_MLP_sup_pen_seed0_nepochs1000_lr0.0001_trainsize7000_subopt_3_0.5/model_330.pt
Epoch 332/1000, Loss: 11.6414, Obj: 18.5785, Eq Viol (l1): 2.623805, Ineq Viol (l1): 0.025301, Epoch time: 0.19s
Epoch 333/1000, Loss: 11.6468, Obj: 18.5834, Eq Viol (l1): 2.623101, Ineq Viol (l1): 0.025938, Epoch time: 0.19s
Epoch 334/1000, Loss: 11.6122, Obj: 18.4786, Eq Viol (l1): 2.614142, Ineq Viol (l1): 0.029240, Epoch time: 0.19s
Epoch 335/1000, Loss: 11.5977, Obj: 18.5300, Eq Viol (l1): 2.613688, Ineq Viol (l1): 0.021472, Epoch time: 0.19s
Epoch 336/1000, Loss: 11.6668, Obj: 18.6460, Eq Viol (l1): 2.625499, Ineq Viol (l1): 0.024881, Epoch time: 0.19s
Epoch 337/1000, Loss: 11.5728, Obj: 18.4057, Eq Viol (l1): 2.617649, Ineq Viol (l1): 0.025108, Epoch time: 0.19s
Epoch 338/1000, Loss: 11.6634, Obj: 18.6069, Eq Viol (l1): 2.613791, Ineq Viol (l1): 0.028819, Epoch time: 0.19s
Epoch 339/1000, Loss: 11.6802, Obj: 18.6817, Eq Viol (l1): 2.623294, Ineq Viol (l1): 0.025181, Epoch time: 0.19s
Epoch 340/1000, Loss: 11.7028, Obj: 18.7560, Eq Viol (l1): 2.624540, Ineq Viol (l1): 0.026684, Epoch time: 0.19s
Epoch 341/1000, Loss: 11.6449, Obj: 18.6426, Eq Viol (l1): 2.620268, Ineq Viol (l1): 0.027488, Epoch time: 0.19s

Running validation at epoch 340...

VALIDATION_EPOCH_340 EVALUATION RESULTS:
==================================================
Obj:     1.881557e+01
Opt Gap:      3.380498e+01 ± 1.100105e+01
Eq Vio l1:   8.151998e-01 (max: 1.196449e+00)
Ineq Vio l1: 5.188801e-04 (max: 1.530607e-01)
Sol Dis:   2.096569e+02 ± 4.223918e-01
Merit:             2.697276e+01 ± 2.574157e-03
Avg Inf Time:  0.0002s
==================================================
✓ Model saved: results/nonsmooth_nonconvex/socp/SOCPProblem-100-50-50-10000/20260115-171657_MLP_sup_pen_seed0_nepochs1000_lr0.0001_trainsize7000_subopt_3_0.5/model_340.pt
Epoch 342/1000, Loss: 11.5679, Obj: 18.4137, Eq Viol (l1): 2.614373, Ineq Viol (l1): 0.025750, Epoch time: 0.19s
Epoch 343/1000, Loss: 11.5941, Obj: 18.4361, Eq Viol (l1): 2.613012, Ineq Viol (l1): 0.030202, Epoch time: 0.19s
Epoch 344/1000, Loss: 11.5807, Obj: 18.5112, Eq Viol (l1): 2.613220, Ineq Viol (l1): 0.021906, Epoch time: 0.19s
Epoch 345/1000, Loss: 11.6346, Obj: 18.5285, Eq Viol (l1): 2.623952, Ineq Viol (l1): 0.028260, Epoch time: 0.19s
Epoch 346/1000, Loss: 11.5471, Obj: 18.4733, Eq Viol (l1): 2.603674, Ineq Viol (l1): 0.024130, Epoch time: 0.19s
Epoch 347/1000, Loss: 11.5500, Obj: 18.4440, Eq Viol (l1): 2.599212, Ineq Viol (l1): 0.026322, Epoch time: 0.19s
Epoch 348/1000, Loss: 11.5215, Obj: 18.3995, Eq Viol (l1): 2.602786, Ineq Viol (l1): 0.025888, Epoch time: 0.19s
Epoch 349/1000, Loss: 11.5338, Obj: 18.3365, Eq Viol (l1): 2.612938, Ineq Viol (l1): 0.026150, Epoch time: 0.19s
Epoch 350/1000, Loss: 11.6085, Obj: 18.6160, Eq Viol (l1): 2.605670, Ineq Viol (l1): 0.027488, Epoch time: 0.19s
Epoch 351/1000, Loss: 11.5185, Obj: 18.3408, Eq Viol (l1): 2.606216, Ineq Viol (l1): 0.028295, Epoch time: 0.27s

Running validation at epoch 350...

VALIDATION_EPOCH_350 EVALUATION RESULTS:
==================================================
Obj:     1.851334e+01
Opt Gap:      3.287220e+01 ± 1.043881e+01
Eq Vio l1:   8.120530e-01 (max: 1.273679e+00)
Ineq Vio l1: 4.811100e-04 (max: 1.229274e-01)
Sol Dis:   2.081581e+02 ± 5.199937e-01
Merit:             2.663868e+01 ± 3.294851e-02
Avg Inf Time:  0.0002s
==================================================
✓ Model saved: results/nonsmooth_nonconvex/socp/SOCPProblem-100-50-50-10000/20260115-171657_MLP_sup_pen_seed0_nepochs1000_lr0.0001_trainsize7000_subopt_3_0.5/model_350.pt
Epoch 352/1000, Loss: 11.5560, Obj: 18.4519, Eq Viol (l1): 2.611698, Ineq Viol (l1): 0.025428, Epoch time: 0.19s
Epoch 353/1000, Loss: 11.5345, Obj: 18.4247, Eq Viol (l1): 2.606882, Ineq Viol (l1): 0.024637, Epoch time: 0.19s
Epoch 354/1000, Loss: 11.4967, Obj: 18.4075, Eq Viol (l1): 2.594555, Ineq Viol (l1): 0.023977, Epoch time: 0.19s
Epoch 355/1000, Loss: 11.5004, Obj: 18.3550, Eq Viol (l1): 2.599050, Ineq Viol (l1): 0.025749, Epoch time: 0.19s
Epoch 356/1000, Loss: 11.5894, Obj: 18.6231, Eq Viol (l1): 2.604150, Ineq Viol (l1): 0.024169, Epoch time: 0.19s
Epoch 357/1000, Loss: 11.5687, Obj: 18.5902, Eq Viol (l1): 2.602232, Ineq Viol (l1): 0.025310, Epoch time: 0.19s
Epoch 358/1000, Loss: 11.5234, Obj: 18.4367, Eq Viol (l1): 2.596577, Ineq Viol (l1): 0.028506, Epoch time: 0.19s
Epoch 359/1000, Loss: 11.5421, Obj: 18.4724, Eq Viol (l1): 2.605779, Ineq Viol (l1): 0.026442, Epoch time: 0.19s
Epoch 360/1000, Loss: 11.4712, Obj: 18.2998, Eq Viol (l1): 2.601437, Ineq Viol (l1): 0.025708, Epoch time: 0.19s
Epoch 361/1000, Loss: 11.4531, Obj: 18.2839, Eq Viol (l1): 2.591260, Ineq Viol (l1): 0.025685, Epoch time: 0.19s

Running validation at epoch 360...

VALIDATION_EPOCH_360 EVALUATION RESULTS:
==================================================
Obj:     1.826401e+01
Opt Gap:      3.247224e+01 ± 1.046758e+01
Eq Vio l1:   7.554330e-01 (max: 1.180287e+00)
Ineq Vio l1: 1.461419e-03 (max: 2.611329e-01)
Sol Dis:   2.067861e+02 ± 4.839469e-01
Merit:             2.583296e+01 ± 2.180225e-02
Avg Inf Time:  0.0002s
==================================================
✓ Model saved: results/nonsmooth_nonconvex/socp/SOCPProblem-100-50-50-10000/20260115-171657_MLP_sup_pen_seed0_nepochs1000_lr0.0001_trainsize7000_subopt_3_0.5/model_360.pt
Epoch 362/1000, Loss: 11.5127, Obj: 18.4654, Eq Viol (l1): 2.590771, Ineq Viol (l1): 0.025454, Epoch time: 0.19s
Epoch 363/1000, Loss: 11.4750, Obj: 18.3408, Eq Viol (l1): 2.588094, Ineq Viol (l1): 0.027635, Epoch time: 0.19s
Epoch 364/1000, Loss: 11.4560, Obj: 18.3983, Eq Viol (l1): 2.583501, Ineq Viol (l1): 0.023300, Epoch time: 0.19s
Epoch 365/1000, Loss: 11.5007, Obj: 18.4029, Eq Viol (l1): 2.596782, Ineq Viol (l1): 0.029035, Epoch time: 0.19s
Epoch 366/1000, Loss: 11.4260, Obj: 18.3594, Eq Viol (l1): 2.579474, Ineq Viol (l1): 0.022021, Epoch time: 0.19s
Epoch 367/1000, Loss: 11.4776, Obj: 18.3250, Eq Viol (l1): 2.590943, Ineq Viol (l1): 0.029306, Epoch time: 0.19s
Epoch 368/1000, Loss: 11.4835, Obj: 18.4562, Eq Viol (l1): 2.586986, Ineq Viol (l1): 0.025734, Epoch time: 0.19s
Epoch 369/1000, Loss: 11.4912, Obj: 18.5252, Eq Viol (l1): 2.587084, Ineq Viol (l1): 0.022268, Epoch time: 0.19s
Epoch 370/1000, Loss: 11.4643, Obj: 18.4035, Eq Viol (l1): 2.593084, Ineq Viol (l1): 0.026110, Epoch time: 0.19s
Epoch 371/1000, Loss: 11.4801, Obj: 18.3894, Eq Viol (l1): 2.589890, Ineq Viol (l1): 0.030439, Epoch time: 0.19s

Running validation at epoch 370...

VALIDATION_EPOCH_370 EVALUATION RESULTS:
==================================================
Obj:     1.853630e+01
Opt Gap:      3.299662e+01 ± 1.069749e+01
Eq Vio l1:   7.814562e-01 (max: 1.129951e+00)
Ineq Vio l1: 2.851125e-04 (max: 7.690752e-02)
Sol Dis:   2.078201e+02 ± 4.187252e-01
Merit:             2.635371e+01 ± 5.845280e-02
Avg Inf Time:  0.0002s
==================================================
✓ Model saved: results/nonsmooth_nonconvex/socp/SOCPProblem-100-50-50-10000/20260115-171657_MLP_sup_pen_seed0_nepochs1000_lr0.0001_trainsize7000_subopt_3_0.5/model_370.pt
Epoch 372/1000, Loss: 11.4482, Obj: 18.4187, Eq Viol (l1): 2.587153, Ineq Viol (l1): 0.023899, Epoch time: 0.19s
Epoch 373/1000, Loss: 11.4333, Obj: 18.3497, Eq Viol (l1): 2.579420, Ineq Viol (l1): 0.027535, Epoch time: 0.19s
Epoch 374/1000, Loss: 11.4683, Obj: 18.5480, Eq Viol (l1): 2.580478, Ineq Viol (l1): 0.022849, Epoch time: 0.19s
Epoch 375/1000, Loss: 11.4034, Obj: 18.2619, Eq Viol (l1): 2.579871, Ineq Viol (l1): 0.028236, Epoch time: 0.19s
Epoch 376/1000, Loss: 11.4590, Obj: 18.5007, Eq Viol (l1): 2.575193, Ineq Viol (l1): 0.024878, Epoch time: 0.19s
Epoch 377/1000, Loss: 11.4755, Obj: 18.4943, Eq Viol (l1): 2.589890, Ineq Viol (l1): 0.026307, Epoch time: 0.19s
Epoch 378/1000, Loss: 11.4532, Obj: 18.4562, Eq Viol (l1): 2.574880, Ineq Viol (l1): 0.027310, Epoch time: 0.19s
Epoch 379/1000, Loss: 11.4117, Obj: 18.3964, Eq Viol (l1): 2.571495, Ineq Viol (l1): 0.026656, Epoch time: 0.19s
Epoch 380/1000, Loss: 11.4318, Obj: 18.3522, Eq Viol (l1): 2.589387, Ineq Viol (l1): 0.027946, Epoch time: 0.19s
Epoch 381/1000, Loss: 11.4635, Obj: 18.5893, Eq Viol (l1): 2.581440, Ineq Viol (l1): 0.023671, Epoch time: 0.19s

Running validation at epoch 380...

VALIDATION_EPOCH_380 EVALUATION RESULTS:
==================================================
Obj:     1.851773e+01
Opt Gap:      3.301124e+01 ± 1.066149e+01
Eq Vio l1:   7.573817e-01 (max: 1.143820e+00)
Ineq Vio l1: 1.006663e-03 (max: 2.801144e-01)
Sol Dis:   2.075874e+02 ± 5.398262e-01
Merit:             2.610162e+01 ± 6.555590e-02
Avg Inf Time:  0.0002s
==================================================
✓ Model saved: results/nonsmooth_nonconvex/socp/SOCPProblem-100-50-50-10000/20260115-171657_MLP_sup_pen_seed0_nepochs1000_lr0.0001_trainsize7000_subopt_3_0.5/model_380.pt
Epoch 382/1000, Loss: 11.3848, Obj: 18.3836, Eq Viol (l1): 2.571185, Ineq Viol (l1): 0.023590, Epoch time: 0.19s
Epoch 383/1000, Loss: 11.4279, Obj: 18.3903, Eq Viol (l1): 2.573050, Ineq Viol (l1): 0.028498, Epoch time: 0.19s
Epoch 384/1000, Loss: 11.4438, Obj: 18.4278, Eq Viol (l1): 2.572937, Ineq Viol (l1): 0.031962, Epoch time: 0.19s
Epoch 385/1000, Loss: 11.4757, Obj: 18.7108, Eq Viol (l1): 2.576078, Ineq Viol (l1): 0.020302, Epoch time: 0.19s
Epoch 386/1000, Loss: 11.4069, Obj: 18.4270, Eq Viol (l1): 2.567048, Ineq Viol (l1): 0.028883, Epoch time: 0.19s
Epoch 387/1000, Loss: 11.4375, Obj: 18.5059, Eq Viol (l1): 2.581345, Ineq Viol (l1): 0.024902, Epoch time: 0.27s
Epoch 388/1000, Loss: 11.4585, Obj: 18.5761, Eq Viol (l1): 2.567743, Ineq Viol (l1): 0.028813, Epoch time: 0.19s
Epoch 389/1000, Loss: 11.4215, Obj: 18.5708, Eq Viol (l1): 2.563428, Ineq Viol (l1): 0.025530, Epoch time: 0.19s
Epoch 390/1000, Loss: 11.4098, Obj: 18.5359, Eq Viol (l1): 2.573952, Ineq Viol (l1): 0.022806, Epoch time: 0.19s
Epoch 391/1000, Loss: 11.3786, Obj: 18.3745, Eq Viol (l1): 2.572222, Ineq Viol (l1): 0.028237, Epoch time: 0.19s

Running validation at epoch 390...

VALIDATION_EPOCH_390 EVALUATION RESULTS:
==================================================
Obj:     1.835454e+01
Opt Gap:      3.258651e+01 ± 1.044346e+01
Eq Vio l1:   7.474848e-01 (max: 1.123557e+00)
Ineq Vio l1: 5.396109e-04 (max: 1.260698e-01)
Sol Dis:   2.065678e+02 ± 4.763240e-01
Merit:             2.583478e+01 ± 3.564026e-02
Avg Inf Time:  0.0002s
==================================================
✓ Model saved: results/nonsmooth_nonconvex/socp/SOCPProblem-100-50-50-10000/20260115-171657_MLP_sup_pen_seed0_nepochs1000_lr0.0001_trainsize7000_subopt_3_0.5/model_390.pt
Epoch 392/1000, Loss: 11.3379, Obj: 18.3548, Eq Viol (l1): 2.562934, Ineq Viol (l1): 0.023923, Epoch time: 0.19s
Epoch 393/1000, Loss: 11.3643, Obj: 18.4590, Eq Viol (l1): 2.560624, Ineq Viol (l1): 0.025172, Epoch time: 0.19s
Epoch 394/1000, Loss: 11.3830, Obj: 18.3991, Eq Viol (l1): 2.569927, Ineq Viol (l1): 0.028793, Epoch time: 0.19s
Epoch 395/1000, Loss: 11.4205, Obj: 18.5561, Eq Viol (l1): 2.568013, Ineq Viol (l1): 0.025302, Epoch time: 0.19s
Epoch 396/1000, Loss: 11.3570, Obj: 18.3978, Eq Viol (l1): 2.563488, Ineq Viol (l1): 0.025568, Epoch time: 0.19s
Epoch 397/1000, Loss: 11.5342, Obj: 18.8554, Eq Viol (l1): 2.573123, Ineq Viol (l1): 0.030690, Epoch time: 0.19s
Epoch 398/1000, Loss: 11.4438, Obj: 18.7369, Eq Viol (l1): 2.572645, Ineq Viol (l1): 0.022108, Epoch time: 0.19s
Epoch 399/1000, Loss: 11.4767, Obj: 18.6757, Eq Viol (l1): 2.567708, Ineq Viol (l1): 0.029824, Epoch time: 0.19s
Epoch 400/1000, Loss: 11.5023, Obj: 18.9014, Eq Viol (l1): 2.575362, Ineq Viol (l1): 0.023696, Epoch time: 0.19s
Epoch 401/1000, Loss: 11.3892, Obj: 18.4786, Eq Viol (l1): 2.571275, Ineq Viol (l1): 0.028625, Epoch time: 0.19s

Running validation at epoch 400...

VALIDATION_EPOCH_400 EVALUATION RESULTS:
==================================================
Obj:     1.877918e+01
Opt Gap:      3.337054e+01 ± 1.082071e+01
Eq Vio l1:   7.450598e-01 (max: 1.129355e+00)
Ineq Vio l1: 7.830587e-04 (max: 1.503888e-01)
Sol Dis:   2.082525e+02 ± 4.812017e-01
Merit:             2.623761e+01 ± 1.328988e-02
Avg Inf Time:  0.0002s
==================================================
✓ Model saved: results/nonsmooth_nonconvex/socp/SOCPProblem-100-50-50-10000/20260115-171657_MLP_sup_pen_seed0_nepochs1000_lr0.0001_trainsize7000_subopt_3_0.5/model_400.pt
Epoch 402/1000, Loss: 11.3664, Obj: 18.5501, Eq Viol (l1): 2.563945, Ineq Viol (l1): 0.025203, Epoch time: 0.19s
Epoch 403/1000, Loss: 11.4627, Obj: 18.7517, Eq Viol (l1): 2.564519, Ineq Viol (l1): 0.030067, Epoch time: 0.19s
Epoch 404/1000, Loss: 11.5074, Obj: 18.9275, Eq Viol (l1): 2.581964, Ineq Viol (l1): 0.023770, Epoch time: 0.19s
Epoch 405/1000, Loss: 11.4475, Obj: 18.7991, Eq Viol (l1): 2.572906, Ineq Viol (l1): 0.022487, Epoch time: 0.19s
Epoch 406/1000, Loss: 11.4394, Obj: 18.7700, Eq Viol (l1): 2.566025, Ineq Viol (l1): 0.027702, Epoch time: 0.19s
Epoch 407/1000, Loss: 11.2915, Obj: 18.3196, Eq Viol (l1): 2.561538, Ineq Viol (l1): 0.027950, Epoch time: 0.19s
Epoch 408/1000, Loss: 11.3337, Obj: 18.5568, Eq Viol (l1): 2.555292, Ineq Viol (l1): 0.021689, Epoch time: 0.19s
Epoch 409/1000, Loss: 11.3310, Obj: 18.4593, Eq Viol (l1): 2.553739, Ineq Viol (l1): 0.030021, Epoch time: 0.19s
Epoch 410/1000, Loss: 11.3243, Obj: 18.5106, Eq Viol (l1): 2.553542, Ineq Viol (l1): 0.026269, Epoch time: 0.19s
Epoch 411/1000, Loss: 11.3414, Obj: 18.5910, Eq Viol (l1): 2.557447, Ineq Viol (l1): 0.022946, Epoch time: 0.19s

Running validation at epoch 410...

VALIDATION_EPOCH_410 EVALUATION RESULTS:
==================================================
Obj:     1.864337e+01
Opt Gap:      3.301108e+01 ± 1.073267e+01
Eq Vio l1:   7.907850e-01 (max: 1.292197e+00)
Ineq Vio l1: 5.576763e-04 (max: 1.772177e-01)
Sol Dis:   2.074540e+02 ± 4.849605e-01
Merit:             2.655680e+01 ± 2.659608e-02
Avg Inf Time:  0.0002s
==================================================
✓ Model saved: results/nonsmooth_nonconvex/socp/SOCPProblem-100-50-50-10000/20260115-171657_MLP_sup_pen_seed0_nepochs1000_lr0.0001_trainsize7000_subopt_3_0.5/model_410.pt
Epoch 412/1000, Loss: 11.3135, Obj: 18.4916, Eq Viol (l1): 2.556716, Ineq Viol (l1): 0.025626, Epoch time: 0.19s
Epoch 413/1000, Loss: 11.3883, Obj: 18.6593, Eq Viol (l1): 2.556003, Ineq Viol (l1): 0.027620, Epoch time: 0.19s
Epoch 414/1000, Loss: 11.3536, Obj: 18.5663, Eq Viol (l1): 2.555649, Ineq Viol (l1): 0.026612, Epoch time: 0.19s
Epoch 415/1000, Loss: 11.3488, Obj: 18.6358, Eq Viol (l1): 2.557131, Ineq Viol (l1): 0.025625, Epoch time: 0.19s
Epoch 416/1000, Loss: 11.3361, Obj: 18.5674, Eq Viol (l1): 2.549594, Ineq Viol (l1): 0.026756, Epoch time: 0.19s
Epoch 417/1000, Loss: 11.3557, Obj: 18.7465, Eq Viol (l1): 2.550051, Ineq Viol (l1): 0.021429, Epoch time: 0.19s
Epoch 418/1000, Loss: 11.3294, Obj: 18.5382, Eq Viol (l1): 2.549628, Ineq Viol (l1): 0.031156, Epoch time: 0.19s
Epoch 419/1000, Loss: 11.3688, Obj: 18.7730, Eq Viol (l1): 2.561168, Ineq Viol (l1): 0.020748, Epoch time: 0.19s
Epoch 420/1000, Loss: 11.3086, Obj: 18.5680, Eq Viol (l1): 2.548403, Ineq Viol (l1): 0.027610, Epoch time: 0.19s
Epoch 421/1000, Loss: 11.2950, Obj: 18.5198, Eq Viol (l1): 2.544685, Ineq Viol (l1): 0.029247, Epoch time: 0.19s

Running validation at epoch 420...

VALIDATION_EPOCH_420 EVALUATION RESULTS:
==================================================
Obj:     1.876985e+01
Opt Gap:      3.353795e+01 ± 1.079211e+01
Eq Vio l1:   7.534970e-01 (max: 1.155897e+00)
Ineq Vio l1: 3.373783e-04 (max: 1.311788e-01)
Sol Dis:   2.077440e+02 ± 4.679884e-01
Merit:             2.630819e+01 ± 6.545172e-02
Avg Inf Time:  0.0003s
==================================================
✓ Model saved: results/nonsmooth_nonconvex/socp/SOCPProblem-100-50-50-10000/20260115-171657_MLP_sup_pen_seed0_nepochs1000_lr0.0001_trainsize7000_subopt_3_0.5/model_420.pt
Epoch 422/1000, Loss: 11.3537, Obj: 18.6845, Eq Viol (l1): 2.557192, Ineq Viol (l1): 0.023232, Epoch time: 0.19s
Epoch 423/1000, Loss: 11.3062, Obj: 18.5405, Eq Viol (l1): 2.555665, Ineq Viol (l1): 0.026790, Epoch time: 0.19s
Epoch 424/1000, Loss: 11.2927, Obj: 18.5276, Eq Viol (l1): 2.550196, Ineq Viol (l1): 0.027501, Epoch time: 0.19s
Epoch 425/1000, Loss: 11.3315, Obj: 18.7102, Eq Viol (l1): 2.547944, Ineq Viol (l1): 0.023032, Epoch time: 0.19s
Epoch 426/1000, Loss: 11.3062, Obj: 18.6282, Eq Viol (l1): 2.544144, Ineq Viol (l1): 0.026098, Epoch time: 0.19s
Epoch 427/1000, Loss: 11.3170, Obj: 18.6743, Eq Viol (l1): 2.553097, Ineq Viol (l1): 0.023538, Epoch time: 0.19s
Epoch 428/1000, Loss: 11.2702, Obj: 18.5706, Eq Viol (l1): 2.545353, Ineq Viol (l1): 0.025086, Epoch time: 0.19s
Epoch 429/1000, Loss: 11.4490, Obj: 18.8701, Eq Viol (l1): 2.560514, Ineq Viol (l1): 0.030038, Epoch time: 0.19s
Epoch 430/1000, Loss: 11.4237, Obj: 19.0814, Eq Viol (l1): 2.551471, Ineq Viol (l1): 0.021988, Epoch time: 0.19s
Epoch 431/1000, Loss: 11.3286, Obj: 18.6940, Eq Viol (l1): 2.545397, Ineq Viol (l1): 0.031650, Epoch time: 0.19s

Running validation at epoch 430...

VALIDATION_EPOCH_430 EVALUATION RESULTS:
==================================================
Obj:     1.891913e+01
Opt Gap:      3.355788e+01 ± 1.073396e+01
Eq Vio l1:   7.830016e-01 (max: 1.182609e+00)
Ineq Vio l1: 2.912538e-04 (max: 8.807005e-02)
Sol Dis:   2.082164e+02 ± 4.177510e-01
Merit:             2.675206e+01 ± 4.968629e-02
Avg Inf Time:  0.0002s
==================================================
✓ Model saved: results/nonsmooth_nonconvex/socp/SOCPProblem-100-50-50-10000/20260115-171657_MLP_sup_pen_seed0_nepochs1000_lr0.0001_trainsize7000_subopt_3_0.5/model_430.pt
Epoch 432/1000, Loss: 11.3659, Obj: 18.7788, Eq Viol (l1): 2.556588, Ineq Viol (l1): 0.027492, Epoch time: 0.19s
Epoch 433/1000, Loss: 11.4090, Obj: 19.0736, Eq Viol (l1): 2.549961, Ineq Viol (l1): 0.022179, Epoch time: 0.19s
Epoch 434/1000, Loss: 11.4212, Obj: 18.9911, Eq Viol (l1): 2.548678, Ineq Viol (l1): 0.028198, Epoch time: 0.19s
Epoch 435/1000, Loss: 11.3706, Obj: 18.9998, Eq Viol (l1): 2.541790, Ineq Viol (l1): 0.024894, Epoch time: 0.19s
Epoch 436/1000, Loss: 11.2435, Obj: 18.5489, Eq Viol (l1): 2.537424, Ineq Viol (l1): 0.029173, Epoch time: 0.19s
Epoch 437/1000, Loss: 11.2978, Obj: 18.7053, Eq Viol (l1): 2.545221, Ineq Viol (l1): 0.026191, Epoch time: 0.19s
Epoch 438/1000, Loss: 11.2947, Obj: 18.7352, Eq Viol (l1): 2.546396, Ineq Viol (l1): 0.024183, Epoch time: 0.19s
Epoch 439/1000, Loss: 11.3243, Obj: 18.8219, Eq Viol (l1): 2.546814, Ineq Viol (l1): 0.025018, Epoch time: 0.19s
Epoch 440/1000, Loss: 11.3360, Obj: 18.7822, Eq Viol (l1): 2.551359, Ineq Viol (l1): 0.030204, Epoch time: 0.19s
Epoch 441/1000, Loss: 11.3059, Obj: 18.8870, Eq Viol (l1): 2.541775, Ineq Viol (l1): 0.021525, Epoch time: 0.19s

Running validation at epoch 440...

VALIDATION_EPOCH_440 EVALUATION RESULTS:
==================================================
Obj:     1.874279e+01
Opt Gap:      3.311616e+01 ± 1.057610e+01
Eq Vio l1:   7.397044e-01 (max: 1.118440e+00)
Ineq Vio l1: 1.262978e-03 (max: 3.128205e-01)
Sol Dis:   2.069500e+02 ± 4.765034e-01
Merit:             2.615247e+01 ± 5.077809e-02
Avg Inf Time:  0.0002s
==================================================
✓ Model saved: results/nonsmooth_nonconvex/socp/SOCPProblem-100-50-50-10000/20260115-171657_MLP_sup_pen_seed0_nepochs1000_lr0.0001_trainsize7000_subopt_3_0.5/model_440.pt
Epoch 442/1000, Loss: 11.4051, Obj: 19.0198, Eq Viol (l1): 2.548375, Ineq Viol (l1): 0.026283, Epoch time: 0.19s
Epoch 443/1000, Loss: 11.3869, Obj: 19.0332, Eq Viol (l1): 2.551545, Ineq Viol (l1): 0.028663, Epoch time: 0.19s
Epoch 444/1000, Loss: 11.2871, Obj: 18.7346, Eq Viol (l1): 2.545413, Ineq Viol (l1): 0.025937, Epoch time: 0.19s
Epoch 445/1000, Loss: 11.2796, Obj: 18.7360, Eq Viol (l1): 2.550500, Ineq Viol (l1): 0.024388, Epoch time: 0.19s
Epoch 446/1000, Loss: 11.2433, Obj: 18.6954, Eq Viol (l1): 2.535788, Ineq Viol (l1): 0.026577, Epoch time: 0.19s
Epoch 447/1000, Loss: 11.2128, Obj: 18.5730, Eq Viol (l1): 2.539431, Ineq Viol (l1): 0.026357, Epoch time: 0.19s
Epoch 448/1000, Loss: 11.2834, Obj: 18.7537, Eq Viol (l1): 2.543132, Ineq Viol (l1): 0.027593, Epoch time: 0.19s
Epoch 449/1000, Loss: 11.2808, Obj: 18.7834, Eq Viol (l1): 2.549758, Ineq Viol (l1): 0.024975, Epoch time: 0.19s
Epoch 450/1000, Loss: 11.2363, Obj: 18.6895, Eq Viol (l1): 2.541730, Ineq Viol (l1): 0.025183, Epoch time: 0.19s
Epoch 451/1000, Loss: 11.1994, Obj: 18.6242, Eq Viol (l1): 2.531858, Ineq Viol (l1): 0.025272, Epoch time: 0.19s

Running validation at epoch 450...

VALIDATION_EPOCH_450 EVALUATION RESULTS:
==================================================
Obj:     1.852384e+01
Opt Gap:      3.280825e+01 ± 1.054934e+01
Eq Vio l1:   7.015444e-01 (max: 1.045077e+00)
Ineq Vio l1: 2.420449e-03 (max: 3.334850e-01)
Sol Dis:   2.056938e+02 ± 2.964853e-01
Merit:             2.556349e+01 ± 1.711562e-02
Avg Inf Time:  0.0002s
==================================================
✓ Model saved: results/nonsmooth_nonconvex/socp/SOCPProblem-100-50-50-10000/20260115-171657_MLP_sup_pen_seed0_nepochs1000_lr0.0001_trainsize7000_subopt_3_0.5/model_450.pt
Epoch 452/1000, Loss: 11.2768, Obj: 18.8047, Eq Viol (l1): 2.540135, Ineq Viol (l1): 0.025201, Epoch time: 0.19s
Epoch 453/1000, Loss: 11.2399, Obj: 18.6750, Eq Viol (l1): 2.540945, Ineq Viol (l1): 0.028397, Epoch time: 0.19s
Epoch 454/1000, Loss: 11.2451, Obj: 18.8058, Eq Viol (l1): 2.529992, Ineq Viol (l1): 0.023126, Epoch time: 0.19s
Epoch 455/1000, Loss: 11.2452, Obj: 18.7231, Eq Viol (l1): 2.530661, Ineq Viol (l1): 0.027808, Epoch time: 0.19s
Epoch 456/1000, Loss: 11.2805, Obj: 18.8678, Eq Viol (l1): 2.533825, Ineq Viol (l1): 0.026359, Epoch time: 0.27s
Epoch 457/1000, Loss: 11.2716, Obj: 18.8290, Eq Viol (l1): 2.534174, Ineq Viol (l1): 0.026424, Epoch time: 0.19s
Epoch 458/1000, Loss: 11.3015, Obj: 19.0155, Eq Viol (l1): 2.531672, Ineq Viol (l1): 0.024236, Epoch time: 0.19s
Epoch 459/1000, Loss: 11.2560, Obj: 18.8359, Eq Viol (l1): 2.534441, Ineq Viol (l1): 0.026789, Epoch time: 0.19s
Epoch 460/1000, Loss: 11.2762, Obj: 18.8957, Eq Viol (l1): 2.531209, Ineq Viol (l1): 0.027004, Epoch time: 0.19s
Epoch 461/1000, Loss: 11.2221, Obj: 18.7853, Eq Viol (l1): 2.534219, Ineq Viol (l1): 0.025845, Epoch time: 0.19s

Running validation at epoch 460...

VALIDATION_EPOCH_460 EVALUATION RESULTS:
==================================================
Obj:     1.862389e+01
Opt Gap:      3.305932e+01 ± 1.078071e+01
Eq Vio l1:   7.220412e-01 (max: 1.081133e+00)
Ineq Vio l1: 1.276681e-03 (max: 2.561105e-01)
Sol Dis:   2.058924e+02 ± 3.606458e-01
Merit:             2.585707e+01 ± 6.690299e-02
Avg Inf Time:  0.0002s
==================================================
✓ Model saved: results/nonsmooth_nonconvex/socp/SOCPProblem-100-50-50-10000/20260115-171657_MLP_sup_pen_seed0_nepochs1000_lr0.0001_trainsize7000_subopt_3_0.5/model_460.pt
Epoch 462/1000, Loss: 11.1847, Obj: 18.6451, Eq Viol (l1): 2.528983, Ineq Viol (l1): 0.027254, Epoch time: 0.19s
Epoch 463/1000, Loss: 11.2120, Obj: 18.7449, Eq Viol (l1): 2.532707, Ineq Viol (l1): 0.023824, Epoch time: 0.19s
Epoch 464/1000, Loss: 11.2391, Obj: 18.7466, Eq Viol (l1): 2.541910, Ineq Viol (l1): 0.028652, Epoch time: 0.19s
Epoch 465/1000, Loss: 11.2363, Obj: 18.8128, Eq Viol (l1): 2.535226, Ineq Viol (l1): 0.025065, Epoch time: 0.19s
Epoch 466/1000, Loss: 11.1945, Obj: 18.7498, Eq Viol (l1): 2.524546, Ineq Viol (l1): 0.024594, Epoch time: 0.19s
Epoch 467/1000, Loss: 11.2335, Obj: 18.8290, Eq Viol (l1): 2.528061, Ineq Viol (l1): 0.025613, Epoch time: 0.19s
Epoch 468/1000, Loss: 11.2590, Obj: 18.9394, Eq Viol (l1): 2.526784, Ineq Viol (l1): 0.026044, Epoch time: 0.19s
Epoch 469/1000, Loss: 11.2327, Obj: 18.8872, Eq Viol (l1): 2.525436, Ineq Viol (l1): 0.025624, Epoch time: 0.19s
Epoch 470/1000, Loss: 11.1795, Obj: 18.6733, Eq Viol (l1): 2.522744, Ineq Viol (l1): 0.030637, Epoch time: 0.19s
Epoch 471/1000, Loss: 11.2428, Obj: 19.0196, Eq Viol (l1): 2.525586, Ineq Viol (l1): 0.020572, Epoch time: 0.19s

Running validation at epoch 470...

VALIDATION_EPOCH_470 EVALUATION RESULTS:
==================================================
Obj:     1.888010e+01
Opt Gap:      3.333477e+01 ± 1.072857e+01
Eq Vio l1:   7.115977e-01 (max: 1.024890e+00)
Ineq Vio l1: 9.034528e-04 (max: 2.446636e-01)
Sol Dis:   2.068489e+02 ± 4.677606e-01
Merit:             2.600511e+01 ± 6.475118e-02
Avg Inf Time:  0.0002s
==================================================
✓ Model saved: results/nonsmooth_nonconvex/socp/SOCPProblem-100-50-50-10000/20260115-171657_MLP_sup_pen_seed0_nepochs1000_lr0.0001_trainsize7000_subopt_3_0.5/model_470.pt
Epoch 472/1000, Loss: 11.1691, Obj: 18.7152, Eq Viol (l1): 2.525451, Ineq Viol (l1): 0.027808, Epoch time: 0.19s
Epoch 473/1000, Loss: 11.2245, Obj: 18.8549, Eq Viol (l1): 2.527176, Ineq Viol (l1): 0.028043, Epoch time: 0.19s
Epoch 474/1000, Loss: 11.4537, Obj: 19.4083, Eq Viol (l1): 2.551031, Ineq Viol (l1): 0.023900, Epoch time: 0.19s
Epoch 475/1000, Loss: 11.2654, Obj: 19.0191, Eq Viol (l1): 2.529139, Ineq Viol (l1): 0.027301, Epoch time: 0.19s
Epoch 476/1000, Loss: 11.2102, Obj: 18.9299, Eq Viol (l1): 2.524817, Ineq Viol (l1): 0.023123, Epoch time: 0.19s
Epoch 477/1000, Loss: 11.1432, Obj: 18.6643, Eq Viol (l1): 2.521298, Ineq Viol (l1): 0.029082, Epoch time: 0.19s
Epoch 478/1000, Loss: 11.2009, Obj: 18.8268, Eq Viol (l1): 2.522196, Ineq Viol (l1): 0.028550, Epoch time: 0.19s
Epoch 479/1000, Loss: 11.2729, Obj: 19.1174, Eq Viol (l1): 2.526474, Ineq Viol (l1): 0.023144, Epoch time: 0.19s
Epoch 480/1000, Loss: 11.2384, Obj: 18.9918, Eq Viol (l1): 2.526984, Ineq Viol (l1): 0.024064, Epoch time: 0.19s
Epoch 481/1000, Loss: 11.2283, Obj: 18.8800, Eq Viol (l1): 2.527884, Ineq Viol (l1): 0.030453, Epoch time: 0.19s

Running validation at epoch 480...

VALIDATION_EPOCH_480 EVALUATION RESULTS:
==================================================
Obj:     1.895996e+01
Opt Gap:      3.331209e+01 ± 1.068152e+01
Eq Vio l1:   7.737643e-01 (max: 1.097538e+00)
Ineq Vio l1: 4.015915e-04 (max: 8.908746e-02)
Sol Dis:   2.069823e+02 ± 4.016423e-01
Merit:             2.670162e+01 ± 5.502528e-02
Avg Inf Time:  0.0002s
==================================================
✓ Model saved: results/nonsmooth_nonconvex/socp/SOCPProblem-100-50-50-10000/20260115-171657_MLP_sup_pen_seed0_nepochs1000_lr0.0001_trainsize7000_subopt_3_0.5/model_480.pt
Epoch 482/1000, Loss: 11.2176, Obj: 18.9626, Eq Viol (l1): 2.521537, Ineq Viol (l1): 0.025246, Epoch time: 0.19s
Epoch 483/1000, Loss: 11.2282, Obj: 18.9454, Eq Viol (l1): 2.530874, Ineq Viol (l1): 0.026727, Epoch time: 0.19s
Epoch 484/1000, Loss: 11.2433, Obj: 19.0236, Eq Viol (l1): 2.520968, Ineq Viol (l1): 0.029424, Epoch time: 0.19s
Epoch 485/1000, Loss: 11.2921, Obj: 19.3073, Eq Viol (l1): 2.530348, Ineq Viol (l1): 0.019005, Epoch time: 0.19s
Epoch 486/1000, Loss: 11.2195, Obj: 18.9630, Eq Viol (l1): 2.528953, Ineq Viol (l1): 0.025497, Epoch time: 0.19s
Epoch 487/1000, Loss: 11.2496, Obj: 19.0497, Eq Viol (l1): 2.522031, Ineq Viol (l1): 0.028588, Epoch time: 0.19s
Epoch 488/1000, Loss: 11.2215, Obj: 19.0628, Eq Viol (l1): 2.518946, Ineq Viol (l1): 0.024758, Epoch time: 0.19s
Epoch 489/1000, Loss: 11.1763, Obj: 18.8700, Eq Viol (l1): 2.529060, Ineq Viol (l1): 0.025432, Epoch time: 0.19s
Epoch 490/1000, Loss: 11.1759, Obj: 18.8543, Eq Viol (l1): 2.528668, Ineq Viol (l1): 0.026076, Epoch time: 0.19s
Epoch 491/1000, Loss: 11.1624, Obj: 18.8027, Eq Viol (l1): 2.521600, Ineq Viol (l1): 0.027726, Epoch time: 0.26s

Running validation at epoch 490...

VALIDATION_EPOCH_490 EVALUATION RESULTS:
==================================================
Obj:     1.895003e+01
Opt Gap:      3.384890e+01 ± 1.110931e+01
Eq Vio l1:   7.336963e-01 (max: 1.076338e+00)
Ineq Vio l1: 6.979037e-04 (max: 2.288168e-01)
Sol Dis:   2.066571e+02 ± 2.276928e-01
Merit:             2.629397e+01 ± 2.746906e-02
Avg Inf Time:  0.0002s
==================================================
✓ Model saved: results/nonsmooth_nonconvex/socp/SOCPProblem-100-50-50-10000/20260115-171657_MLP_sup_pen_seed0_nepochs1000_lr0.0001_trainsize7000_subopt_3_0.5/model_490.pt
Epoch 492/1000, Loss: 11.2054, Obj: 18.9759, Eq Viol (l1): 2.517643, Ineq Viol (l1): 0.025394, Epoch time: 0.19s
Epoch 493/1000, Loss: 11.2816, Obj: 19.1044, Eq Viol (l1): 2.525883, Ineq Viol (l1): 0.027530, Epoch time: 0.19s
Epoch 494/1000, Loss: 11.2596, Obj: 19.1900, Eq Viol (l1): 2.525691, Ineq Viol (l1): 0.023908, Epoch time: 0.19s
Epoch 495/1000, Loss: 11.1897, Obj: 18.9452, Eq Viol (l1): 2.526996, Ineq Viol (l1): 0.026951, Epoch time: 0.19s
Epoch 496/1000, Loss: 11.1819, Obj: 18.9626, Eq Viol (l1): 2.526311, Ineq Viol (l1): 0.024218, Epoch time: 0.19s
Epoch 497/1000, Loss: 11.1564, Obj: 18.8444, Eq Viol (l1): 2.522122, Ineq Viol (l1): 0.029516, Epoch time: 0.19s
Epoch 498/1000, Loss: 11.1726, Obj: 18.9593, Eq Viol (l1): 2.522981, Ineq Viol (l1): 0.024411, Epoch time: 0.19s
Epoch 499/1000, Loss: 11.1676, Obj: 18.8861, Eq Viol (l1): 2.514309, Ineq Viol (l1): 0.029372, Epoch time: 0.19s
Epoch 500/1000, Loss: 11.1854, Obj: 19.0825, Eq Viol (l1): 2.512849, Ineq Viol (l1): 0.022514, Epoch time: 0.19s
Epoch 501/1000, Loss: 11.1675, Obj: 19.0037, Eq Viol (l1): 2.514483, Ineq Viol (l1): 0.025243, Epoch time: 0.19s

Running validation at epoch 500...

VALIDATION_EPOCH_500 EVALUATION RESULTS:
==================================================
Obj:     1.888584e+01
Opt Gap:      3.367299e+01 ± 1.102103e+01
Eq Vio l1:   7.327887e-01 (max: 1.080317e+00)
Ineq Vio l1: 1.809145e-03 (max: 2.507448e-01)
Sol Dis:   2.060910e+02 ± 2.908820e-01
Merit:             2.623182e+01 ± 2.105203e-02
Avg Inf Time:  0.0002s
==================================================
✓ Model saved: results/nonsmooth_nonconvex/socp/SOCPProblem-100-50-50-10000/20260115-171657_MLP_sup_pen_seed0_nepochs1000_lr0.0001_trainsize7000_subopt_3_0.5/model_500.pt
Epoch 502/1000, Loss: 11.1560, Obj: 18.8350, Eq Viol (l1): 2.518450, Ineq Viol (l1): 0.029496, Epoch time: 0.19s
Epoch 503/1000, Loss: 11.2205, Obj: 19.1354, Eq Viol (l1): 2.523157, Ineq Viol (l1): 0.022400, Epoch time: 0.19s
Epoch 504/1000, Loss: 11.1720, Obj: 18.9694, Eq Viol (l1): 2.519449, Ineq Viol (l1): 0.027418, Epoch time: 0.19s
Epoch 505/1000, Loss: 11.1945, Obj: 19.0789, Eq Viol (l1): 2.518438, Ineq Viol (l1): 0.025265, Epoch time: 0.19s
Epoch 506/1000, Loss: 11.1479, Obj: 18.9002, Eq Viol (l1): 2.516984, Ineq Viol (l1): 0.030346, Epoch time: 0.19s
Epoch 507/1000, Loss: 11.1567, Obj: 19.0354, Eq Viol (l1): 2.511773, Ineq Viol (l1): 0.022134, Epoch time: 0.19s
Epoch 508/1000, Loss: 11.1312, Obj: 18.9010, Eq Viol (l1): 2.511969, Ineq Viol (l1): 0.027478, Epoch time: 0.19s
Epoch 509/1000, Loss: 11.1632, Obj: 19.0011, Eq Viol (l1): 2.519115, Ineq Viol (l1): 0.025388, Epoch time: 0.19s
Epoch 510/1000, Loss: 11.1096, Obj: 18.8717, Eq Viol (l1): 2.510763, Ineq Viol (l1): 0.026677, Epoch time: 0.19s
Epoch 511/1000, Loss: 11.1246, Obj: 18.9304, Eq Viol (l1): 2.514248, Ineq Viol (l1): 0.025207, Epoch time: 0.19s

Running validation at epoch 510...

VALIDATION_EPOCH_510 EVALUATION RESULTS:
==================================================
Obj:     1.909314e+01
Opt Gap:      3.395038e+01 ± 1.100976e+01
Eq Vio l1:   7.433608e-01 (max: 1.073593e+00)
Ineq Vio l1: 7.456578e-04 (max: 1.700291e-01)
Sol Dis:   2.069237e+02 ± 3.788601e-01
Merit:             2.653420e+01 ± 5.632826e-02
Avg Inf Time:  0.0002s
==================================================
✓ Model saved: results/nonsmooth_nonconvex/socp/SOCPProblem-100-50-50-10000/20260115-171657_MLP_sup_pen_seed0_nepochs1000_lr0.0001_trainsize7000_subopt_3_0.5/model_510.pt
Epoch 512/1000, Loss: 11.2335, Obj: 19.1232, Eq Viol (l1): 2.520603, Ineq Viol (l1): 0.027835, Epoch time: 0.19s
Epoch 513/1000, Loss: 11.2185, Obj: 19.2147, Eq Viol (l1): 2.519586, Ineq Viol (l1): 0.024435, Epoch time: 0.19s
Epoch 514/1000, Loss: 11.1700, Obj: 19.0130, Eq Viol (l1): 2.521498, Ineq Viol (l1): 0.028346, Epoch time: 0.19s
Epoch 515/1000, Loss: 11.1361, Obj: 18.9023, Eq Viol (l1): 2.513325, Ineq Viol (l1): 0.029686, Epoch time: 0.19s
Epoch 516/1000, Loss: 11.1736, Obj: 19.1119, Eq Viol (l1): 2.519297, Ineq Viol (l1): 0.022258, Epoch time: 0.19s
Epoch 517/1000, Loss: 11.1065, Obj: 18.9070, Eq Viol (l1): 2.512777, Ineq Viol (l1): 0.026986, Epoch time: 0.19s
Epoch 518/1000, Loss: 11.1057, Obj: 18.9601, Eq Viol (l1): 2.503479, Ineq Viol (l1): 0.023713, Epoch time: 0.19s
Epoch 519/1000, Loss: 11.1776, Obj: 19.0361, Eq Viol (l1): 2.517094, Ineq Viol (l1): 0.029889, Epoch time: 0.19s
Epoch 520/1000, Loss: 11.2229, Obj: 19.1829, Eq Viol (l1): 2.525908, Ineq Viol (l1): 0.027478, Epoch time: 0.19s
Epoch 521/1000, Loss: 11.2408, Obj: 19.3686, Eq Viol (l1): 2.517326, Ineq Viol (l1): 0.021074, Epoch time: 0.19s

Running validation at epoch 520...

VALIDATION_EPOCH_520 EVALUATION RESULTS:
==================================================
Obj:     1.914153e+01
Opt Gap:      3.440707e+01 ± 1.123743e+01
Eq Vio l1:   7.183678e-01 (max: 1.140936e+00)
Ineq Vio l1: 8.446773e-04 (max: 1.982989e-01)
Sol Dis:   2.069080e+02 ± 2.869559e-01
Merit:             2.633366e+01 ± 3.374166e-02
Avg Inf Time:  0.0002s
==================================================
✓ Model saved: results/nonsmooth_nonconvex/socp/SOCPProblem-100-50-50-10000/20260115-171657_MLP_sup_pen_seed0_nepochs1000_lr0.0001_trainsize7000_subopt_3_0.5/model_520.pt
Epoch 522/1000, Loss: 11.1135, Obj: 18.9536, Eq Viol (l1): 2.509399, Ineq Viol (l1): 0.028218, Epoch time: 0.19s
Epoch 523/1000, Loss: 11.1188, Obj: 19.0570, Eq Viol (l1): 2.500441, Ineq Viol (l1): 0.025665, Epoch time: 0.19s
Epoch 524/1000, Loss: 11.1363, Obj: 19.0371, Eq Viol (l1): 2.508124, Ineq Viol (l1): 0.026369, Epoch time: 0.19s
Epoch 525/1000, Loss: 11.1662, Obj: 19.0885, Eq Viol (l1): 2.518605, Ineq Viol (l1): 0.025914, Epoch time: 0.19s
Epoch 526/1000, Loss: 11.0825, Obj: 18.8920, Eq Viol (l1): 2.506653, Ineq Viol (l1): 0.028024, Epoch time: 0.19s
Epoch 527/1000, Loss: 11.1201, Obj: 18.9969, Eq Viol (l1): 2.508876, Ineq Viol (l1): 0.025197, Epoch time: 0.27s
Epoch 528/1000, Loss: 11.1260, Obj: 19.0410, Eq Viol (l1): 2.509496, Ineq Viol (l1): 0.024620, Epoch time: 0.19s
Epoch 529/1000, Loss: 11.1775, Obj: 19.0750, Eq Viol (l1): 2.516109, Ineq Viol (l1): 0.030832, Epoch time: 0.19s
Epoch 530/1000, Loss: 11.1103, Obj: 19.0589, Eq Viol (l1): 2.505205, Ineq Viol (l1): 0.023506, Epoch time: 0.19s
Epoch 531/1000, Loss: 11.0842, Obj: 18.9539, Eq Viol (l1): 2.502736, Ineq Viol (l1): 0.026909, Epoch time: 0.19s

Running validation at epoch 530...

VALIDATION_EPOCH_530 EVALUATION RESULTS:
==================================================
Obj:     1.908005e+01
Opt Gap:      3.365192e+01 ± 1.074192e+01
Eq Vio l1:   7.432195e-01 (max: 1.177936e+00)
Ineq Vio l1: 5.432303e-04 (max: 1.165135e-01)
Sol Dis:   2.064931e+02 ± 2.972116e-01
Merit:             2.651768e+01 ± 3.531393e-02
Avg Inf Time:  0.0002s
==================================================
✓ Model saved: results/nonsmooth_nonconvex/socp/SOCPProblem-100-50-50-10000/20260115-171657_MLP_sup_pen_seed0_nepochs1000_lr0.0001_trainsize7000_subopt_3_0.5/model_530.pt
Epoch 532/1000, Loss: 11.1120, Obj: 19.0209, Eq Viol (l1): 2.511756, Ineq Viol (l1): 0.024141, Epoch time: 0.19s
Epoch 533/1000, Loss: 11.0927, Obj: 19.0502, Eq Viol (l1): 2.501089, Ineq Viol (l1): 0.023758, Epoch time: 0.19s
Epoch 534/1000, Loss: 11.1066, Obj: 19.0163, Eq Viol (l1): 2.508580, Ineq Viol (l1): 0.027414, Epoch time: 0.19s
Epoch 535/1000, Loss: 11.1120, Obj: 18.9999, Eq Viol (l1): 2.509432, Ineq Viol (l1): 0.030131, Epoch time: 0.19s
Epoch 536/1000, Loss: 11.1219, Obj: 19.0599, Eq Viol (l1): 2.508773, Ineq Viol (l1): 0.027680, Epoch time: 0.19s
Epoch 537/1000, Loss: 11.0949, Obj: 19.0275, Eq Viol (l1): 2.510028, Ineq Viol (l1): 0.024310, Epoch time: 0.19s
Epoch 538/1000, Loss: 11.0709, Obj: 18.9442, Eq Viol (l1): 2.506482, Ineq Viol (l1): 0.026318, Epoch time: 0.19s
Epoch 539/1000, Loss: 11.0611, Obj: 18.9743, Eq Viol (l1): 2.497367, Ineq Viol (l1): 0.024649, Epoch time: 0.19s
Epoch 540/1000, Loss: 11.0522, Obj: 18.9323, Eq Viol (l1): 2.496451, Ineq Viol (l1): 0.025414, Epoch time: 0.19s
Epoch 541/1000, Loss: 11.1105, Obj: 19.0475, Eq Viol (l1): 2.504356, Ineq Viol (l1): 0.027913, Epoch time: 0.19s

Running validation at epoch 540...

VALIDATION_EPOCH_540 EVALUATION RESULTS:
==================================================
Obj:     1.915679e+01
Opt Gap:      3.408677e+01 ± 1.099805e+01
Eq Vio l1:   7.335294e-01 (max: 1.103933e+00)
Ineq Vio l1: 9.126299e-04 (max: 2.418855e-01)
Sol Dis:   2.067098e+02 ± 1.200303e-01
Merit:             2.650121e+01 ± 1.131890e-02
Avg Inf Time:  0.0002s
==================================================
✓ Model saved: results/nonsmooth_nonconvex/socp/SOCPProblem-100-50-50-10000/20260115-171657_MLP_sup_pen_seed0_nepochs1000_lr0.0001_trainsize7000_subopt_3_0.5/model_540.pt
Epoch 542/1000, Loss: 11.1276, Obj: 19.1588, Eq Viol (l1): 2.505421, Ineq Viol (l1): 0.024134, Epoch time: 0.19s
Epoch 543/1000, Loss: 11.0822, Obj: 19.0048, Eq Viol (l1): 2.498208, Ineq Viol (l1): 0.026867, Epoch time: 0.19s
Epoch 544/1000, Loss: 11.1708, Obj: 19.2774, Eq Viol (l1): 2.507282, Ineq Viol (l1): 0.025568, Epoch time: 0.19s
Epoch 545/1000, Loss: 11.0883, Obj: 19.0060, Eq Viol (l1): 2.508382, Ineq Viol (l1): 0.029652, Epoch time: 0.19s
Epoch 546/1000, Loss: 11.0833, Obj: 19.0908, Eq Viol (l1): 2.501326, Ineq Viol (l1): 0.023724, Epoch time: 0.19s
Epoch 547/1000, Loss: 11.1070, Obj: 19.0837, Eq Viol (l1): 2.502938, Ineq Viol (l1): 0.027232, Epoch time: 0.19s
Epoch 548/1000, Loss: 11.1239, Obj: 19.1796, Eq Viol (l1): 2.500686, Ineq Viol (l1): 0.025242, Epoch time: 0.19s
Epoch 549/1000, Loss: 11.0730, Obj: 19.0301, Eq Viol (l1): 2.501832, Ineq Viol (l1): 0.028844, Epoch time: 0.19s
Epoch 550/1000, Loss: 11.0977, Obj: 19.1520, Eq Viol (l1): 2.504355, Ineq Viol (l1): 0.022035, Epoch time: 0.19s
Epoch 551/1000, Loss: 11.1056, Obj: 19.0508, Eq Viol (l1): 2.504538, Ineq Viol (l1): 0.030411, Epoch time: 0.19s

Running validation at epoch 550...

VALIDATION_EPOCH_550 EVALUATION RESULTS:
==================================================
Obj:     1.939741e+01
Opt Gap:      3.456430e+01 ± 1.132188e+01
Eq Vio l1:   7.077670e-01 (max: 1.019459e+00)
Ineq Vio l1: 8.216850e-04 (max: 2.719822e-01)
Sol Dis:   2.077151e+02 ± 2.805372e-01
Merit:             2.648330e+01 ± 7.784161e-02
Avg Inf Time:  0.0002s
==================================================
✓ Model saved: results/nonsmooth_nonconvex/socp/SOCPProblem-100-50-50-10000/20260115-171657_MLP_sup_pen_seed0_nepochs1000_lr0.0001_trainsize7000_subopt_3_0.5/model_550.pt
Epoch 552/1000, Loss: 11.1064, Obj: 19.2090, Eq Viol (l1): 2.501520, Ineq Viol (l1): 0.023801, Epoch time: 0.19s
Epoch 553/1000, Loss: 11.1241, Obj: 19.1453, Eq Viol (l1): 2.498428, Ineq Viol (l1): 0.028250, Epoch time: 0.19s
Epoch 554/1000, Loss: 11.1939, Obj: 19.4269, Eq Viol (l1): 2.504170, Ineq Viol (l1): 0.025895, Epoch time: 0.19s
Epoch 555/1000, Loss: 11.1446, Obj: 19.2701, Eq Viol (l1): 2.515093, Ineq Viol (l1): 0.024378, Epoch time: 0.19s
Epoch 556/1000, Loss: 11.1336, Obj: 19.2251, Eq Viol (l1): 2.500763, Ineq Viol (l1): 0.028092, Epoch time: 0.19s
Epoch 557/1000, Loss: 11.1908, Obj: 19.3810, Eq Viol (l1): 2.502407, Ineq Viol (l1): 0.026882, Epoch time: 0.19s
Epoch 558/1000, Loss: 11.2320, Obj: 19.5788, Eq Viol (l1): 2.515206, Ineq Viol (l1): 0.023826, Epoch time: 0.19s
Epoch 559/1000, Loss: 11.1614, Obj: 19.3248, Eq Viol (l1): 2.511539, Ineq Viol (l1): 0.027369, Epoch time: 0.19s
Epoch 560/1000, Loss: 11.1275, Obj: 19.2105, Eq Viol (l1): 2.509727, Ineq Viol (l1): 0.027637, Epoch time: 0.19s
Epoch 561/1000, Loss: 11.0936, Obj: 19.1767, Eq Viol (l1): 2.505780, Ineq Viol (l1): 0.025649, Epoch time: 0.19s

Running validation at epoch 560...

VALIDATION_EPOCH_560 EVALUATION RESULTS:
==================================================
Obj:     1.927407e+01
Opt Gap:      3.419426e+01 ± 1.104173e+01
Eq Vio l1:   7.155183e-01 (max: 1.139225e+00)
Ineq Vio l1: 8.740723e-04 (max: 1.563020e-01)
Sol Dis:   2.069006e+02 ± 1.956220e-01
Merit:             2.643799e+01 ± 6.300468e-03
Avg Inf Time:  0.0003s
==================================================
✓ Model saved: results/nonsmooth_nonconvex/socp/SOCPProblem-100-50-50-10000/20260115-171657_MLP_sup_pen_seed0_nepochs1000_lr0.0001_trainsize7000_subopt_3_0.5/model_560.pt
Epoch 562/1000, Loss: 11.0712, Obj: 19.0935, Eq Viol (l1): 2.507524, Ineq Viol (l1): 0.023843, Epoch time: 0.19s
Epoch 563/1000, Loss: 11.1070, Obj: 19.1861, Eq Viol (l1): 2.502495, Ineq Viol (l1): 0.028042, Epoch time: 0.19s
Epoch 564/1000, Loss: 11.1383, Obj: 19.2655, Eq Viol (l1): 2.504174, Ineq Viol (l1): 0.027968, Epoch time: 0.19s
Epoch 565/1000, Loss: 11.1253, Obj: 19.3265, Eq Viol (l1): 2.508008, Ineq Viol (l1): 0.021556, Epoch time: 0.19s
Epoch 566/1000, Loss: 11.0926, Obj: 19.1305, Eq Viol (l1): 2.509078, Ineq Viol (l1): 0.029692, Epoch time: 0.19s
Epoch 567/1000, Loss: 11.0577, Obj: 19.1081, Eq Viol (l1): 2.498365, Ineq Viol (l1): 0.027768, Epoch time: 0.19s
Epoch 568/1000, Loss: 11.1133, Obj: 19.2283, Eq Viol (l1): 2.508508, Ineq Viol (l1): 0.025503, Epoch time: 0.19s
Epoch 569/1000, Loss: 11.1000, Obj: 19.2579, Eq Viol (l1): 2.503072, Ineq Viol (l1): 0.023785, Epoch time: 0.19s
Epoch 570/1000, Loss: 11.1007, Obj: 19.2003, Eq Viol (l1): 2.503012, Ineq Viol (l1): 0.027346, Epoch time: 0.19s
Epoch 571/1000, Loss: 11.0652, Obj: 19.1410, Eq Viol (l1): 2.496145, Ineq Viol (l1): 0.025587, Epoch time: 0.19s

Running validation at epoch 570...

VALIDATION_EPOCH_570 EVALUATION RESULTS:
==================================================
Obj:     1.923512e+01
Opt Gap:      3.419772e+01 ± 1.103054e+01
Eq Vio l1:   7.483359e-01 (max: 1.109384e+00)
Ineq Vio l1: 9.003106e-04 (max: 2.199255e-01)
Sol Dis:   2.066227e+02 ± 1.631313e-01
Merit:             2.672749e+01 ± 2.808958e-02
Avg Inf Time:  0.0002s
==================================================
✓ Model saved: results/nonsmooth_nonconvex/socp/SOCPProblem-100-50-50-10000/20260115-171657_MLP_sup_pen_seed0_nepochs1000_lr0.0001_trainsize7000_subopt_3_0.5/model_570.pt
Epoch 572/1000, Loss: 11.0920, Obj: 19.2596, Eq Viol (l1): 2.505858, Ineq Viol (l1): 0.022688, Epoch time: 0.19s
Epoch 573/1000, Loss: 11.0207, Obj: 19.0027, Eq Viol (l1): 2.497129, Ineq Viol (l1): 0.028426, Epoch time: 0.19s
Epoch 574/1000, Loss: 11.0889, Obj: 19.2300, Eq Viol (l1): 2.498214, Ineq Viol (l1): 0.025684, Epoch time: 0.19s
Epoch 575/1000, Loss: 11.0549, Obj: 19.1689, Eq Viol (l1): 2.490970, Ineq Viol (l1): 0.025129, Epoch time: 0.19s
Epoch 576/1000, Loss: 11.0598, Obj: 19.1625, Eq Viol (l1): 2.495188, Ineq Viol (l1): 0.025657, Epoch time: 0.19s
Epoch 577/1000, Loss: 11.0752, Obj: 19.2109, Eq Viol (l1): 2.498321, Ineq Viol (l1): 0.027065, Epoch time: 0.19s
Epoch 578/1000, Loss: 11.1016, Obj: 19.2957, Eq Viol (l1): 2.498670, Ineq Viol (l1): 0.024056, Epoch time: 0.19s
Epoch 579/1000, Loss: 11.0899, Obj: 19.1796, Eq Viol (l1): 2.505653, Ineq Viol (l1): 0.029551, Epoch time: 0.19s
Epoch 580/1000, Loss: 11.0713, Obj: 19.2216, Eq Viol (l1): 2.494227, Ineq Viol (l1): 0.027582, Epoch time: 0.19s
Epoch 581/1000, Loss: 11.0541, Obj: 19.1977, Eq Viol (l1): 2.502915, Ineq Viol (l1): 0.023979, Epoch time: 0.19s

Running validation at epoch 580...

VALIDATION_EPOCH_580 EVALUATION RESULTS:
==================================================
Obj:     1.925213e+01
Opt Gap:      3.414076e+01 ± 1.091807e+01
Eq Vio l1:   7.076988e-01 (max: 1.083035e+00)
Ineq Vio l1: 5.924461e-04 (max: 1.552073e-01)
Sol Dis:   2.065744e+02 ± 1.696733e-01
Merit:             2.633504e+01 ± 5.064062e-02
Avg Inf Time:  0.0002s
==================================================
✓ Model saved: results/nonsmooth_nonconvex/socp/SOCPProblem-100-50-50-10000/20260115-171657_MLP_sup_pen_seed0_nepochs1000_lr0.0001_trainsize7000_subopt_3_0.5/model_580.pt
Epoch 582/1000, Loss: 11.0328, Obj: 19.1371, Eq Viol (l1): 2.490012, Ineq Viol (l1): 0.025760, Epoch time: 0.19s
Epoch 583/1000, Loss: 11.0300, Obj: 19.1056, Eq Viol (l1): 2.494603, Ineq Viol (l1): 0.028011, Epoch time: 0.19s
Epoch 584/1000, Loss: 11.0412, Obj: 19.1845, Eq Viol (l1): 2.494305, Ineq Viol (l1): 0.023544, Epoch time: 0.19s
Epoch 585/1000, Loss: 11.0488, Obj: 19.1850, Eq Viol (l1): 2.497905, Ineq Viol (l1): 0.025622, Epoch time: 0.19s
Epoch 586/1000, Loss: 11.1313, Obj: 19.3922, Eq Viol (l1): 2.499042, Ineq Viol (l1): 0.028376, Epoch time: 0.19s
Epoch 587/1000, Loss: 11.1129, Obj: 19.2853, Eq Viol (l1): 2.495374, Ineq Viol (l1): 0.031119, Epoch time: 0.19s
Epoch 588/1000, Loss: 11.0724, Obj: 19.3022, Eq Viol (l1): 2.496691, Ineq Viol (l1): 0.023622, Epoch time: 0.19s
Epoch 589/1000, Loss: 11.0874, Obj: 19.3269, Eq Viol (l1): 2.498391, Ineq Viol (l1): 0.024203, Epoch time: 0.19s
Epoch 590/1000, Loss: 11.0295, Obj: 19.1112, Eq Viol (l1): 2.493239, Ineq Viol (l1): 0.031772, Epoch time: 0.19s
Epoch 591/1000, Loss: 11.0896, Obj: 19.3440, Eq Viol (l1): 2.494876, Ineq Viol (l1): 0.024742, Epoch time: 0.19s

Running validation at epoch 590...

VALIDATION_EPOCH_590 EVALUATION RESULTS:
==================================================
Obj:     1.931361e+01
Opt Gap:      3.415727e+01 ± 1.089818e+01
Eq Vio l1:   7.046996e-01 (max: 1.103794e+00)
Ineq Vio l1: 1.200107e-03 (max: 2.245126e-01)
Sol Dis:   2.067726e+02 ± 9.486549e-02
Merit:             2.637260e+01 ± 2.703018e-02
Avg Inf Time:  0.0002s
==================================================
✓ Model saved: results/nonsmooth_nonconvex/socp/SOCPProblem-100-50-50-10000/20260115-171657_MLP_sup_pen_seed0_nepochs1000_lr0.0001_trainsize7000_subopt_3_0.5/model_590.pt
Epoch 592/1000, Loss: 11.0996, Obj: 19.4443, Eq Viol (l1): 2.494322, Ineq Viol (l1): 0.023114, Epoch time: 0.19s
Epoch 593/1000, Loss: 11.1060, Obj: 19.2937, Eq Viol (l1): 2.511801, Ineq Viol (l1): 0.027914, Epoch time: 0.19s
Epoch 594/1000, Loss: 11.0700, Obj: 19.2668, Eq Viol (l1): 2.500791, Ineq Viol (l1): 0.028032, Epoch time: 0.19s
Epoch 595/1000, Loss: 11.0557, Obj: 19.2967, Eq Viol (l1): 2.498505, Ineq Viol (l1): 0.021834, Epoch time: 0.19s
Epoch 596/1000, Loss: 11.0539, Obj: 19.2383, Eq Viol (l1): 2.494554, Ineq Viol (l1): 0.028978, Epoch time: 0.27s
Epoch 597/1000, Loss: 11.0490, Obj: 19.2362, Eq Viol (l1): 2.499138, Ineq Viol (l1): 0.026372, Epoch time: 0.19s
Epoch 598/1000, Loss: 11.0541, Obj: 19.2489, Eq Viol (l1): 2.503375, Ineq Viol (l1): 0.024883, Epoch time: 0.19s
Epoch 599/1000, Loss: 11.0555, Obj: 19.2509, Eq Viol (l1): 2.502941, Ineq Viol (l1): 0.025408, Epoch time: 0.19s
Epoch 600/1000, Loss: 11.0361, Obj: 19.2272, Eq Viol (l1): 2.490511, Ineq Viol (l1): 0.029403, Epoch time: 0.19s
Epoch 601/1000, Loss: 11.0383, Obj: 19.2649, Eq Viol (l1): 2.490105, Ineq Viol (l1): 0.026025, Epoch time: 0.19s

Running validation at epoch 600...

VALIDATION_EPOCH_600 EVALUATION RESULTS:
==================================================
Obj:     1.945406e+01
Opt Gap:      3.431048e+01 ± 1.099721e+01
Eq Vio l1:   7.370411e-01 (max: 1.122876e+00)
Ineq Vio l1: 9.678349e-04 (max: 2.178901e-01)
Sol Dis:   2.073941e+02 ± 1.273704e-01
Merit:             2.683415e+01 ± 5.077182e-03
Avg Inf Time:  0.0002s
==================================================
✓ Model saved: results/nonsmooth_nonconvex/socp/SOCPProblem-100-50-50-10000/20260115-171657_MLP_sup_pen_seed0_nepochs1000_lr0.0001_trainsize7000_subopt_3_0.5/model_600.pt
Epoch 602/1000, Loss: 11.0651, Obj: 19.3841, Eq Viol (l1): 2.492070, Ineq Viol (l1): 0.023340, Epoch time: 0.19s
Epoch 603/1000, Loss: 11.0521, Obj: 19.2637, Eq Viol (l1): 2.502218, Ineq Viol (l1): 0.026639, Epoch time: 0.19s
Epoch 604/1000, Loss: 11.0364, Obj: 19.2847, Eq Viol (l1): 2.493131, Ineq Viol (l1): 0.025937, Epoch time: 0.19s
Epoch 605/1000, Loss: 11.0269, Obj: 19.2345, Eq Viol (l1): 2.488651, Ineq Viol (l1): 0.028679, Epoch time: 0.19s
Epoch 606/1000, Loss: 11.0735, Obj: 19.3733, Eq Viol (l1): 2.496052, Ineq Viol (l1): 0.025126, Epoch time: 0.19s
Epoch 607/1000, Loss: 11.0971, Obj: 19.4661, Eq Viol (l1): 2.506766, Ineq Viol (l1): 0.024041, Epoch time: 0.19s
Epoch 608/1000, Loss: 11.0499, Obj: 19.3268, Eq Viol (l1): 2.495284, Ineq Viol (l1): 0.027525, Epoch time: 0.19s
Epoch 609/1000, Loss: 11.0078, Obj: 19.2092, Eq Viol (l1): 2.488867, Ineq Viol (l1): 0.027118, Epoch time: 0.19s
Epoch 610/1000, Loss: 11.0461, Obj: 19.3310, Eq Viol (l1): 2.497809, Ineq Viol (l1): 0.025208, Epoch time: 0.19s
Epoch 611/1000, Loss: 11.0186, Obj: 19.2383, Eq Viol (l1): 2.490750, Ineq Viol (l1): 0.028990, Epoch time: 0.19s

Running validation at epoch 610...

VALIDATION_EPOCH_610 EVALUATION RESULTS:
==================================================
Obj:     1.943733e+01
Opt Gap:      3.449758e+01 ± 1.119515e+01
Eq Vio l1:   7.183843e-01 (max: 1.057290e+00)
Ineq Vio l1: 1.531951e-03 (max: 2.409940e-01)
Sol Dis:   2.072789e+02 ± 1.556608e-01
Merit:             2.663649e+01 ± 5.941663e-04
Avg Inf Time:  0.0002s
==================================================
✓ Model saved: results/nonsmooth_nonconvex/socp/SOCPProblem-100-50-50-10000/20260115-171657_MLP_sup_pen_seed0_nepochs1000_lr0.0001_trainsize7000_subopt_3_0.5/model_610.pt
Epoch 612/1000, Loss: 11.0659, Obj: 19.3744, Eq Viol (l1): 2.493943, Ineq Viol (l1): 0.026450, Epoch time: 0.19s
Epoch 613/1000, Loss: 11.0604, Obj: 19.3926, Eq Viol (l1): 2.490031, Ineq Viol (l1): 0.023060, Epoch time: 0.19s
Epoch 614/1000, Loss: 11.0697, Obj: 19.3681, Eq Viol (l1): 2.495907, Ineq Viol (l1): 0.026677, Epoch time: 0.19s
Epoch 615/1000, Loss: 11.0401, Obj: 19.3406, Eq Viol (l1): 2.491889, Ineq Viol (l1): 0.026276, Epoch time: 0.19s
Epoch 616/1000, Loss: 11.0241, Obj: 19.3460, Eq Viol (l1): 2.493048, Ineq Viol (l1): 0.024007, Epoch time: 0.19s
Epoch 617/1000, Loss: 11.0128, Obj: 19.2453, Eq Viol (l1): 2.487435, Ineq Viol (l1): 0.029457, Epoch time: 0.19s
Epoch 618/1000, Loss: 11.0405, Obj: 19.3795, Eq Viol (l1): 2.490321, Ineq Viol (l1): 0.025186, Epoch time: 0.19s
Epoch 619/1000, Loss: 10.9962, Obj: 19.3042, Eq Viol (l1): 2.481536, Ineq Viol (l1): 0.025292, Epoch time: 0.19s
Epoch 620/1000, Loss: 10.9944, Obj: 19.2445, Eq Viol (l1): 2.487751, Ineq Viol (l1): 0.025945, Epoch time: 0.19s
Epoch 621/1000, Loss: 11.0419, Obj: 19.3301, Eq Viol (l1): 2.482500, Ineq Viol (l1): 0.029212, Epoch time: 0.19s

Running validation at epoch 620...

VALIDATION_EPOCH_620 EVALUATION RESULTS:
==================================================
Obj:     1.974414e+01
Opt Gap:      3.432364e+01 ± 1.050350e+01
Eq Vio l1:   7.423392e-01 (max: 1.083411e+00)
Ineq Vio l1: 1.959468e-03 (max: 5.498942e-01)
Sol Dis:   2.085196e+02 ± 3.874465e-02
Merit:             2.718713e+01 ± 2.496663e-02
Avg Inf Time:  0.0002s
==================================================
✓ Model saved: results/nonsmooth_nonconvex/socp/SOCPProblem-100-50-50-10000/20260115-171657_MLP_sup_pen_seed0_nepochs1000_lr0.0001_trainsize7000_subopt_3_0.5/model_620.pt
Epoch 622/1000, Loss: 11.1887, Obj: 19.8973, Eq Viol (l1): 2.502049, Ineq Viol (l1): 0.020386, Epoch time: 0.19s
Epoch 623/1000, Loss: 11.0299, Obj: 19.3381, Eq Viol (l1): 2.493672, Ineq Viol (l1): 0.029287, Epoch time: 0.19s
Epoch 624/1000, Loss: 11.0560, Obj: 19.4325, Eq Viol (l1): 2.496617, Ineq Viol (l1): 0.023599, Epoch time: 0.19s
Epoch 625/1000, Loss: 11.0311, Obj: 19.3452, Eq Viol (l1): 2.488033, Ineq Viol (l1): 0.028853, Epoch time: 0.19s
Epoch 626/1000, Loss: 11.0044, Obj: 19.3673, Eq Viol (l1): 2.488047, Ineq Viol (l1): 0.022779, Epoch time: 0.19s
Epoch 627/1000, Loss: 10.9929, Obj: 19.3031, Eq Viol (l1): 2.484853, Ineq Viol (l1): 0.028054, Epoch time: 0.19s
Epoch 628/1000, Loss: 10.9820, Obj: 19.2912, Eq Viol (l1): 2.484930, Ineq Viol (l1): 0.024846, Epoch time: 0.19s
Epoch 629/1000, Loss: 10.9798, Obj: 19.2328, Eq Viol (l1): 2.490970, Ineq Viol (l1): 0.026518, Epoch time: 0.19s
Epoch 630/1000, Loss: 10.9890, Obj: 19.2950, Eq Viol (l1): 2.484000, Ineq Viol (l1): 0.026862, Epoch time: 0.19s
Epoch 631/1000, Loss: 11.0304, Obj: 19.3945, Eq Viol (l1): 2.492854, Ineq Viol (l1): 0.025646, Epoch time: 0.26s

Running validation at epoch 630...

VALIDATION_EPOCH_630 EVALUATION RESULTS:
==================================================
Obj:     1.933681e+01
Opt Gap:      3.434308e+01 ± 1.103860e+01
Eq Vio l1:   7.204632e-01 (max: 1.017853e+00)
Ineq Vio l1: 1.961375e-03 (max: 2.941981e-01)
Sol Dis:   2.065584e+02 ± 1.108027e-01
Merit:             2.656106e+01 ± 4.502066e-02
Avg Inf Time:  0.0002s
==================================================
✓ Model saved: results/nonsmooth_nonconvex/socp/SOCPProblem-100-50-50-10000/20260115-171657_MLP_sup_pen_seed0_nepochs1000_lr0.0001_trainsize7000_subopt_3_0.5/model_630.pt
Epoch 632/1000, Loss: 10.9818, Obj: 19.2815, Eq Viol (l1): 2.486316, Ineq Viol (l1): 0.027616, Epoch time: 0.19s
Epoch 633/1000, Loss: 11.0340, Obj: 19.3938, Eq Viol (l1): 2.493117, Ineq Viol (l1): 0.029456, Epoch time: 0.19s
Epoch 634/1000, Loss: 11.0791, Obj: 19.4652, Eq Viol (l1): 2.493779, Ineq Viol (l1): 0.026720, Epoch time: 0.19s
Epoch 635/1000, Loss: 11.1266, Obj: 19.7279, Eq Viol (l1): 2.497784, Ineq Viol (l1): 0.024231, Epoch time: 0.19s
Epoch 636/1000, Loss: 11.0345, Obj: 19.4748, Eq Viol (l1): 2.490193, Ineq Viol (l1): 0.026223, Epoch time: 0.19s
Epoch 637/1000, Loss: 11.0035, Obj: 19.3339, Eq Viol (l1): 2.492147, Ineq Viol (l1): 0.026082, Epoch time: 0.19s
Epoch 638/1000, Loss: 11.0180, Obj: 19.4462, Eq Viol (l1): 2.487016, Ineq Viol (l1): 0.024884, Epoch time: 0.19s
Epoch 639/1000, Loss: 10.9642, Obj: 19.2763, Eq Viol (l1): 2.485266, Ineq Viol (l1): 0.028351, Epoch time: 0.19s
Epoch 640/1000, Loss: 10.9746, Obj: 19.2894, Eq Viol (l1): 2.497159, Ineq Viol (l1): 0.025132, Epoch time: 0.19s
Epoch 641/1000, Loss: 10.9834, Obj: 19.3487, Eq Viol (l1): 2.488179, Ineq Viol (l1): 0.026355, Epoch time: 0.19s

Running validation at epoch 640...

VALIDATION_EPOCH_640 EVALUATION RESULTS:
==================================================
Obj:     1.959075e+01
Opt Gap:      3.486232e+01 ± 1.128358e+01
Eq Vio l1:   7.467592e-01 (max: 1.064569e+00)
Ineq Vio l1: 8.209554e-04 (max: 1.658248e-01)
Sol Dis:   2.077953e+02 ± 9.677294e-02
Merit:             2.706656e+01 ± 3.076338e-02
Avg Inf Time:  0.0002s
==================================================
✓ Model saved: results/nonsmooth_nonconvex/socp/SOCPProblem-100-50-50-10000/20260115-171657_MLP_sup_pen_seed0_nepochs1000_lr0.0001_trainsize7000_subopt_3_0.5/model_640.pt
Epoch 642/1000, Loss: 10.9937, Obj: 19.3919, Eq Viol (l1): 2.482607, Ineq Viol (l1): 0.025041, Epoch time: 0.19s
Epoch 643/1000, Loss: 11.1297, Obj: 19.6495, Eq Viol (l1): 2.493693, Ineq Viol (l1): 0.031578, Epoch time: 0.19s
Epoch 644/1000, Loss: 11.0908, Obj: 19.7794, Eq Viol (l1): 2.492579, Ineq Viol (l1): 0.020122, Epoch time: 0.19s
Epoch 645/1000, Loss: 11.0207, Obj: 19.4165, Eq Viol (l1): 2.497818, Ineq Viol (l1): 0.028994, Epoch time: 0.19s
Epoch 646/1000, Loss: 10.9937, Obj: 19.3750, Eq Viol (l1): 2.490824, Ineq Viol (l1): 0.026131, Epoch time: 0.19s
Epoch 647/1000, Loss: 10.9723, Obj: 19.3599, Eq Viol (l1): 2.489296, Ineq Viol (l1): 0.025055, Epoch time: 0.19s
Epoch 648/1000, Loss: 10.9566, Obj: 19.2839, Eq Viol (l1): 2.483593, Ineq Viol (l1): 0.028070, Epoch time: 0.19s
Epoch 649/1000, Loss: 10.9781, Obj: 19.3278, Eq Viol (l1): 2.486302, Ineq Viol (l1): 0.028383, Epoch time: 0.19s
Epoch 650/1000, Loss: 11.0196, Obj: 19.4932, Eq Viol (l1): 2.486031, Ineq Viol (l1): 0.024495, Epoch time: 0.19s
Epoch 651/1000, Loss: 11.0041, Obj: 19.4299, Eq Viol (l1): 2.497176, Ineq Viol (l1): 0.025525, Epoch time: 0.19s

Running validation at epoch 650...

VALIDATION_EPOCH_650 EVALUATION RESULTS:
==================================================
Obj:     1.959674e+01
Opt Gap:      3.493046e+01 ± 1.143585e+01
Eq Vio l1:   7.281148e-01 (max: 1.053151e+00)
Ineq Vio l1: 7.812235e-04 (max: 8.414736e-02)
Sol Dis:   2.077430e+02 ± 4.507823e-02
Merit:             2.688571e+01 ± 1.243528e-02
Avg Inf Time:  0.0002s
==================================================
✓ Model saved: results/nonsmooth_nonconvex/socp/SOCPProblem-100-50-50-10000/20260115-171657_MLP_sup_pen_seed0_nepochs1000_lr0.0001_trainsize7000_subopt_3_0.5/model_650.pt
Epoch 652/1000, Loss: 10.9859, Obj: 19.4062, Eq Viol (l1): 2.486969, Ineq Viol (l1): 0.026187, Epoch time: 0.19s
Epoch 653/1000, Loss: 11.0177, Obj: 19.5275, Eq Viol (l1): 2.484848, Ineq Viol (l1): 0.025057, Epoch time: 0.19s
Epoch 654/1000, Loss: 10.9599, Obj: 19.4106, Eq Viol (l1): 2.479300, Ineq Viol (l1): 0.025297, Epoch time: 0.19s
Epoch 655/1000, Loss: 11.0074, Obj: 19.4838, Eq Viol (l1): 2.484712, Ineq Viol (l1): 0.026994, Epoch time: 0.19s
Epoch 656/1000, Loss: 10.9807, Obj: 19.4360, Eq Viol (l1): 2.486872, Ineq Viol (l1): 0.025411, Epoch time: 0.19s
Epoch 657/1000, Loss: 11.0023, Obj: 19.4601, Eq Viol (l1): 2.488754, Ineq Viol (l1): 0.026256, Epoch time: 0.19s
Epoch 658/1000, Loss: 10.9970, Obj: 19.4177, Eq Viol (l1): 2.496097, Ineq Viol (l1): 0.026965, Epoch time: 0.19s
Epoch 659/1000, Loss: 11.0246, Obj: 19.5677, Eq Viol (l1): 2.488719, Ineq Viol (l1): 0.026222, Epoch time: 0.19s
Epoch 660/1000, Loss: 11.0199, Obj: 19.5113, Eq Viol (l1): 2.492681, Ineq Viol (l1): 0.029099, Epoch time: 0.19s
Epoch 661/1000, Loss: 11.0082, Obj: 19.4475, Eq Viol (l1): 2.480452, Ineq Viol (l1): 0.029363, Epoch time: 0.19s

Running validation at epoch 660...

VALIDATION_EPOCH_660 EVALUATION RESULTS:
==================================================
Obj:     1.966943e+01
Opt Gap:      3.480477e+01 ± 1.111737e+01
Eq Vio l1:   7.300142e-01 (max: 1.052934e+00)
Ineq Vio l1: 4.842743e-04 (max: 8.576831e-02)
Sol Dis:   2.080391e+02 ± 6.071941e-02
Merit:             2.697442e+01 ± 4.664567e-02
Avg Inf Time:  0.0002s
==================================================
✓ Model saved: results/nonsmooth_nonconvex/socp/SOCPProblem-100-50-50-10000/20260115-171657_MLP_sup_pen_seed0_nepochs1000_lr0.0001_trainsize7000_subopt_3_0.5/model_660.pt
Epoch 662/1000, Loss: 11.1167, Obj: 19.9100, Eq Viol (l1): 2.496944, Ineq Viol (l1): 0.021312, Epoch time: 0.19s
Epoch 663/1000, Loss: 11.0027, Obj: 19.5194, Eq Viol (l1): 2.489351, Ineq Viol (l1): 0.025686, Epoch time: 0.19s
Epoch 664/1000, Loss: 11.0289, Obj: 19.5480, Eq Viol (l1): 2.494350, Ineq Viol (l1): 0.027461, Epoch time: 0.19s
Epoch 665/1000, Loss: 10.9838, Obj: 19.4943, Eq Viol (l1): 2.488849, Ineq Viol (l1): 0.022614, Epoch time: 0.19s
Epoch 666/1000, Loss: 11.0272, Obj: 19.5217, Eq Viol (l1): 2.492482, Ineq Viol (l1): 0.029953, Epoch time: 0.19s
Epoch 667/1000, Loss: 11.0174, Obj: 19.5672, Eq Viol (l1): 2.496105, Ineq Viol (l1): 0.024906, Epoch time: 0.27s
Epoch 668/1000, Loss: 10.9416, Obj: 19.3689, Eq Viol (l1): 2.481954, Ineq Viol (l1): 0.027613, Epoch time: 0.19s
Epoch 669/1000, Loss: 11.0143, Obj: 19.5982, Eq Viol (l1): 2.489686, Ineq Viol (l1): 0.024411, Epoch time: 0.19s
Epoch 670/1000, Loss: 10.9910, Obj: 19.4736, Eq Viol (l1): 2.489223, Ineq Viol (l1): 0.029767, Epoch time: 0.19s
Epoch 671/1000, Loss: 10.9673, Obj: 19.5173, Eq Viol (l1): 2.480919, Ineq Viol (l1): 0.021795, Epoch time: 0.19s

Running validation at epoch 670...

VALIDATION_EPOCH_670 EVALUATION RESULTS:
==================================================
Obj:     1.946416e+01
Opt Gap:      3.465234e+01 ± 1.118318e+01
Eq Vio l1:   7.260710e-01 (max: 1.117005e+00)
Ineq Vio l1: 1.503534e-03 (max: 2.342113e-01)
Sol Dis:   2.069716e+02 ± 8.005396e-02
Merit:             2.673990e+01 ± 5.415122e-03
Avg Inf Time:  0.0002s
==================================================
✓ Model saved: results/nonsmooth_nonconvex/socp/SOCPProblem-100-50-50-10000/20260115-171657_MLP_sup_pen_seed0_nepochs1000_lr0.0001_trainsize7000_subopt_3_0.5/model_670.pt
Epoch 672/1000, Loss: 10.9786, Obj: 19.5062, Eq Viol (l1): 2.481641, Ineq Viol (l1): 0.026147, Epoch time: 0.19s
Epoch 673/1000, Loss: 11.0129, Obj: 19.5894, Eq Viol (l1): 2.484976, Ineq Viol (l1): 0.027421, Epoch time: 0.19s
Epoch 674/1000, Loss: 11.0678, Obj: 19.6889, Eq Viol (l1): 2.487520, Ineq Viol (l1): 0.031583, Epoch time: 0.19s
Epoch 675/1000, Loss: 11.0911, Obj: 19.8720, Eq Viol (l1): 2.496647, Ineq Viol (l1): 0.023638, Epoch time: 0.19s
Epoch 676/1000, Loss: 11.0454, Obj: 19.7270, Eq Viol (l1): 2.496861, Ineq Viol (l1): 0.024063, Epoch time: 0.19s
Epoch 677/1000, Loss: 10.9797, Obj: 19.4612, Eq Viol (l1): 2.494173, Ineq Viol (l1): 0.028768, Epoch time: 0.19s
Epoch 678/1000, Loss: 10.9428, Obj: 19.4585, Eq Viol (l1): 2.483077, Ineq Viol (l1): 0.024351, Epoch time: 0.19s
Epoch 679/1000, Loss: 10.9405, Obj: 19.4438, Eq Viol (l1): 2.478685, Ineq Viol (l1): 0.027158, Epoch time: 0.19s
Epoch 680/1000, Loss: 10.9606, Obj: 19.4899, Eq Viol (l1): 2.481252, Ineq Viol (l1): 0.027447, Epoch time: 0.19s
Epoch 681/1000, Loss: 10.9421, Obj: 19.5139, Eq Viol (l1): 2.476000, Ineq Viol (l1): 0.023981, Epoch time: 0.19s

Running validation at epoch 680...

VALIDATION_EPOCH_680 EVALUATION RESULTS:
==================================================
Obj:     1.944755e+01
Opt Gap:      3.432272e+01 ± 1.094739e+01
Eq Vio l1:   7.087987e-01 (max: 1.026150e+00)
Ineq Vio l1: 1.568325e-03 (max: 2.146362e-01)
Sol Dis:   2.068807e+02 ± 3.740248e-02
Merit:             2.655122e+01 ± 3.069781e-02
Avg Inf Time:  0.0002s
==================================================
✓ Model saved: results/nonsmooth_nonconvex/socp/SOCPProblem-100-50-50-10000/20260115-171657_MLP_sup_pen_seed0_nepochs1000_lr0.0001_trainsize7000_subopt_3_0.5/model_680.pt
Epoch 682/1000, Loss: 10.9904, Obj: 19.6198, Eq Viol (l1): 2.481505, Ineq Viol (l1): 0.025242, Epoch time: 0.19s
Epoch 683/1000, Loss: 10.9651, Obj: 19.5070, Eq Viol (l1): 2.482444, Ineq Viol (l1): 0.028136, Epoch time: 0.19s
Epoch 684/1000, Loss: 10.9661, Obj: 19.5338, Eq Viol (l1): 2.485755, Ineq Viol (l1): 0.024135, Epoch time: 0.19s
Epoch 685/1000, Loss: 10.9136, Obj: 19.3544, Eq Viol (l1): 2.477879, Ineq Viol (l1): 0.029907, Epoch time: 0.19s
Epoch 686/1000, Loss: 10.9604, Obj: 19.5769, Eq Viol (l1): 2.478852, Ineq Viol (l1): 0.022013, Epoch time: 0.19s
Epoch 687/1000, Loss: 10.9460, Obj: 19.5138, Eq Viol (l1): 2.476595, Ineq Viol (l1): 0.026346, Epoch time: 0.19s
Epoch 688/1000, Loss: 10.9355, Obj: 19.4949, Eq Viol (l1): 2.470111, Ineq Viol (l1): 0.028256, Epoch time: 0.19s
Epoch 689/1000, Loss: 10.9274, Obj: 19.5205, Eq Viol (l1): 2.475613, Ineq Viol (l1): 0.022842, Epoch time: 0.19s
Epoch 690/1000, Loss: 10.9517, Obj: 19.5263, Eq Viol (l1): 2.477236, Ineq Viol (l1): 0.027288, Epoch time: 0.19s
Epoch 691/1000, Loss: 10.9691, Obj: 19.5718, Eq Viol (l1): 2.482780, Ineq Viol (l1): 0.026864, Epoch time: 0.19s

Running validation at epoch 690...

VALIDATION_EPOCH_690 EVALUATION RESULTS:
==================================================
Obj:     1.959586e+01
Opt Gap:      3.479850e+01 ± 1.138529e+01
Eq Vio l1:   7.185039e-01 (max: 1.078993e+00)
Ineq Vio l1: 1.242624e-03 (max: 1.968999e-01)
Sol Dis:   2.075062e+02 ± 4.694199e-02
Merit:             2.679333e+01 ± 3.919578e-02
Avg Inf Time:  0.0002s
==================================================
✓ Model saved: results/nonsmooth_nonconvex/socp/SOCPProblem-100-50-50-10000/20260115-171657_MLP_sup_pen_seed0_nepochs1000_lr0.0001_trainsize7000_subopt_3_0.5/model_690.pt
Epoch 692/1000, Loss: 10.9617, Obj: 19.5408, Eq Viol (l1): 2.482186, Ineq Viol (l1): 0.026094, Epoch time: 0.19s
Epoch 693/1000, Loss: 10.9169, Obj: 19.4802, Eq Viol (l1): 2.472732, Ineq Viol (l1): 0.026851, Epoch time: 0.19s
Epoch 694/1000, Loss: 10.9512, Obj: 19.5476, Eq Viol (l1): 2.481219, Ineq Viol (l1): 0.024125, Epoch time: 0.19s
Epoch 695/1000, Loss: 10.9520, Obj: 19.5701, Eq Viol (l1): 2.478848, Ineq Viol (l1): 0.025648, Epoch time: 0.19s
Epoch 696/1000, Loss: 10.9915, Obj: 19.6331, Eq Viol (l1): 2.491572, Ineq Viol (l1): 0.025378, Epoch time: 0.19s
Epoch 697/1000, Loss: 10.9614, Obj: 19.6069, Eq Viol (l1): 2.479490, Ineq Viol (l1): 0.027858, Epoch time: 0.19s
Epoch 698/1000, Loss: 10.9557, Obj: 19.5583, Eq Viol (l1): 2.484909, Ineq Viol (l1): 0.027513, Epoch time: 0.19s
Epoch 699/1000, Loss: 10.9618, Obj: 19.6149, Eq Viol (l1): 2.484172, Ineq Viol (l1): 0.026163, Epoch time: 0.19s
Epoch 700/1000, Loss: 10.9896, Obj: 19.7141, Eq Viol (l1): 2.477747, Ineq Viol (l1): 0.025702, Epoch time: 0.19s
Epoch 701/1000, Loss: 10.9624, Obj: 19.5938, Eq Viol (l1): 2.478213, Ineq Viol (l1): 0.029432, Epoch time: 0.19s

Running validation at epoch 700...

VALIDATION_EPOCH_700 EVALUATION RESULTS:
==================================================
Obj:     1.964632e+01
Opt Gap:      3.465910e+01 ± 1.108579e+01
Eq Vio l1:   7.201549e-01 (max: 1.047659e+00)
Ineq Vio l1: 3.443414e-04 (max: 7.440851e-02)
Sol Dis:   2.077634e+02 ± 5.294478e-02
Merit:             2.685131e+01 ± 1.911845e-02
Avg Inf Time:  0.0003s
==================================================
✓ Model saved: results/nonsmooth_nonconvex/socp/SOCPProblem-100-50-50-10000/20260115-171657_MLP_sup_pen_seed0_nepochs1000_lr0.0001_trainsize7000_subopt_3_0.5/model_700.pt
Epoch 702/1000, Loss: 11.0177, Obj: 19.8023, Eq Viol (l1): 2.485492, Ineq Viol (l1): 0.022446, Epoch time: 0.19s
Epoch 703/1000, Loss: 10.9425, Obj: 19.6048, Eq Viol (l1): 2.481235, Ineq Viol (l1): 0.025195, Epoch time: 0.19s
Epoch 704/1000, Loss: 10.9399, Obj: 19.5347, Eq Viol (l1): 2.482956, Ineq Viol (l1): 0.026769, Epoch time: 0.19s
Epoch 705/1000, Loss: 10.9327, Obj: 19.5679, Eq Viol (l1): 2.486453, Ineq Viol (l1): 0.024958, Epoch time: 0.19s
Epoch 706/1000, Loss: 10.9311, Obj: 19.5224, Eq Viol (l1): 2.475476, Ineq Viol (l1): 0.028922, Epoch time: 0.19s
Epoch 707/1000, Loss: 10.9450, Obj: 19.6350, Eq Viol (l1): 2.481989, Ineq Viol (l1): 0.023873, Epoch time: 0.19s
Epoch 708/1000, Loss: 10.9573, Obj: 19.5724, Eq Viol (l1): 2.478305, Ineq Viol (l1): 0.031768, Epoch time: 0.19s
Epoch 709/1000, Loss: 10.9494, Obj: 19.6811, Eq Viol (l1): 2.482919, Ineq Viol (l1): 0.020750, Epoch time: 0.19s
Epoch 710/1000, Loss: 10.9218, Obj: 19.5672, Eq Viol (l1): 2.479747, Ineq Viol (l1): 0.026279, Epoch time: 0.19s
Epoch 711/1000, Loss: 10.9577, Obj: 19.6877, Eq Viol (l1): 2.475817, Ineq Viol (l1): 0.025975, Epoch time: 0.19s

Running validation at epoch 710...

VALIDATION_EPOCH_710 EVALUATION RESULTS:
==================================================
Obj:     1.980326e+01
Opt Gap:      3.518547e+01 ± 1.121639e+01
Eq Vio l1:   7.167666e-01 (max: 1.077272e+00)
Ineq Vio l1: 2.168142e-03 (max: 3.476867e-01)
Sol Dis:   2.085190e+02 ± 8.896141e-02
Merit:             2.699261e+01 ± 1.694030e-02
Avg Inf Time:  0.0002s
==================================================
✓ Model saved: results/nonsmooth_nonconvex/socp/SOCPProblem-100-50-50-10000/20260115-171657_MLP_sup_pen_seed0_nepochs1000_lr0.0001_trainsize7000_subopt_3_0.5/model_710.pt
Epoch 712/1000, Loss: 10.9294, Obj: 19.5820, Eq Viol (l1): 2.478803, Ineq Viol (l1): 0.028705, Epoch time: 0.19s
Epoch 713/1000, Loss: 10.9388, Obj: 19.5891, Eq Viol (l1): 2.478906, Ineq Viol (l1): 0.026552, Epoch time: 0.19s
Epoch 714/1000, Loss: 11.0070, Obj: 19.7377, Eq Viol (l1): 2.484757, Ineq Viol (l1): 0.028381, Epoch time: 0.19s
Epoch 715/1000, Loss: 10.9684, Obj: 19.7759, Eq Viol (l1): 2.480379, Ineq Viol (l1): 0.023246, Epoch time: 0.19s
Epoch 716/1000, Loss: 10.9623, Obj: 19.6060, Eq Viol (l1): 2.487038, Ineq Viol (l1): 0.029659, Epoch time: 0.19s
Epoch 717/1000, Loss: 11.0417, Obj: 19.9215, Eq Viol (l1): 2.500116, Ineq Viol (l1): 0.020532, Epoch time: 0.19s
Epoch 718/1000, Loss: 10.9723, Obj: 19.7147, Eq Viol (l1): 2.477271, Ineq Viol (l1): 0.027974, Epoch time: 0.19s
Epoch 719/1000, Loss: 11.0073, Obj: 19.8182, Eq Viol (l1): 2.489869, Ineq Viol (l1): 0.027426, Epoch time: 0.19s
Epoch 720/1000, Loss: 10.9178, Obj: 19.5712, Eq Viol (l1): 2.482671, Ineq Viol (l1): 0.027437, Epoch time: 0.19s
Epoch 721/1000, Loss: 10.9245, Obj: 19.6230, Eq Viol (l1): 2.481885, Ineq Viol (l1): 0.024708, Epoch time: 0.19s

Running validation at epoch 720...

VALIDATION_EPOCH_720 EVALUATION RESULTS:
==================================================
Obj:     1.961131e+01
Opt Gap:      3.463077e+01 ± 1.102024e+01
Eq Vio l1:   7.699586e-01 (max: 1.067029e+00)
Ineq Vio l1: 9.976602e-04 (max: 1.248008e-01)
Sol Dis:   2.074700e+02 ± 4.047148e-02
Merit:             2.732087e+01 ± 5.049126e-02
Avg Inf Time:  0.0002s
==================================================
✓ Model saved: results/nonsmooth_nonconvex/socp/SOCPProblem-100-50-50-10000/20260115-171657_MLP_sup_pen_seed0_nepochs1000_lr0.0001_trainsize7000_subopt_3_0.5/model_720.pt
Epoch 722/1000, Loss: 10.9091, Obj: 19.5861, Eq Viol (l1): 2.479954, Ineq Viol (l1): 0.023799, Epoch time: 0.19s
Epoch 723/1000, Loss: 10.8777, Obj: 19.4975, Eq Viol (l1): 2.476171, Ineq Viol (l1): 0.027017, Epoch time: 0.19s
Epoch 724/1000, Loss: 10.9452, Obj: 19.6309, Eq Viol (l1): 2.483496, Ineq Viol (l1): 0.027000, Epoch time: 0.19s
Epoch 725/1000, Loss: 10.9333, Obj: 19.6058, Eq Viol (l1): 2.484418, Ineq Viol (l1): 0.029843, Epoch time: 0.19s
Epoch 726/1000, Loss: 10.9353, Obj: 19.6988, Eq Viol (l1): 2.476844, Ineq Viol (l1): 0.023618, Epoch time: 0.19s
Epoch 727/1000, Loss: 10.9467, Obj: 19.7256, Eq Viol (l1): 2.486167, Ineq Viol (l1): 0.023488, Epoch time: 0.19s
Epoch 728/1000, Loss: 10.8825, Obj: 19.5302, Eq Viol (l1): 2.472098, Ineq Viol (l1): 0.029503, Epoch time: 0.19s
Epoch 729/1000, Loss: 10.8847, Obj: 19.5594, Eq Viol (l1): 2.475728, Ineq Viol (l1): 0.025733, Epoch time: 0.19s
Epoch 730/1000, Loss: 10.9542, Obj: 19.7151, Eq Viol (l1): 2.490392, Ineq Viol (l1): 0.025856, Epoch time: 0.19s
Epoch 731/1000, Loss: 10.9604, Obj: 19.7387, Eq Viol (l1): 2.494432, Ineq Viol (l1): 0.024113, Epoch time: 0.19s

Running validation at epoch 730...

VALIDATION_EPOCH_730 EVALUATION RESULTS:
==================================================
Obj:     1.978297e+01
Opt Gap:      3.501731e+01 ± 1.137068e+01
Eq Vio l1:   8.015054e-01 (max: 1.142049e+00)
Ineq Vio l1: 1.256647e-03 (max: 1.267097e-01)
Sol Dis:   2.082716e+02 ± 4.921839e-02
Merit:             2.781059e+01 ± 2.623587e-02
Avg Inf Time:  0.0002s
==================================================
✓ Model saved: results/nonsmooth_nonconvex/socp/SOCPProblem-100-50-50-10000/20260115-171657_MLP_sup_pen_seed0_nepochs1000_lr0.0001_trainsize7000_subopt_3_0.5/model_730.pt
Epoch 732/1000, Loss: 10.9799, Obj: 19.7609, Eq Viol (l1): 2.488581, Ineq Viol (l1): 0.027509, Epoch time: 0.19s
Epoch 733/1000, Loss: 10.9530, Obj: 19.7325, Eq Viol (l1): 2.485745, Ineq Viol (l1): 0.025682, Epoch time: 0.19s
Epoch 734/1000, Loss: 10.8987, Obj: 19.6173, Eq Viol (l1): 2.485900, Ineq Viol (l1): 0.026116, Epoch time: 0.19s
Epoch 735/1000, Loss: 10.9050, Obj: 19.6899, Eq Viol (l1): 2.475496, Ineq Viol (l1): 0.026133, Epoch time: 0.19s
Epoch 736/1000, Loss: 10.8905, Obj: 19.5826, Eq Viol (l1): 2.476641, Ineq Viol (l1): 0.027872, Epoch time: 0.26s
Epoch 737/1000, Loss: 10.9222, Obj: 19.7499, Eq Viol (l1): 2.473034, Ineq Viol (l1): 0.022545, Epoch time: 0.19s
Epoch 738/1000, Loss: 11.0122, Obj: 19.8619, Eq Viol (l1): 2.482173, Ineq Viol (l1): 0.031520, Epoch time: 0.19s
Epoch 739/1000, Loss: 11.0160, Obj: 19.9743, Eq Viol (l1): 2.487116, Ineq Viol (l1): 0.025118, Epoch time: 0.19s
Epoch 740/1000, Loss: 10.9268, Obj: 19.7256, Eq Viol (l1): 2.482771, Ineq Viol (l1): 0.025570, Epoch time: 0.19s
Epoch 741/1000, Loss: 10.9554, Obj: 19.8016, Eq Viol (l1): 2.481999, Ineq Viol (l1): 0.024461, Epoch time: 0.19s

Running validation at epoch 740...

VALIDATION_EPOCH_740 EVALUATION RESULTS:
==================================================
Obj:     1.985973e+01
Opt Gap:      3.510510e+01 ± 1.125956e+01
Eq Vio l1:   7.238859e-01 (max: 1.047836e+00)
Ineq Vio l1: 9.760264e-04 (max: 1.548160e-01)
Sol Dis:   2.083980e+02 ± 3.259299e-02
Merit:             2.710835e+01 ± 9.478872e-02
Avg Inf Time:  0.0002s
==================================================
✓ Model saved: results/nonsmooth_nonconvex/socp/SOCPProblem-100-50-50-10000/20260115-171657_MLP_sup_pen_seed0_nepochs1000_lr0.0001_trainsize7000_subopt_3_0.5/model_740.pt
