==============================================
 Job started at: 2026-01-15 15:07:23
 Job ID: 8102096
 Node: node2804
==============================================

======= Running for problem: nonsmooth_nonconvex/socp =======

Loading problem instance: nonsmooth_nonconvex/socp with size [100, 50, 50, 10000]
Loading  dataset from: datasets/nonsmooth_nonconvex/socp/random2025_socp_dataset_var100_ineq50_eq50_ex10000_maxt1.5_ready 

Running on:  cuda
Training model using sup_pen method with seed 0 for 1000 epochs
Using batch size: 512

lr: 0.0001, weight_decay: 0.001, num_epochs: 1000

Epoch 1/1000, Loss: 176728.1152, Obj: 0.0530, Eq Viol (l1): 26.732457, Ineq Viol (l1): 888.794399, Epoch time: 0.51s

Running validation at epoch 0...

VALIDATION_EPOCH_0 EVALUATION RESULTS:
==================================================
Obj:     5.468557e-02
Opt Gap:      7.767192e-01 ± 1.311129e-02
Eq Vio l1:   2.662656e+01 (max: 3.461832e+01)
Ineq Vio l1: 8.886877e+02 (max: 8.892797e+02)
Sol Dis:   1.637699e+02 ± 3.901115e-02
Merit:             9.153198e+03 ± 1.068203e-01
Avg Inf Time:  0.0003s
==================================================
✓ Model saved: results/nonsmooth_nonconvex/socp/SOCPProblem-100-50-50-10000/20260115-150727_MLP_sup_pen_seed0_nepochs1000_lr0.0001_trainsize7000_subopt_3_1.5/model_0.pt
Epoch 2/1000, Loss: 176277.6074, Obj: 0.0774, Eq Viol (l1): 26.751799, Ineq Viol (l1): 887.733733, Epoch time: 0.19s
Epoch 3/1000, Loss: 174946.5392, Obj: 0.1478, Eq Viol (l1): 26.951781, Ineq Viol (l1): 884.555367, Epoch time: 0.19s
Epoch 4/1000, Loss: 171715.2456, Obj: 0.3175, Eq Viol (l1): 28.075147, Ineq Viol (l1): 876.598509, Epoch time: 0.19s
Epoch 5/1000, Loss: 160262.0995, Obj: 0.9106, Eq Viol (l1): 36.559005, Ineq Viol (l1): 846.229600, Epoch time: 0.19s
Epoch 6/1000, Loss: 102734.6521, Obj: 4.0691, Eq Viol (l1): 90.088390, Ineq Viol (l1): 644.913265, Epoch time: 0.19s
Epoch 7/1000, Loss: 23784.0713, Obj: 17.9850, Eq Viol (l1): 233.520104, Ineq Viol (l1): 75.369230, Epoch time: 0.19s
Epoch 8/1000, Loss: 11165.3142, Obj: 19.1110, Eq Viol (l1): 167.116078, Ineq Viol (l1): 40.583870, Epoch time: 0.19s
Epoch 9/1000, Loss: 4521.3244, Obj: 20.4085, Eq Viol (l1): 107.197168, Ineq Viol (l1): 31.317309, Epoch time: 0.19s
Epoch 10/1000, Loss: 1737.3674, Obj: 21.8895, Eq Viol (l1): 64.399952, Ineq Viol (l1): 18.098854, Epoch time: 0.19s
Epoch 11/1000, Loss: 636.5989, Obj: 23.3186, Eq Viol (l1): 38.186583, Ineq Viol (l1): 7.218421, Epoch time: 0.19s

Running validation at epoch 10...

VALIDATION_EPOCH_10 EVALUATION RESULTS:
==================================================
Obj:     2.377665e+01
Opt Gap:      4.201417e+01 ± 1.341944e+01
Eq Vio l1:   2.777621e+01 (max: 3.678465e+01)
Ineq Vio l1: 2.556157e+00 (max: 1.141371e+01)
Sol Dis:   2.370250e+02 ± 1.667945e-01
Merit:             3.271003e+02 ± 1.198351e+00
Avg Inf Time:  0.0002s
==================================================
✓ Model saved: results/nonsmooth_nonconvex/socp/SOCPProblem-100-50-50-10000/20260115-150727_MLP_sup_pen_seed0_nepochs1000_lr0.0001_trainsize7000_subopt_3_1.5/model_10.pt
Epoch 12/1000, Loss: 315.2224, Obj: 24.1631, Eq Viol (l1): 26.819098, Ineq Viol (l1): 2.002524, Epoch time: 0.19s
Epoch 13/1000, Loss: 262.4863, Obj: 23.6122, Eq Viol (l1): 24.274151, Ineq Viol (l1): 0.491013, Epoch time: 0.19s
Epoch 14/1000, Loss: 231.0390, Obj: 22.0623, Eq Viol (l1): 22.217253, Ineq Viol (l1): 0.346567, Epoch time: 0.19s
Epoch 15/1000, Loss: 201.8150, Obj: 21.5753, Eq Viol (l1): 19.812452, Ineq Viol (l1): 0.324392, Epoch time: 0.19s
Epoch 16/1000, Loss: 175.5796, Obj: 21.5102, Eq Viol (l1): 17.265572, Ineq Viol (l1): 0.320220, Epoch time: 0.19s
Epoch 17/1000, Loss: 154.8982, Obj: 21.4924, Eq Viol (l1): 15.086093, Ineq Viol (l1): 0.308035, Epoch time: 0.19s
Epoch 18/1000, Loss: 139.1137, Obj: 21.4324, Eq Viol (l1): 13.354284, Ineq Viol (l1): 0.281880, Epoch time: 0.19s
Epoch 19/1000, Loss: 126.7703, Obj: 21.4137, Eq Viol (l1): 11.861452, Ineq Viol (l1): 0.272175, Epoch time: 0.19s
Epoch 20/1000, Loss: 117.0815, Obj: 21.2960, Eq Viol (l1): 10.587734, Ineq Viol (l1): 0.285399, Epoch time: 0.19s
Epoch 21/1000, Loss: 109.4524, Obj: 21.2199, Eq Viol (l1): 9.524339, Ineq Viol (l1): 0.256875, Epoch time: 0.19s

Running validation at epoch 20...

VALIDATION_EPOCH_20 EVALUATION RESULTS:
==================================================
Obj:     2.075430e+01
Opt Gap:      3.696557e+01 ± 1.192386e+01
Eq Vio l1:   5.958398e+00 (max: 1.116627e+01)
Ineq Vio l1: 2.030759e-01 (max: 3.954651e+00)
Sol Dis:   2.069522e+02 ± 2.922884e-01
Merit:             8.236904e+01 ± 2.019252e-01
Avg Inf Time:  0.0002s
==================================================
✓ Model saved: results/nonsmooth_nonconvex/socp/SOCPProblem-100-50-50-10000/20260115-150727_MLP_sup_pen_seed0_nepochs1000_lr0.0001_trainsize7000_subopt_3_1.5/model_20.pt
Epoch 22/1000, Loss: 104.1367, Obj: 21.0873, Eq Viol (l1): 8.721638, Ineq Viol (l1): 0.271645, Epoch time: 0.19s
Epoch 23/1000, Loss: 100.3784, Obj: 21.0559, Eq Viol (l1): 8.079670, Ineq Viol (l1): 0.277310, Epoch time: 0.19s
Epoch 24/1000, Loss: 97.3967, Obj: 20.9010, Eq Viol (l1): 7.625083, Ineq Viol (l1): 0.259920, Epoch time: 0.19s
Epoch 25/1000, Loss: 95.1322, Obj: 20.6168, Eq Viol (l1): 7.270245, Ineq Viol (l1): 0.281602, Epoch time: 0.19s
Epoch 26/1000, Loss: 93.6962, Obj: 20.6598, Eq Viol (l1): 7.048628, Ineq Viol (l1): 0.243851, Epoch time: 0.19s
Epoch 27/1000, Loss: 92.1142, Obj: 20.3891, Eq Viol (l1): 6.833235, Ineq Viol (l1): 0.265475, Epoch time: 0.19s
Epoch 28/1000, Loss: 90.9057, Obj: 20.2507, Eq Viol (l1): 6.728898, Ineq Viol (l1): 0.254449, Epoch time: 0.19s
Epoch 29/1000, Loss: 89.6786, Obj: 20.0430, Eq Viol (l1): 6.625806, Ineq Viol (l1): 0.258374, Epoch time: 0.19s
Epoch 30/1000, Loss: 88.0702, Obj: 19.7590, Eq Viol (l1): 6.509858, Ineq Viol (l1): 0.249517, Epoch time: 0.19s
Epoch 31/1000, Loss: 86.9550, Obj: 19.5478, Eq Viol (l1): 6.452830, Ineq Viol (l1): 0.264842, Epoch time: 0.19s

Running validation at epoch 30...

VALIDATION_EPOCH_30 EVALUATION RESULTS:
==================================================
Obj:     1.969625e+01
Opt Gap:      3.510328e+01 ± 1.142469e+01
Eq Vio l1:   2.486006e+00 (max: 3.722736e+00)
Ineq Vio l1: 4.842729e-02 (max: 1.130981e+00)
Sol Dis:   1.936001e+02 ± 2.633264e-01
Merit:             4.504059e+01 ± 1.341645e-01
Avg Inf Time:  0.0002s
==================================================
✓ Model saved: results/nonsmooth_nonconvex/socp/SOCPProblem-100-50-50-10000/20260115-150727_MLP_sup_pen_seed0_nepochs1000_lr0.0001_trainsize7000_subopt_3_1.5/model_30.pt
Epoch 32/1000, Loss: 85.6941, Obj: 19.5602, Eq Viol (l1): 6.363431, Ineq Viol (l1): 0.230269, Epoch time: 0.19s
Epoch 33/1000, Loss: 84.2480, Obj: 19.4119, Eq Viol (l1): 6.301103, Ineq Viol (l1): 0.254520, Epoch time: 0.19s
Epoch 34/1000, Loss: 82.8339, Obj: 19.3828, Eq Viol (l1): 6.237689, Ineq Viol (l1): 0.252948, Epoch time: 0.19s
Epoch 35/1000, Loss: 81.4714, Obj: 19.4802, Eq Viol (l1): 6.172613, Ineq Viol (l1): 0.232315, Epoch time: 0.19s
Epoch 36/1000, Loss: 81.2548, Obj: 19.7490, Eq Viol (l1): 6.201210, Ineq Viol (l1): 0.253445, Epoch time: 0.29s
Epoch 37/1000, Loss: 79.5020, Obj: 19.6377, Eq Viol (l1): 6.047292, Ineq Viol (l1): 0.252082, Epoch time: 0.19s
Epoch 38/1000, Loss: 78.7382, Obj: 19.7897, Eq Viol (l1): 6.005259, Ineq Viol (l1): 0.227113, Epoch time: 0.19s
Epoch 39/1000, Loss: 78.3717, Obj: 19.9028, Eq Viol (l1): 5.997107, Ineq Viol (l1): 0.254873, Epoch time: 0.19s
Epoch 40/1000, Loss: 77.4544, Obj: 19.9831, Eq Viol (l1): 5.867828, Ineq Viol (l1): 0.239801, Epoch time: 0.19s
Epoch 41/1000, Loss: 77.2104, Obj: 20.1427, Eq Viol (l1): 5.839362, Ineq Viol (l1): 0.250321, Epoch time: 0.19s

Running validation at epoch 40...

VALIDATION_EPOCH_40 EVALUATION RESULTS:
==================================================
Obj:     2.026733e+01
Opt Gap:      3.561848e+01 ± 1.138480e+01
Eq Vio l1:   2.438033e+00 (max: 3.747700e+00)
Ineq Vio l1: 2.069634e-02 (max: 8.752327e-01)
Sol Dis:   1.895214e+02 ± 1.195647e-01
Merit:             4.485462e+01 ± 1.102007e-01
Avg Inf Time:  0.0002s
==================================================
✓ Model saved: results/nonsmooth_nonconvex/socp/SOCPProblem-100-50-50-10000/20260115-150727_MLP_sup_pen_seed0_nepochs1000_lr0.0001_trainsize7000_subopt_3_1.5/model_40.pt
Epoch 42/1000, Loss: 76.1958, Obj: 20.0465, Eq Viol (l1): 5.756065, Ineq Viol (l1): 0.236115, Epoch time: 0.19s
Epoch 43/1000, Loss: 75.8362, Obj: 20.1579, Eq Viol (l1): 5.712663, Ineq Viol (l1): 0.233140, Epoch time: 0.19s
Epoch 44/1000, Loss: 75.8151, Obj: 20.3408, Eq Viol (l1): 5.680422, Ineq Viol (l1): 0.245247, Epoch time: 0.19s
Epoch 45/1000, Loss: 75.2672, Obj: 20.3163, Eq Viol (l1): 5.634908, Ineq Viol (l1): 0.237381, Epoch time: 0.19s
Epoch 46/1000, Loss: 74.5718, Obj: 20.2987, Eq Viol (l1): 5.533241, Ineq Viol (l1): 0.230958, Epoch time: 0.19s
Epoch 47/1000, Loss: 74.7438, Obj: 20.4623, Eq Viol (l1): 5.550370, Ineq Viol (l1): 0.256526, Epoch time: 0.19s
Epoch 48/1000, Loss: 74.3414, Obj: 20.4569, Eq Viol (l1): 5.516874, Ineq Viol (l1): 0.234392, Epoch time: 0.19s
Epoch 49/1000, Loss: 73.6991, Obj: 20.3906, Eq Viol (l1): 5.447349, Ineq Viol (l1): 0.230799, Epoch time: 0.19s
Epoch 50/1000, Loss: 73.3540, Obj: 20.4053, Eq Viol (l1): 5.385824, Ineq Viol (l1): 0.243551, Epoch time: 0.19s
Epoch 51/1000, Loss: 72.8746, Obj: 20.3630, Eq Viol (l1): 5.352431, Ineq Viol (l1): 0.236191, Epoch time: 0.19s

Running validation at epoch 50...

VALIDATION_EPOCH_50 EVALUATION RESULTS:
==================================================
Obj:     2.017838e+01
Opt Gap:      3.534131e+01 ± 1.122423e+01
Eq Vio l1:   2.147479e+00 (max: 3.324696e+00)
Ineq Vio l1: 5.877630e-02 (max: 1.889892e+00)
Sol Dis:   1.918332e+02 ± 7.966215e-02
Merit:             4.224094e+01 ± 1.092418e-01
Avg Inf Time:  0.0002s
==================================================
✓ Model saved: results/nonsmooth_nonconvex/socp/SOCPProblem-100-50-50-10000/20260115-150727_MLP_sup_pen_seed0_nepochs1000_lr0.0001_trainsize7000_subopt_3_1.5/model_50.pt
Epoch 52/1000, Loss: 72.5804, Obj: 20.4024, Eq Viol (l1): 5.303224, Ineq Viol (l1): 0.225365, Epoch time: 0.19s
Epoch 53/1000, Loss: 72.5951, Obj: 20.4553, Eq Viol (l1): 5.268029, Ineq Viol (l1): 0.256914, Epoch time: 0.19s
Epoch 54/1000, Loss: 72.3033, Obj: 20.5143, Eq Viol (l1): 5.230058, Ineq Viol (l1): 0.247318, Epoch time: 0.19s
Epoch 55/1000, Loss: 72.1111, Obj: 20.5959, Eq Viol (l1): 5.199236, Ineq Viol (l1): 0.231698, Epoch time: 0.19s
Epoch 56/1000, Loss: 71.9474, Obj: 20.5818, Eq Viol (l1): 5.200614, Ineq Viol (l1): 0.233542, Epoch time: 0.19s
Epoch 57/1000, Loss: 71.2250, Obj: 20.4229, Eq Viol (l1): 5.098423, Ineq Viol (l1): 0.234636, Epoch time: 0.19s
Epoch 58/1000, Loss: 71.4463, Obj: 20.5402, Eq Viol (l1): 5.097105, Ineq Viol (l1): 0.248204, Epoch time: 0.19s
Epoch 59/1000, Loss: 71.0094, Obj: 20.4284, Eq Viol (l1): 5.085485, Ineq Viol (l1): 0.238133, Epoch time: 0.19s
Epoch 60/1000, Loss: 70.9079, Obj: 20.5507, Eq Viol (l1): 5.024542, Ineq Viol (l1): 0.223064, Epoch time: 0.19s
Epoch 61/1000, Loss: 70.5555, Obj: 20.3536, Eq Viol (l1): 5.012378, Ineq Viol (l1): 0.250147, Epoch time: 0.19s

Running validation at epoch 60...

VALIDATION_EPOCH_60 EVALUATION RESULTS:
==================================================
Obj:     2.027318e+01
Opt Gap:      3.556103e+01 ± 1.134855e+01
Eq Vio l1:   2.070096e+00 (max: 3.343907e+00)
Ineq Vio l1: 2.498518e-02 (max: 1.132723e+00)
Sol Dis:   1.941833e+02 ± 1.305208e-01
Merit:             4.122400e+01 ± 3.650103e-02
Avg Inf Time:  0.0002s
==================================================
✓ Model saved: results/nonsmooth_nonconvex/socp/SOCPProblem-100-50-50-10000/20260115-150727_MLP_sup_pen_seed0_nepochs1000_lr0.0001_trainsize7000_subopt_3_1.5/model_60.pt
Epoch 62/1000, Loss: 70.3401, Obj: 20.3607, Eq Viol (l1): 4.956232, Ineq Viol (l1): 0.238058, Epoch time: 0.19s
Epoch 63/1000, Loss: 70.2676, Obj: 20.3937, Eq Viol (l1): 4.932144, Ineq Viol (l1): 0.240537, Epoch time: 0.19s
Epoch 64/1000, Loss: 70.2993, Obj: 20.5056, Eq Viol (l1): 4.908894, Ineq Viol (l1): 0.248553, Epoch time: 0.19s
Epoch 65/1000, Loss: 69.9630, Obj: 20.4359, Eq Viol (l1): 4.867046, Ineq Viol (l1): 0.228325, Epoch time: 0.19s
Epoch 66/1000, Loss: 69.7608, Obj: 20.3854, Eq Viol (l1): 4.840504, Ineq Viol (l1): 0.251666, Epoch time: 0.19s
Epoch 67/1000, Loss: 69.5683, Obj: 20.4262, Eq Viol (l1): 4.808312, Ineq Viol (l1): 0.225793, Epoch time: 0.19s
Epoch 68/1000, Loss: 69.2431, Obj: 20.3452, Eq Viol (l1): 4.758580, Ineq Viol (l1): 0.241828, Epoch time: 0.19s
Epoch 69/1000, Loss: 69.4919, Obj: 20.4937, Eq Viol (l1): 4.737189, Ineq Viol (l1): 0.242838, Epoch time: 0.19s
Epoch 70/1000, Loss: 70.0667, Obj: 20.6287, Eq Viol (l1): 4.732409, Ineq Viol (l1): 0.308935, Epoch time: 0.19s
Epoch 71/1000, Loss: 69.3404, Obj: 20.5970, Eq Viol (l1): 4.720104, Ineq Viol (l1): 0.228436, Epoch time: 0.29s

Running validation at epoch 70...

VALIDATION_EPOCH_70 EVALUATION RESULTS:
==================================================
Obj:     2.090544e+01
Opt Gap:      3.703899e+01 ± 1.188488e+01
Eq Vio l1:   1.904445e+00 (max: 2.962541e+00)
Ineq Vio l1: 2.161424e-02 (max: 1.137400e+00)
Sol Dis:   1.966378e+02 ± 1.347109e-01
Merit:             4.016604e+01 ± 6.858802e-02
Avg Inf Time:  0.0002s
==================================================
✓ Model saved: results/nonsmooth_nonconvex/socp/SOCPProblem-100-50-50-10000/20260115-150727_MLP_sup_pen_seed0_nepochs1000_lr0.0001_trainsize7000_subopt_3_1.5/model_70.pt
Epoch 72/1000, Loss: 69.0762, Obj: 20.5003, Eq Viol (l1): 4.696770, Ineq Viol (l1): 0.238154, Epoch time: 0.19s
Epoch 73/1000, Loss: 68.7793, Obj: 20.4482, Eq Viol (l1): 4.661291, Ineq Viol (l1): 0.227674, Epoch time: 0.19s
Epoch 74/1000, Loss: 68.6837, Obj: 20.4242, Eq Viol (l1): 4.632511, Ineq Viol (l1): 0.233789, Epoch time: 0.19s
Epoch 75/1000, Loss: 68.5778, Obj: 20.4703, Eq Viol (l1): 4.596916, Ineq Viol (l1): 0.234507, Epoch time: 0.19s
Epoch 76/1000, Loss: 68.7624, Obj: 20.5249, Eq Viol (l1): 4.578503, Ineq Viol (l1): 0.260022, Epoch time: 0.19s
Epoch 77/1000, Loss: 68.8218, Obj: 20.6345, Eq Viol (l1): 4.581097, Ineq Viol (l1): 0.252577, Epoch time: 0.19s
Epoch 78/1000, Loss: 68.6461, Obj: 20.5301, Eq Viol (l1): 4.573784, Ineq Viol (l1): 0.274553, Epoch time: 0.19s
Epoch 79/1000, Loss: 68.3492, Obj: 20.4903, Eq Viol (l1): 4.534346, Ineq Viol (l1): 0.256471, Epoch time: 0.19s
Epoch 80/1000, Loss: 68.2635, Obj: 20.6167, Eq Viol (l1): 4.514316, Ineq Viol (l1): 0.218078, Epoch time: 0.19s
Epoch 81/1000, Loss: 68.1251, Obj: 20.5325, Eq Viol (l1): 4.492970, Ineq Viol (l1): 0.242352, Epoch time: 0.19s

Running validation at epoch 80...

VALIDATION_EPOCH_80 EVALUATION RESULTS:
==================================================
Obj:     2.035913e+01
Opt Gap:      3.591189e+01 ± 1.157879e+01
Eq Vio l1:   1.805231e+00 (max: 2.928906e+00)
Ineq Vio l1: 3.205240e-02 (max: 1.046400e+00)
Sol Dis:   1.938541e+02 ± 1.799406e-01
Merit:             3.873197e+01 ± 3.964572e-03
Avg Inf Time:  0.0002s
==================================================
✓ Model saved: results/nonsmooth_nonconvex/socp/SOCPProblem-100-50-50-10000/20260115-150727_MLP_sup_pen_seed0_nepochs1000_lr0.0001_trainsize7000_subopt_3_1.5/model_80.pt
Epoch 82/1000, Loss: 67.9561, Obj: 20.5142, Eq Viol (l1): 4.483996, Ineq Viol (l1): 0.244444, Epoch time: 0.19s
Epoch 83/1000, Loss: 68.1379, Obj: 20.6456, Eq Viol (l1): 4.464321, Ineq Viol (l1): 0.251290, Epoch time: 0.19s
Epoch 84/1000, Loss: 67.5614, Obj: 20.4473, Eq Viol (l1): 4.453990, Ineq Viol (l1): 0.237139, Epoch time: 0.19s
Epoch 85/1000, Loss: 67.6675, Obj: 20.5398, Eq Viol (l1): 4.421318, Ineq Viol (l1): 0.248684, Epoch time: 0.19s
Epoch 86/1000, Loss: 67.4427, Obj: 20.5378, Eq Viol (l1): 4.393649, Ineq Viol (l1): 0.230925, Epoch time: 0.19s
Epoch 87/1000, Loss: 67.8653, Obj: 20.6729, Eq Viol (l1): 4.414512, Ineq Viol (l1): 0.261994, Epoch time: 0.19s
Epoch 88/1000, Loss: 67.3659, Obj: 20.6030, Eq Viol (l1): 4.367110, Ineq Viol (l1): 0.236935, Epoch time: 0.19s
Epoch 89/1000, Loss: 67.1890, Obj: 20.5596, Eq Viol (l1): 4.350076, Ineq Viol (l1): 0.233481, Epoch time: 0.19s
Epoch 90/1000, Loss: 67.0239, Obj: 20.5365, Eq Viol (l1): 4.341919, Ineq Viol (l1): 0.236310, Epoch time: 0.19s
Epoch 91/1000, Loss: 67.0979, Obj: 20.5755, Eq Viol (l1): 4.320428, Ineq Viol (l1): 0.252126, Epoch time: 0.19s

Running validation at epoch 90...

VALIDATION_EPOCH_90 EVALUATION RESULTS:
==================================================
Obj:     2.073107e+01
Opt Gap:      3.631398e+01 ± 1.153906e+01
Eq Vio l1:   1.812044e+00 (max: 3.012743e+00)
Ineq Vio l1: 2.613911e-02 (max: 6.509855e-01)
Sol Dis:   1.946037e+02 ± 2.896573e-01
Merit:             3.911291e+01 ± 3.637199e-02
Avg Inf Time:  0.0002s
==================================================
✓ Model saved: results/nonsmooth_nonconvex/socp/SOCPProblem-100-50-50-10000/20260115-150727_MLP_sup_pen_seed0_nepochs1000_lr0.0001_trainsize7000_subopt_3_1.5/model_90.pt
Epoch 92/1000, Loss: 67.5260, Obj: 20.8315, Eq Viol (l1): 4.329168, Ineq Viol (l1): 0.239947, Epoch time: 0.19s
Epoch 93/1000, Loss: 67.4019, Obj: 20.7562, Eq Viol (l1): 4.339323, Ineq Viol (l1): 0.271490, Epoch time: 0.19s
Epoch 94/1000, Loss: 66.7538, Obj: 20.5644, Eq Viol (l1): 4.281864, Ineq Viol (l1): 0.254250, Epoch time: 0.19s
Epoch 95/1000, Loss: 66.7795, Obj: 20.6871, Eq Viol (l1): 4.245470, Ineq Viol (l1): 0.236611, Epoch time: 0.19s
Epoch 96/1000, Loss: 66.7627, Obj: 20.6750, Eq Viol (l1): 4.245709, Ineq Viol (l1): 0.261483, Epoch time: 0.19s
Epoch 97/1000, Loss: 66.6955, Obj: 20.7892, Eq Viol (l1): 4.242860, Ineq Viol (l1): 0.230917, Epoch time: 0.19s
Epoch 98/1000, Loss: 66.6546, Obj: 20.7855, Eq Viol (l1): 4.223907, Ineq Viol (l1): 0.244258, Epoch time: 0.19s
Epoch 99/1000, Loss: 66.5673, Obj: 20.7929, Eq Viol (l1): 4.216155, Ineq Viol (l1): 0.247487, Epoch time: 0.19s
Epoch 100/1000, Loss: 66.4914, Obj: 20.8334, Eq Viol (l1): 4.208683, Ineq Viol (l1): 0.241593, Epoch time: 0.19s
Epoch 101/1000, Loss: 66.4967, Obj: 20.8743, Eq Viol (l1): 4.203412, Ineq Viol (l1): 0.259452, Epoch time: 0.19s

Running validation at epoch 100...

VALIDATION_EPOCH_100 EVALUATION RESULTS:
==================================================
Obj:     2.122121e+01
Opt Gap:      3.728846e+01 ± 1.201995e+01
Eq Vio l1:   1.863391e+00 (max: 2.835773e+00)
Ineq Vio l1: 2.920356e-02 (max: 7.473290e-01)
Sol Dis:   1.952018e+02 ± 2.740279e-01
Merit:             4.014715e+01 ± 5.378718e-02
Avg Inf Time:  0.0002s
==================================================
✓ Model saved: results/nonsmooth_nonconvex/socp/SOCPProblem-100-50-50-10000/20260115-150727_MLP_sup_pen_seed0_nepochs1000_lr0.0001_trainsize7000_subopt_3_1.5/model_100.pt
Epoch 102/1000, Loss: 66.7442, Obj: 20.8934, Eq Viol (l1): 4.257180, Ineq Viol (l1): 0.281737, Epoch time: 0.19s
Epoch 103/1000, Loss: 66.2754, Obj: 20.8150, Eq Viol (l1): 4.174140, Ineq Viol (l1): 0.266764, Epoch time: 0.19s
Epoch 104/1000, Loss: 65.9899, Obj: 20.7822, Eq Viol (l1): 4.149185, Ineq Viol (l1): 0.261118, Epoch time: 0.19s
Epoch 105/1000, Loss: 66.0509, Obj: 20.8916, Eq Viol (l1): 4.145304, Ineq Viol (l1): 0.256867, Epoch time: 0.19s
Epoch 106/1000, Loss: 65.9866, Obj: 20.9336, Eq Viol (l1): 4.137299, Ineq Viol (l1): 0.245414, Epoch time: 0.19s
Epoch 107/1000, Loss: 65.8863, Obj: 20.9547, Eq Viol (l1): 4.134261, Ineq Viol (l1): 0.249349, Epoch time: 0.29s
Epoch 108/1000, Loss: 65.7716, Obj: 20.9570, Eq Viol (l1): 4.121721, Ineq Viol (l1): 0.249463, Epoch time: 0.19s
Epoch 109/1000, Loss: 65.6161, Obj: 21.0091, Eq Viol (l1): 4.092125, Ineq Viol (l1): 0.253071, Epoch time: 0.19s
Epoch 110/1000, Loss: 65.5684, Obj: 21.0395, Eq Viol (l1): 4.089211, Ineq Viol (l1): 0.264003, Epoch time: 0.19s
Epoch 111/1000, Loss: 65.6860, Obj: 21.2438, Eq Viol (l1): 4.113918, Ineq Viol (l1): 0.235531, Epoch time: 0.19s

Running validation at epoch 110...

VALIDATION_EPOCH_110 EVALUATION RESULTS:
==================================================
Obj:     2.071674e+01
Opt Gap:      3.677257e+01 ± 1.192523e+01
Eq Vio l1:   1.618680e+00 (max: 2.554042e+00)
Ineq Vio l1: 1.839019e-01 (max: 3.780634e+00)
Sol Dis:   1.911385e+02 ± 3.132504e-01
Merit:             3.874255e+01 ± 2.767157e-02
Avg Inf Time:  0.0002s
==================================================
✓ Model saved: results/nonsmooth_nonconvex/socp/SOCPProblem-100-50-50-10000/20260115-150727_MLP_sup_pen_seed0_nepochs1000_lr0.0001_trainsize7000_subopt_3_1.5/model_110.pt
Epoch 112/1000, Loss: 65.6585, Obj: 21.1833, Eq Viol (l1): 4.092665, Ineq Viol (l1): 0.287130, Epoch time: 0.19s
Epoch 113/1000, Loss: 65.1502, Obj: 21.1743, Eq Viol (l1): 4.051944, Ineq Viol (l1): 0.256284, Epoch time: 0.19s
Epoch 114/1000, Loss: 65.2590, Obj: 21.3675, Eq Viol (l1): 4.061509, Ineq Viol (l1): 0.245328, Epoch time: 0.19s
Epoch 115/1000, Loss: 65.2442, Obj: 21.4806, Eq Viol (l1): 4.062440, Ineq Viol (l1): 0.255130, Epoch time: 0.19s
Epoch 116/1000, Loss: 65.2081, Obj: 21.5685, Eq Viol (l1): 4.046968, Ineq Viol (l1): 0.270760, Epoch time: 0.19s
Epoch 117/1000, Loss: 65.0737, Obj: 21.7011, Eq Viol (l1): 4.048281, Ineq Viol (l1): 0.264204, Epoch time: 0.19s
Epoch 118/1000, Loss: 64.9698, Obj: 21.8000, Eq Viol (l1): 4.038186, Ineq Viol (l1): 0.281082, Epoch time: 0.19s
Epoch 119/1000, Loss: 65.0478, Obj: 22.0641, Eq Viol (l1): 4.045452, Ineq Viol (l1): 0.278828, Epoch time: 0.19s
Epoch 120/1000, Loss: 64.7104, Obj: 22.0883, Eq Viol (l1): 4.050061, Ineq Viol (l1): 0.266722, Epoch time: 0.19s
Epoch 121/1000, Loss: 64.3749, Obj: 22.1457, Eq Viol (l1): 4.056211, Ineq Viol (l1): 0.270256, Epoch time: 0.19s

Running validation at epoch 120...

VALIDATION_EPOCH_120 EVALUATION RESULTS:
==================================================
Obj:     2.212190e+01
Opt Gap:      3.907988e+01 ± 1.273540e+01
Eq Vio l1:   1.763448e+00 (max: 2.937988e+00)
Ineq Vio l1: 6.501236e-02 (max: 2.689811e+00)
Sol Dis:   1.905211e+02 ± 1.898071e-01
Merit:             4.040651e+01 ± 2.051789e-02
Avg Inf Time:  0.0002s
==================================================
✓ Model saved: results/nonsmooth_nonconvex/socp/SOCPProblem-100-50-50-10000/20260115-150727_MLP_sup_pen_seed0_nepochs1000_lr0.0001_trainsize7000_subopt_3_1.5/model_120.pt
Epoch 122/1000, Loss: 64.0142, Obj: 22.2571, Eq Viol (l1): 4.039081, Ineq Viol (l1): 0.273936, Epoch time: 0.19s
Epoch 123/1000, Loss: 63.8023, Obj: 22.4461, Eq Viol (l1): 4.048491, Ineq Viol (l1): 0.275037, Epoch time: 0.19s
Epoch 124/1000, Loss: 63.7278, Obj: 22.6523, Eq Viol (l1): 4.078688, Ineq Viol (l1): 0.276325, Epoch time: 0.19s
Epoch 125/1000, Loss: 63.1135, Obj: 22.7531, Eq Viol (l1): 4.055577, Ineq Viol (l1): 0.275425, Epoch time: 0.19s
Epoch 126/1000, Loss: 62.8774, Obj: 22.9170, Eq Viol (l1): 4.069041, Ineq Viol (l1): 0.276673, Epoch time: 0.19s
Epoch 127/1000, Loss: 62.7299, Obj: 23.1577, Eq Viol (l1): 4.114488, Ineq Viol (l1): 0.276964, Epoch time: 0.19s
Epoch 128/1000, Loss: 62.2965, Obj: 23.2102, Eq Viol (l1): 4.100955, Ineq Viol (l1): 0.274083, Epoch time: 0.19s
Epoch 129/1000, Loss: 61.9170, Obj: 23.3716, Eq Viol (l1): 4.073918, Ineq Viol (l1): 0.263625, Epoch time: 0.19s
Epoch 130/1000, Loss: 61.7785, Obj: 23.5537, Eq Viol (l1): 4.081375, Ineq Viol (l1): 0.259543, Epoch time: 0.19s
Epoch 131/1000, Loss: 61.5975, Obj: 23.6886, Eq Viol (l1): 4.086482, Ineq Viol (l1): 0.264827, Epoch time: 0.19s

Running validation at epoch 130...

VALIDATION_EPOCH_130 EVALUATION RESULTS:
==================================================
Obj:     2.356558e+01
Opt Gap:      4.161831e+01 ± 1.373958e+01
Eq Vio l1:   1.756575e+00 (max: 3.065127e+00)
Ineq Vio l1: 7.392041e-02 (max: 1.719068e+00)
Sol Dis:   1.851944e+02 ± 5.246833e-02
Merit:             4.187054e+01 ± 2.435668e-02
Avg Inf Time:  0.0002s
==================================================
✓ Model saved: results/nonsmooth_nonconvex/socp/SOCPProblem-100-50-50-10000/20260115-150727_MLP_sup_pen_seed0_nepochs1000_lr0.0001_trainsize7000_subopt_3_1.5/model_130.pt
Epoch 132/1000, Loss: 61.0534, Obj: 23.6443, Eq Viol (l1): 4.059756, Ineq Viol (l1): 0.267197, Epoch time: 0.19s
Epoch 133/1000, Loss: 60.8852, Obj: 23.7378, Eq Viol (l1): 4.032947, Ineq Viol (l1): 0.263802, Epoch time: 0.19s
Epoch 134/1000, Loss: 60.7540, Obj: 23.8506, Eq Viol (l1): 4.030387, Ineq Viol (l1): 0.253587, Epoch time: 0.19s
Epoch 135/1000, Loss: 60.4882, Obj: 23.8830, Eq Viol (l1): 4.021684, Ineq Viol (l1): 0.257043, Epoch time: 0.19s
Epoch 136/1000, Loss: 60.4432, Obj: 23.9397, Eq Viol (l1): 4.003001, Ineq Viol (l1): 0.267759, Epoch time: 0.19s
Epoch 137/1000, Loss: 60.3351, Obj: 24.0547, Eq Viol (l1): 3.992283, Ineq Viol (l1): 0.261350, Epoch time: 0.19s
Epoch 138/1000, Loss: 60.3130, Obj: 24.1297, Eq Viol (l1): 3.995389, Ineq Viol (l1): 0.262429, Epoch time: 0.19s
Epoch 139/1000, Loss: 60.1218, Obj: 24.1759, Eq Viol (l1): 3.985040, Ineq Viol (l1): 0.245403, Epoch time: 0.19s
Epoch 140/1000, Loss: 59.9801, Obj: 24.1414, Eq Viol (l1): 3.974129, Ineq Viol (l1): 0.260640, Epoch time: 0.19s
Epoch 141/1000, Loss: 59.8615, Obj: 24.1725, Eq Viol (l1): 3.955077, Ineq Viol (l1): 0.275232, Epoch time: 0.19s

Running validation at epoch 140...

VALIDATION_EPOCH_140 EVALUATION RESULTS:
==================================================
Obj:     2.455036e+01
Opt Gap:      4.330103e+01 ± 1.416378e+01
Eq Vio l1:   1.778206e+00 (max: 3.031796e+00)
Ineq Vio l1: 4.065728e-02 (max: 1.735457e+00)
Sol Dis:   1.853364e+02 ± 2.252076e-01
Merit:             4.273900e+01 ± 6.809762e-02
Avg Inf Time:  0.0003s
==================================================
✓ Model saved: results/nonsmooth_nonconvex/socp/SOCPProblem-100-50-50-10000/20260115-150727_MLP_sup_pen_seed0_nepochs1000_lr0.0001_trainsize7000_subopt_3_1.5/model_140.pt
Epoch 142/1000, Loss: 59.7453, Obj: 24.1828, Eq Viol (l1): 3.951966, Ineq Viol (l1): 0.261195, Epoch time: 0.19s
Epoch 143/1000, Loss: 59.6653, Obj: 24.1968, Eq Viol (l1): 3.936508, Ineq Viol (l1): 0.273026, Epoch time: 0.19s
Epoch 144/1000, Loss: 59.5160, Obj: 24.1986, Eq Viol (l1): 3.923316, Ineq Viol (l1): 0.268192, Epoch time: 0.19s
Epoch 145/1000, Loss: 59.3719, Obj: 24.1954, Eq Viol (l1): 3.922775, Ineq Viol (l1): 0.259049, Epoch time: 0.19s
Epoch 146/1000, Loss: 59.2708, Obj: 24.2206, Eq Viol (l1): 3.882619, Ineq Viol (l1): 0.254770, Epoch time: 0.19s
Epoch 147/1000, Loss: 59.2717, Obj: 24.3173, Eq Viol (l1): 3.882646, Ineq Viol (l1): 0.253970, Epoch time: 0.19s
Epoch 148/1000, Loss: 59.3473, Obj: 24.3858, Eq Viol (l1): 3.890403, Ineq Viol (l1): 0.265765, Epoch time: 0.19s
Epoch 149/1000, Loss: 59.2336, Obj: 24.3982, Eq Viol (l1): 3.889490, Ineq Viol (l1): 0.261537, Epoch time: 0.19s
Epoch 150/1000, Loss: 58.9139, Obj: 24.3177, Eq Viol (l1): 3.870955, Ineq Viol (l1): 0.245744, Epoch time: 0.19s
Epoch 151/1000, Loss: 58.9454, Obj: 24.3232, Eq Viol (l1): 3.832493, Ineq Viol (l1): 0.271377, Epoch time: 0.19s

Running validation at epoch 150...

VALIDATION_EPOCH_150 EVALUATION RESULTS:
==================================================
Obj:     2.470176e+01
Opt Gap:      4.349269e+01 ± 1.416086e+01
Eq Vio l1:   1.757665e+00 (max: 3.037337e+00)
Ineq Vio l1: 3.836693e-02 (max: 9.108578e-01)
Sol Dis:   1.845478e+02 ± 1.274059e-01
Merit:             4.266209e+01 ± 6.987726e-04
Avg Inf Time:  0.0002s
==================================================
✓ Model saved: results/nonsmooth_nonconvex/socp/SOCPProblem-100-50-50-10000/20260115-150727_MLP_sup_pen_seed0_nepochs1000_lr0.0001_trainsize7000_subopt_3_1.5/model_150.pt
Epoch 152/1000, Loss: 58.8288, Obj: 24.3880, Eq Viol (l1): 3.844198, Ineq Viol (l1): 0.247778, Epoch time: 0.19s
Epoch 153/1000, Loss: 58.6898, Obj: 24.3692, Eq Viol (l1): 3.829800, Ineq Viol (l1): 0.254580, Epoch time: 0.19s
Epoch 154/1000, Loss: 58.6312, Obj: 24.4181, Eq Viol (l1): 3.829757, Ineq Viol (l1): 0.251049, Epoch time: 0.19s
Epoch 155/1000, Loss: 58.7211, Obj: 24.4651, Eq Viol (l1): 3.812458, Ineq Viol (l1): 0.259899, Epoch time: 0.19s
Epoch 156/1000, Loss: 58.6557, Obj: 24.5350, Eq Viol (l1): 3.809074, Ineq Viol (l1): 0.241874, Epoch time: 0.19s
Epoch 157/1000, Loss: 58.7009, Obj: 24.5041, Eq Viol (l1): 3.820406, Ineq Viol (l1): 0.278292, Epoch time: 0.19s
Epoch 158/1000, Loss: 58.2893, Obj: 24.4437, Eq Viol (l1): 3.784821, Ineq Viol (l1): 0.249879, Epoch time: 0.19s
Epoch 159/1000, Loss: 58.5622, Obj: 24.5560, Eq Viol (l1): 3.793129, Ineq Viol (l1): 0.269082, Epoch time: 0.19s
Epoch 160/1000, Loss: 58.4028, Obj: 24.5155, Eq Viol (l1): 3.769481, Ineq Viol (l1): 0.261119, Epoch time: 0.19s
Epoch 161/1000, Loss: 58.3814, Obj: 24.5353, Eq Viol (l1): 3.780802, Ineq Viol (l1): 0.269350, Epoch time: 0.19s

Running validation at epoch 160...

VALIDATION_EPOCH_160 EVALUATION RESULTS:
==================================================
Obj:     2.486476e+01
Opt Gap:      4.383724e+01 ± 1.432122e+01
Eq Vio l1:   1.700487e+00 (max: 3.058194e+00)
Ineq Vio l1: 4.199094e-02 (max: 1.052997e+00)
Sol Dis:   1.842968e+02 ± 1.116256e-01
Merit:             4.228954e+01 ± 2.291510e-02
Avg Inf Time:  0.0002s
==================================================
✓ Model saved: results/nonsmooth_nonconvex/socp/SOCPProblem-100-50-50-10000/20260115-150727_MLP_sup_pen_seed0_nepochs1000_lr0.0001_trainsize7000_subopt_3_1.5/model_160.pt
Epoch 162/1000, Loss: 58.2357, Obj: 24.4908, Eq Viol (l1): 3.761464, Ineq Viol (l1): 0.270088, Epoch time: 0.19s
Epoch 163/1000, Loss: 58.3582, Obj: 24.5720, Eq Viol (l1): 3.751023, Ineq Viol (l1): 0.270346, Epoch time: 0.19s
Epoch 164/1000, Loss: 58.2546, Obj: 24.6282, Eq Viol (l1): 3.761130, Ineq Viol (l1): 0.245107, Epoch time: 0.19s
Epoch 165/1000, Loss: 58.0865, Obj: 24.5472, Eq Viol (l1): 3.736737, Ineq Viol (l1): 0.262808, Epoch time: 0.19s
Epoch 166/1000, Loss: 58.0241, Obj: 24.5272, Eq Viol (l1): 3.720406, Ineq Viol (l1): 0.261896, Epoch time: 0.19s
Epoch 167/1000, Loss: 57.8727, Obj: 24.5177, Eq Viol (l1): 3.712439, Ineq Viol (l1): 0.257577, Epoch time: 0.19s
Epoch 168/1000, Loss: 58.0871, Obj: 24.6542, Eq Viol (l1): 3.732148, Ineq Viol (l1): 0.261140, Epoch time: 0.19s
Epoch 169/1000, Loss: 57.8759, Obj: 24.6224, Eq Viol (l1): 3.700423, Ineq Viol (l1): 0.253475, Epoch time: 0.19s
Epoch 170/1000, Loss: 58.0600, Obj: 24.6328, Eq Viol (l1): 3.718121, Ineq Viol (l1): 0.279437, Epoch time: 0.19s
Epoch 171/1000, Loss: 57.7957, Obj: 24.6364, Eq Viol (l1): 3.730096, Ineq Viol (l1): 0.247091, Epoch time: 0.19s

Running validation at epoch 170...

VALIDATION_EPOCH_170 EVALUATION RESULTS:
==================================================
Obj:     2.454128e+01
Opt Gap:      4.315929e+01 ± 1.399681e+01
Eq Vio l1:   1.605632e+00 (max: 2.792447e+00)
Ineq Vio l1: 8.244180e-02 (max: 1.499347e+00)
Sol Dis:   1.825003e+02 ± 1.012556e-01
Merit:             4.142202e+01 ± 1.112843e-01
Avg Inf Time:  0.0002s
==================================================
✓ Model saved: results/nonsmooth_nonconvex/socp/SOCPProblem-100-50-50-10000/20260115-150727_MLP_sup_pen_seed0_nepochs1000_lr0.0001_trainsize7000_subopt_3_1.5/model_170.pt
Epoch 172/1000, Loss: 57.7754, Obj: 24.5642, Eq Viol (l1): 3.718837, Ineq Viol (l1): 0.273784, Epoch time: 0.19s
Epoch 173/1000, Loss: 57.6372, Obj: 24.5694, Eq Viol (l1): 3.668740, Ineq Viol (l1): 0.267881, Epoch time: 0.19s
Epoch 174/1000, Loss: 57.8702, Obj: 24.6510, Eq Viol (l1): 3.695886, Ineq Viol (l1): 0.278159, Epoch time: 0.19s
Epoch 175/1000, Loss: 57.7925, Obj: 24.7086, Eq Viol (l1): 3.665378, Ineq Viol (l1): 0.265952, Epoch time: 0.19s
Epoch 176/1000, Loss: 57.6365, Obj: 24.6504, Eq Viol (l1): 3.674043, Ineq Viol (l1): 0.270261, Epoch time: 0.29s
Epoch 177/1000, Loss: 57.4560, Obj: 24.6177, Eq Viol (l1): 3.652667, Ineq Viol (l1): 0.258020, Epoch time: 0.19s
Epoch 178/1000, Loss: 57.3861, Obj: 24.6418, Eq Viol (l1): 3.647663, Ineq Viol (l1): 0.249812, Epoch time: 0.19s
Epoch 179/1000, Loss: 57.4397, Obj: 24.6207, Eq Viol (l1): 3.642500, Ineq Viol (l1): 0.284378, Epoch time: 0.19s
Epoch 180/1000, Loss: 57.5348, Obj: 24.7626, Eq Viol (l1): 3.642454, Ineq Viol (l1): 0.255306, Epoch time: 0.19s
Epoch 181/1000, Loss: 57.4538, Obj: 24.7211, Eq Viol (l1): 3.632803, Ineq Viol (l1): 0.271552, Epoch time: 0.19s

Running validation at epoch 180...

VALIDATION_EPOCH_180 EVALUATION RESULTS:
==================================================
Obj:     2.480838e+01
Opt Gap:      4.347733e+01 ± 1.402225e+01
Eq Vio l1:   1.625102e+00 (max: 2.847589e+00)
Ineq Vio l1: 5.828993e-02 (max: 1.775790e+00)
Sol Dis:   1.828283e+02 ± 5.212483e-02
Merit:             4.164230e+01 ± 5.019295e-02
Avg Inf Time:  0.0002s
==================================================
✓ Model saved: results/nonsmooth_nonconvex/socp/SOCPProblem-100-50-50-10000/20260115-150727_MLP_sup_pen_seed0_nepochs1000_lr0.0001_trainsize7000_subopt_3_1.5/model_180.pt
Epoch 182/1000, Loss: 57.4094, Obj: 24.7511, Eq Viol (l1): 3.641837, Ineq Viol (l1): 0.260251, Epoch time: 0.19s
Epoch 183/1000, Loss: 57.4691, Obj: 24.7365, Eq Viol (l1): 3.637419, Ineq Viol (l1): 0.289620, Epoch time: 0.19s
Epoch 184/1000, Loss: 57.3106, Obj: 24.7270, Eq Viol (l1): 3.648169, Ineq Viol (l1): 0.252121, Epoch time: 0.19s
Epoch 185/1000, Loss: 57.2620, Obj: 24.7148, Eq Viol (l1): 3.619979, Ineq Viol (l1): 0.267919, Epoch time: 0.19s
Epoch 186/1000, Loss: 57.2378, Obj: 24.7423, Eq Viol (l1): 3.608167, Ineq Viol (l1): 0.264591, Epoch time: 0.19s
Epoch 187/1000, Loss: 57.2765, Obj: 24.8569, Eq Viol (l1): 3.615800, Ineq Viol (l1): 0.258806, Epoch time: 0.19s
Epoch 188/1000, Loss: 57.2094, Obj: 24.8030, Eq Viol (l1): 3.594157, Ineq Viol (l1): 0.278278, Epoch time: 0.19s
Epoch 189/1000, Loss: 57.2421, Obj: 24.8193, Eq Viol (l1): 3.646318, Ineq Viol (l1): 0.253793, Epoch time: 0.19s
Epoch 190/1000, Loss: 57.1737, Obj: 24.7404, Eq Viol (l1): 3.606403, Ineq Viol (l1): 0.287638, Epoch time: 0.19s
Epoch 191/1000, Loss: 57.0837, Obj: 24.7455, Eq Viol (l1): 3.577800, Ineq Viol (l1): 0.284198, Epoch time: 0.19s

Running validation at epoch 190...

VALIDATION_EPOCH_190 EVALUATION RESULTS:
==================================================
Obj:     2.514380e+01
Opt Gap:      4.424585e+01 ± 1.441576e+01
Eq Vio l1:   1.674152e+00 (max: 2.844366e+00)
Ineq Vio l1: 5.175838e-02 (max: 1.334510e+00)
Sol Dis:   1.834898e+02 ± 2.318000e-02
Merit:             4.240290e+01 ± 5.140387e-02
Avg Inf Time:  0.0002s
==================================================
✓ Model saved: results/nonsmooth_nonconvex/socp/SOCPProblem-100-50-50-10000/20260115-150727_MLP_sup_pen_seed0_nepochs1000_lr0.0001_trainsize7000_subopt_3_1.5/model_190.pt
Epoch 192/1000, Loss: 57.0855, Obj: 24.8007, Eq Viol (l1): 3.598937, Ineq Viol (l1): 0.272193, Epoch time: 0.19s
Epoch 193/1000, Loss: 57.1254, Obj: 24.8267, Eq Viol (l1): 3.585641, Ineq Viol (l1): 0.284616, Epoch time: 0.19s
Epoch 194/1000, Loss: 56.8633, Obj: 24.7938, Eq Viol (l1): 3.570050, Ineq Viol (l1): 0.262519, Epoch time: 0.19s
Epoch 195/1000, Loss: 56.9033, Obj: 24.7754, Eq Viol (l1): 3.564255, Ineq Viol (l1): 0.286376, Epoch time: 0.19s
Epoch 196/1000, Loss: 56.8006, Obj: 24.7677, Eq Viol (l1): 3.558329, Ineq Viol (l1): 0.281647, Epoch time: 0.19s
Epoch 197/1000, Loss: 57.2533, Obj: 24.9798, Eq Viol (l1): 3.615698, Ineq Viol (l1): 0.284435, Epoch time: 0.19s
Epoch 198/1000, Loss: 56.9385, Obj: 24.8270, Eq Viol (l1): 3.606812, Ineq Viol (l1): 0.272339, Epoch time: 0.19s
Epoch 199/1000, Loss: 56.4733, Obj: 24.7438, Eq Viol (l1): 3.517403, Ineq Viol (l1): 0.272679, Epoch time: 0.19s
Epoch 200/1000, Loss: 56.8221, Obj: 24.8709, Eq Viol (l1): 3.550908, Ineq Viol (l1): 0.276949, Epoch time: 0.19s
Epoch 201/1000, Loss: 56.9166, Obj: 24.9670, Eq Viol (l1): 3.564405, Ineq Viol (l1): 0.267459, Epoch time: 0.19s

Running validation at epoch 200...

VALIDATION_EPOCH_200 EVALUATION RESULTS:
==================================================
Obj:     2.492778e+01
Opt Gap:      4.352411e+01 ± 1.394236e+01
Eq Vio l1:   1.512809e+00 (max: 2.472640e+00)
Ineq Vio l1: 8.721947e-02 (max: 2.044062e+00)
Sol Dis:   1.820532e+02 ± 3.860899e-02
Merit:             4.092806e+01 ± 3.876224e-02
Avg Inf Time:  0.0002s
==================================================
✓ Model saved: results/nonsmooth_nonconvex/socp/SOCPProblem-100-50-50-10000/20260115-150727_MLP_sup_pen_seed0_nepochs1000_lr0.0001_trainsize7000_subopt_3_1.5/model_200.pt
Epoch 202/1000, Loss: 56.7989, Obj: 24.9632, Eq Viol (l1): 3.561592, Ineq Viol (l1): 0.270657, Epoch time: 0.19s
Epoch 203/1000, Loss: 56.8858, Obj: 24.9321, Eq Viol (l1): 3.572965, Ineq Viol (l1): 0.307695, Epoch time: 0.19s
Epoch 204/1000, Loss: 56.5386, Obj: 24.8904, Eq Viol (l1): 3.551310, Ineq Viol (l1): 0.268719, Epoch time: 0.19s
Epoch 205/1000, Loss: 56.4671, Obj: 24.8172, Eq Viol (l1): 3.518744, Ineq Viol (l1): 0.300101, Epoch time: 0.19s
Epoch 206/1000, Loss: 56.7506, Obj: 24.9985, Eq Viol (l1): 3.564573, Ineq Viol (l1): 0.279121, Epoch time: 0.19s
Epoch 207/1000, Loss: 56.2981, Obj: 24.8665, Eq Viol (l1): 3.522314, Ineq Viol (l1): 0.286168, Epoch time: 0.19s
Epoch 208/1000, Loss: 56.3676, Obj: 24.9115, Eq Viol (l1): 3.523792, Ineq Viol (l1): 0.287224, Epoch time: 0.19s
Epoch 209/1000, Loss: 56.4711, Obj: 25.0005, Eq Viol (l1): 3.549812, Ineq Viol (l1): 0.275882, Epoch time: 0.19s
Epoch 210/1000, Loss: 56.2469, Obj: 24.9653, Eq Viol (l1): 3.521883, Ineq Viol (l1): 0.276607, Epoch time: 0.19s
Epoch 211/1000, Loss: 56.2919, Obj: 24.9803, Eq Viol (l1): 3.519545, Ineq Viol (l1): 0.289784, Epoch time: 0.27s

Running validation at epoch 210...

VALIDATION_EPOCH_210 EVALUATION RESULTS:
==================================================
Obj:     2.503041e+01
Opt Gap:      4.401465e+01 ± 1.430247e+01
Eq Vio l1:   1.544985e+00 (max: 2.727987e+00)
Ineq Vio l1: 9.934746e-02 (max: 1.650172e+00)
Sol Dis:   1.814635e+02 ± 3.552810e-02
Merit:             4.147374e+01 ± 3.989155e-02
Avg Inf Time:  0.0002s
==================================================
✓ Model saved: results/nonsmooth_nonconvex/socp/SOCPProblem-100-50-50-10000/20260115-150727_MLP_sup_pen_seed0_nepochs1000_lr0.0001_trainsize7000_subopt_3_1.5/model_210.pt
Epoch 212/1000, Loss: 56.1489, Obj: 24.9591, Eq Viol (l1): 3.516058, Ineq Viol (l1): 0.287324, Epoch time: 0.19s
Epoch 213/1000, Loss: 56.2507, Obj: 25.0745, Eq Viol (l1): 3.523258, Ineq Viol (l1): 0.279081, Epoch time: 0.19s
Epoch 214/1000, Loss: 56.0603, Obj: 25.0530, Eq Viol (l1): 3.528307, Ineq Viol (l1): 0.279319, Epoch time: 0.19s
Epoch 215/1000, Loss: 55.9660, Obj: 25.0477, Eq Viol (l1): 3.524837, Ineq Viol (l1): 0.285416, Epoch time: 0.19s
Epoch 216/1000, Loss: 55.8921, Obj: 25.0919, Eq Viol (l1): 3.511037, Ineq Viol (l1): 0.285214, Epoch time: 0.19s
Epoch 217/1000, Loss: 56.1521, Obj: 25.2378, Eq Viol (l1): 3.561954, Ineq Viol (l1): 0.292950, Epoch time: 0.19s
Epoch 218/1000, Loss: 55.7819, Obj: 25.1486, Eq Viol (l1): 3.546849, Ineq Viol (l1): 0.280429, Epoch time: 0.19s
Epoch 219/1000, Loss: 55.8223, Obj: 25.1835, Eq Viol (l1): 3.547216, Ineq Viol (l1): 0.306368, Epoch time: 0.19s
Epoch 220/1000, Loss: 55.5276, Obj: 25.1765, Eq Viol (l1): 3.507442, Ineq Viol (l1): 0.286835, Epoch time: 0.19s
Epoch 221/1000, Loss: 55.6293, Obj: 25.2200, Eq Viol (l1): 3.527015, Ineq Viol (l1): 0.295349, Epoch time: 0.19s

Running validation at epoch 220...

VALIDATION_EPOCH_220 EVALUATION RESULTS:
==================================================
Obj:     2.508281e+01
Opt Gap:      4.373004e+01 ± 1.391718e+01
Eq Vio l1:   1.489825e+00 (max: 2.479910e+00)
Ineq Vio l1: 1.454752e-01 (max: 3.185504e+00)
Sol Dis:   1.800846e+02 ± 2.696786e-01
Merit:             4.143582e+01 ± 6.436805e-02
Avg Inf Time:  0.0002s
==================================================
✓ Model saved: results/nonsmooth_nonconvex/socp/SOCPProblem-100-50-50-10000/20260115-150727_MLP_sup_pen_seed0_nepochs1000_lr0.0001_trainsize7000_subopt_3_1.5/model_220.pt
Epoch 222/1000, Loss: 55.4160, Obj: 25.2202, Eq Viol (l1): 3.512056, Ineq Viol (l1): 0.296920, Epoch time: 0.19s
Epoch 223/1000, Loss: 55.5125, Obj: 25.3057, Eq Viol (l1): 3.542250, Ineq Viol (l1): 0.284149, Epoch time: 0.19s
Epoch 224/1000, Loss: 55.3688, Obj: 25.2836, Eq Viol (l1): 3.512138, Ineq Viol (l1): 0.300311, Epoch time: 0.19s
Epoch 225/1000, Loss: 55.4335, Obj: 25.3689, Eq Viol (l1): 3.514606, Ineq Viol (l1): 0.295071, Epoch time: 0.19s
Epoch 226/1000, Loss: 55.1653, Obj: 25.3683, Eq Viol (l1): 3.521554, Ineq Viol (l1): 0.284592, Epoch time: 0.19s
Epoch 227/1000, Loss: 55.2224, Obj: 25.4205, Eq Viol (l1): 3.531336, Ineq Viol (l1): 0.294347, Epoch time: 0.19s
Epoch 228/1000, Loss: 55.1052, Obj: 25.4731, Eq Viol (l1): 3.521239, Ineq Viol (l1): 0.285576, Epoch time: 0.19s
Epoch 229/1000, Loss: 55.2859, Obj: 25.5476, Eq Viol (l1): 3.546828, Ineq Viol (l1): 0.284442, Epoch time: 0.19s
Epoch 230/1000, Loss: 54.9733, Obj: 25.5140, Eq Viol (l1): 3.503957, Ineq Viol (l1): 0.279292, Epoch time: 0.19s
Epoch 231/1000, Loss: 54.7851, Obj: 25.4279, Eq Viol (l1): 3.512289, Ineq Viol (l1): 0.302967, Epoch time: 0.19s

Running validation at epoch 230...

VALIDATION_EPOCH_230 EVALUATION RESULTS:
==================================================
Obj:     2.602495e+01
Opt Gap:      4.522728e+01 ± 1.446306e+01
Eq Vio l1:   1.731209e+00 (max: 3.538250e+00)
Ineq Vio l1: 8.402278e-02 (max: 3.092955e+00)
Sol Dis:   1.819180e+02 ± 3.227286e-01
Merit:             4.417727e+01 ± 1.014429e-01
Avg Inf Time:  0.0002s
==================================================
✓ Model saved: results/nonsmooth_nonconvex/socp/SOCPProblem-100-50-50-10000/20260115-150727_MLP_sup_pen_seed0_nepochs1000_lr0.0001_trainsize7000_subopt_3_1.5/model_230.pt
Epoch 232/1000, Loss: 54.9484, Obj: 25.6014, Eq Viol (l1): 3.546053, Ineq Viol (l1): 0.268077, Epoch time: 0.19s
Epoch 233/1000, Loss: 54.7624, Obj: 25.5798, Eq Viol (l1): 3.510436, Ineq Viol (l1): 0.282281, Epoch time: 0.19s
Epoch 234/1000, Loss: 54.7669, Obj: 25.5902, Eq Viol (l1): 3.517377, Ineq Viol (l1): 0.281190, Epoch time: 0.19s
Epoch 235/1000, Loss: 54.7846, Obj: 25.6160, Eq Viol (l1): 3.534253, Ineq Viol (l1): 0.284356, Epoch time: 0.19s
Epoch 236/1000, Loss: 54.5718, Obj: 25.5304, Eq Viol (l1): 3.521598, Ineq Viol (l1): 0.295637, Epoch time: 0.19s
Epoch 237/1000, Loss: 54.4106, Obj: 25.5644, Eq Viol (l1): 3.499749, Ineq Viol (l1): 0.264620, Epoch time: 0.19s
Epoch 238/1000, Loss: 54.4533, Obj: 25.6141, Eq Viol (l1): 3.482674, Ineq Viol (l1): 0.272992, Epoch time: 0.19s
Epoch 239/1000, Loss: 54.4743, Obj: 25.6426, Eq Viol (l1): 3.495142, Ineq Viol (l1): 0.275809, Epoch time: 0.19s
Epoch 240/1000, Loss: 54.4187, Obj: 25.6463, Eq Viol (l1): 3.505674, Ineq Viol (l1): 0.285817, Epoch time: 0.19s
Epoch 241/1000, Loss: 54.3674, Obj: 25.6493, Eq Viol (l1): 3.486155, Ineq Viol (l1): 0.289339, Epoch time: 0.19s

Running validation at epoch 240...

VALIDATION_EPOCH_240 EVALUATION RESULTS:
==================================================
Obj:     2.590071e+01
Opt Gap:      4.490017e+01 ± 1.429266e+01
Eq Vio l1:   1.592048e+00 (max: 2.946721e+00)
Ineq Vio l1: 6.599354e-02 (max: 3.844395e+00)
Sol Dis:   1.813173e+02 ± 4.853919e-01
Merit:             4.248112e+01 ± 3.928081e-02
Avg Inf Time:  0.0002s
==================================================
✓ Model saved: results/nonsmooth_nonconvex/socp/SOCPProblem-100-50-50-10000/20260115-150727_MLP_sup_pen_seed0_nepochs1000_lr0.0001_trainsize7000_subopt_3_1.5/model_240.pt
Epoch 242/1000, Loss: 54.2675, Obj: 25.6752, Eq Viol (l1): 3.488025, Ineq Viol (l1): 0.268794, Epoch time: 0.19s
Epoch 243/1000, Loss: 54.2337, Obj: 25.6682, Eq Viol (l1): 3.473335, Ineq Viol (l1): 0.277503, Epoch time: 0.19s
Epoch 244/1000, Loss: 54.2690, Obj: 25.6298, Eq Viol (l1): 3.515551, Ineq Viol (l1): 0.288387, Epoch time: 0.19s
Epoch 245/1000, Loss: 53.9937, Obj: 25.5899, Eq Viol (l1): 3.470315, Ineq Viol (l1): 0.279906, Epoch time: 0.19s
Epoch 246/1000, Loss: 53.9428, Obj: 25.6150, Eq Viol (l1): 3.464541, Ineq Viol (l1): 0.265008, Epoch time: 0.19s
Epoch 247/1000, Loss: 53.9467, Obj: 25.6172, Eq Viol (l1): 3.474378, Ineq Viol (l1): 0.275125, Epoch time: 0.28s
Epoch 248/1000, Loss: 53.8681, Obj: 25.6349, Eq Viol (l1): 3.460471, Ineq Viol (l1): 0.268720, Epoch time: 0.19s
Epoch 249/1000, Loss: 53.7340, Obj: 25.5842, Eq Viol (l1): 3.477393, Ineq Viol (l1): 0.257419, Epoch time: 0.19s
Epoch 250/1000, Loss: 53.9762, Obj: 25.6005, Eq Viol (l1): 3.502481, Ineq Viol (l1): 0.289520, Epoch time: 0.19s
Epoch 251/1000, Loss: 53.6036, Obj: 25.5853, Eq Viol (l1): 3.441055, Ineq Viol (l1): 0.255725, Epoch time: 0.19s

Running validation at epoch 250...

VALIDATION_EPOCH_250 EVALUATION RESULTS:
==================================================
Obj:     2.576306e+01
Opt Gap:      4.472361e+01 ± 1.431564e+01
Eq Vio l1:   1.478399e+00 (max: 2.807758e+00)
Ineq Vio l1: 7.022178e-02 (max: 3.764226e+00)
Sol Dis:   1.811948e+02 ± 4.913826e-01
Merit:             4.124927e+01 ± 3.275344e-02
Avg Inf Time:  0.0002s
==================================================
✓ Model saved: results/nonsmooth_nonconvex/socp/SOCPProblem-100-50-50-10000/20260115-150727_MLP_sup_pen_seed0_nepochs1000_lr0.0001_trainsize7000_subopt_3_1.5/model_250.pt
Epoch 252/1000, Loss: 53.8485, Obj: 25.6540, Eq Viol (l1): 3.476050, Ineq Viol (l1): 0.269147, Epoch time: 0.19s
Epoch 253/1000, Loss: 53.5114, Obj: 25.5884, Eq Viol (l1): 3.449712, Ineq Viol (l1): 0.257308, Epoch time: 0.19s
Epoch 254/1000, Loss: 53.4921, Obj: 25.5439, Eq Viol (l1): 3.465256, Ineq Viol (l1): 0.266092, Epoch time: 0.19s
Epoch 255/1000, Loss: 53.2792, Obj: 25.5005, Eq Viol (l1): 3.434934, Ineq Viol (l1): 0.267081, Epoch time: 0.19s
Epoch 256/1000, Loss: 53.3931, Obj: 25.5477, Eq Viol (l1): 3.434749, Ineq Viol (l1): 0.268872, Epoch time: 0.19s
Epoch 257/1000, Loss: 53.4299, Obj: 25.5751, Eq Viol (l1): 3.462830, Ineq Viol (l1): 0.248929, Epoch time: 0.19s
Epoch 258/1000, Loss: 53.1513, Obj: 25.5044, Eq Viol (l1): 3.418592, Ineq Viol (l1): 0.256037, Epoch time: 0.19s
Epoch 259/1000, Loss: 53.2726, Obj: 25.5378, Eq Viol (l1): 3.455871, Ineq Viol (l1): 0.255093, Epoch time: 0.19s
Epoch 260/1000, Loss: 53.1736, Obj: 25.4818, Eq Viol (l1): 3.452174, Ineq Viol (l1): 0.264017, Epoch time: 0.19s
Epoch 261/1000, Loss: 52.9847, Obj: 25.4736, Eq Viol (l1): 3.405265, Ineq Viol (l1): 0.250586, Epoch time: 0.19s

Running validation at epoch 260...

VALIDATION_EPOCH_260 EVALUATION RESULTS:
==================================================
Obj:     2.532529e+01
Opt Gap:      4.410043e+01 ± 1.419067e+01
Eq Vio l1:   1.426122e+00 (max: 2.957160e+00)
Ineq Vio l1: 1.030067e-01 (max: 5.787530e+00)
Sol Dis:   1.803744e+02 ± 5.452323e-01
Merit:             4.061658e+01 ± 7.914579e-02
Avg Inf Time:  0.0002s
==================================================
✓ Model saved: results/nonsmooth_nonconvex/socp/SOCPProblem-100-50-50-10000/20260115-150727_MLP_sup_pen_seed0_nepochs1000_lr0.0001_trainsize7000_subopt_3_1.5/model_260.pt
Epoch 262/1000, Loss: 53.0498, Obj: 25.4244, Eq Viol (l1): 3.398895, Ineq Viol (l1): 0.280995, Epoch time: 0.19s
Epoch 263/1000, Loss: 53.0145, Obj: 25.4970, Eq Viol (l1): 3.424944, Ineq Viol (l1): 0.249010, Epoch time: 0.19s
Epoch 264/1000, Loss: 52.8509, Obj: 25.4297, Eq Viol (l1): 3.394471, Ineq Viol (l1): 0.258152, Epoch time: 0.19s
Epoch 265/1000, Loss: 52.8598, Obj: 25.4510, Eq Viol (l1): 3.398526, Ineq Viol (l1): 0.247240, Epoch time: 0.19s
Epoch 266/1000, Loss: 52.7892, Obj: 25.4311, Eq Viol (l1): 3.411093, Ineq Viol (l1): 0.262101, Epoch time: 0.19s
Epoch 267/1000, Loss: 52.7150, Obj: 25.3985, Eq Viol (l1): 3.396038, Ineq Viol (l1): 0.260466, Epoch time: 0.19s
Epoch 268/1000, Loss: 52.6037, Obj: 25.3979, Eq Viol (l1): 3.382222, Ineq Viol (l1): 0.247926, Epoch time: 0.19s
Epoch 269/1000, Loss: 52.6066, Obj: 25.3846, Eq Viol (l1): 3.381877, Ineq Viol (l1): 0.261897, Epoch time: 0.19s
Epoch 270/1000, Loss: 52.5873, Obj: 25.3843, Eq Viol (l1): 3.389989, Ineq Viol (l1): 0.253786, Epoch time: 0.19s
Epoch 271/1000, Loss: 52.5995, Obj: 25.3997, Eq Viol (l1): 3.380687, Ineq Viol (l1): 0.269079, Epoch time: 0.19s

Running validation at epoch 270...

VALIDATION_EPOCH_270 EVALUATION RESULTS:
==================================================
Obj:     2.537298e+01
Opt Gap:      4.431174e+01 ± 1.429654e+01
Eq Vio l1:   1.574898e+00 (max: 3.429562e+00)
Ineq Vio l1: 8.046011e-02 (max: 6.384657e+00)
Sol Dis:   1.811616e+02 ± 6.472871e-01
Merit:             4.192656e+01 ± 1.347496e-01
Avg Inf Time:  0.0002s
==================================================
✓ Model saved: results/nonsmooth_nonconvex/socp/SOCPProblem-100-50-50-10000/20260115-150727_MLP_sup_pen_seed0_nepochs1000_lr0.0001_trainsize7000_subopt_3_1.5/model_270.pt
Epoch 272/1000, Loss: 52.5925, Obj: 25.4425, Eq Viol (l1): 3.397558, Ineq Viol (l1): 0.235868, Epoch time: 0.19s
Epoch 273/1000, Loss: 52.3782, Obj: 25.3547, Eq Viol (l1): 3.348139, Ineq Viol (l1): 0.260297, Epoch time: 0.19s
Epoch 274/1000, Loss: 52.4473, Obj: 25.4203, Eq Viol (l1): 3.376259, Ineq Viol (l1): 0.246351, Epoch time: 0.19s
Epoch 275/1000, Loss: 52.3707, Obj: 25.3837, Eq Viol (l1): 3.366415, Ineq Viol (l1): 0.248862, Epoch time: 0.19s
Epoch 276/1000, Loss: 52.3165, Obj: 25.3492, Eq Viol (l1): 3.358115, Ineq Viol (l1): 0.252280, Epoch time: 0.19s
Epoch 277/1000, Loss: 52.3677, Obj: 25.3640, Eq Viol (l1): 3.389932, Ineq Viol (l1): 0.246917, Epoch time: 0.19s
Epoch 278/1000, Loss: 52.1438, Obj: 25.2970, Eq Viol (l1): 3.359090, Ineq Viol (l1): 0.251356, Epoch time: 0.19s
Epoch 279/1000, Loss: 52.0509, Obj: 25.2783, Eq Viol (l1): 3.332442, Ineq Viol (l1): 0.251882, Epoch time: 0.19s
Epoch 280/1000, Loss: 52.0189, Obj: 25.2441, Eq Viol (l1): 3.333034, Ineq Viol (l1): 0.253540, Epoch time: 0.19s
Epoch 281/1000, Loss: 52.0597, Obj: 25.2670, Eq Viol (l1): 3.355578, Ineq Viol (l1): 0.255395, Epoch time: 0.19s

Running validation at epoch 280...

VALIDATION_EPOCH_280 EVALUATION RESULTS:
==================================================
Obj:     2.546846e+01
Opt Gap:      4.443533e+01 ± 1.436381e+01
Eq Vio l1:   1.506635e+00 (max: 3.517601e+00)
Ineq Vio l1: 7.905531e-02 (max: 6.878733e+00)
Sol Dis:   1.821333e+02 ± 6.725167e-01
Merit:             4.132537e+01 ± 2.324170e-01
Avg Inf Time:  0.0003s
==================================================
✓ Model saved: results/nonsmooth_nonconvex/socp/SOCPProblem-100-50-50-10000/20260115-150727_MLP_sup_pen_seed0_nepochs1000_lr0.0001_trainsize7000_subopt_3_1.5/model_280.pt
Epoch 282/1000, Loss: 52.0761, Obj: 25.3024, Eq Viol (l1): 3.329725, Ineq Viol (l1): 0.254507, Epoch time: 0.19s
Epoch 283/1000, Loss: 52.1021, Obj: 25.3029, Eq Viol (l1): 3.347086, Ineq Viol (l1): 0.248279, Epoch time: 0.19s
Epoch 284/1000, Loss: 51.8660, Obj: 25.2670, Eq Viol (l1): 3.304944, Ineq Viol (l1): 0.248940, Epoch time: 0.19s
Epoch 285/1000, Loss: 51.8567, Obj: 25.2412, Eq Viol (l1): 3.307678, Ineq Viol (l1): 0.253921, Epoch time: 0.19s
Epoch 286/1000, Loss: 51.9684, Obj: 25.2978, Eq Viol (l1): 3.336272, Ineq Viol (l1): 0.247011, Epoch time: 0.19s
Epoch 287/1000, Loss: 51.8771, Obj: 25.2373, Eq Viol (l1): 3.325669, Ineq Viol (l1): 0.262796, Epoch time: 0.19s
Epoch 288/1000, Loss: 51.8710, Obj: 25.2782, Eq Viol (l1): 3.306877, Ineq Viol (l1): 0.249856, Epoch time: 0.19s
Epoch 289/1000, Loss: 51.8449, Obj: 25.2492, Eq Viol (l1): 3.312862, Ineq Viol (l1): 0.254333, Epoch time: 0.19s
Epoch 290/1000, Loss: 51.8184, Obj: 25.2595, Eq Viol (l1): 3.319560, Ineq Viol (l1): 0.255179, Epoch time: 0.19s
Epoch 291/1000, Loss: 51.6899, Obj: 25.2146, Eq Viol (l1): 3.308474, Ineq Viol (l1): 0.249776, Epoch time: 0.19s

Running validation at epoch 290...

VALIDATION_EPOCH_290 EVALUATION RESULTS:
==================================================
Obj:     2.508391e+01
Opt Gap:      4.391863e+01 ± 1.423072e+01
Eq Vio l1:   1.376593e+00 (max: 3.701490e+00)
Ineq Vio l1: 1.014318e-01 (max: 6.603616e+00)
Sol Dis:   1.809709e+02 ± 7.368755e-01
Merit:             3.986416e+01 ± 2.052762e-01
Avg Inf Time:  0.0002s
==================================================
✓ Model saved: results/nonsmooth_nonconvex/socp/SOCPProblem-100-50-50-10000/20260115-150727_MLP_sup_pen_seed0_nepochs1000_lr0.0001_trainsize7000_subopt_3_1.5/model_290.pt
Epoch 292/1000, Loss: 51.5227, Obj: 25.1570, Eq Viol (l1): 3.267635, Ineq Viol (l1): 0.253867, Epoch time: 0.19s
Epoch 293/1000, Loss: 51.7198, Obj: 25.2476, Eq Viol (l1): 3.286883, Ineq Viol (l1): 0.246817, Epoch time: 0.19s
Epoch 294/1000, Loss: 51.6499, Obj: 25.2474, Eq Viol (l1): 3.287355, Ineq Viol (l1): 0.247236, Epoch time: 0.19s
Epoch 295/1000, Loss: 51.5969, Obj: 25.2061, Eq Viol (l1): 3.302479, Ineq Viol (l1): 0.257205, Epoch time: 0.19s
Epoch 296/1000, Loss: 51.7162, Obj: 25.2559, Eq Viol (l1): 3.325190, Ineq Viol (l1): 0.248993, Epoch time: 0.19s
Epoch 297/1000, Loss: 51.5363, Obj: 25.1739, Eq Viol (l1): 3.268377, Ineq Viol (l1): 0.260270, Epoch time: 0.19s
Epoch 298/1000, Loss: 51.3518, Obj: 25.1812, Eq Viol (l1): 3.264362, Ineq Viol (l1): 0.246336, Epoch time: 0.19s
Epoch 299/1000, Loss: 51.4356, Obj: 25.1668, Eq Viol (l1): 3.254219, Ineq Viol (l1): 0.253482, Epoch time: 0.19s
Epoch 300/1000, Loss: 51.4135, Obj: 25.1910, Eq Viol (l1): 3.265049, Ineq Viol (l1): 0.259087, Epoch time: 0.19s
Epoch 301/1000, Loss: 51.4824, Obj: 25.2115, Eq Viol (l1): 3.292038, Ineq Viol (l1): 0.248619, Epoch time: 0.19s

Running validation at epoch 300...

VALIDATION_EPOCH_300 EVALUATION RESULTS:
==================================================
Obj:     2.500595e+01
Opt Gap:      4.370764e+01 ± 1.407596e+01
Eq Vio l1:   1.458390e+00 (max: 3.693415e+00)
Ineq Vio l1: 1.286108e-01 (max: 7.681663e+00)
Sol Dis:   1.809231e+02 ± 8.807704e-01
Merit:             4.087596e+01 ± 2.634667e-01
Avg Inf Time:  0.0002s
==================================================
✓ Model saved: results/nonsmooth_nonconvex/socp/SOCPProblem-100-50-50-10000/20260115-150727_MLP_sup_pen_seed0_nepochs1000_lr0.0001_trainsize7000_subopt_3_1.5/model_300.pt
Epoch 302/1000, Loss: 51.2900, Obj: 25.1409, Eq Viol (l1): 3.242544, Ineq Viol (l1): 0.253292, Epoch time: 0.19s
Epoch 303/1000, Loss: 51.3226, Obj: 25.1693, Eq Viol (l1): 3.247103, Ineq Viol (l1): 0.249001, Epoch time: 0.19s
Epoch 304/1000, Loss: 51.3949, Obj: 25.2079, Eq Viol (l1): 3.250364, Ineq Viol (l1): 0.248564, Epoch time: 0.19s
Epoch 305/1000, Loss: 51.4029, Obj: 25.1952, Eq Viol (l1): 3.265961, Ineq Viol (l1): 0.253093, Epoch time: 0.19s
Epoch 306/1000, Loss: 51.2983, Obj: 25.1600, Eq Viol (l1): 3.256347, Ineq Viol (l1): 0.262943, Epoch time: 0.19s
Epoch 307/1000, Loss: 51.1547, Obj: 25.1097, Eq Viol (l1): 3.244932, Ineq Viol (l1): 0.255237, Epoch time: 0.19s
Epoch 308/1000, Loss: 51.1602, Obj: 25.1599, Eq Viol (l1): 3.243857, Ineq Viol (l1): 0.247528, Epoch time: 0.19s
Epoch 309/1000, Loss: 51.1761, Obj: 25.1554, Eq Viol (l1): 3.242461, Ineq Viol (l1): 0.250921, Epoch time: 0.19s
Epoch 310/1000, Loss: 51.0436, Obj: 25.1198, Eq Viol (l1): 3.228491, Ineq Viol (l1): 0.257488, Epoch time: 0.19s
Epoch 311/1000, Loss: 51.2039, Obj: 25.1435, Eq Viol (l1): 3.266798, Ineq Viol (l1): 0.252710, Epoch time: 0.19s

Running validation at epoch 310...

VALIDATION_EPOCH_310 EVALUATION RESULTS:
==================================================
Obj:     2.526515e+01
Opt Gap:      4.426295e+01 ± 1.420268e+01
Eq Vio l1:   1.466524e+00 (max: 4.269939e+00)
Ineq Vio l1: 8.826003e-02 (max: 1.019057e+01)
Sol Dis:   1.818767e+02 ± 8.636849e-01
Merit:             4.081299e+01 ± 2.727442e-01
Avg Inf Time:  0.0002s
==================================================
✓ Model saved: results/nonsmooth_nonconvex/socp/SOCPProblem-100-50-50-10000/20260115-150727_MLP_sup_pen_seed0_nepochs1000_lr0.0001_trainsize7000_subopt_3_1.5/model_310.pt
Epoch 312/1000, Loss: 51.1057, Obj: 25.1278, Eq Viol (l1): 3.238255, Ineq Viol (l1): 0.254273, Epoch time: 0.19s
Epoch 313/1000, Loss: 51.0071, Obj: 25.0872, Eq Viol (l1): 3.225902, Ineq Viol (l1): 0.247538, Epoch time: 0.19s
Epoch 314/1000, Loss: 50.9805, Obj: 25.0817, Eq Viol (l1): 3.226172, Ineq Viol (l1): 0.259122, Epoch time: 0.19s
Epoch 315/1000, Loss: 50.9449, Obj: 25.0657, Eq Viol (l1): 3.218632, Ineq Viol (l1): 0.259173, Epoch time: 0.19s
Epoch 316/1000, Loss: 50.9338, Obj: 25.1138, Eq Viol (l1): 3.213544, Ineq Viol (l1): 0.245950, Epoch time: 0.27s
Epoch 317/1000, Loss: 50.8909, Obj: 25.0893, Eq Viol (l1): 3.210900, Ineq Viol (l1): 0.255643, Epoch time: 0.19s
Epoch 318/1000, Loss: 50.8487, Obj: 25.0776, Eq Viol (l1): 3.212025, Ineq Viol (l1): 0.249832, Epoch time: 0.19s
Epoch 319/1000, Loss: 50.7685, Obj: 25.0538, Eq Viol (l1): 3.202462, Ineq Viol (l1): 0.255681, Epoch time: 0.19s
Epoch 320/1000, Loss: 50.8854, Obj: 25.0834, Eq Viol (l1): 3.222243, Ineq Viol (l1): 0.254557, Epoch time: 0.19s
Epoch 321/1000, Loss: 50.8663, Obj: 25.0887, Eq Viol (l1): 3.225716, Ineq Viol (l1): 0.254232, Epoch time: 0.19s

Running validation at epoch 320...

VALIDATION_EPOCH_320 EVALUATION RESULTS:
==================================================
Obj:     2.509244e+01
Opt Gap:      4.392892e+01 ± 1.427206e+01
Eq Vio l1:   1.456867e+00 (max: 4.203309e+00)
Ineq Vio l1: 9.537109e-02 (max: 7.887414e+00)
Sol Dis:   1.811278e+02 ± 9.030225e-01
Merit:             4.061482e+01 ± 2.938606e-01
Avg Inf Time:  0.0002s
==================================================
✓ Model saved: results/nonsmooth_nonconvex/socp/SOCPProblem-100-50-50-10000/20260115-150727_MLP_sup_pen_seed0_nepochs1000_lr0.0001_trainsize7000_subopt_3_1.5/model_320.pt
Epoch 322/1000, Loss: 50.9318, Obj: 25.0600, Eq Viol (l1): 3.218041, Ineq Viol (l1): 0.273881, Epoch time: 0.19s
Epoch 323/1000, Loss: 50.8277, Obj: 25.0449, Eq Viol (l1): 3.215337, Ineq Viol (l1): 0.250864, Epoch time: 0.19s
Epoch 324/1000, Loss: 50.7336, Obj: 25.0733, Eq Viol (l1): 3.200796, Ineq Viol (l1): 0.248779, Epoch time: 0.19s
Epoch 325/1000, Loss: 50.7309, Obj: 25.0121, Eq Viol (l1): 3.195083, Ineq Viol (l1): 0.253670, Epoch time: 0.19s
Epoch 326/1000, Loss: 50.6254, Obj: 24.9863, Eq Viol (l1): 3.197581, Ineq Viol (l1): 0.273753, Epoch time: 0.19s
Epoch 327/1000, Loss: 50.6918, Obj: 25.0381, Eq Viol (l1): 3.198807, Ineq Viol (l1): 0.251783, Epoch time: 0.19s
Epoch 328/1000, Loss: 50.5728, Obj: 24.9931, Eq Viol (l1): 3.169755, Ineq Viol (l1): 0.254653, Epoch time: 0.19s
Epoch 329/1000, Loss: 50.6553, Obj: 25.0205, Eq Viol (l1): 3.198543, Ineq Viol (l1): 0.260194, Epoch time: 0.19s
Epoch 330/1000, Loss: 50.6385, Obj: 25.0332, Eq Viol (l1): 3.199671, Ineq Viol (l1): 0.253234, Epoch time: 0.19s
Epoch 331/1000, Loss: 50.5902, Obj: 24.9866, Eq Viol (l1): 3.187477, Ineq Viol (l1): 0.272136, Epoch time: 0.19s

Running validation at epoch 330...

VALIDATION_EPOCH_330 EVALUATION RESULTS:
==================================================
Obj:     2.529093e+01
Opt Gap:      4.438707e+01 ± 1.448003e+01
Eq Vio l1:   1.566930e+00 (max: 4.103758e+00)
Ineq Vio l1: 7.556781e-02 (max: 9.418520e+00)
Sol Dis:   1.817786e+02 ± 8.867825e-01
Merit:             4.171590e+01 ± 2.722415e-01
Avg Inf Time:  0.0002s
==================================================
✓ Model saved: results/nonsmooth_nonconvex/socp/SOCPProblem-100-50-50-10000/20260115-150727_MLP_sup_pen_seed0_nepochs1000_lr0.0001_trainsize7000_subopt_3_1.5/model_330.pt
Epoch 332/1000, Loss: 50.5983, Obj: 25.0427, Eq Viol (l1): 3.218912, Ineq Viol (l1): 0.246514, Epoch time: 0.19s
Epoch 333/1000, Loss: 50.3670, Obj: 24.9367, Eq Viol (l1): 3.178493, Ineq Viol (l1): 0.259415, Epoch time: 0.19s
Epoch 334/1000, Loss: 50.2836, Obj: 24.9079, Eq Viol (l1): 3.168264, Ineq Viol (l1): 0.259164, Epoch time: 0.19s
Epoch 335/1000, Loss: 50.4619, Obj: 24.9483, Eq Viol (l1): 3.172002, Ineq Viol (l1): 0.263484, Epoch time: 0.19s
Epoch 336/1000, Loss: 50.4029, Obj: 24.9691, Eq Viol (l1): 3.179544, Ineq Viol (l1): 0.248042, Epoch time: 0.19s
Epoch 337/1000, Loss: 50.4403, Obj: 24.9135, Eq Viol (l1): 3.178793, Ineq Viol (l1): 0.278159, Epoch time: 0.19s
Epoch 338/1000, Loss: 50.2916, Obj: 24.8850, Eq Viol (l1): 3.153738, Ineq Viol (l1): 0.257714, Epoch time: 0.19s
Epoch 339/1000, Loss: 50.3026, Obj: 24.9274, Eq Viol (l1): 3.164936, Ineq Viol (l1): 0.262525, Epoch time: 0.19s
Epoch 340/1000, Loss: 50.2903, Obj: 24.9291, Eq Viol (l1): 3.163950, Ineq Viol (l1): 0.253855, Epoch time: 0.19s
Epoch 341/1000, Loss: 50.2725, Obj: 24.8995, Eq Viol (l1): 3.165617, Ineq Viol (l1): 0.259589, Epoch time: 0.19s

Running validation at epoch 340...

VALIDATION_EPOCH_340 EVALUATION RESULTS:
==================================================
Obj:     2.472212e+01
Opt Gap:      4.370994e+01 ± 1.439625e+01
Eq Vio l1:   1.365922e+00 (max: 4.301043e+00)
Ineq Vio l1: 1.333671e-01 (max: 8.616012e+00)
Sol Dis:   1.796642e+02 ± 8.942709e-01
Merit:             3.971501e+01 ± 1.782852e-01
Avg Inf Time:  0.0002s
==================================================
✓ Model saved: results/nonsmooth_nonconvex/socp/SOCPProblem-100-50-50-10000/20260115-150727_MLP_sup_pen_seed0_nepochs1000_lr0.0001_trainsize7000_subopt_3_1.5/model_340.pt
Epoch 342/1000, Loss: 50.3031, Obj: 24.9155, Eq Viol (l1): 3.158760, Ineq Viol (l1): 0.251669, Epoch time: 0.19s
Epoch 343/1000, Loss: 50.2052, Obj: 24.9103, Eq Viol (l1): 3.146006, Ineq Viol (l1): 0.255417, Epoch time: 0.19s
Epoch 344/1000, Loss: 50.3044, Obj: 24.9298, Eq Viol (l1): 3.172463, Ineq Viol (l1): 0.262348, Epoch time: 0.19s
Epoch 345/1000, Loss: 50.1157, Obj: 24.8320, Eq Viol (l1): 3.161885, Ineq Viol (l1): 0.267852, Epoch time: 0.19s
Epoch 346/1000, Loss: 50.0813, Obj: 24.8036, Eq Viol (l1): 3.145497, Ineq Viol (l1): 0.254985, Epoch time: 0.19s
Epoch 347/1000, Loss: 50.1773, Obj: 24.8593, Eq Viol (l1): 3.145894, Ineq Viol (l1): 0.273491, Epoch time: 0.19s
Epoch 348/1000, Loss: 50.0007, Obj: 24.8460, Eq Viol (l1): 3.143798, Ineq Viol (l1): 0.252176, Epoch time: 0.19s
Epoch 349/1000, Loss: 50.0518, Obj: 24.8449, Eq Viol (l1): 3.145444, Ineq Viol (l1): 0.260307, Epoch time: 0.19s
Epoch 350/1000, Loss: 50.0351, Obj: 24.8321, Eq Viol (l1): 3.142320, Ineq Viol (l1): 0.254993, Epoch time: 0.19s
Epoch 351/1000, Loss: 50.1273, Obj: 24.8804, Eq Viol (l1): 3.140739, Ineq Viol (l1): 0.266709, Epoch time: 0.27s

Running validation at epoch 350...

VALIDATION_EPOCH_350 EVALUATION RESULTS:
==================================================
Obj:     2.477498e+01
Opt Gap:      4.386011e+01 ± 1.441245e+01
Eq Vio l1:   1.354209e+00 (max: 4.022632e+00)
Ineq Vio l1: 1.070392e-01 (max: 8.326289e+00)
Sol Dis:   1.797352e+02 ± 1.021832e+00
Merit:             3.938747e+01 ± 2.865242e-01
Avg Inf Time:  0.0002s
==================================================
✓ Model saved: results/nonsmooth_nonconvex/socp/SOCPProblem-100-50-50-10000/20260115-150727_MLP_sup_pen_seed0_nepochs1000_lr0.0001_trainsize7000_subopt_3_1.5/model_350.pt
Epoch 352/1000, Loss: 50.0735, Obj: 24.8298, Eq Viol (l1): 3.139213, Ineq Viol (l1): 0.254070, Epoch time: 0.19s
Epoch 353/1000, Loss: 49.9906, Obj: 24.8366, Eq Viol (l1): 3.147574, Ineq Viol (l1): 0.265156, Epoch time: 0.19s
Epoch 354/1000, Loss: 49.9657, Obj: 24.8472, Eq Viol (l1): 3.131173, Ineq Viol (l1): 0.258233, Epoch time: 0.19s
Epoch 355/1000, Loss: 49.9984, Obj: 24.8434, Eq Viol (l1): 3.141015, Ineq Viol (l1): 0.258613, Epoch time: 0.19s
Epoch 356/1000, Loss: 50.0627, Obj: 24.8163, Eq Viol (l1): 3.141859, Ineq Viol (l1): 0.274967, Epoch time: 0.19s
Epoch 357/1000, Loss: 49.9758, Obj: 24.8526, Eq Viol (l1): 3.161709, Ineq Viol (l1): 0.248714, Epoch time: 0.19s
Epoch 358/1000, Loss: 49.9091, Obj: 24.7912, Eq Viol (l1): 3.126626, Ineq Viol (l1): 0.265125, Epoch time: 0.19s
Epoch 359/1000, Loss: 49.8975, Obj: 24.7895, Eq Viol (l1): 3.140290, Ineq Viol (l1): 0.265297, Epoch time: 0.19s
Epoch 360/1000, Loss: 49.9428, Obj: 24.8104, Eq Viol (l1): 3.130892, Ineq Viol (l1): 0.251143, Epoch time: 0.19s
Epoch 361/1000, Loss: 49.9225, Obj: 24.8017, Eq Viol (l1): 3.128115, Ineq Viol (l1): 0.267590, Epoch time: 0.19s

Running validation at epoch 360...

VALIDATION_EPOCH_360 EVALUATION RESULTS:
==================================================
Obj:     2.467791e+01
Opt Gap:      4.363894e+01 ± 1.435825e+01
Eq Vio l1:   1.406010e+00 (max: 4.461513e+00)
Ineq Vio l1: 1.259848e-01 (max: 8.252184e+00)
Sol Dis:   1.793848e+02 ± 9.731951e-01
Merit:             3.999787e+01 ± 2.166322e-01
Avg Inf Time:  0.0002s
==================================================
✓ Model saved: results/nonsmooth_nonconvex/socp/SOCPProblem-100-50-50-10000/20260115-150727_MLP_sup_pen_seed0_nepochs1000_lr0.0001_trainsize7000_subopt_3_1.5/model_360.pt
Epoch 362/1000, Loss: 49.7292, Obj: 24.7600, Eq Viol (l1): 3.114612, Ineq Viol (l1): 0.262101, Epoch time: 0.19s
Epoch 363/1000, Loss: 49.7823, Obj: 24.7801, Eq Viol (l1): 3.117332, Ineq Viol (l1): 0.259047, Epoch time: 0.19s
Epoch 364/1000, Loss: 49.8892, Obj: 24.8320, Eq Viol (l1): 3.121034, Ineq Viol (l1): 0.258196, Epoch time: 0.19s
Epoch 365/1000, Loss: 49.7293, Obj: 24.7472, Eq Viol (l1): 3.115314, Ineq Viol (l1): 0.265857, Epoch time: 0.19s
Epoch 366/1000, Loss: 49.7395, Obj: 24.7813, Eq Viol (l1): 3.135661, Ineq Viol (l1): 0.253176, Epoch time: 0.19s
Epoch 367/1000, Loss: 49.6539, Obj: 24.7359, Eq Viol (l1): 3.094783, Ineq Viol (l1): 0.265785, Epoch time: 0.19s
Epoch 368/1000, Loss: 49.7929, Obj: 24.7992, Eq Viol (l1): 3.110342, Ineq Viol (l1): 0.247123, Epoch time: 0.19s
Epoch 369/1000, Loss: 49.7413, Obj: 24.7617, Eq Viol (l1): 3.122536, Ineq Viol (l1): 0.271131, Epoch time: 0.19s
Epoch 370/1000, Loss: 49.7640, Obj: 24.8149, Eq Viol (l1): 3.124396, Ineq Viol (l1): 0.258675, Epoch time: 0.19s
Epoch 371/1000, Loss: 49.6641, Obj: 24.7966, Eq Viol (l1): 3.104912, Ineq Viol (l1): 0.264562, Epoch time: 0.19s

Running validation at epoch 370...

VALIDATION_EPOCH_370 EVALUATION RESULTS:
==================================================
Obj:     2.453994e+01
Opt Gap:      4.333677e+01 ± 1.418709e+01
Eq Vio l1:   1.295042e+00 (max: 4.512395e+00)
Ineq Vio l1: 1.693841e-01 (max: 7.698770e+00)
Sol Dis:   1.788574e+02 ± 9.944668e-01
Merit:             3.918420e+01 ± 1.834231e-01
Avg Inf Time:  0.0002s
==================================================
✓ Model saved: results/nonsmooth_nonconvex/socp/SOCPProblem-100-50-50-10000/20260115-150727_MLP_sup_pen_seed0_nepochs1000_lr0.0001_trainsize7000_subopt_3_1.5/model_370.pt
Epoch 372/1000, Loss: 49.5673, Obj: 24.7299, Eq Viol (l1): 3.099656, Ineq Viol (l1): 0.266035, Epoch time: 0.19s
Epoch 373/1000, Loss: 49.5872, Obj: 24.7713, Eq Viol (l1): 3.086843, Ineq Viol (l1): 0.256947, Epoch time: 0.19s
Epoch 374/1000, Loss: 49.5941, Obj: 24.7557, Eq Viol (l1): 3.101084, Ineq Viol (l1): 0.259272, Epoch time: 0.19s
Epoch 375/1000, Loss: 49.6276, Obj: 24.7484, Eq Viol (l1): 3.118382, Ineq Viol (l1): 0.268140, Epoch time: 0.19s
Epoch 376/1000, Loss: 49.5164, Obj: 24.7460, Eq Viol (l1): 3.081318, Ineq Viol (l1): 0.272020, Epoch time: 0.19s
Epoch 377/1000, Loss: 49.6872, Obj: 24.7953, Eq Viol (l1): 3.119622, Ineq Viol (l1): 0.256420, Epoch time: 0.19s
Epoch 378/1000, Loss: 49.5213, Obj: 24.7166, Eq Viol (l1): 3.093214, Ineq Viol (l1): 0.264612, Epoch time: 0.19s
Epoch 379/1000, Loss: 49.4807, Obj: 24.7576, Eq Viol (l1): 3.083391, Ineq Viol (l1): 0.254839, Epoch time: 0.19s
Epoch 380/1000, Loss: 49.4639, Obj: 24.7115, Eq Viol (l1): 3.093885, Ineq Viol (l1): 0.264128, Epoch time: 0.19s
Epoch 381/1000, Loss: 49.5542, Obj: 24.7713, Eq Viol (l1): 3.087710, Ineq Viol (l1): 0.265952, Epoch time: 0.19s

Running validation at epoch 380...

VALIDATION_EPOCH_380 EVALUATION RESULTS:
==================================================
Obj:     2.477531e+01
Opt Gap:      4.377611e+01 ± 1.434493e+01
Eq Vio l1:   1.392257e+00 (max: 3.584058e+00)
Ineq Vio l1: 8.563384e-02 (max: 3.055656e+00)
Sol Dis:   1.794736e+02 ± 9.630508e-01
Merit:             3.955422e+01 ± 1.238981e-01
Avg Inf Time:  0.0002s
==================================================
✓ Model saved: results/nonsmooth_nonconvex/socp/SOCPProblem-100-50-50-10000/20260115-150727_MLP_sup_pen_seed0_nepochs1000_lr0.0001_trainsize7000_subopt_3_1.5/model_380.pt
Epoch 382/1000, Loss: 49.5177, Obj: 24.7610, Eq Viol (l1): 3.094745, Ineq Viol (l1): 0.262627, Epoch time: 0.19s
Epoch 383/1000, Loss: 49.3945, Obj: 24.6941, Eq Viol (l1): 3.085742, Ineq Viol (l1): 0.267627, Epoch time: 0.19s
Epoch 384/1000, Loss: 49.4150, Obj: 24.7147, Eq Viol (l1): 3.086779, Ineq Viol (l1): 0.254042, Epoch time: 0.19s
Epoch 385/1000, Loss: 49.4611, Obj: 24.7630, Eq Viol (l1): 3.083948, Ineq Viol (l1): 0.269269, Epoch time: 0.19s
Epoch 386/1000, Loss: 49.3320, Obj: 24.7131, Eq Viol (l1): 3.070791, Ineq Viol (l1): 0.255098, Epoch time: 0.19s
Epoch 387/1000, Loss: 49.4770, Obj: 24.7649, Eq Viol (l1): 3.098042, Ineq Viol (l1): 0.262348, Epoch time: 0.27s
Epoch 388/1000, Loss: 49.2747, Obj: 24.7114, Eq Viol (l1): 3.074326, Ineq Viol (l1): 0.264274, Epoch time: 0.19s
Epoch 389/1000, Loss: 49.4452, Obj: 24.7786, Eq Viol (l1): 3.087095, Ineq Viol (l1): 0.257115, Epoch time: 0.19s
Epoch 390/1000, Loss: 49.3868, Obj: 24.7401, Eq Viol (l1): 3.083114, Ineq Viol (l1): 0.271862, Epoch time: 0.19s
Epoch 391/1000, Loss: 49.1854, Obj: 24.7127, Eq Viol (l1): 3.067764, Ineq Viol (l1): 0.255919, Epoch time: 0.19s

Running validation at epoch 390...

VALIDATION_EPOCH_390 EVALUATION RESULTS:
==================================================
Obj:     2.477845e+01
Opt Gap:      4.373132e+01 ± 1.428673e+01
Eq Vio l1:   1.350402e+00 (max: 4.118961e+00)
Ineq Vio l1: 1.253422e-01 (max: 7.343068e+00)
Sol Dis:   1.794809e+02 ± 1.058090e+00
Merit:             3.953590e+01 ± 2.707278e-01
Avg Inf Time:  0.0002s
==================================================
✓ Model saved: results/nonsmooth_nonconvex/socp/SOCPProblem-100-50-50-10000/20260115-150727_MLP_sup_pen_seed0_nepochs1000_lr0.0001_trainsize7000_subopt_3_1.5/model_390.pt
Epoch 392/1000, Loss: 49.3360, Obj: 24.7440, Eq Viol (l1): 3.077596, Ineq Viol (l1): 0.259297, Epoch time: 0.19s
Epoch 393/1000, Loss: 49.3921, Obj: 24.7396, Eq Viol (l1): 3.089225, Ineq Viol (l1): 0.272680, Epoch time: 0.19s
Epoch 394/1000, Loss: 49.2026, Obj: 24.6784, Eq Viol (l1): 3.065305, Ineq Viol (l1): 0.267877, Epoch time: 0.19s
Epoch 395/1000, Loss: 49.1796, Obj: 24.7155, Eq Viol (l1): 3.058377, Ineq Viol (l1): 0.251692, Epoch time: 0.19s
Epoch 396/1000, Loss: 49.2154, Obj: 24.6762, Eq Viol (l1): 3.068761, Ineq Viol (l1): 0.267936, Epoch time: 0.19s
Epoch 397/1000, Loss: 49.2217, Obj: 24.7188, Eq Viol (l1): 3.074531, Ineq Viol (l1): 0.268396, Epoch time: 0.19s
Epoch 398/1000, Loss: 49.2787, Obj: 24.7219, Eq Viol (l1): 3.100716, Ineq Viol (l1): 0.258664, Epoch time: 0.19s
Epoch 399/1000, Loss: 49.1550, Obj: 24.6609, Eq Viol (l1): 3.064583, Ineq Viol (l1): 0.271012, Epoch time: 0.19s
Epoch 400/1000, Loss: 49.1318, Obj: 24.7129, Eq Viol (l1): 3.061176, Ineq Viol (l1): 0.257341, Epoch time: 0.19s
Epoch 401/1000, Loss: 49.1480, Obj: 24.7100, Eq Viol (l1): 3.049106, Ineq Viol (l1): 0.259375, Epoch time: 0.19s

Running validation at epoch 400...

VALIDATION_EPOCH_400 EVALUATION RESULTS:
==================================================
Obj:     2.479179e+01
Opt Gap:      4.400110e+01 ± 1.440729e+01
Eq Vio l1:   1.356431e+00 (max: 4.228018e+00)
Ineq Vio l1: 1.039790e-01 (max: 5.591670e+00)
Sol Dis:   1.794477e+02 ± 1.009542e+00
Merit:             3.939589e+01 ± 1.467595e-01
Avg Inf Time:  0.0002s
==================================================
✓ Model saved: results/nonsmooth_nonconvex/socp/SOCPProblem-100-50-50-10000/20260115-150727_MLP_sup_pen_seed0_nepochs1000_lr0.0001_trainsize7000_subopt_3_1.5/model_400.pt
Epoch 402/1000, Loss: 49.0095, Obj: 24.6822, Eq Viol (l1): 3.054496, Ineq Viol (l1): 0.258032, Epoch time: 0.19s
Epoch 403/1000, Loss: 49.1664, Obj: 24.6998, Eq Viol (l1): 3.066258, Ineq Viol (l1): 0.261092, Epoch time: 0.19s
Epoch 404/1000, Loss: 49.0954, Obj: 24.7159, Eq Viol (l1): 3.061411, Ineq Viol (l1): 0.266599, Epoch time: 0.19s
Epoch 405/1000, Loss: 49.0344, Obj: 24.6806, Eq Viol (l1): 3.060172, Ineq Viol (l1): 0.256130, Epoch time: 0.19s
Epoch 406/1000, Loss: 49.0401, Obj: 24.6736, Eq Viol (l1): 3.054926, Ineq Viol (l1): 0.264376, Epoch time: 0.19s
Epoch 407/1000, Loss: 49.0196, Obj: 24.6823, Eq Viol (l1): 3.057970, Ineq Viol (l1): 0.266927, Epoch time: 0.19s
Epoch 408/1000, Loss: 48.9541, Obj: 24.6747, Eq Viol (l1): 3.049990, Ineq Viol (l1): 0.259891, Epoch time: 0.19s
Epoch 409/1000, Loss: 48.9225, Obj: 24.6429, Eq Viol (l1): 3.040493, Ineq Viol (l1): 0.265820, Epoch time: 0.19s
Epoch 410/1000, Loss: 48.9712, Obj: 24.6789, Eq Viol (l1): 3.052436, Ineq Viol (l1): 0.264591, Epoch time: 0.19s
Epoch 411/1000, Loss: 48.8936, Obj: 24.6671, Eq Viol (l1): 3.037391, Ineq Viol (l1): 0.259914, Epoch time: 0.19s

Running validation at epoch 410...

VALIDATION_EPOCH_410 EVALUATION RESULTS:
==================================================
Obj:     2.457016e+01
Opt Gap:      4.353537e+01 ± 1.425805e+01
Eq Vio l1:   1.388150e+00 (max: 4.098108e+00)
Ineq Vio l1: 1.093857e-01 (max: 4.957324e+00)
Sol Dis:   1.787408e+02 ± 9.872507e-01
Merit:             3.954551e+01 ± 8.113574e-02
Avg Inf Time:  0.0002s
==================================================
✓ Model saved: results/nonsmooth_nonconvex/socp/SOCPProblem-100-50-50-10000/20260115-150727_MLP_sup_pen_seed0_nepochs1000_lr0.0001_trainsize7000_subopt_3_1.5/model_410.pt
Epoch 412/1000, Loss: 49.0647, Obj: 24.6698, Eq Viol (l1): 3.085764, Ineq Viol (l1): 0.271805, Epoch time: 0.19s
Epoch 413/1000, Loss: 48.8918, Obj: 24.6432, Eq Viol (l1): 3.054210, Ineq Viol (l1): 0.262852, Epoch time: 0.19s
Epoch 414/1000, Loss: 48.7934, Obj: 24.6437, Eq Viol (l1): 3.033487, Ineq Viol (l1): 0.252417, Epoch time: 0.19s
Epoch 415/1000, Loss: 48.8901, Obj: 24.6616, Eq Viol (l1): 3.041706, Ineq Viol (l1): 0.268488, Epoch time: 0.19s
Epoch 416/1000, Loss: 48.7672, Obj: 24.6156, Eq Viol (l1): 3.035682, Ineq Viol (l1): 0.263987, Epoch time: 0.19s
Epoch 417/1000, Loss: 48.7925, Obj: 24.6465, Eq Viol (l1): 3.036082, Ineq Viol (l1): 0.260638, Epoch time: 0.19s
Epoch 418/1000, Loss: 48.8788, Obj: 24.6953, Eq Viol (l1): 3.050468, Ineq Viol (l1): 0.261299, Epoch time: 0.19s
Epoch 419/1000, Loss: 48.7759, Obj: 24.6617, Eq Viol (l1): 3.035010, Ineq Viol (l1): 0.264380, Epoch time: 0.19s
Epoch 420/1000, Loss: 48.8467, Obj: 24.6747, Eq Viol (l1): 3.030789, Ineq Viol (l1): 0.260651, Epoch time: 0.19s
Epoch 421/1000, Loss: 48.8739, Obj: 24.6408, Eq Viol (l1): 3.051671, Ineq Viol (l1): 0.268904, Epoch time: 0.19s

Running validation at epoch 420...

VALIDATION_EPOCH_420 EVALUATION RESULTS:
==================================================
Obj:     2.466254e+01
Opt Gap:      4.370899e+01 ± 1.428767e+01
Eq Vio l1:   1.370128e+00 (max: 3.839602e+00)
Ineq Vio l1: 1.182775e-01 (max: 6.043649e+00)
Sol Dis:   1.788927e+02 ± 9.740757e-01
Merit:             3.954659e+01 ± 1.542265e-01
Avg Inf Time:  0.0003s
==================================================
✓ Model saved: results/nonsmooth_nonconvex/socp/SOCPProblem-100-50-50-10000/20260115-150727_MLP_sup_pen_seed0_nepochs1000_lr0.0001_trainsize7000_subopt_3_1.5/model_420.pt
Epoch 422/1000, Loss: 48.7314, Obj: 24.6273, Eq Viol (l1): 3.033520, Ineq Viol (l1): 0.257356, Epoch time: 0.19s
Epoch 423/1000, Loss: 48.6817, Obj: 24.6250, Eq Viol (l1): 3.033222, Ineq Viol (l1): 0.264357, Epoch time: 0.19s
Epoch 424/1000, Loss: 48.7329, Obj: 24.6265, Eq Viol (l1): 3.021682, Ineq Viol (l1): 0.259642, Epoch time: 0.19s
Epoch 425/1000, Loss: 48.6552, Obj: 24.6110, Eq Viol (l1): 3.033241, Ineq Viol (l1): 0.278681, Epoch time: 0.19s
Epoch 426/1000, Loss: 48.7369, Obj: 24.6650, Eq Viol (l1): 3.051061, Ineq Viol (l1): 0.254531, Epoch time: 0.19s
Epoch 427/1000, Loss: 48.6318, Obj: 24.6014, Eq Viol (l1): 3.027396, Ineq Viol (l1): 0.265379, Epoch time: 0.19s
Epoch 428/1000, Loss: 48.5317, Obj: 24.5786, Eq Viol (l1): 3.016681, Ineq Viol (l1): 0.260559, Epoch time: 0.19s
Epoch 429/1000, Loss: 48.6619, Obj: 24.6170, Eq Viol (l1): 3.040736, Ineq Viol (l1): 0.257621, Epoch time: 0.19s
Epoch 430/1000, Loss: 48.6597, Obj: 24.6304, Eq Viol (l1): 3.038640, Ineq Viol (l1): 0.280505, Epoch time: 0.19s
Epoch 431/1000, Loss: 48.5404, Obj: 24.6076, Eq Viol (l1): 3.019314, Ineq Viol (l1): 0.257964, Epoch time: 0.19s

Running validation at epoch 430...

VALIDATION_EPOCH_430 EVALUATION RESULTS:
==================================================
Obj:     2.461318e+01
Opt Gap:      4.368970e+01 ± 1.437010e+01
Eq Vio l1:   1.296386e+00 (max: 3.095718e+00)
Ineq Vio l1: 1.071702e-01 (max: 4.957597e+00)
Sol Dis:   1.786839e+02 ± 1.015764e+00
Merit:             3.864875e+01 ± 1.710445e-01
Avg Inf Time:  0.0002s
==================================================
✓ Model saved: results/nonsmooth_nonconvex/socp/SOCPProblem-100-50-50-10000/20260115-150727_MLP_sup_pen_seed0_nepochs1000_lr0.0001_trainsize7000_subopt_3_1.5/model_430.pt
Epoch 432/1000, Loss: 48.6365, Obj: 24.5870, Eq Viol (l1): 3.022208, Ineq Viol (l1): 0.267997, Epoch time: 0.19s
Epoch 433/1000, Loss: 48.5287, Obj: 24.5971, Eq Viol (l1): 3.020022, Ineq Viol (l1): 0.258774, Epoch time: 0.19s
Epoch 434/1000, Loss: 48.5743, Obj: 24.6285, Eq Viol (l1): 3.012223, Ineq Viol (l1): 0.263232, Epoch time: 0.19s
Epoch 435/1000, Loss: 48.6452, Obj: 24.6402, Eq Viol (l1): 3.023471, Ineq Viol (l1): 0.266779, Epoch time: 0.19s
Epoch 436/1000, Loss: 48.5613, Obj: 24.6156, Eq Viol (l1): 3.030870, Ineq Viol (l1): 0.263870, Epoch time: 0.19s
Epoch 437/1000, Loss: 48.4963, Obj: 24.5840, Eq Viol (l1): 3.015674, Ineq Viol (l1): 0.263839, Epoch time: 0.19s
Epoch 438/1000, Loss: 48.5052, Obj: 24.6200, Eq Viol (l1): 3.016249, Ineq Viol (l1): 0.260265, Epoch time: 0.19s
Epoch 439/1000, Loss: 48.5602, Obj: 24.6140, Eq Viol (l1): 3.022026, Ineq Viol (l1): 0.261934, Epoch time: 0.19s
Epoch 440/1000, Loss: 48.3679, Obj: 24.5778, Eq Viol (l1): 3.012221, Ineq Viol (l1): 0.258882, Epoch time: 0.19s
Epoch 441/1000, Loss: 48.5021, Obj: 24.5941, Eq Viol (l1): 3.023938, Ineq Viol (l1): 0.271058, Epoch time: 0.19s

Running validation at epoch 440...

VALIDATION_EPOCH_440 EVALUATION RESULTS:
==================================================
Obj:     2.469168e+01
Opt Gap:      4.372044e+01 ± 1.429195e+01
Eq Vio l1:   1.423024e+00 (max: 3.271776e+00)
Ineq Vio l1: 9.250713e-02 (max: 3.463426e+00)
Sol Dis:   1.789009e+02 ± 1.039615e+00
Merit:             3.984699e+01 ± 8.417464e-02
Avg Inf Time:  0.0002s
==================================================
✓ Model saved: results/nonsmooth_nonconvex/socp/SOCPProblem-100-50-50-10000/20260115-150727_MLP_sup_pen_seed0_nepochs1000_lr0.0001_trainsize7000_subopt_3_1.5/model_440.pt
Epoch 442/1000, Loss: 48.4136, Obj: 24.6103, Eq Viol (l1): 3.017387, Ineq Viol (l1): 0.257811, Epoch time: 0.19s
Epoch 443/1000, Loss: 48.3754, Obj: 24.5644, Eq Viol (l1): 3.002349, Ineq Viol (l1): 0.258460, Epoch time: 0.19s
Epoch 444/1000, Loss: 48.3336, Obj: 24.5704, Eq Viol (l1): 3.007236, Ineq Viol (l1): 0.269186, Epoch time: 0.19s
Epoch 445/1000, Loss: 48.3760, Obj: 24.5558, Eq Viol (l1): 3.023076, Ineq Viol (l1): 0.255452, Epoch time: 0.19s
Epoch 446/1000, Loss: 48.4512, Obj: 24.5891, Eq Viol (l1): 3.005999, Ineq Viol (l1): 0.279165, Epoch time: 0.19s
Epoch 447/1000, Loss: 48.4293, Obj: 24.5641, Eq Viol (l1): 3.027730, Ineq Viol (l1): 0.262035, Epoch time: 0.19s
Epoch 448/1000, Loss: 48.4114, Obj: 24.5796, Eq Viol (l1): 3.011870, Ineq Viol (l1): 0.259246, Epoch time: 0.19s
Epoch 449/1000, Loss: 48.3135, Obj: 24.5599, Eq Viol (l1): 3.010162, Ineq Viol (l1): 0.274955, Epoch time: 0.19s
Epoch 450/1000, Loss: 48.2864, Obj: 24.5781, Eq Viol (l1): 3.014713, Ineq Viol (l1): 0.261530, Epoch time: 0.19s
Epoch 451/1000, Loss: 48.3804, Obj: 24.5646, Eq Viol (l1): 2.990086, Ineq Viol (l1): 0.260296, Epoch time: 0.19s

Running validation at epoch 450...

VALIDATION_EPOCH_450 EVALUATION RESULTS:
==================================================
Obj:     2.457304e+01
Opt Gap:      4.354764e+01 ± 1.429113e+01
Eq Vio l1:   1.347054e+00 (max: 3.235585e+00)
Ineq Vio l1: 1.135121e-01 (max: 4.382598e+00)
Sol Dis:   1.785122e+02 ± 9.065538e-01
Merit:             3.917871e+01 ± 8.592661e-02
Avg Inf Time:  0.0002s
==================================================
✓ Model saved: results/nonsmooth_nonconvex/socp/SOCPProblem-100-50-50-10000/20260115-150727_MLP_sup_pen_seed0_nepochs1000_lr0.0001_trainsize7000_subopt_3_1.5/model_450.pt
Epoch 452/1000, Loss: 48.2252, Obj: 24.5377, Eq Viol (l1): 2.996347, Ineq Viol (l1): 0.270884, Epoch time: 0.19s
Epoch 453/1000, Loss: 48.2864, Obj: 24.5379, Eq Viol (l1): 3.008426, Ineq Viol (l1): 0.257592, Epoch time: 0.19s
Epoch 454/1000, Loss: 48.2938, Obj: 24.5461, Eq Viol (l1): 3.000927, Ineq Viol (l1): 0.266428, Epoch time: 0.19s
Epoch 455/1000, Loss: 48.3054, Obj: 24.5263, Eq Viol (l1): 3.002757, Ineq Viol (l1): 0.264339, Epoch time: 0.19s
Epoch 456/1000, Loss: 48.3510, Obj: 24.5567, Eq Viol (l1): 3.006338, Ineq Viol (l1): 0.276266, Epoch time: 0.27s
Epoch 457/1000, Loss: 48.2179, Obj: 24.5445, Eq Viol (l1): 3.006756, Ineq Viol (l1): 0.255204, Epoch time: 0.19s
Epoch 458/1000, Loss: 48.1719, Obj: 24.4976, Eq Viol (l1): 2.994491, Ineq Viol (l1): 0.268735, Epoch time: 0.19s
Epoch 459/1000, Loss: 48.2147, Obj: 24.4999, Eq Viol (l1): 3.005047, Ineq Viol (l1): 0.277202, Epoch time: 0.19s
Epoch 460/1000, Loss: 48.1588, Obj: 24.5355, Eq Viol (l1): 2.991349, Ineq Viol (l1): 0.252145, Epoch time: 0.19s
Epoch 461/1000, Loss: 48.1632, Obj: 24.5050, Eq Viol (l1): 2.994933, Ineq Viol (l1): 0.261546, Epoch time: 0.19s

Running validation at epoch 460...

VALIDATION_EPOCH_460 EVALUATION RESULTS:
==================================================
Obj:     2.436237e+01
Opt Gap:      4.297827e+01 ± 1.399958e+01
Eq Vio l1:   1.303420e+00 (max: 2.759973e+00)
Ineq Vio l1: 1.692123e-01 (max: 3.024419e+00)
Sol Dis:   1.777647e+02 ± 9.237667e-01
Merit:             3.908869e+01 ± 1.033523e-01
Avg Inf Time:  0.0002s
==================================================
✓ Model saved: results/nonsmooth_nonconvex/socp/SOCPProblem-100-50-50-10000/20260115-150727_MLP_sup_pen_seed0_nepochs1000_lr0.0001_trainsize7000_subopt_3_1.5/model_460.pt
Epoch 462/1000, Loss: 48.1569, Obj: 24.4927, Eq Viol (l1): 2.980260, Ineq Viol (l1): 0.274079, Epoch time: 0.19s
Epoch 463/1000, Loss: 48.2289, Obj: 24.5490, Eq Viol (l1): 3.016847, Ineq Viol (l1): 0.259209, Epoch time: 0.19s
Epoch 464/1000, Loss: 48.1340, Obj: 24.4798, Eq Viol (l1): 2.991230, Ineq Viol (l1): 0.272415, Epoch time: 0.19s
Epoch 465/1000, Loss: 48.0789, Obj: 24.4790, Eq Viol (l1): 2.995586, Ineq Viol (l1): 0.262094, Epoch time: 0.19s
Epoch 466/1000, Loss: 47.9928, Obj: 24.4533, Eq Viol (l1): 2.975992, Ineq Viol (l1): 0.265645, Epoch time: 0.19s
Epoch 467/1000, Loss: 48.0695, Obj: 24.5005, Eq Viol (l1): 2.985972, Ineq Viol (l1): 0.264503, Epoch time: 0.19s
Epoch 468/1000, Loss: 48.1392, Obj: 24.5194, Eq Viol (l1): 2.992572, Ineq Viol (l1): 0.265702, Epoch time: 0.19s
Epoch 469/1000, Loss: 48.0732, Obj: 24.4801, Eq Viol (l1): 2.994475, Ineq Viol (l1): 0.273558, Epoch time: 0.19s
Epoch 470/1000, Loss: 48.0053, Obj: 24.4822, Eq Viol (l1): 2.983824, Ineq Viol (l1): 0.260836, Epoch time: 0.19s
Epoch 471/1000, Loss: 47.9788, Obj: 24.4810, Eq Viol (l1): 2.977166, Ineq Viol (l1): 0.262487, Epoch time: 0.19s

Running validation at epoch 470...

VALIDATION_EPOCH_470 EVALUATION RESULTS:
==================================================
Obj:     2.454394e+01
Opt Gap:      4.344421e+01 ± 1.417241e+01
Eq Vio l1:   1.398009e+00 (max: 2.924023e+00)
Ineq Vio l1: 9.887986e-02 (max: 3.086084e+00)
Sol Dis:   1.783307e+02 ± 9.447363e-01
Merit:             3.951283e+01 ± 1.101190e-01
Avg Inf Time:  0.0002s
==================================================
✓ Model saved: results/nonsmooth_nonconvex/socp/SOCPProblem-100-50-50-10000/20260115-150727_MLP_sup_pen_seed0_nepochs1000_lr0.0001_trainsize7000_subopt_3_1.5/model_470.pt
Epoch 472/1000, Loss: 48.0389, Obj: 24.4657, Eq Viol (l1): 2.975463, Ineq Viol (l1): 0.261500, Epoch time: 0.19s
Epoch 473/1000, Loss: 48.0128, Obj: 24.4590, Eq Viol (l1): 2.984276, Ineq Viol (l1): 0.269272, Epoch time: 0.19s
Epoch 474/1000, Loss: 47.9829, Obj: 24.4904, Eq Viol (l1): 2.979529, Ineq Viol (l1): 0.258364, Epoch time: 0.19s
Epoch 475/1000, Loss: 48.0093, Obj: 24.4698, Eq Viol (l1): 2.971777, Ineq Viol (l1): 0.267124, Epoch time: 0.19s
Epoch 476/1000, Loss: 47.9305, Obj: 24.4740, Eq Viol (l1): 2.979128, Ineq Viol (l1): 0.262325, Epoch time: 0.19s
Epoch 477/1000, Loss: 47.8629, Obj: 24.4213, Eq Viol (l1): 2.961632, Ineq Viol (l1): 0.258060, Epoch time: 0.19s
Epoch 478/1000, Loss: 47.9550, Obj: 24.4625, Eq Viol (l1): 2.965154, Ineq Viol (l1): 0.269654, Epoch time: 0.19s
Epoch 479/1000, Loss: 47.9761, Obj: 24.4661, Eq Viol (l1): 2.972156, Ineq Viol (l1): 0.270580, Epoch time: 0.19s
Epoch 480/1000, Loss: 47.9576, Obj: 24.4573, Eq Viol (l1): 2.980558, Ineq Viol (l1): 0.257063, Epoch time: 0.19s
Epoch 481/1000, Loss: 47.9153, Obj: 24.4598, Eq Viol (l1): 2.981503, Ineq Viol (l1): 0.267540, Epoch time: 0.19s

Running validation at epoch 480...

VALIDATION_EPOCH_480 EVALUATION RESULTS:
==================================================
Obj:     2.451136e+01
Opt Gap:      4.328415e+01 ± 1.415824e+01
Eq Vio l1:   1.367778e+00 (max: 2.778428e+00)
Ineq Vio l1: 1.003501e-01 (max: 1.775681e+00)
Sol Dis:   1.781633e+02 ± 8.865782e-01
Merit:             3.919265e+01 ± 1.536368e-01
Avg Inf Time:  0.0002s
==================================================
✓ Model saved: results/nonsmooth_nonconvex/socp/SOCPProblem-100-50-50-10000/20260115-150727_MLP_sup_pen_seed0_nepochs1000_lr0.0001_trainsize7000_subopt_3_1.5/model_480.pt
Epoch 482/1000, Loss: 47.9042, Obj: 24.4593, Eq Viol (l1): 2.968722, Ineq Viol (l1): 0.265474, Epoch time: 0.19s
Epoch 483/1000, Loss: 47.8851, Obj: 24.4151, Eq Viol (l1): 2.979420, Ineq Viol (l1): 0.259673, Epoch time: 0.19s
Epoch 484/1000, Loss: 47.7932, Obj: 24.3824, Eq Viol (l1): 2.956382, Ineq Viol (l1): 0.266810, Epoch time: 0.19s
Epoch 485/1000, Loss: 47.8170, Obj: 24.4153, Eq Viol (l1): 2.973638, Ineq Viol (l1): 0.265334, Epoch time: 0.19s
Epoch 486/1000, Loss: 47.7448, Obj: 24.4045, Eq Viol (l1): 2.964987, Ineq Viol (l1): 0.261051, Epoch time: 0.19s
Epoch 487/1000, Loss: 47.8483, Obj: 24.4293, Eq Viol (l1): 2.967145, Ineq Viol (l1): 0.263576, Epoch time: 0.19s
Epoch 488/1000, Loss: 47.7534, Obj: 24.4062, Eq Viol (l1): 2.963024, Ineq Viol (l1): 0.261460, Epoch time: 0.19s
Epoch 489/1000, Loss: 47.7632, Obj: 24.3893, Eq Viol (l1): 2.966265, Ineq Viol (l1): 0.263912, Epoch time: 0.19s
Epoch 490/1000, Loss: 47.8200, Obj: 24.4342, Eq Viol (l1): 2.971883, Ineq Viol (l1): 0.256448, Epoch time: 0.19s
Epoch 491/1000, Loss: 47.7932, Obj: 24.3777, Eq Viol (l1): 2.973114, Ineq Viol (l1): 0.273724, Epoch time: 0.26s

Running validation at epoch 490...

VALIDATION_EPOCH_490 EVALUATION RESULTS:
==================================================
Obj:     2.460268e+01
Opt Gap:      4.359418e+01 ± 1.427322e+01
Eq Vio l1:   1.436825e+00 (max: 2.950253e+00)
Ineq Vio l1: 9.458408e-02 (max: 2.143949e+00)
Sol Dis:   1.785514e+02 ± 8.991149e-01
Merit:             3.991677e+01 ± 1.541724e-01
Avg Inf Time:  0.0002s
==================================================
✓ Model saved: results/nonsmooth_nonconvex/socp/SOCPProblem-100-50-50-10000/20260115-150727_MLP_sup_pen_seed0_nepochs1000_lr0.0001_trainsize7000_subopt_3_1.5/model_490.pt
Epoch 492/1000, Loss: 47.8016, Obj: 24.4314, Eq Viol (l1): 2.972963, Ineq Viol (l1): 0.257058, Epoch time: 0.19s
Epoch 493/1000, Loss: 47.7998, Obj: 24.4128, Eq Viol (l1): 2.971690, Ineq Viol (l1): 0.268931, Epoch time: 0.19s
Epoch 494/1000, Loss: 47.8752, Obj: 24.4400, Eq Viol (l1): 2.994664, Ineq Viol (l1): 0.254670, Epoch time: 0.19s
Epoch 495/1000, Loss: 47.6482, Obj: 24.3403, Eq Viol (l1): 2.963926, Ineq Viol (l1): 0.267236, Epoch time: 0.19s
Epoch 496/1000, Loss: 47.6247, Obj: 24.3707, Eq Viol (l1): 2.965922, Ineq Viol (l1): 0.260125, Epoch time: 0.19s
Epoch 497/1000, Loss: 47.7237, Obj: 24.3515, Eq Viol (l1): 2.968861, Ineq Viol (l1): 0.264870, Epoch time: 0.19s
Epoch 498/1000, Loss: 47.6016, Obj: 24.3340, Eq Viol (l1): 2.951831, Ineq Viol (l1): 0.273065, Epoch time: 0.19s
Epoch 499/1000, Loss: 47.6797, Obj: 24.3884, Eq Viol (l1): 2.968806, Ineq Viol (l1): 0.258995, Epoch time: 0.19s
Epoch 500/1000, Loss: 47.6873, Obj: 24.3781, Eq Viol (l1): 2.952778, Ineq Viol (l1): 0.257389, Epoch time: 0.19s
Epoch 501/1000, Loss: 47.5719, Obj: 24.3507, Eq Viol (l1): 2.961054, Ineq Viol (l1): 0.262350, Epoch time: 0.19s

Running validation at epoch 500...

VALIDATION_EPOCH_500 EVALUATION RESULTS:
==================================================
Obj:     2.421833e+01
Opt Gap:      4.298809e+01 ± 1.412696e+01
Eq Vio l1:   1.269708e+00 (max: 2.492791e+00)
Ineq Vio l1: 1.380225e-01 (max: 1.772934e+00)
Sol Dis:   1.770645e+02 ± 9.031231e-01
Merit:             3.829564e+01 ± 1.059573e-01
Avg Inf Time:  0.0002s
==================================================
✓ Model saved: results/nonsmooth_nonconvex/socp/SOCPProblem-100-50-50-10000/20260115-150727_MLP_sup_pen_seed0_nepochs1000_lr0.0001_trainsize7000_subopt_3_1.5/model_500.pt
Epoch 502/1000, Loss: 47.5560, Obj: 24.3297, Eq Viol (l1): 2.954153, Ineq Viol (l1): 0.260328, Epoch time: 0.19s
Epoch 503/1000, Loss: 47.5418, Obj: 24.2965, Eq Viol (l1): 2.956394, Ineq Viol (l1): 0.272037, Epoch time: 0.19s
Epoch 504/1000, Loss: 47.5447, Obj: 24.3227, Eq Viol (l1): 2.949450, Ineq Viol (l1): 0.263603, Epoch time: 0.19s
Epoch 505/1000, Loss: 47.6091, Obj: 24.3177, Eq Viol (l1): 2.955964, Ineq Viol (l1): 0.262060, Epoch time: 0.19s
Epoch 506/1000, Loss: 47.5738, Obj: 24.3312, Eq Viol (l1): 2.972147, Ineq Viol (l1): 0.258695, Epoch time: 0.19s
Epoch 507/1000, Loss: 47.5534, Obj: 24.3183, Eq Viol (l1): 2.947327, Ineq Viol (l1): 0.265912, Epoch time: 0.19s
Epoch 508/1000, Loss: 47.5255, Obj: 24.3094, Eq Viol (l1): 2.954140, Ineq Viol (l1): 0.258195, Epoch time: 0.19s
Epoch 509/1000, Loss: 47.5257, Obj: 24.2885, Eq Viol (l1): 2.958879, Ineq Viol (l1): 0.265892, Epoch time: 0.19s
Epoch 510/1000, Loss: 47.5057, Obj: 24.2919, Eq Viol (l1): 2.958239, Ineq Viol (l1): 0.264070, Epoch time: 0.19s
Epoch 511/1000, Loss: 47.4509, Obj: 24.2694, Eq Viol (l1): 2.954374, Ineq Viol (l1): 0.268514, Epoch time: 0.19s

Running validation at epoch 510...

VALIDATION_EPOCH_510 EVALUATION RESULTS:
==================================================
Obj:     2.438983e+01
Opt Gap:      4.312869e+01 ± 1.408175e+01
Eq Vio l1:   1.393180e+00 (max: 2.650993e+00)
Ineq Vio l1: 8.265574e-02 (max: 1.991663e+00)
Sol Dis:   1.777049e+02 ± 8.376425e-01
Merit:             3.914818e+01 ± 5.543994e-02
Avg Inf Time:  0.0002s
==================================================
✓ Model saved: results/nonsmooth_nonconvex/socp/SOCPProblem-100-50-50-10000/20260115-150727_MLP_sup_pen_seed0_nepochs1000_lr0.0001_trainsize7000_subopt_3_1.5/model_510.pt
Epoch 512/1000, Loss: 47.5007, Obj: 24.3114, Eq Viol (l1): 2.955177, Ineq Viol (l1): 0.257603, Epoch time: 0.19s
Epoch 513/1000, Loss: 47.4846, Obj: 24.2961, Eq Viol (l1): 2.949648, Ineq Viol (l1): 0.266365, Epoch time: 0.19s
Epoch 514/1000, Loss: 47.3852, Obj: 24.2553, Eq Viol (l1): 2.952351, Ineq Viol (l1): 0.260208, Epoch time: 0.19s
Epoch 515/1000, Loss: 47.4364, Obj: 24.2607, Eq Viol (l1): 2.952542, Ineq Viol (l1): 0.265108, Epoch time: 0.19s
Epoch 516/1000, Loss: 47.4921, Obj: 24.2754, Eq Viol (l1): 2.959633, Ineq Viol (l1): 0.270332, Epoch time: 0.19s
Epoch 517/1000, Loss: 47.3821, Obj: 24.2388, Eq Viol (l1): 2.954728, Ineq Viol (l1): 0.256787, Epoch time: 0.19s
Epoch 518/1000, Loss: 47.3893, Obj: 24.2586, Eq Viol (l1): 2.943158, Ineq Viol (l1): 0.263327, Epoch time: 0.19s
Epoch 519/1000, Loss: 47.3975, Obj: 24.2421, Eq Viol (l1): 2.939420, Ineq Viol (l1): 0.265743, Epoch time: 0.19s
Epoch 520/1000, Loss: 47.4537, Obj: 24.2653, Eq Viol (l1): 2.968642, Ineq Viol (l1): 0.258859, Epoch time: 0.19s
Epoch 521/1000, Loss: 47.3711, Obj: 24.2335, Eq Viol (l1): 2.949421, Ineq Viol (l1): 0.279416, Epoch time: 0.19s

Running validation at epoch 520...

VALIDATION_EPOCH_520 EVALUATION RESULTS:
==================================================
Obj:     2.419878e+01
Opt Gap:      4.294548e+01 ± 1.405874e+01
Eq Vio l1:   1.359174e+00 (max: 2.730445e+00)
Ineq Vio l1: 1.162501e-01 (max: 1.634293e+00)
Sol Dis:   1.769982e+02 ± 8.662463e-01
Merit:             3.895302e+01 ± 4.070611e-02
Avg Inf Time:  0.0002s
==================================================
✓ Model saved: results/nonsmooth_nonconvex/socp/SOCPProblem-100-50-50-10000/20260115-150727_MLP_sup_pen_seed0_nepochs1000_lr0.0001_trainsize7000_subopt_3_1.5/model_520.pt
Epoch 522/1000, Loss: 47.2835, Obj: 24.2367, Eq Viol (l1): 2.924510, Ineq Viol (l1): 0.258234, Epoch time: 0.19s
Epoch 523/1000, Loss: 47.3327, Obj: 24.2340, Eq Viol (l1): 2.933664, Ineq Viol (l1): 0.258146, Epoch time: 0.19s
Epoch 524/1000, Loss: 47.3119, Obj: 24.2283, Eq Viol (l1): 2.946214, Ineq Viol (l1): 0.271516, Epoch time: 0.19s
Epoch 525/1000, Loss: 47.2208, Obj: 24.1967, Eq Viol (l1): 2.945609, Ineq Viol (l1): 0.262071, Epoch time: 0.19s
Epoch 526/1000, Loss: 47.3247, Obj: 24.2260, Eq Viol (l1): 2.938867, Ineq Viol (l1): 0.261650, Epoch time: 0.19s
Epoch 527/1000, Loss: 47.2880, Obj: 24.2192, Eq Viol (l1): 2.942519, Ineq Viol (l1): 0.258880, Epoch time: 0.27s
Epoch 528/1000, Loss: 47.2851, Obj: 24.1873, Eq Viol (l1): 2.940071, Ineq Viol (l1): 0.266122, Epoch time: 0.19s
Epoch 529/1000, Loss: 47.2361, Obj: 24.1964, Eq Viol (l1): 2.937387, Ineq Viol (l1): 0.260158, Epoch time: 0.19s
Epoch 530/1000, Loss: 47.3492, Obj: 24.2355, Eq Viol (l1): 2.934464, Ineq Viol (l1): 0.260630, Epoch time: 0.19s
Epoch 531/1000, Loss: 47.1627, Obj: 24.1922, Eq Viol (l1): 2.930656, Ineq Viol (l1): 0.265458, Epoch time: 0.19s

Running validation at epoch 530...

VALIDATION_EPOCH_530 EVALUATION RESULTS:
==================================================
Obj:     2.432148e+01
Opt Gap:      4.314023e+01 ± 1.415634e+01
Eq Vio l1:   1.393800e+00 (max: 2.652385e+00)
Ineq Vio l1: 8.688402e-02 (max: 1.467059e+00)
Sol Dis:   1.773172e+02 ± 8.023969e-01
Merit:             3.912831e+01 ± 1.270617e-01
Avg Inf Time:  0.0002s
==================================================
✓ Model saved: results/nonsmooth_nonconvex/socp/SOCPProblem-100-50-50-10000/20260115-150727_MLP_sup_pen_seed0_nepochs1000_lr0.0001_trainsize7000_subopt_3_1.5/model_530.pt
Epoch 532/1000, Loss: 47.1762, Obj: 24.1778, Eq Viol (l1): 2.941558, Ineq Viol (l1): 0.265844, Epoch time: 0.19s
Epoch 533/1000, Loss: 47.2025, Obj: 24.2007, Eq Viol (l1): 2.930829, Ineq Viol (l1): 0.256782, Epoch time: 0.19s
Epoch 534/1000, Loss: 47.1350, Obj: 24.1457, Eq Viol (l1): 2.926444, Ineq Viol (l1): 0.271586, Epoch time: 0.19s
Epoch 535/1000, Loss: 47.3376, Obj: 24.2141, Eq Viol (l1): 2.957566, Ineq Viol (l1): 0.261170, Epoch time: 0.19s
Epoch 536/1000, Loss: 47.1873, Obj: 24.1683, Eq Viol (l1): 2.934092, Ineq Viol (l1): 0.258270, Epoch time: 0.19s
Epoch 537/1000, Loss: 47.2227, Obj: 24.2111, Eq Viol (l1): 2.939275, Ineq Viol (l1): 0.256938, Epoch time: 0.19s
Epoch 538/1000, Loss: 47.1642, Obj: 24.1703, Eq Viol (l1): 2.941516, Ineq Viol (l1): 0.269569, Epoch time: 0.19s
Epoch 539/1000, Loss: 47.1140, Obj: 24.1465, Eq Viol (l1): 2.930959, Ineq Viol (l1): 0.255972, Epoch time: 0.19s
Epoch 540/1000, Loss: 47.1502, Obj: 24.1458, Eq Viol (l1): 2.928222, Ineq Viol (l1): 0.259591, Epoch time: 0.19s
Epoch 541/1000, Loss: 47.1160, Obj: 24.1178, Eq Viol (l1): 2.928423, Ineq Viol (l1): 0.262552, Epoch time: 0.19s

Running validation at epoch 540...

VALIDATION_EPOCH_540 EVALUATION RESULTS:
==================================================
Obj:     2.415172e+01
Opt Gap:      4.273130e+01 ± 1.388509e+01
Eq Vio l1:   1.272856e+00 (max: 2.775901e+00)
Ineq Vio l1: 1.041571e-01 (max: 1.413422e+00)
Sol Dis:   1.768400e+02 ± 7.717955e-01
Merit:             3.792185e+01 ± 1.181586e-01
Avg Inf Time:  0.0002s
==================================================
✓ Model saved: results/nonsmooth_nonconvex/socp/SOCPProblem-100-50-50-10000/20260115-150727_MLP_sup_pen_seed0_nepochs1000_lr0.0001_trainsize7000_subopt_3_1.5/model_540.pt
Epoch 542/1000, Loss: 47.1345, Obj: 24.1560, Eq Viol (l1): 2.926041, Ineq Viol (l1): 0.264410, Epoch time: 0.19s
Epoch 543/1000, Loss: 47.1397, Obj: 24.1665, Eq Viol (l1): 2.936310, Ineq Viol (l1): 0.259269, Epoch time: 0.19s
Epoch 544/1000, Loss: 47.0864, Obj: 24.1368, Eq Viol (l1): 2.934034, Ineq Viol (l1): 0.258640, Epoch time: 0.19s
Epoch 545/1000, Loss: 46.9879, Obj: 24.1011, Eq Viol (l1): 2.925272, Ineq Viol (l1): 0.263820, Epoch time: 0.19s
Epoch 546/1000, Loss: 47.0625, Obj: 24.1582, Eq Viol (l1): 2.933364, Ineq Viol (l1): 0.258732, Epoch time: 0.19s
Epoch 547/1000, Loss: 47.0786, Obj: 24.1080, Eq Viol (l1): 2.936914, Ineq Viol (l1): 0.262612, Epoch time: 0.19s
Epoch 548/1000, Loss: 47.0196, Obj: 24.1172, Eq Viol (l1): 2.927073, Ineq Viol (l1): 0.264674, Epoch time: 0.19s
Epoch 549/1000, Loss: 46.9472, Obj: 24.0836, Eq Viol (l1): 2.927954, Ineq Viol (l1): 0.261786, Epoch time: 0.19s
Epoch 550/1000, Loss: 47.0165, Obj: 24.1020, Eq Viol (l1): 2.914664, Ineq Viol (l1): 0.257402, Epoch time: 0.19s
Epoch 551/1000, Loss: 46.9877, Obj: 24.0989, Eq Viol (l1): 2.933614, Ineq Viol (l1): 0.260847, Epoch time: 0.19s

Running validation at epoch 550...

VALIDATION_EPOCH_550 EVALUATION RESULTS:
==================================================
Obj:     2.413565e+01
Opt Gap:      4.270386e+01 ± 1.387495e+01
Eq Vio l1:   1.329738e+00 (max: 2.786134e+00)
Ineq Vio l1: 9.556104e-02 (max: 1.772326e+00)
Sol Dis:   1.767579e+02 ± 7.323387e-01
Merit:             3.838864e+01 ± 1.281943e-01
Avg Inf Time:  0.0002s
==================================================
✓ Model saved: results/nonsmooth_nonconvex/socp/SOCPProblem-100-50-50-10000/20260115-150727_MLP_sup_pen_seed0_nepochs1000_lr0.0001_trainsize7000_subopt_3_1.5/model_550.pt
Epoch 552/1000, Loss: 46.9196, Obj: 24.0704, Eq Viol (l1): 2.921270, Ineq Viol (l1): 0.266622, Epoch time: 0.19s
Epoch 553/1000, Loss: 46.9768, Obj: 24.1077, Eq Viol (l1): 2.931467, Ineq Viol (l1): 0.258672, Epoch time: 0.19s
Epoch 554/1000, Loss: 46.9388, Obj: 24.0912, Eq Viol (l1): 2.914322, Ineq Viol (l1): 0.262975, Epoch time: 0.19s
Epoch 555/1000, Loss: 46.9589, Obj: 24.1201, Eq Viol (l1): 2.933086, Ineq Viol (l1): 0.257095, Epoch time: 0.19s
Epoch 556/1000, Loss: 47.0064, Obj: 24.0936, Eq Viol (l1): 2.932044, Ineq Viol (l1): 0.263502, Epoch time: 0.19s
Epoch 557/1000, Loss: 46.8584, Obj: 24.0585, Eq Viol (l1): 2.926764, Ineq Viol (l1): 0.257117, Epoch time: 0.19s
Epoch 558/1000, Loss: 46.8340, Obj: 24.0192, Eq Viol (l1): 2.913621, Ineq Viol (l1): 0.264862, Epoch time: 0.19s
Epoch 559/1000, Loss: 46.8669, Obj: 24.0729, Eq Viol (l1): 2.920588, Ineq Viol (l1): 0.258693, Epoch time: 0.19s
Epoch 560/1000, Loss: 46.9169, Obj: 24.0761, Eq Viol (l1): 2.921678, Ineq Viol (l1): 0.261749, Epoch time: 0.19s
Epoch 561/1000, Loss: 46.8729, Obj: 24.0267, Eq Viol (l1): 2.925869, Ineq Viol (l1): 0.264102, Epoch time: 0.19s

Running validation at epoch 560...

VALIDATION_EPOCH_560 EVALUATION RESULTS:
==================================================
Obj:     2.404642e+01
Opt Gap:      4.250555e+01 ± 1.378255e+01
Eq Vio l1:   1.344305e+00 (max: 2.771308e+00)
Ineq Vio l1: 9.587676e-02 (max: 1.787642e+00)
Sol Dis:   1.764780e+02 ± 7.458587e-01
Merit:             3.844825e+01 ± 1.236707e-01
Avg Inf Time:  0.0003s
==================================================
✓ Model saved: results/nonsmooth_nonconvex/socp/SOCPProblem-100-50-50-10000/20260115-150727_MLP_sup_pen_seed0_nepochs1000_lr0.0001_trainsize7000_subopt_3_1.5/model_560.pt
Epoch 562/1000, Loss: 46.8145, Obj: 24.0474, Eq Viol (l1): 2.914649, Ineq Viol (l1): 0.256909, Epoch time: 0.19s
Epoch 563/1000, Loss: 46.8833, Obj: 24.0481, Eq Viol (l1): 2.927272, Ineq Viol (l1): 0.264538, Epoch time: 0.19s
Epoch 564/1000, Loss: 46.8138, Obj: 24.0208, Eq Viol (l1): 2.912965, Ineq Viol (l1): 0.260692, Epoch time: 0.19s
Epoch 565/1000, Loss: 46.7507, Obj: 23.9993, Eq Viol (l1): 2.910733, Ineq Viol (l1): 0.257920, Epoch time: 0.19s
Epoch 566/1000, Loss: 46.7728, Obj: 24.0142, Eq Viol (l1): 2.917937, Ineq Viol (l1): 0.259127, Epoch time: 0.19s
Epoch 567/1000, Loss: 46.7711, Obj: 24.0142, Eq Viol (l1): 2.903065, Ineq Viol (l1): 0.260287, Epoch time: 0.19s
Epoch 568/1000, Loss: 46.8173, Obj: 24.0366, Eq Viol (l1): 2.920166, Ineq Viol (l1): 0.263237, Epoch time: 0.19s
Epoch 569/1000, Loss: 46.8621, Obj: 24.0426, Eq Viol (l1): 2.930239, Ineq Viol (l1): 0.260087, Epoch time: 0.19s
Epoch 570/1000, Loss: 46.8290, Obj: 24.0294, Eq Viol (l1): 2.923635, Ineq Viol (l1): 0.261554, Epoch time: 0.19s
Epoch 571/1000, Loss: 46.8169, Obj: 24.0406, Eq Viol (l1): 2.923628, Ineq Viol (l1): 0.262758, Epoch time: 0.19s

Running validation at epoch 570...

VALIDATION_EPOCH_570 EVALUATION RESULTS:
==================================================
Obj:     2.414338e+01
Opt Gap:      4.288402e+01 ± 1.407319e+01
Eq Vio l1:   1.354815e+00 (max: 2.815355e+00)
Ineq Vio l1: 8.289829e-02 (max: 1.555142e+00)
Sol Dis:   1.767094e+02 ± 7.630025e-01
Merit:             3.852052e+01 ± 8.075856e-02
Avg Inf Time:  0.0002s
==================================================
✓ Model saved: results/nonsmooth_nonconvex/socp/SOCPProblem-100-50-50-10000/20260115-150727_MLP_sup_pen_seed0_nepochs1000_lr0.0001_trainsize7000_subopt_3_1.5/model_570.pt
Epoch 572/1000, Loss: 46.6861, Obj: 24.0219, Eq Viol (l1): 2.904126, Ineq Viol (l1): 0.257826, Epoch time: 0.19s
Epoch 573/1000, Loss: 46.6205, Obj: 23.9864, Eq Viol (l1): 2.908475, Ineq Viol (l1): 0.262741, Epoch time: 0.19s
Epoch 574/1000, Loss: 46.6863, Obj: 23.9905, Eq Viol (l1): 2.905094, Ineq Viol (l1): 0.263864, Epoch time: 0.19s
Epoch 575/1000, Loss: 46.6868, Obj: 23.9869, Eq Viol (l1): 2.897281, Ineq Viol (l1): 0.259344, Epoch time: 0.19s
Epoch 576/1000, Loss: 46.7017, Obj: 24.0008, Eq Viol (l1): 2.900510, Ineq Viol (l1): 0.262195, Epoch time: 0.19s
Epoch 577/1000, Loss: 46.7028, Obj: 24.0079, Eq Viol (l1): 2.918288, Ineq Viol (l1): 0.259809, Epoch time: 0.19s
Epoch 578/1000, Loss: 46.7204, Obj: 24.0331, Eq Viol (l1): 2.910795, Ineq Viol (l1): 0.253760, Epoch time: 0.19s
Epoch 579/1000, Loss: 46.6599, Obj: 23.9715, Eq Viol (l1): 2.906920, Ineq Viol (l1): 0.264658, Epoch time: 0.19s
Epoch 580/1000, Loss: 46.7604, Obj: 24.0389, Eq Viol (l1): 2.906053, Ineq Viol (l1): 0.264386, Epoch time: 0.19s
Epoch 581/1000, Loss: 46.7362, Obj: 24.0258, Eq Viol (l1): 2.930668, Ineq Viol (l1): 0.257497, Epoch time: 0.19s

Running validation at epoch 580...

VALIDATION_EPOCH_580 EVALUATION RESULTS:
==================================================
Obj:     2.393767e+01
Opt Gap:      4.212705e+01 ± 1.359278e+01
Eq Vio l1:   1.304018e+00 (max: 3.243573e+00)
Ineq Vio l1: 1.417115e-01 (max: 2.568806e+00)
Sol Dis:   1.760468e+02 ± 8.216577e-01
Merit:             3.839497e+01 ± 1.804214e-01
Avg Inf Time:  0.0002s
==================================================
✓ Model saved: results/nonsmooth_nonconvex/socp/SOCPProblem-100-50-50-10000/20260115-150727_MLP_sup_pen_seed0_nepochs1000_lr0.0001_trainsize7000_subopt_3_1.5/model_580.pt
Epoch 582/1000, Loss: 46.6858, Obj: 23.9917, Eq Viol (l1): 2.896143, Ineq Viol (l1): 0.259427, Epoch time: 0.19s
Epoch 583/1000, Loss: 46.6700, Obj: 24.0189, Eq Viol (l1): 2.901257, Ineq Viol (l1): 0.261431, Epoch time: 0.19s
Epoch 584/1000, Loss: 46.6793, Obj: 23.9775, Eq Viol (l1): 2.926485, Ineq Viol (l1): 0.265192, Epoch time: 0.19s
Epoch 585/1000, Loss: 46.5967, Obj: 23.9508, Eq Viol (l1): 2.909550, Ineq Viol (l1): 0.253999, Epoch time: 0.19s
Epoch 586/1000, Loss: 46.5477, Obj: 23.9600, Eq Viol (l1): 2.904923, Ineq Viol (l1): 0.261209, Epoch time: 0.19s
Epoch 587/1000, Loss: 46.5537, Obj: 23.9752, Eq Viol (l1): 2.893756, Ineq Viol (l1): 0.256701, Epoch time: 0.19s
Epoch 588/1000, Loss: 46.5972, Obj: 23.9920, Eq Viol (l1): 2.899347, Ineq Viol (l1): 0.263522, Epoch time: 0.19s
Epoch 589/1000, Loss: 46.5717, Obj: 23.9610, Eq Viol (l1): 2.898757, Ineq Viol (l1): 0.258296, Epoch time: 0.19s
Epoch 590/1000, Loss: 46.5934, Obj: 23.9826, Eq Viol (l1): 2.904100, Ineq Viol (l1): 0.250893, Epoch time: 0.19s
Epoch 591/1000, Loss: 46.6216, Obj: 23.9387, Eq Viol (l1): 2.905695, Ineq Viol (l1): 0.274568, Epoch time: 0.19s

Running validation at epoch 590...

VALIDATION_EPOCH_590 EVALUATION RESULTS:
==================================================
Obj:     2.393416e+01
Opt Gap:      4.249931e+01 ± 1.386362e+01
Eq Vio l1:   1.294336e+00 (max: 2.678912e+00)
Ineq Vio l1: 9.534909e-02 (max: 1.260830e+00)
Sol Dis:   1.759934e+02 ± 7.462269e-01
Merit:             3.783101e+01 ± 1.001592e-01
Avg Inf Time:  0.0002s
==================================================
✓ Model saved: results/nonsmooth_nonconvex/socp/SOCPProblem-100-50-50-10000/20260115-150727_MLP_sup_pen_seed0_nepochs1000_lr0.0001_trainsize7000_subopt_3_1.5/model_590.pt
Epoch 592/1000, Loss: 46.5355, Obj: 23.9411, Eq Viol (l1): 2.896149, Ineq Viol (l1): 0.261359, Epoch time: 0.19s
Epoch 593/1000, Loss: 46.6598, Obj: 23.9915, Eq Viol (l1): 2.908173, Ineq Viol (l1): 0.256968, Epoch time: 0.19s
Epoch 594/1000, Loss: 46.6246, Obj: 23.9950, Eq Viol (l1): 2.910650, Ineq Viol (l1): 0.253205, Epoch time: 0.19s
Epoch 595/1000, Loss: 46.5419, Obj: 23.9367, Eq Viol (l1): 2.907600, Ineq Viol (l1): 0.263722, Epoch time: 0.19s
Epoch 596/1000, Loss: 46.5350, Obj: 23.9505, Eq Viol (l1): 2.901436, Ineq Viol (l1): 0.263036, Epoch time: 0.27s
Epoch 597/1000, Loss: 46.5727, Obj: 23.9578, Eq Viol (l1): 2.899462, Ineq Viol (l1): 0.254551, Epoch time: 0.19s
Epoch 598/1000, Loss: 46.4755, Obj: 23.9202, Eq Viol (l1): 2.902101, Ineq Viol (l1): 0.265066, Epoch time: 0.19s
Epoch 599/1000, Loss: 46.5544, Obj: 23.9597, Eq Viol (l1): 2.909566, Ineq Viol (l1): 0.258348, Epoch time: 0.19s
Epoch 600/1000, Loss: 46.4152, Obj: 23.9298, Eq Viol (l1): 2.900893, Ineq Viol (l1): 0.253996, Epoch time: 0.19s
Epoch 601/1000, Loss: 46.4496, Obj: 23.9011, Eq Viol (l1): 2.908081, Ineq Viol (l1): 0.263507, Epoch time: 0.19s

Running validation at epoch 600...

VALIDATION_EPOCH_600 EVALUATION RESULTS:
==================================================
Obj:     2.386580e+01
Opt Gap:      4.246609e+01 ± 1.401057e+01
Eq Vio l1:   1.285655e+00 (max: 2.524336e+00)
Ineq Vio l1: 1.153097e-01 (max: 1.645985e+00)
Sol Dis:   1.757963e+02 ± 7.329418e-01
Merit:             3.787545e+01 ± 7.147404e-02
Avg Inf Time:  0.0002s
==================================================
✓ Model saved: results/nonsmooth_nonconvex/socp/SOCPProblem-100-50-50-10000/20260115-150727_MLP_sup_pen_seed0_nepochs1000_lr0.0001_trainsize7000_subopt_3_1.5/model_600.pt
Epoch 602/1000, Loss: 46.4552, Obj: 23.9090, Eq Viol (l1): 2.893711, Ineq Viol (l1): 0.261309, Epoch time: 0.19s
Epoch 603/1000, Loss: 46.4281, Obj: 23.9289, Eq Viol (l1): 2.910287, Ineq Viol (l1): 0.262850, Epoch time: 0.19s
Epoch 604/1000, Loss: 46.4520, Obj: 23.9513, Eq Viol (l1): 2.916257, Ineq Viol (l1): 0.251766, Epoch time: 0.19s
Epoch 605/1000, Loss: 46.4136, Obj: 23.9326, Eq Viol (l1): 2.896515, Ineq Viol (l1): 0.262597, Epoch time: 0.19s
Epoch 606/1000, Loss: 46.4139, Obj: 23.9088, Eq Viol (l1): 2.890758, Ineq Viol (l1): 0.255795, Epoch time: 0.19s
Epoch 607/1000, Loss: 46.4119, Obj: 23.9061, Eq Viol (l1): 2.894545, Ineq Viol (l1): 0.262635, Epoch time: 0.19s
Epoch 608/1000, Loss: 46.3791, Obj: 23.8977, Eq Viol (l1): 2.890905, Ineq Viol (l1): 0.257109, Epoch time: 0.19s
Epoch 609/1000, Loss: 46.3183, Obj: 23.8797, Eq Viol (l1): 2.892698, Ineq Viol (l1): 0.258533, Epoch time: 0.19s
Epoch 610/1000, Loss: 46.3824, Obj: 23.9174, Eq Viol (l1): 2.900331, Ineq Viol (l1): 0.254088, Epoch time: 0.19s
Epoch 611/1000, Loss: 46.3706, Obj: 23.8809, Eq Viol (l1): 2.890188, Ineq Viol (l1): 0.270578, Epoch time: 0.19s

Running validation at epoch 610...

VALIDATION_EPOCH_610 EVALUATION RESULTS:
==================================================
Obj:     2.386249e+01
Opt Gap:      4.207696e+01 ± 1.361245e+01
Eq Vio l1:   1.311241e+00 (max: 2.610960e+00)
Ineq Vio l1: 1.013930e-01 (max: 1.315256e+00)
Sol Dis:   1.758460e+02 ± 7.827167e-01
Merit:             3.798883e+01 ± 1.765195e-01
Avg Inf Time:  0.0002s
==================================================
✓ Model saved: results/nonsmooth_nonconvex/socp/SOCPProblem-100-50-50-10000/20260115-150727_MLP_sup_pen_seed0_nepochs1000_lr0.0001_trainsize7000_subopt_3_1.5/model_610.pt
Epoch 612/1000, Loss: 46.3371, Obj: 23.8909, Eq Viol (l1): 2.892348, Ineq Viol (l1): 0.258955, Epoch time: 0.19s
Epoch 613/1000, Loss: 46.3134, Obj: 23.8971, Eq Viol (l1): 2.901319, Ineq Viol (l1): 0.251253, Epoch time: 0.19s
Epoch 614/1000, Loss: 46.2941, Obj: 23.8752, Eq Viol (l1): 2.891294, Ineq Viol (l1): 0.266431, Epoch time: 0.19s
Epoch 615/1000, Loss: 46.3151, Obj: 23.8944, Eq Viol (l1): 2.900493, Ineq Viol (l1): 0.258234, Epoch time: 0.19s
Epoch 616/1000, Loss: 46.2186, Obj: 23.8734, Eq Viol (l1): 2.884872, Ineq Viol (l1): 0.254421, Epoch time: 0.19s
Epoch 617/1000, Loss: 46.3070, Obj: 23.8972, Eq Viol (l1): 2.894099, Ineq Viol (l1): 0.256300, Epoch time: 0.19s
Epoch 618/1000, Loss: 46.1842, Obj: 23.8526, Eq Viol (l1): 2.883116, Ineq Viol (l1): 0.257080, Epoch time: 0.19s
Epoch 619/1000, Loss: 46.3143, Obj: 23.8666, Eq Viol (l1): 2.875330, Ineq Viol (l1): 0.260079, Epoch time: 0.19s
Epoch 620/1000, Loss: 46.3748, Obj: 23.8964, Eq Viol (l1): 2.891494, Ineq Viol (l1): 0.252799, Epoch time: 0.19s
Epoch 621/1000, Loss: 46.2434, Obj: 23.8703, Eq Viol (l1): 2.886944, Ineq Viol (l1): 0.261504, Epoch time: 0.19s

Running validation at epoch 620...

VALIDATION_EPOCH_620 EVALUATION RESULTS:
==================================================
Obj:     2.388509e+01
Opt Gap:      4.222143e+01 ± 1.367223e+01
Eq Vio l1:   1.346831e+00 (max: 2.761205e+00)
Ineq Vio l1: 1.001901e-01 (max: 1.458137e+00)
Sol Dis:   1.759567e+02 ± 7.575645e-01
Merit:             3.835530e+01 ± 7.415661e-02
Avg Inf Time:  0.0002s
==================================================
✓ Model saved: results/nonsmooth_nonconvex/socp/SOCPProblem-100-50-50-10000/20260115-150727_MLP_sup_pen_seed0_nepochs1000_lr0.0001_trainsize7000_subopt_3_1.5/model_620.pt
Epoch 622/1000, Loss: 46.2564, Obj: 23.8598, Eq Viol (l1): 2.895341, Ineq Viol (l1): 0.257507, Epoch time: 0.19s
Epoch 623/1000, Loss: 46.2022, Obj: 23.8584, Eq Viol (l1): 2.883965, Ineq Viol (l1): 0.256898, Epoch time: 0.19s
Epoch 624/1000, Loss: 46.2785, Obj: 23.8504, Eq Viol (l1): 2.893097, Ineq Viol (l1): 0.262823, Epoch time: 0.19s
Epoch 625/1000, Loss: 46.1067, Obj: 23.8454, Eq Viol (l1): 2.884782, Ineq Viol (l1): 0.248157, Epoch time: 0.19s
Epoch 626/1000, Loss: 46.1791, Obj: 23.8516, Eq Viol (l1): 2.886215, Ineq Viol (l1): 0.263360, Epoch time: 0.19s
Epoch 627/1000, Loss: 46.1630, Obj: 23.8068, Eq Viol (l1): 2.876515, Ineq Viol (l1): 0.265460, Epoch time: 0.19s
Epoch 628/1000, Loss: 46.2216, Obj: 23.8701, Eq Viol (l1): 2.881427, Ineq Viol (l1): 0.254588, Epoch time: 0.19s
Epoch 629/1000, Loss: 46.1206, Obj: 23.8068, Eq Viol (l1): 2.878800, Ineq Viol (l1): 0.255335, Epoch time: 0.19s
Epoch 630/1000, Loss: 46.1656, Obj: 23.8611, Eq Viol (l1): 2.881703, Ineq Viol (l1): 0.258869, Epoch time: 0.19s
Epoch 631/1000, Loss: 46.1794, Obj: 23.8670, Eq Viol (l1): 2.902593, Ineq Viol (l1): 0.254381, Epoch time: 0.26s

Running validation at epoch 630...

VALIDATION_EPOCH_630 EVALUATION RESULTS:
==================================================
Obj:     2.383376e+01
Opt Gap:      4.221455e+01 ± 1.374341e+01
Eq Vio l1:   1.248705e+00 (max: 2.677159e+00)
Ineq Vio l1: 1.064710e-01 (max: 1.631973e+00)
Sol Dis:   1.756662e+02 ± 7.871472e-01
Merit:             3.738552e+01 ± 7.283319e-02
Avg Inf Time:  0.0002s
==================================================
✓ Model saved: results/nonsmooth_nonconvex/socp/SOCPProblem-100-50-50-10000/20260115-150727_MLP_sup_pen_seed0_nepochs1000_lr0.0001_trainsize7000_subopt_3_1.5/model_630.pt
Epoch 632/1000, Loss: 46.2024, Obj: 23.8698, Eq Viol (l1): 2.897359, Ineq Viol (l1): 0.262265, Epoch time: 0.19s
Epoch 633/1000, Loss: 46.1421, Obj: 23.8241, Eq Viol (l1): 2.898085, Ineq Viol (l1): 0.263077, Epoch time: 0.19s
Epoch 634/1000, Loss: 46.1393, Obj: 23.8394, Eq Viol (l1): 2.869177, Ineq Viol (l1): 0.267283, Epoch time: 0.19s
Epoch 635/1000, Loss: 46.2108, Obj: 23.8880, Eq Viol (l1): 2.884030, Ineq Viol (l1): 0.251590, Epoch time: 0.19s
Epoch 636/1000, Loss: 46.1195, Obj: 23.8286, Eq Viol (l1): 2.879284, Ineq Viol (l1): 0.261433, Epoch time: 0.19s
Epoch 637/1000, Loss: 46.1463, Obj: 23.8515, Eq Viol (l1): 2.882678, Ineq Viol (l1): 0.260945, Epoch time: 0.19s
Epoch 638/1000, Loss: 46.1561, Obj: 23.8720, Eq Viol (l1): 2.874571, Ineq Viol (l1): 0.259773, Epoch time: 0.19s
Epoch 639/1000, Loss: 46.1475, Obj: 23.8410, Eq Viol (l1): 2.888333, Ineq Viol (l1): 0.259735, Epoch time: 0.19s
Epoch 640/1000, Loss: 46.1179, Obj: 23.8272, Eq Viol (l1): 2.888297, Ineq Viol (l1): 0.262993, Epoch time: 0.19s
Epoch 641/1000, Loss: 46.1984, Obj: 23.8749, Eq Viol (l1): 2.894809, Ineq Viol (l1): 0.253691, Epoch time: 0.19s

Running validation at epoch 640...

VALIDATION_EPOCH_640 EVALUATION RESULTS:
==================================================
Obj:     2.376603e+01
Opt Gap:      4.224149e+01 ± 1.378260e+01
Eq Vio l1:   1.304109e+00 (max: 2.616863e+00)
Ineq Vio l1: 1.621638e-01 (max: 2.939165e+00)
Sol Dis:   1.754011e+02 ± 7.032551e-01
Merit:             3.842876e+01 ± 2.714493e-02
Avg Inf Time:  0.0002s
==================================================
✓ Model saved: results/nonsmooth_nonconvex/socp/SOCPProblem-100-50-50-10000/20260115-150727_MLP_sup_pen_seed0_nepochs1000_lr0.0001_trainsize7000_subopt_3_1.5/model_640.pt
Epoch 642/1000, Loss: 46.1765, Obj: 23.8105, Eq Viol (l1): 2.895198, Ineq Viol (l1): 0.268614, Epoch time: 0.19s
Epoch 643/1000, Loss: 46.0022, Obj: 23.7934, Eq Viol (l1): 2.874738, Ineq Viol (l1): 0.256572, Epoch time: 0.19s
Epoch 644/1000, Loss: 46.0538, Obj: 23.8223, Eq Viol (l1): 2.879245, Ineq Viol (l1): 0.259144, Epoch time: 0.19s
Epoch 645/1000, Loss: 46.0055, Obj: 23.8058, Eq Viol (l1): 2.877069, Ineq Viol (l1): 0.265591, Epoch time: 0.19s
Epoch 646/1000, Loss: 46.0665, Obj: 23.8415, Eq Viol (l1): 2.886265, Ineq Viol (l1): 0.244737, Epoch time: 0.19s
Epoch 647/1000, Loss: 46.0039, Obj: 23.8079, Eq Viol (l1): 2.881218, Ineq Viol (l1): 0.268733, Epoch time: 0.19s
Epoch 648/1000, Loss: 45.9881, Obj: 23.8053, Eq Viol (l1): 2.874763, Ineq Viol (l1): 0.259412, Epoch time: 0.19s
Epoch 649/1000, Loss: 46.0958, Obj: 23.8434, Eq Viol (l1): 2.887104, Ineq Viol (l1): 0.259866, Epoch time: 0.19s
Epoch 650/1000, Loss: 46.0145, Obj: 23.8000, Eq Viol (l1): 2.879654, Ineq Viol (l1): 0.251174, Epoch time: 0.19s
Epoch 651/1000, Loss: 45.9636, Obj: 23.8006, Eq Viol (l1): 2.876584, Ineq Viol (l1): 0.256541, Epoch time: 0.19s

Running validation at epoch 650...

VALIDATION_EPOCH_650 EVALUATION RESULTS:
==================================================
Obj:     2.380948e+01
Opt Gap:      4.220442e+01 ± 1.382597e+01
Eq Vio l1:   1.251947e+00 (max: 2.491352e+00)
Ineq Vio l1: 1.159068e-01 (max: 1.894799e+00)
Sol Dis:   1.755831e+02 ± 6.915778e-01
Merit:             3.748802e+01 ± 5.394473e-02
Avg Inf Time:  0.0002s
==================================================
✓ Model saved: results/nonsmooth_nonconvex/socp/SOCPProblem-100-50-50-10000/20260115-150727_MLP_sup_pen_seed0_nepochs1000_lr0.0001_trainsize7000_subopt_3_1.5/model_650.pt
Epoch 652/1000, Loss: 45.9359, Obj: 23.8210, Eq Viol (l1): 2.874953, Ineq Viol (l1): 0.257146, Epoch time: 0.19s
Epoch 653/1000, Loss: 45.9773, Obj: 23.7943, Eq Viol (l1): 2.876565, Ineq Viol (l1): 0.260829, Epoch time: 0.19s
Epoch 654/1000, Loss: 45.9838, Obj: 23.8175, Eq Viol (l1): 2.870125, Ineq Viol (l1): 0.255974, Epoch time: 0.19s
Epoch 655/1000, Loss: 45.9435, Obj: 23.7859, Eq Viol (l1): 2.874119, Ineq Viol (l1): 0.265374, Epoch time: 0.19s
Epoch 656/1000, Loss: 45.9267, Obj: 23.8168, Eq Viol (l1): 2.877393, Ineq Viol (l1): 0.250192, Epoch time: 0.19s
Epoch 657/1000, Loss: 45.9809, Obj: 23.8221, Eq Viol (l1): 2.870700, Ineq Viol (l1): 0.262593, Epoch time: 0.19s
Epoch 658/1000, Loss: 45.9437, Obj: 23.8200, Eq Viol (l1): 2.875456, Ineq Viol (l1): 0.252207, Epoch time: 0.19s
Epoch 659/1000, Loss: 45.9738, Obj: 23.8023, Eq Viol (l1): 2.880937, Ineq Viol (l1): 0.257968, Epoch time: 0.19s
Epoch 660/1000, Loss: 45.9380, Obj: 23.8062, Eq Viol (l1): 2.875802, Ineq Viol (l1): 0.260423, Epoch time: 0.19s
Epoch 661/1000, Loss: 45.9351, Obj: 23.7940, Eq Viol (l1): 2.879525, Ineq Viol (l1): 0.252735, Epoch time: 0.19s

Running validation at epoch 660...

VALIDATION_EPOCH_660 EVALUATION RESULTS:
==================================================
Obj:     2.376037e+01
Opt Gap:      4.196340e+01 ± 1.361407e+01
Eq Vio l1:   1.282683e+00 (max: 2.786811e+00)
Ineq Vio l1: 1.117824e-01 (max: 2.038348e+00)
Sol Dis:   1.753125e+02 ± 7.528724e-01
Merit:             3.770503e+01 ± 8.465845e-02
Avg Inf Time:  0.0002s
==================================================
✓ Model saved: results/nonsmooth_nonconvex/socp/SOCPProblem-100-50-50-10000/20260115-150727_MLP_sup_pen_seed0_nepochs1000_lr0.0001_trainsize7000_subopt_3_1.5/model_660.pt
Epoch 662/1000, Loss: 45.8816, Obj: 23.7899, Eq Viol (l1): 2.873314, Ineq Viol (l1): 0.260217, Epoch time: 0.19s
Epoch 663/1000, Loss: 45.9787, Obj: 23.8153, Eq Viol (l1): 2.877170, Ineq Viol (l1): 0.255918, Epoch time: 0.19s
Epoch 664/1000, Loss: 45.8707, Obj: 23.7831, Eq Viol (l1): 2.877197, Ineq Viol (l1): 0.270439, Epoch time: 0.19s
Epoch 665/1000, Loss: 45.8518, Obj: 23.7924, Eq Viol (l1): 2.875545, Ineq Viol (l1): 0.251292, Epoch time: 0.19s
Epoch 666/1000, Loss: 45.8881, Obj: 23.7923, Eq Viol (l1): 2.865410, Ineq Viol (l1): 0.261290, Epoch time: 0.19s
Epoch 667/1000, Loss: 45.9399, Obj: 23.8315, Eq Viol (l1): 2.878349, Ineq Viol (l1): 0.255694, Epoch time: 0.27s
Epoch 668/1000, Loss: 45.8610, Obj: 23.7800, Eq Viol (l1): 2.873023, Ineq Viol (l1): 0.261230, Epoch time: 0.19s
Epoch 669/1000, Loss: 45.9668, Obj: 23.8046, Eq Viol (l1): 2.891820, Ineq Viol (l1): 0.254120, Epoch time: 0.19s
Epoch 670/1000, Loss: 45.8821, Obj: 23.7923, Eq Viol (l1): 2.876165, Ineq Viol (l1): 0.254790, Epoch time: 0.19s
Epoch 671/1000, Loss: 45.7763, Obj: 23.7705, Eq Viol (l1): 2.864541, Ineq Viol (l1): 0.255075, Epoch time: 0.19s

Running validation at epoch 670...

VALIDATION_EPOCH_670 EVALUATION RESULTS:
==================================================
Obj:     2.367794e+01
Opt Gap:      4.185180e+01 ± 1.351107e+01
Eq Vio l1:   1.269835e+00 (max: 2.306518e+00)
Ineq Vio l1: 1.404624e-01 (max: 1.931701e+00)
Sol Dis:   1.750903e+02 ± 7.181150e-01
Merit:             3.778091e+01 ± 2.382371e-02
Avg Inf Time:  0.0002s
==================================================
✓ Model saved: results/nonsmooth_nonconvex/socp/SOCPProblem-100-50-50-10000/20260115-150727_MLP_sup_pen_seed0_nepochs1000_lr0.0001_trainsize7000_subopt_3_1.5/model_670.pt
Epoch 672/1000, Loss: 45.7892, Obj: 23.7774, Eq Viol (l1): 2.861751, Ineq Viol (l1): 0.260523, Epoch time: 0.19s
Epoch 673/1000, Loss: 45.7767, Obj: 23.7771, Eq Viol (l1): 2.854012, Ineq Viol (l1): 0.258672, Epoch time: 0.19s
Epoch 674/1000, Loss: 45.8210, Obj: 23.7813, Eq Viol (l1): 2.877950, Ineq Viol (l1): 0.257312, Epoch time: 0.19s
Epoch 675/1000, Loss: 45.8544, Obj: 23.7919, Eq Viol (l1): 2.876187, Ineq Viol (l1): 0.251215, Epoch time: 0.19s
Epoch 676/1000, Loss: 45.7567, Obj: 23.7840, Eq Viol (l1): 2.866742, Ineq Viol (l1): 0.259283, Epoch time: 0.19s
Epoch 677/1000, Loss: 45.8142, Obj: 23.7648, Eq Viol (l1): 2.874552, Ineq Viol (l1): 0.262577, Epoch time: 0.19s
Epoch 678/1000, Loss: 45.8123, Obj: 23.7656, Eq Viol (l1): 2.868632, Ineq Viol (l1): 0.260726, Epoch time: 0.19s
Epoch 679/1000, Loss: 45.7093, Obj: 23.7659, Eq Viol (l1): 2.865332, Ineq Viol (l1): 0.253208, Epoch time: 0.19s
Epoch 680/1000, Loss: 45.7620, Obj: 23.7868, Eq Viol (l1): 2.865399, Ineq Viol (l1): 0.251419, Epoch time: 0.19s
Epoch 681/1000, Loss: 45.7913, Obj: 23.7558, Eq Viol (l1): 2.867656, Ineq Viol (l1): 0.269724, Epoch time: 0.19s

Running validation at epoch 680...

VALIDATION_EPOCH_680 EVALUATION RESULTS:
==================================================
Obj:     2.384695e+01
Opt Gap:      4.216691e+01 ± 1.369266e+01
Eq Vio l1:   1.353655e+00 (max: 2.754227e+00)
Ineq Vio l1: 8.186865e-02 (max: 1.079103e+00)
Sol Dis:   1.756362e+02 ± 7.398717e-01
Merit:             3.820219e+01 ± 8.506268e-02
Avg Inf Time:  0.0002s
==================================================
✓ Model saved: results/nonsmooth_nonconvex/socp/SOCPProblem-100-50-50-10000/20260115-150727_MLP_sup_pen_seed0_nepochs1000_lr0.0001_trainsize7000_subopt_3_1.5/model_680.pt
Epoch 682/1000, Loss: 45.7636, Obj: 23.7627, Eq Viol (l1): 2.873815, Ineq Viol (l1): 0.256543, Epoch time: 0.19s
Epoch 683/1000, Loss: 45.8149, Obj: 23.7950, Eq Viol (l1): 2.869480, Ineq Viol (l1): 0.259724, Epoch time: 0.19s
Epoch 684/1000, Loss: 45.6754, Obj: 23.7510, Eq Viol (l1): 2.861117, Ineq Viol (l1): 0.249818, Epoch time: 0.19s
Epoch 685/1000, Loss: 45.7551, Obj: 23.7581, Eq Viol (l1): 2.877175, Ineq Viol (l1): 0.259555, Epoch time: 0.19s
Epoch 686/1000, Loss: 45.7472, Obj: 23.7826, Eq Viol (l1): 2.879183, Ineq Viol (l1): 0.254727, Epoch time: 0.19s
Epoch 687/1000, Loss: 45.7855, Obj: 23.7966, Eq Viol (l1): 2.869902, Ineq Viol (l1): 0.259422, Epoch time: 0.19s
Epoch 688/1000, Loss: 45.7495, Obj: 23.7569, Eq Viol (l1): 2.866772, Ineq Viol (l1): 0.263130, Epoch time: 0.19s
Epoch 689/1000, Loss: 45.6665, Obj: 23.7620, Eq Viol (l1): 2.867289, Ineq Viol (l1): 0.251218, Epoch time: 0.19s
Epoch 690/1000, Loss: 45.7384, Obj: 23.7709, Eq Viol (l1): 2.853661, Ineq Viol (l1): 0.259032, Epoch time: 0.19s
Epoch 691/1000, Loss: 45.6709, Obj: 23.7642, Eq Viol (l1): 2.864757, Ineq Viol (l1): 0.260614, Epoch time: 0.19s

Running validation at epoch 690...

VALIDATION_EPOCH_690 EVALUATION RESULTS:
==================================================
Obj:     2.382865e+01
Opt Gap:      4.209368e+01 ± 1.362840e+01
Eq Vio l1:   1.358819e+00 (max: 2.744885e+00)
Ineq Vio l1: 7.714703e-02 (max: 1.516065e+00)
Sol Dis:   1.756092e+02 ± 7.415057e-01
Merit:             3.818831e+01 ± 1.021180e-01
Avg Inf Time:  0.0002s
==================================================
✓ Model saved: results/nonsmooth_nonconvex/socp/SOCPProblem-100-50-50-10000/20260115-150727_MLP_sup_pen_seed0_nepochs1000_lr0.0001_trainsize7000_subopt_3_1.5/model_690.pt
Epoch 692/1000, Loss: 45.6088, Obj: 23.7486, Eq Viol (l1): 2.861035, Ineq Viol (l1): 0.249954, Epoch time: 0.19s
Epoch 693/1000, Loss: 45.6629, Obj: 23.7302, Eq Viol (l1): 2.859522, Ineq Viol (l1): 0.272305, Epoch time: 0.19s
Epoch 694/1000, Loss: 45.6696, Obj: 23.7648, Eq Viol (l1): 2.864657, Ineq Viol (l1): 0.252199, Epoch time: 0.19s
Epoch 695/1000, Loss: 45.6253, Obj: 23.7438, Eq Viol (l1): 2.852809, Ineq Viol (l1): 0.256812, Epoch time: 0.19s
Epoch 696/1000, Loss: 45.6626, Obj: 23.7525, Eq Viol (l1): 2.868670, Ineq Viol (l1): 0.260502, Epoch time: 0.19s
Epoch 697/1000, Loss: 45.6622, Obj: 23.7532, Eq Viol (l1): 2.865859, Ineq Viol (l1): 0.253858, Epoch time: 0.19s
Epoch 698/1000, Loss: 45.6168, Obj: 23.7620, Eq Viol (l1): 2.872634, Ineq Viol (l1): 0.251914, Epoch time: 0.19s
Epoch 699/1000, Loss: 45.5634, Obj: 23.7292, Eq Viol (l1): 2.852630, Ineq Viol (l1): 0.261796, Epoch time: 0.19s
Epoch 700/1000, Loss: 45.6511, Obj: 23.7459, Eq Viol (l1): 2.864553, Ineq Viol (l1): 0.254649, Epoch time: 0.19s
Epoch 701/1000, Loss: 45.5837, Obj: 23.7050, Eq Viol (l1): 2.863835, Ineq Viol (l1): 0.261216, Epoch time: 0.19s

Running validation at epoch 700...

VALIDATION_EPOCH_700 EVALUATION RESULTS:
==================================================
Obj:     2.382576e+01
Opt Gap:      4.205919e+01 ± 1.353552e+01
Eq Vio l1:   1.341648e+00 (max: 2.654070e+00)
Ineq Vio l1: 8.623806e-02 (max: 1.444061e+00)
Sol Dis:   1.757000e+02 ± 7.102848e-01
Merit:             3.810462e+01 ± 5.565805e-02
Avg Inf Time:  0.0003s
==================================================
✓ Model saved: results/nonsmooth_nonconvex/socp/SOCPProblem-100-50-50-10000/20260115-150727_MLP_sup_pen_seed0_nepochs1000_lr0.0001_trainsize7000_subopt_3_1.5/model_700.pt
Epoch 702/1000, Loss: 45.6960, Obj: 23.7961, Eq Viol (l1): 2.870286, Ineq Viol (l1): 0.252248, Epoch time: 0.19s
Epoch 703/1000, Loss: 45.5680, Obj: 23.7220, Eq Viol (l1): 2.870684, Ineq Viol (l1): 0.251873, Epoch time: 0.19s
Epoch 704/1000, Loss: 45.5712, Obj: 23.7316, Eq Viol (l1): 2.870942, Ineq Viol (l1): 0.256160, Epoch time: 0.19s
Epoch 705/1000, Loss: 45.6081, Obj: 23.7233, Eq Viol (l1): 2.866808, Ineq Viol (l1): 0.269350, Epoch time: 0.19s
Epoch 706/1000, Loss: 45.5872, Obj: 23.7716, Eq Viol (l1): 2.882159, Ineq Viol (l1): 0.248258, Epoch time: 0.19s
Epoch 707/1000, Loss: 45.5177, Obj: 23.7116, Eq Viol (l1): 2.853116, Ineq Viol (l1): 0.258425, Epoch time: 0.19s
Epoch 708/1000, Loss: 45.5746, Obj: 23.7407, Eq Viol (l1): 2.857630, Ineq Viol (l1): 0.258906, Epoch time: 0.19s
Epoch 709/1000, Loss: 45.5511, Obj: 23.7655, Eq Viol (l1): 2.863547, Ineq Viol (l1): 0.253962, Epoch time: 0.19s
Epoch 710/1000, Loss: 45.5014, Obj: 23.7043, Eq Viol (l1): 2.858212, Ineq Viol (l1): 0.257900, Epoch time: 0.19s
Epoch 711/1000, Loss: 45.6407, Obj: 23.7695, Eq Viol (l1): 2.868026, Ineq Viol (l1): 0.261570, Epoch time: 0.19s

Running validation at epoch 710...

VALIDATION_EPOCH_710 EVALUATION RESULTS:
==================================================
Obj:     2.373804e+01
Opt Gap:      4.199052e+01 ± 1.363245e+01
Eq Vio l1:   1.339751e+00 (max: 2.498796e+00)
Ineq Vio l1: 1.034688e-01 (max: 1.564649e+00)
Sol Dis:   1.752677e+02 ± 7.458915e-01
Merit:             3.817023e+01 ± 4.049952e-02
Avg Inf Time:  0.0002s
==================================================
✓ Model saved: results/nonsmooth_nonconvex/socp/SOCPProblem-100-50-50-10000/20260115-150727_MLP_sup_pen_seed0_nepochs1000_lr0.0001_trainsize7000_subopt_3_1.5/model_710.pt
Epoch 712/1000, Loss: 45.4871, Obj: 23.7018, Eq Viol (l1): 2.871543, Ineq Viol (l1): 0.256248, Epoch time: 0.19s
Epoch 713/1000, Loss: 45.4645, Obj: 23.7213, Eq Viol (l1): 2.857691, Ineq Viol (l1): 0.257587, Epoch time: 0.19s
Epoch 714/1000, Loss: 45.4969, Obj: 23.7401, Eq Viol (l1): 2.866734, Ineq Viol (l1): 0.257841, Epoch time: 0.19s
Epoch 715/1000, Loss: 45.5493, Obj: 23.7300, Eq Viol (l1): 2.863823, Ineq Viol (l1): 0.253512, Epoch time: 0.19s
Epoch 716/1000, Loss: 45.5798, Obj: 23.7383, Eq Viol (l1): 2.867624, Ineq Viol (l1): 0.256512, Epoch time: 0.19s
Epoch 717/1000, Loss: 45.5257, Obj: 23.7372, Eq Viol (l1): 2.860881, Ineq Viol (l1): 0.256070, Epoch time: 0.19s
Epoch 718/1000, Loss: 45.5156, Obj: 23.7285, Eq Viol (l1): 2.860139, Ineq Viol (l1): 0.259578, Epoch time: 0.19s
Epoch 719/1000, Loss: 45.5607, Obj: 23.7294, Eq Viol (l1): 2.870222, Ineq Viol (l1): 0.256450, Epoch time: 0.19s
Epoch 720/1000, Loss: 45.4681, Obj: 23.7197, Eq Viol (l1): 2.852228, Ineq Viol (l1): 0.255253, Epoch time: 0.19s
Epoch 721/1000, Loss: 45.3878, Obj: 23.6828, Eq Viol (l1): 2.853389, Ineq Viol (l1): 0.252793, Epoch time: 0.19s

Running validation at epoch 720...

VALIDATION_EPOCH_720 EVALUATION RESULTS:
==================================================
Obj:     2.379123e+01
Opt Gap:      4.210223e+01 ± 1.370396e+01
Eq Vio l1:   1.331159e+00 (max: 2.620068e+00)
Ineq Vio l1: 8.724104e-02 (max: 1.290685e+00)
Sol Dis:   1.754546e+02 ± 7.732456e-01
Merit:             3.797523e+01 ± 1.004975e-01
Avg Inf Time:  0.0002s
==================================================
✓ Model saved: results/nonsmooth_nonconvex/socp/SOCPProblem-100-50-50-10000/20260115-150727_MLP_sup_pen_seed0_nepochs1000_lr0.0001_trainsize7000_subopt_3_1.5/model_720.pt
Epoch 722/1000, Loss: 45.4246, Obj: 23.7164, Eq Viol (l1): 2.872269, Ineq Viol (l1): 0.258907, Epoch time: 0.19s
Epoch 723/1000, Loss: 45.4095, Obj: 23.6934, Eq Viol (l1): 2.849572, Ineq Viol (l1): 0.257696, Epoch time: 0.19s
Epoch 724/1000, Loss: 45.3569, Obj: 23.6793, Eq Viol (l1): 2.851494, Ineq Viol (l1): 0.255513, Epoch time: 0.19s
Epoch 725/1000, Loss: 45.4193, Obj: 23.6946, Eq Viol (l1): 2.864007, Ineq Viol (l1): 0.255590, Epoch time: 0.19s
Epoch 726/1000, Loss: 45.4916, Obj: 23.7382, Eq Viol (l1): 2.858163, Ineq Viol (l1): 0.255068, Epoch time: 0.19s
Epoch 727/1000, Loss: 45.4307, Obj: 23.6952, Eq Viol (l1): 2.862947, Ineq Viol (l1): 0.263091, Epoch time: 0.19s
Epoch 728/1000, Loss: 45.4535, Obj: 23.7130, Eq Viol (l1): 2.862568, Ineq Viol (l1): 0.263297, Epoch time: 0.19s
Epoch 729/1000, Loss: 45.4728, Obj: 23.7122, Eq Viol (l1): 2.860902, Ineq Viol (l1): 0.260040, Epoch time: 0.19s
Epoch 730/1000, Loss: 45.4630, Obj: 23.7138, Eq Viol (l1): 2.865393, Ineq Viol (l1): 0.256833, Epoch time: 0.19s
Epoch 731/1000, Loss: 45.4329, Obj: 23.7164, Eq Viol (l1): 2.866996, Ineq Viol (l1): 0.255616, Epoch time: 0.19s

Running validation at epoch 730...

VALIDATION_EPOCH_730 EVALUATION RESULTS:
==================================================
Obj:     2.373877e+01
Opt Gap:      4.207510e+01 ± 1.364901e+01
Eq Vio l1:   1.293454e+00 (max: 2.558655e+00)
Ineq Vio l1: 9.068874e-02 (max: 1.474484e+00)
Sol Dis:   1.752994e+02 ± 6.704709e-01
Merit:             3.758020e+01 ± 8.347086e-02
Avg Inf Time:  0.0002s
==================================================
✓ Model saved: results/nonsmooth_nonconvex/socp/SOCPProblem-100-50-50-10000/20260115-150727_MLP_sup_pen_seed0_nepochs1000_lr0.0001_trainsize7000_subopt_3_1.5/model_730.pt
Epoch 732/1000, Loss: 45.3232, Obj: 23.6649, Eq Viol (l1): 2.850368, Ineq Viol (l1): 0.261409, Epoch time: 0.19s
Epoch 733/1000, Loss: 45.3729, Obj: 23.7052, Eq Viol (l1): 2.854295, Ineq Viol (l1): 0.259004, Epoch time: 0.19s
Epoch 734/1000, Loss: 45.3955, Obj: 23.7285, Eq Viol (l1): 2.865000, Ineq Viol (l1): 0.248342, Epoch time: 0.19s
Epoch 735/1000, Loss: 45.3043, Obj: 23.6573, Eq Viol (l1): 2.851175, Ineq Viol (l1): 0.262271, Epoch time: 0.19s
Epoch 736/1000, Loss: 45.3360, Obj: 23.6939, Eq Viol (l1): 2.861320, Ineq Viol (l1): 0.252541, Epoch time: 0.26s
Epoch 737/1000, Loss: 45.3018, Obj: 23.6833, Eq Viol (l1): 2.843560, Ineq Viol (l1): 0.255458, Epoch time: 0.19s
Epoch 738/1000, Loss: 45.3399, Obj: 23.6805, Eq Viol (l1): 2.860067, Ineq Viol (l1): 0.260731, Epoch time: 0.19s
Epoch 739/1000, Loss: 45.3155, Obj: 23.6819, Eq Viol (l1): 2.847511, Ineq Viol (l1): 0.260170, Epoch time: 0.19s
Epoch 740/1000, Loss: 45.3091, Obj: 23.6931, Eq Viol (l1): 2.854777, Ineq Viol (l1): 0.259279, Epoch time: 0.19s
Epoch 741/1000, Loss: 45.3609, Obj: 23.7071, Eq Viol (l1): 2.860029, Ineq Viol (l1): 0.250158, Epoch time: 0.19s

Running validation at epoch 740...

VALIDATION_EPOCH_740 EVALUATION RESULTS:
==================================================
Obj:     2.363895e+01
Opt Gap:      4.181337e+01 ± 1.350276e+01
Eq Vio l1:   1.261521e+00 (max: 2.494952e+00)
Ineq Vio l1: 1.456830e-01 (max: 2.446368e+00)
Sol Dis:   1.749280e+02 ± 6.810209e-01
Merit:             3.771099e+01 ± 5.766466e-02
Avg Inf Time:  0.0002s
==================================================
✓ Model saved: results/nonsmooth_nonconvex/socp/SOCPProblem-100-50-50-10000/20260115-150727_MLP_sup_pen_seed0_nepochs1000_lr0.0001_trainsize7000_subopt_3_1.5/model_740.pt
Epoch 742/1000, Loss: 45.3474, Obj: 23.7021, Eq Viol (l1): 2.853570, Ineq Viol (l1): 0.265862, Epoch time: 0.19s
Epoch 743/1000, Loss: 45.3395, Obj: 23.6905, Eq Viol (l1): 2.857531, Ineq Viol (l1): 0.252395, Epoch time: 0.19s
Epoch 744/1000, Loss: 45.3610, Obj: 23.7023, Eq Viol (l1): 2.866299, Ineq Viol (l1): 0.264001, Epoch time: 0.19s
Epoch 745/1000, Loss: 45.2893, Obj: 23.7082, Eq Viol (l1): 2.849878, Ineq Viol (l1): 0.256413, Epoch time: 0.19s
Epoch 746/1000, Loss: 45.3172, Obj: 23.6944, Eq Viol (l1): 2.870339, Ineq Viol (l1): 0.246874, Epoch time: 0.19s
Epoch 747/1000, Loss: 45.2932, Obj: 23.6936, Eq Viol (l1): 2.858949, Ineq Viol (l1): 0.262458, Epoch time: 0.19s
Epoch 748/1000, Loss: 45.1839, Obj: 23.6772, Eq Viol (l1): 2.843353, Ineq Viol (l1): 0.256885, Epoch time: 0.19s
Epoch 749/1000, Loss: 45.2748, Obj: 23.6546, Eq Viol (l1): 2.845908, Ineq Viol (l1): 0.271630, Epoch time: 0.19s
Epoch 750/1000, Loss: 45.2700, Obj: 23.7147, Eq Viol (l1): 2.861424, Ineq Viol (l1): 0.246147, Epoch time: 0.19s
Epoch 751/1000, Loss: 45.2110, Obj: 23.6743, Eq Viol (l1): 2.856336, Ineq Viol (l1): 0.262742, Epoch time: 0.19s

Running validation at epoch 750...

VALIDATION_EPOCH_750 EVALUATION RESULTS:
==================================================
Obj:     2.373270e+01
Opt Gap:      4.198570e+01 ± 1.368861e+01
Eq Vio l1:   1.291174e+00 (max: 2.392465e+00)
Ineq Vio l1: 9.895665e-02 (max: 1.774656e+00)
Sol Dis:   1.751986e+02 ± 7.218765e-01
Merit:             3.763401e+01 ± 2.080166e-02
Avg Inf Time:  0.0002s
==================================================
✓ Model saved: results/nonsmooth_nonconvex/socp/SOCPProblem-100-50-50-10000/20260115-150727_MLP_sup_pen_seed0_nepochs1000_lr0.0001_trainsize7000_subopt_3_1.5/model_750.pt
Epoch 752/1000, Loss: 45.2001, Obj: 23.6607, Eq Viol (l1): 2.841726, Ineq Viol (l1): 0.254369, Epoch time: 0.19s
Epoch 753/1000, Loss: 45.3423, Obj: 23.7161, Eq Viol (l1): 2.874037, Ineq Viol (l1): 0.254455, Epoch time: 0.19s
Epoch 754/1000, Loss: 45.2657, Obj: 23.6897, Eq Viol (l1): 2.858867, Ineq Viol (l1): 0.256549, Epoch time: 0.19s
Epoch 755/1000, Loss: 45.2681, Obj: 23.6931, Eq Viol (l1): 2.846103, Ineq Viol (l1): 0.261265, Epoch time: 0.19s
Epoch 756/1000, Loss: 45.2613, Obj: 23.6831, Eq Viol (l1): 2.855970, Ineq Viol (l1): 0.258932, Epoch time: 0.19s
Epoch 757/1000, Loss: 45.2642, Obj: 23.6846, Eq Viol (l1): 2.854446, Ineq Viol (l1): 0.257968, Epoch time: 0.19s
Epoch 758/1000, Loss: 45.3092, Obj: 23.6941, Eq Viol (l1): 2.886227, Ineq Viol (l1): 0.264580, Epoch time: 0.19s
Epoch 759/1000, Loss: 45.1687, Obj: 23.6583, Eq Viol (l1): 2.841615, Ineq Viol (l1): 0.255864, Epoch time: 0.19s
Epoch 760/1000, Loss: 45.2181, Obj: 23.7145, Eq Viol (l1): 2.858276, Ineq Viol (l1): 0.256573, Epoch time: 0.19s
Epoch 761/1000, Loss: 45.1701, Obj: 23.6923, Eq Viol (l1): 2.849916, Ineq Viol (l1): 0.251562, Epoch time: 0.19s

Running validation at epoch 760...

VALIDATION_EPOCH_760 EVALUATION RESULTS:
==================================================
Obj:     2.367006e+01
Opt Gap:      4.190164e+01 ± 1.361286e+01
Eq Vio l1:   1.267705e+00 (max: 2.496598e+00)
Ineq Vio l1: 1.104802e-01 (max: 1.678535e+00)
Sol Dis:   1.750162e+02 ± 7.094372e-01
Merit:             3.745192e+01 ± 2.976973e-02
Avg Inf Time:  0.0002s
==================================================
✓ Model saved: results/nonsmooth_nonconvex/socp/SOCPProblem-100-50-50-10000/20260115-150727_MLP_sup_pen_seed0_nepochs1000_lr0.0001_trainsize7000_subopt_3_1.5/model_760.pt
Epoch 762/1000, Loss: 45.1599, Obj: 23.6545, Eq Viol (l1): 2.841123, Ineq Viol (l1): 0.259240, Epoch time: 0.19s
Epoch 763/1000, Loss: 45.1321, Obj: 23.7005, Eq Viol (l1): 2.844898, Ineq Viol (l1): 0.252260, Epoch time: 0.19s
Epoch 764/1000, Loss: 45.2181, Obj: 23.7120, Eq Viol (l1): 2.856740, Ineq Viol (l1): 0.253415, Epoch time: 0.19s
Epoch 765/1000, Loss: 45.1916, Obj: 23.6947, Eq Viol (l1): 2.852241, Ineq Viol (l1): 0.260396, Epoch time: 0.19s
Epoch 766/1000, Loss: 45.1136, Obj: 23.6664, Eq Viol (l1): 2.846278, Ineq Viol (l1): 0.256120, Epoch time: 0.19s
Epoch 767/1000, Loss: 45.2886, Obj: 23.7159, Eq Viol (l1): 2.858224, Ineq Viol (l1): 0.254893, Epoch time: 0.19s
Epoch 768/1000, Loss: 45.2031, Obj: 23.6921, Eq Viol (l1): 2.865343, Ineq Viol (l1): 0.264264, Epoch time: 0.19s
Epoch 769/1000, Loss: 45.1907, Obj: 23.6972, Eq Viol (l1): 2.854974, Ineq Viol (l1): 0.251154, Epoch time: 0.19s
Epoch 770/1000, Loss: 45.1507, Obj: 23.6621, Eq Viol (l1): 2.861212, Ineq Viol (l1): 0.267830, Epoch time: 0.19s
Epoch 771/1000, Loss: 45.1600, Obj: 23.7067, Eq Viol (l1): 2.861991, Ineq Viol (l1): 0.251038, Epoch time: 0.27s

Running validation at epoch 770...

VALIDATION_EPOCH_770 EVALUATION RESULTS:
==================================================
Obj:     2.376892e+01
Opt Gap:      4.200930e+01 ± 1.353321e+01
Eq Vio l1:   1.287133e+00 (max: 2.326263e+00)
Ineq Vio l1: 9.508808e-02 (max: 1.348301e+00)
Sol Dis:   1.753672e+02 ± 6.625687e-01
Merit:             3.759113e+01 ± 1.028223e-01
Avg Inf Time:  0.0002s
==================================================
✓ Model saved: results/nonsmooth_nonconvex/socp/SOCPProblem-100-50-50-10000/20260115-150727_MLP_sup_pen_seed0_nepochs1000_lr0.0001_trainsize7000_subopt_3_1.5/model_770.pt
Epoch 772/1000, Loss: 45.0802, Obj: 23.6774, Eq Viol (l1): 2.862320, Ineq Viol (l1): 0.256147, Epoch time: 0.19s
Epoch 773/1000, Loss: 45.0903, Obj: 23.6649, Eq Viol (l1): 2.843678, Ineq Viol (l1): 0.258856, Epoch time: 0.19s
Epoch 774/1000, Loss: 45.1513, Obj: 23.7188, Eq Viol (l1): 2.854660, Ineq Viol (l1): 0.253027, Epoch time: 0.19s
Epoch 775/1000, Loss: 45.0673, Obj: 23.6624, Eq Viol (l1): 2.842569, Ineq Viol (l1): 0.255863, Epoch time: 0.19s
Epoch 776/1000, Loss: 45.0693, Obj: 23.6755, Eq Viol (l1): 2.846026, Ineq Viol (l1): 0.256770, Epoch time: 0.19s
Epoch 777/1000, Loss: 45.1150, Obj: 23.6791, Eq Viol (l1): 2.860105, Ineq Viol (l1): 0.255984, Epoch time: 0.19s
Epoch 778/1000, Loss: 45.0967, Obj: 23.6756, Eq Viol (l1): 2.851615, Ineq Viol (l1): 0.251629, Epoch time: 0.19s
Epoch 779/1000, Loss: 45.0517, Obj: 23.6540, Eq Viol (l1): 2.841367, Ineq Viol (l1): 0.259597, Epoch time: 0.19s
Epoch 780/1000, Loss: 45.0837, Obj: 23.6642, Eq Viol (l1): 2.848277, Ineq Viol (l1): 0.266135, Epoch time: 0.19s
Epoch 781/1000, Loss: 45.1006, Obj: 23.7031, Eq Viol (l1): 2.865583, Ineq Viol (l1): 0.249205, Epoch time: 0.19s

Running validation at epoch 780...

VALIDATION_EPOCH_780 EVALUATION RESULTS:
==================================================
Obj:     2.364134e+01
Opt Gap:      4.174988e+01 ± 1.356121e+01
Eq Vio l1:   1.288958e+00 (max: 2.361166e+00)
Ineq Vio l1: 1.096388e-01 (max: 1.483543e+00)
Sol Dis:   1.749085e+02 ± 6.488533e-01
Merit:             3.762732e+01 ± 1.966336e-02
Avg Inf Time:  0.0002s
==================================================
✓ Model saved: results/nonsmooth_nonconvex/socp/SOCPProblem-100-50-50-10000/20260115-150727_MLP_sup_pen_seed0_nepochs1000_lr0.0001_trainsize7000_subopt_3_1.5/model_780.pt
Epoch 782/1000, Loss: 44.9896, Obj: 23.6595, Eq Viol (l1): 2.842357, Ineq Viol (l1): 0.253179, Epoch time: 0.19s
Epoch 783/1000, Loss: 45.0939, Obj: 23.6777, Eq Viol (l1): 2.858255, Ineq Viol (l1): 0.259866, Epoch time: 0.19s
Epoch 784/1000, Loss: 45.0713, Obj: 23.7066, Eq Viol (l1): 2.855405, Ineq Viol (l1): 0.259849, Epoch time: 0.19s
Epoch 785/1000, Loss: 45.0977, Obj: 23.6683, Eq Viol (l1): 2.860670, Ineq Viol (l1): 0.254517, Epoch time: 0.19s
Epoch 786/1000, Loss: 45.0136, Obj: 23.6664, Eq Viol (l1): 2.846620, Ineq Viol (l1): 0.257797, Epoch time: 0.19s
Epoch 787/1000, Loss: 45.0363, Obj: 23.6535, Eq Viol (l1): 2.842623, Ineq Viol (l1): 0.258189, Epoch time: 0.19s
Epoch 788/1000, Loss: 45.0611, Obj: 23.6725, Eq Viol (l1): 2.855002, Ineq Viol (l1): 0.257278, Epoch time: 0.19s
Epoch 789/1000, Loss: 45.0166, Obj: 23.6449, Eq Viol (l1): 2.856501, Ineq Viol (l1): 0.259232, Epoch time: 0.19s
Epoch 790/1000, Loss: 45.0355, Obj: 23.6712, Eq Viol (l1): 2.854513, Ineq Viol (l1): 0.257480, Epoch time: 0.19s
Epoch 791/1000, Loss: 45.0428, Obj: 23.6947, Eq Viol (l1): 2.838758, Ineq Viol (l1): 0.254875, Epoch time: 0.19s

Running validation at epoch 790...

VALIDATION_EPOCH_790 EVALUATION RESULTS:
==================================================
Obj:     2.358526e+01
Opt Gap:      4.183230e+01 ± 1.365695e+01
Eq Vio l1:   1.249698e+00 (max: 2.258769e+00)
Ineq Vio l1: 1.684759e-01 (max: 2.260339e+00)
Sol Dis:   1.746654e+02 ± 6.802629e-01
Merit:             3.776699e+01 ± 1.304663e-01
Avg Inf Time:  0.0002s
==================================================
✓ Model saved: results/nonsmooth_nonconvex/socp/SOCPProblem-100-50-50-10000/20260115-150727_MLP_sup_pen_seed0_nepochs1000_lr0.0001_trainsize7000_subopt_3_1.5/model_790.pt
Epoch 792/1000, Loss: 44.9959, Obj: 23.6714, Eq Viol (l1): 2.849465, Ineq Viol (l1): 0.263451, Epoch time: 0.19s
Epoch 793/1000, Loss: 45.0393, Obj: 23.6983, Eq Viol (l1): 2.859464, Ineq Viol (l1): 0.249927, Epoch time: 0.19s
Epoch 794/1000, Loss: 44.9745, Obj: 23.6459, Eq Viol (l1): 2.847267, Ineq Viol (l1): 0.261860, Epoch time: 0.19s
Epoch 795/1000, Loss: 44.9913, Obj: 23.6563, Eq Viol (l1): 2.860741, Ineq Viol (l1): 0.254546, Epoch time: 0.19s
Epoch 796/1000, Loss: 44.9672, Obj: 23.6549, Eq Viol (l1): 2.840514, Ineq Viol (l1): 0.255875, Epoch time: 0.19s
Epoch 797/1000, Loss: 44.9938, Obj: 23.6604, Eq Viol (l1): 2.851579, Ineq Viol (l1): 0.259981, Epoch time: 0.19s
Epoch 798/1000, Loss: 44.9599, Obj: 23.6816, Eq Viol (l1): 2.850726, Ineq Viol (l1): 0.249719, Epoch time: 0.19s
Epoch 799/1000, Loss: 45.0014, Obj: 23.6997, Eq Viol (l1): 2.854071, Ineq Viol (l1): 0.255450, Epoch time: 0.19s
Epoch 800/1000, Loss: 44.9734, Obj: 23.6524, Eq Viol (l1): 2.848854, Ineq Viol (l1): 0.267185, Epoch time: 0.19s
Epoch 801/1000, Loss: 44.9354, Obj: 23.6862, Eq Viol (l1): 2.846188, Ineq Viol (l1): 0.246158, Epoch time: 0.19s

Running validation at epoch 800...

VALIDATION_EPOCH_800 EVALUATION RESULTS:
==================================================
Obj:     2.363278e+01
Opt Gap:      4.200959e+01 ± 1.379272e+01
Eq Vio l1:   1.277239e+00 (max: 2.385116e+00)
Ineq Vio l1: 1.530437e-01 (max: 2.192837e+00)
Sol Dis:   1.748199e+02 ± 5.632707e-01
Merit:             3.793561e+01 ± 8.838063e-02
Avg Inf Time:  0.0002s
==================================================
✓ Model saved: results/nonsmooth_nonconvex/socp/SOCPProblem-100-50-50-10000/20260115-150727_MLP_sup_pen_seed0_nepochs1000_lr0.0001_trainsize7000_subopt_3_1.5/model_800.pt
Epoch 802/1000, Loss: 45.0375, Obj: 23.6689, Eq Viol (l1): 2.855538, Ineq Viol (l1): 0.263901, Epoch time: 0.19s
Epoch 803/1000, Loss: 45.0004, Obj: 23.6569, Eq Viol (l1): 2.846885, Ineq Viol (l1): 0.255582, Epoch time: 0.19s
Epoch 804/1000, Loss: 44.8695, Obj: 23.6351, Eq Viol (l1): 2.848029, Ineq Viol (l1): 0.259703, Epoch time: 0.19s
Epoch 805/1000, Loss: 44.9129, Obj: 23.6496, Eq Viol (l1): 2.849010, Ineq Viol (l1): 0.261021, Epoch time: 0.19s
Epoch 806/1000, Loss: 44.9515, Obj: 23.6714, Eq Viol (l1): 2.859695, Ineq Viol (l1): 0.250611, Epoch time: 0.19s
Epoch 807/1000, Loss: 44.8847, Obj: 23.6526, Eq Viol (l1): 2.847499, Ineq Viol (l1): 0.257721, Epoch time: 0.26s
Epoch 808/1000, Loss: 44.8319, Obj: 23.6366, Eq Viol (l1): 2.832079, Ineq Viol (l1): 0.257725, Epoch time: 0.19s
Epoch 809/1000, Loss: 44.8664, Obj: 23.6465, Eq Viol (l1): 2.835892, Ineq Viol (l1): 0.264834, Epoch time: 0.19s
Epoch 810/1000, Loss: 44.8972, Obj: 23.6704, Eq Viol (l1): 2.844636, Ineq Viol (l1): 0.248100, Epoch time: 0.19s
Epoch 811/1000, Loss: 44.9115, Obj: 23.6414, Eq Viol (l1): 2.861219, Ineq Viol (l1): 0.259090, Epoch time: 0.19s

Running validation at epoch 810...

VALIDATION_EPOCH_810 EVALUATION RESULTS:
==================================================
Obj:     2.362712e+01
Opt Gap:      4.180251e+01 ± 1.359307e+01
Eq Vio l1:   1.271486e+00 (max: 2.326117e+00)
Ineq Vio l1: 1.104963e-01 (max: 1.422997e+00)
Sol Dis:   1.748564e+02 ± 6.842616e-01
Merit:             3.744695e+01 ± 8.313854e-03
Avg Inf Time:  0.0002s
==================================================
✓ Model saved: results/nonsmooth_nonconvex/socp/SOCPProblem-100-50-50-10000/20260115-150727_MLP_sup_pen_seed0_nepochs1000_lr0.0001_trainsize7000_subopt_3_1.5/model_810.pt
Epoch 812/1000, Loss: 44.8590, Obj: 23.6483, Eq Viol (l1): 2.851846, Ineq Viol (l1): 0.258019, Epoch time: 0.19s
Epoch 813/1000, Loss: 44.9392, Obj: 23.6765, Eq Viol (l1): 2.860100, Ineq Viol (l1): 0.257955, Epoch time: 0.19s
Epoch 814/1000, Loss: 44.9380, Obj: 23.6872, Eq Viol (l1): 2.859729, Ineq Viol (l1): 0.256549, Epoch time: 0.19s
Epoch 815/1000, Loss: 44.8579, Obj: 23.6569, Eq Viol (l1): 2.840179, Ineq Viol (l1): 0.258171, Epoch time: 0.19s
Epoch 816/1000, Loss: 44.9411, Obj: 23.6404, Eq Viol (l1): 2.855784, Ineq Viol (l1): 0.259886, Epoch time: 0.19s
Epoch 817/1000, Loss: 44.7959, Obj: 23.6429, Eq Viol (l1): 2.837332, Ineq Viol (l1): 0.252518, Epoch time: 0.19s
Epoch 818/1000, Loss: 44.8788, Obj: 23.6715, Eq Viol (l1): 2.843407, Ineq Viol (l1): 0.255849, Epoch time: 0.19s
Epoch 819/1000, Loss: 44.8213, Obj: 23.6378, Eq Viol (l1): 2.852524, Ineq Viol (l1): 0.254507, Epoch time: 0.19s
Epoch 820/1000, Loss: 44.7283, Obj: 23.6392, Eq Viol (l1): 2.837564, Ineq Viol (l1): 0.259320, Epoch time: 0.19s
Epoch 821/1000, Loss: 44.8063, Obj: 23.6196, Eq Viol (l1): 2.849151, Ineq Viol (l1): 0.263078, Epoch time: 0.19s

Running validation at epoch 820...

VALIDATION_EPOCH_820 EVALUATION RESULTS:
==================================================
Obj:     2.375256e+01
Opt Gap:      4.212194e+01 ± 1.382148e+01
Eq Vio l1:   1.345136e+00 (max: 2.315598e+00)
Ineq Vio l1: 8.803275e-02 (max: 1.510448e+00)
Sol Dis:   1.752972e+02 ± 6.681693e-01
Merit:             3.808425e+01 ± 1.750923e-03
Avg Inf Time:  0.0002s
==================================================
✓ Model saved: results/nonsmooth_nonconvex/socp/SOCPProblem-100-50-50-10000/20260115-150727_MLP_sup_pen_seed0_nepochs1000_lr0.0001_trainsize7000_subopt_3_1.5/model_820.pt
Epoch 822/1000, Loss: 44.8044, Obj: 23.6492, Eq Viol (l1): 2.843797, Ineq Viol (l1): 0.249205, Epoch time: 0.19s
Epoch 823/1000, Loss: 44.8541, Obj: 23.6842, Eq Viol (l1): 2.855229, Ineq Viol (l1): 0.251663, Epoch time: 0.19s
Epoch 824/1000, Loss: 44.7711, Obj: 23.6271, Eq Viol (l1): 2.839819, Ineq Viol (l1): 0.259431, Epoch time: 0.19s
Epoch 825/1000, Loss: 44.7609, Obj: 23.6505, Eq Viol (l1): 2.845710, Ineq Viol (l1): 0.257206, Epoch time: 0.19s
Epoch 826/1000, Loss: 44.7295, Obj: 23.6481, Eq Viol (l1): 2.833151, Ineq Viol (l1): 0.260283, Epoch time: 0.19s
Epoch 827/1000, Loss: 44.7174, Obj: 23.6352, Eq Viol (l1): 2.840577, Ineq Viol (l1): 0.260160, Epoch time: 0.19s
Epoch 828/1000, Loss: 44.7078, Obj: 23.6583, Eq Viol (l1): 2.839239, Ineq Viol (l1): 0.249748, Epoch time: 0.19s
Epoch 829/1000, Loss: 44.8538, Obj: 23.6675, Eq Viol (l1): 2.847780, Ineq Viol (l1): 0.255135, Epoch time: 0.19s
Epoch 830/1000, Loss: 44.8420, Obj: 23.6783, Eq Viol (l1): 2.863301, Ineq Viol (l1): 0.267823, Epoch time: 0.19s
Epoch 831/1000, Loss: 44.7220, Obj: 23.6403, Eq Viol (l1): 2.845692, Ineq Viol (l1): 0.250022, Epoch time: 0.19s

Running validation at epoch 830...

VALIDATION_EPOCH_830 EVALUATION RESULTS:
==================================================
Obj:     2.363124e+01
Opt Gap:      4.187711e+01 ± 1.365312e+01
Eq Vio l1:   1.272141e+00 (max: 2.349642e+00)
Ineq Vio l1: 1.362669e-01 (max: 1.845640e+00)
Sol Dis:   1.749189e+02 ± 5.932695e-01
Merit:             3.771531e+01 ± 9.720896e-02
Avg Inf Time:  0.0002s
==================================================
✓ Model saved: results/nonsmooth_nonconvex/socp/SOCPProblem-100-50-50-10000/20260115-150727_MLP_sup_pen_seed0_nepochs1000_lr0.0001_trainsize7000_subopt_3_1.5/model_830.pt
Epoch 832/1000, Loss: 44.6644, Obj: 23.6327, Eq Viol (l1): 2.832677, Ineq Viol (l1): 0.264674, Epoch time: 0.19s
Epoch 833/1000, Loss: 44.7528, Obj: 23.6742, Eq Viol (l1): 2.845011, Ineq Viol (l1): 0.253761, Epoch time: 0.19s
Epoch 834/1000, Loss: 44.6731, Obj: 23.6480, Eq Viol (l1): 2.834857, Ineq Viol (l1): 0.255018, Epoch time: 0.19s
Epoch 835/1000, Loss: 44.7602, Obj: 23.6472, Eq Viol (l1): 2.855388, Ineq Viol (l1): 0.252080, Epoch time: 0.19s
Epoch 836/1000, Loss: 44.6883, Obj: 23.6107, Eq Viol (l1): 2.845114, Ineq Viol (l1): 0.261979, Epoch time: 0.19s
Epoch 837/1000, Loss: 44.7198, Obj: 23.6440, Eq Viol (l1): 2.848081, Ineq Viol (l1): 0.254940, Epoch time: 0.19s
Epoch 838/1000, Loss: 44.7505, Obj: 23.6394, Eq Viol (l1): 2.844727, Ineq Viol (l1): 0.259043, Epoch time: 0.19s
Epoch 839/1000, Loss: 44.7618, Obj: 23.6591, Eq Viol (l1): 2.853307, Ineq Viol (l1): 0.252828, Epoch time: 0.19s
Epoch 840/1000, Loss: 44.7256, Obj: 23.6620, Eq Viol (l1): 2.835041, Ineq Viol (l1): 0.258806, Epoch time: 0.19s
Epoch 841/1000, Loss: 44.8246, Obj: 23.6906, Eq Viol (l1): 2.854158, Ineq Viol (l1): 0.264921, Epoch time: 0.19s

Running validation at epoch 840...

VALIDATION_EPOCH_840 EVALUATION RESULTS:
==================================================
Obj:     2.372178e+01
Opt Gap:      4.218471e+01 ± 1.384980e+01
Eq Vio l1:   1.327938e+00 (max: 2.425693e+00)
Ineq Vio l1: 1.030881e-01 (max: 1.498856e+00)
Sol Dis:   1.750172e+02 ± 6.311607e-01
Merit:             3.803204e+01 ± 4.143742e-02
Avg Inf Time:  0.0003s
==================================================
✓ Model saved: results/nonsmooth_nonconvex/socp/SOCPProblem-100-50-50-10000/20260115-150727_MLP_sup_pen_seed0_nepochs1000_lr0.0001_trainsize7000_subopt_3_1.5/model_840.pt
Epoch 842/1000, Loss: 44.7224, Obj: 23.6730, Eq Viol (l1): 2.837047, Ineq Viol (l1): 0.251565, Epoch time: 0.19s
Epoch 843/1000, Loss: 44.6866, Obj: 23.6603, Eq Viol (l1): 2.842482, Ineq Viol (l1): 0.256417, Epoch time: 0.19s
Epoch 844/1000, Loss: 44.7987, Obj: 23.6683, Eq Viol (l1): 2.866694, Ineq Viol (l1): 0.263243, Epoch time: 0.19s
Epoch 845/1000, Loss: 44.5942, Obj: 23.6407, Eq Viol (l1): 2.851245, Ineq Viol (l1): 0.251295, Epoch time: 0.19s
Epoch 846/1000, Loss: 44.6910, Obj: 23.6593, Eq Viol (l1): 2.844164, Ineq Viol (l1): 0.261321, Epoch time: 0.19s
Epoch 847/1000, Loss: 44.7021, Obj: 23.6378, Eq Viol (l1): 2.840717, Ineq Viol (l1): 0.254815, Epoch time: 0.19s
Epoch 848/1000, Loss: 44.6738, Obj: 23.6429, Eq Viol (l1): 2.853768, Ineq Viol (l1): 0.256221, Epoch time: 0.19s
Epoch 849/1000, Loss: 44.7016, Obj: 23.6539, Eq Viol (l1): 2.844367, Ineq Viol (l1): 0.254440, Epoch time: 0.19s
Epoch 850/1000, Loss: 44.6905, Obj: 23.6397, Eq Viol (l1): 2.854663, Ineq Viol (l1): 0.262398, Epoch time: 0.19s
Epoch 851/1000, Loss: 44.6201, Obj: 23.6545, Eq Viol (l1): 2.840545, Ineq Viol (l1): 0.252524, Epoch time: 0.19s

Running validation at epoch 850...

VALIDATION_EPOCH_850 EVALUATION RESULTS:
==================================================
Obj:     2.354482e+01
Opt Gap:      4.167087e+01 ± 1.341973e+01
Eq Vio l1:   1.263868e+00 (max: 2.372537e+00)
Ineq Vio l1: 1.727934e-01 (max: 2.463230e+00)
Sol Dis:   1.744803e+02 ± 5.750241e-01
Merit:             3.791144e+01 ± 3.794248e-02
Avg Inf Time:  0.0002s
==================================================
✓ Model saved: results/nonsmooth_nonconvex/socp/SOCPProblem-100-50-50-10000/20260115-150727_MLP_sup_pen_seed0_nepochs1000_lr0.0001_trainsize7000_subopt_3_1.5/model_850.pt
Epoch 852/1000, Loss: 44.6669, Obj: 23.6299, Eq Viol (l1): 2.840767, Ineq Viol (l1): 0.267718, Epoch time: 0.19s
Epoch 853/1000, Loss: 44.6464, Obj: 23.6549, Eq Viol (l1): 2.851449, Ineq Viol (l1): 0.256149, Epoch time: 0.19s
Epoch 854/1000, Loss: 44.6513, Obj: 23.6714, Eq Viol (l1): 2.833456, Ineq Viol (l1): 0.251383, Epoch time: 0.19s
Epoch 855/1000, Loss: 44.5972, Obj: 23.6719, Eq Viol (l1): 2.836816, Ineq Viol (l1): 0.252445, Epoch time: 0.19s
Epoch 856/1000, Loss: 44.6511, Obj: 23.6380, Eq Viol (l1): 2.840704, Ineq Viol (l1): 0.264244, Epoch time: 0.19s
Epoch 857/1000, Loss: 44.6381, Obj: 23.6590, Eq Viol (l1): 2.841111, Ineq Viol (l1): 0.250090, Epoch time: 0.19s
Epoch 858/1000, Loss: 44.6487, Obj: 23.6513, Eq Viol (l1): 2.843399, Ineq Viol (l1): 0.265240, Epoch time: 0.19s
Epoch 859/1000, Loss: 44.6632, Obj: 23.6253, Eq Viol (l1): 2.841710, Ineq Viol (l1): 0.265595, Epoch time: 0.19s
Epoch 860/1000, Loss: 44.5713, Obj: 23.6531, Eq Viol (l1): 2.837379, Ineq Viol (l1): 0.249664, Epoch time: 0.19s
Epoch 861/1000, Loss: 44.5916, Obj: 23.6242, Eq Viol (l1): 2.842973, Ineq Viol (l1): 0.260245, Epoch time: 0.19s

Running validation at epoch 860...

VALIDATION_EPOCH_860 EVALUATION RESULTS:
==================================================
Obj:     2.367991e+01
Opt Gap:      4.190736e+01 ± 1.362531e+01
Eq Vio l1:   1.325241e+00 (max: 2.424032e+00)
Ineq Vio l1: 1.088429e-01 (max: 1.880460e+00)
Sol Dis:   1.750309e+02 ± 6.306713e-01
Merit:             3.802075e+01 ± 1.216017e-01
Avg Inf Time:  0.0002s
==================================================
✓ Model saved: results/nonsmooth_nonconvex/socp/SOCPProblem-100-50-50-10000/20260115-150727_MLP_sup_pen_seed0_nepochs1000_lr0.0001_trainsize7000_subopt_3_1.5/model_860.pt
Epoch 862/1000, Loss: 44.6500, Obj: 23.6493, Eq Viol (l1): 2.855239, Ineq Viol (l1): 0.255230, Epoch time: 0.19s
Epoch 863/1000, Loss: 44.6293, Obj: 23.6575, Eq Viol (l1): 2.848598, Ineq Viol (l1): 0.250943, Epoch time: 0.19s
Epoch 864/1000, Loss: 44.6244, Obj: 23.6496, Eq Viol (l1): 2.841719, Ineq Viol (l1): 0.258011, Epoch time: 0.19s
Epoch 865/1000, Loss: 44.6545, Obj: 23.6646, Eq Viol (l1): 2.846904, Ineq Viol (l1): 0.260747, Epoch time: 0.19s
Epoch 866/1000, Loss: 44.6025, Obj: 23.6745, Eq Viol (l1): 2.840996, Ineq Viol (l1): 0.259867, Epoch time: 0.19s
Epoch 867/1000, Loss: 44.6058, Obj: 23.6706, Eq Viol (l1): 2.847607, Ineq Viol (l1): 0.259293, Epoch time: 0.19s
Epoch 868/1000, Loss: 44.5627, Obj: 23.6816, Eq Viol (l1): 2.833417, Ineq Viol (l1): 0.250722, Epoch time: 0.19s
Epoch 869/1000, Loss: 44.6128, Obj: 23.6547, Eq Viol (l1): 2.837737, Ineq Viol (l1): 0.262346, Epoch time: 0.19s
Epoch 870/1000, Loss: 44.5060, Obj: 23.6365, Eq Viol (l1): 2.844636, Ineq Viol (l1): 0.250562, Epoch time: 0.19s
Epoch 871/1000, Loss: 44.5853, Obj: 23.6246, Eq Viol (l1): 2.846378, Ineq Viol (l1): 0.268598, Epoch time: 0.19s

Running validation at epoch 870...

VALIDATION_EPOCH_870 EVALUATION RESULTS:
==================================================
Obj:     2.378856e+01
Opt Gap:      4.232898e+01 ± 1.387644e+01
Eq Vio l1:   1.385178e+00 (max: 2.493679e+00)
Ineq Vio l1: 1.037052e-01 (max: 1.755654e+00)
Sol Dis:   1.754317e+02 ± 5.795740e-01
Merit:             3.867739e+01 ± 3.770433e-02
Avg Inf Time:  0.0002s
==================================================
✓ Model saved: results/nonsmooth_nonconvex/socp/SOCPProblem-100-50-50-10000/20260115-150727_MLP_sup_pen_seed0_nepochs1000_lr0.0001_trainsize7000_subopt_3_1.5/model_870.pt
Epoch 872/1000, Loss: 44.6023, Obj: 23.6551, Eq Viol (l1): 2.845493, Ineq Viol (l1): 0.250365, Epoch time: 0.19s
Epoch 873/1000, Loss: 44.4683, Obj: 23.6225, Eq Viol (l1): 2.833105, Ineq Viol (l1): 0.262446, Epoch time: 0.19s
Epoch 874/1000, Loss: 44.6329, Obj: 23.6960, Eq Viol (l1): 2.856148, Ineq Viol (l1): 0.258171, Epoch time: 0.19s
Epoch 875/1000, Loss: 44.4602, Obj: 23.6123, Eq Viol (l1): 2.841334, Ineq Viol (l1): 0.260870, Epoch time: 0.19s
Epoch 876/1000, Loss: 44.5251, Obj: 23.6701, Eq Viol (l1): 2.837935, Ineq Viol (l1): 0.256066, Epoch time: 0.27s
Epoch 877/1000, Loss: 44.5397, Obj: 23.6334, Eq Viol (l1): 2.850548, Ineq Viol (l1): 0.258857, Epoch time: 0.19s
Epoch 878/1000, Loss: 44.5526, Obj: 23.6859, Eq Viol (l1): 2.844983, Ineq Viol (l1): 0.252791, Epoch time: 0.19s
Epoch 879/1000, Loss: 44.4689, Obj: 23.6268, Eq Viol (l1): 2.837861, Ineq Viol (l1): 0.255707, Epoch time: 0.19s
Epoch 880/1000, Loss: 44.4590, Obj: 23.6100, Eq Viol (l1): 2.841218, Ineq Viol (l1): 0.262433, Epoch time: 0.19s
Epoch 881/1000, Loss: 44.4845, Obj: 23.6452, Eq Viol (l1): 2.849394, Ineq Viol (l1): 0.257093, Epoch time: 0.19s

Running validation at epoch 880...

VALIDATION_EPOCH_880 EVALUATION RESULTS:
==================================================
Obj:     2.371061e+01
Opt Gap:      4.219178e+01 ± 1.386559e+01
Eq Vio l1:   1.329723e+00 (max: 2.432394e+00)
Ineq Vio l1: 1.115819e-01 (max: 2.240040e+00)
Sol Dis:   1.750833e+02 ± 6.450804e-01
Merit:             3.812366e+01 ± 2.548166e-02
Avg Inf Time:  0.0002s
==================================================
✓ Model saved: results/nonsmooth_nonconvex/socp/SOCPProblem-100-50-50-10000/20260115-150727_MLP_sup_pen_seed0_nepochs1000_lr0.0001_trainsize7000_subopt_3_1.5/model_880.pt
Epoch 882/1000, Loss: 44.5015, Obj: 23.6510, Eq Viol (l1): 2.848335, Ineq Viol (l1): 0.253260, Epoch time: 0.19s
Epoch 883/1000, Loss: 44.5604, Obj: 23.6574, Eq Viol (l1): 2.849332, Ineq Viol (l1): 0.252704, Epoch time: 0.19s
Epoch 884/1000, Loss: 44.4107, Obj: 23.6265, Eq Viol (l1): 2.831247, Ineq Viol (l1): 0.261133, Epoch time: 0.19s
Epoch 885/1000, Loss: 44.4251, Obj: 23.6122, Eq Viol (l1): 2.837573, Ineq Viol (l1): 0.260705, Epoch time: 0.19s
Epoch 886/1000, Loss: 44.5190, Obj: 23.6862, Eq Viol (l1): 2.843170, Ineq Viol (l1): 0.256950, Epoch time: 0.19s
Epoch 887/1000, Loss: 44.5363, Obj: 23.6657, Eq Viol (l1): 2.838506, Ineq Viol (l1): 0.254206, Epoch time: 0.19s
Epoch 888/1000, Loss: 44.5264, Obj: 23.6730, Eq Viol (l1): 2.847458, Ineq Viol (l1): 0.252736, Epoch time: 0.19s
Epoch 889/1000, Loss: 44.4822, Obj: 23.6527, Eq Viol (l1): 2.854801, Ineq Viol (l1): 0.259972, Epoch time: 0.19s
Epoch 890/1000, Loss: 44.5200, Obj: 23.6377, Eq Viol (l1): 2.845556, Ineq Viol (l1): 0.264537, Epoch time: 0.19s
Epoch 891/1000, Loss: 44.5083, Obj: 23.6629, Eq Viol (l1): 2.862923, Ineq Viol (l1): 0.247614, Epoch time: 0.19s

Running validation at epoch 890...

VALIDATION_EPOCH_890 EVALUATION RESULTS:
==================================================
Obj:     2.358785e+01
Opt Gap:      4.187964e+01 ± 1.369787e+01
Eq Vio l1:   1.276492e+00 (max: 2.370068e+00)
Ineq Vio l1: 1.502859e-01 (max: 2.138114e+00)
Sol Dis:   1.746388e+02 ± 5.853456e-01
Merit:             3.785562e+01 ± 9.697739e-02
Avg Inf Time:  0.0002s
==================================================
✓ Model saved: results/nonsmooth_nonconvex/socp/SOCPProblem-100-50-50-10000/20260115-150727_MLP_sup_pen_seed0_nepochs1000_lr0.0001_trainsize7000_subopt_3_1.5/model_890.pt
Epoch 892/1000, Loss: 44.4259, Obj: 23.6262, Eq Viol (l1): 2.848129, Ineq Viol (l1): 0.264719, Epoch time: 0.19s
Epoch 893/1000, Loss: 44.4016, Obj: 23.6183, Eq Viol (l1): 2.839584, Ineq Viol (l1): 0.262421, Epoch time: 0.19s
Epoch 894/1000, Loss: 44.3962, Obj: 23.6580, Eq Viol (l1): 2.839159, Ineq Viol (l1): 0.251377, Epoch time: 0.19s
Epoch 895/1000, Loss: 44.4355, Obj: 23.6178, Eq Viol (l1): 2.839149, Ineq Viol (l1): 0.262443, Epoch time: 0.19s
Epoch 896/1000, Loss: 44.4479, Obj: 23.6660, Eq Viol (l1): 2.847054, Ineq Viol (l1): 0.250971, Epoch time: 0.19s
Epoch 897/1000, Loss: 44.3547, Obj: 23.6254, Eq Viol (l1): 2.838998, Ineq Viol (l1): 0.259987, Epoch time: 0.19s
Epoch 898/1000, Loss: 44.3905, Obj: 23.6326, Eq Viol (l1): 2.839817, Ineq Viol (l1): 0.253748, Epoch time: 0.19s
Epoch 899/1000, Loss: 44.3653, Obj: 23.6209, Eq Viol (l1): 2.849697, Ineq Viol (l1): 0.262492, Epoch time: 0.19s
Epoch 900/1000, Loss: 44.4673, Obj: 23.6697, Eq Viol (l1): 2.837816, Ineq Viol (l1): 0.253657, Epoch time: 0.19s
Epoch 901/1000, Loss: 44.4648, Obj: 23.6598, Eq Viol (l1): 2.837885, Ineq Viol (l1): 0.262495, Epoch time: 0.19s

Running validation at epoch 900...

VALIDATION_EPOCH_900 EVALUATION RESULTS:
==================================================
Obj:     2.367143e+01
Opt Gap:      4.218865e+01 ± 1.387300e+01
Eq Vio l1:   1.340147e+00 (max: 2.483405e+00)
Ineq Vio l1: 1.137258e-01 (max: 1.928162e+00)
Sol Dis:   1.748868e+02 ± 5.838200e-01
Merit:             3.821015e+01 ± 1.160658e-01
Avg Inf Time:  0.0002s
==================================================
✓ Model saved: results/nonsmooth_nonconvex/socp/SOCPProblem-100-50-50-10000/20260115-150727_MLP_sup_pen_seed0_nepochs1000_lr0.0001_trainsize7000_subopt_3_1.5/model_900.pt
Epoch 902/1000, Loss: 44.4382, Obj: 23.6522, Eq Viol (l1): 2.845994, Ineq Viol (l1): 0.250782, Epoch time: 0.19s
Epoch 903/1000, Loss: 44.4230, Obj: 23.6508, Eq Viol (l1): 2.849967, Ineq Viol (l1): 0.257784, Epoch time: 0.19s
Epoch 904/1000, Loss: 44.3754, Obj: 23.6271, Eq Viol (l1): 2.845588, Ineq Viol (l1): 0.252895, Epoch time: 0.19s
Epoch 905/1000, Loss: 44.3771, Obj: 23.6263, Eq Viol (l1): 2.838510, Ineq Viol (l1): 0.262438, Epoch time: 0.19s
Epoch 906/1000, Loss: 44.3288, Obj: 23.6140, Eq Viol (l1): 2.838929, Ineq Viol (l1): 0.259461, Epoch time: 0.19s
Epoch 907/1000, Loss: 44.3595, Obj: 23.6427, Eq Viol (l1): 2.837957, Ineq Viol (l1): 0.254875, Epoch time: 0.19s
Epoch 908/1000, Loss: 44.3345, Obj: 23.6225, Eq Viol (l1): 2.850257, Ineq Viol (l1): 0.252741, Epoch time: 0.19s
Epoch 909/1000, Loss: 44.3111, Obj: 23.6012, Eq Viol (l1): 2.844823, Ineq Viol (l1): 0.259314, Epoch time: 0.19s
Epoch 910/1000, Loss: 44.3459, Obj: 23.6397, Eq Viol (l1): 2.844382, Ineq Viol (l1): 0.254497, Epoch time: 0.19s
Epoch 911/1000, Loss: 44.3782, Obj: 23.6514, Eq Viol (l1): 2.842585, Ineq Viol (l1): 0.264500, Epoch time: 0.26s

Running validation at epoch 910...

VALIDATION_EPOCH_910 EVALUATION RESULTS:
==================================================
Obj:     2.364509e+01
Opt Gap:      4.192418e+01 ± 1.373036e+01
Eq Vio l1:   1.326085e+00 (max: 2.541158e+00)
Ineq Vio l1: 1.382867e-01 (max: 1.931510e+00)
Sol Dis:   1.748531e+02 ± 6.206005e-01
Merit:             3.828881e+01 ± 6.961747e-02
Avg Inf Time:  0.0002s
==================================================
✓ Model saved: results/nonsmooth_nonconvex/socp/SOCPProblem-100-50-50-10000/20260115-150727_MLP_sup_pen_seed0_nepochs1000_lr0.0001_trainsize7000_subopt_3_1.5/model_910.pt
Epoch 912/1000, Loss: 44.3049, Obj: 23.6238, Eq Viol (l1): 2.834535, Ineq Viol (l1): 0.251974, Epoch time: 0.19s
Epoch 913/1000, Loss: 44.3146, Obj: 23.6325, Eq Viol (l1): 2.844163, Ineq Viol (l1): 0.265218, Epoch time: 0.19s
Epoch 914/1000, Loss: 44.3446, Obj: 23.6491, Eq Viol (l1): 2.841366, Ineq Viol (l1): 0.253319, Epoch time: 0.19s
Epoch 915/1000, Loss: 44.3203, Obj: 23.6376, Eq Viol (l1): 2.839206, Ineq Viol (l1): 0.257968, Epoch time: 0.19s
Epoch 916/1000, Loss: 44.3329, Obj: 23.6426, Eq Viol (l1): 2.840453, Ineq Viol (l1): 0.256500, Epoch time: 0.19s
Epoch 917/1000, Loss: 44.3928, Obj: 23.6501, Eq Viol (l1): 2.861551, Ineq Viol (l1): 0.261623, Epoch time: 0.19s
Epoch 918/1000, Loss: 44.2445, Obj: 23.6429, Eq Viol (l1): 2.831043, Ineq Viol (l1): 0.254517, Epoch time: 0.19s
Epoch 919/1000, Loss: 44.2553, Obj: 23.6094, Eq Viol (l1): 2.837092, Ineq Viol (l1): 0.259491, Epoch time: 0.19s
Epoch 920/1000, Loss: 44.3545, Obj: 23.6461, Eq Viol (l1): 2.857833, Ineq Viol (l1): 0.256270, Epoch time: 0.19s
Epoch 921/1000, Loss: 44.2383, Obj: 23.6335, Eq Viol (l1): 2.849426, Ineq Viol (l1): 0.251990, Epoch time: 0.19s

Running validation at epoch 920...

VALIDATION_EPOCH_920 EVALUATION RESULTS:
==================================================
Obj:     2.360215e+01
Opt Gap:      4.188093e+01 ± 1.360728e+01
Eq Vio l1:   1.278028e+00 (max: 2.374142e+00)
Ineq Vio l1: 1.655532e-01 (max: 2.147784e+00)
Sol Dis:   1.746006e+02 ± 5.320636e-01
Merit:             3.803796e+01 ± 5.563956e-02
Avg Inf Time:  0.0002s
==================================================
✓ Model saved: results/nonsmooth_nonconvex/socp/SOCPProblem-100-50-50-10000/20260115-150727_MLP_sup_pen_seed0_nepochs1000_lr0.0001_trainsize7000_subopt_3_1.5/model_920.pt
Epoch 922/1000, Loss: 44.3274, Obj: 23.6582, Eq Viol (l1): 2.836706, Ineq Viol (l1): 0.257237, Epoch time: 0.19s
Epoch 923/1000, Loss: 44.2146, Obj: 23.6006, Eq Viol (l1): 2.838327, Ineq Viol (l1): 0.260795, Epoch time: 0.19s
Epoch 924/1000, Loss: 44.2773, Obj: 23.6195, Eq Viol (l1): 2.850455, Ineq Viol (l1): 0.259028, Epoch time: 0.19s
Epoch 925/1000, Loss: 44.2803, Obj: 23.6433, Eq Viol (l1): 2.838874, Ineq Viol (l1): 0.257799, Epoch time: 0.19s
Epoch 926/1000, Loss: 44.2906, Obj: 23.6295, Eq Viol (l1): 2.839900, Ineq Viol (l1): 0.261091, Epoch time: 0.19s
Epoch 927/1000, Loss: 44.2912, Obj: 23.6573, Eq Viol (l1): 2.841990, Ineq Viol (l1): 0.248778, Epoch time: 0.19s
Epoch 928/1000, Loss: 44.2668, Obj: 23.6090, Eq Viol (l1): 2.847682, Ineq Viol (l1): 0.267646, Epoch time: 0.19s
Epoch 929/1000, Loss: 44.2450, Obj: 23.6299, Eq Viol (l1): 2.840938, Ineq Viol (l1): 0.254111, Epoch time: 0.19s
Epoch 930/1000, Loss: 44.2581, Obj: 23.6101, Eq Viol (l1): 2.848789, Ineq Viol (l1): 0.256849, Epoch time: 0.19s
Epoch 931/1000, Loss: 44.1965, Obj: 23.6120, Eq Viol (l1): 2.843318, Ineq Viol (l1): 0.264609, Epoch time: 0.19s

Running validation at epoch 930...

VALIDATION_EPOCH_930 EVALUATION RESULTS:
==================================================
Obj:     2.371338e+01
Opt Gap:      4.203920e+01 ± 1.372244e+01
Eq Vio l1:   1.385331e+00 (max: 2.257023e+00)
Ineq Vio l1: 1.091045e-01 (max: 1.674069e+00)
Sol Dis:   1.750378e+02 ± 5.874340e-01
Merit:             3.865774e+01 ± 8.829520e-02
Avg Inf Time:  0.0002s
==================================================
✓ Model saved: results/nonsmooth_nonconvex/socp/SOCPProblem-100-50-50-10000/20260115-150727_MLP_sup_pen_seed0_nepochs1000_lr0.0001_trainsize7000_subopt_3_1.5/model_930.pt
Epoch 932/1000, Loss: 44.2385, Obj: 23.6270, Eq Viol (l1): 2.846923, Ineq Viol (l1): 0.251746, Epoch time: 0.19s
Epoch 933/1000, Loss: 44.2846, Obj: 23.6452, Eq Viol (l1): 2.834697, Ineq Viol (l1): 0.262657, Epoch time: 0.19s
Epoch 934/1000, Loss: 44.3075, Obj: 23.6416, Eq Viol (l1): 2.845603, Ineq Viol (l1): 0.257746, Epoch time: 0.19s
Epoch 935/1000, Loss: 44.2318, Obj: 23.6290, Eq Viol (l1): 2.840866, Ineq Viol (l1): 0.253852, Epoch time: 0.19s
Epoch 936/1000, Loss: 44.2283, Obj: 23.6427, Eq Viol (l1): 2.847133, Ineq Viol (l1): 0.255229, Epoch time: 0.19s
Epoch 937/1000, Loss: 44.2052, Obj: 23.6217, Eq Viol (l1): 2.841739, Ineq Viol (l1): 0.262859, Epoch time: 0.19s
Epoch 938/1000, Loss: 44.2529, Obj: 23.6527, Eq Viol (l1): 2.849102, Ineq Viol (l1): 0.253877, Epoch time: 0.19s
Epoch 939/1000, Loss: 44.1450, Obj: 23.6156, Eq Viol (l1): 2.837582, Ineq Viol (l1): 0.263664, Epoch time: 0.19s
Epoch 940/1000, Loss: 44.0880, Obj: 23.6221, Eq Viol (l1): 2.834237, Ineq Viol (l1): 0.252647, Epoch time: 0.19s
Epoch 941/1000, Loss: 44.2120, Obj: 23.6213, Eq Viol (l1): 2.836546, Ineq Viol (l1): 0.266033, Epoch time: 0.19s

Running validation at epoch 940...

VALIDATION_EPOCH_940 EVALUATION RESULTS:
==================================================
Obj:     2.368213e+01
Opt Gap:      4.218802e+01 ± 1.388337e+01
Eq Vio l1:   1.340215e+00 (max: 2.462724e+00)
Ineq Vio l1: 1.237232e-01 (max: 1.809334e+00)
Sol Dis:   1.747791e+02 ± 6.098570e-01
Merit:             3.832151e+01 ± 9.741839e-02
Avg Inf Time:  0.0002s
==================================================
✓ Model saved: results/nonsmooth_nonconvex/socp/SOCPProblem-100-50-50-10000/20260115-150727_MLP_sup_pen_seed0_nepochs1000_lr0.0001_trainsize7000_subopt_3_1.5/model_940.pt
Epoch 942/1000, Loss: 44.1943, Obj: 23.6132, Eq Viol (l1): 2.838888, Ineq Viol (l1): 0.256927, Epoch time: 0.19s
Epoch 943/1000, Loss: 44.2149, Obj: 23.5958, Eq Viol (l1): 2.850385, Ineq Viol (l1): 0.258955, Epoch time: 0.19s
Epoch 944/1000, Loss: 44.2303, Obj: 23.6547, Eq Viol (l1): 2.855582, Ineq Viol (l1): 0.244128, Epoch time: 0.19s
Epoch 945/1000, Loss: 44.1727, Obj: 23.5922, Eq Viol (l1): 2.841002, Ineq Viol (l1): 0.268113, Epoch time: 0.19s
Epoch 946/1000, Loss: 44.1531, Obj: 23.6191, Eq Viol (l1): 2.835480, Ineq Viol (l1): 0.253394, Epoch time: 0.19s
Epoch 947/1000, Loss: 44.1598, Obj: 23.6339, Eq Viol (l1): 2.841332, Ineq Viol (l1): 0.258661, Epoch time: 0.27s
Epoch 948/1000, Loss: 44.1598, Obj: 23.6222, Eq Viol (l1): 2.852079, Ineq Viol (l1): 0.265751, Epoch time: 0.19s
Epoch 949/1000, Loss: 44.0947, Obj: 23.6010, Eq Viol (l1): 2.836740, Ineq Viol (l1): 0.250846, Epoch time: 0.19s
Epoch 950/1000, Loss: 44.0527, Obj: 23.5923, Eq Viol (l1): 2.831279, Ineq Viol (l1): 0.256946, Epoch time: 0.19s
Epoch 951/1000, Loss: 44.1281, Obj: 23.6235, Eq Viol (l1): 2.847951, Ineq Viol (l1): 0.262485, Epoch time: 0.19s

Running validation at epoch 950...

VALIDATION_EPOCH_950 EVALUATION RESULTS:
==================================================
Obj:     2.367616e+01
Opt Gap:      4.206570e+01 ± 1.381524e+01
Eq Vio l1:   1.320958e+00 (max: 2.498657e+00)
Ineq Vio l1: 1.319455e-01 (max: 1.627092e+00)
Sol Dis:   1.750141e+02 ± 5.682367e-01
Merit:             3.820519e+01 ± 6.691414e-02
Avg Inf Time:  0.0002s
==================================================
✓ Model saved: results/nonsmooth_nonconvex/socp/SOCPProblem-100-50-50-10000/20260115-150727_MLP_sup_pen_seed0_nepochs1000_lr0.0001_trainsize7000_subopt_3_1.5/model_950.pt
Epoch 952/1000, Loss: 44.1562, Obj: 23.6286, Eq Viol (l1): 2.858214, Ineq Viol (l1): 0.255154, Epoch time: 0.19s
Epoch 953/1000, Loss: 44.1418, Obj: 23.5911, Eq Viol (l1): 2.843186, Ineq Viol (l1): 0.268719, Epoch time: 0.19s
Epoch 954/1000, Loss: 44.1075, Obj: 23.5953, Eq Viol (l1): 2.845370, Ineq Viol (l1): 0.255855, Epoch time: 0.19s
Epoch 955/1000, Loss: 44.0402, Obj: 23.5939, Eq Viol (l1): 2.835740, Ineq Viol (l1): 0.257182, Epoch time: 0.19s
Epoch 956/1000, Loss: 44.0947, Obj: 23.6272, Eq Viol (l1): 2.854307, Ineq Viol (l1): 0.253710, Epoch time: 0.19s
Epoch 957/1000, Loss: 44.0548, Obj: 23.6017, Eq Viol (l1): 2.834793, Ineq Viol (l1): 0.257865, Epoch time: 0.19s
Epoch 958/1000, Loss: 44.1079, Obj: 23.6171, Eq Viol (l1): 2.837948, Ineq Viol (l1): 0.258802, Epoch time: 0.19s
Epoch 959/1000, Loss: 44.1400, Obj: 23.6400, Eq Viol (l1): 2.846519, Ineq Viol (l1): 0.257084, Epoch time: 0.19s
Epoch 960/1000, Loss: 44.1177, Obj: 23.6272, Eq Viol (l1): 2.841419, Ineq Viol (l1): 0.255795, Epoch time: 0.19s
Epoch 961/1000, Loss: 44.2146, Obj: 23.6761, Eq Viol (l1): 2.844625, Ineq Viol (l1): 0.264689, Epoch time: 0.19s

Running validation at epoch 960...

VALIDATION_EPOCH_960 EVALUATION RESULTS:
==================================================
Obj:     2.353818e+01
Opt Gap:      4.163376e+01 ± 1.352349e+01
Eq Vio l1:   1.302051e+00 (max: 2.459092e+00)
Ineq Vio l1: 1.818795e-01 (max: 2.614027e+00)
Sol Dis:   1.744481e+02 ± 6.334022e-01
Merit:             3.837748e+01 ± 1.349038e-01
Avg Inf Time:  0.0002s
==================================================
✓ Model saved: results/nonsmooth_nonconvex/socp/SOCPProblem-100-50-50-10000/20260115-150727_MLP_sup_pen_seed0_nepochs1000_lr0.0001_trainsize7000_subopt_3_1.5/model_960.pt
Epoch 962/1000, Loss: 44.0459, Obj: 23.6035, Eq Viol (l1): 2.843161, Ineq Viol (l1): 0.260799, Epoch time: 0.19s
Epoch 963/1000, Loss: 44.0409, Obj: 23.6136, Eq Viol (l1): 2.839611, Ineq Viol (l1): 0.260974, Epoch time: 0.19s
Epoch 964/1000, Loss: 44.1183, Obj: 23.6250, Eq Viol (l1): 2.846364, Ineq Viol (l1): 0.261369, Epoch time: 0.19s
Epoch 965/1000, Loss: 44.0397, Obj: 23.6172, Eq Viol (l1): 2.843919, Ineq Viol (l1): 0.252960, Epoch time: 0.19s
Epoch 966/1000, Loss: 43.9657, Obj: 23.5970, Eq Viol (l1): 2.837064, Ineq Viol (l1): 0.257998, Epoch time: 0.19s
Epoch 967/1000, Loss: 44.0355, Obj: 23.6135, Eq Viol (l1): 2.843861, Ineq Viol (l1): 0.260370, Epoch time: 0.19s
Epoch 968/1000, Loss: 44.0603, Obj: 23.6248, Eq Viol (l1): 2.839176, Ineq Viol (l1): 0.257050, Epoch time: 0.19s
Epoch 969/1000, Loss: 44.0666, Obj: 23.6082, Eq Viol (l1): 2.842558, Ineq Viol (l1): 0.260262, Epoch time: 0.19s
Epoch 970/1000, Loss: 44.0558, Obj: 23.6360, Eq Viol (l1): 2.839815, Ineq Viol (l1): 0.251121, Epoch time: 0.19s
Epoch 971/1000, Loss: 44.1013, Obj: 23.6305, Eq Viol (l1): 2.854174, Ineq Viol (l1): 0.256926, Epoch time: 0.19s

Running validation at epoch 970...

VALIDATION_EPOCH_970 EVALUATION RESULTS:
==================================================
Obj:     2.366842e+01
Opt Gap:      4.196134e+01 ± 1.360928e+01
Eq Vio l1:   1.318947e+00 (max: 2.496994e+00)
Ineq Vio l1: 1.286166e-01 (max: 1.605988e+00)
Sol Dis:   1.748936e+02 ± 5.330334e-01
Merit:             3.814406e+01 ± 3.179658e-02
Avg Inf Time:  0.0002s
==================================================
✓ Model saved: results/nonsmooth_nonconvex/socp/SOCPProblem-100-50-50-10000/20260115-150727_MLP_sup_pen_seed0_nepochs1000_lr0.0001_trainsize7000_subopt_3_1.5/model_970.pt
Epoch 972/1000, Loss: 44.0959, Obj: 23.6275, Eq Viol (l1): 2.844584, Ineq Viol (l1): 0.263366, Epoch time: 0.19s
Epoch 973/1000, Loss: 44.0342, Obj: 23.6350, Eq Viol (l1): 2.844440, Ineq Viol (l1): 0.257070, Epoch time: 0.19s
Epoch 974/1000, Loss: 44.1222, Obj: 23.6720, Eq Viol (l1): 2.843086, Ineq Viol (l1): 0.253632, Epoch time: 0.19s
Epoch 975/1000, Loss: 44.0649, Obj: 23.6413, Eq Viol (l1): 2.849462, Ineq Viol (l1): 0.262343, Epoch time: 0.19s
Epoch 976/1000, Loss: 44.0752, Obj: 23.6136, Eq Viol (l1): 2.856254, Ineq Viol (l1): 0.263738, Epoch time: 0.19s
Epoch 977/1000, Loss: 44.1275, Obj: 23.6381, Eq Viol (l1): 2.861274, Ineq Viol (l1): 0.258534, Epoch time: 0.19s
Epoch 978/1000, Loss: 43.9867, Obj: 23.6123, Eq Viol (l1): 2.848619, Ineq Viol (l1): 0.249695, Epoch time: 0.19s
Epoch 979/1000, Loss: 43.9909, Obj: 23.6192, Eq Viol (l1): 2.840615, Ineq Viol (l1): 0.260492, Epoch time: 0.19s
Epoch 980/1000, Loss: 43.9386, Obj: 23.5900, Eq Viol (l1): 2.845563, Ineq Viol (l1): 0.261006, Epoch time: 0.19s
Epoch 981/1000, Loss: 44.0186, Obj: 23.6294, Eq Viol (l1): 2.843922, Ineq Viol (l1): 0.258055, Epoch time: 0.19s

Running validation at epoch 980...

VALIDATION_EPOCH_980 EVALUATION RESULTS:
==================================================
Obj:     2.365193e+01
Opt Gap:      4.199665e+01 ± 1.369868e+01
Eq Vio l1:   1.328402e+00 (max: 2.366964e+00)
Ineq Vio l1: 1.294712e-01 (max: 1.553358e+00)
Sol Dis:   1.747721e+02 ± 6.152828e-01
Merit:             3.823066e+01 ± 1.459062e-01
Avg Inf Time:  0.0003s
==================================================
✓ Model saved: results/nonsmooth_nonconvex/socp/SOCPProblem-100-50-50-10000/20260115-150727_MLP_sup_pen_seed0_nepochs1000_lr0.0001_trainsize7000_subopt_3_1.5/model_980.pt
Epoch 982/1000, Loss: 44.0319, Obj: 23.6351, Eq Viol (l1): 2.848915, Ineq Viol (l1): 0.253577, Epoch time: 0.19s
Epoch 983/1000, Loss: 44.0403, Obj: 23.6412, Eq Viol (l1): 2.850264, Ineq Viol (l1): 0.272275, Epoch time: 0.19s
Epoch 984/1000, Loss: 43.9869, Obj: 23.6371, Eq Viol (l1): 2.851985, Ineq Viol (l1): 0.254445, Epoch time: 0.19s
Epoch 985/1000, Loss: 43.9184, Obj: 23.5840, Eq Viol (l1): 2.845843, Ineq Viol (l1): 0.252600, Epoch time: 0.19s
Epoch 986/1000, Loss: 43.9301, Obj: 23.6112, Eq Viol (l1): 2.839527, Ineq Viol (l1): 0.260495, Epoch time: 0.19s
Epoch 987/1000, Loss: 44.0418, Obj: 23.6197, Eq Viol (l1): 2.851259, Ineq Viol (l1): 0.260154, Epoch time: 0.19s
Epoch 988/1000, Loss: 43.9765, Obj: 23.6627, Eq Viol (l1): 2.843113, Ineq Viol (l1): 0.258711, Epoch time: 0.19s
Epoch 989/1000, Loss: 43.9236, Obj: 23.6302, Eq Viol (l1): 2.851395, Ineq Viol (l1): 0.254987, Epoch time: 0.19s
Epoch 990/1000, Loss: 43.9962, Obj: 23.6396, Eq Viol (l1): 2.858949, Ineq Viol (l1): 0.249734, Epoch time: 0.19s
Epoch 991/1000, Loss: 44.0146, Obj: 23.6233, Eq Viol (l1): 2.835883, Ineq Viol (l1): 0.271001, Epoch time: 0.19s

Running validation at epoch 990...

VALIDATION_EPOCH_990 EVALUATION RESULTS:
==================================================
Obj:     2.383597e+01
Opt Gap:      4.237883e+01 ± 1.377881e+01
Eq Vio l1:   1.371999e+00 (max: 2.531752e+00)
Ineq Vio l1: 1.009553e-01 (max: 1.531566e+00)
Sol Dis:   1.753526e+02 ± 5.604665e-01
Merit:             3.856552e+01 ± 8.218304e-02
Avg Inf Time:  0.0002s
==================================================
✓ Model saved: results/nonsmooth_nonconvex/socp/SOCPProblem-100-50-50-10000/20260115-150727_MLP_sup_pen_seed0_nepochs1000_lr0.0001_trainsize7000_subopt_3_1.5/model_990.pt
Epoch 992/1000, Loss: 43.9502, Obj: 23.6707, Eq Viol (l1): 2.838386, Ineq Viol (l1): 0.252427, Epoch time: 0.19s
Epoch 993/1000, Loss: 43.9945, Obj: 23.6388, Eq Viol (l1): 2.841071, Ineq Viol (l1): 0.255730, Epoch time: 0.19s
Epoch 994/1000, Loss: 43.9914, Obj: 23.6106, Eq Viol (l1): 2.844106, Ineq Viol (l1): 0.262945, Epoch time: 0.19s
Epoch 995/1000, Loss: 43.8853, Obj: 23.5960, Eq Viol (l1): 2.844594, Ineq Viol (l1): 0.256265, Epoch time: 0.19s
Epoch 996/1000, Loss: 43.9750, Obj: 23.6430, Eq Viol (l1): 2.846825, Ineq Viol (l1): 0.255146, Epoch time: 0.19s
Epoch 997/1000, Loss: 43.9329, Obj: 23.6173, Eq Viol (l1): 2.843067, Ineq Viol (l1): 0.260669, Epoch time: 0.19s
Epoch 998/1000, Loss: 43.8993, Obj: 23.6033, Eq Viol (l1): 2.842100, Ineq Viol (l1): 0.260937, Epoch time: 0.19s
Epoch 999/1000, Loss: 43.9649, Obj: 23.6087, Eq Viol (l1): 2.856967, Ineq Viol (l1): 0.258425, Epoch time: 0.19s
Epoch 1000/1000, Loss: 43.8542, Obj: 23.5897, Eq Viol (l1): 2.837181, Ineq Viol (l1): 0.254103, Epoch time: 0.19s

Training completed in 200.16 seconds.

============================================================
COMPREHENSIVE TEST EVALUATION WITH DETAILED RESULTS
============================================================
Testing with batch sizes: [256, 512]

Evaluating with batch size: 256 (with detailed results)

TEST_BS256 EVALUATION RESULTS:
==================================================
Obj:     2.363739e+01
Opt Gap:      6.494332e+01 ± 6.013695e+01
Eq Vio l1:   1.292891e+00 (max: 2.419922e+00)
Ineq Vio l1: 1.479157e-01 (max: 3.072349e+00)
Sol Dis:   1.754227e+02 ± 1.374597e+00
Merit:             3.804546e+01 ± 2.438452e-01
Avg Inf Time:  0.0002s
==================================================

Evaluating with batch size: 512 (with detailed results)

TEST_BS512 EVALUATION RESULTS:
==================================================
Obj:     2.363777e+01
Opt Gap:      6.451686e+01 ± 3.602919e+01
Eq Vio l1:   1.293055e+00 (max: 2.765060e+00)
Ineq Vio l1: 1.476983e-01 (max: 4.371855e+00)
Sol Dis:   1.753815e+02 ± 1.083980e+00
Merit:             3.804530e+01 ± 2.014793e-01
Avg Inf Time:  0.0002s
==================================================

TEST BATCH SIZE COMPARISON:
================================================================================
Batch Size   Objective    Opt Gap      Eq Viol      Ineq Viol    Time (s)  
--------------------------------------------------------------------------------
256          2.3637e+01   6.4943e+01   1.2929e+00   1.4792e-01   0.00      
512          2.3638e+01   6.4517e+01   1.2931e+00   1.4770e-01   0.00      
================================================================================

Saving model and results to: results/nonsmooth_nonconvex/socp/SOCPProblem-100-50-50-10000/20260115-150727_MLP_sup_pen_seed0_nepochs1000_lr0.0001_trainsize7000_subopt_3_1.5
✓ Model saved: results/nonsmooth_nonconvex/socp/SOCPProblem-100-50-50-10000/20260115-150727_MLP_sup_pen_seed0_nepochs1000_lr0.0001_trainsize7000_subopt_3_1.5/model.pt
✓ Detailed results saved: results/nonsmooth_nonconvex/socp/SOCPProblem-100-50-50-10000/20260115-150727_MLP_sup_pen_seed0_nepochs1000_lr0.0001_trainsize7000_subopt_3_1.5/results.pkl

Files saved (or attempted):
  - model.pt (model weights and architecture)
  - results.pkl (training history, metrics, detailed test results)
Training and testing completed in 201.60 seconds
Done!!!
