==============================================
 Job started at: 2026-01-08 03:22:23
 Job ID: 7809570
 Node: node3006
==============================================

======= Running for problem: nonsmooth_nonconvex/socp =======

Loading problem instance: nonsmooth_nonconvex/socp with size [100, 50, 50, 10000]
Loading  dataset from: datasets/nonsmooth_nonconvex/socp/random2025_socp_dataset_var100_ineq50_eq50_ex10000 

Running on:  cuda
Training model using FSNet method with seed 0 for 300 epochs
Using batch size: 512
Loading model from checkpoint: results/nonsmooth_nonconvex/socp/SOCPProblem-100-50-50-10000/20260108-031722_MLP_sup_seed1_nepochs500_lr0.0005_trainsize100_subopt_2_1.0/model_340.pt

lr: 0.0002, weight_decay: 0.001, num_epochs: 300

Epoch 1/300, Loss: 47.0055, Obj: 25.7794, Eq Viol (l1): 0.000037, Ineq Viol (l1): 0.000000, Epoch time: 7.98s

Running validation at epoch 0...

VALIDATION_EPOCH_0 EVALUATION RESULTS:
==================================================
Objective Value:     2.556669e+01
True Objective:      -2.413704e+00
Optimality Gap:      4.558512e+01 ± 1.464073e+01
Eq Violation l1:   3.009444e-05 (max: 2.142259e-03)
Ineq Violation l1: 4.228336e-07 (max: 4.831402e-05)
Solution Distance:   1.853394e+02 ± 5.367098e-01
Merit:             2.556699e+01 ± 3.068456e-02
Avg Inference Time:  0.6452s
==================================================
Epoch 2/300, Loss: 43.3286, Obj: 25.8615, Eq Viol (l1): 0.000037, Ineq Viol (l1): 0.000000, Epoch time: 2.95s
Epoch 3/300, Loss: 37.4365, Obj: 26.1138, Eq Viol (l1): 0.000042, Ineq Viol (l1): 0.000000, Epoch time: 2.89s
Epoch 4/300, Loss: 32.3862, Obj: 26.0594, Eq Viol (l1): 0.000032, Ineq Viol (l1): 0.000000, Epoch time: 2.84s
Epoch 5/300, Loss: 28.1183, Obj: 24.0453, Eq Viol (l1): 0.000044, Ineq Viol (l1): 0.000000, Epoch time: 2.75s
Epoch 6/300, Loss: 23.6803, Obj: 20.5993, Eq Viol (l1): 0.000068, Ineq Viol (l1): 0.000000, Epoch time: 2.65s
Epoch 7/300, Loss: 19.3244, Obj: 16.8859, Eq Viol (l1): 0.000081, Ineq Viol (l1): 0.000000, Epoch time: 2.63s
Epoch 8/300, Loss: 15.8116, Obj: 13.9276, Eq Viol (l1): 0.000083, Ineq Viol (l1): 0.000000, Epoch time: 2.62s
Epoch 9/300, Loss: 12.7137, Obj: 11.1043, Eq Viol (l1): 0.000087, Ineq Viol (l1): 0.000000, Epoch time: 2.58s
Epoch 10/300, Loss: 7.8160, Obj: 6.0965, Eq Viol (l1): 0.000071, Ineq Viol (l1): 0.000000, Epoch time: 2.60s
Epoch 11/300, Loss: 4.9861, Obj: 3.4360, Eq Viol (l1): 0.000082, Ineq Viol (l1): 0.000000, Epoch time: 2.57s

Running validation at epoch 10...

VALIDATION_EPOCH_10 EVALUATION RESULTS:
==================================================
Objective Value:     2.092441e+00
True Objective:      -2.413704e+00
Optimality Gap:      4.537679e+00 ± 1.191793e+00
Eq Violation l1:   8.064942e-05 (max: 1.020740e-03)
Ineq Violation l1: 1.940630e-07 (max: 1.751033e-05)
Solution Distance:   9.761355e+01 ± 1.345098e+00
Merit:             2.093250e+00 ± 5.837007e-03
Avg Inference Time:  0.0687s
==================================================
Epoch 12/300, Loss: 2.8117, Obj: 1.4935, Eq Viol (l1): 0.000086, Ineq Viol (l1): 0.000000, Epoch time: 2.55s
Epoch 13/300, Loss: 1.9834, Obj: 0.8006, Eq Viol (l1): 0.000094, Ineq Viol (l1): 0.000000, Epoch time: 2.43s
Epoch 14/300, Loss: 1.4855, Obj: 0.4887, Eq Viol (l1): 0.000104, Ineq Viol (l1): 0.000000, Epoch time: 2.42s
Epoch 15/300, Loss: 1.2467, Obj: 0.3632, Eq Viol (l1): 0.000095, Ineq Viol (l1): 0.000000, Epoch time: 2.41s
Epoch 16/300, Loss: 1.0181, Obj: 0.2524, Eq Viol (l1): 0.000100, Ineq Viol (l1): 0.000000, Epoch time: 2.38s
Epoch 17/300, Loss: 0.9453, Obj: 0.1886, Eq Viol (l1): 0.000104, Ineq Viol (l1): 0.000000, Epoch time: 2.37s
Epoch 18/300, Loss: 0.8847, Obj: 0.1399, Eq Viol (l1): 0.000105, Ineq Viol (l1): 0.000000, Epoch time: 2.41s
Epoch 19/300, Loss: 0.7881, Obj: 0.0953, Eq Viol (l1): 0.000102, Ineq Viol (l1): 0.000000, Epoch time: 2.43s
Epoch 20/300, Loss: 0.7301, Obj: 0.0754, Eq Viol (l1): 0.000107, Ineq Viol (l1): 0.000000, Epoch time: 2.37s
Epoch 21/300, Loss: 0.6567, Obj: 0.0258, Eq Viol (l1): 0.000106, Ineq Viol (l1): 0.000000, Epoch time: 2.35s

Running validation at epoch 20...

VALIDATION_EPOCH_20 EVALUATION RESULTS:
==================================================
Objective Value:     -2.089093e-01
True Objective:      -2.413704e+00
Optimality Gap:      3.588989e-01 ± 2.914726e-01
Eq Violation l1:   1.185964e-04 (max: 7.588212e-04)
Ineq Violation l1: 3.092152e-07 (max: 1.786768e-05)
Solution Distance:   9.295434e+01 ± 1.557817e+00
Merit:             -2.077203e-01 ± 8.380310e-03
Avg Inference Time:  0.0638s
==================================================
Epoch 22/300, Loss: 0.6925, Obj: 0.0277, Eq Viol (l1): 0.000103, Ineq Viol (l1): 0.000000, Epoch time: 2.36s
Epoch 23/300, Loss: 0.5916, Obj: -0.0017, Eq Viol (l1): 0.000109, Ineq Viol (l1): 0.000000, Epoch time: 2.34s
Epoch 24/300, Loss: 0.5608, Obj: -0.0340, Eq Viol (l1): 0.000107, Ineq Viol (l1): 0.000000, Epoch time: 2.35s
Epoch 25/300, Loss: 0.5634, Obj: -0.0476, Eq Viol (l1): 0.000106, Ineq Viol (l1): 0.000000, Epoch time: 2.34s
Epoch 26/300, Loss: 0.5435, Obj: -0.0597, Eq Viol (l1): 0.000102, Ineq Viol (l1): 0.000000, Epoch time: 2.36s
Epoch 27/300, Loss: 0.4443, Obj: -0.0932, Eq Viol (l1): 0.000106, Ineq Viol (l1): 0.000000, Epoch time: 2.34s
Epoch 28/300, Loss: 0.4235, Obj: -0.1107, Eq Viol (l1): 0.000100, Ineq Viol (l1): 0.000000, Epoch time: 2.35s
Epoch 29/300, Loss: 0.3843, Obj: -0.1306, Eq Viol (l1): 0.000109, Ineq Viol (l1): 0.000000, Epoch time: 2.34s
Epoch 30/300, Loss: 0.3815, Obj: -0.1424, Eq Viol (l1): 0.000109, Ineq Viol (l1): 0.000000, Epoch time: 2.35s
Epoch 31/300, Loss: 0.3689, Obj: -0.1403, Eq Viol (l1): 0.000099, Ineq Viol (l1): 0.000000, Epoch time: 2.36s

Running validation at epoch 30...

VALIDATION_EPOCH_30 EVALUATION RESULTS:
==================================================
Objective Value:     -2.276686e-01
True Objective:      -2.413704e+00
Optimality Gap:      2.831733e-01 ± 3.416228e-01
Eq Violation l1:   7.787358e-05 (max: 6.031195e-04)
Ineq Violation l1: 2.224460e-07 (max: 2.011502e-05)
Solution Distance:   9.276043e+01 ± 1.530649e+00
Merit:             -2.268876e-01 ± 9.374414e-03
Avg Inference Time:  0.0636s
==================================================
Epoch 32/300, Loss: 0.3286, Obj: -0.1569, Eq Viol (l1): 0.000106, Ineq Viol (l1): 0.000000, Epoch time: 2.34s
Epoch 33/300, Loss: 0.3714, Obj: -0.1503, Eq Viol (l1): 0.000105, Ineq Viol (l1): 0.000000, Epoch time: 2.35s
Epoch 34/300, Loss: 0.3199, Obj: -0.1843, Eq Viol (l1): 0.000105, Ineq Viol (l1): 0.000000, Epoch time: 2.47s
Epoch 35/300, Loss: 0.3081, Obj: -0.1794, Eq Viol (l1): 0.000099, Ineq Viol (l1): 0.000000, Epoch time: 2.37s
Epoch 36/300, Loss: 0.3397, Obj: -0.1737, Eq Viol (l1): 0.000101, Ineq Viol (l1): 0.000000, Epoch time: 2.36s
Epoch 37/300, Loss: 0.2899, Obj: -0.2008, Eq Viol (l1): 0.000100, Ineq Viol (l1): 0.000000, Epoch time: 2.37s
Epoch 38/300, Loss: 0.2382, Obj: -0.2202, Eq Viol (l1): 0.000103, Ineq Viol (l1): 0.000000, Epoch time: 2.36s
Epoch 39/300, Loss: 0.2306, Obj: -0.2230, Eq Viol (l1): 0.000093, Ineq Viol (l1): 0.000000, Epoch time: 2.38s
Epoch 40/300, Loss: 0.2666, Obj: -0.2198, Eq Viol (l1): 0.000101, Ineq Viol (l1): 0.000000, Epoch time: 2.38s
Epoch 41/300, Loss: 0.2916, Obj: -0.1967, Eq Viol (l1): 0.000097, Ineq Viol (l1): 0.000000, Epoch time: 2.39s

Running validation at epoch 40...

VALIDATION_EPOCH_40 EVALUATION RESULTS:
==================================================
Objective Value:     -3.789598e-01
True Objective:      -2.413704e+00
Optimality Gap:      2.551306e-02 ± 4.303606e-01
Eq Violation l1:   1.225316e-04 (max: 9.388262e-04)
Ineq Violation l1: 3.619251e-07 (max: 2.631162e-05)
Solution Distance:   9.227634e+01 ± 1.527616e+00
Merit:             -3.777309e-01 ± 7.552257e-03
Avg Inference Time:  0.0636s
==================================================
Epoch 42/300, Loss: 0.2246, Obj: -0.2313, Eq Viol (l1): 0.000096, Ineq Viol (l1): 0.000000, Epoch time: 2.38s
Epoch 43/300, Loss: 0.1874, Obj: -0.2370, Eq Viol (l1): 0.000095, Ineq Viol (l1): 0.000000, Epoch time: 2.39s
Epoch 44/300, Loss: 0.1781, Obj: -0.2500, Eq Viol (l1): 0.000100, Ineq Viol (l1): 0.000000, Epoch time: 2.36s
Epoch 45/300, Loss: 0.1970, Obj: -0.2409, Eq Viol (l1): 0.000100, Ineq Viol (l1): 0.000000, Epoch time: 2.38s
Epoch 46/300, Loss: 0.2081, Obj: -0.2698, Eq Viol (l1): 0.000100, Ineq Viol (l1): 0.000000, Epoch time: 2.41s
Epoch 47/300, Loss: 0.1916, Obj: -0.2457, Eq Viol (l1): 0.000100, Ineq Viol (l1): 0.000000, Epoch time: 2.44s
Epoch 48/300, Loss: 0.2884, Obj: -0.2349, Eq Viol (l1): 0.000095, Ineq Viol (l1): 0.000000, Epoch time: 2.44s
Epoch 49/300, Loss: 0.1638, Obj: -0.2676, Eq Viol (l1): 0.000099, Ineq Viol (l1): 0.000000, Epoch time: 2.41s
Epoch 50/300, Loss: 0.2075, Obj: -0.2547, Eq Viol (l1): 0.000091, Ineq Viol (l1): 0.000000, Epoch time: 2.42s
Epoch 51/300, Loss: 0.1459, Obj: -0.2752, Eq Viol (l1): 0.000090, Ineq Viol (l1): 0.000000, Epoch time: 2.42s

Running validation at epoch 50...

VALIDATION_EPOCH_50 EVALUATION RESULTS:
==================================================
Objective Value:     -4.315389e-01
True Objective:      -2.413704e+00
Optimality Gap:      -6.421539e-02 ± 4.728170e-01
Eq Violation l1:   9.987719e-05 (max: 9.150353e-04)
Ineq Violation l1: 5.261275e-07 (max: 2.320860e-05)
Solution Distance:   9.202937e+01 ± 1.473464e+00
Merit:             -4.305349e-01 ± 5.473713e-03
Avg Inference Time:  0.0663s
==================================================
Epoch 52/300, Loss: 0.1434, Obj: -0.2861, Eq Viol (l1): 0.000092, Ineq Viol (l1): 0.000000, Epoch time: 2.44s
Epoch 53/300, Loss: 0.1664, Obj: -0.2788, Eq Viol (l1): 0.000086, Ineq Viol (l1): 0.000000, Epoch time: 2.45s
Epoch 54/300, Loss: 0.1917, Obj: -0.2731, Eq Viol (l1): 0.000095, Ineq Viol (l1): 0.000000, Epoch time: 2.45s
Epoch 55/300, Loss: 0.1943, Obj: -0.2743, Eq Viol (l1): 0.000086, Ineq Viol (l1): 0.000000, Epoch time: 2.48s
Epoch 56/300, Loss: 0.1163, Obj: -0.3073, Eq Viol (l1): 0.000087, Ineq Viol (l1): 0.000000, Epoch time: 2.49s
Epoch 57/300, Loss: 0.1076, Obj: -0.2957, Eq Viol (l1): 0.000091, Ineq Viol (l1): 0.000000, Epoch time: 2.45s
Epoch 58/300, Loss: 0.0950, Obj: -0.3298, Eq Viol (l1): 0.000090, Ineq Viol (l1): 0.000000, Epoch time: 2.48s
Epoch 59/300, Loss: 0.0815, Obj: -0.3376, Eq Viol (l1): 0.000090, Ineq Viol (l1): 0.000001, Epoch time: 2.50s
Epoch 60/300, Loss: 0.0900, Obj: -0.3309, Eq Viol (l1): 0.000088, Ineq Viol (l1): 0.000001, Epoch time: 2.51s
Epoch 61/300, Loss: 0.1443, Obj: -0.3098, Eq Viol (l1): 0.000090, Ineq Viol (l1): 0.000001, Epoch time: 2.49s

Running validation at epoch 60...

VALIDATION_EPOCH_60 EVALUATION RESULTS:
==================================================
Objective Value:     -4.573046e-01
True Objective:      -2.413704e+00
Optimality Gap:      -5.760663e-02 ± 4.871318e-01
Eq Violation l1:   9.824792e-05 (max: 7.793586e-04)
Ineq Violation l1: 5.000462e-07 (max: 3.562342e-05)
Solution Distance:   9.259747e+01 ± 1.511023e+00
Merit:             -4.563171e-01 ± 7.676460e-03
Avg Inference Time:  0.0679s
==================================================
Epoch 62/300, Loss: 0.0925, Obj: -0.3491, Eq Viol (l1): 0.000086, Ineq Viol (l1): 0.000001, Epoch time: 2.52s
Epoch 63/300, Loss: 0.1148, Obj: -0.3363, Eq Viol (l1): 0.000089, Ineq Viol (l1): 0.000001, Epoch time: 2.52s
Epoch 64/300, Loss: 0.1339, Obj: -0.3516, Eq Viol (l1): 0.000088, Ineq Viol (l1): 0.000001, Epoch time: 2.52s
Epoch 65/300, Loss: 0.0757, Obj: -0.3842, Eq Viol (l1): 0.000085, Ineq Viol (l1): 0.000000, Epoch time: 2.56s
Epoch 66/300, Loss: 0.0949, Obj: -0.3653, Eq Viol (l1): 0.000080, Ineq Viol (l1): 0.000001, Epoch time: 2.56s
Epoch 67/300, Loss: 0.1297, Obj: -0.3909, Eq Viol (l1): 0.000084, Ineq Viol (l1): 0.000001, Epoch time: 2.70s
Epoch 68/300, Loss: 0.0428, Obj: -0.4239, Eq Viol (l1): 0.000081, Ineq Viol (l1): 0.000001, Epoch time: 2.59s
Epoch 69/300, Loss: 0.0692, Obj: -0.4628, Eq Viol (l1): 0.000081, Ineq Viol (l1): 0.000001, Epoch time: 2.61s
Epoch 70/300, Loss: 0.0680, Obj: -0.4576, Eq Viol (l1): 0.000077, Ineq Viol (l1): 0.000001, Epoch time: 2.62s
Epoch 71/300, Loss: 0.0690, Obj: -0.5174, Eq Viol (l1): 0.000074, Ineq Viol (l1): 0.000001, Epoch time: 2.64s

Running validation at epoch 70...

VALIDATION_EPOCH_70 EVALUATION RESULTS:
==================================================
Objective Value:     -6.608686e-01
True Objective:      -2.413704e+00
Optimality Gap:      -2.698942e-01 ± 6.552903e-01
Eq Violation l1:   7.099058e-05 (max: 1.253165e-03)
Ineq Violation l1: 4.816911e-07 (max: 3.492636e-05)
Solution Distance:   9.540401e+01 ± 1.438544e+00
Merit:             -6.601539e-01 ± 1.384297e-02
Avg Inference Time:  0.0745s
==================================================
Epoch 72/300, Loss: 0.0952, Obj: -0.5166, Eq Viol (l1): 0.000079, Ineq Viol (l1): 0.000001, Epoch time: 2.67s
Epoch 73/300, Loss: 0.0075, Obj: -0.5992, Eq Viol (l1): 0.000070, Ineq Viol (l1): 0.000001, Epoch time: 2.66s
Epoch 74/300, Loss: -0.0052, Obj: -0.6168, Eq Viol (l1): 0.000073, Ineq Viol (l1): 0.000001, Epoch time: 2.66s
Epoch 75/300, Loss: -0.0102, Obj: -0.6417, Eq Viol (l1): 0.000072, Ineq Viol (l1): 0.000001, Epoch time: 2.68s
Epoch 76/300, Loss: 0.1181, Obj: -0.6219, Eq Viol (l1): 0.000070, Ineq Viol (l1): 0.000001, Epoch time: 2.68s
Epoch 77/300, Loss: 0.3359, Obj: -0.5925, Eq Viol (l1): 0.000065, Ineq Viol (l1): 0.000001, Epoch time: 2.71s
Epoch 78/300, Loss: 0.2260, Obj: -0.5760, Eq Viol (l1): 0.000061, Ineq Viol (l1): 0.000001, Epoch time: 2.73s
Epoch 79/300, Loss: 0.4947, Obj: -0.5747, Eq Viol (l1): 0.000061, Ineq Viol (l1): 0.000001, Epoch time: 2.73s
Epoch 80/300, Loss: 0.4700, Obj: -0.5315, Eq Viol (l1): 0.000063, Ineq Viol (l1): 0.000001, Epoch time: 2.73s
Epoch 81/300, Loss: 0.2346, Obj: -0.5681, Eq Viol (l1): 0.000062, Ineq Viol (l1): 0.000001, Epoch time: 2.71s

Running validation at epoch 80...

VALIDATION_EPOCH_80 EVALUATION RESULTS:
==================================================
Objective Value:     -6.949749e-01
True Objective:      -2.413704e+00
Optimality Gap:      -4.954192e-01 ± 9.291929e-01
Eq Violation l1:   4.691916e-05 (max: 1.626211e-03)
Ineq Violation l1: 7.666962e-07 (max: 1.449907e-04)
Solution Distance:   9.851685e+01 ± 1.413783e+00
Merit:             -6.944980e-01 ± 1.402211e-02
Avg Inference Time:  0.0807s
==================================================
Epoch 82/300, Loss: 0.2520, Obj: -0.6474, Eq Viol (l1): 0.000067, Ineq Viol (l1): 0.000001, Epoch time: 2.72s
Epoch 83/300, Loss: 0.2199, Obj: -0.6536, Eq Viol (l1): 0.000057, Ineq Viol (l1): 0.000001, Epoch time: 2.76s
Epoch 84/300, Loss: 0.6153, Obj: -0.5661, Eq Viol (l1): 0.000045, Ineq Viol (l1): 0.000001, Epoch time: 2.86s
Epoch 85/300, Loss: 0.8722, Obj: -0.4641, Eq Viol (l1): 0.000040, Ineq Viol (l1): 0.000001, Epoch time: 2.84s
Epoch 86/300, Loss: 0.8245, Obj: -0.5023, Eq Viol (l1): 0.000042, Ineq Viol (l1): 0.000001, Epoch time: 2.84s
Epoch 87/300, Loss: 0.7037, Obj: -0.5724, Eq Viol (l1): 0.000057, Ineq Viol (l1): 0.000001, Epoch time: 2.77s
Epoch 88/300, Loss: 0.6239, Obj: -0.6165, Eq Viol (l1): 0.000045, Ineq Viol (l1): 0.000001, Epoch time: 2.81s
Epoch 89/300, Loss: 1.0623, Obj: -0.3953, Eq Viol (l1): 0.000054, Ineq Viol (l1): 0.000001, Epoch time: 2.85s
Epoch 90/300, Loss: 0.4754, Obj: -0.5960, Eq Viol (l1): 0.000054, Ineq Viol (l1): 0.000001, Epoch time: 2.87s
Epoch 91/300, Loss: 0.4376, Obj: -0.5158, Eq Viol (l1): 0.000041, Ineq Viol (l1): 0.000001, Epoch time: 2.79s

Running validation at epoch 90...

VALIDATION_EPOCH_90 EVALUATION RESULTS:
==================================================
Objective Value:     -8.829750e-01
True Objective:      -2.413704e+00
Optimality Gap:      -8.527059e-01 ± 1.053911e+00
Eq Violation l1:   7.378520e-05 (max: 1.824238e-03)
Ineq Violation l1: 8.792961e-07 (max: 8.402639e-05)
Solution Distance:   9.865477e+01 ± 1.357008e+00
Merit:             -8.822284e-01 ± 1.844203e-02
Avg Inference Time:  0.0791s
==================================================
Epoch 92/300, Loss: 0.3637, Obj: -0.6179, Eq Viol (l1): 0.000050, Ineq Viol (l1): 0.000001, Epoch time: 2.78s
Epoch 93/300, Loss: 0.3694, Obj: -0.6320, Eq Viol (l1): 0.000046, Ineq Viol (l1): 0.000001, Epoch time: 2.81s
Epoch 94/300, Loss: 0.4593, Obj: -0.6292, Eq Viol (l1): 0.000050, Ineq Viol (l1): 0.000001, Epoch time: 2.80s
Epoch 95/300, Loss: 0.6044, Obj: -0.5510, Eq Viol (l1): 0.000044, Ineq Viol (l1): 0.000001, Epoch time: 2.81s
Epoch 96/300, Loss: 0.6439, Obj: -0.5654, Eq Viol (l1): 0.000036, Ineq Viol (l1): 0.000001, Epoch time: 2.87s
Epoch 97/300, Loss: 0.8669, Obj: -0.6176, Eq Viol (l1): 0.000045, Ineq Viol (l1): 0.000001, Epoch time: 2.85s
Epoch 98/300, Loss: 0.5125, Obj: -0.5927, Eq Viol (l1): 0.000046, Ineq Viol (l1): 0.000001, Epoch time: 2.81s
Epoch 99/300, Loss: 0.3677, Obj: -0.5800, Eq Viol (l1): 0.000038, Ineq Viol (l1): 0.000001, Epoch time: 2.83s
Epoch 100/300, Loss: 0.4296, Obj: -0.5851, Eq Viol (l1): 0.000040, Ineq Viol (l1): 0.000001, Epoch time: 2.93s
Epoch 101/300, Loss: 0.6356, Obj: -0.6038, Eq Viol (l1): 0.000039, Ineq Viol (l1): 0.000001, Epoch time: 2.84s

Running validation at epoch 100...

VALIDATION_EPOCH_100 EVALUATION RESULTS:
==================================================
Objective Value:     -8.041697e-01
True Objective:      -2.413704e+00
Optimality Gap:      -6.053354e-01 ± 9.360415e-01
Eq Violation l1:   4.595525e-05 (max: 1.767442e-03)
Ineq Violation l1: 4.486821e-07 (max: 4.155185e-05)
Solution Distance:   9.784692e+01 ± 1.318992e+00
Merit:             -8.037057e-01 ± 2.270738e-02
Avg Inference Time:  0.0868s
==================================================
Epoch 102/300, Loss: 1.0243, Obj: -0.3792, Eq Viol (l1): 0.000030, Ineq Viol (l1): 0.000001, Epoch time: 2.94s
Epoch 103/300, Loss: 1.2560, Obj: -0.2565, Eq Viol (l1): 0.000036, Ineq Viol (l1): 0.000001, Epoch time: 2.90s
Epoch 104/300, Loss: 1.3390, Obj: -0.0468, Eq Viol (l1): 0.000033, Ineq Viol (l1): 0.000000, Epoch time: 2.88s
Epoch 105/300, Loss: 1.2749, Obj: -0.3727, Eq Viol (l1): 0.000033, Ineq Viol (l1): 0.000000, Epoch time: 2.89s
Epoch 106/300, Loss: 0.7932, Obj: -0.5332, Eq Viol (l1): 0.000035, Ineq Viol (l1): 0.000001, Epoch time: 2.89s
Epoch 107/300, Loss: 0.5292, Obj: -0.5788, Eq Viol (l1): 0.000043, Ineq Viol (l1): 0.000001, Epoch time: 2.84s
Epoch 108/300, Loss: 0.4351, Obj: -0.7665, Eq Viol (l1): 0.000042, Ineq Viol (l1): 0.000001, Epoch time: 2.87s
Epoch 109/300, Loss: 0.5563, Obj: -0.7319, Eq Viol (l1): 0.000044, Ineq Viol (l1): 0.000001, Epoch time: 2.88s
Epoch 110/300, Loss: 0.6306, Obj: -0.5251, Eq Viol (l1): 0.000040, Ineq Viol (l1): 0.000001, Epoch time: 2.85s
Epoch 111/300, Loss: 0.6207, Obj: -0.6176, Eq Viol (l1): 0.000040, Ineq Viol (l1): 0.000001, Epoch time: 2.87s

Running validation at epoch 110...

VALIDATION_EPOCH_110 EVALUATION RESULTS:
==================================================
Objective Value:     -3.826949e-01
True Objective:      -2.413704e+00
Optimality Gap:      3.141245e-02 ± 6.892884e-01
Eq Violation l1:   2.559825e-05 (max: 1.881784e-03)
Ineq Violation l1: 3.999015e-07 (max: 8.717985e-05)
Solution Distance:   1.002124e+02 ± 1.323494e+00
Merit:             -3.824349e-01 ± 2.907834e-02
Avg Inference Time:  0.0915s
==================================================
Epoch 112/300, Loss: 1.2246, Obj: -0.3322, Eq Viol (l1): 0.000031, Ineq Viol (l1): 0.000001, Epoch time: 2.96s
Epoch 113/300, Loss: 1.7868, Obj: -0.1843, Eq Viol (l1): 0.000025, Ineq Viol (l1): 0.000000, Epoch time: 3.06s
Epoch 114/300, Loss: 1.9878, Obj: -0.4124, Eq Viol (l1): 0.000035, Ineq Viol (l1): 0.000001, Epoch time: 2.96s
Epoch 115/300, Loss: 1.5735, Obj: -0.4646, Eq Viol (l1): 0.000031, Ineq Viol (l1): 0.000000, Epoch time: 2.96s
Epoch 116/300, Loss: 1.3907, Obj: -0.4374, Eq Viol (l1): 0.000034, Ineq Viol (l1): 0.000001, Epoch time: 2.91s
Epoch 117/300, Loss: 1.0523, Obj: -0.4754, Eq Viol (l1): 0.000048, Ineq Viol (l1): 0.000001, Epoch time: 2.83s
Epoch 118/300, Loss: 0.8840, Obj: -0.4065, Eq Viol (l1): 0.000043, Ineq Viol (l1): 0.000001, Epoch time: 2.85s
Epoch 119/300, Loss: 1.2664, Obj: -0.1345, Eq Viol (l1): 0.000031, Ineq Viol (l1): 0.000000, Epoch time: 2.92s
Epoch 120/300, Loss: 1.3391, Obj: -0.4505, Eq Viol (l1): 0.000030, Ineq Viol (l1): 0.000001, Epoch time: 2.95s
Epoch 121/300, Loss: 1.2966, Obj: -0.3858, Eq Viol (l1): 0.000027, Ineq Viol (l1): 0.000000, Epoch time: 2.97s

Running validation at epoch 120...

VALIDATION_EPOCH_120 EVALUATION RESULTS:
==================================================
Objective Value:     -4.174558e-01
True Objective:      -2.413704e+00
Optimality Gap:      1.984696e-02 ± 7.333151e-01
Eq Violation l1:   2.206906e-05 (max: 3.334656e-03)
Ineq Violation l1: 2.376343e-07 (max: 7.173846e-05)
Solution Distance:   9.973166e+01 ± 1.237282e+00
Merit:             -4.172327e-01 ± 1.980212e-02
Avg Inference Time:  0.0983s
==================================================
Epoch 122/300, Loss: 1.2458, Obj: -0.5996, Eq Viol (l1): 0.000030, Ineq Viol (l1): 0.000000, Epoch time: 2.99s
Epoch 123/300, Loss: 2.4934, Obj: -0.4551, Eq Viol (l1): 0.000036, Ineq Viol (l1): 0.000001, Epoch time: 2.94s
Epoch 124/300, Loss: 2.0737, Obj: -0.4077, Eq Viol (l1): 0.000037, Ineq Viol (l1): 0.000001, Epoch time: 2.94s
Epoch 125/300, Loss: 1.9454, Obj: -0.0269, Eq Viol (l1): 0.000023, Ineq Viol (l1): 0.000001, Epoch time: 3.05s
Epoch 126/300, Loss: 1.9653, Obj: 0.0702, Eq Viol (l1): 0.000023, Ineq Viol (l1): 0.000000, Epoch time: 3.01s
Epoch 127/300, Loss: 1.8480, Obj: -0.0434, Eq Viol (l1): 0.000021, Ineq Viol (l1): 0.000000, Epoch time: 3.04s
Epoch 128/300, Loss: 2.0597, Obj: -0.3606, Eq Viol (l1): 0.000027, Ineq Viol (l1): 0.000001, Epoch time: 3.02s
Epoch 129/300, Loss: 2.3643, Obj: 0.1164, Eq Viol (l1): 0.000028, Ineq Viol (l1): 0.000001, Epoch time: 2.97s
Epoch 130/300, Loss: 2.1626, Obj: -0.2366, Eq Viol (l1): 0.000018, Ineq Viol (l1): 0.000000, Epoch time: 3.12s
Epoch 131/300, Loss: 2.3684, Obj: 0.0853, Eq Viol (l1): 0.000019, Ineq Viol (l1): 0.000000, Epoch time: 3.12s

Running validation at epoch 130...

VALIDATION_EPOCH_130 EVALUATION RESULTS:
==================================================
Objective Value:     -2.425890e-01
True Objective:      -2.413704e+00
Optimality Gap:      1.249397e-01 ± 8.357066e-01
Eq Violation l1:   2.303500e-05 (max: 2.482920e-03)
Ineq Violation l1: 5.876470e-07 (max: 1.218008e-04)
Solution Distance:   1.015666e+02 ± 1.206884e+00
Merit:             -2.423528e-01 ± 6.961269e-03
Avg Inference Time:  0.0970s
==================================================
Epoch 132/300, Loss: 2.6561, Obj: 0.0121, Eq Viol (l1): 0.000021, Ineq Viol (l1): 0.000000, Epoch time: 3.18s
Epoch 133/300, Loss: 1.8736, Obj: -0.4199, Eq Viol (l1): 0.000031, Ineq Viol (l1): 0.000001, Epoch time: 3.02s
Epoch 134/300, Loss: 2.5314, Obj: 0.1948, Eq Viol (l1): 0.000044, Ineq Viol (l1): 0.000004, Epoch time: 3.07s
Epoch 135/300, Loss: 1.6151, Obj: -0.2976, Eq Viol (l1): 0.000041, Ineq Viol (l1): 0.000002, Epoch time: 2.91s
Epoch 136/300, Loss: 1.1583, Obj: -0.2882, Eq Viol (l1): 0.000035, Ineq Viol (l1): 0.000000, Epoch time: 2.86s
Epoch 137/300, Loss: 0.6832, Obj: -0.5402, Eq Viol (l1): 0.000042, Ineq Viol (l1): 0.000001, Epoch time: 2.87s
Epoch 138/300, Loss: 0.7241, Obj: -0.5942, Eq Viol (l1): 0.000041, Ineq Viol (l1): 0.000001, Epoch time: 2.89s
Epoch 139/300, Loss: 0.7148, Obj: -0.6249, Eq Viol (l1): 0.000043, Ineq Viol (l1): 0.000001, Epoch time: 2.87s
Epoch 140/300, Loss: 0.8257, Obj: -0.5252, Eq Viol (l1): 0.000037, Ineq Viol (l1): 0.000000, Epoch time: 2.89s
Epoch 141/300, Loss: 0.7317, Obj: -0.6328, Eq Viol (l1): 0.000041, Ineq Viol (l1): 0.000001, Epoch time: 2.87s

Running validation at epoch 140...

VALIDATION_EPOCH_140 EVALUATION RESULTS:
==================================================
Objective Value:     -5.737269e-01
True Objective:      -2.413704e+00
Optimality Gap:      -3.257315e-01 ± 8.468581e-01
Eq Violation l1:   4.377198e-05 (max: 1.968288e-03)
Ineq Violation l1: 7.890428e-07 (max: 1.147641e-04)
Solution Distance:   9.816496e+01 ± 1.316077e+00
Merit:             -5.732813e-01 ± 2.827773e-02
Avg Inference Time:  0.0851s
==================================================
Epoch 142/300, Loss: 0.7691, Obj: -0.4928, Eq Viol (l1): 0.000038, Ineq Viol (l1): 0.000001, Epoch time: 2.88s
Epoch 143/300, Loss: 0.9838, Obj: -0.4835, Eq Viol (l1): 0.000035, Ineq Viol (l1): 0.000001, Epoch time: 2.91s
Epoch 144/300, Loss: 0.8837, Obj: -0.3025, Eq Viol (l1): 0.000030, Ineq Viol (l1): 0.000000, Epoch time: 2.88s
Epoch 145/300, Loss: 1.1978, Obj: -0.4656, Eq Viol (l1): 0.000033, Ineq Viol (l1): 0.000000, Epoch time: 2.93s
Epoch 146/300, Loss: 1.1121, Obj: -0.4010, Eq Viol (l1): 0.000030, Ineq Viol (l1): 0.000001, Epoch time: 2.94s
Epoch 147/300, Loss: 2.3545, Obj: -0.6552, Eq Viol (l1): 0.000037, Ineq Viol (l1): 0.000001, Epoch time: 2.97s
Epoch 148/300, Loss: 1.5711, Obj: -0.2650, Eq Viol (l1): 0.000037, Ineq Viol (l1): 0.000001, Epoch time: 2.90s
Epoch 149/300, Loss: 1.1783, Obj: -0.4940, Eq Viol (l1): 0.000036, Ineq Viol (l1): 0.000001, Epoch time: 2.90s
Epoch 150/300, Loss: 1.2879, Obj: -0.4274, Eq Viol (l1): 0.000032, Ineq Viol (l1): 0.000001, Epoch time: 2.97s
Epoch 151/300, Loss: 2.2454, Obj: -0.6194, Eq Viol (l1): 0.000032, Ineq Viol (l1): 0.000001, Epoch time: 3.05s

Running validation at epoch 150...

VALIDATION_EPOCH_150 EVALUATION RESULTS:
==================================================
Objective Value:     -3.112119e-01
True Objective:      -2.413704e+00
Optimality Gap:      2.021769e-01 ± 7.246688e-01
Eq Violation l1:   2.251807e-05 (max: 2.455189e-03)
Ineq Violation l1: 3.168446e-07 (max: 5.312828e-05)
Solution Distance:   9.996127e+01 ± 1.297671e+00
Merit:             -3.109835e-01 ± 1.723070e-02
Avg Inference Time:  0.1028s
==================================================
Epoch 152/300, Loss: 5.4873, Obj: 0.1044, Eq Viol (l1): 0.000026, Ineq Viol (l1): 0.000001, Epoch time: 3.33s
Epoch 153/300, Loss: 10.3516, Obj: 0.1742, Eq Viol (l1): 0.000566, Ineq Viol (l1): 0.000108, Epoch time: 3.40s
Epoch 154/300, Loss: 17.0984, Obj: 0.6957, Eq Viol (l1): 0.001209, Ineq Viol (l1): 0.000223, Epoch time: 3.40s
Epoch 155/300, Loss: 21.4982, Obj: 1.1028, Eq Viol (l1): 0.001901, Ineq Viol (l1): 0.000354, Epoch time: 3.41s
Epoch 156/300, Loss: 26.2220, Obj: 1.3523, Eq Viol (l1): 0.003613, Ineq Viol (l1): 0.000672, Epoch time: 3.41s
Epoch 157/300, Loss: 38.3705, Obj: 1.5964, Eq Viol (l1): 0.007468, Ineq Viol (l1): 0.001516, Epoch time: 3.40s
Epoch 158/300, Loss: 47.7254, Obj: 1.4812, Eq Viol (l1): 0.006148, Ineq Viol (l1): 0.001186, Epoch time: 3.40s
Epoch 159/300, Loss: 61.5493, Obj: 1.9231, Eq Viol (l1): 0.003237, Ineq Viol (l1): 0.000591, Epoch time: 3.41s
Epoch 160/300, Loss: 57.7629, Obj: 2.2889, Eq Viol (l1): 0.004693, Ineq Viol (l1): 0.000973, Epoch time: 3.40s
Epoch 161/300, Loss: 60.2077, Obj: 2.8307, Eq Viol (l1): 0.003813, Ineq Viol (l1): 0.000747, Epoch time: 3.41s

Running validation at epoch 160...

VALIDATION_EPOCH_160 EVALUATION RESULTS:
==================================================
Objective Value:     3.426778e+00
True Objective:      -2.413704e+00
Optimality Gap:      6.985646e+00 ± 1.839208e+00
Eq Violation l1:   1.412214e-03 (max: 4.601921e-01)
Ineq Violation l1: 2.409546e-04 (max: 1.005082e-01)
Solution Distance:   1.133615e+02 ± 1.128841e+00
Merit:             3.443310e+00 ± 4.526102e-02
Avg Inference Time:  0.1207s
==================================================
Epoch 162/300, Loss: 66.7592, Obj: 3.8213, Eq Viol (l1): 0.001369, Ineq Viol (l1): 0.000260, Epoch time: 3.41s
Epoch 163/300, Loss: 59.7581, Obj: 4.2031, Eq Viol (l1): 0.000211, Ineq Viol (l1): 0.000031, Epoch time: 3.41s
Epoch 164/300, Loss: 39.0187, Obj: 4.2378, Eq Viol (l1): 0.000128, Ineq Viol (l1): 0.000022, Epoch time: 3.32s
Epoch 165/300, Loss: 18.5897, Obj: 3.2847, Eq Viol (l1): 0.000086, Ineq Viol (l1): 0.000010, Epoch time: 3.32s
Epoch 166/300, Loss: 15.3845, Obj: 3.0771, Eq Viol (l1): 0.000044, Ineq Viol (l1): 0.000006, Epoch time: 3.26s
Epoch 167/300, Loss: 8.8931, Obj: 2.2064, Eq Viol (l1): 0.000031, Ineq Viol (l1): 0.000003, Epoch time: 3.22s
Epoch 168/300, Loss: 4.7112, Obj: 0.8393, Eq Viol (l1): 0.000019, Ineq Viol (l1): 0.000001, Epoch time: 3.07s
Epoch 169/300, Loss: 4.1991, Obj: 0.5522, Eq Viol (l1): 0.000028, Ineq Viol (l1): 0.000000, Epoch time: 3.05s
Epoch 170/300, Loss: 5.4826, Obj: 0.8801, Eq Viol (l1): 0.000024, Ineq Viol (l1): 0.000001, Epoch time: 3.11s
Epoch 171/300, Loss: 3.9186, Obj: 0.6096, Eq Viol (l1): 0.000023, Ineq Viol (l1): 0.000000, Epoch time: 3.03s

Running validation at epoch 170...

VALIDATION_EPOCH_170 EVALUATION RESULTS:
==================================================
Objective Value:     7.798807e-01
True Objective:      -2.413704e+00
Optimality Gap:      2.048221e+00 ± 7.626441e-02
Eq Violation l1:   1.800508e-05 (max: 2.629814e-03)
Ineq Violation l1: 1.983657e-07 (max: 5.181539e-05)
Solution Distance:   1.036867e+02 ± 1.701218e+00
Merit:             7.800627e-01 ± 1.923046e-02
Avg Inference Time:  0.1029s
==================================================
Epoch 172/300, Loss: 2.4780, Obj: 0.2031, Eq Viol (l1): 0.000021, Ineq Viol (l1): 0.000000, Epoch time: 2.97s
Epoch 173/300, Loss: 2.3816, Obj: 0.0124, Eq Viol (l1): 0.000029, Ineq Viol (l1): 0.000001, Epoch time: 2.95s
Epoch 174/300, Loss: 2.1166, Obj: -0.0596, Eq Viol (l1): 0.000029, Ineq Viol (l1): 0.000000, Epoch time: 2.95s
Epoch 175/300, Loss: 2.2478, Obj: 0.0480, Eq Viol (l1): 0.000023, Ineq Viol (l1): 0.000000, Epoch time: 2.99s
Epoch 176/300, Loss: 1.9461, Obj: -0.1147, Eq Viol (l1): 0.000026, Ineq Viol (l1): 0.000000, Epoch time: 2.94s
Epoch 177/300, Loss: 1.6375, Obj: -0.2179, Eq Viol (l1): 0.000037, Ineq Viol (l1): 0.000001, Epoch time: 2.91s
Epoch 178/300, Loss: 1.8180, Obj: -0.0579, Eq Viol (l1): 0.000023, Ineq Viol (l1): 0.000000, Epoch time: 2.97s
Epoch 179/300, Loss: 1.4124, Obj: -0.2247, Eq Viol (l1): 0.000027, Ineq Viol (l1): 0.000000, Epoch time: 2.97s
Epoch 180/300, Loss: 1.3810, Obj: -0.3287, Eq Viol (l1): 0.000034, Ineq Viol (l1): 0.000000, Epoch time: 2.91s
Epoch 181/300, Loss: 1.4823, Obj: -0.2872, Eq Viol (l1): 0.000033, Ineq Viol (l1): 0.000001, Epoch time: 2.91s

Running validation at epoch 180...

VALIDATION_EPOCH_180 EVALUATION RESULTS:
==================================================
Objective Value:     -5.736414e-01
True Objective:      -2.413704e+00
Optimality Gap:      -2.552386e-01 ± 8.339527e-01
Eq Violation l1:   4.427186e-05 (max: 2.006677e-03)
Ineq Violation l1: 7.018779e-07 (max: 6.627912e-05)
Solution Distance:   9.947508e+01 ± 1.471234e+00
Merit:             -5.731917e-01 ± 1.327080e-02
Avg Inference Time:  0.0889s
==================================================
Epoch 182/300, Loss: 1.5549, Obj: -0.0669, Eq Viol (l1): 0.000024, Ineq Viol (l1): 0.000000, Epoch time: 3.01s
Epoch 183/300, Loss: 1.7096, Obj: -0.2777, Eq Viol (l1): 0.000033, Ineq Viol (l1): 0.000001, Epoch time: 2.94s
Epoch 184/300, Loss: 2.9463, Obj: -0.1801, Eq Viol (l1): 0.000022, Ineq Viol (l1): 0.000000, Epoch time: 3.09s
Epoch 185/300, Loss: 4.3359, Obj: 0.0921, Eq Viol (l1): 0.000043, Ineq Viol (l1): 0.000005, Epoch time: 3.26s
Epoch 186/300, Loss: 7.0761, Obj: 0.5486, Eq Viol (l1): 0.000063, Ineq Viol (l1): 0.000011, Epoch time: 3.33s
Epoch 187/300, Loss: 8.6533, Obj: 0.5302, Eq Viol (l1): 0.000039, Ineq Viol (l1): 0.000003, Epoch time: 3.24s
Epoch 188/300, Loss: 3.5152, Obj: 0.4225, Eq Viol (l1): 0.000027, Ineq Viol (l1): 0.000001, Epoch time: 2.98s
Epoch 189/300, Loss: 2.1273, Obj: -0.2765, Eq Viol (l1): 0.000037, Ineq Viol (l1): 0.000001, Epoch time: 2.93s
Epoch 190/300, Loss: 2.3603, Obj: 0.0726, Eq Viol (l1): 0.000026, Ineq Viol (l1): 0.000000, Epoch time: 3.04s
Epoch 191/300, Loss: 2.9081, Obj: 0.0604, Eq Viol (l1): 0.000024, Ineq Viol (l1): 0.000001, Epoch time: 3.03s

Running validation at epoch 190...

VALIDATION_EPOCH_190 EVALUATION RESULTS:
==================================================
Objective Value:     1.859116e-01
True Objective:      -2.413704e+00
Optimality Gap:      7.986009e-01 ± 4.636538e-01
Eq Violation l1:   3.486759e-05 (max: 1.691585e-03)
Ineq Violation l1: 5.813461e-07 (max: 6.726232e-05)
Solution Distance:   1.026679e+02 ± 1.553728e+00
Merit:             1.862661e-01 ± 5.418146e-02
Avg Inference Time:  0.0878s
==================================================
Epoch 192/300, Loss: 2.0583, Obj: -0.0362, Eq Viol (l1): 0.000037, Ineq Viol (l1): 0.000001, Epoch time: 2.88s
Epoch 193/300, Loss: 1.5583, Obj: -0.1920, Eq Viol (l1): 0.000039, Ineq Viol (l1): 0.000001, Epoch time: 2.87s
Epoch 194/300, Loss: 0.9369, Obj: -0.4873, Eq Viol (l1): 0.000040, Ineq Viol (l1): 0.000001, Epoch time: 2.84s
Epoch 195/300, Loss: 0.9232, Obj: -0.4109, Eq Viol (l1): 0.000029, Ineq Viol (l1): 0.000001, Epoch time: 2.93s
Epoch 196/300, Loss: 1.8385, Obj: -0.2846, Eq Viol (l1): 0.000028, Ineq Viol (l1): 0.000001, Epoch time: 3.02s
Epoch 197/300, Loss: 1.9045, Obj: -0.3257, Eq Viol (l1): 0.000033, Ineq Viol (l1): 0.000001, Epoch time: 3.01s
Epoch 198/300, Loss: 2.1977, Obj: 0.0749, Eq Viol (l1): 0.000024, Ineq Viol (l1): 0.000001, Epoch time: 3.09s
Epoch 199/300, Loss: 2.0481, Obj: -0.4842, Eq Viol (l1): 0.000026, Ineq Viol (l1): 0.000001, Epoch time: 3.01s
Epoch 200/300, Loss: 1.6382, Obj: -0.3308, Eq Viol (l1): 0.000035, Ineq Viol (l1): 0.000000, Epoch time: 3.01s
Epoch 201/300, Loss: 1.9249, Obj: 0.0010, Eq Viol (l1): 0.000029, Ineq Viol (l1): 0.000001, Epoch time: 3.01s

Running validation at epoch 200...

VALIDATION_EPOCH_200 EVALUATION RESULTS:
==================================================
Objective Value:     -1.773857e-01
True Objective:      -2.413704e+00
Optimality Gap:      5.993708e-01 ± 4.704059e-01
Eq Violation l1:   2.424393e-05 (max: 3.080276e-03)
Ineq Violation l1: 5.252044e-07 (max: 2.024277e-04)
Solution Distance:   1.000622e+02 ± 1.241170e+00
Merit:             -1.771380e-01 ± 1.474588e-03
Avg Inference Time:  0.0959s
==================================================
Epoch 202/300, Loss: 2.0328, Obj: -0.3187, Eq Viol (l1): 0.000028, Ineq Viol (l1): 0.000000, Epoch time: 2.99s
Epoch 203/300, Loss: 2.0319, Obj: 0.0416, Eq Viol (l1): 0.000028, Ineq Viol (l1): 0.000000, Epoch time: 2.97s
Epoch 204/300, Loss: 1.9194, Obj: -0.2994, Eq Viol (l1): 0.000033, Ineq Viol (l1): 0.000000, Epoch time: 2.94s
Epoch 205/300, Loss: 1.5154, Obj: -0.4633, Eq Viol (l1): 0.000044, Ineq Viol (l1): 0.000001, Epoch time: 2.89s
Epoch 206/300, Loss: 1.3961, Obj: -0.1766, Eq Viol (l1): 0.000029, Ineq Viol (l1): 0.000001, Epoch time: 2.93s
Epoch 207/300, Loss: 1.2302, Obj: -0.4077, Eq Viol (l1): 0.000032, Ineq Viol (l1): 0.000001, Epoch time: 2.91s
Epoch 208/300, Loss: 2.0449, Obj: -0.0353, Eq Viol (l1): 0.000029, Ineq Viol (l1): 0.000001, Epoch time: 2.95s
Epoch 209/300, Loss: 1.3755, Obj: -0.4417, Eq Viol (l1): 0.000042, Ineq Viol (l1): 0.000001, Epoch time: 2.91s
Epoch 210/300, Loss: 1.7896, Obj: -0.4079, Eq Viol (l1): 0.000028, Ineq Viol (l1): 0.000001, Epoch time: 3.12s
Epoch 211/300, Loss: 4.8524, Obj: 0.1715, Eq Viol (l1): 0.000024, Ineq Viol (l1): 0.000001, Epoch time: 3.30s

Running validation at epoch 210...

VALIDATION_EPOCH_210 EVALUATION RESULTS:
==================================================
Objective Value:     4.980579e-01
True Objective:      -2.413704e+00
Optimality Gap:      1.403639e+00 ± 4.188657e-01
Eq Violation l1:   2.355618e-05 (max: 2.618493e-03)
Ineq Violation l1: 4.203475e-07 (max: 1.085977e-04)
Solution Distance:   1.046576e+02 ± 1.198253e+00
Merit:             4.982976e-01 ± 2.382106e-02
Avg Inference Time:  0.1089s
==================================================
Epoch 212/300, Loss: 8.4293, Obj: 0.2933, Eq Viol (l1): 0.000022, Ineq Viol (l1): 0.000001, Epoch time: 3.28s
Epoch 213/300, Loss: 9.6251, Obj: 0.7228, Eq Viol (l1): 0.000037, Ineq Viol (l1): 0.000004, Epoch time: 3.33s
Epoch 214/300, Loss: 10.5021, Obj: 0.9249, Eq Viol (l1): 0.000047, Ineq Viol (l1): 0.000004, Epoch time: 3.38s
Epoch 215/300, Loss: 11.5381, Obj: 0.9868, Eq Viol (l1): 0.000068, Ineq Viol (l1): 0.000006, Epoch time: 3.37s
Epoch 216/300, Loss: 12.6971, Obj: 1.3630, Eq Viol (l1): 0.000282, Ineq Viol (l1): 0.000030, Epoch time: 3.40s
Epoch 217/300, Loss: 12.9221, Obj: 1.0525, Eq Viol (l1): 0.000140, Ineq Viol (l1): 0.000017, Epoch time: 3.40s
Epoch 218/300, Loss: 14.4742, Obj: 1.8162, Eq Viol (l1): 0.000089, Ineq Viol (l1): 0.000019, Epoch time: 3.37s
Epoch 219/300, Loss: 15.5827, Obj: 2.0571, Eq Viol (l1): 0.000071, Ineq Viol (l1): 0.000013, Epoch time: 3.35s
Epoch 220/300, Loss: 18.1206, Obj: 2.0050, Eq Viol (l1): 0.000077, Ineq Viol (l1): 0.000011, Epoch time: 3.38s
Epoch 221/300, Loss: 14.9226, Obj: 2.1814, Eq Viol (l1): 0.000101, Ineq Viol (l1): 0.000017, Epoch time: 3.37s

Running validation at epoch 220...

VALIDATION_EPOCH_220 EVALUATION RESULTS:
==================================================
Objective Value:     1.936417e+00
True Objective:      -2.413704e+00
Optimality Gap:      4.964421e+00 ± 1.456500e+00
Eq Violation l1:   2.008796e-05 (max: 3.086557e-03)
Ineq Violation l1: 2.385050e-07 (max: 4.262953e-05)
Solution Distance:   1.074924e+02 ± 1.327062e+00
Merit:             1.936620e+00 ± 2.272764e-02
Avg Inference Time:  0.1162s
==================================================
Epoch 222/300, Loss: 8.8927, Obj: 1.7582, Eq Viol (l1): 0.000043, Ineq Viol (l1): 0.000006, Epoch time: 3.28s
Epoch 223/300, Loss: 4.9552, Obj: 0.8689, Eq Viol (l1): 0.000023, Ineq Viol (l1): 0.000001, Epoch time: 3.16s
Epoch 224/300, Loss: 3.5265, Obj: 0.2795, Eq Viol (l1): 0.000021, Ineq Viol (l1): 0.000000, Epoch time: 3.11s
Epoch 225/300, Loss: 4.5287, Obj: 0.2269, Eq Viol (l1): 0.000050, Ineq Viol (l1): 0.000005, Epoch time: 3.23s
Epoch 226/300, Loss: 4.9259, Obj: 0.3186, Eq Viol (l1): 0.000085, Ineq Viol (l1): 0.000016, Epoch time: 3.28s
Epoch 227/300, Loss: 4.1985, Obj: 0.3308, Eq Viol (l1): 0.000083, Ineq Viol (l1): 0.000016, Epoch time: 3.21s
Epoch 228/300, Loss: 6.1976, Obj: 0.9017, Eq Viol (l1): 0.000153, Ineq Viol (l1): 0.000029, Epoch time: 3.34s
Epoch 229/300, Loss: 8.6633, Obj: 0.7494, Eq Viol (l1): 0.000170, Ineq Viol (l1): 0.000028, Epoch time: 3.37s
Epoch 230/300, Loss: 20.9567, Obj: 0.8370, Eq Viol (l1): 0.001093, Ineq Viol (l1): 0.000635, Epoch time: 3.40s
Epoch 231/300, Loss: 25.4718, Obj: 1.5609, Eq Viol (l1): 0.000146, Ineq Viol (l1): 0.000025, Epoch time: 3.37s

Running validation at epoch 230...

VALIDATION_EPOCH_230 EVALUATION RESULTS:
==================================================
Objective Value:     1.940244e+00
True Objective:      -2.413704e+00
Optimality Gap:      3.744165e+00 ± 5.571155e-01
Eq Violation l1:   2.108039e-05 (max: 7.077288e-03)
Ineq Violation l1: 1.006688e-06 (max: 4.659966e-04)
Solution Distance:   1.042833e+02 ± 1.163306e+00
Merit:             1.940465e+00 ± 1.753354e-03
Avg Inference Time:  0.1204s
==================================================
Epoch 232/300, Loss: 28.1281, Obj: 2.5713, Eq Viol (l1): 0.000251, Ineq Viol (l1): 0.000048, Epoch time: 3.39s
Epoch 233/300, Loss: 34.9111, Obj: 3.6171, Eq Viol (l1): 0.000471, Ineq Viol (l1): 0.000090, Epoch time: 3.39s
Epoch 234/300, Loss: 20.1015, Obj: 3.6069, Eq Viol (l1): 0.000336, Ineq Viol (l1): 0.000061, Epoch time: 3.47s
Epoch 235/300, Loss: 14.4338, Obj: 2.7283, Eq Viol (l1): 0.000174, Ineq Viol (l1): 0.000025, Epoch time: 3.35s
Epoch 236/300, Loss: 11.2204, Obj: 2.2645, Eq Viol (l1): 0.000308, Ineq Viol (l1): 0.000059, Epoch time: 3.36s
Epoch 237/300, Loss: 8.7247, Obj: 1.7921, Eq Viol (l1): 0.000065, Ineq Viol (l1): 0.000007, Epoch time: 3.21s
Epoch 238/300, Loss: 4.5898, Obj: 0.9247, Eq Viol (l1): 0.000162, Ineq Viol (l1): 0.000082, Epoch time: 2.89s
Epoch 239/300, Loss: 2.1026, Obj: -0.1121, Eq Viol (l1): 0.000043, Ineq Viol (l1): 0.000001, Epoch time: 2.86s
Epoch 240/300, Loss: 2.0893, Obj: 0.0631, Eq Viol (l1): 0.000047, Ineq Viol (l1): 0.000001, Epoch time: 2.80s
Epoch 241/300, Loss: 1.4846, Obj: -0.3537, Eq Viol (l1): 0.000038, Ineq Viol (l1): 0.000000, Epoch time: 2.86s

Running validation at epoch 240...

VALIDATION_EPOCH_240 EVALUATION RESULTS:
==================================================
Objective Value:     -4.814460e-01
True Objective:      -2.413704e+00
Optimality Gap:      -3.593310e-01 ± 9.557747e-01
Eq Violation l1:   4.120967e-05 (max: 2.806139e-03)
Ineq Violation l1: 4.640230e-07 (max: 6.507749e-05)
Solution Distance:   9.921684e+01 ± 1.377298e+00
Merit:             -4.810292e-01 ± 2.894500e-02
Avg Inference Time:  0.0881s
==================================================
Epoch 242/300, Loss: 1.6974, Obj: -0.3945, Eq Viol (l1): 0.000036, Ineq Viol (l1): 0.000000, Epoch time: 2.92s
Epoch 243/300, Loss: 1.3665, Obj: -0.2912, Eq Viol (l1): 0.000037, Ineq Viol (l1): 0.000001, Epoch time: 2.90s
Epoch 244/300, Loss: 1.3407, Obj: -0.4573, Eq Viol (l1): 0.000038, Ineq Viol (l1): 0.000001, Epoch time: 2.92s
Epoch 245/300, Loss: 1.4483, Obj: -0.2537, Eq Viol (l1): 0.000028, Ineq Viol (l1): 0.000000, Epoch time: 2.96s
Epoch 246/300, Loss: 1.9183, Obj: -0.2571, Eq Viol (l1): 0.000032, Ineq Viol (l1): 0.000001, Epoch time: 2.96s
Epoch 247/300, Loss: 1.3329, Obj: -0.3191, Eq Viol (l1): 0.000030, Ineq Viol (l1): 0.000001, Epoch time: 2.95s
Epoch 248/300, Loss: 1.5151, Obj: -0.4116, Eq Viol (l1): 0.000031, Ineq Viol (l1): 0.000001, Epoch time: 3.02s
Epoch 249/300, Loss: 1.8851, Obj: -0.2014, Eq Viol (l1): 0.000028, Ineq Viol (l1): 0.000001, Epoch time: 2.99s
Epoch 250/300, Loss: 1.7288, Obj: -0.0470, Eq Viol (l1): 0.000024, Ineq Viol (l1): 0.000001, Epoch time: 3.03s
Epoch 251/300, Loss: 1.3322, Obj: -0.2532, Eq Viol (l1): 0.000023, Ineq Viol (l1): 0.000001, Epoch time: 3.04s

Running validation at epoch 250...

VALIDATION_EPOCH_250 EVALUATION RESULTS:
==================================================
Objective Value:     -3.440411e-01
True Objective:      -2.413704e+00
Optimality Gap:      5.926006e-02 ± 7.972633e-01
Eq Violation l1:   2.516991e-05 (max: 2.705389e-03)
Ineq Violation l1: 3.885751e-07 (max: 7.004962e-05)
Solution Distance:   1.015146e+02 ± 1.290253e+00
Merit:             -3.437855e-01 ± 9.432958e-03
Avg Inference Time:  0.0985s
==================================================
Epoch 252/300, Loss: 3.1755, Obj: 0.0179, Eq Viol (l1): 0.000033, Ineq Viol (l1): 0.000003, Epoch time: 3.26s
Epoch 253/300, Loss: 5.8949, Obj: 0.6234, Eq Viol (l1): 0.000038, Ineq Viol (l1): 0.000003, Epoch time: 3.32s
Epoch 254/300, Loss: 4.9861, Obj: -0.0761, Eq Viol (l1): 0.000071, Ineq Viol (l1): 0.000011, Epoch time: 3.29s
Epoch 255/300, Loss: 5.8338, Obj: 0.0096, Eq Viol (l1): 0.000020, Ineq Viol (l1): 0.000000, Epoch time: 3.18s
Epoch 256/300, Loss: 3.1510, Obj: 0.1289, Eq Viol (l1): 0.000026, Ineq Viol (l1): 0.000000, Epoch time: 3.01s
Epoch 257/300, Loss: 2.7185, Obj: -0.0753, Eq Viol (l1): 0.000030, Ineq Viol (l1): 0.000001, Epoch time: 3.04s
Epoch 258/300, Loss: 2.7533, Obj: 0.1229, Eq Viol (l1): 0.000027, Ineq Viol (l1): 0.000000, Epoch time: 3.00s
Epoch 259/300, Loss: 1.8038, Obj: -0.3843, Eq Viol (l1): 0.000026, Ineq Viol (l1): 0.000000, Epoch time: 3.03s
Epoch 260/300, Loss: 3.6081, Obj: -0.4294, Eq Viol (l1): 0.000072, Ineq Viol (l1): 0.000013, Epoch time: 3.20s
Epoch 261/300, Loss: 2.7284, Obj: 0.0058, Eq Viol (l1): 0.000033, Ineq Viol (l1): 0.000003, Epoch time: 3.12s

Running validation at epoch 260...

VALIDATION_EPOCH_260 EVALUATION RESULTS:
==================================================
Objective Value:     -4.604423e-01
True Objective:      -2.413704e+00
Optimality Gap:      9.905984e-02 ± 7.195488e-01
Eq Violation l1:   2.887680e-05 (max: 1.772390e-03)
Ineq Violation l1: 2.329845e-07 (max: 3.810612e-05)
Solution Distance:   9.882038e+01 ± 1.224787e+00
Merit:             -4.601512e-01 ± 1.113267e-02
Avg Inference Time:  0.0937s
==================================================
Epoch 262/300, Loss: 1.9196, Obj: -0.2729, Eq Viol (l1): 0.000031, Ineq Viol (l1): 0.000002, Epoch time: 3.04s
Epoch 263/300, Loss: 1.5800, Obj: -0.2167, Eq Viol (l1): 0.000032, Ineq Viol (l1): 0.000001, Epoch time: 3.09s
Epoch 264/300, Loss: 1.9096, Obj: -0.1260, Eq Viol (l1): 0.000045, Ineq Viol (l1): 0.000009, Epoch time: 3.11s
Epoch 265/300, Loss: 2.4453, Obj: -0.1108, Eq Viol (l1): 0.000031, Ineq Viol (l1): 0.000001, Epoch time: 3.01s
Epoch 266/300, Loss: 1.9403, Obj: -0.3663, Eq Viol (l1): 0.000034, Ineq Viol (l1): 0.000001, Epoch time: 3.00s
Epoch 267/300, Loss: 1.7022, Obj: -0.1120, Eq Viol (l1): 0.000024, Ineq Viol (l1): 0.000001, Epoch time: 3.08s
Epoch 268/300, Loss: 1.9094, Obj: -0.2537, Eq Viol (l1): 0.000027, Ineq Viol (l1): 0.000001, Epoch time: 2.98s
Epoch 269/300, Loss: 1.6667, Obj: -0.5705, Eq Viol (l1): 0.000043, Ineq Viol (l1): 0.000001, Epoch time: 2.92s
Epoch 270/300, Loss: 1.2828, Obj: -0.3569, Eq Viol (l1): 0.000029, Ineq Viol (l1): 0.000001, Epoch time: 2.94s
Epoch 271/300, Loss: 1.6960, Obj: -0.4336, Eq Viol (l1): 0.000027, Ineq Viol (l1): 0.000001, Epoch time: 3.00s

Running validation at epoch 270...

VALIDATION_EPOCH_270 EVALUATION RESULTS:
==================================================
Objective Value:     -6.515168e-01
True Objective:      -2.413704e+00
Optimality Gap:      -4.170421e-01 ± 8.929845e-01
Eq Violation l1:   4.007701e-05 (max: 2.646530e-03)
Ineq Violation l1: 7.056314e-07 (max: 8.099385e-05)
Solution Distance:   9.899501e+01 ± 1.208390e+00
Merit:             -6.511090e-01 ± 1.887786e-02
Avg Inference Time:  0.0918s
==================================================
Epoch 272/300, Loss: 1.4424, Obj: -0.2454, Eq Viol (l1): 0.000025, Ineq Viol (l1): 0.000000, Epoch time: 2.96s
Epoch 273/300, Loss: 0.9999, Obj: -0.5793, Eq Viol (l1): 0.000036, Ineq Viol (l1): 0.000001, Epoch time: 2.91s
Epoch 274/300, Loss: 0.9685, Obj: -0.6286, Eq Viol (l1): 0.000035, Ineq Viol (l1): 0.000001, Epoch time: 2.95s
Epoch 275/300, Loss: 1.3930, Obj: -0.4776, Eq Viol (l1): 0.000031, Ineq Viol (l1): 0.000001, Epoch time: 2.99s
Epoch 276/300, Loss: 1.5906, Obj: -0.2747, Eq Viol (l1): 0.000023, Ineq Viol (l1): 0.000000, Epoch time: 3.00s
Epoch 277/300, Loss: 2.3366, Obj: -0.1708, Eq Viol (l1): 0.000028, Ineq Viol (l1): 0.000003, Epoch time: 3.24s
Epoch 278/300, Loss: 5.3766, Obj: 0.2577, Eq Viol (l1): 0.000066, Ineq Viol (l1): 0.000010, Epoch time: 3.34s
Epoch 279/300, Loss: 9.2594, Obj: 0.2198, Eq Viol (l1): 0.000200, Ineq Viol (l1): 0.000035, Epoch time: 3.40s
Epoch 280/300, Loss: 16.6773, Obj: 0.5803, Eq Viol (l1): 0.000306, Ineq Viol (l1): 0.000051, Epoch time: 3.39s
Epoch 281/300, Loss: 39.0397, Obj: 1.6976, Eq Viol (l1): 0.000346, Ineq Viol (l1): 0.000057, Epoch time: 3.40s

Running validation at epoch 280...

VALIDATION_EPOCH_280 EVALUATION RESULTS:
==================================================
Objective Value:     1.872523e+00
True Objective:      -2.413704e+00
Optimality Gap:      3.736246e+00 ± 1.968742e-01
Eq Violation l1:   5.248652e-04 (max: 1.260768e-01)
Ineq Violation l1: 6.186661e-05 (max: 2.376710e-02)
Solution Distance:   1.140722e+02 ± 1.194415e+00
Merit:             1.878391e+00 ± 1.726225e-02
Avg Inference Time:  0.1204s
==================================================
Epoch 282/300, Loss: 43.3163, Obj: 1.4954, Eq Viol (l1): 0.000451, Ineq Viol (l1): 0.000076, Epoch time: 3.40s
Epoch 283/300, Loss: 36.5148, Obj: 0.8039, Eq Viol (l1): 0.000289, Ineq Viol (l1): 0.000057, Epoch time: 3.39s
Epoch 284/300, Loss: 20.8682, Obj: 0.9566, Eq Viol (l1): 0.000025, Ineq Viol (l1): 0.000001, Epoch time: 3.17s
Epoch 285/300, Loss: 4.5328, Obj: 1.0426, Eq Viol (l1): 0.000030, Ineq Viol (l1): 0.000000, Epoch time: 2.84s
Epoch 286/300, Loss: 1.8826, Obj: -0.0105, Eq Viol (l1): 0.000031, Ineq Viol (l1): 0.000000, Epoch time: 2.91s
Epoch 287/300, Loss: 2.1047, Obj: -0.3127, Eq Viol (l1): 0.000032, Ineq Viol (l1): 0.000001, Epoch time: 2.97s
Epoch 288/300, Loss: 1.8430, Obj: -0.0979, Eq Viol (l1): 0.000023, Ineq Viol (l1): 0.000000, Epoch time: 2.99s
Epoch 289/300, Loss: 2.0648, Obj: -0.3119, Eq Viol (l1): 0.000025, Ineq Viol (l1): 0.000001, Epoch time: 3.04s
Epoch 290/300, Loss: 2.6260, Obj: 0.1145, Eq Viol (l1): 0.000022, Ineq Viol (l1): 0.000000, Epoch time: 3.12s
Epoch 291/300, Loss: 3.1317, Obj: -0.1014, Eq Viol (l1): 0.000019, Ineq Viol (l1): 0.000001, Epoch time: 3.20s

Running validation at epoch 290...

VALIDATION_EPOCH_290 EVALUATION RESULTS:
==================================================
Objective Value:     -7.304661e-02
True Objective:      -2.413704e+00
Optimality Gap:      6.469306e-01 ± 4.984167e-01
Eq Violation l1:   2.384477e-05 (max: 2.185659e-03)
Ineq Violation l1: 6.125611e-07 (max: 1.428680e-04)
Solution Distance:   1.007527e+02 ± 1.264608e+00
Merit:             -7.280203e-02 ± 4.771370e-03
Avg Inference Time:  0.1035s
==================================================
Epoch 292/300, Loss: 2.7821, Obj: -0.0765, Eq Viol (l1): 0.000023, Ineq Viol (l1): 0.000001, Epoch time: 3.19s
Epoch 293/300, Loss: 3.0952, Obj: 0.1345, Eq Viol (l1): 0.000020, Ineq Viol (l1): 0.000000, Epoch time: 3.16s
Epoch 294/300, Loss: 3.7847, Obj: 0.2398, Eq Viol (l1): 0.000045, Ineq Viol (l1): 0.000007, Epoch time: 3.25s
Epoch 295/300, Loss: 4.5383, Obj: 0.3680, Eq Viol (l1): 0.000129, Ineq Viol (l1): 0.000023, Epoch time: 3.24s
Epoch 296/300, Loss: 3.7054, Obj: 0.5214, Eq Viol (l1): 0.000115, Ineq Viol (l1): 0.000021, Epoch time: 3.18s
Epoch 297/300, Loss: 3.0981, Obj: -0.3440, Eq Viol (l1): 0.000174, Ineq Viol (l1): 0.000031, Epoch time: 3.25s
Epoch 298/300, Loss: 4.3468, Obj: -0.1148, Eq Viol (l1): 0.000198, Ineq Viol (l1): 0.000032, Epoch time: 3.28s
Epoch 299/300, Loss: 6.0811, Obj: 1.0663, Eq Viol (l1): 0.000176, Ineq Viol (l1): 0.000033, Epoch time: 3.27s
Epoch 300/300, Loss: 4.9308, Obj: 0.6589, Eq Viol (l1): 0.000131, Ineq Viol (l1): 0.000025, Epoch time: 3.40s

Training completed in 885.57 seconds.

============================================================
COMPREHENSIVE TEST EVALUATION WITH DETAILED RESULTS
============================================================
Testing with batch sizes: [256, 512]

Evaluating with batch size: 256 (with detailed results)

TEST_BS256 EVALUATION RESULTS:
==================================================
Objective Value:     2.051897e-01
True Objective:      -2.409220e+00
Optimality Gap:      1.203324e+00 ± 2.999566e+00
Eq Violation l1:   3.740699e-05 (max: 3.802697e-03)
Ineq Violation l1: 1.164209e-06 (max: 2.241025e-04)
Solution Distance:   1.016496e+02 ± 2.366123e+00
Merit:             2.055754e-01 ± 9.055700e-02
Avg Inference Time:  0.0971s
==================================================

Evaluating with batch size: 512 (with detailed results)

TEST_BS512 EVALUATION RESULTS:
==================================================
Objective Value:     1.980428e-01
True Objective:      -2.408634e+00
Optimality Gap:      1.136224e+00 ± 1.872633e+00
Eq Violation l1:   2.696242e-05 (max: 4.546969e-03)
Ineq Violation l1: 9.751469e-07 (max: 3.682134e-04)
Solution Distance:   1.016235e+02 ± 1.652039e+00
Merit:             1.983222e-01 ± 8.019011e-02
Avg Inference Time:  0.1090s
==================================================

TEST BATCH SIZE COMPARISON:
================================================================================
Batch Size   Objective    Opt Gap      Eq Viol      Ineq Viol    Time (s)  
--------------------------------------------------------------------------------
256          2.0519e-01   1.2033e+00   3.7407e-05   1.1642e-06   0.78      
512          1.9804e-01   1.1362e+00   2.6962e-05   9.7515e-07   0.44      
================================================================================

Saving model and results to: results/nonsmooth_nonconvex/socp/SOCPProblem-100-50-50-10000/20260108-032229_MLP_FSNet_seed0_nepochs300_lr0.0002_trainsize7000_finetune_20260108-031722_model_340
✓ Model saved: results/nonsmooth_nonconvex/socp/SOCPProblem-100-50-50-10000/20260108-032229_MLP_FSNet_seed0_nepochs300_lr0.0002_trainsize7000_finetune_20260108-031722_model_340/model.pt
✓ Detailed results saved: results/nonsmooth_nonconvex/socp/SOCPProblem-100-50-50-10000/20260108-032229_MLP_FSNet_seed0_nepochs300_lr0.0002_trainsize7000_finetune_20260108-031722_model_340/results.pkl

Files saved (or attempted):
  - model.pt (model weights and architecture)
  - results.pkl (training history, metrics, detailed test results)
Training and testing completed in 889.08 seconds
Done!!!
============================================================
==========         =====================         ===========
==========   0      =====================         ===========
==========         =====================         ===========
============================================================

======= Running for problem: nonsmooth_nonconvex/socp =======

Loading problem instance: nonsmooth_nonconvex/socp with size [100, 50, 50, 10000]
Loading  dataset from: datasets/nonsmooth_nonconvex/socp/random2025_socp_dataset_var100_ineq50_eq50_ex10000 

Running on:  cuda
Training model using FSNet method with seed 1 for 300 epochs
Using batch size: 512
Loading model from checkpoint: results/nonsmooth_nonconvex/socp/SOCPProblem-100-50-50-10000/20260108-031722_MLP_sup_seed1_nepochs500_lr0.0005_trainsize100_subopt_2_1.0/model_340.pt

lr: 0.0002, weight_decay: 0.001, num_epochs: 300

Epoch 1/300, Loss: 47.1060, Obj: 25.7836, Eq Viol (l1): 0.000036, Ineq Viol (l1): 0.000000, Epoch time: 7.81s

Running validation at epoch 0...

VALIDATION_EPOCH_0 EVALUATION RESULTS:
==================================================
Objective Value:     2.556163e+01
True Objective:      -2.413704e+00
Optimality Gap:      4.557867e+01 ± 1.465097e+01
Eq Violation l1:   3.047014e-05 (max: 2.114103e-03)
Ineq Violation l1: 2.129955e-07 (max: 3.485186e-05)
Solution Distance:   1.852862e+02 ± 5.365523e-01
Merit:             2.556194e+01 ± 3.002994e-02
Avg Inference Time:  0.6465s
==================================================
Epoch 2/300, Loss: 43.9427, Obj: 25.8423, Eq Viol (l1): 0.000039, Ineq Viol (l1): 0.000000, Epoch time: 2.98s
Epoch 3/300, Loss: 38.0498, Obj: 26.1207, Eq Viol (l1): 0.000039, Ineq Viol (l1): 0.000000, Epoch time: 2.88s
Epoch 4/300, Loss: 32.8021, Obj: 26.0791, Eq Viol (l1): 0.000037, Ineq Viol (l1): 0.000000, Epoch time: 2.85s
Epoch 5/300, Loss: 28.8570, Obj: 24.4318, Eq Viol (l1): 0.000037, Ineq Viol (l1): 0.000000, Epoch time: 2.79s
Epoch 6/300, Loss: 24.5337, Obj: 21.2459, Eq Viol (l1): 0.000057, Ineq Viol (l1): 0.000000, Epoch time: 2.68s
Epoch 7/300, Loss: 19.9597, Obj: 17.4053, Eq Viol (l1): 0.000078, Ineq Viol (l1): 0.000000, Epoch time: 2.64s
Epoch 8/300, Loss: 16.4771, Obj: 14.3820, Eq Viol (l1): 0.000080, Ineq Viol (l1): 0.000000, Epoch time: 2.63s
Epoch 9/300, Loss: 14.1638, Obj: 12.3899, Eq Viol (l1): 0.000092, Ineq Viol (l1): 0.000000, Epoch time: 2.61s
Epoch 10/300, Loss: 10.1249, Obj: 8.4458, Eq Viol (l1): 0.000093, Ineq Viol (l1): 0.000000, Epoch time: 2.57s
Epoch 11/300, Loss: 5.8938, Obj: 4.2863, Eq Viol (l1): 0.000079, Ineq Viol (l1): 0.000000, Epoch time: 2.59s

Running validation at epoch 10...

VALIDATION_EPOCH_10 EVALUATION RESULTS:
==================================================
Objective Value:     2.941699e+00
True Objective:      -2.413704e+00
Optimality Gap:      6.099633e+00 ± 1.734176e+00
Eq Violation l1:   7.482781e-05 (max: 1.036155e-03)
Ineq Violation l1: 1.348753e-07 (max: 1.307034e-05)
Solution Distance:   1.014847e+02 ± 1.350183e+00
Merit:             2.942448e+00 ± 1.186120e-02
Avg Inference Time:  0.0688s
==================================================
Epoch 12/300, Loss: 3.4308, Obj: 2.0468, Eq Viol (l1): 0.000092, Ineq Viol (l1): 0.000000, Epoch time: 2.56s
Epoch 13/300, Loss: 1.9501, Obj: 0.8354, Eq Viol (l1): 0.000098, Ineq Viol (l1): 0.000000, Epoch time: 2.45s
Epoch 14/300, Loss: 1.4271, Obj: 0.4871, Eq Viol (l1): 0.000097, Ineq Viol (l1): 0.000000, Epoch time: 2.43s
Epoch 15/300, Loss: 1.1298, Obj: 0.3093, Eq Viol (l1): 0.000101, Ineq Viol (l1): 0.000000, Epoch time: 2.40s
Epoch 16/300, Loss: 0.9954, Obj: 0.2131, Eq Viol (l1): 0.000107, Ineq Viol (l1): 0.000000, Epoch time: 2.38s
Epoch 17/300, Loss: 0.8624, Obj: 0.1482, Eq Viol (l1): 0.000107, Ineq Viol (l1): 0.000000, Epoch time: 2.36s
Epoch 18/300, Loss: 0.7854, Obj: 0.1094, Eq Viol (l1): 0.000112, Ineq Viol (l1): 0.000000, Epoch time: 2.35s
Epoch 19/300, Loss: 0.7142, Obj: 0.0576, Eq Viol (l1): 0.000107, Ineq Viol (l1): 0.000000, Epoch time: 2.36s
Epoch 20/300, Loss: 0.6133, Obj: 0.0117, Eq Viol (l1): 0.000113, Ineq Viol (l1): 0.000000, Epoch time: 2.33s
Epoch 21/300, Loss: 0.5711, Obj: -0.0220, Eq Viol (l1): 0.000113, Ineq Viol (l1): 0.000000, Epoch time: 2.34s

Running validation at epoch 20...

VALIDATION_EPOCH_20 EVALUATION RESULTS:
==================================================
Objective Value:     -1.646360e-01
True Objective:      -2.413704e+00
Optimality Gap:      4.182279e-01 ± 2.651805e-01
Eq Violation l1:   1.084701e-04 (max: 7.268129e-04)
Ineq Violation l1: 3.090794e-07 (max: 1.710042e-05)
Solution Distance:   9.298979e+01 ± 1.559216e+00
Merit:             -1.635483e-01 ± 1.188844e-02
Avg Inference Time:  0.0636s
==================================================
Epoch 22/300, Loss: 0.5536, Obj: -0.0422, Eq Viol (l1): 0.000105, Ineq Viol (l1): 0.000000, Epoch time: 2.36s
Epoch 23/300, Loss: 0.4995, Obj: -0.0621, Eq Viol (l1): 0.000110, Ineq Viol (l1): 0.000000, Epoch time: 2.33s
Epoch 24/300, Loss: 0.5002, Obj: -0.0764, Eq Viol (l1): 0.000106, Ineq Viol (l1): 0.000000, Epoch time: 2.36s
Epoch 25/300, Loss: 0.4370, Obj: -0.1057, Eq Viol (l1): 0.000117, Ineq Viol (l1): 0.000000, Epoch time: 2.32s
Epoch 26/300, Loss: 0.4038, Obj: -0.1193, Eq Viol (l1): 0.000116, Ineq Viol (l1): 0.000000, Epoch time: 2.32s
Epoch 27/300, Loss: 0.4257, Obj: -0.1108, Eq Viol (l1): 0.000106, Ineq Viol (l1): 0.000000, Epoch time: 2.34s
Epoch 28/300, Loss: 0.4693, Obj: -0.1017, Eq Viol (l1): 0.000102, Ineq Viol (l1): 0.000000, Epoch time: 2.37s
Epoch 29/300, Loss: 0.3543, Obj: -0.1560, Eq Viol (l1): 0.000103, Ineq Viol (l1): 0.000000, Epoch time: 2.36s
Epoch 30/300, Loss: 0.3172, Obj: -0.1715, Eq Viol (l1): 0.000105, Ineq Viol (l1): 0.000000, Epoch time: 2.35s
Epoch 31/300, Loss: 0.4032, Obj: -0.1506, Eq Viol (l1): 0.000096, Ineq Viol (l1): 0.000000, Epoch time: 2.39s

Running validation at epoch 30...

VALIDATION_EPOCH_30 EVALUATION RESULTS:
==================================================
Objective Value:     -1.661031e-01
True Objective:      -2.413704e+00
Optimality Gap:      4.101757e-01 ± 3.005396e-01
Eq Violation l1:   9.977511e-05 (max: 9.536892e-04)
Ineq Violation l1: 2.371749e-07 (max: 2.538992e-05)
Solution Distance:   9.274495e+01 ± 1.502960e+00
Merit:             -1.651029e-01 ± 4.676689e-03
Avg Inference Time:  0.0612s
==================================================
Epoch 32/300, Loss: 0.3469, Obj: -0.1610, Eq Viol (l1): 0.000099, Ineq Viol (l1): 0.000000, Epoch time: 2.37s
Epoch 33/300, Loss: 0.2870, Obj: -0.1896, Eq Viol (l1): 0.000097, Ineq Viol (l1): 0.000000, Epoch time: 2.37s
Epoch 34/300, Loss: 0.2788, Obj: -0.1966, Eq Viol (l1): 0.000101, Ineq Viol (l1): 0.000000, Epoch time: 2.48s
Epoch 35/300, Loss: 0.2808, Obj: -0.1995, Eq Viol (l1): 0.000103, Ineq Viol (l1): 0.000000, Epoch time: 2.37s
Epoch 36/300, Loss: 0.2932, Obj: -0.2003, Eq Viol (l1): 0.000098, Ineq Viol (l1): 0.000000, Epoch time: 2.38s
Epoch 37/300, Loss: 0.2751, Obj: -0.2119, Eq Viol (l1): 0.000106, Ineq Viol (l1): 0.000000, Epoch time: 2.36s
Epoch 38/300, Loss: 0.2160, Obj: -0.2265, Eq Viol (l1): 0.000093, Ineq Viol (l1): 0.000000, Epoch time: 2.38s
Epoch 39/300, Loss: 0.2435, Obj: -0.2151, Eq Viol (l1): 0.000101, Ineq Viol (l1): 0.000000, Epoch time: 2.37s
Epoch 40/300, Loss: 0.2331, Obj: -0.2317, Eq Viol (l1): 0.000092, Ineq Viol (l1): 0.000000, Epoch time: 2.40s
Epoch 41/300, Loss: 0.1945, Obj: -0.2547, Eq Viol (l1): 0.000097, Ineq Viol (l1): 0.000000, Epoch time: 2.39s

Running validation at epoch 40...

VALIDATION_EPOCH_40 EVALUATION RESULTS:
==================================================
Objective Value:     -3.445228e-01
True Objective:      -2.413704e+00
Optimality Gap:      7.721764e-02 ± 4.148670e-01
Eq Violation l1:   8.293196e-05 (max: 1.199910e-03)
Ineq Violation l1: 2.631572e-07 (max: 2.042428e-05)
Solution Distance:   9.210078e+01 ± 1.490515e+00
Merit:             -3.436908e-01 ± 9.411413e-03
Avg Inference Time:  0.0639s
==================================================
Epoch 42/300, Loss: 0.1769, Obj: -0.2540, Eq Viol (l1): 0.000093, Ineq Viol (l1): 0.000000, Epoch time: 2.41s
Epoch 43/300, Loss: 0.2157, Obj: -0.2525, Eq Viol (l1): 0.000104, Ineq Viol (l1): 0.000000, Epoch time: 2.39s
Epoch 44/300, Loss: 0.1850, Obj: -0.2483, Eq Viol (l1): 0.000091, Ineq Viol (l1): 0.000000, Epoch time: 2.42s
Epoch 45/300, Loss: 0.1746, Obj: -0.2618, Eq Viol (l1): 0.000099, Ineq Viol (l1): 0.000000, Epoch time: 2.40s
Epoch 46/300, Loss: 0.1444, Obj: -0.2851, Eq Viol (l1): 0.000094, Ineq Viol (l1): 0.000000, Epoch time: 2.41s
Epoch 47/300, Loss: 0.1419, Obj: -0.2769, Eq Viol (l1): 0.000091, Ineq Viol (l1): 0.000000, Epoch time: 2.41s
Epoch 48/300, Loss: 0.1633, Obj: -0.2669, Eq Viol (l1): 0.000102, Ineq Viol (l1): 0.000000, Epoch time: 2.40s
Epoch 49/300, Loss: 0.1427, Obj: -0.2830, Eq Viol (l1): 0.000097, Ineq Viol (l1): 0.000000, Epoch time: 2.42s
Epoch 50/300, Loss: 0.1255, Obj: -0.3036, Eq Viol (l1): 0.000087, Ineq Viol (l1): 0.000000, Epoch time: 2.46s
Epoch 51/300, Loss: 0.1172, Obj: -0.2967, Eq Viol (l1): 0.000088, Ineq Viol (l1): 0.000000, Epoch time: 2.45s

Running validation at epoch 50...

VALIDATION_EPOCH_50 EVALUATION RESULTS:
==================================================
Objective Value:     -4.600809e-01
True Objective:      -2.413704e+00
Optimality Gap:      -1.061029e-01 ± 4.996874e-01
Eq Violation l1:   9.638297e-05 (max: 9.283695e-04)
Ineq Violation l1: 4.972625e-07 (max: 3.674379e-05)
Solution Distance:   9.207271e+01 ± 1.473225e+00
Merit:             -4.591121e-01 ± 2.835654e-03
Avg Inference Time:  0.0673s
==================================================
Epoch 52/300, Loss: 0.1343, Obj: -0.2961, Eq Viol (l1): 0.000091, Ineq Viol (l1): 0.000000, Epoch time: 2.45s
Epoch 53/300, Loss: 0.1029, Obj: -0.3182, Eq Viol (l1): 0.000097, Ineq Viol (l1): 0.000001, Epoch time: 2.45s
Epoch 54/300, Loss: 0.1342, Obj: -0.3088, Eq Viol (l1): 0.000100, Ineq Viol (l1): 0.000000, Epoch time: 2.46s
Epoch 55/300, Loss: 0.1564, Obj: -0.2979, Eq Viol (l1): 0.000092, Ineq Viol (l1): 0.000001, Epoch time: 2.47s
Epoch 56/300, Loss: 0.1267, Obj: -0.3121, Eq Viol (l1): 0.000090, Ineq Viol (l1): 0.000000, Epoch time: 2.49s
Epoch 57/300, Loss: 0.2163, Obj: -0.2521, Eq Viol (l1): 0.000094, Ineq Viol (l1): 0.000000, Epoch time: 2.45s
Epoch 58/300, Loss: 0.1286, Obj: -0.3014, Eq Viol (l1): 0.000090, Ineq Viol (l1): 0.000000, Epoch time: 2.49s
Epoch 59/300, Loss: 0.1444, Obj: -0.3121, Eq Viol (l1): 0.000087, Ineq Viol (l1): 0.000001, Epoch time: 2.53s
Epoch 60/300, Loss: 0.1349, Obj: -0.3463, Eq Viol (l1): 0.000081, Ineq Viol (l1): 0.000001, Epoch time: 2.55s
Epoch 61/300, Loss: 0.1525, Obj: -0.3089, Eq Viol (l1): 0.000082, Ineq Viol (l1): 0.000000, Epoch time: 2.53s

Running validation at epoch 60...

VALIDATION_EPOCH_60 EVALUATION RESULTS:
==================================================
Objective Value:     -4.911517e-01
True Objective:      -2.413704e+00
Optimality Gap:      -6.899894e-02 ± 4.681416e-01
Eq Violation l1:   9.907215e-05 (max: 8.818685e-04)
Ineq Violation l1: 5.575065e-07 (max: 4.444509e-05)
Solution Distance:   9.284038e+01 ± 1.521942e+00
Merit:             -4.901554e-01 ± 4.323816e-03
Avg Inference Time:  0.0685s
==================================================
Epoch 62/300, Loss: 0.1829, Obj: -0.3298, Eq Viol (l1): 0.000092, Ineq Viol (l1): 0.000001, Epoch time: 2.55s
Epoch 63/300, Loss: 0.1473, Obj: -0.3567, Eq Viol (l1): 0.000084, Ineq Viol (l1): 0.000001, Epoch time: 2.56s
Epoch 64/300, Loss: 0.2823, Obj: -0.2954, Eq Viol (l1): 0.000085, Ineq Viol (l1): 0.000000, Epoch time: 2.55s
Epoch 65/300, Loss: 0.1137, Obj: -0.3726, Eq Viol (l1): 0.000081, Ineq Viol (l1): 0.000000, Epoch time: 2.56s
Epoch 66/300, Loss: 0.1103, Obj: -0.4057, Eq Viol (l1): 0.000079, Ineq Viol (l1): 0.000001, Epoch time: 2.59s
Epoch 67/300, Loss: 0.0967, Obj: -0.4302, Eq Viol (l1): 0.000080, Ineq Viol (l1): 0.000001, Epoch time: 2.71s
Epoch 68/300, Loss: 0.1089, Obj: -0.4277, Eq Viol (l1): 0.000075, Ineq Viol (l1): 0.000001, Epoch time: 2.62s
Epoch 69/300, Loss: 0.0745, Obj: -0.4645, Eq Viol (l1): 0.000078, Ineq Viol (l1): 0.000001, Epoch time: 2.62s
Epoch 70/300, Loss: 0.0513, Obj: -0.4922, Eq Viol (l1): 0.000076, Ineq Viol (l1): 0.000001, Epoch time: 2.63s
Epoch 71/300, Loss: 0.0170, Obj: -0.5448, Eq Viol (l1): 0.000079, Ineq Viol (l1): 0.000001, Epoch time: 2.64s

Running validation at epoch 70...

VALIDATION_EPOCH_70 EVALUATION RESULTS:
==================================================
Objective Value:     -6.304951e-01
True Objective:      -2.413704e+00
Optimality Gap:      -3.418296e-01 ± 6.851938e-01
Eq Violation l1:   8.329344e-05 (max: 1.269427e-03)
Ineq Violation l1: 7.850671e-07 (max: 4.663394e-05)
Solution Distance:   9.666205e+01 ± 1.487061e+00
Merit:             -6.296543e-01 ± 1.559518e-02
Avg Inference Time:  0.0738s
==================================================
Epoch 72/300, Loss: 0.1937, Obj: -0.5605, Eq Viol (l1): 0.000069, Ineq Viol (l1): 0.000001, Epoch time: 2.69s
Epoch 73/300, Loss: 0.5580, Obj: -0.4151, Eq Viol (l1): 0.000074, Ineq Viol (l1): 0.000001, Epoch time: 2.69s
Epoch 74/300, Loss: 0.3856, Obj: -0.5310, Eq Viol (l1): 0.000071, Ineq Viol (l1): 0.000001, Epoch time: 2.71s
Epoch 75/300, Loss: 0.1333, Obj: -0.5728, Eq Viol (l1): 0.000065, Ineq Viol (l1): 0.000001, Epoch time: 2.70s
Epoch 76/300, Loss: 0.1583, Obj: -0.6181, Eq Viol (l1): 0.000065, Ineq Viol (l1): 0.000001, Epoch time: 2.72s
Epoch 77/300, Loss: 0.1028, Obj: -0.6605, Eq Viol (l1): 0.000065, Ineq Viol (l1): 0.000001, Epoch time: 2.73s
Epoch 78/300, Loss: 0.4013, Obj: -0.5868, Eq Viol (l1): 0.000062, Ineq Viol (l1): 0.000001, Epoch time: 2.75s
Epoch 79/300, Loss: 0.3158, Obj: -0.5931, Eq Viol (l1): 0.000046, Ineq Viol (l1): 0.000001, Epoch time: 2.80s
Epoch 80/300, Loss: 0.9408, Obj: -0.5348, Eq Viol (l1): 0.000040, Ineq Viol (l1): 0.000001, Epoch time: 2.85s
Epoch 81/300, Loss: 0.7926, Obj: -0.4965, Eq Viol (l1): 0.000051, Ineq Viol (l1): 0.000001, Epoch time: 2.77s

Running validation at epoch 80...

VALIDATION_EPOCH_80 EVALUATION RESULTS:
==================================================
Objective Value:     -6.948345e-01
True Objective:      -2.413704e+00
Optimality Gap:      -3.529209e-01 ± 7.498955e-01
Eq Violation l1:   4.989209e-05 (max: 1.567076e-03)
Ineq Violation l1: 5.235553e-07 (max: 4.723452e-05)
Solution Distance:   9.857141e+01 ± 1.472855e+00
Merit:             -6.943304e-01 ± 2.643123e-02
Avg Inference Time:  0.0833s
==================================================
Epoch 82/300, Loss: 0.4314, Obj: -0.5686, Eq Viol (l1): 0.000050, Ineq Viol (l1): 0.000001, Epoch time: 2.79s
Epoch 83/300, Loss: 0.2699, Obj: -0.5810, Eq Viol (l1): 0.000051, Ineq Viol (l1): 0.000001, Epoch time: 2.75s
Epoch 84/300, Loss: 0.1805, Obj: -0.6852, Eq Viol (l1): 0.000061, Ineq Viol (l1): 0.000001, Epoch time: 2.75s
Epoch 85/300, Loss: 0.3039, Obj: -0.6300, Eq Viol (l1): 0.000053, Ineq Viol (l1): 0.000001, Epoch time: 2.76s
Epoch 86/300, Loss: 0.3026, Obj: -0.6466, Eq Viol (l1): 0.000052, Ineq Viol (l1): 0.000001, Epoch time: 2.78s
Epoch 87/300, Loss: 0.2195, Obj: -0.6801, Eq Viol (l1): 0.000045, Ineq Viol (l1): 0.000001, Epoch time: 2.83s
Epoch 88/300, Loss: 0.5226, Obj: -0.5763, Eq Viol (l1): 0.000039, Ineq Viol (l1): 0.000001, Epoch time: 2.85s
Epoch 89/300, Loss: 0.7529, Obj: -0.3240, Eq Viol (l1): 0.000034, Ineq Viol (l1): 0.000000, Epoch time: 2.83s
Epoch 90/300, Loss: 0.9376, Obj: -0.4948, Eq Viol (l1): 0.000038, Ineq Viol (l1): 0.000001, Epoch time: 2.88s
Epoch 91/300, Loss: 0.8643, Obj: -0.4352, Eq Viol (l1): 0.000034, Ineq Viol (l1): 0.000000, Epoch time: 2.91s

Running validation at epoch 90...

VALIDATION_EPOCH_90 EVALUATION RESULTS:
==================================================
Objective Value:     -1.031456e-01
True Objective:      -2.413704e+00
Optimality Gap:      7.103394e-01 ± 3.798584e-01
Eq Violation l1:   3.031396e-05 (max: 2.084716e-03)
Ineq Violation l1: 4.532336e-07 (max: 1.485432e-04)
Solution Distance:   9.981218e+01 ± 1.204554e+00
Merit:             -1.028379e-01 ± 1.540248e-02
Avg Inference Time:  0.0878s
==================================================
Epoch 92/300, Loss: 0.9545, Obj: -0.3813, Eq Viol (l1): 0.000046, Ineq Viol (l1): 0.000001, Epoch time: 2.85s
Epoch 93/300, Loss: 0.6941, Obj: -0.5353, Eq Viol (l1): 0.000042, Ineq Viol (l1): 0.000000, Epoch time: 2.84s
Epoch 94/300, Loss: 0.6070, Obj: -0.6480, Eq Viol (l1): 0.000048, Ineq Viol (l1): 0.000001, Epoch time: 2.84s
Epoch 95/300, Loss: 0.6863, Obj: -0.5090, Eq Viol (l1): 0.000039, Ineq Viol (l1): 0.000001, Epoch time: 2.83s
Epoch 96/300, Loss: 0.5470, Obj: -0.5986, Eq Viol (l1): 0.000041, Ineq Viol (l1): 0.000000, Epoch time: 2.84s
Epoch 97/300, Loss: 0.4056, Obj: -0.5653, Eq Viol (l1): 0.000033, Ineq Viol (l1): 0.000001, Epoch time: 2.83s
Epoch 98/300, Loss: 0.7835, Obj: -0.4243, Eq Viol (l1): 0.000048, Ineq Viol (l1): 0.000001, Epoch time: 2.83s
Epoch 99/300, Loss: 0.7156, Obj: -0.5280, Eq Viol (l1): 0.000036, Ineq Viol (l1): 0.000000, Epoch time: 2.85s
Epoch 100/300, Loss: 0.5804, Obj: -0.5347, Eq Viol (l1): 0.000042, Ineq Viol (l1): 0.000001, Epoch time: 2.96s
Epoch 101/300, Loss: 0.9951, Obj: -0.4425, Eq Viol (l1): 0.000038, Ineq Viol (l1): 0.000000, Epoch time: 2.87s

Running validation at epoch 100...

VALIDATION_EPOCH_100 EVALUATION RESULTS:
==================================================
Objective Value:     -3.926097e-01
True Objective:      -2.413704e+00
Optimality Gap:      4.599281e-03 ± 7.791596e-01
Eq Violation l1:   4.787778e-05 (max: 9.621933e-04)
Ineq Violation l1: 3.969699e-07 (max: 3.618252e-05)
Solution Distance:   9.847902e+01 ± 1.369340e+00
Merit:             -3.921269e-01 ± 3.076886e-02
Avg Inference Time:  0.0840s
==================================================
Epoch 102/300, Loss: 0.7864, Obj: -0.4659, Eq Viol (l1): 0.000043, Ineq Viol (l1): 0.000001, Epoch time: 2.84s
Epoch 103/300, Loss: 0.8725, Obj: -0.5571, Eq Viol (l1): 0.000035, Ineq Viol (l1): 0.000001, Epoch time: 2.85s
Epoch 104/300, Loss: 0.7967, Obj: -0.5495, Eq Viol (l1): 0.000040, Ineq Viol (l1): 0.000001, Epoch time: 2.85s
Epoch 105/300, Loss: 1.1362, Obj: -0.5561, Eq Viol (l1): 0.000029, Ineq Viol (l1): 0.000001, Epoch time: 2.93s
Epoch 106/300, Loss: 1.6343, Obj: -0.4139, Eq Viol (l1): 0.000034, Ineq Viol (l1): 0.000001, Epoch time: 2.97s
Epoch 107/300, Loss: 1.5829, Obj: -0.2347, Eq Viol (l1): 0.000033, Ineq Viol (l1): 0.000001, Epoch time: 2.88s
Epoch 108/300, Loss: 0.9895, Obj: -0.4309, Eq Viol (l1): 0.000047, Ineq Viol (l1): 0.000001, Epoch time: 2.81s
Epoch 109/300, Loss: 0.5488, Obj: -0.6343, Eq Viol (l1): 0.000044, Ineq Viol (l1): 0.000001, Epoch time: 2.86s
Epoch 110/300, Loss: 1.4338, Obj: -0.2749, Eq Viol (l1): 0.000037, Ineq Viol (l1): 0.000001, Epoch time: 2.98s
Epoch 111/300, Loss: 3.4115, Obj: -0.0748, Eq Viol (l1): 0.000025, Ineq Viol (l1): 0.000001, Epoch time: 3.17s

Running validation at epoch 110...

VALIDATION_EPOCH_110 EVALUATION RESULTS:
==================================================
Objective Value:     -2.383481e-01
True Objective:      -2.413704e+00
Optimality Gap:      2.454499e-01 ± 7.398473e-01
Eq Violation l1:   2.782561e-05 (max: 1.189030e-03)
Ineq Violation l1: 4.557306e-07 (max: 5.710183e-05)
Solution Distance:   9.835083e+01 ± 1.399514e+00
Merit:             -2.380653e-01 ± 2.402740e-02
Avg Inference Time:  0.0995s
==================================================
Epoch 112/300, Loss: 5.2144, Obj: 0.0109, Eq Viol (l1): 0.000053, Ineq Viol (l1): 0.000006, Epoch time: 3.17s
Epoch 113/300, Loss: 2.8559, Obj: 0.3233, Eq Viol (l1): 0.000045, Ineq Viol (l1): 0.000004, Epoch time: 3.01s
Epoch 114/300, Loss: 1.8152, Obj: -0.3471, Eq Viol (l1): 0.000085, Ineq Viol (l1): 0.000013, Epoch time: 3.02s
Epoch 115/300, Loss: 1.8852, Obj: -0.1595, Eq Viol (l1): 0.000031, Ineq Viol (l1): 0.000001, Epoch time: 2.98s
Epoch 116/300, Loss: 1.2169, Obj: -0.2913, Eq Viol (l1): 0.000038, Ineq Viol (l1): 0.000001, Epoch time: 2.83s
Epoch 117/300, Loss: 1.3908, Obj: -0.4854, Eq Viol (l1): 0.000049, Ineq Viol (l1): 0.000001, Epoch time: 2.89s
Epoch 118/300, Loss: 1.3793, Obj: -0.5440, Eq Viol (l1): 0.000032, Ineq Viol (l1): 0.000001, Epoch time: 3.00s
Epoch 119/300, Loss: 2.5883, Obj: -0.3278, Eq Viol (l1): 0.000022, Ineq Viol (l1): 0.000000, Epoch time: 3.08s
Epoch 120/300, Loss: 2.6083, Obj: 0.3025, Eq Viol (l1): 0.000019, Ineq Viol (l1): 0.000001, Epoch time: 3.04s
Epoch 121/300, Loss: 2.4805, Obj: -0.2296, Eq Viol (l1): 0.000021, Ineq Viol (l1): 0.000000, Epoch time: 3.07s

Running validation at epoch 120...

VALIDATION_EPOCH_120 EVALUATION RESULTS:
==================================================
Objective Value:     -3.358365e-01
True Objective:      -2.413704e+00
Optimality Gap:      3.288037e-01 ± 6.687458e-01
Eq Violation l1:   4.110088e-05 (max: 2.712110e-03)
Ineq Violation l1: 8.521160e-07 (max: 2.209902e-04)
Solution Distance:   9.775414e+01 ± 1.260555e+00
Merit:             -3.354170e-01 ± 2.848343e-03
Avg Inference Time:  0.0942s
==================================================
Epoch 122/300, Loss: 2.5496, Obj: 0.0057, Eq Viol (l1): 0.000029, Ineq Viol (l1): 0.000001, Epoch time: 2.99s
Epoch 123/300, Loss: 2.2832, Obj: -0.0250, Eq Viol (l1): 0.000030, Ineq Viol (l1): 0.000000, Epoch time: 2.97s
Epoch 124/300, Loss: 1.9710, Obj: -0.1825, Eq Viol (l1): 0.000041, Ineq Viol (l1): 0.000001, Epoch time: 2.97s
Epoch 125/300, Loss: 1.8212, Obj: -0.0129, Eq Viol (l1): 0.000048, Ineq Viol (l1): 0.000003, Epoch time: 3.01s
Epoch 126/300, Loss: 2.3262, Obj: -0.0108, Eq Viol (l1): 0.000060, Ineq Viol (l1): 0.000006, Epoch time: 3.09s
Epoch 127/300, Loss: 2.6763, Obj: 0.1617, Eq Viol (l1): 0.000031, Ineq Viol (l1): 0.000002, Epoch time: 3.06s
Epoch 128/300, Loss: 1.9918, Obj: -0.2100, Eq Viol (l1): 0.000025, Ineq Viol (l1): 0.000001, Epoch time: 3.04s
Epoch 129/300, Loss: 2.5502, Obj: 0.3453, Eq Viol (l1): 0.000021, Ineq Viol (l1): 0.000001, Epoch time: 3.06s
Epoch 130/300, Loss: 1.6390, Obj: -0.2115, Eq Viol (l1): 0.000051, Ineq Viol (l1): 0.000006, Epoch time: 2.98s
Epoch 131/300, Loss: 2.3347, Obj: -0.1008, Eq Viol (l1): 0.000036, Ineq Viol (l1): 0.000002, Epoch time: 2.98s

Running validation at epoch 130...

VALIDATION_EPOCH_130 EVALUATION RESULTS:
==================================================
Objective Value:     -2.064817e-01
True Objective:      -2.413704e+00
Optimality Gap:      3.930823e-01 ± 5.723866e-01
Eq Violation l1:   4.702553e-05 (max: 2.657600e-03)
Ineq Violation l1: 7.096133e-07 (max: 1.768453e-04)
Solution Distance:   9.936487e+01 ± 1.279240e+00
Merit:             -2.060043e-01 ± 1.502585e-02
Avg Inference Time:  0.0800s
==================================================
Epoch 132/300, Loss: 1.1966, Obj: -0.2977, Eq Viol (l1): 0.000039, Ineq Viol (l1): 0.000001, Epoch time: 3.00s
Epoch 133/300, Loss: 1.0752, Obj: -0.4215, Eq Viol (l1): 0.000039, Ineq Viol (l1): 0.000000, Epoch time: 2.87s
Epoch 134/300, Loss: 1.1871, Obj: -0.4603, Eq Viol (l1): 0.000035, Ineq Viol (l1): 0.000001, Epoch time: 2.92s
Epoch 135/300, Loss: 1.2059, Obj: -0.4946, Eq Viol (l1): 0.000031, Ineq Viol (l1): 0.000001, Epoch time: 2.93s
Epoch 136/300, Loss: 1.5146, Obj: -0.3044, Eq Viol (l1): 0.000030, Ineq Viol (l1): 0.000001, Epoch time: 2.94s
Epoch 137/300, Loss: 1.3071, Obj: -0.4606, Eq Viol (l1): 0.000042, Ineq Viol (l1): 0.000001, Epoch time: 2.92s
Epoch 138/300, Loss: 1.0278, Obj: -0.5394, Eq Viol (l1): 0.000033, Ineq Viol (l1): 0.000001, Epoch time: 2.92s
Epoch 139/300, Loss: 1.2666, Obj: -0.3619, Eq Viol (l1): 0.000036, Ineq Viol (l1): 0.000000, Epoch time: 2.88s
Epoch 140/300, Loss: 1.2696, Obj: -0.3426, Eq Viol (l1): 0.000032, Ineq Viol (l1): 0.000001, Epoch time: 2.96s
Epoch 141/300, Loss: 1.4974, Obj: -0.3789, Eq Viol (l1): 0.000032, Ineq Viol (l1): 0.000000, Epoch time: 2.94s

Running validation at epoch 140...

VALIDATION_EPOCH_140 EVALUATION RESULTS:
==================================================
Objective Value:     -1.578003e-01
True Objective:      -2.413704e+00
Optimality Gap:      3.975384e-01 ± 6.076209e-01
Eq Violation l1:   2.875618e-05 (max: 2.711148e-03)
Ineq Violation l1: 4.335510e-07 (max: 1.259047e-04)
Solution Distance:   1.010229e+02 ± 1.324807e+00
Merit:             -1.575084e-01 ± 4.686223e-02
Avg Inference Time:  0.0976s
==================================================
Epoch 142/300, Loss: 1.0046, Obj: -0.3408, Eq Viol (l1): 0.000027, Ineq Viol (l1): 0.000000, Epoch time: 2.92s
Epoch 143/300, Loss: 1.4046, Obj: -0.5634, Eq Viol (l1): 0.000033, Ineq Viol (l1): 0.000001, Epoch time: 2.93s
Epoch 144/300, Loss: 1.4996, Obj: -0.2854, Eq Viol (l1): 0.000035, Ineq Viol (l1): 0.000001, Epoch time: 2.90s
Epoch 145/300, Loss: 0.8837, Obj: -0.4895, Eq Viol (l1): 0.000044, Ineq Viol (l1): 0.000001, Epoch time: 2.84s
Epoch 146/300, Loss: 0.9427, Obj: -0.5058, Eq Viol (l1): 0.000050, Ineq Viol (l1): 0.000001, Epoch time: 2.81s
Epoch 147/300, Loss: 0.6710, Obj: -0.5280, Eq Viol (l1): 0.000035, Ineq Viol (l1): 0.000001, Epoch time: 2.86s
Epoch 148/300, Loss: 0.9809, Obj: -0.6327, Eq Viol (l1): 0.000040, Ineq Viol (l1): 0.000001, Epoch time: 2.93s
Epoch 149/300, Loss: 0.9384, Obj: -0.5864, Eq Viol (l1): 0.000040, Ineq Viol (l1): 0.000001, Epoch time: 2.92s
Epoch 150/300, Loss: 0.8496, Obj: -0.5430, Eq Viol (l1): 0.000032, Ineq Viol (l1): 0.000001, Epoch time: 2.91s
Epoch 151/300, Loss: 0.7935, Obj: -0.4697, Eq Viol (l1): 0.000039, Ineq Viol (l1): 0.000001, Epoch time: 2.91s

Running validation at epoch 150...

VALIDATION_EPOCH_150 EVALUATION RESULTS:
==================================================
Objective Value:     -8.097157e-01
True Objective:      -2.413704e+00
Optimality Gap:      -7.342881e-01 ± 1.040889e+00
Eq Violation l1:   3.574485e-05 (max: 2.501520e-03)
Ineq Violation l1: 5.256859e-07 (max: 1.435177e-04)
Solution Distance:   9.812774e+01 ± 1.136056e+00
Merit:             -8.093530e-01 ± 2.523040e-02
Avg Inference Time:  0.0898s
==================================================
Epoch 152/300, Loss: 1.3960, Obj: -0.4537, Eq Viol (l1): 0.000035, Ineq Viol (l1): 0.000001, Epoch time: 2.92s
Epoch 153/300, Loss: 1.1675, Obj: -0.6025, Eq Viol (l1): 0.000038, Ineq Viol (l1): 0.000001, Epoch time: 2.90s
Epoch 154/300, Loss: 1.1107, Obj: -0.5239, Eq Viol (l1): 0.000037, Ineq Viol (l1): 0.000001, Epoch time: 2.94s
Epoch 155/300, Loss: 1.2066, Obj: -0.3158, Eq Viol (l1): 0.000038, Ineq Viol (l1): 0.000001, Epoch time: 2.86s
Epoch 156/300, Loss: 0.7823, Obj: -0.4594, Eq Viol (l1): 0.000037, Ineq Viol (l1): 0.000001, Epoch time: 2.87s
Epoch 157/300, Loss: 1.0376, Obj: -0.4667, Eq Viol (l1): 0.000034, Ineq Viol (l1): 0.000001, Epoch time: 2.98s
Epoch 158/300, Loss: 1.0585, Obj: -0.6382, Eq Viol (l1): 0.000033, Ineq Viol (l1): 0.000001, Epoch time: 2.99s
Epoch 159/300, Loss: 1.2955, Obj: -0.3077, Eq Viol (l1): 0.000031, Ineq Viol (l1): 0.000000, Epoch time: 2.93s
Epoch 160/300, Loss: 1.0430, Obj: -0.4662, Eq Viol (l1): 0.000042, Ineq Viol (l1): 0.000001, Epoch time: 2.87s
Epoch 161/300, Loss: 0.9005, Obj: -0.5451, Eq Viol (l1): 0.000042, Ineq Viol (l1): 0.000001, Epoch time: 2.87s

Running validation at epoch 160...

VALIDATION_EPOCH_160 EVALUATION RESULTS:
==================================================
Objective Value:     -3.469523e-01
True Objective:      -2.413704e+00
Optimality Gap:      1.252286e-01 ± 7.968360e-01
Eq Violation l1:   1.807656e-05 (max: 2.968229e-03)
Ineq Violation l1: 1.847061e-07 (max: 4.109601e-05)
Solution Distance:   1.004679e+02 ± 1.166319e+00
Merit:             -3.467697e-01 ± 1.384388e-02
Avg Inference Time:  0.0976s
==================================================
Epoch 162/300, Loss: 0.5415, Obj: -0.5832, Eq Viol (l1): 0.000037, Ineq Viol (l1): 0.000001, Epoch time: 2.89s
Epoch 163/300, Loss: 0.5570, Obj: -0.6467, Eq Viol (l1): 0.000036, Ineq Viol (l1): 0.000001, Epoch time: 2.90s
Epoch 164/300, Loss: 0.8012, Obj: -0.6854, Eq Viol (l1): 0.000040, Ineq Viol (l1): 0.000001, Epoch time: 2.89s
Epoch 165/300, Loss: 0.7604, Obj: -0.5604, Eq Viol (l1): 0.000038, Ineq Viol (l1): 0.000001, Epoch time: 2.88s
Epoch 166/300, Loss: 1.0099, Obj: -0.6248, Eq Viol (l1): 0.000033, Ineq Viol (l1): 0.000001, Epoch time: 2.95s
Epoch 167/300, Loss: 1.9112, Obj: -0.3035, Eq Viol (l1): 0.000021, Ineq Viol (l1): 0.000000, Epoch time: 3.12s
Epoch 168/300, Loss: 1.1157, Obj: -0.2759, Eq Viol (l1): 0.000029, Ineq Viol (l1): 0.000000, Epoch time: 2.94s
Epoch 169/300, Loss: 1.3721, Obj: -0.4710, Eq Viol (l1): 0.000027, Ineq Viol (l1): 0.000000, Epoch time: 3.04s
Epoch 170/300, Loss: 2.7492, Obj: 0.0417, Eq Viol (l1): 0.000021, Ineq Viol (l1): 0.000000, Epoch time: 3.07s
Epoch 171/300, Loss: 1.8886, Obj: -0.3072, Eq Viol (l1): 0.000022, Ineq Viol (l1): 0.000000, Epoch time: 3.05s

Running validation at epoch 170...

VALIDATION_EPOCH_170 EVALUATION RESULTS:
==================================================
Objective Value:     -9.826127e-02
True Objective:      -2.413704e+00
Optimality Gap:      6.817890e-01 ± 4.207718e-01
Eq Violation l1:   1.766695e-05 (max: 6.691998e-03)
Ineq Violation l1: 1.143999e-06 (max: 5.686689e-04)
Solution Distance:   1.009869e+02 ± 1.253417e+00
Merit:             -9.807316e-02 ± 4.206349e-02
Avg Inference Time:  0.1151s
==================================================
Epoch 172/300, Loss: 2.1424, Obj: -0.4196, Eq Viol (l1): 0.000027, Ineq Viol (l1): 0.000001, Epoch time: 3.16s
Epoch 173/300, Loss: 4.7395, Obj: -0.2564, Eq Viol (l1): 0.000061, Ineq Viol (l1): 0.000008, Epoch time: 3.30s
Epoch 174/300, Loss: 8.6905, Obj: 0.4525, Eq Viol (l1): 0.000287, Ineq Viol (l1): 0.000067, Epoch time: 3.41s
Epoch 175/300, Loss: 14.2719, Obj: 0.5289, Eq Viol (l1): 0.000494, Ineq Viol (l1): 0.000073, Epoch time: 3.42s
Epoch 176/300, Loss: 24.9637, Obj: 0.8746, Eq Viol (l1): 0.001436, Ineq Viol (l1): 0.000259, Epoch time: 3.41s
Epoch 177/300, Loss: 44.3082, Obj: 0.9388, Eq Viol (l1): 0.002267, Ineq Viol (l1): 0.000430, Epoch time: 3.41s
Epoch 178/300, Loss: 57.7767, Obj: 0.7577, Eq Viol (l1): 0.003140, Ineq Viol (l1): 0.000584, Epoch time: 3.40s
Epoch 179/300, Loss: 60.1514, Obj: 0.9430, Eq Viol (l1): 0.002701, Ineq Viol (l1): 0.000491, Epoch time: 3.43s
Epoch 180/300, Loss: 70.4125, Obj: 1.3088, Eq Viol (l1): 0.006049, Ineq Viol (l1): 0.001300, Epoch time: 3.41s
Epoch 181/300, Loss: 78.9784, Obj: 1.4159, Eq Viol (l1): 0.004241, Ineq Viol (l1): 0.000746, Epoch time: 3.41s

Running validation at epoch 180...

VALIDATION_EPOCH_180 EVALUATION RESULTS:
==================================================
Objective Value:     1.514320e+00
True Objective:      -2.413704e+00
Optimality Gap:      4.113472e+00 ± 1.177747e+00
Eq Violation l1:   3.871403e-03 (max: 6.670425e-01)
Ineq Violation l1: 8.535609e-04 (max: 1.564720e-01)
Solution Distance:   1.076019e+02 ± 1.513219e+00
Merit:             1.561569e+00 ± 2.727345e-02
Avg Inference Time:  0.1199s
==================================================
Epoch 182/300, Loss: 109.5017, Obj: 1.7367, Eq Viol (l1): 0.002358, Ineq Viol (l1): 0.000416, Epoch time: 3.41s
Epoch 183/300, Loss: 1191.5270, Obj: 2.6995, Eq Viol (l1): 0.011085, Ineq Viol (l1): 0.002246, Epoch time: 3.40s
Epoch 184/300, Loss: 189.9467, Obj: 4.4905, Eq Viol (l1): 0.025929, Ineq Viol (l1): 0.005193, Epoch time: 3.40s
Epoch 185/300, Loss: 227.5120, Obj: 6.8895, Eq Viol (l1): 0.030815, Ineq Viol (l1): 0.005909, Epoch time: 3.40s
Epoch 186/300, Loss: 193.8352, Obj: 6.9964, Eq Viol (l1): 0.024219, Ineq Viol (l1): 0.004530, Epoch time: 3.41s
Epoch 187/300, Loss: 9064.1872, Obj: 12.5704, Eq Viol (l1): 3.254244, Ineq Viol (l1): 1.642774, Epoch time: 3.70s
Epoch 188/300, Loss: 48710.8340, Obj: 87.5149, Eq Viol (l1): 35.014521, Ineq Viol (l1): 19.850026, Epoch time: 4.42s
Epoch 189/300, Loss: 60391.5539, Obj: 134.2107, Eq Viol (l1): 61.072870, Ineq Viol (l1): 37.277769, Epoch time: 4.55s
Epoch 190/300, Loss: 75943.8773, Obj: 283.8997, Eq Viol (l1): 76.342879, Ineq Viol (l1): 48.132074, Epoch time: 4.46s
Epoch 191/300, Loss: 678824.1243, Obj: 16391.4092, Eq Viol (l1): 99.461402, Ineq Viol (l1): 122.688051, Epoch time: 4.41s

Running validation at epoch 190...

VALIDATION_EPOCH_190 EVALUATION RESULTS:
==================================================
Objective Value:     6.459891e+02
True Objective:      -2.413704e+00
Optimality Gap:      3.308396e+02 ± 5.569796e+01
Eq Violation l1:   9.364323e+01 (max: 7.932575e+03)
Ineq Violation l1: 6.789726e+01 (max: 1.177801e+04)
Solution Distance:   5.388431e+03 ± 3.710226e+03
Merit:             2.261394e+03 ± 7.721056e+02
Avg Inference Time:  0.1970s
==================================================
Epoch 192/300, Loss: 173529.8612, Obj: 1814.7889, Eq Viol (l1): 147.835715, Ineq Viol (l1): 128.004886, Epoch time: 4.50s
Epoch 193/300, Loss: 139855.6116, Obj: 1241.0560, Eq Viol (l1): 143.696808, Ineq Viol (l1): 108.142986, Epoch time: 4.54s
Epoch 194/300, Loss: 283804.1585, Obj: 4863.7346, Eq Viol (l1): 173.536212, Ineq Viol (l1): 135.454290, Epoch time: 4.42s
Epoch 195/300, Loss: 81647.4100, Obj: 253.1104, Eq Viol (l1): 61.918056, Ineq Viol (l1): 41.402282, Epoch time: 4.45s
Epoch 196/300, Loss: 72424.1274, Obj: 85.9076, Eq Viol (l1): 35.856471, Ineq Viol (l1): 17.341463, Epoch time: 4.33s
Epoch 197/300, Loss: 132652.5149, Obj: 1601.0081, Eq Viol (l1): 89.098586, Ineq Viol (l1): 76.978905, Epoch time: 4.38s
Epoch 198/300, Loss: 62164.4232, Obj: 82.8727, Eq Viol (l1): 31.938739, Ineq Viol (l1): 14.892285, Epoch time: 4.31s
Epoch 199/300, Loss: 348120.1108, Obj: 6734.6009, Eq Viol (l1): 80.345590, Ineq Viol (l1): 61.036226, Epoch time: 4.23s
Epoch 200/300, Loss: 103869.6984, Obj: 869.6399, Eq Viol (l1): 40.343654, Ineq Viol (l1): 30.693277, Epoch time: 4.24s
Epoch 201/300, Loss: 75249.1357, Obj: 83.1624, Eq Viol (l1): 32.197543, Ineq Viol (l1): 14.540154, Epoch time: 4.38s

Running validation at epoch 200...

VALIDATION_EPOCH_200 EVALUATION RESULTS:
==================================================
Objective Value:     6.719681e+01
True Objective:      -2.413704e+00
Optimality Gap:      1.099340e+02 ± 5.166692e+01
Eq Violation l1:   2.882934e+01 (max: 5.025797e+02)
Ineq Violation l1: 1.169697e+01 (max: 5.717956e+02)
Solution Distance:   8.187785e+02 ± 2.177276e+01
Merit:             4.724599e+02 ± 4.920614e+01
Avg Inference Time:  0.1735s
==================================================
Epoch 202/300, Loss: 96633.8150, Obj: 581.1712, Eq Viol (l1): 47.789257, Ineq Viol (l1): 35.191827, Epoch time: 4.32s
Epoch 203/300, Loss: 232487.2392, Obj: 3979.4032, Eq Viol (l1): 115.874224, Ineq Viol (l1): 102.138993, Epoch time: 4.31s
Epoch 204/300, Loss: 71707.9515, Obj: 72.7863, Eq Viol (l1): 32.421443, Ineq Viol (l1): 13.664546, Epoch time: 4.30s
Epoch 205/300, Loss: 3980574.3495, Obj: 92539.7456, Eq Viol (l1): 152.757347, Ineq Viol (l1): 204.997091, Epoch time: 4.20s
Epoch 206/300, Loss: 70442.9672, Obj: 69.9504, Eq Viol (l1): 29.809481, Ineq Viol (l1): 13.762683, Epoch time: 4.20s
Epoch 207/300, Loss: 68204.7730, Obj: 52.9786, Eq Viol (l1): 20.637759, Ineq Viol (l1): 6.415751, Epoch time: 4.03s
Epoch 208/300, Loss: 74163.6991, Obj: 110.0282, Eq Viol (l1): 32.644014, Ineq Viol (l1): 17.854082, Epoch time: 4.10s
Epoch 209/300, Loss: 76157.7958, Obj: 67.4482, Eq Viol (l1): 28.693693, Ineq Viol (l1): 10.904346, Epoch time: 4.12s
Epoch 210/300, Loss: 77333.0840, Obj: 76.8996, Eq Viol (l1): 33.142245, Ineq Viol (l1): 14.667269, Epoch time: 4.20s
Epoch 211/300, Loss: 79571.8384, Obj: 90.9948, Eq Viol (l1): 33.427960, Ineq Viol (l1): 15.246363, Epoch time: 4.21s

Running validation at epoch 210...

VALIDATION_EPOCH_210 EVALUATION RESULTS:
==================================================
Objective Value:     6.764032e+01
True Objective:      -2.413704e+00
Optimality Gap:      1.289101e+02 ± 7.313697e+01
Eq Violation l1:   2.711931e+01 (max: 6.027159e+02)
Ineq Violation l1: 9.072588e+00 (max: 6.559532e+02)
Solution Distance:   8.213434e+02 ± 2.211350e+01
Merit:             4.295593e+02 ± 1.463087e+01
Avg Inference Time:  0.1625s
==================================================
Epoch 212/300, Loss: 90912.2582, Obj: 282.3184, Eq Viol (l1): 28.898951, Ineq Viol (l1): 16.903479, Epoch time: 4.17s
Epoch 213/300, Loss: 91668.9196, Obj: 289.1608, Eq Viol (l1): 50.031864, Ineq Viol (l1): 26.129296, Epoch time: 4.30s
Epoch 214/300, Loss: 83235.6014, Obj: 83.2431, Eq Viol (l1): 29.056480, Ineq Viol (l1): 12.371857, Epoch time: 4.13s
Epoch 215/300, Loss: 84819.7699, Obj: 99.5480, Eq Viol (l1): 40.428520, Ineq Viol (l1): 21.133887, Epoch time: 4.17s
Epoch 216/300, Loss: 100527.4570, Obj: 397.7393, Eq Viol (l1): 53.653421, Ineq Viol (l1): 34.377462, Epoch time: 4.14s
Epoch 217/300, Loss: 1227175.0299, Obj: 25991.9865, Eq Viol (l1): 331.595168, Ineq Viol (l1): 283.749649, Epoch time: 4.17s
Epoch 218/300, Loss: 93530.2186, Obj: 170.3837, Eq Viol (l1): 39.473295, Ineq Viol (l1): 28.217055, Epoch time: 4.07s
Epoch 219/300, Loss: 89132.9721, Obj: 65.9277, Eq Viol (l1): 22.877913, Ineq Viol (l1): 7.574374, Epoch time: 3.97s
Epoch 220/300, Loss: 91445.3211, Obj: 84.0630, Eq Viol (l1): 26.877203, Ineq Viol (l1): 11.628825, Epoch time: 4.02s
Epoch 221/300, Loss: 92872.4263, Obj: 63.3723, Eq Viol (l1): 23.306391, Ineq Viol (l1): 7.045161, Epoch time: 3.94s

Running validation at epoch 220...

VALIDATION_EPOCH_220 EVALUATION RESULTS:
==================================================
Objective Value:     6.967941e+01
True Objective:      -2.413704e+00
Optimality Gap:      1.351333e+02 ± 6.246997e+01
Eq Violation l1:   2.633230e+01 (max: 2.511217e+02)
Ineq Violation l1: 7.609491e+00 (max: 1.278865e+02)
Solution Distance:   8.926233e+02 ± 6.435001e+00
Merit:             4.090973e+02 ± 1.679800e+01
Avg Inference Time:  0.1604s
==================================================
Epoch 222/300, Loss: 100308.7919, Obj: 69.8491, Eq Viol (l1): 25.652703, Ineq Viol (l1): 9.237812, Epoch time: 4.00s
Epoch 223/300, Loss: 1950368.2591, Obj: 68328.3211, Eq Viol (l1): 163.607391, Ineq Viol (l1): 138.125649, Epoch time: 3.98s
Epoch 224/300, Loss: 97541.5374, Obj: 68.7881, Eq Viol (l1): 25.757486, Ineq Viol (l1): 8.191158, Epoch time: 4.00s
Epoch 225/300, Loss: 94232.3761, Obj: 95.2509, Eq Viol (l1): 27.554289, Ineq Viol (l1): 10.447780, Epoch time: 4.08s
Epoch 226/300, Loss: 153280.9505, Obj: 1628.4265, Eq Viol (l1): 32.739572, Ineq Viol (l1): 27.227447, Epoch time: 4.00s
Epoch 227/300, Loss: 96212.7468, Obj: 68.6255, Eq Viol (l1): 25.234686, Ineq Viol (l1): 7.456436, Epoch time: 4.03s
Epoch 228/300, Loss: 205587.4487, Obj: 2911.9052, Eq Viol (l1): 44.600478, Ineq Viol (l1): 45.086956, Epoch time: 4.07s
Epoch 229/300, Loss: 104555.8990, Obj: 80.7001, Eq Viol (l1): 31.524959, Ineq Viol (l1): 12.303956, Epoch time: 4.18s
Epoch 230/300, Loss: 101570.9991, Obj: 105.7520, Eq Viol (l1): 36.937629, Ineq Viol (l1): 16.088984, Epoch time: 4.13s
Epoch 231/300, Loss: 99202.9585, Obj: 63.0556, Eq Viol (l1): 24.808949, Ineq Viol (l1): 7.172599, Epoch time: 4.09s

Running validation at epoch 230...

VALIDATION_EPOCH_230 EVALUATION RESULTS:
==================================================
Objective Value:     7.017106e+01
True Objective:      -2.413704e+00
Optimality Gap:      1.352264e+02 ± 7.183192e+01
Eq Violation l1:   3.559383e+01 (max: 7.383901e+02)
Ineq Violation l1: 1.607017e+01 (max: 7.467361e+02)
Solution Distance:   8.715901e+02 ± 3.101841e+01
Merit:             5.868111e+02 ± 1.134969e+02
Avg Inference Time:  0.1903s
==================================================
Epoch 232/300, Loss: 113703.5514, Obj: 413.0383, Eq Viol (l1): 30.501882, Ineq Viol (l1): 17.506902, Epoch time: 4.06s
Epoch 233/300, Loss: 95510.4031, Obj: 60.6860, Eq Viol (l1): 24.591229, Ineq Viol (l1): 7.577616, Epoch time: 4.11s
Epoch 234/300, Loss: 156336.3518, Obj: 1595.7464, Eq Viol (l1): 32.387296, Ineq Viol (l1): 24.646658, Epoch time: 4.11s
Epoch 235/300, Loss: 96261.5099, Obj: 61.7872, Eq Viol (l1): 18.558064, Ineq Viol (l1): 6.050226, Epoch time: 4.09s
Epoch 236/300, Loss: 96805.3949, Obj: 66.4628, Eq Viol (l1): 22.247984, Ineq Viol (l1): 9.011415, Epoch time: 4.08s
Epoch 237/300, Loss: 95442.6932, Obj: 63.4705, Eq Viol (l1): 23.399924, Ineq Viol (l1): 10.324589, Epoch time: 4.12s
Epoch 238/300, Loss: 96901.7294, Obj: 80.4508, Eq Viol (l1): 26.715011, Ineq Viol (l1): 11.864757, Epoch time: 4.12s
Epoch 239/300, Loss: 100704.5012, Obj: 72.9925, Eq Viol (l1): 27.678971, Ineq Viol (l1): 11.447417, Epoch time: 4.19s
Epoch 240/300, Loss: 108161.2299, Obj: 112.5391, Eq Viol (l1): 18.752141, Ineq Viol (l1): 9.238282, Epoch time: 4.03s
Epoch 241/300, Loss: 105903.7931, Obj: 52.1404, Eq Viol (l1): 15.614925, Ineq Viol (l1): 5.306193, Epoch time: 3.97s

Running validation at epoch 240...

VALIDATION_EPOCH_240 EVALUATION RESULTS:
==================================================
Objective Value:     9.477110e+01
True Objective:      -2.413704e+00
Optimality Gap:      1.394137e+02 ± 8.907658e+01
Eq Violation l1:   1.531740e+01 (max: 7.351975e+02)
Ineq Violation l1: 1.066130e+01 (max: 2.292438e+03)
Solution Distance:   1.002523e+03 ± 3.737218e+02
Merit:             3.545582e+02 ± 1.464621e+02
Avg Inference Time:  0.1524s
==================================================
Epoch 242/300, Loss: 107762.1631, Obj: 49.5505, Eq Viol (l1): 14.258047, Ineq Viol (l1): 4.197366, Epoch time: 3.99s
Epoch 243/300, Loss: 105837.3498, Obj: 50.4335, Eq Viol (l1): 14.877459, Ineq Viol (l1): 4.677726, Epoch time: 3.96s
Epoch 244/300, Loss: 102840.7789, Obj: 50.4147, Eq Viol (l1): 14.256591, Ineq Viol (l1): 4.399713, Epoch time: 3.94s
Epoch 245/300, Loss: 102405.3294, Obj: 51.2553, Eq Viol (l1): 14.904636, Ineq Viol (l1): 4.791761, Epoch time: 3.93s
Epoch 246/300, Loss: 104590.8562, Obj: 54.8883, Eq Viol (l1): 14.465533, Ineq Viol (l1): 5.113916, Epoch time: 3.94s
Epoch 247/300, Loss: 106804.9751, Obj: 50.0761, Eq Viol (l1): 14.503050, Ineq Viol (l1): 4.602592, Epoch time: 3.93s
Epoch 248/300, Loss: 107740.1874, Obj: 59.9038, Eq Viol (l1): 15.519974, Ineq Viol (l1): 5.269056, Epoch time: 3.95s
Epoch 249/300, Loss: 110373.0660, Obj: 53.0008, Eq Viol (l1): 16.366158, Ineq Viol (l1): 4.998938, Epoch time: 3.96s
Epoch 250/300, Loss: 109628.0441, Obj: 52.9808, Eq Viol (l1): 16.774570, Ineq Viol (l1): 5.234040, Epoch time: 4.02s
Epoch 251/300, Loss: 110475.4257, Obj: 59.5890, Eq Viol (l1): 18.921784, Ineq Viol (l1): 7.098824, Epoch time: 4.02s

Running validation at epoch 250...

VALIDATION_EPOCH_250 EVALUATION RESULTS:
==================================================
Objective Value:     5.729489e+01
True Objective:      -2.413704e+00
Optimality Gap:      1.023810e+02 ± 4.732550e+01
Eq Violation l1:   2.315183e+01 (max: 4.276655e+02)
Ineq Violation l1: 9.197721e+00 (max: 5.206214e+02)
Solution Distance:   6.726948e+02 ± 7.580527e+00
Merit:             3.807903e+02 ± 2.347313e+01
Avg Inference Time:  0.1856s
==================================================
Epoch 252/300, Loss: 2165428.0917, Obj: 50426.9132, Eq Viol (l1): 132.545365, Ineq Viol (l1): 138.987278, Epoch time: 3.95s
Epoch 253/300, Loss: 109211.4617, Obj: 55.8290, Eq Viol (l1): 16.007906, Ineq Viol (l1): 5.479767, Epoch time: 3.95s
Epoch 254/300, Loss: 108091.7728, Obj: 52.0737, Eq Viol (l1): 16.321133, Ineq Viol (l1): 4.852775, Epoch time: 3.99s
Epoch 255/300, Loss: 111934.8037, Obj: 135.5763, Eq Viol (l1): 19.371305, Ineq Viol (l1): 8.961655, Epoch time: 4.10s
Epoch 256/300, Loss: 110854.3691, Obj: 52.5062, Eq Viol (l1): 16.685099, Ineq Viol (l1): 5.093260, Epoch time: 3.93s
Epoch 257/300, Loss: 113498.1883, Obj: 54.4351, Eq Viol (l1): 18.965748, Ineq Viol (l1): 5.593418, Epoch time: 4.04s
Epoch 258/300, Loss: 114152.2173, Obj: 55.2551, Eq Viol (l1): 16.937953, Ineq Viol (l1): 5.154286, Epoch time: 3.93s
Epoch 259/300, Loss: 120079.9347, Obj: 58.0639, Eq Viol (l1): 19.994906, Ineq Viol (l1): 6.438897, Epoch time: 4.01s
Epoch 260/300, Loss: 122475.8230, Obj: 66.7886, Eq Viol (l1): 23.599961, Ineq Viol (l1): 9.050355, Epoch time: 4.10s
Epoch 261/300, Loss: 123041.4844, Obj: 65.6751, Eq Viol (l1): 24.261078, Ineq Viol (l1): 9.909061, Epoch time: 3.96s

Running validation at epoch 260...

VALIDATION_EPOCH_260 EVALUATION RESULTS:
==================================================
Objective Value:     6.166602e+01
True Objective:      -2.413704e+00
Optimality Gap:      1.142339e+02 ± 5.499516e+01
Eq Violation l1:   1.944452e+01 (max: 2.297998e+02)
Ineq Violation l1: 5.700336e+00 (max: 1.033234e+02)
Solution Distance:   7.284842e+02 ± 1.542959e+01
Merit:             3.131146e+02 ± 2.437299e+01
Avg Inference Time:  0.1537s
==================================================
Epoch 262/300, Loss: 120847.8707, Obj: 73.4294, Eq Viol (l1): 28.630959, Ineq Viol (l1): 15.128536, Epoch time: 4.01s
Epoch 263/300, Loss: 122205.1023, Obj: 65.1793, Eq Viol (l1): 21.289941, Ineq Viol (l1): 8.219788, Epoch time: 3.99s
Epoch 264/300, Loss: 130055.6923, Obj: 135.0808, Eq Viol (l1): 25.999238, Ineq Viol (l1): 12.726173, Epoch time: 4.05s
Epoch 265/300, Loss: 179976.3954, Obj: 1229.2488, Eq Viol (l1): 41.551451, Ineq Viol (l1): 41.167450, Epoch time: 4.07s
Epoch 266/300, Loss: 145873.9389, Obj: 403.3697, Eq Viol (l1): 25.872308, Ineq Viol (l1): 12.845306, Epoch time: 3.94s
Epoch 267/300, Loss: 125089.1191, Obj: 78.7886, Eq Viol (l1): 29.416822, Ineq Viol (l1): 11.773579, Epoch time: 4.13s
Epoch 268/300, Loss: 121496.8981, Obj: 107.8509, Eq Viol (l1): 32.142639, Ineq Viol (l1): 16.397563, Epoch time: 4.16s
Epoch 269/300, Loss: 123687.7171, Obj: 91.1218, Eq Viol (l1): 29.469507, Ineq Viol (l1): 11.819336, Epoch time: 4.24s
Epoch 270/300, Loss: 127195.4720, Obj: 164.9327, Eq Viol (l1): 27.280291, Ineq Viol (l1): 13.543128, Epoch time: 4.04s
Epoch 271/300, Loss: 121386.3678, Obj: 71.0238, Eq Viol (l1): 23.676142, Ineq Viol (l1): 7.327583, Epoch time: 4.05s

Running validation at epoch 270...

VALIDATION_EPOCH_270 EVALUATION RESULTS:
==================================================
Objective Value:     2.867130e+02
True Objective:      -2.413704e+00
Optimality Gap:      2.734211e+03 ± 2.547828e+03
Eq Violation l1:   4.789408e+01 (max: 3.646892e+03)
Ineq Violation l1: 3.139475e+01 (max: 4.942496e+03)
Solution Distance:   2.482687e+03 ± 1.610057e+03
Merit:             1.079601e+03 ± 4.911267e+02
Avg Inference Time:  0.1869s
==================================================
Epoch 272/300, Loss: 1948219.8060, Obj: 47110.2513, Eq Viol (l1): 311.220424, Ineq Viol (l1): 247.117129, Epoch time: 4.25s
Epoch 273/300, Loss: 130953.2386, Obj: 142.8620, Eq Viol (l1): 40.361656, Ineq Viol (l1): 24.467293, Epoch time: 4.27s
Epoch 274/300, Loss: 138787.4546, Obj: 259.0787, Eq Viol (l1): 50.080008, Ineq Viol (l1): 31.912235, Epoch time: 4.19s
Epoch 275/300, Loss: 128174.0406, Obj: 75.5235, Eq Viol (l1): 28.828202, Ineq Viol (l1): 10.698274, Epoch time: 4.25s
Epoch 276/300, Loss: 170561.2387, Obj: 1013.9007, Eq Viol (l1): 74.422670, Ineq Viol (l1): 61.136917, Epoch time: 4.25s
Epoch 277/300, Loss: 147284.9705, Obj: 390.4934, Eq Viol (l1): 56.784003, Ineq Viol (l1): 38.698930, Epoch time: 4.39s
Epoch 278/300, Loss: 141287.1703, Obj: 68.6816, Eq Viol (l1): 25.978970, Ineq Viol (l1): 9.331879, Epoch time: 4.20s
Epoch 279/300, Loss: 140287.9251, Obj: 98.8693, Eq Viol (l1): 33.322154, Ineq Viol (l1): 18.777448, Epoch time: 4.25s
Epoch 280/300, Loss: 140684.1953, Obj: 143.6499, Eq Viol (l1): 32.457527, Ineq Viol (l1): 17.856310, Epoch time: 4.18s
Epoch 281/300, Loss: 136047.3419, Obj: 88.3867, Eq Viol (l1): 42.958071, Ineq Viol (l1): 18.415273, Epoch time: 4.38s

Running validation at epoch 280...

VALIDATION_EPOCH_280 EVALUATION RESULTS:
==================================================
Objective Value:     5.933662e+02
True Objective:      -2.413704e+00
Optimality Gap:      2.669265e+02 ± 1.881747e+02
Eq Violation l1:   6.469010e+01 (max: 4.139841e+03)
Ineq Violation l1: 5.743048e+01 (max: 7.741904e+03)
Solution Distance:   5.114959e+03 ± 4.330983e+03
Merit:             1.814572e+03 ± 1.324830e+03
Avg Inference Time:  0.1824s
==================================================
Epoch 282/300, Loss: 273026.7008, Obj: 3255.9934, Eq Viol (l1): 123.924318, Ineq Viol (l1): 127.866715, Epoch time: 4.40s
Epoch 283/300, Loss: 1275330.5801, Obj: 33589.1809, Eq Viol (l1): 327.020474, Ineq Viol (l1): 308.844431, Epoch time: 4.54s
Epoch 284/300, Loss: 630945.5777, Obj: 12713.6739, Eq Viol (l1): 162.430178, Ineq Viol (l1): 159.068602, Epoch time: 4.53s
Epoch 285/300, Loss: 1703812.3232, Obj: 37860.9011, Eq Viol (l1): 527.494992, Ineq Viol (l1): 408.613279, Epoch time: 4.65s
Epoch 286/300, Loss: 1657852.9481, Obj: 35083.0739, Eq Viol (l1): 834.788585, Ineq Viol (l1): 661.837510, Epoch time: 4.57s
Epoch 287/300, Loss: 253304.3603, Obj: 2411.9637, Eq Viol (l1): 172.093209, Ineq Viol (l1): 146.189265, Epoch time: 4.43s
Epoch 288/300, Loss: 942857.4665, Obj: 18381.6619, Eq Viol (l1): 371.678003, Ineq Viol (l1): 333.130956, Epoch time: 4.50s
Epoch 289/300, Loss: 7296907062874.8193, Obj: 174360427403.5048, Eq Viol (l1): 135692.961111, Ineq Viol (l1): 235291.704869, Epoch time: 4.50s
Epoch 290/300, Loss: 207454.9239, Obj: 1279.7471, Eq Viol (l1): 180.760200, Ineq Viol (l1): 135.975874, Epoch time: 4.59s
Epoch 291/300, Loss: 348578.4195, Obj: 4842.7944, Eq Viol (l1): 236.198699, Ineq Viol (l1): 198.072785, Epoch time: 4.42s

Running validation at epoch 290...

VALIDATION_EPOCH_290 EVALUATION RESULTS:
==================================================
Objective Value:     2.439929e+03
True Objective:      -2.413704e+00
Optimality Gap:      1.311614e+03 ± 1.240184e+03
Eq Violation l1:   1.502771e+02 (max: 2.825735e+04)
Ineq Violation l1: 1.546331e+02 (max: 4.159417e+04)
Solution Distance:   2.183818e+04 ± 2.114598e+04
Merit:             5.489031e+03 ± 5.137200e+03
Avg Inference Time:  0.1954s
==================================================
Epoch 292/300, Loss: 327638.7248, Obj: 3288.6076, Eq Viol (l1): 174.110771, Ineq Viol (l1): 156.083682, Epoch time: 4.40s
Epoch 293/300, Loss: 456794.0449, Obj: 7837.9024, Eq Viol (l1): 128.338897, Ineq Viol (l1): 117.139646, Epoch time: 4.49s
Epoch 294/300, Loss: 296839.6891, Obj: 3128.4241, Eq Viol (l1): 78.702407, Ineq Viol (l1): 76.137556, Epoch time: 4.26s
Epoch 295/300, Loss: 171001.6772, Obj: 69.3329, Eq Viol (l1): 25.043880, Ineq Viol (l1): 8.004498, Epoch time: 3.90s
Epoch 296/300, Loss: 171588.2187, Obj: 93.2631, Eq Viol (l1): 34.678496, Ineq Viol (l1): 15.713915, Epoch time: 4.05s
Epoch 297/300, Loss: 162383.2652, Obj: 67.5014, Eq Viol (l1): 29.876138, Ineq Viol (l1): 8.725192, Epoch time: 4.09s
Epoch 298/300, Loss: 302277506.3497, Obj: 7900556.7176, Eq Viol (l1): 2296.555470, Ineq Viol (l1): 2246.561317, Epoch time: 4.44s
Epoch 299/300, Loss: 358629.8550, Obj: 5185.3168, Eq Viol (l1): 151.061286, Ineq Viol (l1): 129.426976, Epoch time: 4.47s
Epoch 300/300, Loss: 27158321.5822, Obj: 719091.8537, Eq Viol (l1): 250.965426, Ineq Viol (l1): 469.454240, Epoch time: 4.33s

Training completed in 1007.43 seconds.

============================================================
COMPREHENSIVE TEST EVALUATION WITH DETAILED RESULTS
============================================================
Testing with batch sizes: [256, 512]

Evaluating with batch size: 256 (with detailed results)

TEST_BS256 EVALUATION RESULTS:
==================================================
Objective Value:     2.745118e+02
True Objective:      -2.409220e+00
Optimality Gap:      3.086959e+02 ± 2.826613e+02
Eq Violation l1:   7.354001e+01 (max: 4.221368e+03)
Ineq Violation l1: 4.429384e+01 (max: 4.142028e+03)
Solution Distance:   2.389774e+03 ± 3.190640e+03
Merit:             1.452850e+03 ± 1.433776e+03
Avg Inference Time:  0.1465s
==================================================

Evaluating with batch size: 512 (with detailed results)

TEST_BS512 EVALUATION RESULTS:
==================================================
Objective Value:     1.711578e+02
True Objective:      -2.408634e+00
Optimality Gap:      2.798294e+02 ± 2.098701e+02
Eq Violation l1:   7.100882e+01 (max: 5.099431e+03)
Ineq Violation l1: 4.784404e+01 (max: 7.220417e+03)
Solution Distance:   1.477243e+03 ± 7.724193e+02
Merit:             1.359686e+03 ± 6.894698e+02
Avg Inference Time:  0.1899s
==================================================

TEST BATCH SIZE COMPARISON:
================================================================================
Batch Size   Objective    Opt Gap      Eq Viol      Ineq Viol    Time (s)  
--------------------------------------------------------------------------------
256          2.7451e+02   3.0870e+02   7.3540e+01   4.4294e+01   1.17      
512          1.7116e+02   2.7983e+02   7.1009e+01   4.7844e+01   0.76      
================================================================================

Saving model and results to: results/nonsmooth_nonconvex/socp/SOCPProblem-100-50-50-10000/20260108-033727_MLP_FSNet_seed1_nepochs300_lr0.0002_trainsize7000_finetune_20260108-031722_model_340
✓ Model saved: results/nonsmooth_nonconvex/socp/SOCPProblem-100-50-50-10000/20260108-033727_MLP_FSNet_seed1_nepochs300_lr0.0002_trainsize7000_finetune_20260108-031722_model_340/model.pt
✓ Detailed results saved: results/nonsmooth_nonconvex/socp/SOCPProblem-100-50-50-10000/20260108-033727_MLP_FSNet_seed1_nepochs300_lr0.0002_trainsize7000_finetune_20260108-031722_model_340/results.pkl

Files saved (or attempted):
  - model.pt (model weights and architecture)
  - results.pkl (training history, metrics, detailed test results)
Training and testing completed in 1011.21 seconds
Done!!!
============================================================
==========         =====================         ===========
==========   1      =====================         ===========
==========         =====================         ===========
============================================================

======= Running for problem: nonsmooth_nonconvex/socp =======

Loading problem instance: nonsmooth_nonconvex/socp with size [100, 50, 50, 10000]
Loading  dataset from: datasets/nonsmooth_nonconvex/socp/random2025_socp_dataset_var100_ineq50_eq50_ex10000 

Running on:  cuda
Training model using FSNet method with seed 2 for 300 epochs
Using batch size: 512
Loading model from checkpoint: results/nonsmooth_nonconvex/socp/SOCPProblem-100-50-50-10000/20260108-031722_MLP_sup_seed1_nepochs500_lr0.0005_trainsize100_subopt_2_1.0/model_340.pt

lr: 0.0002, weight_decay: 0.001, num_epochs: 300

Epoch 1/300, Loss: 47.1242, Obj: 25.7848, Eq Viol (l1): 0.000035, Ineq Viol (l1): 0.000000, Epoch time: 7.92s

Running validation at epoch 0...

VALIDATION_EPOCH_0 EVALUATION RESULTS:
==================================================
Objective Value:     2.555825e+01
True Objective:      -2.413704e+00
Optimality Gap:      4.557134e+01 ± 1.463801e+01
Eq Violation l1:   3.265469e-05 (max: 1.950742e-03)
Ineq Violation l1: 2.664586e-07 (max: 4.104442e-05)
Solution Distance:   1.853193e+02 ± 5.338182e-01
Merit:             2.555858e+01 ± 3.023526e-02
Avg Inference Time:  0.6436s
==================================================
Epoch 2/300, Loss: 43.9905, Obj: 25.8377, Eq Viol (l1): 0.000032, Ineq Viol (l1): 0.000000, Epoch time: 3.00s
Epoch 3/300, Loss: 38.5263, Obj: 26.1071, Eq Viol (l1): 0.000035, Ineq Viol (l1): 0.000000, Epoch time: 2.93s
Epoch 4/300, Loss: 33.5522, Obj: 26.1891, Eq Viol (l1): 0.000036, Ineq Viol (l1): 0.000000, Epoch time: 2.84s
Epoch 5/300, Loss: 29.0714, Obj: 24.7153, Eq Viol (l1): 0.000047, Ineq Viol (l1): 0.000000, Epoch time: 2.76s
Epoch 6/300, Loss: 24.4063, Obj: 21.1480, Eq Viol (l1): 0.000065, Ineq Viol (l1): 0.000000, Epoch time: 2.67s
Epoch 7/300, Loss: 19.8688, Obj: 17.3269, Eq Viol (l1): 0.000081, Ineq Viol (l1): 0.000000, Epoch time: 2.63s
Epoch 8/300, Loss: 16.3618, Obj: 14.3711, Eq Viol (l1): 0.000074, Ineq Viol (l1): 0.000000, Epoch time: 2.64s
Epoch 9/300, Loss: 13.8331, Obj: 12.1579, Eq Viol (l1): 0.000088, Ineq Viol (l1): 0.000000, Epoch time: 2.61s
Epoch 10/300, Loss: 9.1460, Obj: 7.5282, Eq Viol (l1): 0.000090, Ineq Viol (l1): 0.000000, Epoch time: 2.57s
Epoch 11/300, Loss: 4.8899, Obj: 3.3696, Eq Viol (l1): 0.000085, Ineq Viol (l1): 0.000000, Epoch time: 2.57s

Running validation at epoch 10...

VALIDATION_EPOCH_10 EVALUATION RESULTS:
==================================================
Objective Value:     2.080469e+00
True Objective:      -2.413704e+00
Optimality Gap:      4.491516e+00 ± 1.164212e+00
Eq Violation l1:   8.312870e-05 (max: 1.260462e-03)
Ineq Violation l1: 2.967859e-07 (max: 3.029384e-05)
Solution Distance:   9.649287e+01 ± 1.375203e+00
Merit:             2.081303e+00 ± 2.736038e-03
Avg Inference Time:  0.0688s
==================================================
Epoch 12/300, Loss: 2.7780, Obj: 1.4360, Eq Viol (l1): 0.000091, Ineq Viol (l1): 0.000000, Epoch time: 2.55s
Epoch 13/300, Loss: 1.8182, Obj: 0.7441, Eq Viol (l1): 0.000097, Ineq Viol (l1): 0.000000, Epoch time: 2.42s
Epoch 14/300, Loss: 1.5388, Obj: 0.5303, Eq Viol (l1): 0.000094, Ineq Viol (l1): 0.000000, Epoch time: 2.44s
Epoch 15/300, Loss: 1.3515, Obj: 0.3822, Eq Viol (l1): 0.000097, Ineq Viol (l1): 0.000000, Epoch time: 2.44s
Epoch 16/300, Loss: 1.1149, Obj: 0.2965, Eq Viol (l1): 0.000104, Ineq Viol (l1): 0.000000, Epoch time: 2.38s
Epoch 17/300, Loss: 0.9332, Obj: 0.2064, Eq Viol (l1): 0.000113, Ineq Viol (l1): 0.000000, Epoch time: 2.35s
Epoch 18/300, Loss: 0.8235, Obj: 0.1187, Eq Viol (l1): 0.000101, Ineq Viol (l1): 0.000000, Epoch time: 2.38s
Epoch 19/300, Loss: 0.7526, Obj: 0.0929, Eq Viol (l1): 0.000097, Ineq Viol (l1): 0.000000, Epoch time: 2.39s
Epoch 20/300, Loss: 0.6962, Obj: 0.0531, Eq Viol (l1): 0.000108, Ineq Viol (l1): 0.000000, Epoch time: 2.35s
Epoch 21/300, Loss: 0.7048, Obj: 0.0365, Eq Viol (l1): 0.000099, Ineq Viol (l1): 0.000000, Epoch time: 2.38s

Running validation at epoch 20...

VALIDATION_EPOCH_20 EVALUATION RESULTS:
==================================================
Objective Value:     -1.733854e-01
True Objective:      -2.413704e+00
Optimality Gap:      3.914877e-01 ± 2.661089e-01
Eq Violation l1:   9.831836e-05 (max: 9.330584e-04)
Ineq Violation l1: 2.498888e-07 (max: 1.593815e-05)
Solution Distance:   9.306794e+01 ± 1.562654e+00
Merit:             -1.723997e-01 ± 1.000341e-02
Avg Inference Time:  0.0638s
==================================================
Epoch 22/300, Loss: 0.5815, Obj: -0.0151, Eq Viol (l1): 0.000113, Ineq Viol (l1): 0.000000, Epoch time: 2.33s
Epoch 23/300, Loss: 0.6277, Obj: -0.0252, Eq Viol (l1): 0.000105, Ineq Viol (l1): 0.000000, Epoch time: 2.36s
Epoch 24/300, Loss: 0.6072, Obj: -0.0008, Eq Viol (l1): 0.000095, Ineq Viol (l1): 0.000000, Epoch time: 2.37s
Epoch 25/300, Loss: 0.5026, Obj: -0.0681, Eq Viol (l1): 0.000113, Ineq Viol (l1): 0.000000, Epoch time: 2.33s
Epoch 26/300, Loss: 0.4381, Obj: -0.0978, Eq Viol (l1): 0.000106, Ineq Viol (l1): 0.000000, Epoch time: 2.35s
Epoch 27/300, Loss: 0.4206, Obj: -0.1088, Eq Viol (l1): 0.000108, Ineq Viol (l1): 0.000000, Epoch time: 2.33s
Epoch 28/300, Loss: 0.4828, Obj: -0.0938, Eq Viol (l1): 0.000113, Ineq Viol (l1): 0.000000, Epoch time: 2.35s
Epoch 29/300, Loss: 0.5047, Obj: -0.0746, Eq Viol (l1): 0.000115, Ineq Viol (l1): 0.000000, Epoch time: 2.33s
Epoch 30/300, Loss: 0.4090, Obj: -0.1231, Eq Viol (l1): 0.000107, Ineq Viol (l1): 0.000000, Epoch time: 2.35s
Epoch 31/300, Loss: 0.3254, Obj: -0.1585, Eq Viol (l1): 0.000111, Ineq Viol (l1): 0.000000, Epoch time: 2.32s

Running validation at epoch 30...

VALIDATION_EPOCH_30 EVALUATION RESULTS:
==================================================
Objective Value:     -2.838800e-01
True Objective:      -2.413704e+00
Optimality Gap:      1.761122e-01 ± 3.608583e-01
Eq Violation l1:   9.057903e-05 (max: 5.673103e-04)
Ineq Violation l1: 2.846619e-07 (max: 2.033989e-05)
Solution Distance:   9.245694e+01 ± 1.525647e+00
Merit:             -2.829714e-01 ± 9.995970e-03
Avg Inference Time:  0.0637s
==================================================
Epoch 32/300, Loss: 0.3277, Obj: -0.1629, Eq Viol (l1): 0.000107, Ineq Viol (l1): 0.000000, Epoch time: 2.35s
Epoch 33/300, Loss: 0.3191, Obj: -0.1770, Eq Viol (l1): 0.000096, Ineq Viol (l1): 0.000000, Epoch time: 2.38s
Epoch 34/300, Loss: 0.2934, Obj: -0.1718, Eq Viol (l1): 0.000102, Ineq Viol (l1): 0.000000, Epoch time: 2.45s
Epoch 35/300, Loss: 0.3701, Obj: -0.1588, Eq Viol (l1): 0.000097, Ineq Viol (l1): 0.000000, Epoch time: 2.38s
Epoch 36/300, Loss: 0.2650, Obj: -0.1958, Eq Viol (l1): 0.000103, Ineq Viol (l1): 0.000000, Epoch time: 2.37s
Epoch 37/300, Loss: 0.2791, Obj: -0.1982, Eq Viol (l1): 0.000095, Ineq Viol (l1): 0.000000, Epoch time: 2.37s
Epoch 38/300, Loss: 0.2050, Obj: -0.2316, Eq Viol (l1): 0.000103, Ineq Viol (l1): 0.000000, Epoch time: 2.37s
Epoch 39/300, Loss: 0.2197, Obj: -0.2234, Eq Viol (l1): 0.000112, Ineq Viol (l1): 0.000000, Epoch time: 2.34s
Epoch 40/300, Loss: 0.2044, Obj: -0.2344, Eq Viol (l1): 0.000097, Ineq Viol (l1): 0.000000, Epoch time: 2.38s
Epoch 41/300, Loss: 0.1887, Obj: -0.2466, Eq Viol (l1): 0.000096, Ineq Viol (l1): 0.000000, Epoch time: 2.39s

Running validation at epoch 40...

VALIDATION_EPOCH_40 EVALUATION RESULTS:
==================================================
Objective Value:     -3.398334e-01
True Objective:      -2.413704e+00
Optimality Gap:      9.739374e-02 ± 3.934681e-01
Eq Violation l1:   9.139850e-05 (max: 7.969159e-04)
Ineq Violation l1: 2.466990e-07 (max: 1.497018e-05)
Solution Distance:   9.219843e+01 ± 1.481285e+00
Merit:             -3.389169e-01 ± 6.871347e-03
Avg Inference Time:  0.0642s
==================================================
Epoch 42/300, Loss: 0.2079, Obj: -0.2480, Eq Viol (l1): 0.000106, Ineq Viol (l1): 0.000000, Epoch time: 2.37s
Epoch 43/300, Loss: 0.1944, Obj: -0.2429, Eq Viol (l1): 0.000096, Ineq Viol (l1): 0.000000, Epoch time: 2.38s
Epoch 44/300, Loss: 0.1891, Obj: -0.2608, Eq Viol (l1): 0.000093, Ineq Viol (l1): 0.000000, Epoch time: 2.41s
Epoch 45/300, Loss: 0.1429, Obj: -0.2741, Eq Viol (l1): 0.000094, Ineq Viol (l1): 0.000000, Epoch time: 2.40s
Epoch 46/300, Loss: 0.1747, Obj: -0.2514, Eq Viol (l1): 0.000104, Ineq Viol (l1): 0.000000, Epoch time: 2.37s
Epoch 47/300, Loss: 0.1949, Obj: -0.2579, Eq Viol (l1): 0.000099, Ineq Viol (l1): 0.000000, Epoch time: 2.41s
Epoch 48/300, Loss: 0.2092, Obj: -0.2216, Eq Viol (l1): 0.000098, Ineq Viol (l1): 0.000000, Epoch time: 2.40s
Epoch 49/300, Loss: 0.1459, Obj: -0.2920, Eq Viol (l1): 0.000094, Ineq Viol (l1): 0.000000, Epoch time: 2.42s
Epoch 50/300, Loss: 0.1482, Obj: -0.2903, Eq Viol (l1): 0.000094, Ineq Viol (l1): 0.000000, Epoch time: 2.43s
Epoch 51/300, Loss: 0.1514, Obj: -0.2888, Eq Viol (l1): 0.000101, Ineq Viol (l1): 0.000001, Epoch time: 2.41s

Running validation at epoch 50...

VALIDATION_EPOCH_50 EVALUATION RESULTS:
==================================================
Objective Value:     -3.888911e-01
True Objective:      -2.413704e+00
Optimality Gap:      2.722616e-03 ± 4.557237e-01
Eq Violation l1:   1.115296e-04 (max: 1.467145e-03)
Ineq Violation l1: 4.421441e-07 (max: 8.094786e-05)
Solution Distance:   9.217651e+01 ± 1.458421e+00
Merit:             -3.877714e-01 ± 2.814691e-03
Avg Inference Time:  0.0640s
==================================================
Epoch 52/300, Loss: 0.1588, Obj: -0.2922, Eq Viol (l1): 0.000097, Ineq Viol (l1): 0.000000, Epoch time: 2.42s
Epoch 53/300, Loss: 0.1152, Obj: -0.3017, Eq Viol (l1): 0.000100, Ineq Viol (l1): 0.000000, Epoch time: 2.42s
Epoch 54/300, Loss: 0.1154, Obj: -0.3050, Eq Viol (l1): 0.000089, Ineq Viol (l1): 0.000000, Epoch time: 2.46s
Epoch 55/300, Loss: 0.1097, Obj: -0.3180, Eq Viol (l1): 0.000097, Ineq Viol (l1): 0.000001, Epoch time: 2.44s
Epoch 56/300, Loss: 0.1155, Obj: -0.3214, Eq Viol (l1): 0.000091, Ineq Viol (l1): 0.000000, Epoch time: 2.48s
Epoch 57/300, Loss: 0.1267, Obj: -0.3222, Eq Viol (l1): 0.000088, Ineq Viol (l1): 0.000000, Epoch time: 2.49s
Epoch 58/300, Loss: 0.0790, Obj: -0.3339, Eq Viol (l1): 0.000090, Ineq Viol (l1): 0.000001, Epoch time: 2.48s
Epoch 59/300, Loss: 0.0654, Obj: -0.3447, Eq Viol (l1): 0.000089, Ineq Viol (l1): 0.000001, Epoch time: 2.51s
Epoch 60/300, Loss: 0.0944, Obj: -0.3524, Eq Viol (l1): 0.000088, Ineq Viol (l1): 0.000001, Epoch time: 2.54s
Epoch 61/300, Loss: 0.0841, Obj: -0.3587, Eq Viol (l1): 0.000085, Ineq Viol (l1): 0.000000, Epoch time: 2.54s

Running validation at epoch 60...

VALIDATION_EPOCH_60 EVALUATION RESULTS:
==================================================
Objective Value:     -4.979374e-01
True Objective:      -2.413704e+00
Optimality Gap:      -8.887340e-02 ± 4.705758e-01
Eq Violation l1:   9.497949e-05 (max: 1.206661e-03)
Ineq Violation l1: 7.386961e-07 (max: 2.655812e-05)
Solution Distance:   9.289850e+01 ± 1.520438e+00
Merit:             -4.969802e-01 ± 8.434882e-03
Avg Inference Time:  0.0692s
==================================================
Epoch 62/300, Loss: 0.1497, Obj: -0.3529, Eq Viol (l1): 0.000091, Ineq Viol (l1): 0.000001, Epoch time: 2.55s
Epoch 63/300, Loss: 0.1219, Obj: -0.3486, Eq Viol (l1): 0.000083, Ineq Viol (l1): 0.000000, Epoch time: 2.56s
Epoch 64/300, Loss: 0.1064, Obj: -0.3812, Eq Viol (l1): 0.000085, Ineq Viol (l1): 0.000001, Epoch time: 2.56s
Epoch 65/300, Loss: 0.0752, Obj: -0.3977, Eq Viol (l1): 0.000083, Ineq Viol (l1): 0.000001, Epoch time: 2.57s
Epoch 66/300, Loss: 0.0817, Obj: -0.4112, Eq Viol (l1): 0.000085, Ineq Viol (l1): 0.000001, Epoch time: 2.57s
Epoch 67/300, Loss: 0.1282, Obj: -0.4226, Eq Viol (l1): 0.000082, Ineq Viol (l1): 0.000001, Epoch time: 2.71s
Epoch 68/300, Loss: 0.0710, Obj: -0.4577, Eq Viol (l1): 0.000074, Ineq Viol (l1): 0.000001, Epoch time: 2.63s
Epoch 69/300, Loss: 0.0101, Obj: -0.5228, Eq Viol (l1): 0.000081, Ineq Viol (l1): 0.000001, Epoch time: 2.63s
Epoch 70/300, Loss: 0.0934, Obj: -0.5029, Eq Viol (l1): 0.000079, Ineq Viol (l1): 0.000001, Epoch time: 2.63s
Epoch 71/300, Loss: 0.0358, Obj: -0.5739, Eq Viol (l1): 0.000077, Ineq Viol (l1): 0.000001, Epoch time: 2.64s

Running validation at epoch 70...

VALIDATION_EPOCH_70 EVALUATION RESULTS:
==================================================
Objective Value:     -7.382653e-01
True Objective:      -2.413704e+00
Optimality Gap:      -5.241583e-01 ± 8.130443e-01
Eq Violation l1:   9.689572e-05 (max: 1.164334e-03)
Ineq Violation l1: 8.344510e-07 (max: 5.390535e-05)
Solution Distance:   9.665546e+01 ± 1.395876e+00
Merit:             -7.372880e-01 ± 1.472377e-02
Avg Inference Time:  0.0739s
==================================================
Epoch 72/300, Loss: 0.0326, Obj: -0.6407, Eq Viol (l1): 0.000076, Ineq Viol (l1): 0.000001, Epoch time: 2.67s
Epoch 73/300, Loss: 0.4071, Obj: -0.4994, Eq Viol (l1): 0.000059, Ineq Viol (l1): 0.000001, Epoch time: 2.71s
Epoch 74/300, Loss: 0.4771, Obj: -0.5009, Eq Viol (l1): 0.000066, Ineq Viol (l1): 0.000001, Epoch time: 2.70s
Epoch 75/300, Loss: 0.2787, Obj: -0.5520, Eq Viol (l1): 0.000072, Ineq Viol (l1): 0.000001, Epoch time: 2.68s
Epoch 76/300, Loss: 0.1362, Obj: -0.5948, Eq Viol (l1): 0.000069, Ineq Viol (l1): 0.000001, Epoch time: 2.69s
Epoch 77/300, Loss: 0.1109, Obj: -0.6537, Eq Viol (l1): 0.000061, Ineq Viol (l1): 0.000001, Epoch time: 2.71s
Epoch 78/300, Loss: 0.0415, Obj: -0.7160, Eq Viol (l1): 0.000064, Ineq Viol (l1): 0.000001, Epoch time: 2.73s
Epoch 79/300, Loss: 0.1116, Obj: -0.6383, Eq Viol (l1): 0.000056, Ineq Viol (l1): 0.000001, Epoch time: 2.74s
Epoch 80/300, Loss: 0.2968, Obj: -0.6363, Eq Viol (l1): 0.000062, Ineq Viol (l1): 0.000001, Epoch time: 2.74s
Epoch 81/300, Loss: 0.6878, Obj: -0.5709, Eq Viol (l1): 0.000064, Ineq Viol (l1): 0.000001, Epoch time: 2.78s

Running validation at epoch 80...

VALIDATION_EPOCH_80 EVALUATION RESULTS:
==================================================
Objective Value:     -5.111853e-01
True Objective:      -2.413704e+00
Optimality Gap:      -1.301504e-01 ± 7.158311e-01
Eq Violation l1:   3.484249e-05 (max: 1.666399e-03)
Ineq Violation l1: 2.960883e-07 (max: 3.231698e-05)
Solution Distance:   9.794917e+01 ± 1.350208e+00
Merit:             -5.108339e-01 ± 1.348943e-02
Avg Inference Time:  0.0839s
==================================================
Epoch 82/300, Loss: 0.5468, Obj: -0.5517, Eq Viol (l1): 0.000055, Ineq Viol (l1): 0.000001, Epoch time: 2.76s
Epoch 83/300, Loss: 0.3442, Obj: -0.6121, Eq Viol (l1): 0.000059, Ineq Viol (l1): 0.000001, Epoch time: 2.75s
Epoch 84/300, Loss: 0.2539, Obj: -0.6818, Eq Viol (l1): 0.000043, Ineq Viol (l1): 0.000000, Epoch time: 2.81s
Epoch 85/300, Loss: 0.4545, Obj: -0.5979, Eq Viol (l1): 0.000047, Ineq Viol (l1): 0.000001, Epoch time: 2.82s
Epoch 86/300, Loss: 0.9084, Obj: -0.4595, Eq Viol (l1): 0.000038, Ineq Viol (l1): 0.000000, Epoch time: 2.85s
Epoch 87/300, Loss: 1.1634, Obj: -0.5473, Eq Viol (l1): 0.000040, Ineq Viol (l1): 0.000001, Epoch time: 2.89s
Epoch 88/300, Loss: 0.8727, Obj: -0.5209, Eq Viol (l1): 0.000039, Ineq Viol (l1): 0.000001, Epoch time: 2.87s
Epoch 89/300, Loss: 0.5728, Obj: -0.5057, Eq Viol (l1): 0.000044, Ineq Viol (l1): 0.000001, Epoch time: 2.91s
Epoch 90/300, Loss: 0.4559, Obj: -0.4878, Eq Viol (l1): 0.000034, Ineq Viol (l1): 0.000000, Epoch time: 2.85s
Epoch 91/300, Loss: 0.7050, Obj: -0.6052, Eq Viol (l1): 0.000043, Ineq Viol (l1): 0.000001, Epoch time: 2.85s

Running validation at epoch 90...

VALIDATION_EPOCH_90 EVALUATION RESULTS:
==================================================
Objective Value:     -5.015899e-01
True Objective:      -2.413704e+00
Optimality Gap:      -1.762526e-01 ± 7.607098e-01
Eq Violation l1:   4.991554e-05 (max: 2.139167e-03)
Ineq Violation l1: 7.795208e-07 (max: 1.255907e-04)
Solution Distance:   9.896223e+01 ± 1.399716e+00
Merit:             -5.010829e-01 ± 2.475617e-02
Avg Inference Time:  0.0849s
==================================================
Epoch 92/300, Loss: 0.8454, Obj: -0.4041, Eq Viol (l1): 0.000038, Ineq Viol (l1): 0.000001, Epoch time: 2.89s
Epoch 93/300, Loss: 1.1893, Obj: -0.4243, Eq Viol (l1): 0.000036, Ineq Viol (l1): 0.000000, Epoch time: 2.92s
Epoch 94/300, Loss: 0.8529, Obj: -0.4221, Eq Viol (l1): 0.000038, Ineq Viol (l1): 0.000000, Epoch time: 2.86s
Epoch 95/300, Loss: 0.6911, Obj: -0.6385, Eq Viol (l1): 0.000048, Ineq Viol (l1): 0.000001, Epoch time: 2.84s
Epoch 96/300, Loss: 0.8966, Obj: -0.3253, Eq Viol (l1): 0.000034, Ineq Viol (l1): 0.000000, Epoch time: 2.83s
Epoch 97/300, Loss: 1.2516, Obj: -0.2574, Eq Viol (l1): 0.000050, Ineq Viol (l1): 0.000000, Epoch time: 2.85s
Epoch 98/300, Loss: 0.9500, Obj: -0.3716, Eq Viol (l1): 0.000046, Ineq Viol (l1): 0.000001, Epoch time: 2.79s
Epoch 99/300, Loss: 0.5942, Obj: -0.4866, Eq Viol (l1): 0.000046, Ineq Viol (l1): 0.000000, Epoch time: 2.82s
Epoch 100/300, Loss: 0.3737, Obj: -0.6774, Eq Viol (l1): 0.000049, Ineq Viol (l1): 0.000001, Epoch time: 2.90s
Epoch 101/300, Loss: 0.7649, Obj: -0.5369, Eq Viol (l1): 0.000041, Ineq Viol (l1): 0.000001, Epoch time: 2.85s

Running validation at epoch 100...

VALIDATION_EPOCH_100 EVALUATION RESULTS:
==================================================
Objective Value:     -4.491496e-01
True Objective:      -2.413704e+00
Optimality Gap:      2.811657e-02 ± 6.609385e-01
Eq Violation l1:   3.043407e-05 (max: 2.567768e-03)
Ineq Violation l1: 3.261031e-07 (max: 3.734466e-05)
Solution Distance:   9.958330e+01 ± 1.211146e+00
Merit:             -4.488420e-01 ± 2.828069e-02
Avg Inference Time:  0.0896s
==================================================
Epoch 102/300, Loss: 0.6536, Obj: -0.5713, Eq Viol (l1): 0.000045, Ineq Viol (l1): 0.000001, Epoch time: 2.85s
Epoch 103/300, Loss: 0.5301, Obj: -0.6346, Eq Viol (l1): 0.000038, Ineq Viol (l1): 0.000001, Epoch time: 2.88s
Epoch 104/300, Loss: 1.0207, Obj: -0.4768, Eq Viol (l1): 0.000047, Ineq Viol (l1): 0.000001, Epoch time: 2.93s
Epoch 105/300, Loss: 1.1160, Obj: -0.3346, Eq Viol (l1): 0.000030, Ineq Viol (l1): 0.000001, Epoch time: 2.94s
Epoch 106/300, Loss: 1.8075, Obj: -0.1855, Eq Viol (l1): 0.000054, Ineq Viol (l1): 0.000003, Epoch time: 3.05s
Epoch 107/300, Loss: 1.0112, Obj: -0.3749, Eq Viol (l1): 0.000035, Ineq Viol (l1): 0.000001, Epoch time: 2.87s
Epoch 108/300, Loss: 0.8987, Obj: -0.3788, Eq Viol (l1): 0.000040, Ineq Viol (l1): 0.000001, Epoch time: 2.85s
Epoch 109/300, Loss: 0.8867, Obj: -0.5870, Eq Viol (l1): 0.000043, Ineq Viol (l1): 0.000001, Epoch time: 2.83s
Epoch 110/300, Loss: 1.7872, Obj: -0.7122, Eq Viol (l1): 0.000041, Ineq Viol (l1): 0.000001, Epoch time: 2.94s
Epoch 111/300, Loss: 1.7272, Obj: -0.3541, Eq Viol (l1): 0.000036, Ineq Viol (l1): 0.000001, Epoch time: 2.90s

Running validation at epoch 110...

VALIDATION_EPOCH_110 EVALUATION RESULTS:
==================================================
Objective Value:     -5.274185e-01
True Objective:      -2.413704e+00
Optimality Gap:      -3.011210e-01 ± 9.681685e-01
Eq Violation l1:   3.342006e-05 (max: 1.517834e-03)
Ineq Violation l1: 8.323264e-07 (max: 1.096821e-04)
Solution Distance:   9.926133e+01 ± 1.325045e+00
Merit:             -5.270760e-01 ± 2.600866e-02
Avg Inference Time:  0.0884s
==================================================
Epoch 112/300, Loss: 1.0712, Obj: -0.5467, Eq Viol (l1): 0.000037, Ineq Viol (l1): 0.000001, Epoch time: 2.93s
Epoch 113/300, Loss: 1.2464, Obj: -0.3468, Eq Viol (l1): 0.000030, Ineq Viol (l1): 0.000000, Epoch time: 2.93s
Epoch 114/300, Loss: 0.9510, Obj: -0.5131, Eq Viol (l1): 0.000038, Ineq Viol (l1): 0.000001, Epoch time: 2.91s
Epoch 115/300, Loss: 0.8698, Obj: -0.4154, Eq Viol (l1): 0.000040, Ineq Viol (l1): 0.000001, Epoch time: 2.89s
Epoch 116/300, Loss: 0.7011, Obj: -0.5409, Eq Viol (l1): 0.000036, Ineq Viol (l1): 0.000001, Epoch time: 2.87s
Epoch 117/300, Loss: 1.5637, Obj: -0.7870, Eq Viol (l1): 0.000028, Ineq Viol (l1): 0.000000, Epoch time: 3.02s
Epoch 118/300, Loss: 1.5606, Obj: -0.1441, Eq Viol (l1): 0.000024, Ineq Viol (l1): 0.000000, Epoch time: 2.97s
Epoch 119/300, Loss: 1.5529, Obj: -0.2336, Eq Viol (l1): 0.000032, Ineq Viol (l1): 0.000001, Epoch time: 2.88s
Epoch 120/300, Loss: 0.7046, Obj: -0.5305, Eq Viol (l1): 0.000042, Ineq Viol (l1): 0.000001, Epoch time: 2.88s
Epoch 121/300, Loss: 0.8312, Obj: -0.5036, Eq Viol (l1): 0.000031, Ineq Viol (l1): 0.000001, Epoch time: 2.94s

Running validation at epoch 120...

VALIDATION_EPOCH_120 EVALUATION RESULTS:
==================================================
Objective Value:     -4.486194e-01
True Objective:      -2.413704e+00
Optimality Gap:      -4.449475e-02 ± 7.804790e-01
Eq Violation l1:   3.887847e-05 (max: 1.956889e-03)
Ineq Violation l1: 9.150260e-07 (max: 1.446206e-04)
Solution Distance:   9.890259e+01 ± 1.337928e+00
Merit:             -4.482215e-01 ± 1.905952e-02
Avg Inference Time:  0.0904s
==================================================
Epoch 122/300, Loss: 1.0970, Obj: -0.5612, Eq Viol (l1): 0.000034, Ineq Viol (l1): 0.000000, Epoch time: 2.95s
Epoch 123/300, Loss: 0.7834, Obj: -0.3988, Eq Viol (l1): 0.000034, Ineq Viol (l1): 0.000001, Epoch time: 2.87s
Epoch 124/300, Loss: 0.7462, Obj: -0.4868, Eq Viol (l1): 0.000042, Ineq Viol (l1): 0.000001, Epoch time: 2.83s
Epoch 125/300, Loss: 0.5815, Obj: -0.4829, Eq Viol (l1): 0.000045, Ineq Viol (l1): 0.000001, Epoch time: 2.80s
Epoch 126/300, Loss: 0.7811, Obj: -0.7552, Eq Viol (l1): 0.000044, Ineq Viol (l1): 0.000001, Epoch time: 2.88s
Epoch 127/300, Loss: 1.1675, Obj: -0.4940, Eq Viol (l1): 0.000034, Ineq Viol (l1): 0.000001, Epoch time: 2.94s
Epoch 128/300, Loss: 0.8935, Obj: -0.3839, Eq Viol (l1): 0.000033, Ineq Viol (l1): 0.000001, Epoch time: 2.88s
Epoch 129/300, Loss: 0.7364, Obj: -0.5167, Eq Viol (l1): 0.000031, Ineq Viol (l1): 0.000000, Epoch time: 2.87s
Epoch 130/300, Loss: 0.7572, Obj: -0.5894, Eq Viol (l1): 0.000043, Ineq Viol (l1): 0.000001, Epoch time: 2.82s
Epoch 131/300, Loss: 0.8951, Obj: -0.5258, Eq Viol (l1): 0.000042, Ineq Viol (l1): 0.000001, Epoch time: 2.85s

Running validation at epoch 130...

VALIDATION_EPOCH_130 EVALUATION RESULTS:
==================================================
Objective Value:     -1.792432e-01
True Objective:      -2.413704e+00
Optimality Gap:      3.626575e-01 ± 7.606712e-01
Eq Violation l1:   3.109257e-05 (max: 2.539661e-03)
Ineq Violation l1: 3.497375e-07 (max: 3.862307e-05)
Solution Distance:   1.010716e+02 ± 1.344384e+00
Merit:             -1.789287e-01 ± 2.002074e-02
Avg Inference Time:  0.0813s
==================================================
Epoch 132/300, Loss: 0.8078, Obj: -0.6765, Eq Viol (l1): 0.000043, Ineq Viol (l1): 0.000001, Epoch time: 2.95s
Epoch 133/300, Loss: 0.7943, Obj: -0.6727, Eq Viol (l1): 0.000039, Ineq Viol (l1): 0.000001, Epoch time: 2.90s
Epoch 134/300, Loss: 0.9437, Obj: -0.3460, Eq Viol (l1): 0.000034, Ineq Viol (l1): 0.000001, Epoch time: 2.91s
Epoch 135/300, Loss: 1.2614, Obj: -0.5413, Eq Viol (l1): 0.000027, Ineq Viol (l1): 0.000000, Epoch time: 2.97s
Epoch 136/300, Loss: 1.4029, Obj: -0.4311, Eq Viol (l1): 0.000036, Ineq Viol (l1): 0.000001, Epoch time: 2.90s
Epoch 137/300, Loss: 1.3658, Obj: -0.3584, Eq Viol (l1): 0.000029, Ineq Viol (l1): 0.000000, Epoch time: 2.96s
Epoch 138/300, Loss: 1.3746, Obj: -0.1993, Eq Viol (l1): 0.000038, Ineq Viol (l1): 0.000001, Epoch time: 2.89s
Epoch 139/300, Loss: 1.0045, Obj: -0.5187, Eq Viol (l1): 0.000036, Ineq Viol (l1): 0.000001, Epoch time: 2.86s
Epoch 140/300, Loss: 0.8337, Obj: -0.5008, Eq Viol (l1): 0.000040, Ineq Viol (l1): 0.000001, Epoch time: 2.85s
Epoch 141/300, Loss: 1.4284, Obj: -0.3664, Eq Viol (l1): 0.000040, Ineq Viol (l1): 0.000001, Epoch time: 2.91s

Running validation at epoch 140...

VALIDATION_EPOCH_140 EVALUATION RESULTS:
==================================================
Objective Value:     1.437126e-02
True Objective:      -2.413704e+00
Optimality Gap:      6.058556e-01 ± 6.288607e-01
Eq Violation l1:   3.154766e-05 (max: 1.658518e-03)
Ineq Violation l1: 3.861732e-07 (max: 6.624058e-05)
Solution Distance:   1.009236e+02 ± 1.298859e+00
Merit:             1.469060e-02 ± 3.164985e-02
Avg Inference Time:  0.0857s
==================================================
Epoch 142/300, Loss: 1.3713, Obj: -0.5208, Eq Viol (l1): 0.000046, Ineq Viol (l1): 0.000001, Epoch time: 2.86s
Epoch 143/300, Loss: 1.0778, Obj: -0.2954, Eq Viol (l1): 0.000041, Ineq Viol (l1): 0.000001, Epoch time: 2.85s
Epoch 144/300, Loss: 1.0635, Obj: -0.5306, Eq Viol (l1): 0.000048, Ineq Viol (l1): 0.000001, Epoch time: 2.85s
Epoch 145/300, Loss: 1.1657, Obj: -0.4726, Eq Viol (l1): 0.000040, Ineq Viol (l1): 0.000001, Epoch time: 2.87s
Epoch 146/300, Loss: 0.9009, Obj: -0.5216, Eq Viol (l1): 0.000030, Ineq Viol (l1): 0.000000, Epoch time: 2.92s
Epoch 147/300, Loss: 1.0422, Obj: -0.4665, Eq Viol (l1): 0.000028, Ineq Viol (l1): 0.000001, Epoch time: 2.98s
Epoch 148/300, Loss: 1.8050, Obj: -0.4751, Eq Viol (l1): 0.000033, Ineq Viol (l1): 0.000001, Epoch time: 3.00s
Epoch 149/300, Loss: 1.6496, Obj: 0.0660, Eq Viol (l1): 0.000024, Ineq Viol (l1): 0.000000, Epoch time: 2.96s
Epoch 150/300, Loss: 1.2971, Obj: -0.3378, Eq Viol (l1): 0.000027, Ineq Viol (l1): 0.000000, Epoch time: 2.94s
Epoch 151/300, Loss: 2.2294, Obj: -0.5151, Eq Viol (l1): 0.000034, Ineq Viol (l1): 0.000001, Epoch time: 2.96s

Running validation at epoch 150...

VALIDATION_EPOCH_150 EVALUATION RESULTS:
==================================================
Objective Value:     1.953481e-01
True Objective:      -2.413704e+00
Optimality Gap:      9.688082e-01 ± 5.389642e-01
Eq Violation l1:   3.461524e-05 (max: 2.612088e-03)
Ineq Violation l1: 3.835761e-07 (max: 6.551476e-05)
Solution Distance:   1.020131e+02 ± 1.211118e+00
Merit:             1.956981e-01 ± 1.142180e-03
Avg Inference Time:  0.0966s
==================================================
Epoch 152/300, Loss: 1.3910, Obj: -0.1485, Eq Viol (l1): 0.000035, Ineq Viol (l1): 0.000001, Epoch time: 2.91s
Epoch 153/300, Loss: 0.9849, Obj: -0.4553, Eq Viol (l1): 0.000034, Ineq Viol (l1): 0.000001, Epoch time: 2.89s
Epoch 154/300, Loss: 0.9070, Obj: -0.5361, Eq Viol (l1): 0.000025, Ineq Viol (l1): 0.000000, Epoch time: 2.97s
Epoch 155/300, Loss: 1.8807, Obj: -0.4984, Eq Viol (l1): 0.000031, Ineq Viol (l1): 0.000001, Epoch time: 2.98s
Epoch 156/300, Loss: 1.7657, Obj: -0.0939, Eq Viol (l1): 0.000029, Ineq Viol (l1): 0.000000, Epoch time: 2.98s
Epoch 157/300, Loss: 1.6022, Obj: -0.2104, Eq Viol (l1): 0.000040, Ineq Viol (l1): 0.000001, Epoch time: 2.90s
Epoch 158/300, Loss: 1.0028, Obj: -0.4693, Eq Viol (l1): 0.000036, Ineq Viol (l1): 0.000000, Epoch time: 2.86s
Epoch 159/300, Loss: 0.8896, Obj: -0.4603, Eq Viol (l1): 0.000040, Ineq Viol (l1): 0.000001, Epoch time: 2.86s
Epoch 160/300, Loss: 1.0315, Obj: -0.5246, Eq Viol (l1): 0.000046, Ineq Viol (l1): 0.000001, Epoch time: 2.83s
Epoch 161/300, Loss: 0.7384, Obj: -0.5660, Eq Viol (l1): 0.000034, Ineq Viol (l1): 0.000001, Epoch time: 2.89s

Running validation at epoch 160...

VALIDATION_EPOCH_160 EVALUATION RESULTS:
==================================================
Objective Value:     -4.253591e-01
True Objective:      -2.413704e+00
Optimality Gap:      -1.423958e-01 ± 9.043899e-01
Eq Violation l1:   3.738599e-05 (max: 1.645552e-03)
Ineq Violation l1: 2.716356e-07 (max: 3.594266e-05)
Solution Distance:   9.904819e+01 ± 1.304806e+00
Merit:             -4.249825e-01 ± 1.195614e-02
Avg Inference Time:  0.0865s
==================================================
Epoch 162/300, Loss: 0.7551, Obj: -0.4974, Eq Viol (l1): 0.000031, Ineq Viol (l1): 0.000001, Epoch time: 2.89s
Epoch 163/300, Loss: 1.2068, Obj: -0.3567, Eq Viol (l1): 0.000030, Ineq Viol (l1): 0.000001, Epoch time: 2.98s
Epoch 164/300, Loss: 1.1075, Obj: -0.3114, Eq Viol (l1): 0.000031, Ineq Viol (l1): 0.000001, Epoch time: 2.90s
Epoch 165/300, Loss: 0.6426, Obj: -0.5525, Eq Viol (l1): 0.000042, Ineq Viol (l1): 0.000001, Epoch time: 2.86s
Epoch 166/300, Loss: 1.1809, Obj: -0.5261, Eq Viol (l1): 0.000027, Ineq Viol (l1): 0.000001, Epoch time: 2.96s
Epoch 167/300, Loss: 0.7765, Obj: -0.6202, Eq Viol (l1): 0.000031, Ineq Viol (l1): 0.000001, Epoch time: 3.07s
Epoch 168/300, Loss: 2.7431, Obj: -0.0119, Eq Viol (l1): 0.000031, Ineq Viol (l1): 0.000002, Epoch time: 3.16s
Epoch 169/300, Loss: 4.1272, Obj: 0.2171, Eq Viol (l1): 0.000034, Ineq Viol (l1): 0.000001, Epoch time: 3.10s
Epoch 170/300, Loss: 4.2730, Obj: 0.1424, Eq Viol (l1): 0.000032, Ineq Viol (l1): 0.000001, Epoch time: 3.01s
Epoch 171/300, Loss: 1.6298, Obj: -0.4029, Eq Viol (l1): 0.000026, Ineq Viol (l1): 0.000001, Epoch time: 2.99s

Running validation at epoch 170...

VALIDATION_EPOCH_170 EVALUATION RESULTS:
==================================================
Objective Value:     -2.963540e-01
True Objective:      -2.413704e+00
Optimality Gap:      3.091954e-01 ± 5.064302e-01
Eq Violation l1:   3.456444e-05 (max: 1.390679e-03)
Ineq Violation l1: 5.900760e-07 (max: 7.790723e-05)
Solution Distance:   1.004408e+02 ± 1.363811e+00
Merit:             -2.960024e-01 ± 2.917130e-02
Avg Inference Time:  0.0944s
==================================================
Epoch 172/300, Loss: 2.0775, Obj: -0.3673, Eq Viol (l1): 0.000028, Ineq Viol (l1): 0.000001, Epoch time: 3.09s
Epoch 173/300, Loss: 4.8522, Obj: 0.0844, Eq Viol (l1): 0.000023, Ineq Viol (l1): 0.000000, Epoch time: 3.15s
Epoch 174/300, Loss: 4.1316, Obj: 0.1531, Eq Viol (l1): 0.000021, Ineq Viol (l1): 0.000001, Epoch time: 3.06s
Epoch 175/300, Loss: 2.1205, Obj: 0.0310, Eq Viol (l1): 0.000029, Ineq Viol (l1): 0.000000, Epoch time: 2.95s
Epoch 176/300, Loss: 2.2169, Obj: -0.1151, Eq Viol (l1): 0.000036, Ineq Viol (l1): 0.000000, Epoch time: 2.95s
Epoch 177/300, Loss: 1.7043, Obj: -0.3054, Eq Viol (l1): 0.000032, Ineq Viol (l1): 0.000001, Epoch time: 2.93s
Epoch 178/300, Loss: 1.7886, Obj: -0.4237, Eq Viol (l1): 0.000031, Ineq Viol (l1): 0.000001, Epoch time: 3.02s
Epoch 179/300, Loss: 2.3930, Obj: -0.0096, Eq Viol (l1): 0.000024, Ineq Viol (l1): 0.000000, Epoch time: 3.07s
Epoch 180/300, Loss: 1.8702, Obj: -0.2384, Eq Viol (l1): 0.000030, Ineq Viol (l1): 0.000000, Epoch time: 2.97s
Epoch 181/300, Loss: 1.3529, Obj: -0.3126, Eq Viol (l1): 0.000032, Ineq Viol (l1): 0.000000, Epoch time: 2.95s

Running validation at epoch 180...

VALIDATION_EPOCH_180 EVALUATION RESULTS:
==================================================
Objective Value:     -1.535825e-01
True Objective:      -2.413704e+00
Optimality Gap:      4.729152e-01 ± 4.748073e-01
Eq Violation l1:   3.301429e-05 (max: 2.249188e-03)
Ineq Violation l1: 8.449351e-07 (max: 2.457749e-04)
Solution Distance:   1.008188e+02 ± 1.303726e+00
Merit:             -1.532439e-01 ± 2.179039e-02
Avg Inference Time:  0.0923s
==================================================
Epoch 182/300, Loss: 1.5103, Obj: -0.4338, Eq Viol (l1): 0.000026, Ineq Viol (l1): 0.000001, Epoch time: 3.01s
Epoch 183/300, Loss: 1.8903, Obj: -0.3026, Eq Viol (l1): 0.000021, Ineq Viol (l1): 0.000001, Epoch time: 3.08s
Epoch 184/300, Loss: 1.4338, Obj: -0.3585, Eq Viol (l1): 0.000038, Ineq Viol (l1): 0.000004, Epoch time: 3.02s
Epoch 185/300, Loss: 1.7517, Obj: -0.0333, Eq Viol (l1): 0.000021, Ineq Viol (l1): 0.000001, Epoch time: 3.02s
Epoch 186/300, Loss: 1.1149, Obj: -0.3311, Eq Viol (l1): 0.000029, Ineq Viol (l1): 0.000001, Epoch time: 2.98s
Epoch 187/300, Loss: 1.4538, Obj: -0.4591, Eq Viol (l1): 0.000033, Ineq Viol (l1): 0.000001, Epoch time: 2.96s
Epoch 188/300, Loss: 1.3919, Obj: -0.3200, Eq Viol (l1): 0.000030, Ineq Viol (l1): 0.000001, Epoch time: 2.98s
Epoch 189/300, Loss: 2.0451, Obj: -0.3918, Eq Viol (l1): 0.000033, Ineq Viol (l1): 0.000004, Epoch time: 3.06s
Epoch 190/300, Loss: 2.3677, Obj: -0.0840, Eq Viol (l1): 0.000034, Ineq Viol (l1): 0.000001, Epoch time: 3.00s
Epoch 191/300, Loss: 1.4983, Obj: -0.2453, Eq Viol (l1): 0.000032, Ineq Viol (l1): 0.000001, Epoch time: 3.03s

Running validation at epoch 190...

VALIDATION_EPOCH_190 EVALUATION RESULTS:
==================================================
Objective Value:     -3.445579e-01
True Objective:      -2.413704e+00
Optimality Gap:      9.432720e-02 ± 7.895713e-01
Eq Violation l1:   3.203639e-05 (max: 2.068905e-03)
Ineq Violation l1: 1.098423e-07 (max: 1.380260e-05)
Solution Distance:   1.020198e+02 ± 1.372225e+00
Merit:             -3.442364e-01 ± 2.253424e-02
Avg Inference Time:  0.0867s
==================================================
Epoch 192/300, Loss: 1.2410, Obj: -0.2743, Eq Viol (l1): 0.000026, Ineq Viol (l1): 0.000001, Epoch time: 3.04s
Epoch 193/300, Loss: 1.6440, Obj: -0.5918, Eq Viol (l1): 0.000077, Ineq Viol (l1): 0.000014, Epoch time: 3.14s
Epoch 194/300, Loss: 4.4110, Obj: -0.4240, Eq Viol (l1): 0.000084, Ineq Viol (l1): 0.000013, Epoch time: 3.38s
Epoch 195/300, Loss: 6.2209, Obj: -0.0653, Eq Viol (l1): 0.000222, Ineq Viol (l1): 0.000045, Epoch time: 3.38s
Epoch 196/300, Loss: 9.4310, Obj: 0.8586, Eq Viol (l1): 0.000155, Ineq Viol (l1): 0.000029, Epoch time: 3.41s
Epoch 197/300, Loss: 12.6229, Obj: 1.6629, Eq Viol (l1): 0.000184, Ineq Viol (l1): 0.000037, Epoch time: 3.41s
Epoch 198/300, Loss: 12.1541, Obj: 1.1709, Eq Viol (l1): 0.000128, Ineq Viol (l1): 0.000022, Epoch time: 3.37s
Epoch 199/300, Loss: 11.4411, Obj: 1.0209, Eq Viol (l1): 0.000110, Ineq Viol (l1): 0.000019, Epoch time: 3.35s
Epoch 200/300, Loss: 14.2469, Obj: 0.7196, Eq Viol (l1): 0.000393, Ineq Viol (l1): 0.000071, Epoch time: 3.50s
Epoch 201/300, Loss: 18.5110, Obj: 0.6512, Eq Viol (l1): 0.000755, Ineq Viol (l1): 0.000131, Epoch time: 3.42s

Running validation at epoch 200...

VALIDATION_EPOCH_200 EVALUATION RESULTS:
==================================================
Objective Value:     6.874496e-01
True Objective:      -2.413704e+00
Optimality Gap:      1.249931e+00 ± 4.708911e-01
Eq Violation l1:   1.685527e-03 (max: 4.101016e-01)
Ineq Violation l1: 3.783238e-04 (max: 9.840828e-02)
Solution Distance:   1.062418e+02 ± 1.165453e+00
Merit:             7.080881e-01 ± 3.393423e-02
Avg Inference Time:  0.1215s
==================================================
Epoch 202/300, Loss: 23.7963, Obj: 0.8780, Eq Viol (l1): 0.000924, Ineq Viol (l1): 0.000187, Epoch time: 3.41s
Epoch 203/300, Loss: 28.1326, Obj: 1.0599, Eq Viol (l1): 0.000817, Ineq Viol (l1): 0.000165, Epoch time: 3.41s
Epoch 204/300, Loss: 26.5692, Obj: 1.1228, Eq Viol (l1): 0.002487, Ineq Viol (l1): 0.000477, Epoch time: 3.41s
Epoch 205/300, Loss: 28.8398, Obj: 1.2656, Eq Viol (l1): 0.004753, Ineq Viol (l1): 0.000967, Epoch time: 3.42s
Epoch 206/300, Loss: 35.1960, Obj: 1.9449, Eq Viol (l1): 0.004316, Ineq Viol (l1): 0.000871, Epoch time: 3.42s
Epoch 207/300, Loss: 45.2746, Obj: 2.4122, Eq Viol (l1): 0.003486, Ineq Viol (l1): 0.000656, Epoch time: 3.43s
Epoch 208/300, Loss: 50.7839, Obj: 2.8122, Eq Viol (l1): 0.000768, Ineq Viol (l1): 0.000139, Epoch time: 3.41s
Epoch 209/300, Loss: 37.6145, Obj: 3.2586, Eq Viol (l1): 0.000380, Ineq Viol (l1): 0.000082, Epoch time: 3.39s
Epoch 210/300, Loss: 21.2703, Obj: 3.2245, Eq Viol (l1): 0.000071, Ineq Viol (l1): 0.000013, Epoch time: 3.31s
Epoch 211/300, Loss: 12.5962, Obj: 2.9586, Eq Viol (l1): 0.000048, Ineq Viol (l1): 0.000006, Epoch time: 3.25s

Running validation at epoch 210...

VALIDATION_EPOCH_210 EVALUATION RESULTS:
==================================================
Objective Value:     2.718319e+00
True Objective:      -2.413704e+00
Optimality Gap:      5.470429e+00 ± 9.983992e-01
Eq Violation l1:   1.796631e-05 (max: 2.875116e-03)
Ineq Violation l1: 5.146908e-07 (max: 1.516104e-04)
Solution Distance:   1.165449e+02 ± 1.003934e+00
Merit:             2.718504e+00 ± 3.940569e-02
Avg Inference Time:  0.1028s
==================================================
Epoch 212/300, Loss: 8.6137, Obj: 1.8425, Eq Viol (l1): 0.000075, Ineq Viol (l1): 0.000008, Epoch time: 3.29s
Epoch 213/300, Loss: 8.5406, Obj: 1.8298, Eq Viol (l1): 0.000071, Ineq Viol (l1): 0.000013, Epoch time: 3.28s
Epoch 214/300, Loss: 5.0417, Obj: 0.9759, Eq Viol (l1): 0.000020, Ineq Viol (l1): 0.000001, Epoch time: 3.21s
Epoch 215/300, Loss: 4.4980, Obj: 1.1536, Eq Viol (l1): 0.000021, Ineq Viol (l1): 0.000000, Epoch time: 3.16s
Epoch 216/300, Loss: 4.1976, Obj: 0.7143, Eq Viol (l1): 0.000036, Ineq Viol (l1): 0.000002, Epoch time: 3.12s
Epoch 217/300, Loss: 3.7514, Obj: 0.4467, Eq Viol (l1): 0.000024, Ineq Viol (l1): 0.000000, Epoch time: 3.06s
Epoch 218/300, Loss: 4.2668, Obj: 0.1739, Eq Viol (l1): 0.000021, Ineq Viol (l1): 0.000000, Epoch time: 3.19s
Epoch 219/300, Loss: 3.5696, Obj: 0.5671, Eq Viol (l1): 0.000016, Ineq Viol (l1): 0.000000, Epoch time: 3.20s
Epoch 220/300, Loss: 4.0555, Obj: 0.6113, Eq Viol (l1): 0.000017, Ineq Viol (l1): 0.000001, Epoch time: 3.22s
Epoch 221/300, Loss: 3.1194, Obj: 0.2085, Eq Viol (l1): 0.000021, Ineq Viol (l1): 0.000001, Epoch time: 3.00s

Running validation at epoch 220...

VALIDATION_EPOCH_220 EVALUATION RESULTS:
==================================================
Objective Value:     6.162054e-01
True Objective:      -2.413704e+00
Optimality Gap:      1.597902e+00 ± 3.366723e-01
Eq Violation l1:   2.754642e-05 (max: 3.062298e-03)
Ineq Violation l1: 3.661105e-07 (max: 1.043847e-04)
Solution Distance:   1.051150e+02 ± 1.362223e+00
Merit:             6.164845e-01 ± 3.409418e-02
Avg Inference Time:  0.0903s
==================================================
Epoch 222/300, Loss: 2.2707, Obj: 0.1031, Eq Viol (l1): 0.000036, Ineq Viol (l1): 0.000000, Epoch time: 2.87s
Epoch 223/300, Loss: 1.6283, Obj: -0.2493, Eq Viol (l1): 0.000028, Ineq Viol (l1): 0.000000, Epoch time: 2.93s
Epoch 224/300, Loss: 1.5508, Obj: -0.1349, Eq Viol (l1): 0.000026, Ineq Viol (l1): 0.000000, Epoch time: 2.94s
Epoch 225/300, Loss: 1.1646, Obj: -0.4164, Eq Viol (l1): 0.000035, Ineq Viol (l1): 0.000001, Epoch time: 2.89s
Epoch 226/300, Loss: 0.9585, Obj: -0.4364, Eq Viol (l1): 0.000027, Ineq Viol (l1): 0.000001, Epoch time: 2.96s
Epoch 227/300, Loss: 1.1115, Obj: -0.4551, Eq Viol (l1): 0.000036, Ineq Viol (l1): 0.000001, Epoch time: 2.94s
Epoch 228/300, Loss: 1.1130, Obj: -0.5538, Eq Viol (l1): 0.000036, Ineq Viol (l1): 0.000001, Epoch time: 2.94s
Epoch 229/300, Loss: 1.2745, Obj: -0.3140, Eq Viol (l1): 0.000032, Ineq Viol (l1): 0.000001, Epoch time: 2.96s
Epoch 230/300, Loss: 1.1100, Obj: -0.3944, Eq Viol (l1): 0.000029, Ineq Viol (l1): 0.000001, Epoch time: 2.95s
Epoch 231/300, Loss: 1.3372, Obj: -0.5601, Eq Viol (l1): 0.000027, Ineq Viol (l1): 0.000001, Epoch time: 3.03s

Running validation at epoch 230...

VALIDATION_EPOCH_230 EVALUATION RESULTS:
==================================================
Objective Value:     -4.805075e-01
True Objective:      -2.413704e+00
Optimality Gap:      -2.717158e-01 ± 9.413366e-01
Eq Violation l1:   2.625277e-05 (max: 2.135612e-03)
Ineq Violation l1: 4.059437e-07 (max: 6.159334e-05)
Solution Distance:   1.004487e+02 ± 1.114964e+00
Merit:             -4.802409e-01 ± 1.446747e-02
Avg Inference Time:  0.0983s
==================================================
Epoch 232/300, Loss: 2.2922, Obj: -0.3265, Eq Viol (l1): 0.000026, Ineq Viol (l1): 0.000001, Epoch time: 3.09s
Epoch 233/300, Loss: 3.1831, Obj: -0.2781, Eq Viol (l1): 0.012783, Ineq Viol (l1): 0.003479, Epoch time: 3.13s
Epoch 234/300, Loss: 3.9264, Obj: 0.2111, Eq Viol (l1): 0.013038, Ineq Viol (l1): 0.003160, Epoch time: 3.18s
Epoch 235/300, Loss: 2.7329, Obj: 0.5228, Eq Viol (l1): 0.000026, Ineq Viol (l1): 0.000000, Epoch time: 3.05s
Epoch 236/300, Loss: 2.8116, Obj: -0.1931, Eq Viol (l1): 0.000026, Ineq Viol (l1): 0.000000, Epoch time: 3.04s
Epoch 237/300, Loss: 2.0071, Obj: -0.2882, Eq Viol (l1): 0.000031, Ineq Viol (l1): 0.000000, Epoch time: 2.98s
Epoch 238/300, Loss: 2.0161, Obj: -0.2503, Eq Viol (l1): 0.000024, Ineq Viol (l1): 0.000001, Epoch time: 3.08s
Epoch 239/300, Loss: 2.5219, Obj: -0.1317, Eq Viol (l1): 0.000027, Ineq Viol (l1): 0.000001, Epoch time: 3.10s
Epoch 240/300, Loss: 2.9318, Obj: -0.0992, Eq Viol (l1): 0.000100, Ineq Viol (l1): 0.000022, Epoch time: 3.16s
Epoch 241/300, Loss: 2.4873, Obj: -0.0997, Eq Viol (l1): 0.000075, Ineq Viol (l1): 0.000010, Epoch time: 3.12s

Running validation at epoch 240...

VALIDATION_EPOCH_240 EVALUATION RESULTS:
==================================================
Objective Value:     5.506914e-02
True Objective:      -2.413704e+00
Optimality Gap:      5.614130e-01 ± 7.132308e-01
Eq Violation l1:   2.043159e-05 (max: 2.838157e-03)
Ineq Violation l1: 6.361562e-07 (max: 1.608872e-04)
Solution Distance:   1.008325e+02 ± 1.140418e+00
Merit:             5.527982e-02 ± 2.111297e-02
Avg Inference Time:  0.0986s
==================================================
Epoch 242/300, Loss: 1.8339, Obj: -0.2749, Eq Viol (l1): 0.000026, Ineq Viol (l1): 0.000001, Epoch time: 3.07s
Epoch 243/300, Loss: 2.0364, Obj: -0.0138, Eq Viol (l1): 0.000025, Ineq Viol (l1): 0.000001, Epoch time: 3.06s
Epoch 244/300, Loss: 3.9302, Obj: -0.2135, Eq Viol (l1): 0.000025, Ineq Viol (l1): 0.000001, Epoch time: 3.19s
Epoch 245/300, Loss: 5.7963, Obj: 0.1902, Eq Viol (l1): 0.000055, Ineq Viol (l1): 0.000006, Epoch time: 3.16s
Epoch 246/300, Loss: 4.2533, Obj: -0.2110, Eq Viol (l1): 0.000046, Ineq Viol (l1): 0.000005, Epoch time: 3.20s
Epoch 247/300, Loss: 6.4388, Obj: 0.0586, Eq Viol (l1): 0.000036, Ineq Viol (l1): 0.000005, Epoch time: 3.24s
Epoch 248/300, Loss: 5.1788, Obj: 0.5377, Eq Viol (l1): 0.000025, Ineq Viol (l1): 0.000001, Epoch time: 3.16s
Epoch 249/300, Loss: 3.1872, Obj: 0.2897, Eq Viol (l1): 0.000020, Ineq Viol (l1): 0.000000, Epoch time: 3.12s
Epoch 250/300, Loss: 3.1207, Obj: -0.1499, Eq Viol (l1): 0.000023, Ineq Viol (l1): 0.000001, Epoch time: 3.21s
Epoch 251/300, Loss: 4.4269, Obj: 0.0295, Eq Viol (l1): 0.000024, Ineq Viol (l1): 0.000000, Epoch time: 3.14s

Running validation at epoch 250...

VALIDATION_EPOCH_250 EVALUATION RESULTS:
==================================================
Objective Value:     7.570374e-01
True Objective:      -2.413704e+00
Optimality Gap:      1.889545e+00 ± 1.158988e-01
Eq Violation l1:   1.029040e-05 (max: 2.997024e-03)
Ineq Violation l1: 3.805257e-08 (max: 1.247191e-05)
Solution Distance:   1.045181e+02 ± 1.291829e+00
Merit:             7.571407e-01 ± 2.443105e-02
Avg Inference Time:  0.1172s
==================================================
Epoch 252/300, Loss: 4.0838, Obj: 0.5893, Eq Viol (l1): 0.000021, Ineq Viol (l1): 0.000000, Epoch time: 3.12s
Epoch 253/300, Loss: 2.7506, Obj: -0.0989, Eq Viol (l1): 0.000822, Ineq Viol (l1): 0.000177, Epoch time: 3.05s
Epoch 254/300, Loss: 11.2052, Obj: 0.2107, Eq Viol (l1): 0.027042, Ineq Viol (l1): 0.007382, Epoch time: 3.20s
Epoch 255/300, Loss: 234.8868, Obj: 6.9615, Eq Viol (l1): 1.534971, Ineq Viol (l1): 0.954113, Epoch time: 3.77s
Epoch 256/300, Loss: 19.4864, Obj: 0.1857, Eq Viol (l1): 0.214017, Ineq Viol (l1): 0.072397, Epoch time: 3.47s
Epoch 257/300, Loss: 39.6527, Obj: 1.9125, Eq Viol (l1): 0.966120, Ineq Viol (l1): 0.320908, Epoch time: 3.69s
Epoch 258/300, Loss: 7811.9619, Obj: 12.1723, Eq Viol (l1): 6.971104, Ineq Viol (l1): 2.501334, Epoch time: 3.89s
Epoch 259/300, Loss: 21101.1560, Obj: 28.4805, Eq Viol (l1): 17.461494, Ineq Viol (l1): 7.491738, Epoch time: 4.13s
Epoch 260/300, Loss: 29856.2067, Obj: 34.2959, Eq Viol (l1): 19.880109, Ineq Viol (l1): 8.070779, Epoch time: 4.18s
Epoch 261/300, Loss: 31991.1783, Obj: 101.6919, Eq Viol (l1): 33.883599, Ineq Viol (l1): 19.853813, Epoch time: 4.28s

Running validation at epoch 260...

VALIDATION_EPOCH_260 EVALUATION RESULTS:
==================================================
Objective Value:     4.424644e+01
True Objective:      -2.413704e+00
Optimality Gap:      4.004593e+01 ± 2.347703e+00
Eq Violation l1:   2.989788e+01 (max: 1.032121e+03)
Ineq Violation l1: 1.465323e+01 (max: 1.236646e+03)
Solution Distance:   5.608797e+02 ± 1.601734e+02
Merit:             4.897575e+02 ± 2.998394e+02
Avg Inference Time:  0.1855s
==================================================
Epoch 262/300, Loss: 33289.9607, Obj: 72.0827, Eq Viol (l1): 30.215949, Ineq Viol (l1): 17.295708, Epoch time: 4.25s
Epoch 263/300, Loss: 39339.3036, Obj: 44.6228, Eq Viol (l1): 21.029417, Ineq Viol (l1): 8.632756, Epoch time: 4.31s
Epoch 264/300, Loss: 42564.5189, Obj: 75.9908, Eq Viol (l1): 29.098160, Ineq Viol (l1): 15.988528, Epoch time: 4.36s
Epoch 265/300, Loss: 114818.8828, Obj: 1679.5369, Eq Viol (l1): 93.666399, Ineq Viol (l1): 87.847629, Epoch time: 4.32s
Epoch 266/300, Loss: 55519.2367, Obj: 271.7122, Eq Viol (l1): 49.752583, Ineq Viol (l1): 36.616243, Epoch time: 4.31s
Epoch 267/300, Loss: 47180.0601, Obj: 96.0972, Eq Viol (l1): 24.553691, Ineq Viol (l1): 13.012415, Epoch time: 4.24s
Epoch 268/300, Loss: 47371.2112, Obj: 180.7287, Eq Viol (l1): 20.992655, Ineq Viol (l1): 11.727749, Epoch time: 4.16s
Epoch 269/300, Loss: 40169.7763, Obj: 55.3844, Eq Viol (l1): 24.943901, Ineq Viol (l1): 12.773667, Epoch time: 4.33s
Epoch 270/300, Loss: 38991.4191, Obj: 52.3132, Eq Viol (l1): 19.067261, Ineq Viol (l1): 7.695399, Epoch time: 4.17s
Epoch 271/300, Loss: 37896.7147, Obj: 41.3793, Eq Viol (l1): 18.078651, Ineq Viol (l1): 6.919120, Epoch time: 4.23s

Running validation at epoch 270...

VALIDATION_EPOCH_270 EVALUATION RESULTS:
==================================================
Objective Value:     3.725345e+01
True Objective:      -2.413704e+00
Optimality Gap:      4.311984e+01 ± 1.255910e+01
Eq Violation l1:   2.064596e+01 (max: 6.883451e+02)
Ineq Violation l1: 9.015504e+00 (max: 2.744234e+02)
Solution Distance:   5.022909e+02 ± 1.481571e+01
Merit:             3.338681e+02 ± 5.014993e+01
Avg Inference Time:  0.1941s
==================================================
Epoch 272/300, Loss: 42716.1430, Obj: 64.8314, Eq Viol (l1): 25.627263, Ineq Viol (l1): 12.663366, Epoch time: 4.33s
Epoch 273/300, Loss: 45904.7633, Obj: 65.6945, Eq Viol (l1): 33.053345, Ineq Viol (l1): 17.714870, Epoch time: 4.42s
Epoch 274/300, Loss: 45460.3144, Obj: 50.1190, Eq Viol (l1): 26.468916, Ineq Viol (l1): 12.613806, Epoch time: 4.32s
Epoch 275/300, Loss: 48024.9262, Obj: 64.2278, Eq Viol (l1): 17.226170, Ineq Viol (l1): 8.478064, Epoch time: 4.16s
Epoch 276/300, Loss: 46341.3292, Obj: 39.9362, Eq Viol (l1): 19.409270, Ineq Viol (l1): 6.746541, Epoch time: 4.23s
Epoch 277/300, Loss: 5033885.9800, Obj: 62181.4730, Eq Viol (l1): 168.698217, Ineq Viol (l1): 225.069476, Epoch time: 4.40s
Epoch 278/300, Loss: 689281.8172, Obj: 18895.1754, Eq Viol (l1): 124.648695, Ineq Viol (l1): 123.246946, Epoch time: 4.31s
Epoch 279/300, Loss: 39693.2417, Obj: 101.0932, Eq Viol (l1): 27.568314, Ineq Viol (l1): 14.743405, Epoch time: 4.31s
Epoch 280/300, Loss: 44684.6544, Obj: 287.3608, Eq Viol (l1): 35.068497, Ineq Viol (l1): 25.824390, Epoch time: 4.31s
Epoch 281/300, Loss: 31901.6871, Obj: 34.9360, Eq Viol (l1): 13.938363, Ineq Viol (l1): 5.344631, Epoch time: 4.04s

Running validation at epoch 280...

VALIDATION_EPOCH_280 EVALUATION RESULTS:
==================================================
Objective Value:     3.174351e+01
True Objective:      -2.413704e+00
Optimality Gap:      3.318161e+01 ± 1.466916e+01
Eq Violation l1:   1.503893e+01 (max: 5.853256e+02)
Ineq Violation l1: 7.768133e+00 (max: 5.328556e+02)
Solution Distance:   4.336818e+02 ± 5.979105e+01
Merit:             2.598142e+02 ± 1.082704e+02
Avg Inference Time:  0.1789s
==================================================
Epoch 282/300, Loss: 31396.3547, Obj: 30.0983, Eq Viol (l1): 11.303247, Ineq Viol (l1): 4.097193, Epoch time: 4.03s
Epoch 283/300, Loss: 33037.8032, Obj: 33.0460, Eq Viol (l1): 11.594959, Ineq Viol (l1): 4.820970, Epoch time: 4.04s
Epoch 284/300, Loss: 33068.5014, Obj: 95.4464, Eq Viol (l1): 14.900857, Ineq Viol (l1): 10.875585, Epoch time: 4.04s
Epoch 285/300, Loss: 30145.1543, Obj: 24.4036, Eq Viol (l1): 9.882417, Ineq Viol (l1): 3.259158, Epoch time: 3.97s
Epoch 286/300, Loss: 25139.4502, Obj: 20.6084, Eq Viol (l1): 8.302601, Ineq Viol (l1): 2.716032, Epoch time: 3.96s
Epoch 287/300, Loss: 20955.3812, Obj: 17.8475, Eq Viol (l1): 6.964673, Ineq Viol (l1): 2.477443, Epoch time: 3.90s
Epoch 288/300, Loss: 13504.0294, Obj: 16.0242, Eq Viol (l1): 5.870100, Ineq Viol (l1): 1.942804, Epoch time: 3.85s
Epoch 289/300, Loss: 15608.8983, Obj: 16.6052, Eq Viol (l1): 6.848361, Ineq Viol (l1): 2.445140, Epoch time: 3.96s
Epoch 290/300, Loss: 5742.7612, Obj: 14.7122, Eq Viol (l1): 5.970690, Ineq Viol (l1): 1.962381, Epoch time: 3.91s
Epoch 291/300, Loss: 356.2866, Obj: 13.1906, Eq Viol (l1): 4.697257, Ineq Viol (l1): 1.823211, Epoch time: 3.82s

Running validation at epoch 290...

VALIDATION_EPOCH_290 EVALUATION RESULTS:
==================================================
Objective Value:     1.223405e+01
True Objective:      -2.413704e+00
Optimality Gap:      2.029504e+01 ± 5.146484e+00
Eq Violation l1:   5.137450e+00 (max: 1.629566e+02)
Ineq Violation l1: 1.832529e+00 (max: 9.754770e+01)
Solution Distance:   2.246777e+02 ± 9.970581e+00
Merit:             8.193384e+01 ± 6.622404e-01
Avg Inference Time:  0.1632s
==================================================
Epoch 292/300, Loss: 15648.2396, Obj: 280.2888, Eq Viol (l1): 15.929128, Ineq Viol (l1): 10.952240, Epoch time: 3.84s
Epoch 293/300, Loss: 40150.9055, Obj: 517.3287, Eq Viol (l1): 16.497598, Ineq Viol (l1): 19.838876, Epoch time: 3.83s
Epoch 294/300, Loss: 3072.2722, Obj: 7.1525, Eq Viol (l1): 1.855767, Ineq Viol (l1): 0.594773, Epoch time: 3.66s
Epoch 295/300, Loss: 115.0567, Obj: 4.9523, Eq Viol (l1): 1.405733, Ineq Viol (l1): 0.427526, Epoch time: 3.64s
Epoch 296/300, Loss: 3067.0119, Obj: 4.3929, Eq Viol (l1): 1.169387, Ineq Viol (l1): 0.366465, Epoch time: 3.58s
Epoch 297/300, Loss: 62.2864, Obj: 2.0352, Eq Viol (l1): 0.370630, Ineq Viol (l1): 0.127545, Epoch time: 3.59s
Epoch 298/300, Loss: 4088.6272, Obj: 3.8550, Eq Viol (l1): 0.986061, Ineq Viol (l1): 0.312240, Epoch time: 3.53s
Epoch 299/300, Loss: 14936.3815, Obj: 10.0275, Eq Viol (l1): 4.485017, Ineq Viol (l1): 1.543326, Epoch time: 3.90s
Epoch 300/300, Loss: 99.9807, Obj: 2.6823, Eq Viol (l1): 0.435545, Ineq Viol (l1): 0.130669, Epoch time: 3.50s

Training completed in 922.88 seconds.

============================================================
COMPREHENSIVE TEST EVALUATION WITH DETAILED RESULTS
============================================================
Testing with batch sizes: [256, 512]

Evaluating with batch size: 256 (with detailed results)

TEST_BS256 EVALUATION RESULTS:
==================================================
Objective Value:     1.905662e+00
True Objective:      -2.409220e+00
Optimality Gap:      5.422862e+00 ± 2.948370e+00
Eq Violation l1:   2.611958e-02 (max: 5.221984e+00)
Ineq Violation l1: 5.322841e-03 (max: 1.133480e+00)
Solution Distance:   1.146534e+02 ± 2.775789e+00
Merit:             2.220087e+00 ± 4.519486e-01
Avg Inference Time:  0.1087s
==================================================

Evaluating with batch size: 512 (with detailed results)

TEST_BS512 EVALUATION RESULTS:
==================================================
Objective Value:     1.906503e+00
True Objective:      -2.408634e+00
Optimality Gap:      5.284491e+00 ± 1.261051e+00
Eq Violation l1:   2.625449e-02 (max: 9.129303e+00)
Ineq Violation l1: 5.569673e-03 (max: 1.982601e+00)
Solution Distance:   1.146455e+02 ± 2.361117e+00
Merit:             2.224745e+00 ± 3.560759e-01
Avg Inference Time:  0.1176s
==================================================

TEST BATCH SIZE COMPARISON:
================================================================================
Batch Size   Objective    Opt Gap      Eq Viol      Ineq Viol    Time (s)  
--------------------------------------------------------------------------------
256          1.9057e+00   5.4229e+00   2.6120e-02   5.3228e-03   0.87      
512          1.9065e+00   5.2845e+00   2.6254e-02   5.5697e-03   0.47      
================================================================================

Saving model and results to: results/nonsmooth_nonconvex/socp/SOCPProblem-100-50-50-10000/20260108-035427_MLP_FSNet_seed2_nepochs300_lr0.0002_trainsize7000_finetune_20260108-031722_model_340
✓ Model saved: results/nonsmooth_nonconvex/socp/SOCPProblem-100-50-50-10000/20260108-035427_MLP_FSNet_seed2_nepochs300_lr0.0002_trainsize7000_finetune_20260108-031722_model_340/model.pt
✓ Detailed results saved: results/nonsmooth_nonconvex/socp/SOCPProblem-100-50-50-10000/20260108-035427_MLP_FSNet_seed2_nepochs300_lr0.0002_trainsize7000_finetune_20260108-031722_model_340/results.pkl

Files saved (or attempted):
  - model.pt (model weights and architecture)
  - results.pkl (training history, metrics, detailed test results)
Training and testing completed in 926.06 seconds
Done!!!
============================================================
==========         =====================         ===========
==========   2      =====================         ===========
==========         =====================         ===========
============================================================

======= Running for problem: nonsmooth_nonconvex/socp =======

Loading problem instance: nonsmooth_nonconvex/socp with size [100, 50, 50, 10000]
Loading  dataset from: datasets/nonsmooth_nonconvex/socp/random2025_socp_dataset_var100_ineq50_eq50_ex10000 

Running on:  cuda
Training model using FSNet method with seed 3 for 300 epochs
Using batch size: 512
Loading model from checkpoint: results/nonsmooth_nonconvex/socp/SOCPProblem-100-50-50-10000/20260108-031722_MLP_sup_seed1_nepochs500_lr0.0005_trainsize100_subopt_2_1.0/model_340.pt

lr: 0.0002, weight_decay: 0.001, num_epochs: 300

Epoch 1/300, Loss: 46.9462, Obj: 25.7900, Eq Viol (l1): 0.000036, Ineq Viol (l1): 0.000000, Epoch time: 7.95s

Running validation at epoch 0...

VALIDATION_EPOCH_0 EVALUATION RESULTS:
==================================================
Objective Value:     2.556539e+01
True Objective:      -2.413704e+00
Optimality Gap:      4.558246e+01 ± 1.463745e+01
Eq Violation l1:   3.325425e-05 (max: 3.045823e-03)
Ineq Violation l1: 4.384585e-07 (max: 4.057807e-05)
Solution Distance:   1.853080e+02 ± 5.345944e-01
Merit:             2.556573e+01 ± 2.945257e-02
Avg Inference Time:  0.6447s
==================================================
Epoch 2/300, Loss: 43.6049, Obj: 25.8455, Eq Viol (l1): 0.000039, Ineq Viol (l1): 0.000000, Epoch time: 2.97s
Epoch 3/300, Loss: 37.4635, Obj: 26.1243, Eq Viol (l1): 0.000038, Ineq Viol (l1): 0.000000, Epoch time: 2.87s
Epoch 4/300, Loss: 32.2542, Obj: 26.0398, Eq Viol (l1): 0.000037, Ineq Viol (l1): 0.000000, Epoch time: 2.82s
Epoch 5/300, Loss: 28.1170, Obj: 24.1243, Eq Viol (l1): 0.000043, Ineq Viol (l1): 0.000000, Epoch time: 2.75s
Epoch 6/300, Loss: 23.9754, Obj: 20.8431, Eq Viol (l1): 0.000069, Ineq Viol (l1): 0.000000, Epoch time: 2.65s
Epoch 7/300, Loss: 19.8212, Obj: 17.3074, Eq Viol (l1): 0.000076, Ineq Viol (l1): 0.000000, Epoch time: 2.63s
Epoch 8/300, Loss: 16.3320, Obj: 14.3377, Eq Viol (l1): 0.000082, Ineq Viol (l1): 0.000000, Epoch time: 2.61s
Epoch 9/300, Loss: 13.7760, Obj: 12.1105, Eq Viol (l1): 0.000095, Ineq Viol (l1): 0.000000, Epoch time: 2.59s
Epoch 10/300, Loss: 9.3624, Obj: 7.7131, Eq Viol (l1): 0.000082, Ineq Viol (l1): 0.000000, Epoch time: 2.58s
Epoch 11/300, Loss: 5.7123, Obj: 4.1293, Eq Viol (l1): 0.000084, Ineq Viol (l1): 0.000000, Epoch time: 2.57s

Running validation at epoch 10...

VALIDATION_EPOCH_10 EVALUATION RESULTS:
==================================================
Objective Value:     2.749175e+00
True Objective:      -2.413704e+00
Optimality Gap:      5.670435e+00 ± 1.519521e+00
Eq Violation l1:   1.109990e-04 (max: 1.367564e-03)
Ineq Violation l1: 3.491283e-07 (max: 2.945812e-05)
Solution Distance:   1.004920e+02 ± 1.339346e+00
Merit:             2.750289e+00 ± 5.648238e-03
Avg Inference Time:  0.0662s
==================================================
Epoch 12/300, Loss: 3.2245, Obj: 1.8610, Eq Viol (l1): 0.000089, Ineq Viol (l1): 0.000000, Epoch time: 2.56s
Epoch 13/300, Loss: 2.0332, Obj: 0.8385, Eq Viol (l1): 0.000094, Ineq Viol (l1): 0.000000, Epoch time: 2.47s
Epoch 14/300, Loss: 1.5677, Obj: 0.5564, Eq Viol (l1): 0.000101, Ineq Viol (l1): 0.000000, Epoch time: 2.42s
Epoch 15/300, Loss: 1.2607, Obj: 0.3906, Eq Viol (l1): 0.000096, Ineq Viol (l1): 0.000000, Epoch time: 2.40s
Epoch 16/300, Loss: 1.0461, Obj: 0.2536, Eq Viol (l1): 0.000095, Ineq Viol (l1): 0.000000, Epoch time: 2.41s
Epoch 17/300, Loss: 0.9450, Obj: 0.1943, Eq Viol (l1): 0.000097, Ineq Viol (l1): 0.000000, Epoch time: 2.40s
Epoch 18/300, Loss: 0.8267, Obj: 0.1336, Eq Viol (l1): 0.000108, Ineq Viol (l1): 0.000000, Epoch time: 2.36s
Epoch 19/300, Loss: 0.7425, Obj: 0.0842, Eq Viol (l1): 0.000105, Ineq Viol (l1): 0.000000, Epoch time: 2.35s
Epoch 20/300, Loss: 0.6863, Obj: 0.0466, Eq Viol (l1): 0.000098, Ineq Viol (l1): 0.000000, Epoch time: 2.38s
Epoch 21/300, Loss: 0.6365, Obj: 0.0162, Eq Viol (l1): 0.000117, Ineq Viol (l1): 0.000000, Epoch time: 2.32s

Running validation at epoch 20...

VALIDATION_EPOCH_20 EVALUATION RESULTS:
==================================================
Objective Value:     -1.773823e-01
True Objective:      -2.413704e+00
Optimality Gap:      4.154571e-01 ± 2.540004e-01
Eq Violation l1:   9.631733e-05 (max: 7.120896e-04)
Ineq Violation l1: 2.823832e-07 (max: 2.772471e-05)
Solution Distance:   9.322530e+01 ± 1.552638e+00
Merit:             -1.764163e-01 ± 1.014038e-02
Avg Inference Time:  0.0640s
==================================================
Epoch 22/300, Loss: 0.6164, Obj: 0.0035, Eq Viol (l1): 0.000105, Ineq Viol (l1): 0.000000, Epoch time: 2.34s
Epoch 23/300, Loss: 0.6123, Obj: -0.0204, Eq Viol (l1): 0.000113, Ineq Viol (l1): 0.000000, Epoch time: 2.33s
Epoch 24/300, Loss: 0.5791, Obj: -0.0306, Eq Viol (l1): 0.000103, Ineq Viol (l1): 0.000000, Epoch time: 2.35s
Epoch 25/300, Loss: 0.5055, Obj: -0.0629, Eq Viol (l1): 0.000111, Ineq Viol (l1): 0.000000, Epoch time: 2.33s
Epoch 26/300, Loss: 0.4657, Obj: -0.0895, Eq Viol (l1): 0.000110, Ineq Viol (l1): 0.000000, Epoch time: 2.33s
Epoch 27/300, Loss: 0.4329, Obj: -0.1095, Eq Viol (l1): 0.000105, Ineq Viol (l1): 0.000000, Epoch time: 2.34s
Epoch 28/300, Loss: 0.4702, Obj: -0.1017, Eq Viol (l1): 0.000103, Ineq Viol (l1): 0.000000, Epoch time: 2.35s
Epoch 29/300, Loss: 0.4307, Obj: -0.1198, Eq Viol (l1): 0.000106, Ineq Viol (l1): 0.000000, Epoch time: 2.34s
Epoch 30/300, Loss: 0.4128, Obj: -0.1266, Eq Viol (l1): 0.000113, Ineq Viol (l1): 0.000000, Epoch time: 2.33s
Epoch 31/300, Loss: 0.3380, Obj: -0.1717, Eq Viol (l1): 0.000113, Ineq Viol (l1): 0.000000, Epoch time: 2.32s

Running validation at epoch 30...

VALIDATION_EPOCH_30 EVALUATION RESULTS:
==================================================
Objective Value:     -3.126301e-01
True Objective:      -2.413704e+00
Optimality Gap:      1.504889e-01 ± 3.789521e-01
Eq Violation l1:   1.378915e-04 (max: 8.174066e-04)
Ineq Violation l1: 3.289424e-07 (max: 1.750873e-05)
Solution Distance:   9.247036e+01 ± 1.533559e+00
Merit:             -3.112479e-01 ± 7.661909e-03
Avg Inference Time:  0.0611s
==================================================
Epoch 32/300, Loss: 0.3322, Obj: -0.1642, Eq Viol (l1): 0.000111, Ineq Viol (l1): 0.000000, Epoch time: 2.33s
Epoch 33/300, Loss: 0.3276, Obj: -0.1742, Eq Viol (l1): 0.000104, Ineq Viol (l1): 0.000000, Epoch time: 2.34s
Epoch 34/300, Loss: 0.3104, Obj: -0.1816, Eq Viol (l1): 0.000105, Ineq Viol (l1): 0.000000, Epoch time: 2.45s
Epoch 35/300, Loss: 0.3246, Obj: -0.1900, Eq Viol (l1): 0.000108, Ineq Viol (l1): 0.000000, Epoch time: 2.35s
Epoch 36/300, Loss: 0.3137, Obj: -0.1735, Eq Viol (l1): 0.000103, Ineq Viol (l1): 0.000000, Epoch time: 2.35s
Epoch 37/300, Loss: 0.2613, Obj: -0.2141, Eq Viol (l1): 0.000104, Ineq Viol (l1): 0.000000, Epoch time: 2.36s
Epoch 38/300, Loss: 0.2974, Obj: -0.1987, Eq Viol (l1): 0.000109, Ineq Viol (l1): 0.000000, Epoch time: 2.34s
Epoch 39/300, Loss: 0.2821, Obj: -0.2104, Eq Viol (l1): 0.000100, Ineq Viol (l1): 0.000000, Epoch time: 2.36s
Epoch 40/300, Loss: 0.2504, Obj: -0.2232, Eq Viol (l1): 0.000097, Ineq Viol (l1): 0.000000, Epoch time: 2.38s
Epoch 41/300, Loss: 0.2256, Obj: -0.2280, Eq Viol (l1): 0.000102, Ineq Viol (l1): 0.000000, Epoch time: 2.36s

Running validation at epoch 40...

VALIDATION_EPOCH_40 EVALUATION RESULTS:
==================================================
Objective Value:     -3.690855e-01
True Objective:      -2.413704e+00
Optimality Gap:      4.830435e-02 ± 4.219133e-01
Eq Violation l1:   8.811901e-05 (max: 8.594626e-04)
Ineq Violation l1: 2.585693e-07 (max: 2.196490e-05)
Solution Distance:   9.213396e+01 ± 1.512229e+00
Merit:             -3.682017e-01 ± 7.827508e-03
Avg Inference Time:  0.0635s
==================================================
Epoch 42/300, Loss: 0.2300, Obj: -0.2268, Eq Viol (l1): 0.000098, Ineq Viol (l1): 0.000000, Epoch time: 2.37s
Epoch 43/300, Loss: 0.2244, Obj: -0.2429, Eq Viol (l1): 0.000096, Ineq Viol (l1): 0.000000, Epoch time: 2.39s
Epoch 44/300, Loss: 0.2350, Obj: -0.2275, Eq Viol (l1): 0.000095, Ineq Viol (l1): 0.000000, Epoch time: 2.39s
Epoch 45/300, Loss: 0.1643, Obj: -0.2627, Eq Viol (l1): 0.000097, Ineq Viol (l1): 0.000000, Epoch time: 2.38s
Epoch 46/300, Loss: 0.2127, Obj: -0.2476, Eq Viol (l1): 0.000099, Ineq Viol (l1): 0.000000, Epoch time: 2.40s
Epoch 47/300, Loss: 0.2190, Obj: -0.2289, Eq Viol (l1): 0.000090, Ineq Viol (l1): 0.000000, Epoch time: 2.40s
Epoch 48/300, Loss: 0.3505, Obj: -0.1735, Eq Viol (l1): 0.000102, Ineq Viol (l1): 0.000000, Epoch time: 2.40s
Epoch 49/300, Loss: 0.2152, Obj: -0.2435, Eq Viol (l1): 0.000101, Ineq Viol (l1): 0.000000, Epoch time: 2.39s
Epoch 50/300, Loss: 0.1250, Obj: -0.2780, Eq Viol (l1): 0.000090, Ineq Viol (l1): 0.000000, Epoch time: 2.41s
Epoch 51/300, Loss: 0.1509, Obj: -0.2754, Eq Viol (l1): 0.000098, Ineq Viol (l1): 0.000000, Epoch time: 2.41s

Running validation at epoch 50...

VALIDATION_EPOCH_50 EVALUATION RESULTS:
==================================================
Objective Value:     -3.900986e-01
True Objective:      -2.413704e+00
Optimality Gap:      1.568746e-02 ± 4.575866e-01
Eq Violation l1:   1.039666e-04 (max: 1.028326e-03)
Ineq Violation l1: 3.744046e-07 (max: 1.840632e-05)
Solution Distance:   9.213911e+01 ± 1.505118e+00
Merit:             -3.890552e-01 ± 4.389630e-03
Avg Inference Time:  0.0634s
==================================================
Epoch 52/300, Loss: 0.1123, Obj: -0.2960, Eq Viol (l1): 0.000098, Ineq Viol (l1): 0.000000, Epoch time: 2.41s
Epoch 53/300, Loss: 0.1412, Obj: -0.2843, Eq Viol (l1): 0.000095, Ineq Viol (l1): 0.000000, Epoch time: 2.42s
Epoch 54/300, Loss: 0.1812, Obj: -0.2638, Eq Viol (l1): 0.000095, Ineq Viol (l1): 0.000000, Epoch time: 2.43s
Epoch 55/300, Loss: 0.1348, Obj: -0.3006, Eq Viol (l1): 0.000102, Ineq Viol (l1): 0.000001, Epoch time: 2.45s
Epoch 56/300, Loss: 0.1302, Obj: -0.2889, Eq Viol (l1): 0.000091, Ineq Viol (l1): 0.000000, Epoch time: 2.44s
Epoch 57/300, Loss: 0.1281, Obj: -0.2897, Eq Viol (l1): 0.000089, Ineq Viol (l1): 0.000000, Epoch time: 2.47s
Epoch 58/300, Loss: 0.1268, Obj: -0.2918, Eq Viol (l1): 0.000091, Ineq Viol (l1): 0.000000, Epoch time: 2.45s
Epoch 59/300, Loss: 0.1273, Obj: -0.3101, Eq Viol (l1): 0.000095, Ineq Viol (l1): 0.000000, Epoch time: 2.47s
Epoch 60/300, Loss: 0.1386, Obj: -0.3109, Eq Viol (l1): 0.000094, Ineq Viol (l1): 0.000001, Epoch time: 2.47s
Epoch 61/300, Loss: 0.1742, Obj: -0.2874, Eq Viol (l1): 0.000091, Ineq Viol (l1): 0.000001, Epoch time: 2.47s

Running validation at epoch 60...

VALIDATION_EPOCH_60 EVALUATION RESULTS:
==================================================
Objective Value:     -4.131215e-01
True Objective:      -2.413704e+00
Optimality Gap:      -8.625530e-04 ± 4.702925e-01
Eq Violation l1:   5.959429e-05 (max: 9.547919e-04)
Ineq Violation l1: 4.054099e-07 (max: 2.921880e-05)
Solution Distance:   9.260683e+01 ± 1.513106e+00
Merit:             -4.125215e-01 ± 1.316817e-03
Avg Inference Time:  0.0660s
==================================================
Epoch 62/300, Loss: 0.0915, Obj: -0.3314, Eq Viol (l1): 0.000090, Ineq Viol (l1): 0.000001, Epoch time: 2.48s
Epoch 63/300, Loss: 0.1171, Obj: -0.3200, Eq Viol (l1): 0.000092, Ineq Viol (l1): 0.000000, Epoch time: 2.49s
Epoch 64/300, Loss: 0.1249, Obj: -0.3233, Eq Viol (l1): 0.000088, Ineq Viol (l1): 0.000000, Epoch time: 2.50s
Epoch 65/300, Loss: 0.0739, Obj: -0.3606, Eq Viol (l1): 0.000087, Ineq Viol (l1): 0.000001, Epoch time: 2.52s
Epoch 66/300, Loss: 0.0976, Obj: -0.3658, Eq Viol (l1): 0.000084, Ineq Viol (l1): 0.000000, Epoch time: 2.55s
Epoch 67/300, Loss: 0.0720, Obj: -0.4014, Eq Viol (l1): 0.000086, Ineq Viol (l1): 0.000001, Epoch time: 2.68s
Epoch 68/300, Loss: 0.0681, Obj: -0.4170, Eq Viol (l1): 0.000090, Ineq Viol (l1): 0.000001, Epoch time: 2.57s
Epoch 69/300, Loss: 0.0699, Obj: -0.4267, Eq Viol (l1): 0.000087, Ineq Viol (l1): 0.000001, Epoch time: 2.57s
Epoch 70/300, Loss: 0.1370, Obj: -0.4217, Eq Viol (l1): 0.000078, Ineq Viol (l1): 0.000001, Epoch time: 2.60s
Epoch 71/300, Loss: 0.0001, Obj: -0.4997, Eq Viol (l1): 0.000083, Ineq Viol (l1): 0.000001, Epoch time: 2.61s

Running validation at epoch 70...

VALIDATION_EPOCH_70 EVALUATION RESULTS:
==================================================
Objective Value:     -6.248061e-01
True Objective:      -2.413704e+00
Optimality Gap:      -3.152509e-01 ± 6.522745e-01
Eq Violation l1:   8.045511e-05 (max: 1.222408e-03)
Ineq Violation l1: 6.270172e-07 (max: 2.506500e-05)
Solution Distance:   9.539552e+01 ± 1.467669e+00
Merit:             -6.239953e-01 ± 1.270730e-02
Avg Inference Time:  0.0725s
==================================================
Epoch 72/300, Loss: 0.0482, Obj: -0.5227, Eq Viol (l1): 0.000080, Ineq Viol (l1): 0.000001, Epoch time: 2.62s
Epoch 73/300, Loss: 0.0631, Obj: -0.5449, Eq Viol (l1): 0.000075, Ineq Viol (l1): 0.000001, Epoch time: 2.65s
Epoch 74/300, Loss: 0.0207, Obj: -0.6044, Eq Viol (l1): 0.000070, Ineq Viol (l1): 0.000001, Epoch time: 2.67s
Epoch 75/300, Loss: 0.0356, Obj: -0.6084, Eq Viol (l1): 0.000070, Ineq Viol (l1): 0.000001, Epoch time: 2.67s
Epoch 76/300, Loss: 0.0041, Obj: -0.6526, Eq Viol (l1): 0.000075, Ineq Viol (l1): 0.000001, Epoch time: 2.67s
Epoch 77/300, Loss: 0.0960, Obj: -0.6694, Eq Viol (l1): 0.000062, Ineq Viol (l1): 0.000001, Epoch time: 2.72s
Epoch 78/300, Loss: 0.1899, Obj: -0.5569, Eq Viol (l1): 0.000056, Ineq Viol (l1): 0.000001, Epoch time: 2.73s
Epoch 79/300, Loss: 0.2797, Obj: -0.6725, Eq Viol (l1): 0.000056, Ineq Viol (l1): 0.000001, Epoch time: 2.77s
Epoch 80/300, Loss: 0.2919, Obj: -0.5668, Eq Viol (l1): 0.000057, Ineq Viol (l1): 0.000001, Epoch time: 2.71s
Epoch 81/300, Loss: 0.2620, Obj: -0.6001, Eq Viol (l1): 0.000055, Ineq Viol (l1): 0.000001, Epoch time: 2.72s

Running validation at epoch 80...

VALIDATION_EPOCH_80 EVALUATION RESULTS:
==================================================
Objective Value:     -8.269199e-01
True Objective:      -2.413704e+00
Optimality Gap:      -6.706184e-01 ± 9.183415e-01
Eq Violation l1:   6.518986e-05 (max: 1.605789e-03)
Ineq Violation l1: 6.663595e-07 (max: 3.958430e-05)
Solution Distance:   9.778236e+01 ± 1.389365e+00
Merit:             -8.262613e-01 ± 3.640416e-02
Avg Inference Time:  0.0814s
==================================================
Epoch 82/300, Loss: 0.4625, Obj: -0.6331, Eq Viol (l1): 0.000054, Ineq Viol (l1): 0.000001, Epoch time: 2.78s
Epoch 83/300, Loss: 0.5810, Obj: -0.4685, Eq Viol (l1): 0.000059, Ineq Viol (l1): 0.000001, Epoch time: 2.75s
Epoch 84/300, Loss: 0.2816, Obj: -0.6125, Eq Viol (l1): 0.000059, Ineq Viol (l1): 0.000001, Epoch time: 2.74s
Epoch 85/300, Loss: 0.1709, Obj: -0.6644, Eq Viol (l1): 0.000051, Ineq Viol (l1): 0.000001, Epoch time: 2.77s
Epoch 86/300, Loss: 0.2851, Obj: -0.6106, Eq Viol (l1): 0.000055, Ineq Viol (l1): 0.000001, Epoch time: 2.78s
Epoch 87/300, Loss: 0.7967, Obj: -0.3900, Eq Viol (l1): 0.000053, Ineq Viol (l1): 0.000001, Epoch time: 2.79s
Epoch 88/300, Loss: 0.4009, Obj: -0.5173, Eq Viol (l1): 0.000060, Ineq Viol (l1): 0.000001, Epoch time: 2.74s
Epoch 89/300, Loss: 0.4091, Obj: -0.6305, Eq Viol (l1): 0.000054, Ineq Viol (l1): 0.000001, Epoch time: 2.78s
Epoch 90/300, Loss: 0.4465, Obj: -0.5943, Eq Viol (l1): 0.000049, Ineq Viol (l1): 0.000001, Epoch time: 2.79s
Epoch 91/300, Loss: 0.4385, Obj: -0.6070, Eq Viol (l1): 0.000048, Ineq Viol (l1): 0.000000, Epoch time: 2.79s

Running validation at epoch 90...

VALIDATION_EPOCH_90 EVALUATION RESULTS:
==================================================
Objective Value:     -6.209434e-01
True Objective:      -2.413704e+00
Optimality Gap:      -3.094123e-01 ± 9.046120e-01
Eq Violation l1:   6.166854e-05 (max: 1.834323e-03)
Ineq Violation l1: 7.739378e-07 (max: 1.037188e-04)
Solution Distance:   9.958274e+01 ± 1.369093e+00
Merit:             -6.203190e-01 ± 2.393086e-02
Avg Inference Time:  0.0806s
==================================================
Epoch 92/300, Loss: 0.3160, Obj: -0.6049, Eq Viol (l1): 0.000060, Ineq Viol (l1): 0.000001, Epoch time: 2.75s
Epoch 93/300, Loss: 0.3613, Obj: -0.6125, Eq Viol (l1): 0.000053, Ineq Viol (l1): 0.000001, Epoch time: 2.76s
Epoch 94/300, Loss: 0.8886, Obj: -0.4024, Eq Viol (l1): 0.000038, Ineq Viol (l1): 0.000001, Epoch time: 2.90s
Epoch 95/300, Loss: 1.1510, Obj: -0.3758, Eq Viol (l1): 0.000029, Ineq Viol (l1): 0.000001, Epoch time: 2.93s
Epoch 96/300, Loss: 1.0037, Obj: -0.3956, Eq Viol (l1): 0.000029, Ineq Viol (l1): 0.000001, Epoch time: 2.97s
Epoch 97/300, Loss: 1.0746, Obj: -0.4072, Eq Viol (l1): 0.000082, Ineq Viol (l1): 0.000017, Epoch time: 2.93s
Epoch 98/300, Loss: 0.8329, Obj: -0.4685, Eq Viol (l1): 0.000041, Ineq Viol (l1): 0.000001, Epoch time: 2.84s
Epoch 99/300, Loss: 0.7847, Obj: -0.6308, Eq Viol (l1): 0.000043, Ineq Viol (l1): 0.000001, Epoch time: 2.85s
Epoch 100/300, Loss: 0.9166, Obj: -0.4758, Eq Viol (l1): 0.000045, Ineq Viol (l1): 0.000001, Epoch time: 2.91s
Epoch 101/300, Loss: 1.0687, Obj: -0.4853, Eq Viol (l1): 0.000046, Ineq Viol (l1): 0.000001, Epoch time: 2.83s

Running validation at epoch 100...

VALIDATION_EPOCH_100 EVALUATION RESULTS:
==================================================
Objective Value:     -3.773297e-01
True Objective:      -2.413704e+00
Optimality Gap:      1.359379e-01 ± 5.890487e-01
Eq Violation l1:   5.282808e-05 (max: 2.616904e-03)
Ineq Violation l1: 8.216972e-07 (max: 1.288223e-04)
Solution Distance:   9.961941e+01 ± 1.227636e+00
Merit:             -3.767932e-01 ± 2.084518e-02
Avg Inference Time:  0.0812s
==================================================
Epoch 102/300, Loss: 0.8353, Obj: -0.4202, Eq Viol (l1): 0.000044, Ineq Viol (l1): 0.000001, Epoch time: 2.79s
Epoch 103/300, Loss: 0.6889, Obj: -0.5720, Eq Viol (l1): 0.000040, Ineq Viol (l1): 0.000001, Epoch time: 2.82s
Epoch 104/300, Loss: 1.1543, Obj: -0.3008, Eq Viol (l1): 0.000041, Ineq Viol (l1): 0.000003, Epoch time: 3.03s
Epoch 105/300, Loss: 1.5125, Obj: -0.3702, Eq Viol (l1): 0.000068, Ineq Viol (l1): 0.000005, Epoch time: 3.06s
Epoch 106/300, Loss: 1.9693, Obj: -0.1871, Eq Viol (l1): 0.000047, Ineq Viol (l1): 0.000005, Epoch time: 3.03s
Epoch 107/300, Loss: 1.9439, Obj: -0.0925, Eq Viol (l1): 0.000035, Ineq Viol (l1): 0.000001, Epoch time: 2.96s
Epoch 108/300, Loss: 2.0967, Obj: -0.1093, Eq Viol (l1): 0.000029, Ineq Viol (l1): 0.000001, Epoch time: 2.99s
Epoch 109/300, Loss: 1.7118, Obj: -0.1985, Eq Viol (l1): 0.000031, Ineq Viol (l1): 0.000001, Epoch time: 2.92s
Epoch 110/300, Loss: 1.3827, Obj: -0.3613, Eq Viol (l1): 0.000029, Ineq Viol (l1): 0.000000, Epoch time: 2.94s
Epoch 111/300, Loss: 1.2711, Obj: -0.4715, Eq Viol (l1): 0.000039, Ineq Viol (l1): 0.000001, Epoch time: 2.95s

Running validation at epoch 110...

VALIDATION_EPOCH_110 EVALUATION RESULTS:
==================================================
Objective Value:     -4.609459e-01
True Objective:      -2.413704e+00
Optimality Gap:      -1.423490e-01 ± 8.227357e-01
Eq Violation l1:   4.691094e-05 (max: 2.112940e-03)
Ineq Violation l1: 7.185527e-07 (max: 6.859172e-05)
Solution Distance:   9.834284e+01 ± 1.244911e+00
Merit:             -4.604696e-01 ± 1.162573e-02
Avg Inference Time:  0.0864s
==================================================
Epoch 112/300, Loss: 1.6519, Obj: -0.0815, Eq Viol (l1): 0.000023, Ineq Viol (l1): 0.000001, Epoch time: 3.08s
Epoch 113/300, Loss: 1.9703, Obj: -0.1253, Eq Viol (l1): 0.000048, Ineq Viol (l1): 0.000005, Epoch time: 3.05s
Epoch 114/300, Loss: 2.2851, Obj: -0.0941, Eq Viol (l1): 0.000032, Ineq Viol (l1): 0.000001, Epoch time: 2.91s
Epoch 115/300, Loss: 2.1578, Obj: -0.0581, Eq Viol (l1): 0.000024, Ineq Viol (l1): 0.000000, Epoch time: 3.02s
Epoch 116/300, Loss: 1.5865, Obj: -0.1120, Eq Viol (l1): 0.000017, Ineq Viol (l1): 0.000000, Epoch time: 3.07s
Epoch 117/300, Loss: 1.4120, Obj: -0.2488, Eq Viol (l1): 0.000021, Ineq Viol (l1): 0.000000, Epoch time: 2.99s
Epoch 118/300, Loss: 1.3505, Obj: -0.3254, Eq Viol (l1): 0.000029, Ineq Viol (l1): 0.000000, Epoch time: 2.95s
Epoch 119/300, Loss: 1.2703, Obj: -0.4284, Eq Viol (l1): 0.000028, Ineq Viol (l1): 0.000000, Epoch time: 2.97s
Epoch 120/300, Loss: 1.9493, Obj: -0.2400, Eq Viol (l1): 0.000023, Ineq Viol (l1): 0.000001, Epoch time: 3.03s
Epoch 121/300, Loss: 1.8836, Obj: 0.1586, Eq Viol (l1): 0.000018, Ineq Viol (l1): 0.000000, Epoch time: 3.07s

Running validation at epoch 120...

VALIDATION_EPOCH_120 EVALUATION RESULTS:
==================================================
Objective Value:     -1.093184e-01
True Objective:      -2.413704e+00
Optimality Gap:      5.434905e-01 ± 6.462484e-01
Eq Violation l1:   2.691089e-05 (max: 2.253262e-03)
Ineq Violation l1: 5.824421e-07 (max: 9.691943e-05)
Solution Distance:   1.018114e+02 ± 1.446704e+00
Merit:             -1.090435e-01 ± 1.828140e-02
Avg Inference Time:  0.0957s
==================================================
Epoch 122/300, Loss: 3.0715, Obj: -0.1367, Eq Viol (l1): 0.000019, Ineq Viol (l1): 0.000000, Epoch time: 3.18s
Epoch 123/300, Loss: 7.2592, Obj: 0.0339, Eq Viol (l1): 0.000143, Ineq Viol (l1): 0.000025, Epoch time: 3.31s
Epoch 124/300, Loss: 7.3145, Obj: 0.9602, Eq Viol (l1): 0.000018, Ineq Viol (l1): 0.000000, Epoch time: 3.18s
Epoch 125/300, Loss: 3.2797, Obj: 0.2894, Eq Viol (l1): 0.000020, Ineq Viol (l1): 0.000000, Epoch time: 3.04s
Epoch 126/300, Loss: 2.3053, Obj: -0.2325, Eq Viol (l1): 0.000025, Ineq Viol (l1): 0.000000, Epoch time: 3.03s
Epoch 127/300, Loss: 2.0426, Obj: -0.0364, Eq Viol (l1): 0.000023, Ineq Viol (l1): 0.000001, Epoch time: 3.01s
Epoch 128/300, Loss: 2.5042, Obj: -0.1412, Eq Viol (l1): 0.000026, Ineq Viol (l1): 0.000001, Epoch time: 3.14s
Epoch 129/300, Loss: 4.1830, Obj: -0.3268, Eq Viol (l1): 0.000034, Ineq Viol (l1): 0.000003, Epoch time: 3.28s
Epoch 130/300, Loss: 11.8366, Obj: 0.1021, Eq Viol (l1): 0.000108, Ineq Viol (l1): 0.000020, Epoch time: 3.33s
Epoch 131/300, Loss: 15.7561, Obj: 1.0701, Eq Viol (l1): 0.000019, Ineq Viol (l1): 0.000001, Epoch time: 3.24s

Running validation at epoch 130...

VALIDATION_EPOCH_130 EVALUATION RESULTS:
==================================================
Objective Value:     1.650166e+00
True Objective:      -2.413704e+00
Optimality Gap:      3.325799e+00 ± 2.823865e-01
Eq Violation l1:   1.624569e-05 (max: 3.126289e-03)
Ineq Violation l1: 4.279468e-07 (max: 1.914241e-04)
Solution Distance:   1.071840e+02 ± 1.465430e+00
Merit:             1.650333e+00 ± 1.136736e-03
Avg Inference Time:  0.1012s
==================================================
Epoch 132/300, Loss: 5.3628, Obj: 1.2598, Eq Viol (l1): 0.000018, Ineq Viol (l1): 0.000000, Epoch time: 3.04s
Epoch 133/300, Loss: 3.9736, Obj: -0.0861, Eq Viol (l1): 0.000036, Ineq Viol (l1): 0.000003, Epoch time: 3.05s
Epoch 134/300, Loss: 4.1717, Obj: 0.3298, Eq Viol (l1): 0.000018, Ineq Viol (l1): 0.000000, Epoch time: 3.26s
Epoch 135/300, Loss: 3.3771, Obj: 0.4376, Eq Viol (l1): 0.000026, Ineq Viol (l1): 0.000000, Epoch time: 2.99s
Epoch 136/300, Loss: 2.5880, Obj: 0.1192, Eq Viol (l1): 0.000021, Ineq Viol (l1): 0.000000, Epoch time: 2.99s
Epoch 137/300, Loss: 2.7153, Obj: 0.0267, Eq Viol (l1): 0.000023, Ineq Viol (l1): 0.000001, Epoch time: 3.14s
Epoch 138/300, Loss: 4.0736, Obj: 0.0994, Eq Viol (l1): 0.000042, Ineq Viol (l1): 0.000003, Epoch time: 3.21s
Epoch 139/300, Loss: 4.7959, Obj: 0.1947, Eq Viol (l1): 0.000048, Ineq Viol (l1): 0.000004, Epoch time: 3.16s
Epoch 140/300, Loss: 6.9637, Obj: 1.1210, Eq Viol (l1): 0.000043, Ineq Viol (l1): 0.000003, Epoch time: 3.26s
Epoch 141/300, Loss: 7.2098, Obj: 1.1932, Eq Viol (l1): 0.000039, Ineq Viol (l1): 0.000005, Epoch time: 3.19s

Running validation at epoch 140...

VALIDATION_EPOCH_140 EVALUATION RESULTS:
==================================================
Objective Value:     2.649430e-01
True Objective:      -2.413704e+00
Optimality Gap:      1.440360e+00 ± 1.201010e-01
Eq Violation l1:   2.240988e-05 (max: 2.992614e-03)
Ineq Violation l1: 1.892080e-07 (max: 3.137200e-05)
Solution Distance:   1.000078e+02 ± 1.336151e+00
Merit:             2.651690e-01 ± 3.559411e-02
Avg Inference Time:  0.1019s
==================================================
Epoch 142/300, Loss: 5.5590, Obj: 0.4508, Eq Viol (l1): 0.000020, Ineq Viol (l1): 0.000001, Epoch time: 3.27s
Epoch 143/300, Loss: 6.4883, Obj: 1.4790, Eq Viol (l1): 0.000069, Ineq Viol (l1): 0.000008, Epoch time: 3.27s
Epoch 144/300, Loss: 4.4980, Obj: 0.8007, Eq Viol (l1): 0.000029, Ineq Viol (l1): 0.000002, Epoch time: 3.21s
Epoch 145/300, Loss: 5.5380, Obj: 0.3778, Eq Viol (l1): 0.000042, Ineq Viol (l1): 0.000003, Epoch time: 3.29s
Epoch 146/300, Loss: 6.9465, Obj: 0.7981, Eq Viol (l1): 0.000149, Ineq Viol (l1): 0.000027, Epoch time: 3.29s
Epoch 147/300, Loss: 5.6360, Obj: 1.2235, Eq Viol (l1): 0.000061, Ineq Viol (l1): 0.000005, Epoch time: 3.14s
Epoch 148/300, Loss: 3.5018, Obj: 0.7522, Eq Viol (l1): 0.000021, Ineq Viol (l1): 0.000000, Epoch time: 2.96s
Epoch 149/300, Loss: 2.1809, Obj: -0.1693, Eq Viol (l1): 0.000035, Ineq Viol (l1): 0.000001, Epoch time: 2.92s
Epoch 150/300, Loss: 1.9267, Obj: -0.0876, Eq Viol (l1): 0.000032, Ineq Viol (l1): 0.000001, Epoch time: 3.00s
Epoch 151/300, Loss: 1.5266, Obj: -0.1261, Eq Viol (l1): 0.000027, Ineq Viol (l1): 0.000000, Epoch time: 2.98s

Running validation at epoch 150...

VALIDATION_EPOCH_150 EVALUATION RESULTS:
==================================================
Objective Value:     -5.490609e-01
True Objective:      -2.413704e+00
Optimality Gap:      -7.409336e-02 ± 7.125802e-01
Eq Violation l1:   2.984361e-05 (max: 2.598442e-03)
Ineq Violation l1: 4.514889e-07 (max: 1.128634e-04)
Solution Distance:   9.903396e+01 ± 1.183867e+00
Merit:             -5.487580e-01 ± 9.477803e-03
Avg Inference Time:  0.0923s
==================================================
Epoch 152/300, Loss: 1.8731, Obj: -0.3215, Eq Viol (l1): 0.000027, Ineq Viol (l1): 0.000001, Epoch time: 3.01s
Epoch 153/300, Loss: 2.1152, Obj: 0.0537, Eq Viol (l1): 0.000020, Ineq Viol (l1): 0.000000, Epoch time: 3.10s
Epoch 154/300, Loss: 2.4676, Obj: 0.1355, Eq Viol (l1): 0.000028, Ineq Viol (l1): 0.000002, Epoch time: 3.12s
Epoch 155/300, Loss: 2.7402, Obj: 0.3605, Eq Viol (l1): 0.000017, Ineq Viol (l1): 0.000000, Epoch time: 3.14s
Epoch 156/300, Loss: 2.3679, Obj: -0.2312, Eq Viol (l1): 0.000030, Ineq Viol (l1): 0.000002, Epoch time: 3.08s
Epoch 157/300, Loss: 2.6692, Obj: 0.2930, Eq Viol (l1): 0.000025, Ineq Viol (l1): 0.000001, Epoch time: 3.05s
Epoch 158/300, Loss: 3.3423, Obj: 0.0362, Eq Viol (l1): 0.000026, Ineq Viol (l1): 0.000001, Epoch time: 3.14s
Epoch 159/300, Loss: 3.8069, Obj: 0.4148, Eq Viol (l1): 0.000421, Ineq Viol (l1): 0.000172, Epoch time: 3.15s
Epoch 160/300, Loss: 2.8853, Obj: 0.1261, Eq Viol (l1): 0.000023, Ineq Viol (l1): 0.000001, Epoch time: 3.08s
Epoch 161/300, Loss: 2.7825, Obj: -0.1427, Eq Viol (l1): 0.000030, Ineq Viol (l1): 0.000001, Epoch time: 2.97s

Running validation at epoch 160...

VALIDATION_EPOCH_160 EVALUATION RESULTS:
==================================================
Objective Value:     -8.540669e-02
True Objective:      -2.413704e+00
Optimality Gap:      5.080941e-01 ± 5.844368e-01
Eq Violation l1:   3.528279e-05 (max: 2.409339e-03)
Ineq Violation l1: 8.356845e-07 (max: 1.474275e-04)
Solution Distance:   1.005148e+02 ± 1.397737e+00
Merit:             -8.504551e-02 ± 3.255762e-02
Avg Inference Time:  0.0954s
==================================================
Epoch 162/300, Loss: 2.8708, Obj: -0.1791, Eq Viol (l1): 0.000028, Ineq Viol (l1): 0.000001, Epoch time: 3.03s
Epoch 163/300, Loss: 3.6857, Obj: 0.7599, Eq Viol (l1): 0.000017, Ineq Viol (l1): 0.000000, Epoch time: 3.07s
Epoch 164/300, Loss: 3.4072, Obj: 0.0702, Eq Viol (l1): 0.000019, Ineq Viol (l1): 0.000001, Epoch time: 3.12s
Epoch 165/300, Loss: 3.2335, Obj: 0.2585, Eq Viol (l1): 0.000054, Ineq Viol (l1): 0.000009, Epoch time: 3.14s
Epoch 166/300, Loss: 2.9318, Obj: 0.1527, Eq Viol (l1): 0.000055, Ineq Viol (l1): 0.000008, Epoch time: 3.10s
Epoch 167/300, Loss: 2.3980, Obj: 0.2163, Eq Viol (l1): 0.000036, Ineq Viol (l1): 0.000002, Epoch time: 3.11s
Epoch 168/300, Loss: 2.8304, Obj: 0.1358, Eq Viol (l1): 0.000025, Ineq Viol (l1): 0.000001, Epoch time: 3.13s
Epoch 169/300, Loss: 3.6904, Obj: 0.4647, Eq Viol (l1): 0.000049, Ineq Viol (l1): 0.000011, Epoch time: 3.28s
Epoch 170/300, Loss: 5.3831, Obj: 0.0146, Eq Viol (l1): 0.000054, Ineq Viol (l1): 0.000009, Epoch time: 3.17s
Epoch 171/300, Loss: 4.4266, Obj: 1.0537, Eq Viol (l1): 0.000019, Ineq Viol (l1): 0.000000, Epoch time: 3.13s

Running validation at epoch 170...

VALIDATION_EPOCH_170 EVALUATION RESULTS:
==================================================
Objective Value:     4.831837e-01
True Objective:      -2.413704e+00
Optimality Gap:      1.649422e+00 ± 2.859195e-01
Eq Violation l1:   1.399902e-05 (max: 2.427389e-03)
Ineq Violation l1: 2.549802e-07 (max: 7.085760e-05)
Solution Distance:   1.019918e+02 ± 1.346867e+00
Merit:             4.833263e-01 ± 1.052747e-02
Avg Inference Time:  0.1022s
==================================================
Epoch 172/300, Loss: 3.3253, Obj: 0.1119, Eq Viol (l1): 0.000025, Ineq Viol (l1): 0.000000, Epoch time: 3.04s
Epoch 173/300, Loss: 3.5583, Obj: 0.1071, Eq Viol (l1): 0.000025, Ineq Viol (l1): 0.000000, Epoch time: 3.03s
Epoch 174/300, Loss: 2.2744, Obj: 0.0916, Eq Viol (l1): 0.000025, Ineq Viol (l1): 0.000001, Epoch time: 2.99s
Epoch 175/300, Loss: 2.1422, Obj: -0.0955, Eq Viol (l1): 0.000022, Ineq Viol (l1): 0.000000, Epoch time: 3.03s
Epoch 176/300, Loss: 20.5897, Obj: 0.5552, Eq Viol (l1): 0.161766, Ineq Viol (l1): 0.049701, Epoch time: 3.31s
Epoch 177/300, Loss: 1844.5814, Obj: 5.4421, Eq Viol (l1): 1.583844, Ineq Viol (l1): 0.678689, Epoch time: 3.57s
Epoch 178/300, Loss: 17637.3982, Obj: 15.2255, Eq Viol (l1): 7.426909, Ineq Viol (l1): 2.459278, Epoch time: 4.01s
Epoch 179/300, Loss: 27735.1215, Obj: 31.8478, Eq Viol (l1): 18.032532, Ineq Viol (l1): 8.322092, Epoch time: 4.25s
Epoch 180/300, Loss: 63965.6658, Obj: 856.4459, Eq Viol (l1): 40.133224, Ineq Viol (l1): 24.605076, Epoch time: 4.43s
Epoch 181/300, Loss: 32100.5608, Obj: 41.5427, Eq Viol (l1): 18.563654, Ineq Viol (l1): 8.825884, Epoch time: 4.24s

Running validation at epoch 180...

VALIDATION_EPOCH_180 EVALUATION RESULTS:
==================================================
Objective Value:     2.997700e+01
True Objective:      -2.413704e+00
Optimality Gap:      8.410140e+01 ± 5.367839e+01
Eq Violation l1:   1.545399e+01 (max: 3.350736e+02)
Ineq Violation l1: 5.857478e+00 (max: 2.701905e+02)
Solution Distance:   4.240434e+02 ± 2.006798e+00
Merit:             2.430916e+02 ± 5.628621e+00
Avg Inference Time:  0.1759s
==================================================
Epoch 182/300, Loss: 61631.7809, Obj: 682.0134, Eq Viol (l1): 27.821589, Ineq Viol (l1): 22.261991, Epoch time: 4.41s
Epoch 183/300, Loss: 43365.5922, Obj: 162.4132, Eq Viol (l1): 29.147634, Ineq Viol (l1): 18.267167, Epoch time: 4.30s
Epoch 184/300, Loss: 43235.8572, Obj: 57.5874, Eq Viol (l1): 30.621953, Ineq Viol (l1): 14.655120, Epoch time: 4.38s
Epoch 185/300, Loss: 26235015055.9867, Obj: 376107706.2074, Eq Viol (l1): 17307.354318, Ineq Viol (l1): 16704.223472, Epoch time: 4.46s
Epoch 186/300, Loss: 101724.4213, Obj: 1627.1900, Eq Viol (l1): 87.614137, Ineq Viol (l1): 72.677569, Epoch time: 4.56s
Epoch 187/300, Loss: 265763.0774, Obj: 5544.8772, Eq Viol (l1): 86.896776, Ineq Viol (l1): 100.521874, Epoch time: 4.41s
Epoch 188/300, Loss: 217563.6564, Obj: 4330.8150, Eq Viol (l1): 86.728932, Ineq Viol (l1): 86.960745, Epoch time: 4.40s
Epoch 189/300, Loss: 83123.3159, Obj: 796.0966, Eq Viol (l1): 63.520206, Ineq Viol (l1): 50.083541, Epoch time: 4.38s
Epoch 190/300, Loss: 3685083461.5484, Obj: 89447190.3923, Eq Viol (l1): 4612.140027, Ineq Viol (l1): 5903.410963, Epoch time: 4.33s
Epoch 191/300, Loss: 83048.2138, Obj: 417.2479, Eq Viol (l1): 56.556534, Ineq Viol (l1): 43.674805, Epoch time: 4.40s

Running validation at epoch 190...

VALIDATION_EPOCH_190 EVALUATION RESULTS:
==================================================
Objective Value:     4.938643e+01
True Objective:      -2.413704e+00
Optimality Gap:      8.896482e+01 ± 4.010274e+01
Eq Violation l1:   2.056568e+01 (max: 2.360615e+02)
Ineq Violation l1: 7.869438e+00 (max: 1.457476e+02)
Solution Distance:   6.289508e+02 ± 2.639229e+01
Merit:             3.337376e+02 ± 2.534325e+01
Avg Inference Time:  0.1790s
==================================================
Epoch 192/300, Loss: 78272.0904, Obj: 305.3526, Eq Viol (l1): 40.816510, Ineq Viol (l1): 24.065634, Epoch time: 4.38s
Epoch 193/300, Loss: 80588.2439, Obj: 378.5108, Eq Viol (l1): 43.506963, Ineq Viol (l1): 28.929303, Epoch time: 4.35s
Epoch 194/300, Loss: 75219.1883, Obj: 153.1289, Eq Viol (l1): 53.121682, Ineq Viol (l1): 32.833938, Epoch time: 4.43s
Epoch 195/300, Loss: 77413.8538, Obj: 135.8204, Eq Viol (l1): 44.326948, Ineq Viol (l1): 27.199814, Epoch time: 4.37s
Epoch 196/300, Loss: 80576.3744, Obj: 219.4139, Eq Viol (l1): 47.727568, Ineq Viol (l1): 33.434379, Epoch time: 4.28s
Epoch 197/300, Loss: 71864.1681, Obj: 51.9761, Eq Viol (l1): 21.672818, Ineq Viol (l1): 8.553120, Epoch time: 4.24s
Epoch 198/300, Loss: 73433.3879, Obj: 49.5573, Eq Viol (l1): 19.633621, Ineq Viol (l1): 7.630943, Epoch time: 4.16s
Epoch 199/300, Loss: 76641.6287, Obj: 65.1035, Eq Viol (l1): 20.958635, Ineq Viol (l1): 9.275044, Epoch time: 4.14s
Epoch 200/300, Loss: 80282.4228, Obj: 168.4777, Eq Viol (l1): 31.777177, Ineq Viol (l1): 18.406479, Epoch time: 4.21s
Epoch 201/300, Loss: 75602.8641, Obj: 73.0214, Eq Viol (l1): 34.680936, Ineq Viol (l1): 16.227870, Epoch time: 4.34s

Running validation at epoch 200...

VALIDATION_EPOCH_200 EVALUATION RESULTS:
==================================================
Objective Value:     3.196761e+02
True Objective:      -2.413704e+00
Optimality Gap:      1.959837e+02 ± 1.267141e+01
Eq Violation l1:   7.989455e+01 (max: 1.485572e+04)
Ineq Violation l1: 5.553518e+01 (max: 1.417331e+04)
Solution Distance:   2.912427e+03 ± 1.531931e+03
Merit:             1.673973e+03 ± 1.138040e+02
Avg Inference Time:  0.2155s
==================================================
Epoch 202/300, Loss: 124353.0428, Obj: 995.9862, Eq Viol (l1): 58.276403, Ineq Viol (l1): 53.971796, Epoch time: 4.37s
Epoch 203/300, Loss: 87915.7461, Obj: 99.6283, Eq Viol (l1): 47.200235, Ineq Viol (l1): 24.408940, Epoch time: 4.46s
Epoch 204/300, Loss: 459824.4114, Obj: 9452.3279, Eq Viol (l1): 159.201852, Ineq Viol (l1): 193.596705, Epoch time: 4.33s
Epoch 205/300, Loss: 143210284.4363, Obj: 3208937.8746, Eq Viol (l1): 2735.036010, Ineq Viol (l1): 2088.787024, Epoch time: 4.31s
Epoch 206/300, Loss: 109158.1555, Obj: 66.3567, Eq Viol (l1): 28.887567, Ineq Viol (l1): 12.437816, Epoch time: 4.27s
Epoch 207/300, Loss: 117853.3935, Obj: 205.9916, Eq Viol (l1): 48.739423, Ineq Viol (l1): 30.205586, Epoch time: 4.34s
Epoch 208/300, Loss: 108406.3117, Obj: 69.6563, Eq Viol (l1): 38.910176, Ineq Viol (l1): 13.877764, Epoch time: 4.33s
Epoch 209/300, Loss: 592364.3793, Obj: 12258.1136, Eq Viol (l1): 67.783439, Ineq Viol (l1): 76.286733, Epoch time: 4.29s
Epoch 210/300, Loss: 10074977.9822, Obj: 253964.0148, Eq Viol (l1): 186.963235, Ineq Viol (l1): 326.708176, Epoch time: 4.17s
Epoch 211/300, Loss: 6542600.6776, Obj: 172243.1420, Eq Viol (l1): 664.990638, Ineq Viol (l1): 583.591719, Epoch time: 4.52s

Running validation at epoch 210...

VALIDATION_EPOCH_210 EVALUATION RESULTS:
==================================================
Objective Value:     9.083463e+01
True Objective:      -2.413704e+00
Optimality Gap:      1.721346e+02 ± 4.333716e+01
Eq Violation l1:   4.465012e+01 (max: 3.122186e+03)
Ineq Violation l1: 2.198399e+01 (max: 2.587550e+03)
Solution Distance:   9.812198e+02 ± 1.009859e+02
Merit:             7.571757e+02 ± 1.426298e+02
Avg Inference Time:  0.1988s
==================================================
Epoch 212/300, Loss: 135667.2049, Obj: 852.9096, Eq Viol (l1): 75.517852, Ineq Viol (l1): 58.558744, Epoch time: 4.29s
Epoch 213/300, Loss: 156834246.1141, Obj: 4308769.7575, Eq Viol (l1): 1967.402246, Ineq Viol (l1): 1723.882538, Epoch time: 4.47s
Epoch 214/300, Loss: 233667.4085, Obj: 3166.1672, Eq Viol (l1): 241.068498, Ineq Viol (l1): 199.392276, Epoch time: 4.52s
Epoch 215/300, Loss: 223521.6128, Obj: 3007.5780, Eq Viol (l1): 208.728679, Ineq Viol (l1): 182.534994, Epoch time: 4.52s
Epoch 216/300, Loss: 1496893.8835, Obj: 33609.7500, Eq Viol (l1): 103.926888, Ineq Viol (l1): 124.327419, Epoch time: 4.27s
Epoch 217/300, Loss: 145927.6015, Obj: 975.8790, Eq Viol (l1): 64.475568, Ineq Viol (l1): 57.146321, Epoch time: 4.19s
Epoch 218/300, Loss: 397913.4860, Obj: 5483.0461, Eq Viol (l1): 78.013344, Ineq Viol (l1): 57.476758, Epoch time: 4.11s
Epoch 219/300, Loss: 116771.2774, Obj: 64.7444, Eq Viol (l1): 26.138001, Ineq Viol (l1): 11.542935, Epoch time: 4.15s
Epoch 220/300, Loss: 116397.6584, Obj: 71.2052, Eq Viol (l1): 25.099945, Ineq Viol (l1): 10.447916, Epoch time: 4.13s
Epoch 221/300, Loss: 125119.2487, Obj: 268.5778, Eq Viol (l1): 36.492934, Ineq Viol (l1): 28.603901, Epoch time: 4.11s

Running validation at epoch 220...

VALIDATION_EPOCH_220 EVALUATION RESULTS:
==================================================
Objective Value:     6.986194e+01
True Objective:      -2.413704e+00
Optimality Gap:      1.390733e+02 ± 4.108035e+01
Eq Violation l1:   2.808448e+01 (max: 2.720513e+02)
Ineq Violation l1: 1.058810e+01 (max: 2.713433e+02)
Solution Distance:   8.708796e+02 ± 1.364410e-01
Merit:             4.565878e+02 ± 5.100826e-01
Avg Inference Time:  0.1678s
==================================================
Epoch 222/300, Loss: 128654.8921, Obj: 229.4303, Eq Viol (l1): 46.395037, Ineq Viol (l1): 28.147050, Epoch time: 4.29s
Epoch 223/300, Loss: 152320604.1666, Obj: 3503328.0952, Eq Viol (l1): 1236.455703, Ineq Viol (l1): 1609.326949, Epoch time: 4.41s
Epoch 224/300, Loss: 833408.9003, Obj: 18524.8880, Eq Viol (l1): 222.488236, Ineq Viol (l1): 212.186215, Epoch time: 4.43s
Epoch 225/300, Loss: 5398947.9879, Obj: 89116.3297, Eq Viol (l1): 244.088037, Ineq Viol (l1): 300.881970, Epoch time: 4.41s
Epoch 226/300, Loss: 135127.8569, Obj: 871.5046, Eq Viol (l1): 90.448871, Ineq Viol (l1): 77.730975, Epoch time: 4.45s
Epoch 227/300, Loss: 107361.0600, Obj: 244.6786, Eq Viol (l1): 44.934382, Ineq Viol (l1): 29.261957, Epoch time: 4.40s
Epoch 228/300, Loss: 117173.8613, Obj: 545.9574, Eq Viol (l1): 64.227559, Ineq Viol (l1): 45.375180, Epoch time: 4.41s
Epoch 229/300, Loss: 107244.2435, Obj: 240.2493, Eq Viol (l1): 52.185726, Ineq Viol (l1): 34.234914, Epoch time: 4.38s
Epoch 230/300, Loss: 155776.6209, Obj: 1213.9055, Eq Viol (l1): 61.255275, Ineq Viol (l1): 57.204225, Epoch time: 4.31s
Epoch 231/300, Loss: 152021.3920, Obj: 811.4819, Eq Viol (l1): 51.273662, Ineq Viol (l1): 40.468743, Epoch time: 4.27s

Running validation at epoch 230...

VALIDATION_EPOCH_230 EVALUATION RESULTS:
==================================================
Objective Value:     8.238380e+01
True Objective:      -2.413704e+00
Optimality Gap:      1.202069e+02 ± 2.251030e+01
Eq Violation l1:   2.659299e+01 (max: 1.787762e+03)
Ineq Violation l1: 1.522737e+01 (max: 2.024462e+03)
Solution Distance:   9.378210e+02 ± 1.773397e+02
Merit:             5.005874e+02 ± 1.625383e+02
Avg Inference Time:  0.1746s
==================================================
Epoch 232/300, Loss: 116521.4623, Obj: 62.5205, Eq Viol (l1): 20.267531, Ineq Viol (l1): 6.592661, Epoch time: 4.09s
Epoch 233/300, Loss: 114862.7456, Obj: 67.7895, Eq Viol (l1): 23.330033, Ineq Viol (l1): 9.203664, Epoch time: 4.14s
Epoch 234/300, Loss: 110518.3154, Obj: 91.1842, Eq Viol (l1): 25.291692, Ineq Viol (l1): 11.851415, Epoch time: 4.02s
Epoch 235/300, Loss: 106837.1779, Obj: 75.5609, Eq Viol (l1): 23.132300, Ineq Viol (l1): 9.538983, Epoch time: 4.10s
Epoch 236/300, Loss: 131182.7875, Obj: 770.8637, Eq Viol (l1): 40.599738, Ineq Viol (l1): 26.447759, Epoch time: 4.23s
Epoch 237/300, Loss: 105680.9106, Obj: 74.8551, Eq Viol (l1): 28.420863, Ineq Viol (l1): 12.592307, Epoch time: 4.13s
Epoch 238/300, Loss: 111057.5863, Obj: 79.8576, Eq Viol (l1): 30.578158, Ineq Viol (l1): 14.353010, Epoch time: 4.14s
Epoch 239/300, Loss: 259842.2508, Obj: 3678.8097, Eq Viol (l1): 91.055647, Ineq Viol (l1): 116.973740, Epoch time: 4.25s
Epoch 240/300, Loss: 648614.9943, Obj: 13325.0333, Eq Viol (l1): 148.433838, Ineq Viol (l1): 183.277624, Epoch time: 4.33s
Epoch 241/300, Loss: 3452383.8280, Obj: 81791.6307, Eq Viol (l1): 166.030538, Ineq Viol (l1): 235.292542, Epoch time: 4.32s

Running validation at epoch 240...

VALIDATION_EPOCH_240 EVALUATION RESULTS:
==================================================
Objective Value:     7.551331e+01
True Objective:      -2.413704e+00
Optimality Gap:      1.412768e+02 ± 4.920780e+01
Eq Violation l1:   3.630969e+01 (max: 5.672234e+02)
Ineq Violation l1: 1.442564e+01 (max: 7.453205e+02)
Solution Distance:   9.736397e+02 ± 7.885760e+00
Merit:             5.828665e+02 ± 5.033830e+01
Avg Inference Time:  0.1841s
==================================================
Epoch 242/300, Loss: 114671.1799, Obj: 225.3727, Eq Viol (l1): 44.650499, Ineq Viol (l1): 27.324010, Epoch time: 4.25s
Epoch 243/300, Loss: 116849.8644, Obj: 276.0580, Eq Viol (l1): 65.368311, Ineq Viol (l1): 43.929174, Epoch time: 4.40s
Epoch 244/300, Loss: 143006.8289, Obj: 857.1603, Eq Viol (l1): 89.271427, Ineq Viol (l1): 79.942103, Epoch time: 4.39s
Epoch 245/300, Loss: 8999884.9566, Obj: 243635.1503, Eq Viol (l1): 323.245006, Ineq Viol (l1): 437.237453, Epoch time: 4.42s
Epoch 246/300, Loss: 400268.2741, Obj: 7455.7327, Eq Viol (l1): 64.872320, Ineq Viol (l1): 66.483788, Epoch time: 4.35s
Epoch 247/300, Loss: 154398.3370, Obj: 725.1333, Eq Viol (l1): 64.207576, Ineq Viol (l1): 45.092773, Epoch time: 4.27s
Epoch 248/300, Loss: 1017999.2205, Obj: 21786.7563, Eq Viol (l1): 127.510118, Ineq Viol (l1): 162.342698, Epoch time: 4.04s
Epoch 249/300, Loss: 155532.3266, Obj: 739.0565, Eq Viol (l1): 26.790109, Ineq Viol (l1): 24.071575, Epoch time: 3.92s
Epoch 250/300, Loss: 130713.6390, Obj: 71.8844, Eq Viol (l1): 22.067455, Ineq Viol (l1): 10.688526, Epoch time: 4.12s
Epoch 251/300, Loss: 127507.4003, Obj: 60.5722, Eq Viol (l1): 23.867744, Ineq Viol (l1): 8.869311, Epoch time: 4.07s

Running validation at epoch 250...

VALIDATION_EPOCH_250 EVALUATION RESULTS:
==================================================
Objective Value:     5.364932e+01
True Objective:      -2.413704e+00
Optimality Gap:      1.033289e+02 ± 3.873929e+01
Eq Violation l1:   1.945679e+01 (max: 2.509434e+02)
Ineq Violation l1: 6.401959e+00 (max: 1.276105e+02)
Solution Distance:   6.873632e+02 ± 2.068230e+01
Merit:             3.122368e+02 ± 5.549667e+01
Avg Inference Time:  0.1651s
==================================================
Epoch 252/300, Loss: 225606.5620, Obj: 2646.4241, Eq Viol (l1): 29.639805, Ineq Viol (l1): 25.032929, Epoch time: 4.04s
Epoch 253/300, Loss: 121719.2932, Obj: 80.2375, Eq Viol (l1): 29.276857, Ineq Viol (l1): 15.095327, Epoch time: 4.17s
Epoch 254/300, Loss: 111928.9333, Obj: 58.6553, Eq Viol (l1): 27.002020, Ineq Viol (l1): 10.176957, Epoch time: 4.16s
Epoch 255/300, Loss: 1242218161436046.2500, Obj: 33759038450388.7734, Eq Viol (l1): 4056709.319482, Ineq Viol (l1): 3311497.521083, Epoch time: 4.17s
Epoch 256/300, Loss: 106965.7881, Obj: 103.4127, Eq Viol (l1): 35.444382, Ineq Viol (l1): 20.388984, Epoch time: 4.12s
Epoch 257/300, Loss: 104371.1404, Obj: 93.1526, Eq Viol (l1): 30.078921, Ineq Viol (l1): 16.787500, Epoch time: 4.11s
Epoch 258/300, Loss: 108112.0849, Obj: 168.5978, Eq Viol (l1): 27.068730, Ineq Viol (l1): 13.698901, Epoch time: 4.08s
Epoch 259/300, Loss: 110074.6997, Obj: 68.3454, Eq Viol (l1): 27.109185, Ineq Viol (l1): 13.465011, Epoch time: 4.10s
Epoch 260/300, Loss: 108626.9056, Obj: 46.6078, Eq Viol (l1): 19.984493, Ineq Viol (l1): 6.232624, Epoch time: 4.12s
Epoch 261/300, Loss: 109150.9744, Obj: 44.5219, Eq Viol (l1): 14.311733, Ineq Viol (l1): 4.677780, Epoch time: 3.88s

Running validation at epoch 260...

VALIDATION_EPOCH_260 EVALUATION RESULTS:
==================================================
Objective Value:     4.241107e+01
True Objective:      -2.413704e+00
Optimality Gap:      8.634741e+01 ± 3.238251e+01
Eq Violation l1:   1.430753e+01 (max: 2.508972e+02)
Ineq Violation l1: 4.971626e+00 (max: 1.070713e+02)
Solution Distance:   5.191423e+02 ± 1.785721e+01
Merit:             2.352026e+02 ± 2.872269e+01
Avg Inference Time:  0.1638s
==================================================
Epoch 262/300, Loss: 117947.5206, Obj: 50.7321, Eq Viol (l1): 16.526577, Ineq Viol (l1): 7.591086, Epoch time: 4.02s
Epoch 263/300, Loss: 122051.2870, Obj: 44.6923, Eq Viol (l1): 14.171736, Ineq Viol (l1): 4.593854, Epoch time: 3.90s
Epoch 264/300, Loss: 123879.9858, Obj: 46.9573, Eq Viol (l1): 16.255317, Ineq Viol (l1): 5.429614, Epoch time: 3.97s
Epoch 265/300, Loss: 124484.8300, Obj: 53.0585, Eq Viol (l1): 19.241992, Ineq Viol (l1): 6.267162, Epoch time: 3.95s
Epoch 266/300, Loss: 124708.0051, Obj: 71.1157, Eq Viol (l1): 22.016764, Ineq Viol (l1): 9.687026, Epoch time: 3.92s
Epoch 267/300, Loss: 128339.5551, Obj: 72.1670, Eq Viol (l1): 24.922085, Ineq Viol (l1): 11.847113, Epoch time: 4.00s
Epoch 268/300, Loss: 130526.9715, Obj: 76.9526, Eq Viol (l1): 22.705670, Ineq Viol (l1): 9.851627, Epoch time: 4.05s
Epoch 269/300, Loss: 130462.2143, Obj: 58.1831, Eq Viol (l1): 24.917200, Ineq Viol (l1): 9.055169, Epoch time: 4.20s
Epoch 270/300, Loss: 130901.7493, Obj: 160.6249, Eq Viol (l1): 28.427770, Ineq Viol (l1): 14.685576, Epoch time: 4.22s
Epoch 271/300, Loss: 124360.3596, Obj: 73.2729, Eq Viol (l1): 25.026203, Ineq Viol (l1): 10.601842, Epoch time: 4.17s

Running validation at epoch 270...

VALIDATION_EPOCH_270 EVALUATION RESULTS:
==================================================
Objective Value:     5.970136e+01
True Objective:      -2.413704e+00
Optimality Gap:      1.116238e+02 ± 3.428763e+01
Eq Violation l1:   2.837853e+01 (max: 9.388856e+02)
Ineq Violation l1: 1.025174e+01 (max: 4.862535e+02)
Solution Distance:   7.285218e+02 ± 3.451994e+00
Merit:             4.460041e+02 ± 7.332013e+01
Avg Inference Time:  0.1778s
==================================================
Epoch 272/300, Loss: 134446.3548, Obj: 144.4669, Eq Viol (l1): 28.372611, Ineq Viol (l1): 15.315158, Epoch time: 4.10s
Epoch 273/300, Loss: 137140.2793, Obj: 58.0168, Eq Viol (l1): 19.711269, Ineq Viol (l1): 6.742469, Epoch time: 4.12s
Epoch 274/300, Loss: 135505.2477, Obj: 57.1403, Eq Viol (l1): 19.208892, Ineq Viol (l1): 6.299005, Epoch time: 4.08s
Epoch 275/300, Loss: 135465.0391, Obj: 53.8509, Eq Viol (l1): 19.145815, Ineq Viol (l1): 6.010181, Epoch time: 4.05s
Epoch 276/300, Loss: 137839.0913, Obj: 74.4203, Eq Viol (l1): 24.501758, Ineq Viol (l1): 10.889355, Epoch time: 4.11s
Epoch 277/300, Loss: 227839.4667, Obj: 1674.2811, Eq Viol (l1): 45.274073, Ineq Viol (l1): 44.179869, Epoch time: 4.12s
Epoch 278/300, Loss: 144545.4334, Obj: 84.8188, Eq Viol (l1): 34.644672, Ineq Viol (l1): 18.414532, Epoch time: 4.21s
Epoch 279/300, Loss: 148835.3957, Obj: 70.0936, Eq Viol (l1): 28.339455, Ineq Viol (l1): 12.224608, Epoch time: 4.16s
Epoch 280/300, Loss: 202030.8152, Obj: 1062.3837, Eq Viol (l1): 52.906040, Ineq Viol (l1): 38.890834, Epoch time: 4.13s
Epoch 281/300, Loss: 159711.7138, Obj: 56.6401, Eq Viol (l1): 18.916636, Ineq Viol (l1): 6.368641, Epoch time: 3.97s

Running validation at epoch 280...

VALIDATION_EPOCH_280 EVALUATION RESULTS:
==================================================
Objective Value:     5.645262e+01
True Objective:      -2.413704e+00
Optimality Gap:      1.083239e+02 ± 3.388515e+01
Eq Violation l1:   2.204768e+01 (max: 7.134639e+02)
Ineq Violation l1: 8.588882e+00 (max: 7.097136e+02)
Solution Distance:   7.028470e+02 ± 7.302010e-02
Merit:             3.628183e+02 ± 9.176865e+00
Avg Inference Time:  0.1739s
==================================================
Epoch 282/300, Loss: 161909.7113, Obj: 83.7386, Eq Viol (l1): 24.191010, Ineq Viol (l1): 10.159735, Epoch time: 4.10s
Epoch 283/300, Loss: 160251.7238, Obj: 55.6477, Eq Viol (l1): 21.166792, Ineq Viol (l1): 7.190569, Epoch time: 4.03s
Epoch 284/300, Loss: 159194.4455, Obj: 57.2430, Eq Viol (l1): 27.018259, Ineq Viol (l1): 8.923283, Epoch time: 4.23s
Epoch 285/300, Loss: 1457236.5982, Obj: 31618.5550, Eq Viol (l1): 85.420950, Ineq Viol (l1): 170.252329, Epoch time: 4.15s
Epoch 286/300, Loss: 366695.4554, Obj: 4889.4712, Eq Viol (l1): 52.155485, Ineq Viol (l1): 46.821968, Epoch time: 4.13s
Epoch 287/300, Loss: 414953.6011, Obj: 6515.0519, Eq Viol (l1): 32.583152, Ineq Viol (l1): 33.942927, Epoch time: 4.05s
Epoch 288/300, Loss: 168470.6330, Obj: 66.4322, Eq Viol (l1): 28.163537, Ineq Viol (l1): 10.726765, Epoch time: 4.13s
Epoch 289/300, Loss: 185541.6004, Obj: 202.7445, Eq Viol (l1): 22.407115, Ineq Viol (l1): 12.945493, Epoch time: 4.00s
Epoch 290/300, Loss: 187798.7406, Obj: 204.1122, Eq Viol (l1): 26.466926, Ineq Viol (l1): 13.434045, Epoch time: 4.12s
Epoch 291/300, Loss: 197322.7195, Obj: 540.6650, Eq Viol (l1): 67.776545, Ineq Viol (l1): 50.312504, Epoch time: 4.08s

Running validation at epoch 290...

VALIDATION_EPOCH_290 EVALUATION RESULTS:
==================================================
Objective Value:     5.852954e+01
True Objective:      -2.413704e+00
Optimality Gap:      1.177465e+02 ± 3.749836e+01
Eq Violation l1:   1.843664e+01 (max: 2.386890e+02)
Ineq Violation l1: 5.935094e+00 (max: 9.817951e+01)
Solution Distance:   6.291227e+02 ± 7.452530e+00
Merit:             3.022469e+02 ± 2.814566e-01
Avg Inference Time:  0.1649s
==================================================
Epoch 292/300, Loss: 177001.8180, Obj: 59.3427, Eq Viol (l1): 16.722049, Ineq Viol (l1): 5.060385, Epoch time: 3.99s
Epoch 293/300, Loss: 186406.0605, Obj: 56.5467, Eq Viol (l1): 15.452775, Ineq Viol (l1): 4.802387, Epoch time: 3.97s
Epoch 294/300, Loss: 193936.6247, Obj: 68.2360, Eq Viol (l1): 16.635645, Ineq Viol (l1): 6.307212, Epoch time: 3.94s
Epoch 295/300, Loss: 194507.7094, Obj: 57.2988, Eq Viol (l1): 17.762837, Ineq Viol (l1): 5.239054, Epoch time: 3.96s
Epoch 296/300, Loss: 497688.4640, Obj: 8202.2212, Eq Viol (l1): 189.664388, Ineq Viol (l1): 175.005838, Epoch time: 4.09s
Epoch 297/300, Loss: 200381.8402, Obj: 56.7312, Eq Viol (l1): 16.265958, Ineq Viol (l1): 4.753983, Epoch time: 3.96s
Epoch 298/300, Loss: 198880.9184, Obj: 56.4235, Eq Viol (l1): 16.880152, Ineq Viol (l1): 5.818177, Epoch time: 3.98s
Epoch 299/300, Loss: 187574.9138, Obj: 92.0869, Eq Viol (l1): 20.239987, Ineq Viol (l1): 7.937990, Epoch time: 3.96s
Epoch 300/300, Loss: 222807.3269, Obj: 1495.0302, Eq Viol (l1): 37.433748, Ineq Viol (l1): 37.069536, Epoch time: 4.13s

Training completed in 1024.13 seconds.

============================================================
COMPREHENSIVE TEST EVALUATION WITH DETAILED RESULTS
============================================================
Testing with batch sizes: [256, 512]

Evaluating with batch size: 256 (with detailed results)

TEST_BS256 EVALUATION RESULTS:
==================================================
Objective Value:     6.148344e+01
True Objective:      -2.409220e+00
Optimality Gap:      2.022447e+02 ± 2.144694e+02
Eq Violation l1:   1.753772e+01 (max: 2.183491e+02)
Ineq Violation l1: 5.181412e+00 (max: 9.877386e+01)
Solution Distance:   6.528152e+02 ± 1.944929e+01
Merit:             2.886747e+02 ± 2.810529e+01
Avg Inference Time:  0.1296s
==================================================

Evaluating with batch size: 512 (with detailed results)

TEST_BS512 EVALUATION RESULTS:
==================================================
Objective Value:     7.770944e+01
True Objective:      -2.408634e+00
Optimality Gap:      2.102366e+02 ± 1.249282e+02
Eq Violation l1:   2.379829e+01 (max: 1.555023e+03)
Ineq Violation l1: 9.361221e+00 (max: 1.477907e+03)
Solution Distance:   7.672253e+02 ± 1.851695e+02
Merit:             4.093045e+02 ± 1.256196e+02
Avg Inference Time:  0.1667s
==================================================

TEST BATCH SIZE COMPARISON:
================================================================================
Batch Size   Objective    Opt Gap      Eq Viol      Ineq Viol    Time (s)  
--------------------------------------------------------------------------------
256          6.1483e+01   2.0224e+02   1.7538e+01   5.1814e+00   1.04      
512          7.7709e+01   2.1024e+02   2.3798e+01   9.3612e+00   0.67      
================================================================================

Saving model and results to: results/nonsmooth_nonconvex/socp/SOCPProblem-100-50-50-10000/20260108-041001_MLP_FSNet_seed3_nepochs300_lr0.0002_trainsize7000_finetune_20260108-031722_model_340
✓ Model saved: results/nonsmooth_nonconvex/socp/SOCPProblem-100-50-50-10000/20260108-041001_MLP_FSNet_seed3_nepochs300_lr0.0002_trainsize7000_finetune_20260108-031722_model_340/model.pt
✓ Detailed results saved: results/nonsmooth_nonconvex/socp/SOCPProblem-100-50-50-10000/20260108-041001_MLP_FSNet_seed3_nepochs300_lr0.0002_trainsize7000_finetune_20260108-031722_model_340/results.pkl

Files saved (or attempted):
  - model.pt (model weights and architecture)
  - results.pkl (training history, metrics, detailed test results)
Training and testing completed in 1027.64 seconds
Done!!!
============================================================
==========         =====================         ===========
==========   3      =====================         ===========
==========         =====================         ===========
============================================================

======= Running for problem: nonsmooth_nonconvex/socp =======

Loading problem instance: nonsmooth_nonconvex/socp with size [100, 50, 50, 10000]
Loading  dataset from: datasets/nonsmooth_nonconvex/socp/random2025_socp_dataset_var100_ineq50_eq50_ex10000 

Running on:  cuda
Training model using FSNet method with seed 0 for 300 epochs
Using batch size: 512
Loading model from checkpoint: results/nonsmooth_nonconvex/socp/SOCPProblem-100-50-50-10000/20260108-031614_MLP_sup_pen_seed1_nepochs500_lr0.0002_trainsize100_subopt_2_1.0/model_420.pt

lr: 0.0002, weight_decay: 0.001, num_epochs: 300

Epoch 1/300, Loss: 26.4596, Obj: 26.1241, Eq Viol (l1): 0.000098, Ineq Viol (l1): 0.000000, Epoch time: 6.93s

Running validation at epoch 0...

VALIDATION_EPOCH_0 EVALUATION RESULTS:
==================================================
Objective Value:     2.568280e+01
True Objective:      -2.413704e+00
Optimality Gap:      4.533393e+01 ± 1.478068e+01
Eq Violation l1:   9.629728e-05 (max: 8.501254e-04)
Ineq Violation l1: 1.481646e-07 (max: 2.398218e-05)
Solution Distance:   2.376312e+02 ± 1.041009e+00
Merit:             2.568377e+01 ± 2.228275e-02
Avg Inference Time:  0.6140s
==================================================
Epoch 2/300, Loss: 24.9935, Obj: 24.1730, Eq Viol (l1): 0.000098, Ineq Viol (l1): 0.000000, Epoch time: 2.39s
Epoch 3/300, Loss: 23.7199, Obj: 23.1356, Eq Viol (l1): 0.000100, Ineq Viol (l1): 0.000000, Epoch time: 2.36s
Epoch 4/300, Loss: 22.6757, Obj: 22.1101, Eq Viol (l1): 0.000092, Ineq Viol (l1): 0.000000, Epoch time: 2.39s
Epoch 5/300, Loss: 21.6017, Obj: 21.0853, Eq Viol (l1): 0.000090, Ineq Viol (l1): 0.000000, Epoch time: 2.44s
Epoch 6/300, Loss: 20.5908, Obj: 20.0275, Eq Viol (l1): 0.000078, Ineq Viol (l1): 0.000000, Epoch time: 2.61s
Epoch 7/300, Loss: 19.2480, Obj: 18.6625, Eq Viol (l1): 0.000091, Ineq Viol (l1): 0.000001, Epoch time: 2.56s
Epoch 8/300, Loss: 17.1290, Obj: 16.5039, Eq Viol (l1): 0.000095, Ineq Viol (l1): 0.000001, Epoch time: 2.57s
Epoch 9/300, Loss: 13.8243, Obj: 13.1045, Eq Viol (l1): 0.000079, Ineq Viol (l1): 0.000000, Epoch time: 2.63s
Epoch 10/300, Loss: 10.5256, Obj: 9.5614, Eq Viol (l1): 0.000054, Ineq Viol (l1): 0.000001, Epoch time: 2.69s
Epoch 11/300, Loss: 9.5336, Obj: 8.3821, Eq Viol (l1): 0.000048, Ineq Viol (l1): 0.000001, Epoch time: 2.74s

Running validation at epoch 10...

VALIDATION_EPOCH_10 EVALUATION RESULTS:
==================================================
Objective Value:     8.018084e+00
True Objective:      -2.413704e+00
Optimality Gap:      1.487947e+01 ± 4.775703e+00
Eq Violation l1:   4.236866e-05 (max: 1.932822e-03)
Ineq Violation l1: 4.041497e-07 (max: 3.657855e-05)
Solution Distance:   1.602849e+02 ± 8.943057e-01
Merit:             8.018512e+00 ± 1.460623e-02
Avg Inference Time:  0.0787s
==================================================
Epoch 12/300, Loss: 8.8612, Obj: 7.7929, Eq Viol (l1): 0.000038, Ineq Viol (l1): 0.000000, Epoch time: 2.78s
Epoch 13/300, Loss: 8.4732, Obj: 6.9729, Eq Viol (l1): 0.000043, Ineq Viol (l1): 0.000000, Epoch time: 2.78s
Epoch 14/300, Loss: 5.6463, Obj: 4.5805, Eq Viol (l1): 0.000067, Ineq Viol (l1): 0.000000, Epoch time: 2.59s
Epoch 15/300, Loss: 3.4613, Obj: 2.2320, Eq Viol (l1): 0.000079, Ineq Viol (l1): 0.000000, Epoch time: 2.55s
Epoch 16/300, Loss: 2.5131, Obj: 1.5690, Eq Viol (l1): 0.000072, Ineq Viol (l1): 0.000000, Epoch time: 2.57s
Epoch 17/300, Loss: 2.0332, Obj: 1.1799, Eq Viol (l1): 0.000069, Ineq Viol (l1): 0.000000, Epoch time: 2.60s
Epoch 18/300, Loss: 1.8599, Obj: 1.0380, Eq Viol (l1): 0.000070, Ineq Viol (l1): 0.000000, Epoch time: 2.56s
Epoch 19/300, Loss: 1.6037, Obj: 0.7902, Eq Viol (l1): 0.000069, Ineq Viol (l1): 0.000000, Epoch time: 2.57s
Epoch 20/300, Loss: 1.0212, Obj: 0.2619, Eq Viol (l1): 0.000072, Ineq Viol (l1): 0.000000, Epoch time: 2.56s
Epoch 21/300, Loss: 0.6555, Obj: -0.0793, Eq Viol (l1): 0.000082, Ineq Viol (l1): 0.000000, Epoch time: 2.50s

Running validation at epoch 20...

VALIDATION_EPOCH_20 EVALUATION RESULTS:
==================================================
Objective Value:     -4.266926e-01
True Objective:      -2.413704e+00
Optimality Gap:      1.886290e-01 ± 1.639753e-03
Eq Violation l1:   9.180894e-05 (max: 1.220001e-03)
Ineq Violation l1: 4.599751e-07 (max: 5.492170e-05)
Solution Distance:   1.222036e+02 ± 5.411116e-01
Merit:             -4.257699e-01 ± 4.733531e-03
Avg Inference Time:  0.0692s
==================================================
Epoch 22/300, Loss: 0.5167, Obj: -0.1508, Eq Viol (l1): 0.000078, Ineq Viol (l1): 0.000000, Epoch time: 2.50s
Epoch 23/300, Loss: 0.4769, Obj: -0.1936, Eq Viol (l1): 0.000073, Ineq Viol (l1): 0.000000, Epoch time: 2.56s
Epoch 24/300, Loss: 0.4315, Obj: -0.2265, Eq Viol (l1): 0.000074, Ineq Viol (l1): 0.000000, Epoch time: 2.52s
Epoch 25/300, Loss: 0.3216, Obj: -0.2911, Eq Viol (l1): 0.000072, Ineq Viol (l1): 0.000001, Epoch time: 2.54s
Epoch 26/300, Loss: 0.2590, Obj: -0.3387, Eq Viol (l1): 0.000081, Ineq Viol (l1): 0.000001, Epoch time: 2.54s
Epoch 27/300, Loss: 0.2587, Obj: -0.3433, Eq Viol (l1): 0.000085, Ineq Viol (l1): 0.000001, Epoch time: 2.49s
Epoch 28/300, Loss: 0.2255, Obj: -0.3392, Eq Viol (l1): 0.000080, Ineq Viol (l1): 0.000001, Epoch time: 2.53s
Epoch 29/300, Loss: 0.2675, Obj: -0.3227, Eq Viol (l1): 0.000074, Ineq Viol (l1): 0.000000, Epoch time: 2.50s
Epoch 30/300, Loss: 0.2363, Obj: -0.3586, Eq Viol (l1): 0.000078, Ineq Viol (l1): 0.000001, Epoch time: 2.50s
Epoch 31/300, Loss: 0.2330, Obj: -0.3194, Eq Viol (l1): 0.000076, Ineq Viol (l1): 0.000000, Epoch time: 2.46s

Running validation at epoch 30...

VALIDATION_EPOCH_30 EVALUATION RESULTS:
==================================================
Objective Value:     -6.315105e-01
True Objective:      -2.413704e+00
Optimality Gap:      -3.212008e-01 ± 2.528394e-01
Eq Violation l1:   7.606764e-05 (max: 1.287358e-03)
Ineq Violation l1: 5.357141e-07 (max: 2.976556e-05)
Solution Distance:   1.232203e+02 ± 6.063188e-01
Merit:             -6.307445e-01 ± 1.427012e-03
Avg Inference Time:  0.0690s
==================================================
Epoch 32/300, Loss: 0.0703, Obj: -0.4570, Eq Viol (l1): 0.000076, Ineq Viol (l1): 0.000000, Epoch time: 2.54s
Epoch 33/300, Loss: 0.1085, Obj: -0.4182, Eq Viol (l1): 0.000087, Ineq Viol (l1): 0.000001, Epoch time: 2.56s
Epoch 34/300, Loss: 0.1473, Obj: -0.4147, Eq Viol (l1): 0.000069, Ineq Viol (l1): 0.000000, Epoch time: 2.54s
Epoch 35/300, Loss: 0.2182, Obj: -0.3628, Eq Viol (l1): 0.000076, Ineq Viol (l1): 0.000001, Epoch time: 2.52s
Epoch 36/300, Loss: 0.3038, Obj: -0.3253, Eq Viol (l1): 0.000079, Ineq Viol (l1): 0.000001, Epoch time: 2.46s
Epoch 37/300, Loss: 0.1263, Obj: -0.4103, Eq Viol (l1): 0.000075, Ineq Viol (l1): 0.000000, Epoch time: 2.45s
Epoch 38/300, Loss: 0.0096, Obj: -0.4974, Eq Viol (l1): 0.000089, Ineq Viol (l1): 0.000001, Epoch time: 2.46s
Epoch 39/300, Loss: 0.0269, Obj: -0.4878, Eq Viol (l1): 0.000084, Ineq Viol (l1): 0.000001, Epoch time: 2.46s
Epoch 40/300, Loss: 0.1311, Obj: -0.4262, Eq Viol (l1): 0.000089, Ineq Viol (l1): 0.000001, Epoch time: 2.46s
Epoch 41/300, Loss: 0.2296, Obj: -0.4648, Eq Viol (l1): 0.000082, Ineq Viol (l1): 0.000001, Epoch time: 2.49s

Running validation at epoch 40...

VALIDATION_EPOCH_40 EVALUATION RESULTS:
==================================================
Objective Value:     -7.655887e-01
True Objective:      -2.413704e+00
Optimality Gap:      -4.725661e-01 ± 3.017961e-01
Eq Violation l1:   1.054524e-04 (max: 7.289092e-04)
Ineq Violation l1: 7.790740e-07 (max: 2.587594e-05)
Solution Distance:   1.226104e+02 ± 5.734579e-01
Merit:             -7.645264e-01 ± 3.195707e-03
Avg Inference Time:  0.0702s
==================================================
Epoch 42/300, Loss: 0.0227, Obj: -0.4947, Eq Viol (l1): 0.000085, Ineq Viol (l1): 0.000000, Epoch time: 2.44s
Epoch 43/300, Loss: -0.0290, Obj: -0.5276, Eq Viol (l1): 0.000078, Ineq Viol (l1): 0.000000, Epoch time: 2.48s
Epoch 44/300, Loss: 0.0460, Obj: -0.4812, Eq Viol (l1): 0.000077, Ineq Viol (l1): 0.000001, Epoch time: 2.47s
Epoch 45/300, Loss: 0.0333, Obj: -0.4678, Eq Viol (l1): 0.000081, Ineq Viol (l1): 0.000000, Epoch time: 2.44s
Epoch 46/300, Loss: -0.0263, Obj: -0.4874, Eq Viol (l1): 0.000078, Ineq Viol (l1): 0.000000, Epoch time: 2.44s
Epoch 47/300, Loss: -0.1193, Obj: -0.5737, Eq Viol (l1): 0.000085, Ineq Viol (l1): 0.000001, Epoch time: 2.46s
Epoch 48/300, Loss: -0.1202, Obj: -0.5871, Eq Viol (l1): 0.000073, Ineq Viol (l1): 0.000001, Epoch time: 2.49s
Epoch 49/300, Loss: 0.0109, Obj: -0.4968, Eq Viol (l1): 0.000081, Ineq Viol (l1): 0.000000, Epoch time: 2.46s
Epoch 50/300, Loss: -0.0687, Obj: -0.5549, Eq Viol (l1): 0.000085, Ineq Viol (l1): 0.000001, Epoch time: 2.45s
Epoch 51/300, Loss: -0.1188, Obj: -0.5709, Eq Viol (l1): 0.000080, Ineq Viol (l1): 0.000001, Epoch time: 2.46s

Running validation at epoch 50...

VALIDATION_EPOCH_50 EVALUATION RESULTS:
==================================================
Objective Value:     -6.571959e-01
True Objective:      -2.413704e+00
Optimality Gap:      -3.383447e-01 ± 2.684194e-01
Eq Violation l1:   8.970924e-05 (max: 1.694807e-03)
Ineq Violation l1: 5.995768e-07 (max: 5.014601e-05)
Solution Distance:   1.237269e+02 ± 5.997820e-01
Merit:             -6.562928e-01 ± 3.761878e-03
Avg Inference Time:  0.0632s
==================================================
Epoch 52/300, Loss: -0.0300, Obj: -0.5415, Eq Viol (l1): 0.000074, Ineq Viol (l1): 0.000000, Epoch time: 2.48s
Epoch 53/300, Loss: -0.0438, Obj: -0.5152, Eq Viol (l1): 0.000080, Ineq Viol (l1): 0.000001, Epoch time: 2.43s
Epoch 54/300, Loss: -0.0840, Obj: -0.5351, Eq Viol (l1): 0.000092, Ineq Viol (l1): 0.000001, Epoch time: 2.40s
Epoch 55/300, Loss: -0.0926, Obj: -0.5577, Eq Viol (l1): 0.000075, Ineq Viol (l1): 0.000001, Epoch time: 2.47s
Epoch 56/300, Loss: -0.0906, Obj: -0.5598, Eq Viol (l1): 0.000081, Ineq Viol (l1): 0.000001, Epoch time: 2.51s
Epoch 57/300, Loss: -0.0105, Obj: -0.4776, Eq Viol (l1): 0.000089, Ineq Viol (l1): 0.000001, Epoch time: 2.42s
Epoch 58/300, Loss: 0.0259, Obj: -0.5137, Eq Viol (l1): 0.000084, Ineq Viol (l1): 0.000001, Epoch time: 2.45s
Epoch 59/300, Loss: -0.1183, Obj: -0.5402, Eq Viol (l1): 0.000085, Ineq Viol (l1): 0.000001, Epoch time: 2.43s
Epoch 60/300, Loss: -0.1087, Obj: -0.5581, Eq Viol (l1): 0.000076, Ineq Viol (l1): 0.000001, Epoch time: 2.44s
Epoch 61/300, Loss: -0.0941, Obj: -0.5733, Eq Viol (l1): 0.000083, Ineq Viol (l1): 0.000001, Epoch time: 2.44s

Running validation at epoch 60...

VALIDATION_EPOCH_60 EVALUATION RESULTS:
==================================================
Objective Value:     -5.394462e-01
True Objective:      -2.413704e+00
Optimality Gap:      -9.073596e-02 ± 2.230026e-01
Eq Violation l1:   8.888478e-05 (max: 9.785951e-04)
Ineq Violation l1: 3.324949e-07 (max: 2.659750e-05)
Solution Distance:   1.241194e+02 ± 6.673837e-01
Merit:             -5.385540e-01 ± 4.113239e-03
Avg Inference Time:  0.0622s
==================================================
Epoch 62/300, Loss: -0.0926, Obj: -0.5237, Eq Viol (l1): 0.000087, Ineq Viol (l1): 0.000001, Epoch time: 2.41s
Epoch 63/300, Loss: -0.1196, Obj: -0.5899, Eq Viol (l1): 0.000077, Ineq Viol (l1): 0.000001, Epoch time: 2.50s
Epoch 64/300, Loss: -0.1301, Obj: -0.5604, Eq Viol (l1): 0.000080, Ineq Viol (l1): 0.000001, Epoch time: 2.44s
Epoch 65/300, Loss: -0.2227, Obj: -0.6097, Eq Viol (l1): 0.000086, Ineq Viol (l1): 0.000001, Epoch time: 2.44s
Epoch 66/300, Loss: -0.2200, Obj: -0.6207, Eq Viol (l1): 0.000084, Ineq Viol (l1): 0.000001, Epoch time: 2.45s
Epoch 67/300, Loss: -0.1722, Obj: -0.6152, Eq Viol (l1): 0.000082, Ineq Viol (l1): 0.000001, Epoch time: 2.56s
Epoch 68/300, Loss: -0.1570, Obj: -0.5711, Eq Viol (l1): 0.000087, Ineq Viol (l1): 0.000001, Epoch time: 2.41s
Epoch 69/300, Loss: -0.1586, Obj: -0.5830, Eq Viol (l1): 0.000082, Ineq Viol (l1): 0.000000, Epoch time: 2.44s
Epoch 70/300, Loss: -0.1748, Obj: -0.5788, Eq Viol (l1): 0.000084, Ineq Viol (l1): 0.000001, Epoch time: 2.42s
Epoch 71/300, Loss: -0.1767, Obj: -0.5994, Eq Viol (l1): 0.000083, Ineq Viol (l1): 0.000001, Epoch time: 2.45s

Running validation at epoch 70...

VALIDATION_EPOCH_70 EVALUATION RESULTS:
==================================================
Objective Value:     -6.107566e-01
True Objective:      -2.413704e+00
Optimality Gap:      -2.135810e-01 ± 2.632145e-01
Eq Violation l1:   6.897830e-05 (max: 1.519871e-03)
Ineq Violation l1: 4.057354e-07 (max: 6.385537e-05)
Solution Distance:   1.238961e+02 ± 6.728796e-01
Merit:             -6.100627e-01 ± 4.778272e-03
Avg Inference Time:  0.0634s
==================================================
Epoch 72/300, Loss: -0.1627, Obj: -0.5940, Eq Viol (l1): 0.000080, Ineq Viol (l1): 0.000001, Epoch time: 2.44s
Epoch 73/300, Loss: -0.1739, Obj: -0.5557, Eq Viol (l1): 0.000080, Ineq Viol (l1): 0.000000, Epoch time: 2.41s
Epoch 74/300, Loss: -0.1096, Obj: -0.5601, Eq Viol (l1): 0.000083, Ineq Viol (l1): 0.000000, Epoch time: 2.40s
Epoch 75/300, Loss: -0.2036, Obj: -0.6025, Eq Viol (l1): 0.000082, Ineq Viol (l1): 0.000001, Epoch time: 2.42s
Epoch 76/300, Loss: -0.2569, Obj: -0.6410, Eq Viol (l1): 0.000080, Ineq Viol (l1): 0.000001, Epoch time: 2.45s
Epoch 77/300, Loss: -0.1584, Obj: -0.5806, Eq Viol (l1): 0.000086, Ineq Viol (l1): 0.000001, Epoch time: 2.41s
Epoch 78/300, Loss: -0.1741, Obj: -0.6006, Eq Viol (l1): 0.000081, Ineq Viol (l1): 0.000001, Epoch time: 2.45s
Epoch 79/300, Loss: -0.2042, Obj: -0.6024, Eq Viol (l1): 0.000089, Ineq Viol (l1): 0.000001, Epoch time: 2.41s
Epoch 80/300, Loss: -0.2396, Obj: -0.6263, Eq Viol (l1): 0.000088, Ineq Viol (l1): 0.000001, Epoch time: 2.43s
Epoch 81/300, Loss: -0.1677, Obj: -0.6063, Eq Viol (l1): 0.000084, Ineq Viol (l1): 0.000001, Epoch time: 2.47s

Running validation at epoch 80...

VALIDATION_EPOCH_80 EVALUATION RESULTS:
==================================================
Objective Value:     -6.966957e-01
True Objective:      -2.413704e+00
Optimality Gap:      -2.955219e-01 ± 1.770102e-01
Eq Violation l1:   4.099460e-05 (max: 1.736279e-03)
Ineq Violation l1: 2.049917e-07 (max: 2.864613e-05)
Solution Distance:   1.233812e+02 ± 5.758839e-01
Merit:             -6.962837e-01 ± 1.292118e-02
Avg Inference Time:  0.0685s
==================================================
Epoch 82/300, Loss: -0.1736, Obj: -0.6090, Eq Viol (l1): 0.000079, Ineq Viol (l1): 0.000001, Epoch time: 2.46s
Epoch 83/300, Loss: -0.1588, Obj: -0.5990, Eq Viol (l1): 0.000090, Ineq Viol (l1): 0.000001, Epoch time: 2.42s
Epoch 84/300, Loss: -0.2546, Obj: -0.6260, Eq Viol (l1): 0.000090, Ineq Viol (l1): 0.000000, Epoch time: 2.38s
Epoch 85/300, Loss: -0.2831, Obj: -0.6552, Eq Viol (l1): 0.000082, Ineq Viol (l1): 0.000001, Epoch time: 2.45s
Epoch 86/300, Loss: -0.1952, Obj: -0.6160, Eq Viol (l1): 0.000083, Ineq Viol (l1): 0.000000, Epoch time: 2.44s
Epoch 87/300, Loss: -0.1429, Obj: -0.5678, Eq Viol (l1): 0.000082, Ineq Viol (l1): 0.000000, Epoch time: 2.44s
Epoch 88/300, Loss: -0.1980, Obj: -0.6110, Eq Viol (l1): 0.000077, Ineq Viol (l1): 0.000000, Epoch time: 2.46s
Epoch 89/300, Loss: -0.2278, Obj: -0.6359, Eq Viol (l1): 0.000078, Ineq Viol (l1): 0.000000, Epoch time: 2.44s
Epoch 90/300, Loss: -0.2634, Obj: -0.6428, Eq Viol (l1): 0.000088, Ineq Viol (l1): 0.000001, Epoch time: 2.40s
Epoch 91/300, Loss: -0.2673, Obj: -0.6256, Eq Viol (l1): 0.000078, Ineq Viol (l1): 0.000001, Epoch time: 2.42s

Running validation at epoch 90...

VALIDATION_EPOCH_90 EVALUATION RESULTS:
==================================================
Objective Value:     -7.828715e-01
True Objective:      -2.413704e+00
Optimality Gap:      -4.306836e-01 ± 1.987682e-01
Eq Violation l1:   6.002275e-05 (max: 1.416707e-03)
Ineq Violation l1: 4.977659e-07 (max: 4.573027e-05)
Solution Distance:   1.232239e+02 ± 5.579234e-01
Merit:             -7.822663e-01 ± 9.733899e-03
Avg Inference Time:  0.0670s
==================================================
Epoch 92/300, Loss: -0.2062, Obj: -0.5923, Eq Viol (l1): 0.000072, Ineq Viol (l1): 0.000000, Epoch time: 2.45s
Epoch 93/300, Loss: -0.2237, Obj: -0.6287, Eq Viol (l1): 0.000087, Ineq Viol (l1): 0.000001, Epoch time: 2.42s
Epoch 94/300, Loss: -0.1962, Obj: -0.5983, Eq Viol (l1): 0.000079, Ineq Viol (l1): 0.000001, Epoch time: 2.43s
Epoch 95/300, Loss: -0.2260, Obj: -0.5966, Eq Viol (l1): 0.000082, Ineq Viol (l1): 0.000000, Epoch time: 2.42s
Epoch 96/300, Loss: -0.2698, Obj: -0.6564, Eq Viol (l1): 0.000085, Ineq Viol (l1): 0.000001, Epoch time: 2.43s
Epoch 97/300, Loss: -0.2561, Obj: -0.6343, Eq Viol (l1): 0.000084, Ineq Viol (l1): 0.000001, Epoch time: 2.43s
Epoch 98/300, Loss: -0.2386, Obj: -0.6316, Eq Viol (l1): 0.000084, Ineq Viol (l1): 0.000001, Epoch time: 2.43s
Epoch 99/300, Loss: -0.2688, Obj: -0.6627, Eq Viol (l1): 0.000076, Ineq Viol (l1): 0.000001, Epoch time: 2.58s
Epoch 100/300, Loss: -0.1937, Obj: -0.5987, Eq Viol (l1): 0.000084, Ineq Viol (l1): 0.000001, Epoch time: 2.41s
Epoch 101/300, Loss: -0.2909, Obj: -0.6352, Eq Viol (l1): 0.000077, Ineq Viol (l1): 0.000000, Epoch time: 2.43s

Running validation at epoch 100...

VALIDATION_EPOCH_100 EVALUATION RESULTS:
==================================================
Objective Value:     -8.687857e-01
True Objective:      -2.413704e+00
Optimality Gap:      -6.460205e-01 ± 3.411003e-01
Eq Violation l1:   7.469795e-05 (max: 7.747475e-04)
Ineq Violation l1: 5.673589e-07 (max: 5.276247e-05)
Solution Distance:   1.225287e+02 ± 5.821526e-01
Merit:             -8.680330e-01 ± 3.033441e-03
Avg Inference Time:  0.0687s
==================================================
Epoch 102/300, Loss: -0.3285, Obj: -0.6977, Eq Viol (l1): 0.000081, Ineq Viol (l1): 0.000001, Epoch time: 2.43s
Epoch 103/300, Loss: -0.3071, Obj: -0.6534, Eq Viol (l1): 0.000083, Ineq Viol (l1): 0.000001, Epoch time: 2.41s
Epoch 104/300, Loss: -0.2625, Obj: -0.6488, Eq Viol (l1): 0.000081, Ineq Viol (l1): 0.000000, Epoch time: 2.43s
Epoch 105/300, Loss: -0.3392, Obj: -0.6840, Eq Viol (l1): 0.000084, Ineq Viol (l1): 0.000001, Epoch time: 2.41s
Epoch 106/300, Loss: -0.2421, Obj: -0.6773, Eq Viol (l1): 0.000089, Ineq Viol (l1): 0.000001, Epoch time: 2.45s
Epoch 107/300, Loss: 0.0468, Obj: -0.4645, Eq Viol (l1): 0.000087, Ineq Viol (l1): 0.000001, Epoch time: 2.39s
Epoch 108/300, Loss: -0.0523, Obj: -0.6284, Eq Viol (l1): 0.000091, Ineq Viol (l1): 0.000001, Epoch time: 2.47s
Epoch 109/300, Loss: -0.2290, Obj: -0.5891, Eq Viol (l1): 0.000081, Ineq Viol (l1): 0.000001, Epoch time: 2.44s
Epoch 110/300, Loss: -0.2766, Obj: -0.6150, Eq Viol (l1): 0.000076, Ineq Viol (l1): 0.000000, Epoch time: 2.42s
Epoch 111/300, Loss: -0.2144, Obj: -0.6549, Eq Viol (l1): 0.000082, Ineq Viol (l1): 0.000001, Epoch time: 2.46s

Running validation at epoch 110...

VALIDATION_EPOCH_110 EVALUATION RESULTS:
==================================================
Objective Value:     -8.162536e-01
True Objective:      -2.413704e+00
Optimality Gap:      -5.650990e-01 ± 3.223914e-01
Eq Violation l1:   9.673300e-05 (max: 7.276473e-04)
Ineq Violation l1: 7.058496e-07 (max: 2.490151e-05)
Solution Distance:   1.218385e+02 ± 5.731185e-01
Merit:             -8.152792e-01 ± 3.486379e-03
Avg Inference Time:  0.0717s
==================================================
Epoch 112/300, Loss: -0.0102, Obj: -0.5495, Eq Viol (l1): 0.000083, Ineq Viol (l1): 0.000001, Epoch time: 2.44s
Epoch 113/300, Loss: -0.2918, Obj: -0.6523, Eq Viol (l1): 0.000083, Ineq Viol (l1): 0.000001, Epoch time: 2.41s
Epoch 114/300, Loss: -0.2887, Obj: -0.6572, Eq Viol (l1): 0.000075, Ineq Viol (l1): 0.000001, Epoch time: 2.47s
Epoch 115/300, Loss: -0.2174, Obj: -0.6055, Eq Viol (l1): 0.000087, Ineq Viol (l1): 0.000001, Epoch time: 2.42s
Epoch 116/300, Loss: -0.2905, Obj: -0.6631, Eq Viol (l1): 0.000082, Ineq Viol (l1): 0.000001, Epoch time: 2.43s
Epoch 117/300, Loss: -0.2776, Obj: -0.6444, Eq Viol (l1): 0.000083, Ineq Viol (l1): 0.000001, Epoch time: 2.41s
Epoch 118/300, Loss: -0.2475, Obj: -0.6453, Eq Viol (l1): 0.000080, Ineq Viol (l1): 0.000001, Epoch time: 2.48s
Epoch 119/300, Loss: -0.2319, Obj: -0.6382, Eq Viol (l1): 0.000079, Ineq Viol (l1): 0.000001, Epoch time: 2.48s
Epoch 120/300, Loss: -0.2600, Obj: -0.6276, Eq Viol (l1): 0.000086, Ineq Viol (l1): 0.000001, Epoch time: 2.40s
Epoch 121/300, Loss: -0.1245, Obj: -0.5880, Eq Viol (l1): 0.000077, Ineq Viol (l1): 0.000001, Epoch time: 2.47s

Running validation at epoch 120...

VALIDATION_EPOCH_120 EVALUATION RESULTS:
==================================================
Objective Value:     -6.910675e-01
True Objective:      -2.413704e+00
Optimality Gap:      -4.048192e-01 ± 3.055800e-01
Eq Violation l1:   9.746728e-05 (max: 9.610583e-04)
Ineq Violation l1: 8.102305e-07 (max: 6.532223e-05)
Solution Distance:   1.236142e+02 ± 6.250214e-01
Merit:             -6.900847e-01 ± 1.752918e-03
Avg Inference Time:  0.0645s
==================================================
Epoch 122/300, Loss: -0.2094, Obj: -0.6269, Eq Viol (l1): 0.000085, Ineq Viol (l1): 0.000001, Epoch time: 2.42s
Epoch 123/300, Loss: -0.1536, Obj: -0.6275, Eq Viol (l1): 0.000089, Ineq Viol (l1): 0.000001, Epoch time: 2.44s
Epoch 124/300, Loss: -0.2974, Obj: -0.6336, Eq Viol (l1): 0.000076, Ineq Viol (l1): 0.000001, Epoch time: 2.43s
Epoch 125/300, Loss: -0.2465, Obj: -0.6362, Eq Viol (l1): 0.000077, Ineq Viol (l1): 0.000001, Epoch time: 2.46s
Epoch 126/300, Loss: -0.2894, Obj: -0.6646, Eq Viol (l1): 0.000078, Ineq Viol (l1): 0.000001, Epoch time: 2.46s
Epoch 127/300, Loss: -0.2644, Obj: -0.6107, Eq Viol (l1): 0.000086, Ineq Viol (l1): 0.000001, Epoch time: 2.41s
Epoch 128/300, Loss: -0.2648, Obj: -0.6590, Eq Viol (l1): 0.000082, Ineq Viol (l1): 0.000001, Epoch time: 2.45s
Epoch 129/300, Loss: -0.2804, Obj: -0.6402, Eq Viol (l1): 0.000080, Ineq Viol (l1): 0.000001, Epoch time: 2.44s
Epoch 130/300, Loss: -0.3313, Obj: -0.6808, Eq Viol (l1): 0.000079, Ineq Viol (l1): 0.000001, Epoch time: 2.44s
Epoch 131/300, Loss: -0.3644, Obj: -0.6925, Eq Viol (l1): 0.000085, Ineq Viol (l1): 0.000001, Epoch time: 2.52s

Running validation at epoch 130...

VALIDATION_EPOCH_130 EVALUATION RESULTS:
==================================================
Objective Value:     -6.584812e-01
True Objective:      -2.413704e+00
Optimality Gap:      -2.252270e-01 ± 1.946777e-01
Eq Violation l1:   5.012457e-05 (max: 1.967883e-03)
Ineq Violation l1: 3.832266e-07 (max: 5.169523e-05)
Solution Distance:   1.240247e+02 ± 5.929788e-01
Merit:             -6.579762e-01 ± 8.403456e-03
Avg Inference Time:  0.0658s
==================================================
Epoch 132/300, Loss: -0.3290, Obj: -0.6560, Eq Viol (l1): 0.000073, Ineq Viol (l1): 0.000001, Epoch time: 2.46s
Epoch 133/300, Loss: -0.3034, Obj: -0.6604, Eq Viol (l1): 0.000088, Ineq Viol (l1): 0.000001, Epoch time: 2.40s
Epoch 134/300, Loss: -0.2969, Obj: -0.6763, Eq Viol (l1): 0.000083, Ineq Viol (l1): 0.000001, Epoch time: 2.44s
Epoch 135/300, Loss: -0.3366, Obj: -0.6724, Eq Viol (l1): 0.000083, Ineq Viol (l1): 0.000001, Epoch time: 2.40s
Epoch 136/300, Loss: -0.3398, Obj: -0.6882, Eq Viol (l1): 0.000087, Ineq Viol (l1): 0.000001, Epoch time: 2.41s
Epoch 137/300, Loss: -0.2660, Obj: -0.6497, Eq Viol (l1): 0.000088, Ineq Viol (l1): 0.000001, Epoch time: 2.42s
Epoch 138/300, Loss: -0.2183, Obj: -0.6337, Eq Viol (l1): 0.000088, Ineq Viol (l1): 0.000001, Epoch time: 2.44s
Epoch 139/300, Loss: -0.2520, Obj: -0.6168, Eq Viol (l1): 0.000073, Ineq Viol (l1): 0.000000, Epoch time: 2.44s
Epoch 140/300, Loss: -0.3523, Obj: -0.6754, Eq Viol (l1): 0.000081, Ineq Viol (l1): 0.000001, Epoch time: 2.41s
Epoch 141/300, Loss: -0.3454, Obj: -0.6691, Eq Viol (l1): 0.000076, Ineq Viol (l1): 0.000000, Epoch time: 2.43s

Running validation at epoch 140...

VALIDATION_EPOCH_140 EVALUATION RESULTS:
==================================================
Objective Value:     -7.651080e-01
True Objective:      -2.413704e+00
Optimality Gap:      -4.679910e-01 ± 2.893845e-01
Eq Violation l1:   7.709235e-05 (max: 1.945195e-03)
Ineq Violation l1: 5.308201e-07 (max: 5.535459e-05)
Solution Distance:   1.233852e+02 ± 6.242382e-01
Merit:             -7.643317e-01 ± 4.249395e-03
Avg Inference Time:  0.0669s
==================================================
Epoch 142/300, Loss: -0.2960, Obj: -0.6412, Eq Viol (l1): 0.000078, Ineq Viol (l1): 0.000000, Epoch time: 2.43s
Epoch 143/300, Loss: -0.3055, Obj: -0.6685, Eq Viol (l1): 0.000082, Ineq Viol (l1): 0.000001, Epoch time: 2.43s
Epoch 144/300, Loss: -0.3528, Obj: -0.6879, Eq Viol (l1): 0.000081, Ineq Viol (l1): 0.000000, Epoch time: 2.45s
Epoch 145/300, Loss: -0.3599, Obj: -0.6845, Eq Viol (l1): 0.000080, Ineq Viol (l1): 0.000000, Epoch time: 2.45s
Epoch 146/300, Loss: -0.2758, Obj: -0.6710, Eq Viol (l1): 0.000078, Ineq Viol (l1): 0.000001, Epoch time: 2.48s
Epoch 147/300, Loss: -0.3032, Obj: -0.6455, Eq Viol (l1): 0.000087, Ineq Viol (l1): 0.000001, Epoch time: 2.39s
Epoch 148/300, Loss: -0.4217, Obj: -0.7258, Eq Viol (l1): 0.000076, Ineq Viol (l1): 0.000001, Epoch time: 2.46s
Epoch 149/300, Loss: -0.3799, Obj: -0.7065, Eq Viol (l1): 0.000073, Ineq Viol (l1): 0.000000, Epoch time: 2.45s
Epoch 150/300, Loss: -0.3697, Obj: -0.6960, Eq Viol (l1): 0.000080, Ineq Viol (l1): 0.000001, Epoch time: 2.42s
Epoch 151/300, Loss: -0.3890, Obj: -0.7081, Eq Viol (l1): 0.000076, Ineq Viol (l1): 0.000000, Epoch time: 2.43s

Running validation at epoch 150...

VALIDATION_EPOCH_150 EVALUATION RESULTS:
==================================================
Objective Value:     -7.340878e-01
True Objective:      -2.413704e+00
Optimality Gap:      -4.491755e-01 ± 3.132229e-01
Eq Violation l1:   6.794206e-05 (max: 9.313979e-04)
Ineq Violation l1: 5.392094e-07 (max: 3.470636e-05)
Solution Distance:   1.239026e+02 ± 6.428259e-01
Merit:             -7.334030e-01 ± 5.287625e-03
Avg Inference Time:  0.0661s
==================================================
Epoch 152/300, Loss: -0.2752, Obj: -0.6291, Eq Viol (l1): 0.000081, Ineq Viol (l1): 0.000001, Epoch time: 2.43s
Epoch 153/300, Loss: -0.3503, Obj: -0.6805, Eq Viol (l1): 0.000079, Ineq Viol (l1): 0.000001, Epoch time: 2.44s
Epoch 154/300, Loss: -0.3219, Obj: -0.6719, Eq Viol (l1): 0.000082, Ineq Viol (l1): 0.000001, Epoch time: 2.42s
Epoch 155/300, Loss: -0.3511, Obj: -0.7145, Eq Viol (l1): 0.000086, Ineq Viol (l1): 0.000001, Epoch time: 2.44s
Epoch 156/300, Loss: -0.3411, Obj: -0.6599, Eq Viol (l1): 0.000083, Ineq Viol (l1): 0.000000, Epoch time: 2.42s
Epoch 157/300, Loss: -0.2565, Obj: -0.6462, Eq Viol (l1): 0.000092, Ineq Viol (l1): 0.000001, Epoch time: 2.42s
Epoch 158/300, Loss: -0.2929, Obj: -0.6758, Eq Viol (l1): 0.000085, Ineq Viol (l1): 0.000001, Epoch time: 2.46s
Epoch 159/300, Loss: -0.3409, Obj: -0.6820, Eq Viol (l1): 0.000076, Ineq Viol (l1): 0.000001, Epoch time: 2.45s
Epoch 160/300, Loss: -0.3372, Obj: -0.6751, Eq Viol (l1): 0.000080, Ineq Viol (l1): 0.000001, Epoch time: 2.43s
Epoch 161/300, Loss: -0.3926, Obj: -0.7119, Eq Viol (l1): 0.000084, Ineq Viol (l1): 0.000001, Epoch time: 2.42s

Running validation at epoch 160...

VALIDATION_EPOCH_160 EVALUATION RESULTS:
==================================================
Objective Value:     -6.852668e-01
True Objective:      -2.413704e+00
Optimality Gap:      -3.746078e-01 ± 2.387684e-01
Eq Violation l1:   8.235809e-05 (max: 1.729520e-03)
Ineq Violation l1: 3.013957e-07 (max: 2.376558e-05)
Solution Distance:   1.238834e+02 ± 6.662665e-01
Merit:             -6.844402e-01 ± 1.678889e-03
Avg Inference Time:  0.0620s
==================================================
Epoch 162/300, Loss: -0.3931, Obj: -0.6929, Eq Viol (l1): 0.000085, Ineq Viol (l1): 0.000001, Epoch time: 2.40s
Epoch 163/300, Loss: -0.3811, Obj: -0.7145, Eq Viol (l1): 0.000095, Ineq Viol (l1): 0.000001, Epoch time: 2.39s
Epoch 164/300, Loss: -0.4023, Obj: -0.7045, Eq Viol (l1): 0.000086, Ineq Viol (l1): 0.000001, Epoch time: 2.50s
Epoch 165/300, Loss: -0.3909, Obj: -0.7181, Eq Viol (l1): 0.000082, Ineq Viol (l1): 0.000001, Epoch time: 2.44s
Epoch 166/300, Loss: -0.3655, Obj: -0.7339, Eq Viol (l1): 0.000084, Ineq Viol (l1): 0.000001, Epoch time: 2.43s
Epoch 167/300, Loss: -0.3391, Obj: -0.6646, Eq Viol (l1): 0.000072, Ineq Viol (l1): 0.000001, Epoch time: 2.45s
Epoch 168/300, Loss: -0.3649, Obj: -0.7058, Eq Viol (l1): 0.000083, Ineq Viol (l1): 0.000001, Epoch time: 2.42s
Epoch 169/300, Loss: -0.2570, Obj: -0.6222, Eq Viol (l1): 0.000081, Ineq Viol (l1): 0.000001, Epoch time: 2.43s
Epoch 170/300, Loss: -0.3365, Obj: -0.6938, Eq Viol (l1): 0.000082, Ineq Viol (l1): 0.000001, Epoch time: 2.45s
Epoch 171/300, Loss: -0.3983, Obj: -0.7112, Eq Viol (l1): 0.000080, Ineq Viol (l1): 0.000001, Epoch time: 2.42s

Running validation at epoch 170...

VALIDATION_EPOCH_170 EVALUATION RESULTS:
==================================================
Objective Value:     -8.056305e-01
True Objective:      -2.413704e+00
Optimality Gap:      -5.729470e-01 ± 3.295273e-01
Eq Violation l1:   7.564062e-05 (max: 1.032698e-03)
Ineq Violation l1: 3.558180e-07 (max: 2.017172e-05)
Solution Distance:   1.231281e+02 ± 6.207653e-01
Merit:             -8.048706e-01 ± 3.821545e-03
Avg Inference Time:  0.0676s
==================================================
Epoch 172/300, Loss: -0.3906, Obj: -0.7079, Eq Viol (l1): 0.000080, Ineq Viol (l1): 0.000001, Epoch time: 2.45s
Epoch 173/300, Loss: -0.4013, Obj: -0.7086, Eq Viol (l1): 0.000077, Ineq Viol (l1): 0.000001, Epoch time: 2.43s
Epoch 174/300, Loss: -0.3716, Obj: -0.6882, Eq Viol (l1): 0.000082, Ineq Viol (l1): 0.000001, Epoch time: 2.41s
Epoch 175/300, Loss: -0.4315, Obj: -0.7271, Eq Viol (l1): 0.000083, Ineq Viol (l1): 0.000001, Epoch time: 2.41s
Epoch 176/300, Loss: -0.4049, Obj: -0.7142, Eq Viol (l1): 0.000087, Ineq Viol (l1): 0.000001, Epoch time: 2.40s
Epoch 177/300, Loss: -0.4135, Obj: -0.7188, Eq Viol (l1): 0.000083, Ineq Viol (l1): 0.000001, Epoch time: 2.42s
Epoch 178/300, Loss: -0.3358, Obj: -0.6661, Eq Viol (l1): 0.000081, Ineq Viol (l1): 0.000001, Epoch time: 2.43s
Epoch 179/300, Loss: -0.3411, Obj: -0.6596, Eq Viol (l1): 0.000078, Ineq Viol (l1): 0.000001, Epoch time: 2.41s
Epoch 180/300, Loss: -0.3685, Obj: -0.7057, Eq Viol (l1): 0.000090, Ineq Viol (l1): 0.000001, Epoch time: 2.42s
Epoch 181/300, Loss: -0.3956, Obj: -0.7038, Eq Viol (l1): 0.000081, Ineq Viol (l1): 0.000001, Epoch time: 2.42s

Running validation at epoch 180...

VALIDATION_EPOCH_180 EVALUATION RESULTS:
==================================================
Objective Value:     -8.106928e-01
True Objective:      -2.413704e+00
Optimality Gap:      -5.424714e-01 ± 3.015476e-01
Eq Violation l1:   7.437464e-05 (max: 6.678281e-04)
Ineq Violation l1: 2.812496e-07 (max: 1.458315e-05)
Solution Distance:   1.233306e+02 ± 6.207235e-01
Merit:             -8.099462e-01 ± 4.268468e-03
Avg Inference Time:  0.0658s
==================================================
Epoch 182/300, Loss: -0.3972, Obj: -0.7015, Eq Viol (l1): 0.000080, Ineq Viol (l1): 0.000001, Epoch time: 2.42s
Epoch 183/300, Loss: -0.3829, Obj: -0.7166, Eq Viol (l1): 0.000087, Ineq Viol (l1): 0.000001, Epoch time: 2.40s
Epoch 184/300, Loss: -0.3895, Obj: -0.7054, Eq Viol (l1): 0.000086, Ineq Viol (l1): 0.000001, Epoch time: 2.39s
Epoch 185/300, Loss: -0.3475, Obj: -0.6769, Eq Viol (l1): 0.000085, Ineq Viol (l1): 0.000001, Epoch time: 2.42s
Epoch 186/300, Loss: -0.4026, Obj: -0.7188, Eq Viol (l1): 0.000081, Ineq Viol (l1): 0.000001, Epoch time: 2.42s
Epoch 187/300, Loss: -0.3549, Obj: -0.6920, Eq Viol (l1): 0.000083, Ineq Viol (l1): 0.000001, Epoch time: 2.44s
Epoch 188/300, Loss: -0.3741, Obj: -0.6990, Eq Viol (l1): 0.000081, Ineq Viol (l1): 0.000001, Epoch time: 2.44s
Epoch 189/300, Loss: -0.3551, Obj: -0.6909, Eq Viol (l1): 0.000077, Ineq Viol (l1): 0.000001, Epoch time: 2.45s
Epoch 190/300, Loss: -0.4275, Obj: -0.7128, Eq Viol (l1): 0.000084, Ineq Viol (l1): 0.000001, Epoch time: 2.42s
Epoch 191/300, Loss: -0.3116, Obj: -0.6768, Eq Viol (l1): 0.000079, Ineq Viol (l1): 0.000001, Epoch time: 2.44s

Running validation at epoch 190...

VALIDATION_EPOCH_190 EVALUATION RESULTS:
==================================================
Objective Value:     -8.428659e-01
True Objective:      -2.413704e+00
Optimality Gap:      -6.347762e-01 ± 3.570814e-01
Eq Violation l1:   8.496863e-05 (max: 8.614781e-04)
Ineq Violation l1: 4.266996e-07 (max: 2.311093e-05)
Solution Distance:   1.227799e+02 ± 6.697457e-01
Merit:             -8.420120e-01 ± 3.172284e-03
Avg Inference Time:  0.0664s
==================================================
Epoch 192/300, Loss: -0.4524, Obj: -0.7328, Eq Viol (l1): 0.000081, Ineq Viol (l1): 0.000001, Epoch time: 2.41s
Epoch 193/300, Loss: -0.4718, Obj: -0.7585, Eq Viol (l1): 0.000084, Ineq Viol (l1): 0.000001, Epoch time: 2.42s
Epoch 194/300, Loss: -0.4420, Obj: -0.7171, Eq Viol (l1): 0.000078, Ineq Viol (l1): 0.000000, Epoch time: 2.41s
Epoch 195/300, Loss: -0.4076, Obj: -0.7150, Eq Viol (l1): 0.000089, Ineq Viol (l1): 0.000001, Epoch time: 2.39s
Epoch 196/300, Loss: -0.4262, Obj: -0.7399, Eq Viol (l1): 0.000079, Ineq Viol (l1): 0.000001, Epoch time: 2.47s
Epoch 197/300, Loss: -0.4172, Obj: -0.7185, Eq Viol (l1): 0.000088, Ineq Viol (l1): 0.000001, Epoch time: 2.51s
Epoch 198/300, Loss: -0.2983, Obj: -0.6651, Eq Viol (l1): 0.000074, Ineq Viol (l1): 0.000001, Epoch time: 2.45s
Epoch 199/300, Loss: -0.3904, Obj: -0.7078, Eq Viol (l1): 0.000088, Ineq Viol (l1): 0.000001, Epoch time: 2.39s
Epoch 200/300, Loss: -0.3808, Obj: -0.7129, Eq Viol (l1): 0.000079, Ineq Viol (l1): 0.000001, Epoch time: 2.44s
Epoch 201/300, Loss: -0.3904, Obj: -0.6921, Eq Viol (l1): 0.000091, Ineq Viol (l1): 0.000001, Epoch time: 2.37s

Running validation at epoch 200...

VALIDATION_EPOCH_200 EVALUATION RESULTS:
==================================================
Objective Value:     -8.364393e-01
True Objective:      -2.413704e+00
Optimality Gap:      -6.292938e-01 ± 3.465973e-01
Eq Violation l1:   8.725334e-05 (max: 1.445837e-03)
Ineq Violation l1: 7.806357e-07 (max: 3.062646e-05)
Solution Distance:   1.227789e+02 ± 6.391826e-01
Merit:             -8.355589e-01 ± 3.067402e-03
Avg Inference Time:  0.0673s
==================================================
Epoch 202/300, Loss: -0.4116, Obj: -0.7255, Eq Viol (l1): 0.000075, Ineq Viol (l1): 0.000001, Epoch time: 2.45s
Epoch 203/300, Loss: -0.4430, Obj: -0.7417, Eq Viol (l1): 0.000082, Ineq Viol (l1): 0.000000, Epoch time: 2.43s
Epoch 204/300, Loss: -0.3746, Obj: -0.7130, Eq Viol (l1): 0.000079, Ineq Viol (l1): 0.000001, Epoch time: 2.42s
Epoch 205/300, Loss: -0.4558, Obj: -0.7381, Eq Viol (l1): 0.000079, Ineq Viol (l1): 0.000001, Epoch time: 2.42s
Epoch 206/300, Loss: -0.4696, Obj: -0.7531, Eq Viol (l1): 0.000080, Ineq Viol (l1): 0.000001, Epoch time: 2.42s
Epoch 207/300, Loss: -0.3784, Obj: -0.7147, Eq Viol (l1): 0.000083, Ineq Viol (l1): 0.000001, Epoch time: 2.44s
Epoch 208/300, Loss: -0.4459, Obj: -0.7342, Eq Viol (l1): 0.000081, Ineq Viol (l1): 0.000001, Epoch time: 2.42s
Epoch 209/300, Loss: -0.4287, Obj: -0.7378, Eq Viol (l1): 0.000086, Ineq Viol (l1): 0.000001, Epoch time: 2.43s
Epoch 210/300, Loss: -0.4394, Obj: -0.7308, Eq Viol (l1): 0.000084, Ineq Viol (l1): 0.000001, Epoch time: 2.40s
Epoch 211/300, Loss: -0.4418, Obj: -0.7422, Eq Viol (l1): 0.000090, Ineq Viol (l1): 0.000001, Epoch time: 2.42s

Running validation at epoch 210...

VALIDATION_EPOCH_210 EVALUATION RESULTS:
==================================================
Objective Value:     -7.805694e-01
True Objective:      -2.413704e+00
Optimality Gap:      -4.676263e-01 ± 2.700987e-01
Eq Violation l1:   7.561107e-05 (max: 1.810212e-03)
Ineq Violation l1: 4.518409e-07 (max: 4.535735e-05)
Solution Distance:   1.233118e+02 ± 6.356766e-01
Merit:             -7.798088e-01 ± 2.801491e-03
Avg Inference Time:  0.0645s
==================================================
Epoch 212/300, Loss: -0.4459, Obj: -0.7381, Eq Viol (l1): 0.000078, Ineq Viol (l1): 0.000001, Epoch time: 2.45s
Epoch 213/300, Loss: -0.3589, Obj: -0.7030, Eq Viol (l1): 0.000084, Ineq Viol (l1): 0.000001, Epoch time: 2.43s
Epoch 214/300, Loss: -0.4389, Obj: -0.7251, Eq Viol (l1): 0.000082, Ineq Viol (l1): 0.000001, Epoch time: 2.43s
Epoch 215/300, Loss: -0.4525, Obj: -0.7341, Eq Viol (l1): 0.000080, Ineq Viol (l1): 0.000001, Epoch time: 2.41s
Epoch 216/300, Loss: -0.5038, Obj: -0.7617, Eq Viol (l1): 0.000081, Ineq Viol (l1): 0.000001, Epoch time: 2.41s
Epoch 217/300, Loss: -0.4382, Obj: -0.7372, Eq Viol (l1): 0.000089, Ineq Viol (l1): 0.000001, Epoch time: 2.40s
Epoch 218/300, Loss: -0.4179, Obj: -0.7157, Eq Viol (l1): 0.000081, Ineq Viol (l1): 0.000000, Epoch time: 2.41s
Epoch 219/300, Loss: -0.3836, Obj: -0.7275, Eq Viol (l1): 0.000079, Ineq Viol (l1): 0.000001, Epoch time: 2.47s
Epoch 220/300, Loss: -0.3681, Obj: -0.6761, Eq Viol (l1): 0.000084, Ineq Viol (l1): 0.000001, Epoch time: 2.41s
Epoch 221/300, Loss: -0.3687, Obj: -0.7147, Eq Viol (l1): 0.000082, Ineq Viol (l1): 0.000001, Epoch time: 2.45s

Running validation at epoch 220...

VALIDATION_EPOCH_220 EVALUATION RESULTS:
==================================================
Objective Value:     -8.018579e-01
True Objective:      -2.413704e+00
Optimality Gap:      -5.100619e-01 ± 2.582666e-01
Eq Violation l1:   8.224304e-05 (max: 8.898479e-04)
Ineq Violation l1: 6.234599e-07 (max: 4.051865e-05)
Solution Distance:   1.234502e+02 ± 5.868031e-01
Merit:             -8.010292e-01 ± 8.985534e-03
Avg Inference Time:  0.0657s
==================================================
Epoch 222/300, Loss: -0.4239, Obj: -0.7329, Eq Viol (l1): 0.000088, Ineq Viol (l1): 0.000001, Epoch time: 2.41s
Epoch 223/300, Loss: -0.3698, Obj: -0.6949, Eq Viol (l1): 0.000085, Ineq Viol (l1): 0.000001, Epoch time: 2.41s
Epoch 224/300, Loss: -0.4173, Obj: -0.7265, Eq Viol (l1): 0.000083, Ineq Viol (l1): 0.000001, Epoch time: 2.41s
Epoch 225/300, Loss: -0.3820, Obj: -0.7083, Eq Viol (l1): 0.000079, Ineq Viol (l1): 0.000001, Epoch time: 2.45s
Epoch 226/300, Loss: -0.3978, Obj: -0.7174, Eq Viol (l1): 0.000072, Ineq Viol (l1): 0.000001, Epoch time: 2.45s
Epoch 227/300, Loss: -0.4565, Obj: -0.7417, Eq Viol (l1): 0.000083, Ineq Viol (l1): 0.000001, Epoch time: 2.40s
Epoch 228/300, Loss: -0.4272, Obj: -0.7311, Eq Viol (l1): 0.000087, Ineq Viol (l1): 0.000001, Epoch time: 2.41s
Epoch 229/300, Loss: -0.3975, Obj: -0.7311, Eq Viol (l1): 0.000080, Ineq Viol (l1): 0.000001, Epoch time: 2.46s
Epoch 230/300, Loss: -0.4154, Obj: -0.7157, Eq Viol (l1): 0.000081, Ineq Viol (l1): 0.000000, Epoch time: 2.42s
Epoch 231/300, Loss: -0.4396, Obj: -0.7327, Eq Viol (l1): 0.000094, Ineq Viol (l1): 0.000001, Epoch time: 2.46s

Running validation at epoch 230...

VALIDATION_EPOCH_230 EVALUATION RESULTS:
==================================================
Objective Value:     -7.862983e-01
True Objective:      -2.413704e+00
Optimality Gap:      -4.872601e-01 ± 2.983578e-01
Eq Violation l1:   7.684845e-05 (max: 1.640510e-03)
Ineq Violation l1: 3.287189e-07 (max: 2.161502e-05)
Solution Distance:   1.233325e+02 ± 6.049917e-01
Merit:             -7.855265e-01 ± 1.108487e-03
Avg Inference Time:  0.0658s
==================================================
Epoch 232/300, Loss: -0.4526, Obj: -0.7501, Eq Viol (l1): 0.000079, Ineq Viol (l1): 0.000001, Epoch time: 2.46s
Epoch 233/300, Loss: -0.4177, Obj: -0.7184, Eq Viol (l1): 0.000088, Ineq Viol (l1): 0.000001, Epoch time: 2.40s
Epoch 234/300, Loss: -0.4785, Obj: -0.7426, Eq Viol (l1): 0.000087, Ineq Viol (l1): 0.000001, Epoch time: 2.38s
Epoch 235/300, Loss: -0.4792, Obj: -0.7442, Eq Viol (l1): 0.000078, Ineq Viol (l1): 0.000001, Epoch time: 2.41s
Epoch 236/300, Loss: -0.4732, Obj: -0.7592, Eq Viol (l1): 0.000085, Ineq Viol (l1): 0.000001, Epoch time: 2.42s
Epoch 237/300, Loss: -0.4797, Obj: -0.7486, Eq Viol (l1): 0.000085, Ineq Viol (l1): 0.000001, Epoch time: 2.41s
Epoch 238/300, Loss: -0.4695, Obj: -0.7661, Eq Viol (l1): 0.000080, Ineq Viol (l1): 0.000001, Epoch time: 2.45s
Epoch 239/300, Loss: -0.4557, Obj: -0.7374, Eq Viol (l1): 0.000075, Ineq Viol (l1): 0.000000, Epoch time: 2.44s
Epoch 240/300, Loss: -0.4634, Obj: -0.7291, Eq Viol (l1): 0.000085, Ineq Viol (l1): 0.000001, Epoch time: 2.37s
Epoch 241/300, Loss: -0.5120, Obj: -0.7652, Eq Viol (l1): 0.000075, Ineq Viol (l1): 0.000001, Epoch time: 2.43s

Running validation at epoch 240...

VALIDATION_EPOCH_240 EVALUATION RESULTS:
==================================================
Objective Value:     -8.349328e-01
True Objective:      -2.413704e+00
Optimality Gap:      -6.340877e-01 ± 3.586236e-01
Eq Violation l1:   8.553519e-05 (max: 1.133392e-03)
Ineq Violation l1: 8.552597e-07 (max: 5.018225e-05)
Solution Distance:   1.230082e+02 ± 6.113153e-01
Merit:             -8.340689e-01 ± 5.833373e-03
Avg Inference Time:  0.0659s
==================================================
Epoch 242/300, Loss: -0.4553, Obj: -0.7424, Eq Viol (l1): 0.000078, Ineq Viol (l1): 0.000001, Epoch time: 2.42s
Epoch 243/300, Loss: -0.4184, Obj: -0.7207, Eq Viol (l1): 0.000085, Ineq Viol (l1): 0.000001, Epoch time: 2.40s
Epoch 244/300, Loss: -0.4642, Obj: -0.7476, Eq Viol (l1): 0.000083, Ineq Viol (l1): 0.000001, Epoch time: 2.42s
Epoch 245/300, Loss: -0.4445, Obj: -0.7412, Eq Viol (l1): 0.000083, Ineq Viol (l1): 0.000001, Epoch time: 2.41s
Epoch 246/300, Loss: -0.4811, Obj: -0.7536, Eq Viol (l1): 0.000082, Ineq Viol (l1): 0.000001, Epoch time: 2.41s
Epoch 247/300, Loss: -0.4691, Obj: -0.7630, Eq Viol (l1): 0.000087, Ineq Viol (l1): 0.000001, Epoch time: 2.40s
Epoch 248/300, Loss: -0.4914, Obj: -0.7565, Eq Viol (l1): 0.000076, Ineq Viol (l1): 0.000000, Epoch time: 2.44s
Epoch 249/300, Loss: -0.5021, Obj: -0.7673, Eq Viol (l1): 0.000085, Ineq Viol (l1): 0.000001, Epoch time: 2.41s
Epoch 250/300, Loss: -0.4529, Obj: -0.7456, Eq Viol (l1): 0.000080, Ineq Viol (l1): 0.000001, Epoch time: 2.41s
Epoch 251/300, Loss: -0.4781, Obj: -0.7592, Eq Viol (l1): 0.000083, Ineq Viol (l1): 0.000001, Epoch time: 2.41s

Running validation at epoch 250...

VALIDATION_EPOCH_250 EVALUATION RESULTS:
==================================================
Objective Value:     -8.496799e-01
True Objective:      -2.413704e+00
Optimality Gap:      -6.167509e-01 ± 3.405064e-01
Eq Violation l1:   9.466988e-05 (max: 8.971489e-04)
Ineq Violation l1: 5.505716e-07 (max: 2.622194e-05)
Solution Distance:   1.230281e+02 ± 6.386653e-01
Merit:             -8.487277e-01 ± 3.497388e-03
Avg Inference Time:  0.0664s
==================================================
Epoch 252/300, Loss: -0.5145, Obj: -0.7619, Eq Viol (l1): 0.000085, Ineq Viol (l1): 0.000001, Epoch time: 2.39s
Epoch 253/300, Loss: -0.5210, Obj: -0.7705, Eq Viol (l1): 0.000083, Ineq Viol (l1): 0.000001, Epoch time: 2.41s
Epoch 254/300, Loss: -0.4624, Obj: -0.7329, Eq Viol (l1): 0.000077, Ineq Viol (l1): 0.000001, Epoch time: 2.43s
Epoch 255/300, Loss: -0.4843, Obj: -0.7567, Eq Viol (l1): 0.000071, Ineq Viol (l1): 0.000001, Epoch time: 2.46s
Epoch 256/300, Loss: -0.4870, Obj: -0.7524, Eq Viol (l1): 0.000086, Ineq Viol (l1): 0.000001, Epoch time: 2.41s
Epoch 257/300, Loss: -0.4654, Obj: -0.7417, Eq Viol (l1): 0.000084, Ineq Viol (l1): 0.000001, Epoch time: 2.40s
Epoch 258/300, Loss: -0.4641, Obj: -0.7372, Eq Viol (l1): 0.000084, Ineq Viol (l1): 0.000001, Epoch time: 2.41s
Epoch 259/300, Loss: -0.3291, Obj: -0.6840, Eq Viol (l1): 0.000095, Ineq Viol (l1): 0.000001, Epoch time: 2.40s
Epoch 260/300, Loss: -0.3893, Obj: -0.7070, Eq Viol (l1): 0.000083, Ineq Viol (l1): 0.000001, Epoch time: 2.44s
Epoch 261/300, Loss: -0.4221, Obj: -0.7357, Eq Viol (l1): 0.000082, Ineq Viol (l1): 0.000001, Epoch time: 2.42s

Running validation at epoch 260...

VALIDATION_EPOCH_260 EVALUATION RESULTS:
==================================================
Objective Value:     -8.063055e-01
True Objective:      -2.413704e+00
Optimality Gap:      -5.779689e-01 ± 3.361956e-01
Eq Violation l1:   7.877824e-05 (max: 1.341319e-03)
Ineq Violation l1: 5.139239e-07 (max: 2.195855e-05)
Solution Distance:   1.232337e+02 ± 5.897578e-01
Merit:             -8.055126e-01 ± 5.571844e-03
Avg Inference Time:  0.0658s
==================================================
Epoch 262/300, Loss: -0.4620, Obj: -0.7467, Eq Viol (l1): 0.000086, Ineq Viol (l1): 0.000001, Epoch time: 2.42s
Epoch 263/300, Loss: -0.5106, Obj: -0.7675, Eq Viol (l1): 0.000084, Ineq Viol (l1): 0.000001, Epoch time: 2.41s
Epoch 264/300, Loss: -0.4429, Obj: -0.7206, Eq Viol (l1): 0.000078, Ineq Viol (l1): 0.000001, Epoch time: 2.49s
Epoch 265/300, Loss: -0.4625, Obj: -0.7615, Eq Viol (l1): 0.000083, Ineq Viol (l1): 0.000001, Epoch time: 2.44s
Epoch 266/300, Loss: -0.4911, Obj: -0.7695, Eq Viol (l1): 0.000081, Ineq Viol (l1): 0.000001, Epoch time: 2.42s
Epoch 267/300, Loss: -0.4904, Obj: -0.7448, Eq Viol (l1): 0.000087, Ineq Viol (l1): 0.000001, Epoch time: 2.41s
Epoch 268/300, Loss: -0.3619, Obj: -0.6932, Eq Viol (l1): 0.000091, Ineq Viol (l1): 0.000001, Epoch time: 2.38s
Epoch 269/300, Loss: -0.3989, Obj: -0.7098, Eq Viol (l1): 0.000087, Ineq Viol (l1): 0.000001, Epoch time: 2.42s
Epoch 270/300, Loss: -0.3998, Obj: -0.7051, Eq Viol (l1): 0.000079, Ineq Viol (l1): 0.000001, Epoch time: 2.42s
Epoch 271/300, Loss: -0.3419, Obj: -0.7199, Eq Viol (l1): 0.000076, Ineq Viol (l1): 0.000001, Epoch time: 2.49s

Running validation at epoch 270...

VALIDATION_EPOCH_270 EVALUATION RESULTS:
==================================================
Objective Value:     -6.349414e-01
True Objective:      -2.413704e+00
Optimality Gap:      -2.298561e-01 ± 1.939921e-01
Eq Violation l1:   6.399756e-05 (max: 1.254546e-03)
Ineq Violation l1: 3.818882e-07 (max: 3.203802e-05)
Solution Distance:   1.243597e+02 ± 6.492964e-01
Merit:             -6.342976e-01 ± 4.768915e-03
Avg Inference Time:  0.0657s
==================================================
Epoch 272/300, Loss: -0.3654, Obj: -0.6807, Eq Viol (l1): 0.000085, Ineq Viol (l1): 0.000001, Epoch time: 2.38s
Epoch 273/300, Loss: -0.4091, Obj: -0.7406, Eq Viol (l1): 0.000084, Ineq Viol (l1): 0.000001, Epoch time: 2.43s
Epoch 274/300, Loss: -0.5162, Obj: -0.7846, Eq Viol (l1): 0.000082, Ineq Viol (l1): 0.000001, Epoch time: 2.42s
Epoch 275/300, Loss: -0.5315, Obj: -0.7779, Eq Viol (l1): 0.000084, Ineq Viol (l1): 0.000001, Epoch time: 2.40s
Epoch 276/300, Loss: -0.5013, Obj: -0.7744, Eq Viol (l1): 0.000080, Ineq Viol (l1): 0.000001, Epoch time: 2.42s
Epoch 277/300, Loss: -0.4087, Obj: -0.7086, Eq Viol (l1): 0.000089, Ineq Viol (l1): 0.000001, Epoch time: 2.40s
Epoch 278/300, Loss: -0.4037, Obj: -0.7221, Eq Viol (l1): 0.000088, Ineq Viol (l1): 0.000001, Epoch time: 2.41s
Epoch 279/300, Loss: -0.4294, Obj: -0.7385, Eq Viol (l1): 0.000087, Ineq Viol (l1): 0.000001, Epoch time: 2.43s
Epoch 280/300, Loss: -0.3955, Obj: -0.7384, Eq Viol (l1): 0.000089, Ineq Viol (l1): 0.000001, Epoch time: 2.43s
Epoch 281/300, Loss: -0.4418, Obj: -0.7308, Eq Viol (l1): 0.000083, Ineq Viol (l1): 0.000001, Epoch time: 2.39s

Running validation at epoch 280...

VALIDATION_EPOCH_280 EVALUATION RESULTS:
==================================================
Objective Value:     -8.374852e-01
True Objective:      -2.413704e+00
Optimality Gap:      -5.973938e-01 ± 3.209393e-01
Eq Violation l1:   6.617969e-05 (max: 1.035317e-03)
Ineq Violation l1: 4.203764e-07 (max: 4.286065e-05)
Solution Distance:   1.229751e+02 ± 6.404046e-01
Merit:             -8.368192e-01 ± 1.604574e-03
Avg Inference Time:  0.0662s
==================================================
Epoch 282/300, Loss: -0.4822, Obj: -0.7671, Eq Viol (l1): 0.000090, Ineq Viol (l1): 0.000001, Epoch time: 2.39s
Epoch 283/300, Loss: -0.5017, Obj: -0.7628, Eq Viol (l1): 0.000077, Ineq Viol (l1): 0.000001, Epoch time: 2.45s
Epoch 284/300, Loss: -0.4785, Obj: -0.7548, Eq Viol (l1): 0.000081, Ineq Viol (l1): 0.000001, Epoch time: 2.43s
Epoch 285/300, Loss: -0.5164, Obj: -0.7705, Eq Viol (l1): 0.000078, Ineq Viol (l1): 0.000001, Epoch time: 2.41s
Epoch 286/300, Loss: -0.4877, Obj: -0.7656, Eq Viol (l1): 0.000085, Ineq Viol (l1): 0.000001, Epoch time: 2.39s
Epoch 287/300, Loss: -0.5129, Obj: -0.7784, Eq Viol (l1): 0.000080, Ineq Viol (l1): 0.000001, Epoch time: 2.43s
Epoch 288/300, Loss: -0.3831, Obj: -0.7218, Eq Viol (l1): 0.000077, Ineq Viol (l1): 0.000000, Epoch time: 2.42s
Epoch 289/300, Loss: -0.5048, Obj: -0.7616, Eq Viol (l1): 0.000084, Ineq Viol (l1): 0.000001, Epoch time: 2.40s
Epoch 290/300, Loss: -0.5319, Obj: -0.7834, Eq Viol (l1): 0.000086, Ineq Viol (l1): 0.000001, Epoch time: 2.39s
Epoch 291/300, Loss: -0.5429, Obj: -0.7848, Eq Viol (l1): 0.000081, Ineq Viol (l1): 0.000001, Epoch time: 2.40s

Running validation at epoch 290...

VALIDATION_EPOCH_290 EVALUATION RESULTS:
==================================================
Objective Value:     -8.272128e-01
True Objective:      -2.413704e+00
Optimality Gap:      -6.132727e-01 ± 3.531961e-01
Eq Violation l1:   9.338714e-05 (max: 1.535014e-03)
Ineq Violation l1: 9.069989e-07 (max: 3.686562e-05)
Solution Distance:   1.233054e+02 ± 5.905405e-01
Merit:             -8.262698e-01 ± 1.094204e-02
Avg Inference Time:  0.0636s
==================================================
Epoch 292/300, Loss: -0.4750, Obj: -0.7650, Eq Viol (l1): 0.000082, Ineq Viol (l1): 0.000001, Epoch time: 2.43s
Epoch 293/300, Loss: -0.5007, Obj: -0.7616, Eq Viol (l1): 0.000079, Ineq Viol (l1): 0.000001, Epoch time: 2.43s
Epoch 294/300, Loss: -0.4858, Obj: -0.7554, Eq Viol (l1): 0.000090, Ineq Viol (l1): 0.000001, Epoch time: 2.39s
Epoch 295/300, Loss: -0.5331, Obj: -0.7778, Eq Viol (l1): 0.000083, Ineq Viol (l1): 0.000001, Epoch time: 2.39s
Epoch 296/300, Loss: -0.5496, Obj: -0.7814, Eq Viol (l1): 0.000078, Ineq Viol (l1): 0.000000, Epoch time: 2.39s
Epoch 297/300, Loss: -0.4998, Obj: -0.7694, Eq Viol (l1): 0.000088, Ineq Viol (l1): 0.000001, Epoch time: 2.52s
Epoch 298/300, Loss: -0.5092, Obj: -0.7788, Eq Viol (l1): 0.000073, Ineq Viol (l1): 0.000001, Epoch time: 2.45s
Epoch 299/300, Loss: -0.4678, Obj: -0.7551, Eq Viol (l1): 0.000092, Ineq Viol (l1): 0.000001, Epoch time: 2.39s
Epoch 300/300, Loss: -0.4716, Obj: -0.7412, Eq Viol (l1): 0.000084, Ineq Viol (l1): 0.000001, Epoch time: 2.39s

Training completed in 743.23 seconds.

============================================================
COMPREHENSIVE TEST EVALUATION WITH DETAILED RESULTS
============================================================
Testing with batch sizes: [256, 512]

Evaluating with batch size: 256 (with detailed results)

TEST_BS256 EVALUATION RESULTS:
==================================================
Objective Value:     -8.132797e-01
True Objective:      -2.409220e+00
Optimality Gap:      -3.971355e-01 ± 1.741243e+00
Eq Violation l1:   8.871593e-05 (max: 9.509715e-04)
Ineq Violation l1: 6.319719e-07 (max: 3.688326e-05)
Solution Distance:   1.243985e+02 ± 2.005316e+00
Merit:             -8.123862e-01 ± 5.662708e-02
Avg Inference Time:  0.0575s
==================================================

Evaluating with batch size: 512 (with detailed results)

TEST_BS512 EVALUATION RESULTS:
==================================================
Objective Value:     -8.111644e-01
True Objective:      -2.408634e+00
Optimality Gap:      -3.936464e-01 ± 1.280673e+00
Eq Violation l1:   8.596995e-05 (max: 1.223310e-03)
Ineq Violation l1: 5.246310e-07 (max: 3.815156e-05)
Solution Distance:   1.243558e+02 ± 1.263702e+00
Merit:             -8.102995e-01 ± 5.072419e-02
Avg Inference Time:  0.0648s
==================================================

TEST BATCH SIZE COMPARISON:
================================================================================
Batch Size   Objective    Opt Gap      Eq Viol      Ineq Viol    Time (s)  
--------------------------------------------------------------------------------
256          -8.1328e-01  -3.9714e-01  8.8716e-05   6.3197e-07   0.46      
512          -8.1116e-01  -3.9365e-01  8.5970e-05   5.2463e-07   0.26      
================================================================================

Saving model and results to: results/nonsmooth_nonconvex/socp/SOCPProblem-100-50-50-10000/20260108-042717_MLP_FSNet_seed0_nepochs300_lr0.0002_trainsize7000_finetune_20260108-031614_model_420
✓ Model saved: results/nonsmooth_nonconvex/socp/SOCPProblem-100-50-50-10000/20260108-042717_MLP_FSNet_seed0_nepochs300_lr0.0002_trainsize7000_finetune_20260108-031614_model_420/model.pt
✓ Detailed results saved: results/nonsmooth_nonconvex/socp/SOCPProblem-100-50-50-10000/20260108-042717_MLP_FSNet_seed0_nepochs300_lr0.0002_trainsize7000_finetune_20260108-031614_model_420/results.pkl

Files saved (or attempted):
  - model.pt (model weights and architecture)
  - results.pkl (training history, metrics, detailed test results)
Training and testing completed in 745.82 seconds
Done!!!
============================================================
==========         =====================         ===========
==========   0      =====================         ===========
==========         =====================         ===========
============================================================

======= Running for problem: nonsmooth_nonconvex/socp =======

Loading problem instance: nonsmooth_nonconvex/socp with size [100, 50, 50, 10000]
Loading  dataset from: datasets/nonsmooth_nonconvex/socp/random2025_socp_dataset_var100_ineq50_eq50_ex10000 

Running on:  cuda
Training model using FSNet method with seed 1 for 300 epochs
Using batch size: 512
Loading model from checkpoint: results/nonsmooth_nonconvex/socp/SOCPProblem-100-50-50-10000/20260108-031614_MLP_sup_pen_seed1_nepochs500_lr0.0002_trainsize100_subopt_2_1.0/model_420.pt

lr: 0.0002, weight_decay: 0.001, num_epochs: 300

Epoch 1/300, Loss: 26.4669, Obj: 26.1330, Eq Viol (l1): 0.000097, Ineq Viol (l1): 0.000000, Epoch time: 7.05s

Running validation at epoch 0...

VALIDATION_EPOCH_0 EVALUATION RESULTS:
==================================================
Objective Value:     2.568073e+01
True Objective:      -2.413704e+00
Optimality Gap:      4.532978e+01 ± 1.478296e+01
Eq Violation l1:   9.634264e-05 (max: 9.405645e-04)
Ineq Violation l1: 1.266312e-07 (max: 2.111099e-05)
Solution Distance:   2.376184e+02 ± 1.041735e+00
Merit:             2.568169e+01 ± 2.242708e-02
Avg Inference Time:  0.6217s
==================================================
Epoch 2/300, Loss: 24.9633, Obj: 24.1349, Eq Viol (l1): 0.000100, Ineq Viol (l1): 0.000000, Epoch time: 2.39s
Epoch 3/300, Loss: 23.7439, Obj: 23.1259, Eq Viol (l1): 0.000095, Ineq Viol (l1): 0.000000, Epoch time: 2.38s
Epoch 4/300, Loss: 22.6550, Obj: 22.0895, Eq Viol (l1): 0.000088, Ineq Viol (l1): 0.000000, Epoch time: 2.41s
Epoch 5/300, Loss: 21.5076, Obj: 20.9999, Eq Viol (l1): 0.000083, Ineq Viol (l1): 0.000000, Epoch time: 2.47s
Epoch 6/300, Loss: 20.5523, Obj: 19.9649, Eq Viol (l1): 0.000082, Ineq Viol (l1): 0.000001, Epoch time: 2.61s
Epoch 7/300, Loss: 19.3119, Obj: 18.7466, Eq Viol (l1): 0.000091, Ineq Viol (l1): 0.000001, Epoch time: 2.55s
Epoch 8/300, Loss: 17.1906, Obj: 16.5649, Eq Viol (l1): 0.000088, Ineq Viol (l1): 0.000001, Epoch time: 2.57s
Epoch 9/300, Loss: 14.4383, Obj: 13.6367, Eq Viol (l1): 0.000088, Ineq Viol (l1): 0.000001, Epoch time: 2.60s
Epoch 10/300, Loss: 11.0566, Obj: 10.2467, Eq Viol (l1): 0.000059, Ineq Viol (l1): 0.000000, Epoch time: 2.69s
Epoch 11/300, Loss: 9.3202, Obj: 8.4428, Eq Viol (l1): 0.000060, Ineq Viol (l1): 0.000001, Epoch time: 2.68s

Running validation at epoch 10...

VALIDATION_EPOCH_10 EVALUATION RESULTS:
==================================================
Objective Value:     8.012533e+00
True Objective:      -2.413704e+00
Optimality Gap:      1.487460e+01 ± 4.757588e+00
Eq Violation l1:   6.445369e-05 (max: 2.181777e-03)
Ineq Violation l1: 4.691004e-07 (max: 3.997082e-05)
Solution Distance:   1.607502e+02 ± 8.958394e-01
Merit:             8.013182e+00 ± 1.759631e-02
Avg Inference Time:  0.0740s
==================================================
Epoch 12/300, Loss: 8.8466, Obj: 7.8997, Eq Viol (l1): 0.000046, Ineq Viol (l1): 0.000000, Epoch time: 2.72s
Epoch 13/300, Loss: 8.6660, Obj: 7.6027, Eq Viol (l1): 0.000040, Ineq Viol (l1): 0.000000, Epoch time: 2.75s
Epoch 14/300, Loss: 7.5848, Obj: 6.4853, Eq Viol (l1): 0.000051, Ineq Viol (l1): 0.000000, Epoch time: 2.71s
Epoch 15/300, Loss: 4.1024, Obj: 3.1674, Eq Viol (l1): 0.000078, Ineq Viol (l1): 0.000000, Epoch time: 2.55s
Epoch 16/300, Loss: 2.6579, Obj: 1.7297, Eq Viol (l1): 0.000074, Ineq Viol (l1): 0.000000, Epoch time: 2.60s
Epoch 17/300, Loss: 2.3279, Obj: 1.4797, Eq Viol (l1): 0.000062, Ineq Viol (l1): 0.000000, Epoch time: 2.62s
Epoch 18/300, Loss: 2.2600, Obj: 1.4500, Eq Viol (l1): 0.000066, Ineq Viol (l1): 0.000000, Epoch time: 2.61s
Epoch 19/300, Loss: 2.0940, Obj: 1.2994, Eq Viol (l1): 0.000071, Ineq Viol (l1): 0.000000, Epoch time: 2.60s
Epoch 20/300, Loss: 2.1447, Obj: 1.2877, Eq Viol (l1): 0.000077, Ineq Viol (l1): 0.000000, Epoch time: 2.59s
Epoch 21/300, Loss: 1.9107, Obj: 1.2052, Eq Viol (l1): 0.000080, Ineq Viol (l1): 0.000000, Epoch time: 2.59s

Running validation at epoch 20...

VALIDATION_EPOCH_20 EVALUATION RESULTS:
==================================================
Objective Value:     9.205484e-01
True Objective:      -2.413704e+00
Optimality Gap:      2.578685e+00 ± 6.147072e-01
Eq Violation l1:   5.800754e-05 (max: 1.207361e-03)
Ineq Violation l1: 3.140712e-07 (max: 3.067974e-05)
Solution Distance:   1.202698e+02 ± 4.560426e-01
Merit:             9.211316e-01 ± 3.530623e-02
Avg Inference Time:  0.0731s
==================================================
Epoch 22/300, Loss: 1.8770, Obj: 1.1767, Eq Viol (l1): 0.000069, Ineq Viol (l1): 0.000000, Epoch time: 2.60s
Epoch 23/300, Loss: 1.7542, Obj: 1.0884, Eq Viol (l1): 0.000069, Ineq Viol (l1): 0.000000, Epoch time: 2.60s
Epoch 24/300, Loss: 1.8344, Obj: 1.1335, Eq Viol (l1): 0.000069, Ineq Viol (l1): 0.000000, Epoch time: 2.60s
Epoch 25/300, Loss: 1.7843, Obj: 1.0945, Eq Viol (l1): 0.000071, Ineq Viol (l1): 0.000000, Epoch time: 2.59s
Epoch 26/300, Loss: 1.7047, Obj: 1.0645, Eq Viol (l1): 0.000068, Ineq Viol (l1): 0.000000, Epoch time: 2.61s
Epoch 27/300, Loss: 1.5621, Obj: 0.9998, Eq Viol (l1): 0.000063, Ineq Viol (l1): 0.000000, Epoch time: 2.60s
Epoch 28/300, Loss: 1.5550, Obj: 0.9930, Eq Viol (l1): 0.000066, Ineq Viol (l1): 0.000000, Epoch time: 2.59s
Epoch 29/300, Loss: 1.6550, Obj: 1.0317, Eq Viol (l1): 0.000079, Ineq Viol (l1): 0.000000, Epoch time: 2.57s
Epoch 30/300, Loss: 1.6785, Obj: 1.0780, Eq Viol (l1): 0.000074, Ineq Viol (l1): 0.000000, Epoch time: 2.54s
Epoch 31/300, Loss: 1.6354, Obj: 0.9772, Eq Viol (l1): 0.000075, Ineq Viol (l1): 0.000000, Epoch time: 2.59s

Running validation at epoch 30...

VALIDATION_EPOCH_30 EVALUATION RESULTS:
==================================================
Objective Value:     9.127474e-01
True Objective:      -2.413704e+00
Optimality Gap:      2.611740e+00 ± 5.806289e-01
Eq Violation l1:   6.975452e-05 (max: 1.411289e-03)
Ineq Violation l1: 3.393831e-07 (max: 2.665714e-05)
Solution Distance:   1.203477e+02 ± 5.618624e-01
Merit:             9.134483e-01 ± 4.956717e-02
Avg Inference Time:  0.0700s
==================================================
Epoch 32/300, Loss: 1.5845, Obj: 0.9832, Eq Viol (l1): 0.000067, Ineq Viol (l1): 0.000000, Epoch time: 2.59s
Epoch 33/300, Loss: 1.6185, Obj: 0.9881, Eq Viol (l1): 0.000077, Ineq Viol (l1): 0.000000, Epoch time: 2.69s
Epoch 34/300, Loss: 1.6475, Obj: 1.0143, Eq Viol (l1): 0.000068, Ineq Viol (l1): 0.000000, Epoch time: 2.57s
Epoch 35/300, Loss: 1.6030, Obj: 0.9461, Eq Viol (l1): 0.000072, Ineq Viol (l1): 0.000000, Epoch time: 2.58s
Epoch 36/300, Loss: 1.4447, Obj: 0.8777, Eq Viol (l1): 0.000075, Ineq Viol (l1): 0.000000, Epoch time: 2.59s
Epoch 37/300, Loss: 1.4771, Obj: 0.9008, Eq Viol (l1): 0.000071, Ineq Viol (l1): 0.000000, Epoch time: 2.60s
Epoch 38/300, Loss: 1.4537, Obj: 0.8780, Eq Viol (l1): 0.000074, Ineq Viol (l1): 0.000000, Epoch time: 2.58s
Epoch 39/300, Loss: 1.3542, Obj: 0.8187, Eq Viol (l1): 0.000069, Ineq Viol (l1): 0.000000, Epoch time: 2.60s
Epoch 40/300, Loss: 1.3222, Obj: 0.7680, Eq Viol (l1): 0.000068, Ineq Viol (l1): 0.000000, Epoch time: 2.61s
Epoch 41/300, Loss: 1.3442, Obj: 0.7982, Eq Viol (l1): 0.000073, Ineq Viol (l1): 0.000000, Epoch time: 2.59s

Running validation at epoch 40...

VALIDATION_EPOCH_40 EVALUATION RESULTS:
==================================================
Objective Value:     5.371892e-01
True Objective:      -2.413704e+00
Optimality Gap:      1.822101e+00 ± 2.591505e-01
Eq Violation l1:   7.403740e-05 (max: 1.381035e-03)
Ineq Violation l1: 4.319910e-07 (max: 7.360843e-05)
Solution Distance:   1.197266e+02 ± 7.878288e-01
Merit:             5.379339e-01 ± 5.335101e-02
Avg Inference Time:  0.0730s
==================================================
Epoch 42/300, Loss: 1.4065, Obj: 0.7685, Eq Viol (l1): 0.000070, Ineq Viol (l1): 0.000000, Epoch time: 2.61s
Epoch 43/300, Loss: 1.3960, Obj: 0.7917, Eq Viol (l1): 0.000071, Ineq Viol (l1): 0.000000, Epoch time: 2.59s
Epoch 44/300, Loss: 1.3264, Obj: 0.7528, Eq Viol (l1): 0.000068, Ineq Viol (l1): 0.000000, Epoch time: 2.62s
Epoch 45/300, Loss: 1.4253, Obj: 0.7578, Eq Viol (l1): 0.000069, Ineq Viol (l1): 0.000000, Epoch time: 2.61s
Epoch 46/300, Loss: 1.3080, Obj: 0.7129, Eq Viol (l1): 0.000069, Ineq Viol (l1): 0.000000, Epoch time: 2.62s
Epoch 47/300, Loss: 1.2467, Obj: 0.6467, Eq Viol (l1): 0.000069, Ineq Viol (l1): 0.000000, Epoch time: 2.64s
Epoch 48/300, Loss: 1.2076, Obj: 0.6429, Eq Viol (l1): 0.000060, Ineq Viol (l1): 0.000000, Epoch time: 2.63s
Epoch 49/300, Loss: 1.2173, Obj: 0.6252, Eq Viol (l1): 0.000069, Ineq Viol (l1): 0.000000, Epoch time: 2.62s
Epoch 50/300, Loss: 1.2147, Obj: 0.6572, Eq Viol (l1): 0.000067, Ineq Viol (l1): 0.000000, Epoch time: 2.62s
Epoch 51/300, Loss: 1.1653, Obj: 0.6149, Eq Viol (l1): 0.000066, Ineq Viol (l1): 0.000000, Epoch time: 2.62s

Running validation at epoch 50...

VALIDATION_EPOCH_50 EVALUATION RESULTS:
==================================================
Objective Value:     6.286037e-01
True Objective:      -2.413704e+00
Optimality Gap:      1.900063e+00 ± 2.567454e-01
Eq Violation l1:   8.035491e-05 (max: 1.064847e-03)
Ineq Violation l1: 2.820275e-07 (max: 2.634857e-05)
Solution Distance:   1.218540e+02 ± 7.229487e-01
Merit:             6.294101e-01 ± 2.369192e-02
Avg Inference Time:  0.0698s
==================================================
Epoch 52/300, Loss: 1.1930, Obj: 0.5918, Eq Viol (l1): 0.000076, Ineq Viol (l1): 0.000000, Epoch time: 2.62s
Epoch 53/300, Loss: 1.2584, Obj: 0.6269, Eq Viol (l1): 0.000071, Ineq Viol (l1): 0.000000, Epoch time: 2.62s
Epoch 54/300, Loss: 1.2403, Obj: 0.6104, Eq Viol (l1): 0.000072, Ineq Viol (l1): 0.000000, Epoch time: 2.62s
Epoch 55/300, Loss: 1.0740, Obj: 0.5512, Eq Viol (l1): 0.000076, Ineq Viol (l1): 0.000000, Epoch time: 2.62s
Epoch 56/300, Loss: 1.1018, Obj: 0.5905, Eq Viol (l1): 0.000077, Ineq Viol (l1): 0.000000, Epoch time: 2.60s
Epoch 57/300, Loss: 1.1878, Obj: 0.6002, Eq Viol (l1): 0.000072, Ineq Viol (l1): 0.000000, Epoch time: 2.62s
Epoch 58/300, Loss: 1.1174, Obj: 0.5612, Eq Viol (l1): 0.000076, Ineq Viol (l1): 0.000001, Epoch time: 2.62s
Epoch 59/300, Loss: 1.0928, Obj: 0.5718, Eq Viol (l1): 0.000063, Ineq Viol (l1): 0.000000, Epoch time: 2.63s
Epoch 60/300, Loss: 1.1126, Obj: 0.5563, Eq Viol (l1): 0.000074, Ineq Viol (l1): 0.000000, Epoch time: 2.61s
Epoch 61/300, Loss: 1.0854, Obj: 0.5577, Eq Viol (l1): 0.000074, Ineq Viol (l1): 0.000000, Epoch time: 2.62s

Running validation at epoch 60...

VALIDATION_EPOCH_60 EVALUATION RESULTS:
==================================================
Objective Value:     4.217502e-01
True Objective:      -2.413704e+00
Optimality Gap:      1.606801e+00 ± 6.234823e-02
Eq Violation l1:   6.991867e-05 (max: 1.832254e-03)
Ineq Violation l1: 3.691660e-07 (max: 2.481142e-05)
Solution Distance:   1.211190e+02 ± 8.662662e-01
Merit:             4.224530e-01 ± 4.630137e-02
Avg Inference Time:  0.0731s
==================================================
Epoch 62/300, Loss: 1.0796, Obj: 0.5386, Eq Viol (l1): 0.000070, Ineq Viol (l1): 0.000000, Epoch time: 2.63s
Epoch 63/300, Loss: 1.1371, Obj: 0.5799, Eq Viol (l1): 0.000070, Ineq Viol (l1): 0.000000, Epoch time: 2.62s
Epoch 64/300, Loss: 1.1069, Obj: 0.5602, Eq Viol (l1): 0.000075, Ineq Viol (l1): 0.000000, Epoch time: 2.61s
Epoch 65/300, Loss: 1.1534, Obj: 0.6106, Eq Viol (l1): 0.000072, Ineq Viol (l1): 0.000000, Epoch time: 2.61s
Epoch 66/300, Loss: 1.1467, Obj: 0.5813, Eq Viol (l1): 0.000071, Ineq Viol (l1): 0.000000, Epoch time: 2.62s
Epoch 67/300, Loss: 1.0905, Obj: 0.5305, Eq Viol (l1): 0.000074, Ineq Viol (l1): 0.000000, Epoch time: 2.73s
Epoch 68/300, Loss: 1.1427, Obj: 0.6003, Eq Viol (l1): 0.000070, Ineq Viol (l1): 0.000000, Epoch time: 2.62s
Epoch 69/300, Loss: 1.0364, Obj: 0.4944, Eq Viol (l1): 0.000080, Ineq Viol (l1): 0.000000, Epoch time: 2.62s
Epoch 70/300, Loss: 1.0189, Obj: 0.5148, Eq Viol (l1): 0.000075, Ineq Viol (l1): 0.000000, Epoch time: 2.62s
Epoch 71/300, Loss: 1.0223, Obj: 0.4911, Eq Viol (l1): 0.000074, Ineq Viol (l1): 0.000000, Epoch time: 2.62s

Running validation at epoch 70...

VALIDATION_EPOCH_70 EVALUATION RESULTS:
==================================================
Objective Value:     4.988628e-01
True Objective:      -2.413704e+00
Optimality Gap:      1.652663e+00 ± 8.771949e-02
Eq Violation l1:   7.943065e-05 (max: 1.572481e-03)
Ineq Violation l1: 6.659067e-07 (max: 6.821460e-05)
Solution Distance:   1.214686e+02 ± 8.311073e-01
Merit:             4.996637e-01 ± 4.018821e-02
Avg Inference Time:  0.0710s
==================================================
Epoch 72/300, Loss: 1.0642, Obj: 0.5426, Eq Viol (l1): 0.000065, Ineq Viol (l1): 0.000000, Epoch time: 2.63s
Epoch 73/300, Loss: 1.1047, Obj: 0.5319, Eq Viol (l1): 0.000076, Ineq Viol (l1): 0.000000, Epoch time: 2.62s
Epoch 74/300, Loss: 1.0411, Obj: 0.5126, Eq Viol (l1): 0.000073, Ineq Viol (l1): 0.000000, Epoch time: 2.62s
Epoch 75/300, Loss: 1.0175, Obj: 0.5128, Eq Viol (l1): 0.000065, Ineq Viol (l1): 0.000000, Epoch time: 2.63s
Epoch 76/300, Loss: 1.1410, Obj: 0.5797, Eq Viol (l1): 0.000079, Ineq Viol (l1): 0.000000, Epoch time: 2.61s
Epoch 77/300, Loss: 1.1083, Obj: 0.5644, Eq Viol (l1): 0.000079, Ineq Viol (l1): 0.000000, Epoch time: 2.60s
Epoch 78/300, Loss: 1.0316, Obj: 0.5150, Eq Viol (l1): 0.000076, Ineq Viol (l1): 0.000000, Epoch time: 2.62s
Epoch 79/300, Loss: 1.1296, Obj: 0.5279, Eq Viol (l1): 0.000083, Ineq Viol (l1): 0.000000, Epoch time: 2.62s
Epoch 80/300, Loss: 1.1421, Obj: 0.5670, Eq Viol (l1): 0.000074, Ineq Viol (l1): 0.000000, Epoch time: 2.60s
Epoch 81/300, Loss: 1.1802, Obj: 0.5064, Eq Viol (l1): 0.000083, Ineq Viol (l1): 0.000000, Epoch time: 2.62s

Running validation at epoch 80...

VALIDATION_EPOCH_80 EVALUATION RESULTS:
==================================================
Objective Value:     6.463242e-01
True Objective:      -2.413704e+00
Optimality Gap:      2.006142e+00 ± 2.925075e-01
Eq Violation l1:   5.289632e-05 (max: 1.506846e-03)
Ineq Violation l1: 5.394201e-07 (max: 1.371512e-04)
Solution Distance:   1.224059e+02 ± 7.075394e-01
Merit:             6.468585e-01 ± 3.604475e-03
Avg Inference Time:  0.0702s
==================================================
Epoch 82/300, Loss: 1.0418, Obj: 0.5399, Eq Viol (l1): 0.000065, Ineq Viol (l1): 0.000000, Epoch time: 2.62s
Epoch 83/300, Loss: 1.1691, Obj: 0.5390, Eq Viol (l1): 0.000067, Ineq Viol (l1): 0.000000, Epoch time: 2.63s
Epoch 84/300, Loss: 1.0263, Obj: 0.4925, Eq Viol (l1): 0.000073, Ineq Viol (l1): 0.000000, Epoch time: 2.62s
Epoch 85/300, Loss: 1.0391, Obj: 0.4938, Eq Viol (l1): 0.000065, Ineq Viol (l1): 0.000000, Epoch time: 2.64s
Epoch 86/300, Loss: 1.0636, Obj: 0.4954, Eq Viol (l1): 0.000066, Ineq Viol (l1): 0.000000, Epoch time: 2.64s
Epoch 87/300, Loss: 1.0639, Obj: 0.5418, Eq Viol (l1): 0.000081, Ineq Viol (l1): 0.000000, Epoch time: 2.60s
Epoch 88/300, Loss: 1.0700, Obj: 0.5311, Eq Viol (l1): 0.000060, Ineq Viol (l1): 0.000000, Epoch time: 2.63s
Epoch 89/300, Loss: 1.1488, Obj: 0.5398, Eq Viol (l1): 0.000084, Ineq Viol (l1): 0.000000, Epoch time: 2.61s
Epoch 90/300, Loss: 1.0321, Obj: 0.5053, Eq Viol (l1): 0.000070, Ineq Viol (l1): 0.000000, Epoch time: 2.63s
Epoch 91/300, Loss: 0.9898, Obj: 0.4892, Eq Viol (l1): 0.000064, Ineq Viol (l1): 0.000000, Epoch time: 2.64s

Running validation at epoch 90...

VALIDATION_EPOCH_90 EVALUATION RESULTS:
==================================================
Objective Value:     4.507061e-01
True Objective:      -2.413704e+00
Optimality Gap:      1.730486e+00 ± 2.150864e-01
Eq Violation l1:   7.773099e-05 (max: 1.043667e-03)
Ineq Violation l1: 5.276889e-07 (max: 3.597597e-05)
Solution Distance:   1.218437e+02 ± 7.987206e-01
Merit:             4.514887e-01 ± 3.415684e-02
Avg Inference Time:  0.0688s
==================================================
Epoch 92/300, Loss: 0.9297, Obj: 0.4678, Eq Viol (l1): 0.000072, Ineq Viol (l1): 0.000000, Epoch time: 2.61s
Epoch 93/300, Loss: 0.9054, Obj: 0.4360, Eq Viol (l1): 0.000071, Ineq Viol (l1): 0.000000, Epoch time: 2.62s
Epoch 94/300, Loss: 0.9337, Obj: 0.4685, Eq Viol (l1): 0.000070, Ineq Viol (l1): 0.000000, Epoch time: 2.62s
Epoch 95/300, Loss: 1.0984, Obj: 0.5287, Eq Viol (l1): 0.000083, Ineq Viol (l1): 0.000000, Epoch time: 2.61s
Epoch 96/300, Loss: 1.0035, Obj: 0.5075, Eq Viol (l1): 0.000068, Ineq Viol (l1): 0.000000, Epoch time: 2.61s
Epoch 97/300, Loss: 1.0552, Obj: 0.5416, Eq Viol (l1): 0.000062, Ineq Viol (l1): 0.000000, Epoch time: 2.62s
Epoch 98/300, Loss: 0.9728, Obj: 0.4740, Eq Viol (l1): 0.000069, Ineq Viol (l1): 0.000000, Epoch time: 2.63s
Epoch 99/300, Loss: 0.9487, Obj: 0.5020, Eq Viol (l1): 0.000069, Ineq Viol (l1): 0.000000, Epoch time: 2.72s
Epoch 100/300, Loss: 0.9656, Obj: 0.4679, Eq Viol (l1): 0.000072, Ineq Viol (l1): 0.000000, Epoch time: 2.62s
Epoch 101/300, Loss: 1.0201, Obj: 0.5071, Eq Viol (l1): 0.000068, Ineq Viol (l1): 0.000000, Epoch time: 2.64s

Running validation at epoch 100...

VALIDATION_EPOCH_100 EVALUATION RESULTS:
==================================================
Objective Value:     4.028256e-01
True Objective:      -2.413704e+00
Optimality Gap:      1.449218e+00 ± 2.816337e-02
Eq Violation l1:   7.032180e-05 (max: 1.563180e-03)
Ineq Violation l1: 5.563926e-07 (max: 4.989428e-05)
Solution Distance:   1.217688e+02 ± 7.885347e-01
Merit:             4.035344e-01 ± 3.576000e-02
Avg Inference Time:  0.0725s
==================================================
Epoch 102/300, Loss: 1.0384, Obj: 0.5058, Eq Viol (l1): 0.000076, Ineq Viol (l1): 0.000001, Epoch time: 2.62s
Epoch 103/300, Loss: 1.0280, Obj: 0.5244, Eq Viol (l1): 0.000066, Ineq Viol (l1): 0.000000, Epoch time: 2.62s
Epoch 104/300, Loss: 1.0393, Obj: 0.5052, Eq Viol (l1): 0.000073, Ineq Viol (l1): 0.000000, Epoch time: 2.61s
Epoch 105/300, Loss: 1.0974, Obj: 0.5394, Eq Viol (l1): 0.000078, Ineq Viol (l1): 0.000000, Epoch time: 2.59s
Epoch 106/300, Loss: 1.3235, Obj: 0.6452, Eq Viol (l1): 0.000073, Ineq Viol (l1): 0.000000, Epoch time: 2.58s
Epoch 107/300, Loss: 1.0429, Obj: 0.4719, Eq Viol (l1): 0.000079, Ineq Viol (l1): 0.000000, Epoch time: 2.62s
Epoch 108/300, Loss: 0.8993, Obj: 0.4839, Eq Viol (l1): 0.000071, Ineq Viol (l1): 0.000000, Epoch time: 2.61s
Epoch 109/300, Loss: 1.0693, Obj: 0.4977, Eq Viol (l1): 0.000073, Ineq Viol (l1): 0.000000, Epoch time: 2.62s
Epoch 110/300, Loss: 0.9422, Obj: 0.4614, Eq Viol (l1): 0.000074, Ineq Viol (l1): 0.000000, Epoch time: 2.62s
Epoch 111/300, Loss: 1.2031, Obj: 0.4917, Eq Viol (l1): 0.000079, Ineq Viol (l1): 0.000000, Epoch time: 2.62s

Running validation at epoch 110...

VALIDATION_EPOCH_110 EVALUATION RESULTS:
==================================================
Objective Value:     6.180553e-01
True Objective:      -2.413704e+00
Optimality Gap:      2.066589e+00 ± 3.322773e-01
Eq Violation l1:   5.883134e-05 (max: 1.967552e-03)
Ineq Violation l1: 3.403117e-07 (max: 4.370161e-05)
Solution Distance:   1.227438e+02 ± 9.219640e-01
Merit:             6.186470e-01 ± 6.178634e-02
Avg Inference Time:  0.0722s
==================================================
Epoch 112/300, Loss: 1.0364, Obj: 0.4838, Eq Viol (l1): 0.000065, Ineq Viol (l1): 0.000000, Epoch time: 2.64s
Epoch 113/300, Loss: 1.0071, Obj: 0.4742, Eq Viol (l1): 0.000075, Ineq Viol (l1): 0.000000, Epoch time: 2.62s
Epoch 114/300, Loss: 0.9763, Obj: 0.4879, Eq Viol (l1): 0.000068, Ineq Viol (l1): 0.000000, Epoch time: 2.63s
Epoch 115/300, Loss: 0.9795, Obj: 0.4853, Eq Viol (l1): 0.000067, Ineq Viol (l1): 0.000000, Epoch time: 2.63s
Epoch 116/300, Loss: 1.0477, Obj: 0.5172, Eq Viol (l1): 0.000076, Ineq Viol (l1): 0.000000, Epoch time: 2.62s
Epoch 117/300, Loss: 1.1699, Obj: 0.5319, Eq Viol (l1): 0.000073, Ineq Viol (l1): 0.000000, Epoch time: 2.62s
Epoch 118/300, Loss: 1.0795, Obj: 0.5755, Eq Viol (l1): 0.000076, Ineq Viol (l1): 0.000000, Epoch time: 2.61s
Epoch 119/300, Loss: 0.8890, Obj: 0.4539, Eq Viol (l1): 0.000074, Ineq Viol (l1): 0.000000, Epoch time: 2.61s
Epoch 120/300, Loss: 0.9555, Obj: 0.4747, Eq Viol (l1): 0.000073, Ineq Viol (l1): 0.000000, Epoch time: 2.61s
Epoch 121/300, Loss: 0.9844, Obj: 0.4858, Eq Viol (l1): 0.000076, Ineq Viol (l1): 0.000000, Epoch time: 2.62s

Running validation at epoch 120...

VALIDATION_EPOCH_120 EVALUATION RESULTS:
==================================================
Objective Value:     3.858747e-01
True Objective:      -2.413704e+00
Optimality Gap:      1.575247e+00 ± 1.211644e-01
Eq Violation l1:   8.514415e-05 (max: 7.843529e-04)
Ineq Violation l1: 3.765031e-07 (max: 3.480072e-05)
Solution Distance:   1.213038e+02 ± 8.098235e-01
Merit:             3.867299e-01 ± 4.540038e-02
Avg Inference Time:  0.0689s
==================================================
Epoch 122/300, Loss: 0.9215, Obj: 0.4688, Eq Viol (l1): 0.000069, Ineq Viol (l1): 0.000000, Epoch time: 2.61s
Epoch 123/300, Loss: 0.9912, Obj: 0.5141, Eq Viol (l1): 0.000070, Ineq Viol (l1): 0.000000, Epoch time: 2.62s
Epoch 124/300, Loss: 0.9998, Obj: 0.4720, Eq Viol (l1): 0.000069, Ineq Viol (l1): 0.000000, Epoch time: 2.64s
Epoch 125/300, Loss: 0.9696, Obj: 0.4604, Eq Viol (l1): 0.000071, Ineq Viol (l1): 0.000000, Epoch time: 2.63s
Epoch 126/300, Loss: 0.8799, Obj: 0.4331, Eq Viol (l1): 0.000072, Ineq Viol (l1): 0.000000, Epoch time: 2.62s
Epoch 127/300, Loss: 0.9840, Obj: 0.4888, Eq Viol (l1): 0.000069, Ineq Viol (l1): 0.000000, Epoch time: 2.63s
Epoch 128/300, Loss: 1.0325, Obj: 0.4625, Eq Viol (l1): 0.000069, Ineq Viol (l1): 0.000000, Epoch time: 2.63s
Epoch 129/300, Loss: 0.9786, Obj: 0.4436, Eq Viol (l1): 0.000072, Ineq Viol (l1): 0.000000, Epoch time: 2.62s
Epoch 130/300, Loss: 1.0138, Obj: 0.4384, Eq Viol (l1): 0.000083, Ineq Viol (l1): 0.000000, Epoch time: 2.62s
Epoch 131/300, Loss: 1.0711, Obj: 0.4898, Eq Viol (l1): 0.000071, Ineq Viol (l1): 0.000000, Epoch time: 2.63s

Running validation at epoch 130...

VALIDATION_EPOCH_130 EVALUATION RESULTS:
==================================================
Objective Value:     3.817714e-01
True Objective:      -2.413704e+00
Optimality Gap:      1.388703e+00 ± 1.500997e-02
Eq Violation l1:   6.276079e-05 (max: 1.272386e-03)
Ineq Violation l1: 2.682072e-07 (max: 2.034274e-05)
Solution Distance:   1.215432e+02 ± 8.372770e-01
Merit:             3.824017e-01 ± 5.006026e-02
Avg Inference Time:  0.0721s
==================================================
Epoch 132/300, Loss: 0.8657, Obj: 0.4490, Eq Viol (l1): 0.000065, Ineq Viol (l1): 0.000000, Epoch time: 2.72s
Epoch 133/300, Loss: 0.8432, Obj: 0.4111, Eq Viol (l1): 0.000068, Ineq Viol (l1): 0.000000, Epoch time: 2.63s
Epoch 134/300, Loss: 0.9815, Obj: 0.4644, Eq Viol (l1): 0.000070, Ineq Viol (l1): 0.000001, Epoch time: 2.62s
Epoch 135/300, Loss: 1.0373, Obj: 0.4941, Eq Viol (l1): 0.000063, Ineq Viol (l1): 0.000000, Epoch time: 2.65s
Epoch 136/300, Loss: 0.9212, Obj: 0.4657, Eq Viol (l1): 0.000063, Ineq Viol (l1): 0.000000, Epoch time: 2.63s
Epoch 137/300, Loss: 0.9306, Obj: 0.4490, Eq Viol (l1): 0.000075, Ineq Viol (l1): 0.000000, Epoch time: 2.61s
Epoch 138/300, Loss: 0.8881, Obj: 0.4300, Eq Viol (l1): 0.000068, Ineq Viol (l1): 0.000000, Epoch time: 2.62s
Epoch 139/300, Loss: 0.8947, Obj: 0.4768, Eq Viol (l1): 0.000075, Ineq Viol (l1): 0.000001, Epoch time: 2.59s
Epoch 140/300, Loss: 0.9090, Obj: 0.4338, Eq Viol (l1): 0.000073, Ineq Viol (l1): 0.000000, Epoch time: 2.62s
Epoch 141/300, Loss: 0.8916, Obj: 0.4332, Eq Viol (l1): 0.000079, Ineq Viol (l1): 0.000000, Epoch time: 2.61s

Running validation at epoch 140...

VALIDATION_EPOCH_140 EVALUATION RESULTS:
==================================================
Objective Value:     4.465667e-01
True Objective:      -2.413704e+00
Optimality Gap:      1.627484e+00 ± 4.064564e-02
Eq Violation l1:   7.764191e-05 (max: 1.543408e-03)
Ineq Violation l1: 5.002417e-07 (max: 9.352228e-05)
Solution Distance:   1.214239e+02 ± 8.539411e-01
Merit:             4.473481e-01 ± 4.841728e-02
Avg Inference Time:  0.0699s
==================================================
Epoch 142/300, Loss: 0.9893, Obj: 0.4951, Eq Viol (l1): 0.000069, Ineq Viol (l1): 0.000000, Epoch time: 2.61s
Epoch 143/300, Loss: 0.8881, Obj: 0.4492, Eq Viol (l1): 0.000073, Ineq Viol (l1): 0.000001, Epoch time: 2.61s
Epoch 144/300, Loss: 0.9136, Obj: 0.4611, Eq Viol (l1): 0.000081, Ineq Viol (l1): 0.000000, Epoch time: 2.60s
Epoch 145/300, Loss: 0.9449, Obj: 0.4790, Eq Viol (l1): 0.000070, Ineq Viol (l1): 0.000000, Epoch time: 2.61s
Epoch 146/300, Loss: 0.8923, Obj: 0.4304, Eq Viol (l1): 0.000073, Ineq Viol (l1): 0.000000, Epoch time: 2.63s
Epoch 147/300, Loss: 0.9060, Obj: 0.4415, Eq Viol (l1): 0.000072, Ineq Viol (l1): 0.000000, Epoch time: 2.62s
Epoch 148/300, Loss: 0.8425, Obj: 0.4180, Eq Viol (l1): 0.000072, Ineq Viol (l1): 0.000000, Epoch time: 2.62s
Epoch 149/300, Loss: 0.8793, Obj: 0.4240, Eq Viol (l1): 0.000070, Ineq Viol (l1): 0.000000, Epoch time: 2.62s
Epoch 150/300, Loss: 0.8946, Obj: 0.4703, Eq Viol (l1): 0.000062, Ineq Viol (l1): 0.000000, Epoch time: 2.62s
Epoch 151/300, Loss: 0.9536, Obj: 0.4811, Eq Viol (l1): 0.000071, Ineq Viol (l1): 0.000000, Epoch time: 2.62s

Running validation at epoch 150...

VALIDATION_EPOCH_150 EVALUATION RESULTS:
==================================================
Objective Value:     3.884184e-01
True Objective:      -2.413704e+00
Optimality Gap:      1.417790e+00 ± 6.389349e-02
Eq Violation l1:   8.933852e-05 (max: 1.801796e-03)
Ineq Violation l1: 4.283119e-07 (max: 5.200526e-05)
Solution Distance:   1.216276e+02 ± 8.408267e-01
Merit:             3.893161e-01 ± 5.116613e-02
Avg Inference Time:  0.0710s
==================================================
Epoch 152/300, Loss: 0.9506, Obj: 0.4870, Eq Viol (l1): 0.000076, Ineq Viol (l1): 0.000000, Epoch time: 2.61s
Epoch 153/300, Loss: 0.9640, Obj: 0.4678, Eq Viol (l1): 0.000075, Ineq Viol (l1): 0.000000, Epoch time: 2.62s
Epoch 154/300, Loss: 0.9090, Obj: 0.4455, Eq Viol (l1): 0.000070, Ineq Viol (l1): 0.000000, Epoch time: 2.62s
Epoch 155/300, Loss: 1.0461, Obj: 0.4869, Eq Viol (l1): 0.000070, Ineq Viol (l1): 0.000000, Epoch time: 2.62s
Epoch 156/300, Loss: 0.8988, Obj: 0.4493, Eq Viol (l1): 0.000077, Ineq Viol (l1): 0.000000, Epoch time: 2.61s
Epoch 157/300, Loss: 0.9061, Obj: 0.4383, Eq Viol (l1): 0.000076, Ineq Viol (l1): 0.000000, Epoch time: 2.61s
Epoch 158/300, Loss: 0.9362, Obj: 0.4427, Eq Viol (l1): 0.000072, Ineq Viol (l1): 0.000000, Epoch time: 2.63s
Epoch 159/300, Loss: 0.9411, Obj: 0.4503, Eq Viol (l1): 0.000074, Ineq Viol (l1): 0.000000, Epoch time: 2.62s
Epoch 160/300, Loss: 0.9385, Obj: 0.4588, Eq Viol (l1): 0.000070, Ineq Viol (l1): 0.000000, Epoch time: 2.63s
Epoch 161/300, Loss: 0.9016, Obj: 0.4225, Eq Viol (l1): 0.000074, Ineq Viol (l1): 0.000000, Epoch time: 2.62s

Running validation at epoch 160...

VALIDATION_EPOCH_160 EVALUATION RESULTS:
==================================================
Objective Value:     4.878505e-01
True Objective:      -2.413704e+00
Optimality Gap:      1.489779e+00 ± 5.488854e-02
Eq Violation l1:   8.512687e-05 (max: 1.745547e-03)
Ineq Violation l1: 3.719148e-07 (max: 2.631591e-05)
Solution Distance:   1.217652e+02 ± 8.959247e-01
Merit:             4.887055e-01 ± 5.547325e-02
Avg Inference Time:  0.0688s
==================================================
Epoch 162/300, Loss: 0.9510, Obj: 0.4824, Eq Viol (l1): 0.000073, Ineq Viol (l1): 0.000000, Epoch time: 2.61s
Epoch 163/300, Loss: 0.9129, Obj: 0.4581, Eq Viol (l1): 0.000071, Ineq Viol (l1): 0.000000, Epoch time: 2.60s
Epoch 164/300, Loss: 0.8311, Obj: 0.3891, Eq Viol (l1): 0.000068, Ineq Viol (l1): 0.000000, Epoch time: 2.62s
Epoch 165/300, Loss: 0.8590, Obj: 0.4175, Eq Viol (l1): 0.000068, Ineq Viol (l1): 0.000000, Epoch time: 2.73s
Epoch 166/300, Loss: 0.8739, Obj: 0.4064, Eq Viol (l1): 0.000079, Ineq Viol (l1): 0.000000, Epoch time: 2.61s
Epoch 167/300, Loss: 0.9313, Obj: 0.4884, Eq Viol (l1): 0.000071, Ineq Viol (l1): 0.000000, Epoch time: 2.61s
Epoch 168/300, Loss: 0.8937, Obj: 0.4419, Eq Viol (l1): 0.000070, Ineq Viol (l1): 0.000000, Epoch time: 2.62s
Epoch 169/300, Loss: 0.9210, Obj: 0.4410, Eq Viol (l1): 0.000074, Ineq Viol (l1): 0.000000, Epoch time: 2.62s
Epoch 170/300, Loss: 0.8646, Obj: 0.4342, Eq Viol (l1): 0.000074, Ineq Viol (l1): 0.000000, Epoch time: 2.61s
Epoch 171/300, Loss: 0.8114, Obj: 0.3946, Eq Viol (l1): 0.000084, Ineq Viol (l1): 0.000001, Epoch time: 2.60s

Running validation at epoch 170...

VALIDATION_EPOCH_170 EVALUATION RESULTS:
==================================================
Objective Value:     3.527228e-01
True Objective:      -2.413704e+00
Optimality Gap:      1.486612e+00 ± 8.044089e-02
Eq Violation l1:   6.768090e-05 (max: 1.353575e-03)
Ineq Violation l1: 5.545055e-07 (max: 5.062576e-05)
Solution Distance:   1.212586e+02 ± 7.720835e-01
Merit:             3.534052e-01 ± 3.744086e-02
Avg Inference Time:  0.0723s
==================================================
Epoch 172/300, Loss: 0.8501, Obj: 0.4009, Eq Viol (l1): 0.000074, Ineq Viol (l1): 0.000000, Epoch time: 2.62s
Epoch 173/300, Loss: 0.8674, Obj: 0.4263, Eq Viol (l1): 0.000074, Ineq Viol (l1): 0.000000, Epoch time: 2.62s
Epoch 174/300, Loss: 0.8741, Obj: 0.4178, Eq Viol (l1): 0.000072, Ineq Viol (l1): 0.000000, Epoch time: 2.62s
Epoch 175/300, Loss: 0.8832, Obj: 0.4307, Eq Viol (l1): 0.000073, Ineq Viol (l1): 0.000000, Epoch time: 2.62s
Epoch 176/300, Loss: 0.9329, Obj: 0.4776, Eq Viol (l1): 0.000063, Ineq Viol (l1): 0.000000, Epoch time: 2.63s
Epoch 177/300, Loss: 0.9484, Obj: 0.4590, Eq Viol (l1): 0.000076, Ineq Viol (l1): 0.000000, Epoch time: 2.62s
Epoch 178/300, Loss: 0.8772, Obj: 0.4243, Eq Viol (l1): 0.000081, Ineq Viol (l1): 0.000000, Epoch time: 2.60s
Epoch 179/300, Loss: 0.9104, Obj: 0.4335, Eq Viol (l1): 0.000077, Ineq Viol (l1): 0.000000, Epoch time: 2.61s
Epoch 180/300, Loss: 1.1664, Obj: 0.6120, Eq Viol (l1): 0.000081, Ineq Viol (l1): 0.000000, Epoch time: 2.57s
Epoch 181/300, Loss: 0.9911, Obj: 0.5032, Eq Viol (l1): 0.000080, Ineq Viol (l1): 0.000000, Epoch time: 2.60s

Running validation at epoch 180...

VALIDATION_EPOCH_180 EVALUATION RESULTS:
==================================================
Objective Value:     3.059130e-01
True Objective:      -2.413704e+00
Optimality Gap:      1.285648e+00 ± 5.365020e-02
Eq Violation l1:   9.540441e-05 (max: 1.391742e-03)
Ineq Violation l1: 3.460429e-07 (max: 2.396469e-05)
Solution Distance:   1.212796e+02 ± 8.397024e-01
Merit:             3.068705e-01 ± 5.084186e-02
Avg Inference Time:  0.0710s
==================================================
Epoch 182/300, Loss: 0.8124, Obj: 0.3893, Eq Viol (l1): 0.000072, Ineq Viol (l1): 0.000000, Epoch time: 2.62s
Epoch 183/300, Loss: 0.9050, Obj: 0.4406, Eq Viol (l1): 0.000077, Ineq Viol (l1): 0.000000, Epoch time: 2.61s
Epoch 184/300, Loss: 0.8287, Obj: 0.4039, Eq Viol (l1): 0.000078, Ineq Viol (l1): 0.000000, Epoch time: 2.60s
Epoch 185/300, Loss: 0.7887, Obj: 0.4045, Eq Viol (l1): 0.000082, Ineq Viol (l1): 0.000000, Epoch time: 2.60s
Epoch 186/300, Loss: 0.7870, Obj: 0.3990, Eq Viol (l1): 0.000077, Ineq Viol (l1): 0.000000, Epoch time: 2.60s
Epoch 187/300, Loss: 0.8428, Obj: 0.4011, Eq Viol (l1): 0.000070, Ineq Viol (l1): 0.000000, Epoch time: 2.63s
Epoch 188/300, Loss: 0.8024, Obj: 0.3724, Eq Viol (l1): 0.000074, Ineq Viol (l1): 0.000000, Epoch time: 2.62s
Epoch 189/300, Loss: 0.7576, Obj: 0.3867, Eq Viol (l1): 0.000066, Ineq Viol (l1): 0.000000, Epoch time: 2.62s
Epoch 190/300, Loss: 0.8796, Obj: 0.4742, Eq Viol (l1): 0.000069, Ineq Viol (l1): 0.000000, Epoch time: 2.60s
Epoch 191/300, Loss: 0.9042, Obj: 0.4369, Eq Viol (l1): 0.000076, Ineq Viol (l1): 0.000000, Epoch time: 2.61s

Running validation at epoch 190...

VALIDATION_EPOCH_190 EVALUATION RESULTS:
==================================================
Objective Value:     3.766391e-01
True Objective:      -2.413704e+00
Optimality Gap:      1.415144e+00 ± 2.494802e-02
Eq Violation l1:   9.063860e-05 (max: 1.928428e-03)
Ineq Violation l1: 5.597504e-07 (max: 6.100223e-05)
Solution Distance:   1.216003e+02 ± 8.202315e-01
Merit:             3.775511e-01 ± 3.898158e-02
Avg Inference Time:  0.0711s
==================================================
Epoch 192/300, Loss: 1.0042, Obj: 0.5137, Eq Viol (l1): 0.000080, Ineq Viol (l1): 0.000000, Epoch time: 2.61s
Epoch 193/300, Loss: 0.8605, Obj: 0.4288, Eq Viol (l1): 0.000071, Ineq Viol (l1): 0.000000, Epoch time: 2.62s
Epoch 194/300, Loss: 0.9376, Obj: 0.4552, Eq Viol (l1): 0.000075, Ineq Viol (l1): 0.000000, Epoch time: 2.61s
Epoch 195/300, Loss: 0.9402, Obj: 0.4248, Eq Viol (l1): 0.000080, Ineq Viol (l1): 0.000000, Epoch time: 2.61s
Epoch 196/300, Loss: 0.8663, Obj: 0.4645, Eq Viol (l1): 0.000068, Ineq Viol (l1): 0.000000, Epoch time: 2.62s
Epoch 197/300, Loss: 0.8793, Obj: 0.4318, Eq Viol (l1): 0.000069, Ineq Viol (l1): 0.000000, Epoch time: 2.62s
Epoch 198/300, Loss: 0.8763, Obj: 0.4305, Eq Viol (l1): 0.000064, Ineq Viol (l1): 0.000000, Epoch time: 2.73s
Epoch 199/300, Loss: 0.8070, Obj: 0.4031, Eq Viol (l1): 0.000072, Ineq Viol (l1): 0.000001, Epoch time: 2.62s
Epoch 200/300, Loss: 0.8598, Obj: 0.3806, Eq Viol (l1): 0.000075, Ineq Viol (l1): 0.000000, Epoch time: 2.62s
Epoch 201/300, Loss: 0.8157, Obj: 0.4162, Eq Viol (l1): 0.000063, Ineq Viol (l1): 0.000000, Epoch time: 2.64s

Running validation at epoch 200...

VALIDATION_EPOCH_200 EVALUATION RESULTS:
==================================================
Objective Value:     3.264978e-01
True Objective:      -2.413704e+00
Optimality Gap:      1.336209e+00 ± 3.901150e-02
Eq Violation l1:   6.742912e-05 (max: 1.218255e-03)
Ineq Violation l1: 4.024069e-07 (max: 3.172687e-05)
Solution Distance:   1.214452e+02 ± 7.987559e-01
Merit:             3.271761e-01 ± 4.223934e-02
Avg Inference Time:  0.0735s
==================================================
Epoch 202/300, Loss: 0.8880, Obj: 0.4622, Eq Viol (l1): 0.000072, Ineq Viol (l1): 0.000000, Epoch time: 2.62s
Epoch 203/300, Loss: 0.8747, Obj: 0.4343, Eq Viol (l1): 0.000078, Ineq Viol (l1): 0.000000, Epoch time: 2.61s
Epoch 204/300, Loss: 0.8830, Obj: 0.4487, Eq Viol (l1): 0.000075, Ineq Viol (l1): 0.000000, Epoch time: 2.61s
Epoch 205/300, Loss: 0.8315, Obj: 0.4070, Eq Viol (l1): 0.000075, Ineq Viol (l1): 0.000000, Epoch time: 2.61s
Epoch 206/300, Loss: 0.8263, Obj: 0.4126, Eq Viol (l1): 0.000081, Ineq Viol (l1): 0.000001, Epoch time: 2.60s
Epoch 207/300, Loss: 0.7774, Obj: 0.3634, Eq Viol (l1): 0.000072, Ineq Viol (l1): 0.000000, Epoch time: 2.61s
Epoch 208/300, Loss: 0.8680, Obj: 0.4136, Eq Viol (l1): 0.000071, Ineq Viol (l1): 0.000000, Epoch time: 2.63s
Epoch 209/300, Loss: 0.8727, Obj: 0.4502, Eq Viol (l1): 0.000065, Ineq Viol (l1): 0.000000, Epoch time: 2.62s
Epoch 210/300, Loss: 0.8267, Obj: 0.4174, Eq Viol (l1): 0.000073, Ineq Viol (l1): 0.000000, Epoch time: 2.62s
Epoch 211/300, Loss: 0.8930, Obj: 0.4508, Eq Viol (l1): 0.000080, Ineq Viol (l1): 0.000000, Epoch time: 2.60s

Running validation at epoch 210...

VALIDATION_EPOCH_210 EVALUATION RESULTS:
==================================================
Objective Value:     2.990297e-01
True Objective:      -2.413704e+00
Optimality Gap:      1.322362e+00 ± 2.368990e-02
Eq Violation l1:   8.517378e-05 (max: 1.428270e-03)
Ineq Violation l1: 3.960692e-07 (max: 3.793619e-05)
Solution Distance:   1.212342e+02 ± 8.335407e-01
Merit:             2.998854e-01 ± 4.838796e-02
Avg Inference Time:  0.0724s
==================================================
Epoch 212/300, Loss: 0.8573, Obj: 0.4192, Eq Viol (l1): 0.000062, Ineq Viol (l1): 0.000000, Epoch time: 2.63s
Epoch 213/300, Loss: 0.9037, Obj: 0.3955, Eq Viol (l1): 0.000072, Ineq Viol (l1): 0.000000, Epoch time: 2.63s
Epoch 214/300, Loss: 0.9108, Obj: 0.4298, Eq Viol (l1): 0.000068, Ineq Viol (l1): 0.000000, Epoch time: 2.63s
Epoch 215/300, Loss: 0.8236, Obj: 0.4063, Eq Viol (l1): 0.000069, Ineq Viol (l1): 0.000000, Epoch time: 2.62s
Epoch 216/300, Loss: 0.8297, Obj: 0.3948, Eq Viol (l1): 0.000069, Ineq Viol (l1): 0.000000, Epoch time: 2.64s
Epoch 217/300, Loss: 0.9000, Obj: 0.4503, Eq Viol (l1): 0.000081, Ineq Viol (l1): 0.000000, Epoch time: 2.60s
Epoch 218/300, Loss: 0.8817, Obj: 0.4239, Eq Viol (l1): 0.000073, Ineq Viol (l1): 0.000000, Epoch time: 2.61s
Epoch 219/300, Loss: 0.7994, Obj: 0.4080, Eq Viol (l1): 0.000076, Ineq Viol (l1): 0.000000, Epoch time: 2.61s
Epoch 220/300, Loss: 0.8040, Obj: 0.3944, Eq Viol (l1): 0.000074, Ineq Viol (l1): 0.000000, Epoch time: 2.60s
Epoch 221/300, Loss: 0.8101, Obj: 0.3796, Eq Viol (l1): 0.000079, Ineq Viol (l1): 0.000001, Epoch time: 2.61s

Running validation at epoch 220...

VALIDATION_EPOCH_220 EVALUATION RESULTS:
==================================================
Objective Value:     2.688594e-01
True Objective:      -2.413704e+00
Optimality Gap:      1.232704e+00 ± 7.985247e-02
Eq Violation l1:   8.232710e-05 (max: 1.171334e-03)
Ineq Violation l1: 4.512242e-07 (max: 3.574931e-05)
Solution Distance:   1.208380e+02 ± 8.358563e-01
Merit:             2.696872e-01 ± 4.078492e-02
Avg Inference Time:  0.0726s
==================================================
Epoch 222/300, Loss: 0.8169, Obj: 0.4033, Eq Viol (l1): 0.000070, Ineq Viol (l1): 0.000000, Epoch time: 2.62s
Epoch 223/300, Loss: 0.8852, Obj: 0.4356, Eq Viol (l1): 0.000086, Ineq Viol (l1): 0.000000, Epoch time: 2.59s
Epoch 224/300, Loss: 0.8604, Obj: 0.3951, Eq Viol (l1): 0.000086, Ineq Viol (l1): 0.000000, Epoch time: 2.60s
Epoch 225/300, Loss: 0.7986, Obj: 0.3940, Eq Viol (l1): 0.000071, Ineq Viol (l1): 0.000000, Epoch time: 2.61s
Epoch 226/300, Loss: 0.7721, Obj: 0.3854, Eq Viol (l1): 0.000080, Ineq Viol (l1): 0.000001, Epoch time: 2.60s
Epoch 227/300, Loss: 0.7689, Obj: 0.3869, Eq Viol (l1): 0.000070, Ineq Viol (l1): 0.000000, Epoch time: 2.61s
Epoch 228/300, Loss: 0.7410, Obj: 0.3802, Eq Viol (l1): 0.000072, Ineq Viol (l1): 0.000000, Epoch time: 2.61s
Epoch 229/300, Loss: 0.8229, Obj: 0.4065, Eq Viol (l1): 0.000075, Ineq Viol (l1): 0.000000, Epoch time: 2.60s
Epoch 230/300, Loss: 0.8393, Obj: 0.4352, Eq Viol (l1): 0.000065, Ineq Viol (l1): 0.000000, Epoch time: 2.61s
Epoch 231/300, Loss: 0.8224, Obj: 0.3929, Eq Viol (l1): 0.000078, Ineq Viol (l1): 0.000000, Epoch time: 2.71s

Running validation at epoch 230...

VALIDATION_EPOCH_230 EVALUATION RESULTS:
==================================================
Objective Value:     4.135142e-01
True Objective:      -2.413704e+00
Optimality Gap:      1.453598e+00 ± 1.275301e-02
Eq Violation l1:   6.568943e-05 (max: 1.807542e-03)
Ineq Violation l1: 3.740754e-07 (max: 4.943892e-05)
Solution Distance:   1.212537e+02 ± 8.556198e-01
Merit:             4.141748e-01 ± 3.646072e-02
Avg Inference Time:  0.0731s
==================================================
Epoch 232/300, Loss: 0.8619, Obj: 0.4518, Eq Viol (l1): 0.000073, Ineq Viol (l1): 0.000000, Epoch time: 2.62s
Epoch 233/300, Loss: 0.7863, Obj: 0.4036, Eq Viol (l1): 0.000073, Ineq Viol (l1): 0.000000, Epoch time: 2.61s
Epoch 234/300, Loss: 0.7822, Obj: 0.3862, Eq Viol (l1): 0.000071, Ineq Viol (l1): 0.000000, Epoch time: 2.62s
Epoch 235/300, Loss: 0.8511, Obj: 0.4049, Eq Viol (l1): 0.000081, Ineq Viol (l1): 0.000000, Epoch time: 2.60s
Epoch 236/300, Loss: 0.8184, Obj: 0.4001, Eq Viol (l1): 0.000075, Ineq Viol (l1): 0.000000, Epoch time: 2.61s
Epoch 237/300, Loss: 0.8435, Obj: 0.3932, Eq Viol (l1): 0.000070, Ineq Viol (l1): 0.000000, Epoch time: 2.61s
Epoch 238/300, Loss: 0.7816, Obj: 0.3612, Eq Viol (l1): 0.000071, Ineq Viol (l1): 0.000000, Epoch time: 2.63s
Epoch 239/300, Loss: 0.7579, Obj: 0.3600, Eq Viol (l1): 0.000072, Ineq Viol (l1): 0.000000, Epoch time: 2.62s
Epoch 240/300, Loss: 0.8429, Obj: 0.4078, Eq Viol (l1): 0.000071, Ineq Viol (l1): 0.000000, Epoch time: 2.62s
Epoch 241/300, Loss: 0.8557, Obj: 0.4399, Eq Viol (l1): 0.000072, Ineq Viol (l1): 0.000000, Epoch time: 2.61s

Running validation at epoch 240...

VALIDATION_EPOCH_240 EVALUATION RESULTS:
==================================================
Objective Value:     4.508993e-01
True Objective:      -2.413704e+00
Optimality Gap:      1.519100e+00 ± 2.342496e-02
Eq Violation l1:   8.838651e-05 (max: 1.415812e-03)
Ineq Violation l1: 3.126219e-07 (max: 3.145917e-05)
Solution Distance:   1.218533e+02 ± 9.102914e-01
Merit:             4.517863e-01 ± 6.655805e-02
Avg Inference Time:  0.0690s
==================================================
Epoch 242/300, Loss: 0.8392, Obj: 0.3997, Eq Viol (l1): 0.000080, Ineq Viol (l1): 0.000000, Epoch time: 2.61s
Epoch 243/300, Loss: 0.8702, Obj: 0.3877, Eq Viol (l1): 0.000075, Ineq Viol (l1): 0.000000, Epoch time: 2.62s
Epoch 244/300, Loss: 0.8478, Obj: 0.4527, Eq Viol (l1): 0.000066, Ineq Viol (l1): 0.000000, Epoch time: 2.61s
Epoch 245/300, Loss: 0.7919, Obj: 0.3864, Eq Viol (l1): 0.000079, Ineq Viol (l1): 0.000000, Epoch time: 2.60s
Epoch 246/300, Loss: 0.8105, Obj: 0.3957, Eq Viol (l1): 0.000068, Ineq Viol (l1): 0.000000, Epoch time: 2.62s
Epoch 247/300, Loss: 0.8422, Obj: 0.3933, Eq Viol (l1): 0.000070, Ineq Viol (l1): 0.000000, Epoch time: 2.63s
Epoch 248/300, Loss: 0.8068, Obj: 0.4083, Eq Viol (l1): 0.000075, Ineq Viol (l1): 0.000001, Epoch time: 2.61s
Epoch 249/300, Loss: 0.8365, Obj: 0.3883, Eq Viol (l1): 0.000075, Ineq Viol (l1): 0.000000, Epoch time: 2.62s
Epoch 250/300, Loss: 0.7694, Obj: 0.3793, Eq Viol (l1): 0.000074, Ineq Viol (l1): 0.000000, Epoch time: 2.61s
Epoch 251/300, Loss: 0.8509, Obj: 0.4297, Eq Viol (l1): 0.000074, Ineq Viol (l1): 0.000000, Epoch time: 2.61s

Running validation at epoch 250...

VALIDATION_EPOCH_250 EVALUATION RESULTS:
==================================================
Objective Value:     3.150248e-01
True Objective:      -2.413704e+00
Optimality Gap:      1.338677e+00 ± 1.519353e-02
Eq Violation l1:   6.870409e-05 (max: 1.929737e-03)
Ineq Violation l1: 7.935419e-07 (max: 1.246234e-04)
Solution Distance:   1.212085e+02 ± 8.084142e-01
Merit:             3.157197e-01 ± 4.320754e-02
Avg Inference Time:  0.0726s
==================================================
Epoch 252/300, Loss: 0.7893, Obj: 0.3799, Eq Viol (l1): 0.000086, Ineq Viol (l1): 0.000001, Epoch time: 2.60s
Epoch 253/300, Loss: 0.7640, Obj: 0.3650, Eq Viol (l1): 0.000071, Ineq Viol (l1): 0.000000, Epoch time: 2.62s
Epoch 254/300, Loss: 0.7744, Obj: 0.3825, Eq Viol (l1): 0.000075, Ineq Viol (l1): 0.000000, Epoch time: 2.60s
Epoch 255/300, Loss: 0.8503, Obj: 0.4255, Eq Viol (l1): 0.000076, Ineq Viol (l1): 0.000000, Epoch time: 2.60s
Epoch 256/300, Loss: 0.8080, Obj: 0.3910, Eq Viol (l1): 0.000074, Ineq Viol (l1): 0.000000, Epoch time: 2.62s
Epoch 257/300, Loss: 0.8486, Obj: 0.4075, Eq Viol (l1): 0.000077, Ineq Viol (l1): 0.000000, Epoch time: 2.61s
Epoch 258/300, Loss: 0.8288, Obj: 0.4134, Eq Viol (l1): 0.000078, Ineq Viol (l1): 0.000000, Epoch time: 2.59s
Epoch 259/300, Loss: 0.7596, Obj: 0.3626, Eq Viol (l1): 0.000073, Ineq Viol (l1): 0.000000, Epoch time: 2.61s
Epoch 260/300, Loss: 0.7666, Obj: 0.3577, Eq Viol (l1): 0.000075, Ineq Viol (l1): 0.000001, Epoch time: 2.61s
Epoch 261/300, Loss: 0.7487, Obj: 0.3722, Eq Viol (l1): 0.000073, Ineq Viol (l1): 0.000000, Epoch time: 2.61s

Running validation at epoch 260...

VALIDATION_EPOCH_260 EVALUATION RESULTS:
==================================================
Objective Value:     2.623456e-01
True Objective:      -2.413704e+00
Optimality Gap:      1.230867e+00 ± 9.346362e-02
Eq Violation l1:   1.045148e-04 (max: 1.168451e-03)
Ineq Violation l1: 4.246300e-07 (max: 4.444838e-05)
Solution Distance:   1.207186e+02 ± 8.304569e-01
Merit:             2.633950e-01 ± 4.647923e-02
Avg Inference Time:  0.0710s
==================================================
Epoch 262/300, Loss: 0.7477, Obj: 0.3638, Eq Viol (l1): 0.000082, Ineq Viol (l1): 0.000000, Epoch time: 2.60s
Epoch 263/300, Loss: 0.8669, Obj: 0.4074, Eq Viol (l1): 0.000070, Ineq Viol (l1): 0.000000, Epoch time: 2.73s
Epoch 264/300, Loss: 0.8354, Obj: 0.3918, Eq Viol (l1): 0.000076, Ineq Viol (l1): 0.000000, Epoch time: 2.61s
Epoch 265/300, Loss: 0.8220, Obj: 0.4121, Eq Viol (l1): 0.000079, Ineq Viol (l1): 0.000001, Epoch time: 2.60s
Epoch 266/300, Loss: 0.8031, Obj: 0.3786, Eq Viol (l1): 0.000076, Ineq Viol (l1): 0.000000, Epoch time: 2.61s
Epoch 267/300, Loss: 0.8121, Obj: 0.3895, Eq Viol (l1): 0.000072, Ineq Viol (l1): 0.000000, Epoch time: 2.63s
Epoch 268/300, Loss: 0.8411, Obj: 0.3809, Eq Viol (l1): 0.000074, Ineq Viol (l1): 0.000000, Epoch time: 2.63s
Epoch 269/300, Loss: 0.8031, Obj: 0.3766, Eq Viol (l1): 0.000077, Ineq Viol (l1): 0.000000, Epoch time: 2.61s
Epoch 270/300, Loss: 0.8293, Obj: 0.3725, Eq Viol (l1): 0.000077, Ineq Viol (l1): 0.000000, Epoch time: 2.61s
Epoch 271/300, Loss: 0.7895, Obj: 0.3896, Eq Viol (l1): 0.000069, Ineq Viol (l1): 0.000000, Epoch time: 2.62s

Running validation at epoch 270...

VALIDATION_EPOCH_270 EVALUATION RESULTS:
==================================================
Objective Value:     3.791805e-01
True Objective:      -2.413704e+00
Optimality Gap:      1.462841e+00 ± 1.180242e-02
Eq Violation l1:   4.525179e-05 (max: 1.611210e-03)
Ineq Violation l1: 3.127858e-07 (max: 2.481972e-05)
Solution Distance:   1.215764e+02 ± 8.263587e-01
Merit:             3.796361e-01 ± 3.874303e-02
Avg Inference Time:  0.0725s
==================================================
Epoch 272/300, Loss: 0.8271, Obj: 0.3836, Eq Viol (l1): 0.000077, Ineq Viol (l1): 0.000000, Epoch time: 2.62s
Epoch 273/300, Loss: 0.7160, Obj: 0.3650, Eq Viol (l1): 0.000077, Ineq Viol (l1): 0.000001, Epoch time: 2.60s
Epoch 274/300, Loss: 0.7684, Obj: 0.3698, Eq Viol (l1): 0.000077, Ineq Viol (l1): 0.000000, Epoch time: 2.61s
Epoch 275/300, Loss: 0.7717, Obj: 0.3784, Eq Viol (l1): 0.000071, Ineq Viol (l1): 0.000000, Epoch time: 2.62s
Epoch 276/300, Loss: 0.8136, Obj: 0.3878, Eq Viol (l1): 0.000070, Ineq Viol (l1): 0.000000, Epoch time: 2.62s
Epoch 277/300, Loss: 0.7932, Obj: 0.4006, Eq Viol (l1): 0.000067, Ineq Viol (l1): 0.000000, Epoch time: 2.61s
Epoch 278/300, Loss: 1.0153, Obj: 0.4534, Eq Viol (l1): 0.000075, Ineq Viol (l1): 0.000000, Epoch time: 2.61s
Epoch 279/300, Loss: 0.9999, Obj: 0.5226, Eq Viol (l1): 0.000070, Ineq Viol (l1): 0.000000, Epoch time: 2.61s
Epoch 280/300, Loss: 0.8752, Obj: 0.4162, Eq Viol (l1): 0.000078, Ineq Viol (l1): 0.000000, Epoch time: 2.58s
Epoch 281/300, Loss: 0.7767, Obj: 0.3620, Eq Viol (l1): 0.000080, Ineq Viol (l1): 0.000000, Epoch time: 2.60s

Running validation at epoch 280...

VALIDATION_EPOCH_280 EVALUATION RESULTS:
==================================================
Objective Value:     4.049494e-01
True Objective:      -2.413704e+00
Optimality Gap:      1.469881e+00 ± 3.925938e-02
Eq Violation l1:   6.709430e-05 (max: 2.324797e-03)
Ineq Violation l1: 2.184200e-07 (max: 2.322175e-05)
Solution Distance:   1.212609e+02 ± 8.111247e-01
Merit:             4.056225e-01 ± 4.354045e-02
Avg Inference Time:  0.0702s
==================================================
Epoch 282/300, Loss: 0.8198, Obj: 0.3950, Eq Viol (l1): 0.000070, Ineq Viol (l1): 0.000000, Epoch time: 2.60s
Epoch 283/300, Loss: 0.8136, Obj: 0.4026, Eq Viol (l1): 0.000068, Ineq Viol (l1): 0.000000, Epoch time: 2.61s
Epoch 284/300, Loss: 0.7908, Obj: 0.4044, Eq Viol (l1): 0.000069, Ineq Viol (l1): 0.000000, Epoch time: 2.59s
Epoch 285/300, Loss: 0.8147, Obj: 0.3804, Eq Viol (l1): 0.000074, Ineq Viol (l1): 0.000000, Epoch time: 2.60s
Epoch 286/300, Loss: 0.8560, Obj: 0.3737, Eq Viol (l1): 0.000080, Ineq Viol (l1): 0.000000, Epoch time: 2.60s
Epoch 287/300, Loss: 0.8989, Obj: 0.4398, Eq Viol (l1): 0.000074, Ineq Viol (l1): 0.000000, Epoch time: 2.60s
Epoch 288/300, Loss: 0.8921, Obj: 0.4272, Eq Viol (l1): 0.000075, Ineq Viol (l1): 0.000000, Epoch time: 2.60s
Epoch 289/300, Loss: 0.7774, Obj: 0.3856, Eq Viol (l1): 0.000078, Ineq Viol (l1): 0.000001, Epoch time: 2.58s
Epoch 290/300, Loss: 0.7574, Obj: 0.3527, Eq Viol (l1): 0.000081, Ineq Viol (l1): 0.000000, Epoch time: 2.59s
Epoch 291/300, Loss: 0.8187, Obj: 0.3895, Eq Viol (l1): 0.000074, Ineq Viol (l1): 0.000000, Epoch time: 2.59s

Running validation at epoch 290...

VALIDATION_EPOCH_290 EVALUATION RESULTS:
==================================================
Objective Value:     3.464172e-01
True Objective:      -2.413704e+00
Optimality Gap:      1.430464e+00 ± 2.744711e-02
Eq Violation l1:   6.377116e-05 (max: 1.220267e-03)
Ineq Violation l1: 3.237772e-07 (max: 2.184736e-05)
Solution Distance:   1.209983e+02 ± 8.079419e-01
Merit:             3.470582e-01 ± 3.935969e-02
Avg Inference Time:  0.0716s
==================================================
Epoch 292/300, Loss: 0.7737, Obj: 0.3917, Eq Viol (l1): 0.000067, Ineq Viol (l1): 0.000000, Epoch time: 2.61s
Epoch 293/300, Loss: 0.7429, Obj: 0.3427, Eq Viol (l1): 0.000074, Ineq Viol (l1): 0.000000, Epoch time: 2.61s
Epoch 294/300, Loss: 0.7331, Obj: 0.3669, Eq Viol (l1): 0.000074, Ineq Viol (l1): 0.000000, Epoch time: 2.58s
Epoch 295/300, Loss: 0.7009, Obj: 0.3490, Eq Viol (l1): 0.000070, Ineq Viol (l1): 0.000000, Epoch time: 2.61s
Epoch 296/300, Loss: 0.7144, Obj: 0.3416, Eq Viol (l1): 0.000077, Ineq Viol (l1): 0.000000, Epoch time: 2.60s
Epoch 297/300, Loss: 0.7673, Obj: 0.3593, Eq Viol (l1): 0.000077, Ineq Viol (l1): 0.000000, Epoch time: 2.60s
Epoch 298/300, Loss: 0.7902, Obj: 0.3923, Eq Viol (l1): 0.000074, Ineq Viol (l1): 0.000000, Epoch time: 2.69s
Epoch 299/300, Loss: 0.9277, Obj: 0.4290, Eq Viol (l1): 0.000068, Ineq Viol (l1): 0.000000, Epoch time: 2.62s
Epoch 300/300, Loss: 0.8217, Obj: 0.3922, Eq Viol (l1): 0.000067, Ineq Viol (l1): 0.000001, Epoch time: 2.62s

Training completed in 794.23 seconds.

============================================================
COMPREHENSIVE TEST EVALUATION WITH DETAILED RESULTS
============================================================
Testing with batch sizes: [256, 512]

Evaluating with batch size: 256 (with detailed results)

TEST_BS256 EVALUATION RESULTS:
==================================================
Objective Value:     4.105082e-01
True Objective:      -2.409220e+00
Optimality Gap:      3.033366e+00 ± 2.262046e+00
Eq Violation l1:   6.221090e-05 (max: 1.477013e-03)
Ineq Violation l1: 4.163756e-07 (max: 4.460044e-05)
Solution Distance:   1.227852e+02 ± 1.940632e+00
Merit:             4.111345e-01 ± 8.080513e-02
Avg Inference Time:  0.0656s
==================================================

Evaluating with batch size: 512 (with detailed results)

TEST_BS512 EVALUATION RESULTS:
==================================================
Objective Value:     4.126731e-01
True Objective:      -2.408634e+00
Optimality Gap:      3.009863e+00 ± 1.300219e+00
Eq Violation l1:   6.054395e-05 (max: 1.547946e-03)
Ineq Violation l1: 3.665355e-07 (max: 6.307384e-05)
Solution Distance:   1.227767e+02 ± 1.367568e+00
Merit:             4.132822e-01 ± 6.087305e-02
Avg Inference Time:  0.0698s
==================================================

TEST BATCH SIZE COMPARISON:
================================================================================
Batch Size   Objective    Opt Gap      Eq Viol      Ineq Viol    Time (s)  
--------------------------------------------------------------------------------
256          4.1051e-01   3.0334e+00   6.2211e-05   4.1638e-07   0.52      
512          4.1267e-01   3.0099e+00   6.0544e-05   3.6654e-07   0.28      
================================================================================

Saving model and results to: results/nonsmooth_nonconvex/socp/SOCPProblem-100-50-50-10000/20260108-043951_MLP_FSNet_seed1_nepochs300_lr0.0002_trainsize7000_finetune_20260108-031614_model_420
✓ Model saved: results/nonsmooth_nonconvex/socp/SOCPProblem-100-50-50-10000/20260108-043951_MLP_FSNet_seed1_nepochs300_lr0.0002_trainsize7000_finetune_20260108-031614_model_420/model.pt
✓ Detailed results saved: results/nonsmooth_nonconvex/socp/SOCPProblem-100-50-50-10000/20260108-043951_MLP_FSNet_seed1_nepochs300_lr0.0002_trainsize7000_finetune_20260108-031614_model_420/results.pkl

Files saved (or attempted):
  - model.pt (model weights and architecture)
  - results.pkl (training history, metrics, detailed test results)
Training and testing completed in 796.95 seconds
Done!!!
============================================================
==========         =====================         ===========
==========   1      =====================         ===========
==========         =====================         ===========
============================================================

======= Running for problem: nonsmooth_nonconvex/socp =======

Loading problem instance: nonsmooth_nonconvex/socp with size [100, 50, 50, 10000]
Loading  dataset from: datasets/nonsmooth_nonconvex/socp/random2025_socp_dataset_var100_ineq50_eq50_ex10000 

Running on:  cuda
Training model using FSNet method with seed 2 for 300 epochs
Using batch size: 512
Loading model from checkpoint: results/nonsmooth_nonconvex/socp/SOCPProblem-100-50-50-10000/20260108-031614_MLP_sup_pen_seed1_nepochs500_lr0.0002_trainsize100_subopt_2_1.0/model_420.pt

lr: 0.0002, weight_decay: 0.001, num_epochs: 300

Epoch 1/300, Loss: 26.4475, Obj: 26.1144, Eq Viol (l1): 0.000089, Ineq Viol (l1): 0.000000, Epoch time: 6.99s

Running validation at epoch 0...

VALIDATION_EPOCH_0 EVALUATION RESULTS:
==================================================
Objective Value:     2.568128e+01
True Objective:      -2.413704e+00
Optimality Gap:      4.533497e+01 ± 1.478540e+01
Eq Violation l1:   9.669713e-05 (max: 9.580511e-04)
Ineq Violation l1: 1.363297e-07 (max: 3.052718e-05)
Solution Distance:   2.376217e+02 ± 1.044064e+00
Merit:             2.568225e+01 ± 2.280806e-02
Avg Inference Time:  0.6190s
==================================================
Epoch 2/300, Loss: 24.9847, Obj: 24.1408, Eq Viol (l1): 0.000090, Ineq Viol (l1): 0.000000, Epoch time: 2.43s
Epoch 3/300, Loss: 23.7634, Obj: 23.1397, Eq Viol (l1): 0.000100, Ineq Viol (l1): 0.000000, Epoch time: 2.37s
Epoch 4/300, Loss: 22.6761, Obj: 22.1117, Eq Viol (l1): 0.000084, Ineq Viol (l1): 0.000000, Epoch time: 2.42s
Epoch 5/300, Loss: 21.5324, Obj: 21.0119, Eq Viol (l1): 0.000094, Ineq Viol (l1): 0.000000, Epoch time: 2.43s
Epoch 6/300, Loss: 20.4419, Obj: 19.8975, Eq Viol (l1): 0.000086, Ineq Viol (l1): 0.000001, Epoch time: 2.55s
Epoch 7/300, Loss: 19.0514, Obj: 18.5014, Eq Viol (l1): 0.000085, Ineq Viol (l1): 0.000001, Epoch time: 2.62s
Epoch 8/300, Loss: 16.9339, Obj: 16.2742, Eq Viol (l1): 0.000085, Ineq Viol (l1): 0.000000, Epoch time: 2.57s
Epoch 9/300, Loss: 14.2497, Obj: 13.4741, Eq Viol (l1): 0.000078, Ineq Viol (l1): 0.000000, Epoch time: 2.64s
Epoch 10/300, Loss: 11.1188, Obj: 10.1548, Eq Viol (l1): 0.000069, Ineq Viol (l1): 0.000000, Epoch time: 2.64s
Epoch 11/300, Loss: 9.6714, Obj: 8.5703, Eq Viol (l1): 0.000057, Ineq Viol (l1): 0.000000, Epoch time: 2.71s

Running validation at epoch 10...

VALIDATION_EPOCH_10 EVALUATION RESULTS:
==================================================
Objective Value:     8.142440e+00
True Objective:      -2.413704e+00
Optimality Gap:      1.512647e+01 ± 4.810742e+00
Eq Violation l1:   5.032202e-05 (max: 1.699356e-03)
Ineq Violation l1: 2.467241e-07 (max: 2.555740e-05)
Solution Distance:   1.623262e+02 ± 7.859630e-01
Merit:             8.142946e+00 ± 2.455079e-04
Avg Inference Time:  0.0780s
==================================================
Epoch 12/300, Loss: 9.3531, Obj: 8.1551, Eq Viol (l1): 0.000037, Ineq Viol (l1): 0.000000, Epoch time: 2.79s
Epoch 13/300, Loss: 9.4345, Obj: 7.9302, Eq Viol (l1): 0.000029, Ineq Viol (l1): 0.000000, Epoch time: 2.90s
Epoch 14/300, Loss: 10.4116, Obj: 7.5378, Eq Viol (l1): 0.000031, Ineq Viol (l1): 0.000000, Epoch time: 2.89s
Epoch 15/300, Loss: 7.5389, Obj: 6.2168, Eq Viol (l1): 0.000054, Ineq Viol (l1): 0.000000, Epoch time: 2.67s
Epoch 16/300, Loss: 3.7215, Obj: 2.7216, Eq Viol (l1): 0.000090, Ineq Viol (l1): 0.000000, Epoch time: 2.54s
Epoch 17/300, Loss: 2.6301, Obj: 1.6196, Eq Viol (l1): 0.000074, Ineq Viol (l1): 0.000000, Epoch time: 2.59s
Epoch 18/300, Loss: 2.4806, Obj: 1.5651, Eq Viol (l1): 0.000060, Ineq Viol (l1): 0.000000, Epoch time: 2.61s
Epoch 19/300, Loss: 1.9498, Obj: 1.1320, Eq Viol (l1): 0.000071, Ineq Viol (l1): 0.000000, Epoch time: 2.60s
Epoch 20/300, Loss: 1.9510, Obj: 1.0069, Eq Viol (l1): 0.000066, Ineq Viol (l1): 0.000000, Epoch time: 2.58s
Epoch 21/300, Loss: 1.5854, Obj: 0.7527, Eq Viol (l1): 0.000072, Ineq Viol (l1): 0.000000, Epoch time: 2.55s

Running validation at epoch 20...

VALIDATION_EPOCH_20 EVALUATION RESULTS:
==================================================
Objective Value:     3.961680e-01
True Objective:      -2.413704e+00
Optimality Gap:      1.579785e+00 ± 3.380816e-01
Eq Violation l1:   7.808271e-05 (max: 1.059613e-03)
Ineq Violation l1: 4.413894e-07 (max: 2.337176e-05)
Solution Distance:   1.238577e+02 ± 4.196935e-01
Merit:             3.969533e-01 ± 1.348410e-02
Avg Inference Time:  0.0687s
==================================================
Epoch 22/300, Loss: 1.0474, Obj: 0.3495, Eq Viol (l1): 0.000081, Ineq Viol (l1): 0.000000, Epoch time: 2.52s
Epoch 23/300, Loss: 0.8892, Obj: 0.0268, Eq Viol (l1): 0.000074, Ineq Viol (l1): 0.000000, Epoch time: 2.55s
Epoch 24/300, Loss: 0.6496, Obj: -0.1230, Eq Viol (l1): 0.000074, Ineq Viol (l1): 0.000000, Epoch time: 2.54s
Epoch 25/300, Loss: 0.4239, Obj: -0.2173, Eq Viol (l1): 0.000078, Ineq Viol (l1): 0.000000, Epoch time: 2.49s
Epoch 26/300, Loss: 0.3202, Obj: -0.3101, Eq Viol (l1): 0.000073, Ineq Viol (l1): 0.000000, Epoch time: 2.53s
Epoch 27/300, Loss: 0.2776, Obj: -0.3164, Eq Viol (l1): 0.000080, Ineq Viol (l1): 0.000000, Epoch time: 2.50s
Epoch 28/300, Loss: 0.1670, Obj: -0.3787, Eq Viol (l1): 0.000074, Ineq Viol (l1): 0.000000, Epoch time: 2.53s
Epoch 29/300, Loss: 0.2788, Obj: -0.3455, Eq Viol (l1): 0.000078, Ineq Viol (l1): 0.000001, Epoch time: 2.50s
Epoch 30/300, Loss: 0.3617, Obj: -0.2961, Eq Viol (l1): 0.000079, Ineq Viol (l1): 0.000000, Epoch time: 2.48s
Epoch 31/300, Loss: 0.2096, Obj: -0.3307, Eq Viol (l1): 0.000085, Ineq Viol (l1): 0.000000, Epoch time: 2.45s

Running validation at epoch 30...

VALIDATION_EPOCH_30 EVALUATION RESULTS:
==================================================
Objective Value:     -6.875304e-01
True Objective:      -2.413704e+00
Optimality Gap:      -3.799237e-01 ± 2.820536e-01
Eq Violation l1:   7.008105e-05 (max: 1.346676e-03)
Ineq Violation l1: 5.408409e-07 (max: 5.403648e-05)
Solution Distance:   1.228564e+02 ± 5.314217e-01
Merit:             -6.868241e-01 ± 1.562803e-04
Avg Inference Time:  0.0699s
==================================================
Epoch 32/300, Loss: 0.3238, Obj: -0.3717, Eq Viol (l1): 0.000082, Ineq Viol (l1): 0.000001, Epoch time: 2.48s
Epoch 33/300, Loss: 0.1748, Obj: -0.3857, Eq Viol (l1): 0.000078, Ineq Viol (l1): 0.000000, Epoch time: 2.58s
Epoch 34/300, Loss: 0.1998, Obj: -0.3839, Eq Viol (l1): 0.000081, Ineq Viol (l1): 0.000000, Epoch time: 2.46s
Epoch 35/300, Loss: 0.1883, Obj: -0.3652, Eq Viol (l1): 0.000070, Ineq Viol (l1): 0.000000, Epoch time: 2.50s
Epoch 36/300, Loss: 0.1094, Obj: -0.4346, Eq Viol (l1): 0.000083, Ineq Viol (l1): 0.000001, Epoch time: 2.45s
Epoch 37/300, Loss: 0.0457, Obj: -0.4626, Eq Viol (l1): 0.000084, Ineq Viol (l1): 0.000000, Epoch time: 2.44s
Epoch 38/300, Loss: 0.0157, Obj: -0.4886, Eq Viol (l1): 0.000084, Ineq Viol (l1): 0.000001, Epoch time: 2.45s
Epoch 39/300, Loss: 0.0746, Obj: -0.4492, Eq Viol (l1): 0.000082, Ineq Viol (l1): 0.000001, Epoch time: 2.47s
Epoch 40/300, Loss: 0.1011, Obj: -0.4367, Eq Viol (l1): 0.000077, Ineq Viol (l1): 0.000001, Epoch time: 2.49s
Epoch 41/300, Loss: 0.2029, Obj: -0.3770, Eq Viol (l1): 0.000089, Ineq Viol (l1): 0.000001, Epoch time: 2.43s

Running validation at epoch 40...

VALIDATION_EPOCH_40 EVALUATION RESULTS:
==================================================
Objective Value:     -7.634443e-01
True Objective:      -2.413704e+00
Optimality Gap:      -4.916901e-01 ± 2.969100e-01
Eq Violation l1:   1.194926e-04 (max: 8.200416e-04)
Ineq Violation l1: 8.927377e-07 (max: 4.756301e-05)
Solution Distance:   1.227218e+02 ± 5.648568e-01
Merit:             -7.622404e-01 ± 1.253791e-02
Avg Inference Time:  0.0661s
==================================================
Epoch 42/300, Loss: 0.0377, Obj: -0.4687, Eq Viol (l1): 0.000078, Ineq Viol (l1): 0.000001, Epoch time: 2.46s
Epoch 43/300, Loss: 0.0920, Obj: -0.3995, Eq Viol (l1): 0.000075, Ineq Viol (l1): 0.000000, Epoch time: 2.44s
Epoch 44/300, Loss: -0.0081, Obj: -0.5071, Eq Viol (l1): 0.000081, Ineq Viol (l1): 0.000000, Epoch time: 2.44s
Epoch 45/300, Loss: 0.1076, Obj: -0.4490, Eq Viol (l1): 0.000085, Ineq Viol (l1): 0.000001, Epoch time: 2.43s
Epoch 46/300, Loss: 0.1129, Obj: -0.4570, Eq Viol (l1): 0.000081, Ineq Viol (l1): 0.000001, Epoch time: 2.44s
Epoch 47/300, Loss: -0.0678, Obj: -0.5211, Eq Viol (l1): 0.000077, Ineq Viol (l1): 0.000001, Epoch time: 2.48s
Epoch 48/300, Loss: -0.0301, Obj: -0.5339, Eq Viol (l1): 0.000072, Ineq Viol (l1): 0.000001, Epoch time: 2.51s
Epoch 49/300, Loss: -0.0312, Obj: -0.5113, Eq Viol (l1): 0.000076, Ineq Viol (l1): 0.000000, Epoch time: 2.47s
Epoch 50/300, Loss: -0.0324, Obj: -0.5154, Eq Viol (l1): 0.000081, Ineq Viol (l1): 0.000000, Epoch time: 2.47s
Epoch 51/300, Loss: -0.0262, Obj: -0.5237, Eq Viol (l1): 0.000088, Ineq Viol (l1): 0.000001, Epoch time: 2.45s

Running validation at epoch 50...

VALIDATION_EPOCH_50 EVALUATION RESULTS:
==================================================
Objective Value:     -7.157787e-01
True Objective:      -2.413704e+00
Optimality Gap:      -3.507892e-01 ± 2.918153e-01
Eq Violation l1:   8.532295e-05 (max: 1.069549e-03)
Ineq Violation l1: 5.067964e-07 (max: 4.130090e-05)
Solution Distance:   1.234922e+02 ± 6.103598e-01
Merit:             -7.149204e-01 ± 1.314272e-03
Avg Inference Time:  0.0663s
==================================================
Epoch 52/300, Loss: -0.0875, Obj: -0.5231, Eq Viol (l1): 0.000087, Ineq Viol (l1): 0.000001, Epoch time: 2.41s
Epoch 53/300, Loss: -0.0658, Obj: -0.5609, Eq Viol (l1): 0.000081, Ineq Viol (l1): 0.000001, Epoch time: 2.46s
Epoch 54/300, Loss: 0.0141, Obj: -0.4756, Eq Viol (l1): 0.000082, Ineq Viol (l1): 0.000001, Epoch time: 2.44s
Epoch 55/300, Loss: 0.0359, Obj: -0.4423, Eq Viol (l1): 0.000084, Ineq Viol (l1): 0.000001, Epoch time: 2.41s
Epoch 56/300, Loss: -0.0469, Obj: -0.5112, Eq Viol (l1): 0.000080, Ineq Viol (l1): 0.000001, Epoch time: 2.46s
Epoch 57/300, Loss: -0.0173, Obj: -0.5045, Eq Viol (l1): 0.000076, Ineq Viol (l1): 0.000000, Epoch time: 2.47s
Epoch 58/300, Loss: 0.0262, Obj: -0.5071, Eq Viol (l1): 0.000078, Ineq Viol (l1): 0.000001, Epoch time: 2.49s
Epoch 59/300, Loss: -0.0546, Obj: -0.5306, Eq Viol (l1): 0.000082, Ineq Viol (l1): 0.000001, Epoch time: 2.46s
Epoch 60/300, Loss: -0.0915, Obj: -0.5557, Eq Viol (l1): 0.000084, Ineq Viol (l1): 0.000001, Epoch time: 2.44s
Epoch 61/300, Loss: -0.1456, Obj: -0.5680, Eq Viol (l1): 0.000083, Ineq Viol (l1): 0.000001, Epoch time: 2.45s

Running validation at epoch 60...

VALIDATION_EPOCH_60 EVALUATION RESULTS:
==================================================
Objective Value:     -5.963068e-01
True Objective:      -2.413704e+00
Optimality Gap:      -1.200572e-01 ± 1.698695e-01
Eq Violation l1:   7.309276e-05 (max: 1.263939e-03)
Ineq Violation l1: 5.225031e-07 (max: 6.614130e-05)
Solution Distance:   1.242362e+02 ± 6.249420e-01
Merit:             -5.955706e-01 ± 3.759686e-03
Avg Inference Time:  0.0649s
==================================================
Epoch 62/300, Loss: -0.1825, Obj: -0.5916, Eq Viol (l1): 0.000082, Ineq Viol (l1): 0.000001, Epoch time: 2.44s
Epoch 63/300, Loss: -0.1539, Obj: -0.5911, Eq Viol (l1): 0.000081, Ineq Viol (l1): 0.000001, Epoch time: 2.46s
Epoch 64/300, Loss: -0.1242, Obj: -0.5424, Eq Viol (l1): 0.000077, Ineq Viol (l1): 0.000001, Epoch time: 2.45s
Epoch 65/300, Loss: -0.0993, Obj: -0.5549, Eq Viol (l1): 0.000082, Ineq Viol (l1): 0.000001, Epoch time: 2.49s
Epoch 66/300, Loss: -0.1492, Obj: -0.5754, Eq Viol (l1): 0.000079, Ineq Viol (l1): 0.000001, Epoch time: 2.46s
Epoch 67/300, Loss: -0.1567, Obj: -0.6047, Eq Viol (l1): 0.000082, Ineq Viol (l1): 0.000000, Epoch time: 2.58s
Epoch 68/300, Loss: -0.0747, Obj: -0.5608, Eq Viol (l1): 0.000082, Ineq Viol (l1): 0.000001, Epoch time: 2.47s
Epoch 69/300, Loss: -0.1785, Obj: -0.5914, Eq Viol (l1): 0.000080, Ineq Viol (l1): 0.000001, Epoch time: 2.45s
Epoch 70/300, Loss: -0.1761, Obj: -0.5876, Eq Viol (l1): 0.000076, Ineq Viol (l1): 0.000001, Epoch time: 2.45s
Epoch 71/300, Loss: -0.1817, Obj: -0.5859, Eq Viol (l1): 0.000084, Ineq Viol (l1): 0.000001, Epoch time: 2.44s

Running validation at epoch 70...

VALIDATION_EPOCH_70 EVALUATION RESULTS:
==================================================
Objective Value:     -7.622554e-01
True Objective:      -2.413704e+00
Optimality Gap:      -4.944065e-01 ± 3.461032e-01
Eq Violation l1:   7.964111e-05 (max: 1.107039e-03)
Ineq Violation l1: 4.487009e-07 (max: 2.874415e-05)
Solution Distance:   1.231578e+02 ± 5.618382e-01
Merit:             -7.614545e-01 ± 7.416636e-03
Avg Inference Time:  0.0665s
==================================================
Epoch 72/300, Loss: -0.1991, Obj: -0.6237, Eq Viol (l1): 0.000080, Ineq Viol (l1): 0.000001, Epoch time: 2.48s
Epoch 73/300, Loss: -0.1488, Obj: -0.5888, Eq Viol (l1): 0.000080, Ineq Viol (l1): 0.000001, Epoch time: 2.44s
Epoch 74/300, Loss: -0.0896, Obj: -0.5341, Eq Viol (l1): 0.000085, Ineq Viol (l1): 0.000001, Epoch time: 2.41s
Epoch 75/300, Loss: -0.2126, Obj: -0.6072, Eq Viol (l1): 0.000088, Ineq Viol (l1): 0.000001, Epoch time: 2.41s
Epoch 76/300, Loss: -0.2062, Obj: -0.5951, Eq Viol (l1): 0.000075, Ineq Viol (l1): 0.000000, Epoch time: 2.46s
Epoch 77/300, Loss: -0.1136, Obj: -0.5975, Eq Viol (l1): 0.000088, Ineq Viol (l1): 0.000001, Epoch time: 2.45s
Epoch 78/300, Loss: -0.1936, Obj: -0.5720, Eq Viol (l1): 0.000086, Ineq Viol (l1): 0.000001, Epoch time: 2.41s
Epoch 79/300, Loss: -0.1569, Obj: -0.5803, Eq Viol (l1): 0.000080, Ineq Viol (l1): 0.000001, Epoch time: 2.44s
Epoch 80/300, Loss: -0.1680, Obj: -0.6120, Eq Viol (l1): 0.000080, Ineq Viol (l1): 0.000000, Epoch time: 2.44s
Epoch 81/300, Loss: -0.1460, Obj: -0.5859, Eq Viol (l1): 0.000085, Ineq Viol (l1): 0.000001, Epoch time: 2.45s

Running validation at epoch 80...

VALIDATION_EPOCH_80 EVALUATION RESULTS:
==================================================
Objective Value:     -5.110368e-01
True Objective:      -2.413704e+00
Optimality Gap:      1.341312e-01 ± 3.624624e-02
Eq Violation l1:   8.781800e-05 (max: 9.426775e-04)
Ineq Violation l1: 4.178459e-07 (max: 2.748374e-05)
Solution Distance:   1.247727e+02 ± 5.749236e-01
Merit:             -5.101545e-01 ± 1.428579e-02
Avg Inference Time:  0.0637s
==================================================
Epoch 82/300, Loss: -0.1735, Obj: -0.6039, Eq Viol (l1): 0.000089, Ineq Viol (l1): 0.000001, Epoch time: 2.43s
Epoch 83/300, Loss: -0.1486, Obj: -0.5716, Eq Viol (l1): 0.000083, Ineq Viol (l1): 0.000001, Epoch time: 2.43s
Epoch 84/300, Loss: -0.1449, Obj: -0.5688, Eq Viol (l1): 0.000085, Ineq Viol (l1): 0.000000, Epoch time: 2.40s
Epoch 85/300, Loss: -0.2089, Obj: -0.6104, Eq Viol (l1): 0.000089, Ineq Viol (l1): 0.000001, Epoch time: 2.42s
Epoch 86/300, Loss: -0.1931, Obj: -0.6191, Eq Viol (l1): 0.000082, Ineq Viol (l1): 0.000001, Epoch time: 2.45s
Epoch 87/300, Loss: -0.2223, Obj: -0.6064, Eq Viol (l1): 0.000079, Ineq Viol (l1): 0.000000, Epoch time: 2.46s
Epoch 88/300, Loss: -0.1143, Obj: -0.5969, Eq Viol (l1): 0.000088, Ineq Viol (l1): 0.000001, Epoch time: 2.44s
Epoch 89/300, Loss: -0.1083, Obj: -0.5652, Eq Viol (l1): 0.000091, Ineq Viol (l1): 0.000001, Epoch time: 2.42s
Epoch 90/300, Loss: -0.1945, Obj: -0.5931, Eq Viol (l1): 0.000081, Ineq Viol (l1): 0.000000, Epoch time: 2.42s
Epoch 91/300, Loss: -0.2673, Obj: -0.6407, Eq Viol (l1): 0.000081, Ineq Viol (l1): 0.000001, Epoch time: 2.43s

Running validation at epoch 90...

VALIDATION_EPOCH_90 EVALUATION RESULTS:
==================================================
Objective Value:     -7.167706e-01
True Objective:      -2.413704e+00
Optimality Gap:      -4.279563e-01 ± 2.715531e-01
Eq Violation l1:   6.486155e-05 (max: 1.055870e-03)
Ineq Violation l1: 5.989560e-07 (max: 4.515431e-05)
Solution Distance:   1.235929e+02 ± 6.400382e-01
Merit:             -7.161159e-01 ± 2.466401e-03
Avg Inference Time:  0.0664s
==================================================
Epoch 92/300, Loss: -0.3007, Obj: -0.6651, Eq Viol (l1): 0.000081, Ineq Viol (l1): 0.000001, Epoch time: 2.44s
Epoch 93/300, Loss: -0.2821, Obj: -0.6717, Eq Viol (l1): 0.000079, Ineq Viol (l1): 0.000001, Epoch time: 2.45s
Epoch 94/300, Loss: -0.1521, Obj: -0.6250, Eq Viol (l1): 0.000085, Ineq Viol (l1): 0.000001, Epoch time: 2.45s
Epoch 95/300, Loss: -0.0804, Obj: -0.5476, Eq Viol (l1): 0.000086, Ineq Viol (l1): 0.000001, Epoch time: 2.42s
Epoch 96/300, Loss: -0.2450, Obj: -0.6196, Eq Viol (l1): 0.000084, Ineq Viol (l1): 0.000000, Epoch time: 2.42s
Epoch 97/300, Loss: -0.1987, Obj: -0.6349, Eq Viol (l1): 0.000085, Ineq Viol (l1): 0.000001, Epoch time: 2.45s
Epoch 98/300, Loss: -0.2717, Obj: -0.6487, Eq Viol (l1): 0.000089, Ineq Viol (l1): 0.000001, Epoch time: 2.43s
Epoch 99/300, Loss: -0.2823, Obj: -0.6348, Eq Viol (l1): 0.000072, Ineq Viol (l1): 0.000001, Epoch time: 2.56s
Epoch 100/300, Loss: -0.2937, Obj: -0.6368, Eq Viol (l1): 0.000080, Ineq Viol (l1): 0.000001, Epoch time: 2.42s
Epoch 101/300, Loss: -0.2558, Obj: -0.6290, Eq Viol (l1): 0.000083, Ineq Viol (l1): 0.000001, Epoch time: 2.43s

Running validation at epoch 100...

VALIDATION_EPOCH_100 EVALUATION RESULTS:
==================================================
Objective Value:     -7.551770e-01
True Objective:      -2.413704e+00
Optimality Gap:      -4.685227e-01 ± 3.224719e-01
Eq Violation l1:   9.866705e-05 (max: 1.649880e-03)
Ineq Violation l1: 4.271371e-07 (max: 2.340243e-05)
Solution Distance:   1.231939e+02 ± 6.287579e-01
Merit:             -7.541861e-01 ± 3.935378e-04
Avg Inference Time:  0.0634s
==================================================
Epoch 102/300, Loss: -0.2534, Obj: -0.6190, Eq Viol (l1): 0.000080, Ineq Viol (l1): 0.000000, Epoch time: 2.42s
Epoch 103/300, Loss: -0.2121, Obj: -0.6390, Eq Viol (l1): 0.000088, Ineq Viol (l1): 0.000001, Epoch time: 2.42s
Epoch 104/300, Loss: -0.2047, Obj: -0.5962, Eq Viol (l1): 0.000082, Ineq Viol (l1): 0.000001, Epoch time: 2.44s
Epoch 105/300, Loss: -0.2081, Obj: -0.6232, Eq Viol (l1): 0.000084, Ineq Viol (l1): 0.000001, Epoch time: 2.42s
Epoch 106/300, Loss: -0.2863, Obj: -0.6424, Eq Viol (l1): 0.000081, Ineq Viol (l1): 0.000000, Epoch time: 2.43s
Epoch 107/300, Loss: -0.2896, Obj: -0.6477, Eq Viol (l1): 0.000080, Ineq Viol (l1): 0.000000, Epoch time: 2.44s
Epoch 108/300, Loss: -0.2388, Obj: -0.6125, Eq Viol (l1): 0.000082, Ineq Viol (l1): 0.000001, Epoch time: 2.44s
Epoch 109/300, Loss: -0.2384, Obj: -0.6453, Eq Viol (l1): 0.000087, Ineq Viol (l1): 0.000001, Epoch time: 2.43s
Epoch 110/300, Loss: -0.2558, Obj: -0.6374, Eq Viol (l1): 0.000074, Ineq Viol (l1): 0.000001, Epoch time: 2.46s
Epoch 111/300, Loss: -0.1883, Obj: -0.6112, Eq Viol (l1): 0.000081, Ineq Viol (l1): 0.000001, Epoch time: 2.45s

Running validation at epoch 110...

VALIDATION_EPOCH_110 EVALUATION RESULTS:
==================================================
Objective Value:     -8.066263e-01
True Objective:      -2.413704e+00
Optimality Gap:      -5.082504e-01 ± 2.904975e-01
Eq Violation l1:   8.061360e-05 (max: 9.479310e-04)
Ineq Violation l1: 4.774530e-07 (max: 2.445669e-05)
Solution Distance:   1.230248e+02 ± 6.003759e-01
Merit:             -8.058154e-01 ± 3.448265e-03
Avg Inference Time:  0.0692s
==================================================
Epoch 112/300, Loss: -0.2314, Obj: -0.6735, Eq Viol (l1): 0.000082, Ineq Viol (l1): 0.000001, Epoch time: 2.44s
Epoch 113/300, Loss: -0.2608, Obj: -0.6367, Eq Viol (l1): 0.000085, Ineq Viol (l1): 0.000001, Epoch time: 2.42s
Epoch 114/300, Loss: -0.2968, Obj: -0.6534, Eq Viol (l1): 0.000081, Ineq Viol (l1): 0.000000, Epoch time: 2.43s
Epoch 115/300, Loss: -0.2755, Obj: -0.6259, Eq Viol (l1): 0.000080, Ineq Viol (l1): 0.000000, Epoch time: 2.40s
Epoch 116/300, Loss: -0.2269, Obj: -0.6120, Eq Viol (l1): 0.000087, Ineq Viol (l1): 0.000001, Epoch time: 2.42s
Epoch 117/300, Loss: -0.2599, Obj: -0.6475, Eq Viol (l1): 0.000087, Ineq Viol (l1): 0.000001, Epoch time: 2.44s
Epoch 118/300, Loss: -0.3171, Obj: -0.6733, Eq Viol (l1): 0.000085, Ineq Viol (l1): 0.000001, Epoch time: 2.41s
Epoch 119/300, Loss: -0.3351, Obj: -0.6750, Eq Viol (l1): 0.000081, Ineq Viol (l1): 0.000001, Epoch time: 2.44s
Epoch 120/300, Loss: -0.3484, Obj: -0.6712, Eq Viol (l1): 0.000083, Ineq Viol (l1): 0.000001, Epoch time: 2.40s
Epoch 121/300, Loss: -0.2619, Obj: -0.6717, Eq Viol (l1): 0.000079, Ineq Viol (l1): 0.000001, Epoch time: 2.46s

Running validation at epoch 120...

VALIDATION_EPOCH_120 EVALUATION RESULTS:
==================================================
Objective Value:     -8.220412e-01
True Objective:      -2.413704e+00
Optimality Gap:      -5.930125e-01 ± 3.507871e-01
Eq Violation l1:   9.581105e-05 (max: 9.259527e-04)
Ineq Violation l1: 6.177237e-07 (max: 2.600149e-05)
Solution Distance:   1.224755e+02 ± 6.308079e-01
Merit:             -8.210769e-01 ± 2.705231e-03
Avg Inference Time:  0.0689s
==================================================
Epoch 122/300, Loss: -0.2845, Obj: -0.6489, Eq Viol (l1): 0.000083, Ineq Viol (l1): 0.000001, Epoch time: 2.43s
Epoch 123/300, Loss: -0.3127, Obj: -0.6875, Eq Viol (l1): 0.000079, Ineq Viol (l1): 0.000001, Epoch time: 2.46s
Epoch 124/300, Loss: -0.3762, Obj: -0.6894, Eq Viol (l1): 0.000076, Ineq Viol (l1): 0.000001, Epoch time: 2.44s
Epoch 125/300, Loss: -0.3684, Obj: -0.6718, Eq Viol (l1): 0.000077, Ineq Viol (l1): 0.000001, Epoch time: 2.44s
Epoch 126/300, Loss: -0.2973, Obj: -0.6734, Eq Viol (l1): 0.000088, Ineq Viol (l1): 0.000001, Epoch time: 2.44s
Epoch 127/300, Loss: -0.3221, Obj: -0.6610, Eq Viol (l1): 0.000082, Ineq Viol (l1): 0.000001, Epoch time: 2.43s
Epoch 128/300, Loss: -0.3492, Obj: -0.6707, Eq Viol (l1): 0.000088, Ineq Viol (l1): 0.000001, Epoch time: 2.39s
Epoch 129/300, Loss: -0.2771, Obj: -0.6440, Eq Viol (l1): 0.000078, Ineq Viol (l1): 0.000001, Epoch time: 2.46s
Epoch 130/300, Loss: -0.3532, Obj: -0.6834, Eq Viol (l1): 0.000087, Ineq Viol (l1): 0.000001, Epoch time: 2.41s
Epoch 131/300, Loss: -0.3237, Obj: -0.6687, Eq Viol (l1): 0.000084, Ineq Viol (l1): 0.000001, Epoch time: 2.43s

Running validation at epoch 130...

VALIDATION_EPOCH_130 EVALUATION RESULTS:
==================================================
Objective Value:     -7.699196e-01
True Objective:      -2.413704e+00
Optimality Gap:      -4.500816e-01 ± 3.116911e-01
Eq Violation l1:   6.685406e-05 (max: 1.370684e-03)
Ineq Violation l1: 4.049509e-07 (max: 5.175191e-05)
Solution Distance:   1.233576e+02 ± 6.169894e-01
Merit:             -7.692470e-01 ± 3.211061e-03
Avg Inference Time:  0.0658s
==================================================
Epoch 132/300, Loss: -0.3126, Obj: -0.6700, Eq Viol (l1): 0.000088, Ineq Viol (l1): 0.000001, Epoch time: 2.43s
Epoch 133/300, Loss: -0.2575, Obj: -0.6453, Eq Viol (l1): 0.000081, Ineq Viol (l1): 0.000001, Epoch time: 2.55s
Epoch 134/300, Loss: -0.2940, Obj: -0.6635, Eq Viol (l1): 0.000084, Ineq Viol (l1): 0.000001, Epoch time: 2.42s
Epoch 135/300, Loss: -0.3113, Obj: -0.6834, Eq Viol (l1): 0.000089, Ineq Viol (l1): 0.000001, Epoch time: 2.41s
Epoch 136/300, Loss: -0.3480, Obj: -0.6945, Eq Viol (l1): 0.000090, Ineq Viol (l1): 0.000001, Epoch time: 2.40s
Epoch 137/300, Loss: -0.3854, Obj: -0.6928, Eq Viol (l1): 0.000081, Ineq Viol (l1): 0.000001, Epoch time: 2.43s
Epoch 138/300, Loss: -0.3678, Obj: -0.7048, Eq Viol (l1): 0.000082, Ineq Viol (l1): 0.000001, Epoch time: 2.44s
Epoch 139/300, Loss: -0.3657, Obj: -0.6883, Eq Viol (l1): 0.000075, Ineq Viol (l1): 0.000000, Epoch time: 2.45s
Epoch 140/300, Loss: -0.3540, Obj: -0.6851, Eq Viol (l1): 0.000085, Ineq Viol (l1): 0.000001, Epoch time: 2.40s
Epoch 141/300, Loss: -0.2662, Obj: -0.6236, Eq Viol (l1): 0.000078, Ineq Viol (l1): 0.000001, Epoch time: 2.42s

Running validation at epoch 140...

VALIDATION_EPOCH_140 EVALUATION RESULTS:
==================================================
Objective Value:     -8.554207e-01
True Objective:      -2.413704e+00
Optimality Gap:      -6.389428e-01 ± 3.448783e-01
Eq Violation l1:   9.067226e-05 (max: 9.078076e-04)
Ineq Violation l1: 6.425227e-07 (max: 2.013948e-05)
Solution Distance:   1.226197e+02 ± 5.854165e-01
Merit:             -8.545076e-01 ± 4.073487e-03
Avg Inference Time:  0.0693s
==================================================
Epoch 142/300, Loss: -0.2528, Obj: -0.6511, Eq Viol (l1): 0.000094, Ineq Viol (l1): 0.000001, Epoch time: 2.41s
Epoch 143/300, Loss: -0.2466, Obj: -0.6447, Eq Viol (l1): 0.000077, Ineq Viol (l1): 0.000000, Epoch time: 2.44s
Epoch 144/300, Loss: -0.2820, Obj: -0.6394, Eq Viol (l1): 0.000086, Ineq Viol (l1): 0.000001, Epoch time: 2.40s
Epoch 145/300, Loss: -0.4098, Obj: -0.7108, Eq Viol (l1): 0.000081, Ineq Viol (l1): 0.000001, Epoch time: 2.44s
Epoch 146/300, Loss: -0.3631, Obj: -0.6615, Eq Viol (l1): 0.000084, Ineq Viol (l1): 0.000000, Epoch time: 2.41s
Epoch 147/300, Loss: -0.2728, Obj: -0.6591, Eq Viol (l1): 0.000081, Ineq Viol (l1): 0.000001, Epoch time: 2.44s
Epoch 148/300, Loss: -0.3088, Obj: -0.6901, Eq Viol (l1): 0.000079, Ineq Viol (l1): 0.000001, Epoch time: 2.45s
Epoch 149/300, Loss: -0.3485, Obj: -0.6656, Eq Viol (l1): 0.000086, Ineq Viol (l1): 0.000001, Epoch time: 2.41s
Epoch 150/300, Loss: -0.3515, Obj: -0.6790, Eq Viol (l1): 0.000079, Ineq Viol (l1): 0.000001, Epoch time: 2.42s
Epoch 151/300, Loss: -0.3896, Obj: -0.6959, Eq Viol (l1): 0.000078, Ineq Viol (l1): 0.000000, Epoch time: 2.42s

Running validation at epoch 150...

VALIDATION_EPOCH_150 EVALUATION RESULTS:
==================================================
Objective Value:     -8.282194e-01
True Objective:      -2.413704e+00
Optimality Gap:      -5.844149e-01 ± 3.727597e-01
Eq Violation l1:   9.739094e-05 (max: 1.052770e-03)
Ineq Violation l1: 7.237665e-07 (max: 6.596953e-05)
Solution Distance:   1.230811e+02 ± 6.210379e-01
Merit:             -8.272383e-01 ± 5.478417e-04
Avg Inference Time:  0.0648s
==================================================
Epoch 152/300, Loss: -0.3244, Obj: -0.6789, Eq Viol (l1): 0.000091, Ineq Viol (l1): 0.000001, Epoch time: 2.40s
Epoch 153/300, Loss: -0.3638, Obj: -0.6949, Eq Viol (l1): 0.000074, Ineq Viol (l1): 0.000000, Epoch time: 2.44s
Epoch 154/300, Loss: -0.3782, Obj: -0.6993, Eq Viol (l1): 0.000084, Ineq Viol (l1): 0.000001, Epoch time: 2.42s
Epoch 155/300, Loss: -0.3858, Obj: -0.6939, Eq Viol (l1): 0.000078, Ineq Viol (l1): 0.000000, Epoch time: 2.42s
Epoch 156/300, Loss: -0.3482, Obj: -0.6858, Eq Viol (l1): 0.000087, Ineq Viol (l1): 0.000001, Epoch time: 2.42s
Epoch 157/300, Loss: -0.4192, Obj: -0.7127, Eq Viol (l1): 0.000080, Ineq Viol (l1): 0.000001, Epoch time: 2.42s
Epoch 158/300, Loss: -0.4141, Obj: -0.7219, Eq Viol (l1): 0.000087, Ineq Viol (l1): 0.000001, Epoch time: 2.41s
Epoch 159/300, Loss: -0.3750, Obj: -0.7078, Eq Viol (l1): 0.000085, Ineq Viol (l1): 0.000001, Epoch time: 2.44s
Epoch 160/300, Loss: -0.3258, Obj: -0.6678, Eq Viol (l1): 0.000087, Ineq Viol (l1): 0.000001, Epoch time: 2.41s
Epoch 161/300, Loss: -0.3657, Obj: -0.6922, Eq Viol (l1): 0.000085, Ineq Viol (l1): 0.000001, Epoch time: 2.41s

Running validation at epoch 160...

VALIDATION_EPOCH_160 EVALUATION RESULTS:
==================================================
Objective Value:     -8.358832e-01
True Objective:      -2.413704e+00
Optimality Gap:      -5.830912e-01 ± 3.275802e-01
Eq Violation l1:   1.063736e-04 (max: 1.032598e-03)
Ineq Violation l1: 7.421663e-07 (max: 4.050895e-05)
Solution Distance:   1.228134e+02 ± 6.274196e-01
Merit:             -8.348121e-01 ± 2.896240e-03
Avg Inference Time:  0.0663s
==================================================
Epoch 162/300, Loss: -0.3477, Obj: -0.6901, Eq Viol (l1): 0.000081, Ineq Viol (l1): 0.000001, Epoch time: 2.43s
Epoch 163/300, Loss: -0.4120, Obj: -0.7025, Eq Viol (l1): 0.000085, Ineq Viol (l1): 0.000001, Epoch time: 2.40s
Epoch 164/300, Loss: -0.3868, Obj: -0.7134, Eq Viol (l1): 0.000086, Ineq Viol (l1): 0.000001, Epoch time: 2.40s
Epoch 165/300, Loss: -0.3278, Obj: -0.6682, Eq Viol (l1): 0.000086, Ineq Viol (l1): 0.000001, Epoch time: 2.53s
Epoch 166/300, Loss: -0.3836, Obj: -0.6957, Eq Viol (l1): 0.000081, Ineq Viol (l1): 0.000000, Epoch time: 2.43s
Epoch 167/300, Loss: -0.4362, Obj: -0.7284, Eq Viol (l1): 0.000081, Ineq Viol (l1): 0.000001, Epoch time: 2.43s
Epoch 168/300, Loss: -0.3918, Obj: -0.7153, Eq Viol (l1): 0.000078, Ineq Viol (l1): 0.000001, Epoch time: 2.46s
Epoch 169/300, Loss: -0.4345, Obj: -0.7230, Eq Viol (l1): 0.000080, Ineq Viol (l1): 0.000001, Epoch time: 2.42s
Epoch 170/300, Loss: -0.3980, Obj: -0.7226, Eq Viol (l1): 0.000081, Ineq Viol (l1): 0.000001, Epoch time: 2.43s
Epoch 171/300, Loss: -0.3517, Obj: -0.6710, Eq Viol (l1): 0.000087, Ineq Viol (l1): 0.000001, Epoch time: 2.39s

Running validation at epoch 170...

VALIDATION_EPOCH_170 EVALUATION RESULTS:
==================================================
Objective Value:     -6.238385e-01
True Objective:      -2.413704e+00
Optimality Gap:      -1.532509e-01 ± 1.199998e-01
Eq Violation l1:   8.333178e-05 (max: 1.673170e-03)
Ineq Violation l1: 3.361164e-07 (max: 3.088202e-05)
Solution Distance:   1.242440e+02 ± 6.187486e-01
Merit:             -6.230018e-01 ± 1.656910e-03
Avg Inference Time:  0.0623s
==================================================
Epoch 172/300, Loss: -0.2786, Obj: -0.6604, Eq Viol (l1): 0.000091, Ineq Viol (l1): 0.000001, Epoch time: 2.38s
Epoch 173/300, Loss: -0.4062, Obj: -0.7184, Eq Viol (l1): 0.000086, Ineq Viol (l1): 0.000001, Epoch time: 2.40s
Epoch 174/300, Loss: -0.3870, Obj: -0.7172, Eq Viol (l1): 0.000093, Ineq Viol (l1): 0.000001, Epoch time: 2.40s
Epoch 175/300, Loss: -0.4193, Obj: -0.7040, Eq Viol (l1): 0.000084, Ineq Viol (l1): 0.000001, Epoch time: 2.39s
Epoch 176/300, Loss: -0.3686, Obj: -0.7049, Eq Viol (l1): 0.000097, Ineq Viol (l1): 0.000001, Epoch time: 2.38s
Epoch 177/300, Loss: -0.3866, Obj: -0.6677, Eq Viol (l1): 0.000086, Ineq Viol (l1): 0.000001, Epoch time: 2.38s
Epoch 178/300, Loss: -0.3593, Obj: -0.7003, Eq Viol (l1): 0.000074, Ineq Viol (l1): 0.000001, Epoch time: 2.46s
Epoch 179/300, Loss: -0.3412, Obj: -0.7008, Eq Viol (l1): 0.000082, Ineq Viol (l1): 0.000001, Epoch time: 2.44s
Epoch 180/300, Loss: -0.3346, Obj: -0.7098, Eq Viol (l1): 0.000077, Ineq Viol (l1): 0.000001, Epoch time: 2.48s
Epoch 181/300, Loss: -0.3414, Obj: -0.6862, Eq Viol (l1): 0.000081, Ineq Viol (l1): 0.000001, Epoch time: 2.43s

Running validation at epoch 180...

VALIDATION_EPOCH_180 EVALUATION RESULTS:
==================================================
Objective Value:     -5.748222e-01
True Objective:      -2.413704e+00
Optimality Gap:      -2.024960e-01 ± 2.314468e-01
Eq Violation l1:   7.669385e-05 (max: 8.984119e-04)
Ineq Violation l1: 4.613815e-07 (max: 3.312020e-05)
Solution Distance:   1.242770e+02 ± 6.920958e-01
Merit:             -5.740507e-01 ± 5.911938e-03
Avg Inference Time:  0.0636s
==================================================
Epoch 182/300, Loss: -0.2992, Obj: -0.6462, Eq Viol (l1): 0.000083, Ineq Viol (l1): 0.000001, Epoch time: 2.42s
Epoch 183/300, Loss: -0.3904, Obj: -0.7139, Eq Viol (l1): 0.000083, Ineq Viol (l1): 0.000001, Epoch time: 2.42s
Epoch 184/300, Loss: -0.3324, Obj: -0.7003, Eq Viol (l1): 0.000084, Ineq Viol (l1): 0.000001, Epoch time: 2.44s
Epoch 185/300, Loss: -0.3484, Obj: -0.6859, Eq Viol (l1): 0.000085, Ineq Viol (l1): 0.000000, Epoch time: 2.40s
Epoch 186/300, Loss: -0.4200, Obj: -0.7180, Eq Viol (l1): 0.000075, Ineq Viol (l1): 0.000001, Epoch time: 2.46s
Epoch 187/300, Loss: -0.3970, Obj: -0.6998, Eq Viol (l1): 0.000092, Ineq Viol (l1): 0.000001, Epoch time: 2.36s
Epoch 188/300, Loss: -0.3833, Obj: -0.7120, Eq Viol (l1): 0.000074, Ineq Viol (l1): 0.000001, Epoch time: 2.46s
Epoch 189/300, Loss: -0.3929, Obj: -0.7079, Eq Viol (l1): 0.000081, Ineq Viol (l1): 0.000001, Epoch time: 2.43s
Epoch 190/300, Loss: -0.3902, Obj: -0.7079, Eq Viol (l1): 0.000078, Ineq Viol (l1): 0.000001, Epoch time: 2.46s
Epoch 191/300, Loss: -0.3961, Obj: -0.7017, Eq Viol (l1): 0.000087, Ineq Viol (l1): 0.000001, Epoch time: 2.39s

Running validation at epoch 190...

VALIDATION_EPOCH_190 EVALUATION RESULTS:
==================================================
Objective Value:     -7.115120e-01
True Objective:      -2.413704e+00
Optimality Gap:      -4.513127e-01 ± 3.068961e-01
Eq Violation l1:   8.486932e-05 (max: 1.234322e-03)
Ineq Violation l1: 5.870999e-07 (max: 8.283314e-05)
Solution Distance:   1.238650e+02 ± 6.090074e-01
Merit:             -7.106575e-01 ± 7.737921e-03
Avg Inference Time:  0.0637s
==================================================
Epoch 192/300, Loss: -0.3850, Obj: -0.7110, Eq Viol (l1): 0.000081, Ineq Viol (l1): 0.000001, Epoch time: 2.42s
Epoch 193/300, Loss: -0.3998, Obj: -0.7080, Eq Viol (l1): 0.000078, Ineq Viol (l1): 0.000001, Epoch time: 2.45s
Epoch 194/300, Loss: -0.4276, Obj: -0.7290, Eq Viol (l1): 0.000077, Ineq Viol (l1): 0.000001, Epoch time: 2.44s
Epoch 195/300, Loss: -0.4106, Obj: -0.7303, Eq Viol (l1): 0.000075, Ineq Viol (l1): 0.000001, Epoch time: 2.46s
Epoch 196/300, Loss: -0.4488, Obj: -0.7372, Eq Viol (l1): 0.000078, Ineq Viol (l1): 0.000001, Epoch time: 2.43s
Epoch 197/300, Loss: -0.4378, Obj: -0.7284, Eq Viol (l1): 0.000082, Ineq Viol (l1): 0.000001, Epoch time: 2.41s
Epoch 198/300, Loss: -0.3872, Obj: -0.7049, Eq Viol (l1): 0.000083, Ineq Viol (l1): 0.000001, Epoch time: 2.46s
Epoch 199/300, Loss: -0.3694, Obj: -0.7048, Eq Viol (l1): 0.000084, Ineq Viol (l1): 0.000000, Epoch time: 2.51s
Epoch 200/300, Loss: -0.3711, Obj: -0.6999, Eq Viol (l1): 0.000082, Ineq Viol (l1): 0.000001, Epoch time: 2.42s
Epoch 201/300, Loss: -0.3847, Obj: -0.7210, Eq Viol (l1): 0.000082, Ineq Viol (l1): 0.000001, Epoch time: 2.42s

Running validation at epoch 200...

VALIDATION_EPOCH_200 EVALUATION RESULTS:
==================================================
Objective Value:     -8.170283e-01
True Objective:      -2.413704e+00
Optimality Gap:      -5.689796e-01 ± 3.166548e-01
Eq Violation l1:   4.734173e-05 (max: 1.070487e-03)
Ineq Violation l1: 4.730837e-07 (max: 4.060623e-05)
Solution Distance:   1.234749e+02 ± 6.203727e-01
Merit:             -8.165502e-01 ± 5.405567e-03
Avg Inference Time:  0.0686s
==================================================
Epoch 202/300, Loss: -0.4384, Obj: -0.7333, Eq Viol (l1): 0.000087, Ineq Viol (l1): 0.000001, Epoch time: 2.42s
Epoch 203/300, Loss: -0.4517, Obj: -0.7389, Eq Viol (l1): 0.000080, Ineq Viol (l1): 0.000001, Epoch time: 2.43s
Epoch 204/300, Loss: -0.4372, Obj: -0.7208, Eq Viol (l1): 0.000082, Ineq Viol (l1): 0.000001, Epoch time: 2.42s
Epoch 205/300, Loss: -0.4191, Obj: -0.7256, Eq Viol (l1): 0.000080, Ineq Viol (l1): 0.000001, Epoch time: 2.43s
Epoch 206/300, Loss: -0.4489, Obj: -0.7340, Eq Viol (l1): 0.000075, Ineq Viol (l1): 0.000001, Epoch time: 2.45s
Epoch 207/300, Loss: -0.3973, Obj: -0.7136, Eq Viol (l1): 0.000088, Ineq Viol (l1): 0.000001, Epoch time: 2.40s
Epoch 208/300, Loss: -0.4183, Obj: -0.7220, Eq Viol (l1): 0.000086, Ineq Viol (l1): 0.000001, Epoch time: 2.42s
Epoch 209/300, Loss: -0.4077, Obj: -0.7264, Eq Viol (l1): 0.000081, Ineq Viol (l1): 0.000001, Epoch time: 2.45s
Epoch 210/300, Loss: -0.3961, Obj: -0.7066, Eq Viol (l1): 0.000086, Ineq Viol (l1): 0.000001, Epoch time: 2.40s
Epoch 211/300, Loss: -0.4404, Obj: -0.7365, Eq Viol (l1): 0.000077, Ineq Viol (l1): 0.000001, Epoch time: 2.44s

Running validation at epoch 210...

VALIDATION_EPOCH_210 EVALUATION RESULTS:
==================================================
Objective Value:     -8.152046e-01
True Objective:      -2.413704e+00
Optimality Gap:      -5.867862e-01 ± 3.335748e-01
Eq Violation l1:   9.402785e-05 (max: 1.113493e-03)
Ineq Violation l1: 5.766012e-07 (max: 6.085520e-05)
Solution Distance:   1.234938e+02 ± 6.505246e-01
Merit:             -8.142585e-01 ± 3.742422e-03
Avg Inference Time:  0.0635s
==================================================
Epoch 212/300, Loss: -0.4800, Obj: -0.7627, Eq Viol (l1): 0.000082, Ineq Viol (l1): 0.000001, Epoch time: 2.41s
Epoch 213/300, Loss: -0.4565, Obj: -0.7351, Eq Viol (l1): 0.000079, Ineq Viol (l1): 0.000001, Epoch time: 2.43s
Epoch 214/300, Loss: -0.3843, Obj: -0.7247, Eq Viol (l1): 0.000078, Ineq Viol (l1): 0.000001, Epoch time: 2.45s
Epoch 215/300, Loss: -0.4414, Obj: -0.7293, Eq Viol (l1): 0.000078, Ineq Viol (l1): 0.000001, Epoch time: 2.42s
Epoch 216/300, Loss: -0.4456, Obj: -0.7381, Eq Viol (l1): 0.000083, Ineq Viol (l1): 0.000001, Epoch time: 2.43s
Epoch 217/300, Loss: -0.4399, Obj: -0.7476, Eq Viol (l1): 0.000078, Ineq Viol (l1): 0.000001, Epoch time: 2.46s
Epoch 218/300, Loss: -0.4714, Obj: -0.7434, Eq Viol (l1): 0.000083, Ineq Viol (l1): 0.000001, Epoch time: 2.41s
Epoch 219/300, Loss: -0.4382, Obj: -0.7393, Eq Viol (l1): 0.000080, Ineq Viol (l1): 0.000001, Epoch time: 2.45s
Epoch 220/300, Loss: -0.4394, Obj: -0.7377, Eq Viol (l1): 0.000076, Ineq Viol (l1): 0.000000, Epoch time: 2.46s
Epoch 221/300, Loss: -0.4477, Obj: -0.7333, Eq Viol (l1): 0.000086, Ineq Viol (l1): 0.000001, Epoch time: 2.41s

Running validation at epoch 220...

VALIDATION_EPOCH_220 EVALUATION RESULTS:
==================================================
Objective Value:     -7.741788e-01
True Objective:      -2.413704e+00
Optimality Gap:      -4.805191e-01 ± 2.995678e-01
Eq Violation l1:   6.723629e-05 (max: 1.458134e-03)
Ineq Violation l1: 5.119576e-07 (max: 5.209723e-05)
Solution Distance:   1.234534e+02 ± 6.744583e-01
Merit:             -7.735013e-01 ± 3.666468e-03
Avg Inference Time:  0.0659s
==================================================
Epoch 222/300, Loss: -0.4357, Obj: -0.7237, Eq Viol (l1): 0.000079, Ineq Viol (l1): 0.000001, Epoch time: 2.41s
Epoch 223/300, Loss: -0.3465, Obj: -0.6968, Eq Viol (l1): 0.000079, Ineq Viol (l1): 0.000001, Epoch time: 2.46s
Epoch 224/300, Loss: -0.4026, Obj: -0.7057, Eq Viol (l1): 0.000093, Ineq Viol (l1): 0.000001, Epoch time: 2.40s
Epoch 225/300, Loss: -0.4649, Obj: -0.7317, Eq Viol (l1): 0.000074, Ineq Viol (l1): 0.000001, Epoch time: 2.45s
Epoch 226/300, Loss: -0.3793, Obj: -0.7068, Eq Viol (l1): 0.000080, Ineq Viol (l1): 0.000001, Epoch time: 2.44s
Epoch 227/300, Loss: -0.4432, Obj: -0.7328, Eq Viol (l1): 0.000084, Ineq Viol (l1): 0.000001, Epoch time: 2.42s
Epoch 228/300, Loss: -0.4569, Obj: -0.7542, Eq Viol (l1): 0.000087, Ineq Viol (l1): 0.000001, Epoch time: 2.43s
Epoch 229/300, Loss: -0.4314, Obj: -0.7273, Eq Viol (l1): 0.000076, Ineq Viol (l1): 0.000001, Epoch time: 2.42s
Epoch 230/300, Loss: -0.4910, Obj: -0.7635, Eq Viol (l1): 0.000086, Ineq Viol (l1): 0.000001, Epoch time: 2.43s
Epoch 231/300, Loss: -0.4673, Obj: -0.7379, Eq Viol (l1): 0.000076, Ineq Viol (l1): 0.000001, Epoch time: 2.54s

Running validation at epoch 230...

VALIDATION_EPOCH_230 EVALUATION RESULTS:
==================================================
Objective Value:     -7.551293e-01
True Objective:      -2.413704e+00
Optimality Gap:      -4.842830e-01 ± 3.605895e-01
Eq Violation l1:   8.294303e-05 (max: 9.398962e-04)
Ineq Violation l1: 4.168405e-07 (max: 2.670841e-05)
Solution Distance:   1.234738e+02 ± 6.545753e-01
Merit:             -7.542957e-01 ± 2.469410e-05
Avg Inference Time:  0.0673s
==================================================
Epoch 232/300, Loss: -0.4740, Obj: -0.7483, Eq Viol (l1): 0.000089, Ineq Viol (l1): 0.000001, Epoch time: 2.41s
Epoch 233/300, Loss: -0.4253, Obj: -0.7368, Eq Viol (l1): 0.000089, Ineq Viol (l1): 0.000001, Epoch time: 2.42s
Epoch 234/300, Loss: -0.4466, Obj: -0.7455, Eq Viol (l1): 0.000080, Ineq Viol (l1): 0.000001, Epoch time: 2.46s
Epoch 235/300, Loss: -0.3945, Obj: -0.6989, Eq Viol (l1): 0.000084, Ineq Viol (l1): 0.000001, Epoch time: 2.41s
Epoch 236/300, Loss: -0.4113, Obj: -0.7047, Eq Viol (l1): 0.000088, Ineq Viol (l1): 0.000001, Epoch time: 2.39s
Epoch 237/300, Loss: -0.4361, Obj: -0.7381, Eq Viol (l1): 0.000085, Ineq Viol (l1): 0.000001, Epoch time: 2.43s
Epoch 238/300, Loss: -0.4748, Obj: -0.7461, Eq Viol (l1): 0.000082, Ineq Viol (l1): 0.000001, Epoch time: 2.40s
Epoch 239/300, Loss: -0.4539, Obj: -0.7560, Eq Viol (l1): 0.000085, Ineq Viol (l1): 0.000001, Epoch time: 2.44s
Epoch 240/300, Loss: -0.4421, Obj: -0.7439, Eq Viol (l1): 0.000080, Ineq Viol (l1): 0.000001, Epoch time: 2.43s
Epoch 241/300, Loss: -0.4457, Obj: -0.7283, Eq Viol (l1): 0.000084, Ineq Viol (l1): 0.000001, Epoch time: 2.40s

Running validation at epoch 240...

VALIDATION_EPOCH_240 EVALUATION RESULTS:
==================================================
Objective Value:     -8.107082e-01
True Objective:      -2.413704e+00
Optimality Gap:      -5.615128e-01 ± 3.132625e-01
Eq Violation l1:   9.610259e-05 (max: 9.536241e-04)
Ineq Violation l1: 7.870640e-07 (max: 5.632934e-05)
Solution Distance:   1.231428e+02 ± 6.173791e-01
Merit:             -8.097393e-01 ± 2.179572e-03
Avg Inference Time:  0.0662s
==================================================
Epoch 242/300, Loss: -0.4086, Obj: -0.7301, Eq Viol (l1): 0.000083, Ineq Viol (l1): 0.000001, Epoch time: 2.44s
Epoch 243/300, Loss: -0.4262, Obj: -0.7381, Eq Viol (l1): 0.000080, Ineq Viol (l1): 0.000001, Epoch time: 2.44s
Epoch 244/300, Loss: -0.4668, Obj: -0.7525, Eq Viol (l1): 0.000079, Ineq Viol (l1): 0.000001, Epoch time: 2.43s
Epoch 245/300, Loss: -0.4585, Obj: -0.7422, Eq Viol (l1): 0.000080, Ineq Viol (l1): 0.000001, Epoch time: 2.42s
Epoch 246/300, Loss: -0.4881, Obj: -0.7587, Eq Viol (l1): 0.000085, Ineq Viol (l1): 0.000001, Epoch time: 2.42s
Epoch 247/300, Loss: -0.4674, Obj: -0.7487, Eq Viol (l1): 0.000091, Ineq Viol (l1): 0.000001, Epoch time: 2.39s
Epoch 248/300, Loss: -0.4614, Obj: -0.7486, Eq Viol (l1): 0.000091, Ineq Viol (l1): 0.000001, Epoch time: 2.39s
Epoch 249/300, Loss: -0.4371, Obj: -0.7263, Eq Viol (l1): 0.000089, Ineq Viol (l1): 0.000001, Epoch time: 2.40s
Epoch 250/300, Loss: -0.3669, Obj: -0.7147, Eq Viol (l1): 0.000077, Ineq Viol (l1): 0.000001, Epoch time: 2.45s
Epoch 251/300, Loss: -0.3484, Obj: -0.7110, Eq Viol (l1): 0.000085, Ineq Viol (l1): 0.000001, Epoch time: 2.44s

Running validation at epoch 250...

VALIDATION_EPOCH_250 EVALUATION RESULTS:
==================================================
Objective Value:     -8.373630e-01
True Objective:      -2.413704e+00
Optimality Gap:      -5.957724e-01 ± 3.322241e-01
Eq Violation l1:   7.858272e-05 (max: 1.275533e-03)
Ineq Violation l1: 6.695757e-07 (max: 7.210488e-05)
Solution Distance:   1.229230e+02 ± 6.478030e-01
Merit:             -8.365705e-01 ± 1.305227e-03
Avg Inference Time:  0.0677s
==================================================
Epoch 252/300, Loss: -0.3815, Obj: -0.6868, Eq Viol (l1): 0.000082, Ineq Viol (l1): 0.000001, Epoch time: 2.41s
Epoch 253/300, Loss: -0.5166, Obj: -0.7750, Eq Viol (l1): 0.000083, Ineq Viol (l1): 0.000001, Epoch time: 2.40s
Epoch 254/300, Loss: -0.4424, Obj: -0.7382, Eq Viol (l1): 0.000083, Ineq Viol (l1): 0.000001, Epoch time: 2.42s
Epoch 255/300, Loss: -0.4426, Obj: -0.7675, Eq Viol (l1): 0.000079, Ineq Viol (l1): 0.000001, Epoch time: 2.45s
Epoch 256/300, Loss: -0.4600, Obj: -0.7515, Eq Viol (l1): 0.000083, Ineq Viol (l1): 0.000001, Epoch time: 2.44s
Epoch 257/300, Loss: -0.4736, Obj: -0.7489, Eq Viol (l1): 0.000082, Ineq Viol (l1): 0.000001, Epoch time: 2.42s
Epoch 258/300, Loss: -0.4559, Obj: -0.7462, Eq Viol (l1): 0.000081, Ineq Viol (l1): 0.000001, Epoch time: 2.42s
Epoch 259/300, Loss: -0.4443, Obj: -0.7432, Eq Viol (l1): 0.000086, Ineq Viol (l1): 0.000001, Epoch time: 2.43s
Epoch 260/300, Loss: -0.4399, Obj: -0.7345, Eq Viol (l1): 0.000086, Ineq Viol (l1): 0.000001, Epoch time: 2.40s
Epoch 261/300, Loss: -0.5079, Obj: -0.7700, Eq Viol (l1): 0.000086, Ineq Viol (l1): 0.000001, Epoch time: 2.40s

Running validation at epoch 260...

VALIDATION_EPOCH_260 EVALUATION RESULTS:
==================================================
Objective Value:     -7.922620e-01
True Objective:      -2.413704e+00
Optimality Gap:      -5.158463e-01 ± 3.039389e-01
Eq Violation l1:   7.392538e-05 (max: 1.258201e-03)
Ineq Violation l1: 5.056214e-07 (max: 1.717462e-05)
Solution Distance:   1.236123e+02 ± 6.037088e-01
Merit:             -7.915177e-01 ± 4.606155e-03
Avg Inference Time:  0.0648s
==================================================
Epoch 262/300, Loss: -0.5009, Obj: -0.7594, Eq Viol (l1): 0.000081, Ineq Viol (l1): 0.000001, Epoch time: 2.43s
Epoch 263/300, Loss: -0.5132, Obj: -0.7716, Eq Viol (l1): 0.000083, Ineq Viol (l1): 0.000001, Epoch time: 2.43s
Epoch 264/300, Loss: -0.4405, Obj: -0.7588, Eq Viol (l1): 0.000086, Ineq Viol (l1): 0.000001, Epoch time: 2.51s
Epoch 265/300, Loss: -0.3765, Obj: -0.7108, Eq Viol (l1): 0.000086, Ineq Viol (l1): 0.000001, Epoch time: 2.44s
Epoch 266/300, Loss: -0.4752, Obj: -0.7475, Eq Viol (l1): 0.000079, Ineq Viol (l1): 0.000001, Epoch time: 2.40s
Epoch 267/300, Loss: -0.4900, Obj: -0.7551, Eq Viol (l1): 0.000079, Ineq Viol (l1): 0.000001, Epoch time: 2.43s
Epoch 268/300, Loss: -0.5115, Obj: -0.7658, Eq Viol (l1): 0.000080, Ineq Viol (l1): 0.000001, Epoch time: 2.41s
Epoch 269/300, Loss: -0.4662, Obj: -0.7567, Eq Viol (l1): 0.000082, Ineq Viol (l1): 0.000001, Epoch time: 2.42s
Epoch 270/300, Loss: -0.4678, Obj: -0.7591, Eq Viol (l1): 0.000087, Ineq Viol (l1): 0.000001, Epoch time: 2.43s
Epoch 271/300, Loss: -0.5051, Obj: -0.7673, Eq Viol (l1): 0.000078, Ineq Viol (l1): 0.000000, Epoch time: 2.42s

Running validation at epoch 270...

VALIDATION_EPOCH_270 EVALUATION RESULTS:
==================================================
Objective Value:     -8.512077e-01
True Objective:      -2.413704e+00
Optimality Gap:      -6.427378e-01 ± 3.467047e-01
Eq Violation l1:   1.182785e-04 (max: 1.035179e-03)
Ineq Violation l1: 8.568904e-07 (max: 4.078905e-05)
Solution Distance:   1.228333e+02 ± 6.310255e-01
Merit:             -8.500164e-01 ± 3.501864e-03
Avg Inference Time:  0.0664s
==================================================
Epoch 272/300, Loss: -0.4081, Obj: -0.7230, Eq Viol (l1): 0.000089, Ineq Viol (l1): 0.000001, Epoch time: 2.41s
Epoch 273/300, Loss: -0.4792, Obj: -0.7565, Eq Viol (l1): 0.000085, Ineq Viol (l1): 0.000001, Epoch time: 2.41s
Epoch 274/300, Loss: -0.4928, Obj: -0.7570, Eq Viol (l1): 0.000080, Ineq Viol (l1): 0.000001, Epoch time: 2.42s
Epoch 275/300, Loss: -0.4612, Obj: -0.7433, Eq Viol (l1): 0.000080, Ineq Viol (l1): 0.000001, Epoch time: 2.42s
Epoch 276/300, Loss: -0.4745, Obj: -0.7419, Eq Viol (l1): 0.000077, Ineq Viol (l1): 0.000001, Epoch time: 2.43s
Epoch 277/300, Loss: -0.4863, Obj: -0.7489, Eq Viol (l1): 0.000081, Ineq Viol (l1): 0.000001, Epoch time: 2.41s
Epoch 278/300, Loss: -0.4811, Obj: -0.7523, Eq Viol (l1): 0.000078, Ineq Viol (l1): 0.000001, Epoch time: 2.44s
Epoch 279/300, Loss: -0.4983, Obj: -0.7603, Eq Viol (l1): 0.000079, Ineq Viol (l1): 0.000001, Epoch time: 2.44s
Epoch 280/300, Loss: -0.4456, Obj: -0.7395, Eq Viol (l1): 0.000074, Ineq Viol (l1): 0.000001, Epoch time: 2.44s
Epoch 281/300, Loss: -0.4492, Obj: -0.7417, Eq Viol (l1): 0.000082, Ineq Viol (l1): 0.000001, Epoch time: 2.42s

Running validation at epoch 280...

VALIDATION_EPOCH_280 EVALUATION RESULTS:
==================================================
Objective Value:     -8.692578e-01
True Objective:      -2.413704e+00
Optimality Gap:      -6.537921e-01 ± 3.434420e-01
Eq Violation l1:   1.160978e-04 (max: 1.369538e-03)
Ineq Violation l1: 8.410016e-07 (max: 3.630308e-05)
Solution Distance:   1.226326e+02 ± 6.317703e-01
Merit:             -8.680884e-01 ± 4.140131e-03
Avg Inference Time:  0.0663s
==================================================
Epoch 282/300, Loss: -0.3879, Obj: -0.7093, Eq Viol (l1): 0.000083, Ineq Viol (l1): 0.000001, Epoch time: 2.43s
Epoch 283/300, Loss: -0.4468, Obj: -0.7258, Eq Viol (l1): 0.000082, Ineq Viol (l1): 0.000001, Epoch time: 2.42s
Epoch 284/300, Loss: -0.4767, Obj: -0.7574, Eq Viol (l1): 0.000086, Ineq Viol (l1): 0.000001, Epoch time: 2.42s
Epoch 285/300, Loss: -0.4797, Obj: -0.7534, Eq Viol (l1): 0.000081, Ineq Viol (l1): 0.000001, Epoch time: 2.43s
Epoch 286/300, Loss: -0.4700, Obj: -0.7481, Eq Viol (l1): 0.000077, Ineq Viol (l1): 0.000001, Epoch time: 2.43s
Epoch 287/300, Loss: -0.4662, Obj: -0.7472, Eq Viol (l1): 0.000084, Ineq Viol (l1): 0.000001, Epoch time: 2.40s
Epoch 288/300, Loss: -0.5057, Obj: -0.7690, Eq Viol (l1): 0.000083, Ineq Viol (l1): 0.000001, Epoch time: 2.42s
Epoch 289/300, Loss: -0.4676, Obj: -0.7435, Eq Viol (l1): 0.000081, Ineq Viol (l1): 0.000001, Epoch time: 2.45s
Epoch 290/300, Loss: -0.4325, Obj: -0.7138, Eq Viol (l1): 0.000085, Ineq Viol (l1): 0.000000, Epoch time: 2.39s
Epoch 291/300, Loss: -0.4387, Obj: -0.7322, Eq Viol (l1): 0.000090, Ineq Viol (l1): 0.000001, Epoch time: 2.40s

Running validation at epoch 290...

VALIDATION_EPOCH_290 EVALUATION RESULTS:
==================================================
Objective Value:     -8.155199e-01
True Objective:      -2.413704e+00
Optimality Gap:      -6.039626e-01 ± 3.466062e-01
Eq Violation l1:   8.624131e-05 (max: 1.265901e-03)
Ineq Violation l1: 5.453422e-07 (max: 3.426595e-05)
Solution Distance:   1.229904e+02 ± 6.268611e-01
Merit:             -8.146520e-01 ± 6.896050e-03
Avg Inference Time:  0.0664s
==================================================
Epoch 292/300, Loss: -0.4680, Obj: -0.7508, Eq Viol (l1): 0.000078, Ineq Viol (l1): 0.000001, Epoch time: 2.44s
Epoch 293/300, Loss: -0.4793, Obj: -0.7620, Eq Viol (l1): 0.000079, Ineq Viol (l1): 0.000001, Epoch time: 2.44s
Epoch 294/300, Loss: -0.4917, Obj: -0.7606, Eq Viol (l1): 0.000084, Ineq Viol (l1): 0.000001, Epoch time: 2.41s
Epoch 295/300, Loss: -0.5188, Obj: -0.7847, Eq Viol (l1): 0.000085, Ineq Viol (l1): 0.000001, Epoch time: 2.42s
Epoch 296/300, Loss: -0.4956, Obj: -0.7703, Eq Viol (l1): 0.000079, Ineq Viol (l1): 0.000000, Epoch time: 2.43s
Epoch 297/300, Loss: -0.5276, Obj: -0.7674, Eq Viol (l1): 0.000079, Ineq Viol (l1): 0.000001, Epoch time: 2.49s
Epoch 298/300, Loss: -0.4658, Obj: -0.7359, Eq Viol (l1): 0.000081, Ineq Viol (l1): 0.000000, Epoch time: 2.41s
Epoch 299/300, Loss: -0.4415, Obj: -0.7483, Eq Viol (l1): 0.000085, Ineq Viol (l1): 0.000001, Epoch time: 2.43s
Epoch 300/300, Loss: -0.4332, Obj: -0.7503, Eq Viol (l1): 0.000084, Ineq Viol (l1): 0.000001, Epoch time: 2.44s

Training completed in 744.27 seconds.

============================================================
COMPREHENSIVE TEST EVALUATION WITH DETAILED RESULTS
============================================================
Testing with batch sizes: [256, 512]

Evaluating with batch size: 256 (with detailed results)

TEST_BS256 EVALUATION RESULTS:
==================================================
Objective Value:     -8.264993e-01
True Objective:      -2.409220e+00
Optimality Gap:      -4.224814e-01 ± 1.652497e+00
Eq Violation l1:   8.702179e-05 (max: 1.188177e-03)
Ineq Violation l1: 8.232565e-07 (max: 3.285074e-05)
Solution Distance:   1.242798e+02 ± 1.993228e+00
Merit:             -8.256209e-01 ± 5.898078e-02
Avg Inference Time:  0.0590s
==================================================

Evaluating with batch size: 512 (with detailed results)

TEST_BS512 EVALUATION RESULTS:
==================================================
Objective Value:     -8.262094e-01
True Objective:      -2.408634e+00
Optimality Gap:      -4.333496e-01 ± 1.209961e+00
Eq Violation l1:   9.045895e-05 (max: 1.469826e-03)
Ineq Violation l1: 8.675773e-07 (max: 4.963143e-05)
Solution Distance:   1.242341e+02 ± 1.280202e+00
Merit:             -8.252961e-01 ± 5.367934e-02
Avg Inference Time:  0.0658s
==================================================

TEST BATCH SIZE COMPARISON:
================================================================================
Batch Size   Objective    Opt Gap      Eq Viol      Ineq Viol    Time (s)  
--------------------------------------------------------------------------------
256          -8.2650e-01  -4.2248e-01  8.7022e-05   8.2326e-07   0.47      
512          -8.2621e-01  -4.3335e-01  9.0459e-05   8.6758e-07   0.26      
================================================================================

Saving model and results to: results/nonsmooth_nonconvex/socp/SOCPProblem-100-50-50-10000/20260108-045316_MLP_FSNet_seed2_nepochs300_lr0.0002_trainsize7000_finetune_20260108-031614_model_420
✓ Model saved: results/nonsmooth_nonconvex/socp/SOCPProblem-100-50-50-10000/20260108-045316_MLP_FSNet_seed2_nepochs300_lr0.0002_trainsize7000_finetune_20260108-031614_model_420/model.pt
✓ Detailed results saved: results/nonsmooth_nonconvex/socp/SOCPProblem-100-50-50-10000/20260108-045316_MLP_FSNet_seed2_nepochs300_lr0.0002_trainsize7000_finetune_20260108-031614_model_420/results.pkl

Files saved (or attempted):
  - model.pt (model weights and architecture)
  - results.pkl (training history, metrics, detailed test results)
Training and testing completed in 746.89 seconds
Done!!!
============================================================
==========         =====================         ===========
==========   2      =====================         ===========
==========         =====================         ===========
============================================================

======= Running for problem: nonsmooth_nonconvex/socp =======

Loading problem instance: nonsmooth_nonconvex/socp with size [100, 50, 50, 10000]
Loading  dataset from: datasets/nonsmooth_nonconvex/socp/random2025_socp_dataset_var100_ineq50_eq50_ex10000 

Running on:  cuda
Training model using FSNet method with seed 3 for 300 epochs
Using batch size: 512
Loading model from checkpoint: results/nonsmooth_nonconvex/socp/SOCPProblem-100-50-50-10000/20260108-031614_MLP_sup_pen_seed1_nepochs500_lr0.0002_trainsize100_subopt_2_1.0/model_420.pt

lr: 0.0002, weight_decay: 0.001, num_epochs: 300

Epoch 1/300, Loss: 26.4518, Obj: 26.1157, Eq Viol (l1): 0.000087, Ineq Viol (l1): 0.000000, Epoch time: 7.15s

Running validation at epoch 0...

VALIDATION_EPOCH_0 EVALUATION RESULTS:
==================================================
Objective Value:     2.568202e+01
True Objective:      -2.413704e+00
Optimality Gap:      4.533450e+01 ± 1.478243e+01
Eq Violation l1:   9.871143e-05 (max: 1.315891e-03)
Ineq Violation l1: 1.049925e-07 (max: 1.763657e-05)
Solution Distance:   2.376251e+02 ± 1.041656e+00
Merit:             2.568301e+01 ± 2.237751e-02
Avg Inference Time:  0.6161s
==================================================
Epoch 2/300, Loss: 24.9838, Obj: 24.1629, Eq Viol (l1): 0.000098, Ineq Viol (l1): 0.000000, Epoch time: 2.40s
Epoch 3/300, Loss: 23.7297, Obj: 23.1333, Eq Viol (l1): 0.000107, Ineq Viol (l1): 0.000000, Epoch time: 2.35s
Epoch 4/300, Loss: 22.6155, Obj: 22.0553, Eq Viol (l1): 0.000084, Ineq Viol (l1): 0.000000, Epoch time: 2.42s
Epoch 5/300, Loss: 21.4996, Obj: 20.9863, Eq Viol (l1): 0.000082, Ineq Viol (l1): 0.000000, Epoch time: 2.48s
Epoch 6/300, Loss: 20.4844, Obj: 19.9107, Eq Viol (l1): 0.000082, Ineq Viol (l1): 0.000001, Epoch time: 2.60s
Epoch 7/300, Loss: 19.1347, Obj: 18.5745, Eq Viol (l1): 0.000089, Ineq Viol (l1): 0.000001, Epoch time: 2.55s
Epoch 8/300, Loss: 16.9374, Obj: 16.2935, Eq Viol (l1): 0.000094, Ineq Viol (l1): 0.000001, Epoch time: 2.56s
Epoch 9/300, Loss: 13.9263, Obj: 13.1785, Eq Viol (l1): 0.000080, Ineq Viol (l1): 0.000000, Epoch time: 2.64s
Epoch 10/300, Loss: 10.5375, Obj: 9.6122, Eq Viol (l1): 0.000059, Ineq Viol (l1): 0.000000, Epoch time: 2.67s
Epoch 11/300, Loss: 9.4615, Obj: 8.3967, Eq Viol (l1): 0.000053, Ineq Viol (l1): 0.000001, Epoch time: 2.71s

Running validation at epoch 10...

VALIDATION_EPOCH_10 EVALUATION RESULTS:
==================================================
Objective Value:     7.648594e+00
True Objective:      -2.413704e+00
Optimality Gap:      1.438797e+01 ± 4.728196e+00
Eq Violation l1:   7.226288e-05 (max: 1.120315e-03)
Ineq Violation l1: 4.632433e-07 (max: 4.594977e-05)
Solution Distance:   1.579779e+02 ± 8.085036e-01
Merit:             7.649321e+00 ± 2.208995e-03
Avg Inference Time:  0.0779s
==================================================
Epoch 12/300, Loss: 9.3771, Obj: 8.1675, Eq Viol (l1): 0.000045, Ineq Viol (l1): 0.000000, Epoch time: 2.73s
Epoch 13/300, Loss: 9.5153, Obj: 7.8982, Eq Viol (l1): 0.000044, Ineq Viol (l1): 0.000000, Epoch time: 2.78s
Epoch 14/300, Loss: 8.4493, Obj: 7.1218, Eq Viol (l1): 0.000039, Ineq Viol (l1): 0.000000, Epoch time: 2.75s
Epoch 15/300, Loss: 5.2327, Obj: 4.1828, Eq Viol (l1): 0.000072, Ineq Viol (l1): 0.000000, Epoch time: 2.58s
Epoch 16/300, Loss: 2.8758, Obj: 1.9728, Eq Viol (l1): 0.000082, Ineq Viol (l1): 0.000000, Epoch time: 2.58s
Epoch 17/300, Loss: 2.5268, Obj: 1.5856, Eq Viol (l1): 0.000074, Ineq Viol (l1): 0.000000, Epoch time: 2.59s
Epoch 18/300, Loss: 2.2319, Obj: 1.4335, Eq Viol (l1): 0.000058, Ineq Viol (l1): 0.000000, Epoch time: 2.62s
Epoch 19/300, Loss: 2.1502, Obj: 1.3164, Eq Viol (l1): 0.000062, Ineq Viol (l1): 0.000000, Epoch time: 2.62s
Epoch 20/300, Loss: 2.0125, Obj: 1.2594, Eq Viol (l1): 0.000058, Ineq Viol (l1): 0.000000, Epoch time: 2.63s
Epoch 21/300, Loss: 2.1337, Obj: 1.3820, Eq Viol (l1): 0.000069, Ineq Viol (l1): 0.000000, Epoch time: 2.59s

Running validation at epoch 20...

VALIDATION_EPOCH_20 EVALUATION RESULTS:
==================================================
Objective Value:     1.035228e+00
True Objective:      -2.413704e+00
Optimality Gap:      2.695674e+00 ± 5.997594e-01
Eq Violation l1:   6.629758e-05 (max: 1.415766e-03)
Ineq Violation l1: 2.378098e-07 (max: 2.132175e-05)
Solution Distance:   1.209736e+02 ± 3.482039e-01
Merit:             1.035893e+00 ± 1.955288e-02
Avg Inference Time:  0.0732s
==================================================
Epoch 22/300, Loss: 2.0820, Obj: 1.2700, Eq Viol (l1): 0.000060, Ineq Viol (l1): 0.000000, Epoch time: 2.62s
Epoch 23/300, Loss: 2.0136, Obj: 1.1662, Eq Viol (l1): 0.000069, Ineq Viol (l1): 0.000000, Epoch time: 2.61s
Epoch 24/300, Loss: 1.9524, Obj: 1.2197, Eq Viol (l1): 0.000059, Ineq Viol (l1): 0.000000, Epoch time: 2.60s
Epoch 25/300, Loss: 1.8044, Obj: 1.0837, Eq Viol (l1): 0.000055, Ineq Viol (l1): 0.000000, Epoch time: 2.62s
Epoch 26/300, Loss: 1.6756, Obj: 0.9727, Eq Viol (l1): 0.000054, Ineq Viol (l1): 0.000000, Epoch time: 2.61s
Epoch 27/300, Loss: 1.5478, Obj: 0.8995, Eq Viol (l1): 0.000063, Ineq Viol (l1): 0.000000, Epoch time: 2.60s
Epoch 28/300, Loss: 1.8178, Obj: 0.9288, Eq Viol (l1): 0.000069, Ineq Viol (l1): 0.000000, Epoch time: 2.58s
Epoch 29/300, Loss: 1.6316, Obj: 0.8699, Eq Viol (l1): 0.000061, Ineq Viol (l1): 0.000000, Epoch time: 2.59s
Epoch 30/300, Loss: 1.3560, Obj: 0.7029, Eq Viol (l1): 0.000066, Ineq Viol (l1): 0.000000, Epoch time: 2.58s
Epoch 31/300, Loss: 1.0110, Obj: 0.4097, Eq Viol (l1): 0.000071, Ineq Viol (l1): 0.000001, Epoch time: 2.54s

Running validation at epoch 30...

VALIDATION_EPOCH_30 EVALUATION RESULTS:
==================================================
Objective Value:     7.934154e-02
True Objective:      -2.413704e+00
Optimality Gap:      1.087294e+00 ± 1.629104e-01
Eq Violation l1:   7.748405e-05 (max: 1.547663e-03)
Ineq Violation l1: 4.479020e-07 (max: 4.491124e-05)
Solution Distance:   1.212238e+02 ± 3.611765e-01
Merit:             8.012086e-02 ± 2.118489e-02
Avg Inference Time:  0.0676s
==================================================
Epoch 32/300, Loss: 0.7243, Obj: 0.0462, Eq Viol (l1): 0.000076, Ineq Viol (l1): 0.000001, Epoch time: 2.53s
Epoch 33/300, Loss: 0.4266, Obj: -0.2096, Eq Viol (l1): 0.000079, Ineq Viol (l1): 0.000000, Epoch time: 2.60s
Epoch 34/300, Loss: 0.2885, Obj: -0.2743, Eq Viol (l1): 0.000086, Ineq Viol (l1): 0.000000, Epoch time: 2.43s
Epoch 35/300, Loss: 0.1936, Obj: -0.3727, Eq Viol (l1): 0.000081, Ineq Viol (l1): 0.000001, Epoch time: 2.48s
Epoch 36/300, Loss: 0.1826, Obj: -0.3595, Eq Viol (l1): 0.000068, Ineq Viol (l1): 0.000000, Epoch time: 2.51s
Epoch 37/300, Loss: 0.1869, Obj: -0.3750, Eq Viol (l1): 0.000080, Ineq Viol (l1): 0.000000, Epoch time: 2.47s
Epoch 38/300, Loss: 0.1314, Obj: -0.4298, Eq Viol (l1): 0.000085, Ineq Viol (l1): 0.000001, Epoch time: 2.46s
Epoch 39/300, Loss: 0.1497, Obj: -0.4139, Eq Viol (l1): 0.000079, Ineq Viol (l1): 0.000000, Epoch time: 2.50s
Epoch 40/300, Loss: 0.1611, Obj: -0.3991, Eq Viol (l1): 0.000071, Ineq Viol (l1): 0.000000, Epoch time: 2.50s
Epoch 41/300, Loss: 0.1001, Obj: -0.4293, Eq Viol (l1): 0.000078, Ineq Viol (l1): 0.000000, Epoch time: 2.45s

Running validation at epoch 40...

VALIDATION_EPOCH_40 EVALUATION RESULTS:
==================================================
Objective Value:     -4.300338e-01
True Objective:      -2.413704e+00
Optimality Gap:      1.015161e-01 ± 7.194563e-02
Eq Violation l1:   6.356224e-05 (max: 2.799271e-03)
Ineq Violation l1: 2.226355e-07 (max: 3.169429e-05)
Solution Distance:   1.239059e+02 ± 6.562732e-01
Merit:             -4.293960e-01 ± 6.248431e-03
Avg Inference Time:  0.0638s
==================================================
Epoch 42/300, Loss: 0.0627, Obj: -0.4648, Eq Viol (l1): 0.000078, Ineq Viol (l1): 0.000001, Epoch time: 2.47s
Epoch 43/300, Loss: 0.1036, Obj: -0.4054, Eq Viol (l1): 0.000079, Ineq Viol (l1): 0.000001, Epoch time: 2.47s
Epoch 44/300, Loss: 0.0770, Obj: -0.4616, Eq Viol (l1): 0.000083, Ineq Viol (l1): 0.000001, Epoch time: 2.47s
Epoch 45/300, Loss: -0.0112, Obj: -0.4750, Eq Viol (l1): 0.000082, Ineq Viol (l1): 0.000001, Epoch time: 2.45s
Epoch 46/300, Loss: 0.0017, Obj: -0.5061, Eq Viol (l1): 0.000087, Ineq Viol (l1): 0.000001, Epoch time: 2.44s
Epoch 47/300, Loss: -0.0508, Obj: -0.5002, Eq Viol (l1): 0.000079, Ineq Viol (l1): 0.000001, Epoch time: 2.46s
Epoch 48/300, Loss: 0.0658, Obj: -0.4912, Eq Viol (l1): 0.000082, Ineq Viol (l1): 0.000001, Epoch time: 2.45s
Epoch 49/300, Loss: 0.0325, Obj: -0.4618, Eq Viol (l1): 0.000081, Ineq Viol (l1): 0.000001, Epoch time: 2.44s
Epoch 50/300, Loss: -0.0727, Obj: -0.5417, Eq Viol (l1): 0.000082, Ineq Viol (l1): 0.000001, Epoch time: 2.45s
Epoch 51/300, Loss: -0.0114, Obj: -0.5156, Eq Viol (l1): 0.000081, Ineq Viol (l1): 0.000001, Epoch time: 2.47s

Running validation at epoch 50...

VALIDATION_EPOCH_50 EVALUATION RESULTS:
==================================================
Objective Value:     -7.389632e-01
True Objective:      -2.413704e+00
Optimality Gap:      -4.852044e-01 ± 3.147777e-01
Eq Violation l1:   9.365737e-05 (max: 1.133287e-03)
Ineq Violation l1: 6.209347e-07 (max: 2.927166e-05)
Solution Distance:   1.227753e+02 ± 5.279023e-01
Merit:             -7.380204e-01 ± 1.448032e-02
Avg Inference Time:  0.0664s
==================================================
Epoch 52/300, Loss: -0.0246, Obj: -0.5142, Eq Viol (l1): 0.000093, Ineq Viol (l1): 0.000001, Epoch time: 2.43s
Epoch 53/300, Loss: 0.0659, Obj: -0.4162, Eq Viol (l1): 0.000077, Ineq Viol (l1): 0.000001, Epoch time: 2.44s
Epoch 54/300, Loss: 0.0194, Obj: -0.4877, Eq Viol (l1): 0.000084, Ineq Viol (l1): 0.000001, Epoch time: 2.43s
Epoch 55/300, Loss: -0.1124, Obj: -0.5474, Eq Viol (l1): 0.000079, Ineq Viol (l1): 0.000001, Epoch time: 2.45s
Epoch 56/300, Loss: -0.0306, Obj: -0.5132, Eq Viol (l1): 0.000082, Ineq Viol (l1): 0.000001, Epoch time: 2.45s
Epoch 57/300, Loss: -0.1445, Obj: -0.5606, Eq Viol (l1): 0.000078, Ineq Viol (l1): 0.000001, Epoch time: 2.45s
Epoch 58/300, Loss: -0.0816, Obj: -0.5149, Eq Viol (l1): 0.000079, Ineq Viol (l1): 0.000001, Epoch time: 2.44s
Epoch 59/300, Loss: 0.1369, Obj: -0.3991, Eq Viol (l1): 0.000086, Ineq Viol (l1): 0.000000, Epoch time: 2.39s
Epoch 60/300, Loss: -0.0427, Obj: -0.5068, Eq Viol (l1): 0.000081, Ineq Viol (l1): 0.000000, Epoch time: 2.43s
Epoch 61/300, Loss: 0.0704, Obj: -0.4973, Eq Viol (l1): 0.000086, Ineq Viol (l1): 0.000001, Epoch time: 2.43s

Running validation at epoch 60...

VALIDATION_EPOCH_60 EVALUATION RESULTS:
==================================================
Objective Value:     -4.290077e-01
True Objective:      -2.413704e+00
Optimality Gap:      1.915904e-01 ± 1.696847e-02
Eq Violation l1:   6.660457e-05 (max: 1.227104e-03)
Ineq Violation l1: 3.565059e-07 (max: 3.528209e-05)
Solution Distance:   1.247596e+02 ± 6.476584e-01
Merit:             -4.283381e-01 ± 5.998208e-03
Avg Inference Time:  0.0634s
==================================================
Epoch 62/300, Loss: -0.0093, Obj: -0.5104, Eq Viol (l1): 0.000087, Ineq Viol (l1): 0.000001, Epoch time: 2.41s
Epoch 63/300, Loss: -0.1616, Obj: -0.6185, Eq Viol (l1): 0.000082, Ineq Viol (l1): 0.000000, Epoch time: 2.46s
Epoch 64/300, Loss: -0.1278, Obj: -0.5421, Eq Viol (l1): 0.000082, Ineq Viol (l1): 0.000001, Epoch time: 2.43s
Epoch 65/300, Loss: -0.1019, Obj: -0.5651, Eq Viol (l1): 0.000089, Ineq Viol (l1): 0.000001, Epoch time: 2.44s
Epoch 66/300, Loss: -0.0948, Obj: -0.5547, Eq Viol (l1): 0.000083, Ineq Viol (l1): 0.000001, Epoch time: 2.45s
Epoch 67/300, Loss: -0.1116, Obj: -0.5592, Eq Viol (l1): 0.000078, Ineq Viol (l1): 0.000001, Epoch time: 2.58s
Epoch 68/300, Loss: -0.1319, Obj: -0.5702, Eq Viol (l1): 0.000079, Ineq Viol (l1): 0.000001, Epoch time: 2.45s
Epoch 69/300, Loss: -0.1738, Obj: -0.5975, Eq Viol (l1): 0.000078, Ineq Viol (l1): 0.000001, Epoch time: 2.47s
Epoch 70/300, Loss: -0.2514, Obj: -0.6424, Eq Viol (l1): 0.000074, Ineq Viol (l1): 0.000001, Epoch time: 2.47s
Epoch 71/300, Loss: -0.2007, Obj: -0.6188, Eq Viol (l1): 0.000083, Ineq Viol (l1): 0.000001, Epoch time: 2.44s

Running validation at epoch 70...

VALIDATION_EPOCH_70 EVALUATION RESULTS:
==================================================
Objective Value:     -5.994277e-01
True Objective:      -2.413704e+00
Optimality Gap:      1.192454e-01 ± 1.183085e-01
Eq Violation l1:   8.761268e-05 (max: 1.442420e-03)
Ineq Violation l1: 5.300704e-07 (max: 3.756763e-05)
Solution Distance:   1.241566e+02 ± 5.334579e-01
Merit:             -5.985463e-01 ± 1.033847e-02
Avg Inference Time:  0.0641s
==================================================
Epoch 72/300, Loss: -0.1189, Obj: -0.5479, Eq Viol (l1): 0.000085, Ineq Viol (l1): 0.000000, Epoch time: 2.41s
Epoch 73/300, Loss: -0.1807, Obj: -0.5947, Eq Viol (l1): 0.000082, Ineq Viol (l1): 0.000001, Epoch time: 2.45s
Epoch 74/300, Loss: -0.1379, Obj: -0.5572, Eq Viol (l1): 0.000080, Ineq Viol (l1): 0.000001, Epoch time: 2.47s
Epoch 75/300, Loss: -0.1068, Obj: -0.5453, Eq Viol (l1): 0.000075, Ineq Viol (l1): 0.000000, Epoch time: 2.47s
Epoch 76/300, Loss: -0.1355, Obj: -0.5763, Eq Viol (l1): 0.000092, Ineq Viol (l1): 0.000001, Epoch time: 2.41s
Epoch 77/300, Loss: -0.1176, Obj: -0.5887, Eq Viol (l1): 0.000081, Ineq Viol (l1): 0.000001, Epoch time: 2.48s
Epoch 78/300, Loss: -0.0878, Obj: -0.5368, Eq Viol (l1): 0.000081, Ineq Viol (l1): 0.000001, Epoch time: 2.45s
Epoch 79/300, Loss: -0.1796, Obj: -0.5972, Eq Viol (l1): 0.000081, Ineq Viol (l1): 0.000001, Epoch time: 2.45s
Epoch 80/300, Loss: -0.1934, Obj: -0.6001, Eq Viol (l1): 0.000083, Ineq Viol (l1): 0.000001, Epoch time: 2.43s
Epoch 81/300, Loss: -0.1619, Obj: -0.5717, Eq Viol (l1): 0.000077, Ineq Viol (l1): 0.000001, Epoch time: 2.47s

Running validation at epoch 80...

VALIDATION_EPOCH_80 EVALUATION RESULTS:
==================================================
Objective Value:     -6.927368e-01
True Objective:      -2.413704e+00
Optimality Gap:      -3.419131e-01 ± 2.586833e-01
Eq Violation l1:   8.727414e-05 (max: 1.682358e-03)
Ineq Violation l1: 7.677995e-07 (max: 8.865665e-05)
Solution Distance:   1.232748e+02 ± 5.981543e-01
Merit:             -6.918564e-01 ± 1.682802e-03
Avg Inference Time:  0.0660s
==================================================
Epoch 82/300, Loss: -0.1391, Obj: -0.5981, Eq Viol (l1): 0.000083, Ineq Viol (l1): 0.000001, Epoch time: 2.46s
Epoch 83/300, Loss: -0.0850, Obj: -0.5454, Eq Viol (l1): 0.000081, Ineq Viol (l1): 0.000001, Epoch time: 2.46s
Epoch 84/300, Loss: -0.1763, Obj: -0.5827, Eq Viol (l1): 0.000082, Ineq Viol (l1): 0.000001, Epoch time: 2.43s
Epoch 85/300, Loss: -0.1337, Obj: -0.6009, Eq Viol (l1): 0.000084, Ineq Viol (l1): 0.000000, Epoch time: 2.44s
Epoch 86/300, Loss: -0.1972, Obj: -0.6256, Eq Viol (l1): 0.000082, Ineq Viol (l1): 0.000001, Epoch time: 2.43s
Epoch 87/300, Loss: -0.2377, Obj: -0.6295, Eq Viol (l1): 0.000082, Ineq Viol (l1): 0.000001, Epoch time: 2.42s
Epoch 88/300, Loss: -0.2213, Obj: -0.6193, Eq Viol (l1): 0.000082, Ineq Viol (l1): 0.000001, Epoch time: 2.43s
Epoch 89/300, Loss: -0.1618, Obj: -0.5833, Eq Viol (l1): 0.000083, Ineq Viol (l1): 0.000001, Epoch time: 2.43s
Epoch 90/300, Loss: -0.2130, Obj: -0.6028, Eq Viol (l1): 0.000077, Ineq Viol (l1): 0.000000, Epoch time: 2.45s
Epoch 91/300, Loss: -0.2114, Obj: -0.6085, Eq Viol (l1): 0.000082, Ineq Viol (l1): 0.000001, Epoch time: 2.42s

Running validation at epoch 90...

VALIDATION_EPOCH_90 EVALUATION RESULTS:
==================================================
Objective Value:     -7.698758e-01
True Objective:      -2.413704e+00
Optimality Gap:      -5.100415e-01 ± 3.011767e-01
Eq Violation l1:   5.904308e-05 (max: 8.597447e-04)
Ineq Violation l1: 7.159572e-07 (max: 4.104004e-05)
Solution Distance:   1.233768e+02 ± 6.248822e-01
Merit:             -7.692782e-01 ± 5.893566e-03
Avg Inference Time:  0.0686s
==================================================
Epoch 92/300, Loss: -0.2628, Obj: -0.6370, Eq Viol (l1): 0.000074, Ineq Viol (l1): 0.000001, Epoch time: 2.47s
Epoch 93/300, Loss: -0.1562, Obj: -0.5606, Eq Viol (l1): 0.000085, Ineq Viol (l1): 0.000000, Epoch time: 2.41s
Epoch 94/300, Loss: 0.0429, Obj: -0.3797, Eq Viol (l1): 0.000087, Ineq Viol (l1): 0.000001, Epoch time: 2.38s
Epoch 95/300, Loss: 0.0443, Obj: -0.5607, Eq Viol (l1): 0.000087, Ineq Viol (l1): 0.000001, Epoch time: 2.45s
Epoch 96/300, Loss: -0.2860, Obj: -0.6225, Eq Viol (l1): 0.000084, Ineq Viol (l1): 0.000001, Epoch time: 2.38s
Epoch 97/300, Loss: -0.2719, Obj: -0.6388, Eq Viol (l1): 0.000084, Ineq Viol (l1): 0.000001, Epoch time: 2.43s
Epoch 98/300, Loss: -0.2703, Obj: -0.6488, Eq Viol (l1): 0.000082, Ineq Viol (l1): 0.000001, Epoch time: 2.45s
Epoch 99/300, Loss: -0.1510, Obj: -0.5675, Eq Viol (l1): 0.000084, Ineq Viol (l1): 0.000001, Epoch time: 2.52s
Epoch 100/300, Loss: -0.1624, Obj: -0.5951, Eq Viol (l1): 0.000088, Ineq Viol (l1): 0.000001, Epoch time: 2.41s
Epoch 101/300, Loss: -0.1671, Obj: -0.5957, Eq Viol (l1): 0.000072, Ineq Viol (l1): 0.000001, Epoch time: 2.49s

Running validation at epoch 100...

VALIDATION_EPOCH_100 EVALUATION RESULTS:
==================================================
Objective Value:     -7.919361e-01
True Objective:      -2.413704e+00
Optimality Gap:      -4.946469e-01 ± 2.855035e-01
Eq Violation l1:   9.759843e-05 (max: 9.007538e-04)
Ineq Violation l1: 7.444366e-07 (max: 5.094880e-05)
Solution Distance:   1.232560e+02 ± 5.785571e-01
Merit:             -7.909527e-01 ± 8.021288e-03
Avg Inference Time:  0.0676s
==================================================
Epoch 102/300, Loss: -0.1363, Obj: -0.5829, Eq Viol (l1): 0.000084, Ineq Viol (l1): 0.000001, Epoch time: 2.42s
Epoch 103/300, Loss: -0.2520, Obj: -0.6149, Eq Viol (l1): 0.000077, Ineq Viol (l1): 0.000000, Epoch time: 2.43s
Epoch 104/300, Loss: -0.2681, Obj: -0.6532, Eq Viol (l1): 0.000086, Ineq Viol (l1): 0.000001, Epoch time: 2.42s
Epoch 105/300, Loss: -0.2743, Obj: -0.6482, Eq Viol (l1): 0.000090, Ineq Viol (l1): 0.000001, Epoch time: 2.42s
Epoch 106/300, Loss: -0.2888, Obj: -0.6639, Eq Viol (l1): 0.000080, Ineq Viol (l1): 0.000000, Epoch time: 2.44s
Epoch 107/300, Loss: -0.2889, Obj: -0.6546, Eq Viol (l1): 0.000079, Ineq Viol (l1): 0.000001, Epoch time: 2.45s
Epoch 108/300, Loss: -0.3013, Obj: -0.6438, Eq Viol (l1): 0.000078, Ineq Viol (l1): 0.000001, Epoch time: 2.42s
Epoch 109/300, Loss: -0.3083, Obj: -0.6611, Eq Viol (l1): 0.000085, Ineq Viol (l1): 0.000001, Epoch time: 2.42s
Epoch 110/300, Loss: -0.1876, Obj: -0.6363, Eq Viol (l1): 0.000082, Ineq Viol (l1): 0.000001, Epoch time: 2.46s
Epoch 111/300, Loss: -0.1829, Obj: -0.5578, Eq Viol (l1): 0.000080, Ineq Viol (l1): 0.000001, Epoch time: 2.44s

Running validation at epoch 110...

VALIDATION_EPOCH_110 EVALUATION RESULTS:
==================================================
Objective Value:     -5.731481e-01
True Objective:      -2.413704e+00
Optimality Gap:      -1.300293e-01 ± 1.794886e-01
Eq Violation l1:   7.794392e-05 (max: 8.243179e-04)
Ineq Violation l1: 5.745021e-07 (max: 1.902315e-05)
Solution Distance:   1.242576e+02 ± 6.303010e-01
Merit:             -5.723630e-01 ± 7.480449e-03
Avg Inference Time:  0.0660s
==================================================
Epoch 112/300, Loss: -0.2187, Obj: -0.5918, Eq Viol (l1): 0.000078, Ineq Viol (l1): 0.000000, Epoch time: 2.45s
Epoch 113/300, Loss: -0.3116, Obj: -0.6500, Eq Viol (l1): 0.000080, Ineq Viol (l1): 0.000000, Epoch time: 2.43s
Epoch 114/300, Loss: -0.3541, Obj: -0.6876, Eq Viol (l1): 0.000076, Ineq Viol (l1): 0.000001, Epoch time: 2.43s
Epoch 115/300, Loss: -0.3171, Obj: -0.6452, Eq Viol (l1): 0.000086, Ineq Viol (l1): 0.000001, Epoch time: 2.40s
Epoch 116/300, Loss: -0.3150, Obj: -0.6801, Eq Viol (l1): 0.000077, Ineq Viol (l1): 0.000001, Epoch time: 2.46s
Epoch 117/300, Loss: -0.2480, Obj: -0.6349, Eq Viol (l1): 0.000084, Ineq Viol (l1): 0.000001, Epoch time: 2.43s
Epoch 118/300, Loss: -0.1616, Obj: -0.6250, Eq Viol (l1): 0.000089, Ineq Viol (l1): 0.000001, Epoch time: 2.44s
Epoch 119/300, Loss: -0.2271, Obj: -0.6264, Eq Viol (l1): 0.000081, Ineq Viol (l1): 0.000001, Epoch time: 2.44s
Epoch 120/300, Loss: -0.2839, Obj: -0.6466, Eq Viol (l1): 0.000079, Ineq Viol (l1): 0.000001, Epoch time: 2.43s
Epoch 121/300, Loss: -0.2058, Obj: -0.6011, Eq Viol (l1): 0.000081, Ineq Viol (l1): 0.000001, Epoch time: 2.43s

Running validation at epoch 120...

VALIDATION_EPOCH_120 EVALUATION RESULTS:
==================================================
Objective Value:     -6.776687e-01
True Objective:      -2.413704e+00
Optimality Gap:      -4.255645e-01 ± 3.190032e-01
Eq Violation l1:   6.271370e-05 (max: 1.188949e-03)
Ineq Violation l1: 4.409327e-07 (max: 2.444701e-05)
Solution Distance:   1.238233e+02 ± 5.957096e-01
Merit:             -6.770372e-01 ± 9.455389e-03
Avg Inference Time:  0.0660s
==================================================
Epoch 122/300, Loss: -0.3181, Obj: -0.6728, Eq Viol (l1): 0.000078, Ineq Viol (l1): 0.000001, Epoch time: 2.46s
Epoch 123/300, Loss: -0.2652, Obj: -0.6371, Eq Viol (l1): 0.000083, Ineq Viol (l1): 0.000001, Epoch time: 2.43s
Epoch 124/300, Loss: -0.1830, Obj: -0.6045, Eq Viol (l1): 0.000086, Ineq Viol (l1): 0.000001, Epoch time: 2.41s
Epoch 125/300, Loss: -0.2849, Obj: -0.6645, Eq Viol (l1): 0.000079, Ineq Viol (l1): 0.000001, Epoch time: 2.47s
Epoch 126/300, Loss: -0.3311, Obj: -0.6722, Eq Viol (l1): 0.000085, Ineq Viol (l1): 0.000001, Epoch time: 2.43s
Epoch 127/300, Loss: -0.2298, Obj: -0.6024, Eq Viol (l1): 0.000082, Ineq Viol (l1): 0.000001, Epoch time: 2.42s
Epoch 128/300, Loss: -0.2382, Obj: -0.6044, Eq Viol (l1): 0.000083, Ineq Viol (l1): 0.000000, Epoch time: 2.42s
Epoch 129/300, Loss: -0.3723, Obj: -0.6955, Eq Viol (l1): 0.000076, Ineq Viol (l1): 0.000001, Epoch time: 2.45s
Epoch 130/300, Loss: -0.3302, Obj: -0.6676, Eq Viol (l1): 0.000080, Ineq Viol (l1): 0.000001, Epoch time: 2.43s
Epoch 131/300, Loss: -0.3150, Obj: -0.6711, Eq Viol (l1): 0.000082, Ineq Viol (l1): 0.000001, Epoch time: 2.53s

Running validation at epoch 130...

VALIDATION_EPOCH_130 EVALUATION RESULTS:
==================================================
Objective Value:     -6.780450e-01
True Objective:      -2.413704e+00
Optimality Gap:      -3.533765e-01 ± 2.596304e-01
Eq Violation l1:   8.562820e-05 (max: 1.090321e-03)
Ineq Violation l1: 6.253250e-07 (max: 4.342159e-05)
Solution Distance:   1.236812e+02 ± 7.347893e-01
Merit:             -6.771825e-01 ± 1.413859e-02
Avg Inference Time:  0.0662s
==================================================
Epoch 132/300, Loss: -0.1445, Obj: -0.5570, Eq Viol (l1): 0.000085, Ineq Viol (l1): 0.000000, Epoch time: 2.39s
Epoch 133/300, Loss: -0.2841, Obj: -0.6793, Eq Viol (l1): 0.000081, Ineq Viol (l1): 0.000000, Epoch time: 2.45s
Epoch 134/300, Loss: -0.3427, Obj: -0.6842, Eq Viol (l1): 0.000084, Ineq Viol (l1): 0.000001, Epoch time: 2.42s
Epoch 135/300, Loss: -0.3400, Obj: -0.6765, Eq Viol (l1): 0.000081, Ineq Viol (l1): 0.000000, Epoch time: 2.43s
Epoch 136/300, Loss: -0.3899, Obj: -0.7070, Eq Viol (l1): 0.000086, Ineq Viol (l1): 0.000001, Epoch time: 2.40s
Epoch 137/300, Loss: -0.3521, Obj: -0.6760, Eq Viol (l1): 0.000085, Ineq Viol (l1): 0.000001, Epoch time: 2.40s
Epoch 138/300, Loss: -0.2923, Obj: -0.6817, Eq Viol (l1): 0.000090, Ineq Viol (l1): 0.000001, Epoch time: 2.43s
Epoch 139/300, Loss: -0.3255, Obj: -0.6631, Eq Viol (l1): 0.000079, Ineq Viol (l1): 0.000001, Epoch time: 2.44s
Epoch 140/300, Loss: -0.3144, Obj: -0.6606, Eq Viol (l1): 0.000084, Ineq Viol (l1): 0.000001, Epoch time: 2.41s
Epoch 141/300, Loss: -0.3584, Obj: -0.6819, Eq Viol (l1): 0.000082, Ineq Viol (l1): 0.000001, Epoch time: 2.42s

Running validation at epoch 140...

VALIDATION_EPOCH_140 EVALUATION RESULTS:
==================================================
Objective Value:     -7.889180e-01
True Objective:      -2.413704e+00
Optimality Gap:      -5.540799e-01 ± 3.196241e-01
Eq Violation l1:   8.191355e-05 (max: 1.305973e-03)
Ineq Violation l1: 5.742690e-07 (max: 3.182011e-05)
Solution Distance:   1.232602e+02 ± 6.597610e-01
Merit:             -7.880931e-01 ± 6.585437e-04
Avg Inference Time:  0.0658s
==================================================
Epoch 142/300, Loss: -0.3719, Obj: -0.6904, Eq Viol (l1): 0.000073, Ineq Viol (l1): 0.000000, Epoch time: 2.46s
Epoch 143/300, Loss: -0.3595, Obj: -0.6996, Eq Viol (l1): 0.000078, Ineq Viol (l1): 0.000001, Epoch time: 2.45s
Epoch 144/300, Loss: -0.3144, Obj: -0.7022, Eq Viol (l1): 0.000084, Ineq Viol (l1): 0.000001, Epoch time: 2.42s
Epoch 145/300, Loss: -0.3293, Obj: -0.6379, Eq Viol (l1): 0.000080, Ineq Viol (l1): 0.000000, Epoch time: 2.41s
Epoch 146/300, Loss: -0.3450, Obj: -0.6718, Eq Viol (l1): 0.000084, Ineq Viol (l1): 0.000001, Epoch time: 2.41s
Epoch 147/300, Loss: -0.3510, Obj: -0.6728, Eq Viol (l1): 0.000089, Ineq Viol (l1): 0.000001, Epoch time: 2.39s
Epoch 148/300, Loss: -0.2908, Obj: -0.6453, Eq Viol (l1): 0.000079, Ineq Viol (l1): 0.000000, Epoch time: 2.44s
Epoch 149/300, Loss: -0.3413, Obj: -0.7117, Eq Viol (l1): 0.000089, Ineq Viol (l1): 0.000001, Epoch time: 2.44s
Epoch 150/300, Loss: -0.3240, Obj: -0.6560, Eq Viol (l1): 0.000075, Ineq Viol (l1): 0.000000, Epoch time: 2.45s
Epoch 151/300, Loss: -0.3454, Obj: -0.7022, Eq Viol (l1): 0.000077, Ineq Viol (l1): 0.000001, Epoch time: 2.46s

Running validation at epoch 150...

VALIDATION_EPOCH_150 EVALUATION RESULTS:
==================================================
Objective Value:     -7.268192e-01
True Objective:      -2.413704e+00
Optimality Gap:      -4.390078e-01 ± 2.961227e-01
Eq Violation l1:   6.792833e-05 (max: 1.917835e-03)
Ineq Violation l1: 4.241414e-07 (max: 3.186488e-05)
Solution Distance:   1.235865e+02 ± 6.695435e-01
Merit:             -7.261357e-01 ± 4.128162e-03
Avg Inference Time:  0.0663s
==================================================
Epoch 152/300, Loss: -0.3690, Obj: -0.7100, Eq Viol (l1): 0.000079, Ineq Viol (l1): 0.000001, Epoch time: 2.45s
Epoch 153/300, Loss: -0.3718, Obj: -0.6956, Eq Viol (l1): 0.000083, Ineq Viol (l1): 0.000001, Epoch time: 2.42s
Epoch 154/300, Loss: -0.2812, Obj: -0.6355, Eq Viol (l1): 0.000081, Ineq Viol (l1): 0.000001, Epoch time: 2.43s
Epoch 155/300, Loss: -0.3127, Obj: -0.6870, Eq Viol (l1): 0.000077, Ineq Viol (l1): 0.000001, Epoch time: 2.47s
Epoch 156/300, Loss: -0.3178, Obj: -0.6790, Eq Viol (l1): 0.000076, Ineq Viol (l1): 0.000001, Epoch time: 2.45s
Epoch 157/300, Loss: -0.4014, Obj: -0.7283, Eq Viol (l1): 0.000076, Ineq Viol (l1): 0.000001, Epoch time: 2.45s
Epoch 158/300, Loss: -0.3807, Obj: -0.7063, Eq Viol (l1): 0.000076, Ineq Viol (l1): 0.000001, Epoch time: 2.47s
Epoch 159/300, Loss: -0.3793, Obj: -0.7049, Eq Viol (l1): 0.000081, Ineq Viol (l1): 0.000001, Epoch time: 2.44s
Epoch 160/300, Loss: -0.3556, Obj: -0.6954, Eq Viol (l1): 0.000083, Ineq Viol (l1): 0.000001, Epoch time: 2.43s
Epoch 161/300, Loss: -0.3121, Obj: -0.6705, Eq Viol (l1): 0.000084, Ineq Viol (l1): 0.000001, Epoch time: 2.45s

Running validation at epoch 160...

VALIDATION_EPOCH_160 EVALUATION RESULTS:
==================================================
Objective Value:     -8.056799e-01
True Objective:      -2.413704e+00
Optimality Gap:      -4.808814e-01 ± 2.436189e-01
Eq Violation l1:   6.972586e-05 (max: 1.571444e-03)
Ineq Violation l1: 5.819393e-07 (max: 2.962971e-05)
Solution Distance:   1.229138e+02 ± 6.201781e-01
Merit:             -8.049768e-01 ± 2.460861e-03
Avg Inference Time:  0.0685s
==================================================
Epoch 162/300, Loss: -0.3327, Obj: -0.6765, Eq Viol (l1): 0.000080, Ineq Viol (l1): 0.000001, Epoch time: 2.44s
Epoch 163/300, Loss: -0.3388, Obj: -0.6752, Eq Viol (l1): 0.000090, Ineq Viol (l1): 0.000001, Epoch time: 2.39s
Epoch 164/300, Loss: -0.2818, Obj: -0.6440, Eq Viol (l1): 0.000080, Ineq Viol (l1): 0.000001, Epoch time: 2.52s
Epoch 165/300, Loss: -0.3272, Obj: -0.6838, Eq Viol (l1): 0.000085, Ineq Viol (l1): 0.000001, Epoch time: 2.43s
Epoch 166/300, Loss: -0.4152, Obj: -0.7144, Eq Viol (l1): 0.000081, Ineq Viol (l1): 0.000001, Epoch time: 2.42s
Epoch 167/300, Loss: -0.3731, Obj: -0.7089, Eq Viol (l1): 0.000077, Ineq Viol (l1): 0.000001, Epoch time: 2.45s
Epoch 168/300, Loss: -0.3922, Obj: -0.7024, Eq Viol (l1): 0.000080, Ineq Viol (l1): 0.000001, Epoch time: 2.43s
Epoch 169/300, Loss: -0.3405, Obj: -0.7023, Eq Viol (l1): 0.000083, Ineq Viol (l1): 0.000001, Epoch time: 2.44s
Epoch 170/300, Loss: -0.3719, Obj: -0.6813, Eq Viol (l1): 0.000085, Ineq Viol (l1): 0.000001, Epoch time: 2.40s
Epoch 171/300, Loss: -0.3926, Obj: -0.7131, Eq Viol (l1): 0.000080, Ineq Viol (l1): 0.000001, Epoch time: 2.44s

Running validation at epoch 170...

VALIDATION_EPOCH_170 EVALUATION RESULTS:
==================================================
Objective Value:     -8.102749e-01
True Objective:      -2.413704e+00
Optimality Gap:      -5.905696e-01 ± 3.573404e-01
Eq Violation l1:   8.159013e-05 (max: 1.495155e-03)
Ineq Violation l1: 5.634190e-07 (max: 3.371643e-05)
Solution Distance:   1.231296e+02 ± 6.460960e-01
Merit:             -8.094533e-01 ± 1.160130e-03
Avg Inference Time:  0.0662s
==================================================
Epoch 172/300, Loss: -0.3927, Obj: -0.7196, Eq Viol (l1): 0.000088, Ineq Viol (l1): 0.000001, Epoch time: 2.42s
Epoch 173/300, Loss: -0.3819, Obj: -0.7004, Eq Viol (l1): 0.000077, Ineq Viol (l1): 0.000001, Epoch time: 2.47s
Epoch 174/300, Loss: -0.3719, Obj: -0.6919, Eq Viol (l1): 0.000079, Ineq Viol (l1): 0.000001, Epoch time: 2.43s
Epoch 175/300, Loss: -0.3696, Obj: -0.7115, Eq Viol (l1): 0.000079, Ineq Viol (l1): 0.000001, Epoch time: 2.46s
Epoch 176/300, Loss: -0.3278, Obj: -0.6799, Eq Viol (l1): 0.000088, Ineq Viol (l1): 0.000001, Epoch time: 2.42s
Epoch 177/300, Loss: -0.3779, Obj: -0.7179, Eq Viol (l1): 0.000090, Ineq Viol (l1): 0.000001, Epoch time: 2.42s
Epoch 178/300, Loss: -0.3563, Obj: -0.6851, Eq Viol (l1): 0.000083, Ineq Viol (l1): 0.000001, Epoch time: 2.42s
Epoch 179/300, Loss: -0.3497, Obj: -0.6809, Eq Viol (l1): 0.000084, Ineq Viol (l1): 0.000001, Epoch time: 2.41s
Epoch 180/300, Loss: -0.3772, Obj: -0.6985, Eq Viol (l1): 0.000085, Ineq Viol (l1): 0.000001, Epoch time: 2.43s
Epoch 181/300, Loss: -0.4033, Obj: -0.6961, Eq Viol (l1): 0.000072, Ineq Viol (l1): 0.000000, Epoch time: 2.44s

Running validation at epoch 180...

VALIDATION_EPOCH_180 EVALUATION RESULTS:
==================================================
Objective Value:     -7.678070e-01
True Objective:      -2.413704e+00
Optimality Gap:      -4.753614e-01 ± 2.954390e-01
Eq Violation l1:   7.356120e-05 (max: 9.560210e-04)
Ineq Violation l1: 4.910992e-07 (max: 2.893499e-05)
Solution Distance:   1.230263e+02 ± 6.610887e-01
Merit:             -7.670664e-01 ± 2.000297e-03
Avg Inference Time:  0.0663s
==================================================
Epoch 182/300, Loss: -0.3908, Obj: -0.7067, Eq Viol (l1): 0.000077, Ineq Viol (l1): 0.000001, Epoch time: 2.45s
Epoch 183/300, Loss: -0.4442, Obj: -0.7310, Eq Viol (l1): 0.000084, Ineq Viol (l1): 0.000001, Epoch time: 2.41s
Epoch 184/300, Loss: -0.4692, Obj: -0.7477, Eq Viol (l1): 0.000081, Ineq Viol (l1): 0.000001, Epoch time: 2.43s
Epoch 185/300, Loss: -0.4169, Obj: -0.7111, Eq Viol (l1): 0.000085, Ineq Viol (l1): 0.000001, Epoch time: 2.40s
Epoch 186/300, Loss: -0.4197, Obj: -0.7100, Eq Viol (l1): 0.000079, Ineq Viol (l1): 0.000001, Epoch time: 2.42s
Epoch 187/300, Loss: -0.4130, Obj: -0.7203, Eq Viol (l1): 0.000081, Ineq Viol (l1): 0.000001, Epoch time: 2.43s
Epoch 188/300, Loss: -0.3967, Obj: -0.7032, Eq Viol (l1): 0.000078, Ineq Viol (l1): 0.000001, Epoch time: 2.42s
Epoch 189/300, Loss: -0.4024, Obj: -0.7266, Eq Viol (l1): 0.000083, Ineq Viol (l1): 0.000001, Epoch time: 2.43s
Epoch 190/300, Loss: -0.3054, Obj: -0.6953, Eq Viol (l1): 0.000093, Ineq Viol (l1): 0.000001, Epoch time: 2.43s
Epoch 191/300, Loss: -0.3980, Obj: -0.6967, Eq Viol (l1): 0.000082, Ineq Viol (l1): 0.000001, Epoch time: 2.42s

Running validation at epoch 190...

VALIDATION_EPOCH_190 EVALUATION RESULTS:
==================================================
Objective Value:     -7.657608e-01
True Objective:      -2.413704e+00
Optimality Gap:      -5.593358e-01 ± 3.543806e-01
Eq Violation l1:   6.978618e-05 (max: 1.414769e-03)
Ineq Violation l1: 4.878455e-07 (max: 3.324560e-05)
Solution Distance:   1.234630e+02 ± 6.669933e-01
Merit:             -7.650580e-01 ± 8.628905e-04
Avg Inference Time:  0.0671s
==================================================
Epoch 192/300, Loss: -0.4372, Obj: -0.7256, Eq Viol (l1): 0.000073, Ineq Viol (l1): 0.000001, Epoch time: 2.47s
Epoch 193/300, Loss: -0.3986, Obj: -0.7393, Eq Viol (l1): 0.000080, Ineq Viol (l1): 0.000001, Epoch time: 2.46s
Epoch 194/300, Loss: -0.3072, Obj: -0.6887, Eq Viol (l1): 0.000078, Ineq Viol (l1): 0.000000, Epoch time: 2.47s
Epoch 195/300, Loss: -0.4297, Obj: -0.7305, Eq Viol (l1): 0.000086, Ineq Viol (l1): 0.000001, Epoch time: 2.42s
Epoch 196/300, Loss: -0.4026, Obj: -0.7136, Eq Viol (l1): 0.000080, Ineq Viol (l1): 0.000001, Epoch time: 2.42s
Epoch 197/300, Loss: -0.4109, Obj: -0.7451, Eq Viol (l1): 0.000086, Ineq Viol (l1): 0.000001, Epoch time: 2.54s
Epoch 198/300, Loss: -0.4179, Obj: -0.7118, Eq Viol (l1): 0.000084, Ineq Viol (l1): 0.000001, Epoch time: 2.40s
Epoch 199/300, Loss: -0.3968, Obj: -0.7082, Eq Viol (l1): 0.000083, Ineq Viol (l1): 0.000001, Epoch time: 2.41s
Epoch 200/300, Loss: -0.4067, Obj: -0.7260, Eq Viol (l1): 0.000078, Ineq Viol (l1): 0.000001, Epoch time: 2.45s
Epoch 201/300, Loss: -0.3678, Obj: -0.7080, Eq Viol (l1): 0.000092, Ineq Viol (l1): 0.000001, Epoch time: 2.38s

Running validation at epoch 200...

VALIDATION_EPOCH_200 EVALUATION RESULTS:
==================================================
Objective Value:     -7.241109e-01
True Objective:      -2.413704e+00
Optimality Gap:      -4.194198e-01 ± 2.915202e-01
Eq Violation l1:   8.547294e-05 (max: 1.916791e-03)
Ineq Violation l1: 4.468517e-07 (max: 2.841683e-05)
Solution Distance:   1.235948e+02 ± 6.322025e-01
Merit:             -7.232517e-01 ± 4.858042e-03
Avg Inference Time:  0.0634s
==================================================
Epoch 202/300, Loss: -0.3970, Obj: -0.7028, Eq Viol (l1): 0.000080, Ineq Viol (l1): 0.000001, Epoch time: 2.41s
Epoch 203/300, Loss: -0.4305, Obj: -0.7316, Eq Viol (l1): 0.000089, Ineq Viol (l1): 0.000001, Epoch time: 2.40s
Epoch 204/300, Loss: -0.3911, Obj: -0.6904, Eq Viol (l1): 0.000082, Ineq Viol (l1): 0.000001, Epoch time: 2.40s
Epoch 205/300, Loss: -0.3568, Obj: -0.7096, Eq Viol (l1): 0.000091, Ineq Viol (l1): 0.000001, Epoch time: 2.41s
Epoch 206/300, Loss: -0.3390, Obj: -0.7198, Eq Viol (l1): 0.000081, Ineq Viol (l1): 0.000001, Epoch time: 2.46s
Epoch 207/300, Loss: -0.4224, Obj: -0.6985, Eq Viol (l1): 0.000075, Ineq Viol (l1): 0.000001, Epoch time: 2.42s
Epoch 208/300, Loss: -0.4515, Obj: -0.7314, Eq Viol (l1): 0.000083, Ineq Viol (l1): 0.000001, Epoch time: 2.40s
Epoch 209/300, Loss: -0.3898, Obj: -0.7007, Eq Viol (l1): 0.000081, Ineq Viol (l1): 0.000001, Epoch time: 2.41s
Epoch 210/300, Loss: -0.3999, Obj: -0.7152, Eq Viol (l1): 0.000089, Ineq Viol (l1): 0.000001, Epoch time: 2.38s
Epoch 211/300, Loss: -0.3749, Obj: -0.7127, Eq Viol (l1): 0.000084, Ineq Viol (l1): 0.000001, Epoch time: 2.42s

Running validation at epoch 210...

VALIDATION_EPOCH_210 EVALUATION RESULTS:
==================================================
Objective Value:     -6.976333e-01
True Objective:      -2.413704e+00
Optimality Gap:      -4.156770e-01 ± 3.145474e-01
Eq Violation l1:   6.364671e-05 (max: 1.669411e-03)
Ineq Violation l1: 6.571165e-07 (max: 5.099846e-05)
Solution Distance:   1.236406e+02 ± 6.995464e-01
Merit:             -6.969903e-01 ± 2.093594e-03
Avg Inference Time:  0.0658s
==================================================
Epoch 212/300, Loss: -0.3396, Obj: -0.6639, Eq Viol (l1): 0.000080, Ineq Viol (l1): 0.000001, Epoch time: 2.41s
Epoch 213/300, Loss: -0.3955, Obj: -0.7104, Eq Viol (l1): 0.000074, Ineq Viol (l1): 0.000001, Epoch time: 2.45s
Epoch 214/300, Loss: -0.3717, Obj: -0.7145, Eq Viol (l1): 0.000089, Ineq Viol (l1): 0.000001, Epoch time: 2.43s
Epoch 215/300, Loss: -0.3824, Obj: -0.7102, Eq Viol (l1): 0.000080, Ineq Viol (l1): 0.000001, Epoch time: 2.44s
Epoch 216/300, Loss: -0.3941, Obj: -0.7229, Eq Viol (l1): 0.000082, Ineq Viol (l1): 0.000001, Epoch time: 2.44s
Epoch 217/300, Loss: -0.4538, Obj: -0.7418, Eq Viol (l1): 0.000078, Ineq Viol (l1): 0.000001, Epoch time: 2.44s
Epoch 218/300, Loss: -0.4073, Obj: -0.7270, Eq Viol (l1): 0.000079, Ineq Viol (l1): 0.000001, Epoch time: 2.44s
Epoch 219/300, Loss: -0.2935, Obj: -0.6940, Eq Viol (l1): 0.000081, Ineq Viol (l1): 0.000001, Epoch time: 2.46s
Epoch 220/300, Loss: -0.3990, Obj: -0.7142, Eq Viol (l1): 0.000078, Ineq Viol (l1): 0.000000, Epoch time: 2.45s
Epoch 221/300, Loss: -0.3945, Obj: -0.7022, Eq Viol (l1): 0.000078, Ineq Viol (l1): 0.000001, Epoch time: 2.43s

Running validation at epoch 220...

VALIDATION_EPOCH_220 EVALUATION RESULTS:
==================================================
Objective Value:     -6.884039e-01
True Objective:      -2.413704e+00
Optimality Gap:      -3.395009e-01 ± 2.287161e-01
Eq Violation l1:   7.489257e-05 (max: 1.283820e-03)
Ineq Violation l1: 3.125821e-07 (max: 3.864583e-05)
Solution Distance:   1.237589e+02 ± 6.787639e-01
Merit:             -6.876518e-01 ± 5.124981e-03
Avg Inference Time:  0.0616s
==================================================
Epoch 222/300, Loss: -0.4484, Obj: -0.7299, Eq Viol (l1): 0.000077, Ineq Viol (l1): 0.000000, Epoch time: 2.42s
Epoch 223/300, Loss: -0.4224, Obj: -0.7273, Eq Viol (l1): 0.000074, Ineq Viol (l1): 0.000001, Epoch time: 2.46s
Epoch 224/300, Loss: -0.4225, Obj: -0.7345, Eq Viol (l1): 0.000087, Ineq Viol (l1): 0.000001, Epoch time: 2.42s
Epoch 225/300, Loss: -0.3671, Obj: -0.7018, Eq Viol (l1): 0.000087, Ineq Viol (l1): 0.000001, Epoch time: 2.42s
Epoch 226/300, Loss: -0.3851, Obj: -0.7074, Eq Viol (l1): 0.000081, Ineq Viol (l1): 0.000001, Epoch time: 2.42s
Epoch 227/300, Loss: -0.3620, Obj: -0.7022, Eq Viol (l1): 0.000075, Ineq Viol (l1): 0.000001, Epoch time: 2.44s
Epoch 228/300, Loss: -0.4247, Obj: -0.7527, Eq Viol (l1): 0.000087, Ineq Viol (l1): 0.000001, Epoch time: 2.45s
Epoch 229/300, Loss: -0.4081, Obj: -0.7205, Eq Viol (l1): 0.000083, Ineq Viol (l1): 0.000001, Epoch time: 2.41s
Epoch 230/300, Loss: -0.4402, Obj: -0.7317, Eq Viol (l1): 0.000077, Ineq Viol (l1): 0.000001, Epoch time: 2.43s
Epoch 231/300, Loss: -0.4033, Obj: -0.7258, Eq Viol (l1): 0.000081, Ineq Viol (l1): 0.000000, Epoch time: 2.51s

Running validation at epoch 230...

VALIDATION_EPOCH_230 EVALUATION RESULTS:
==================================================
Objective Value:     -7.914531e-01
True Objective:      -2.413704e+00
Optimality Gap:      -5.115749e-01 ± 2.991149e-01
Eq Violation l1:   7.508592e-05 (max: 9.149335e-04)
Ineq Violation l1: 5.866118e-07 (max: 5.781283e-05)
Solution Distance:   1.233307e+02 ± 6.187107e-01
Merit:             -7.906963e-01 ± 2.917989e-03
Avg Inference Time:  0.0660s
==================================================
Epoch 232/300, Loss: -0.4369, Obj: -0.7302, Eq Viol (l1): 0.000088, Ineq Viol (l1): 0.000001, Epoch time: 2.40s
Epoch 233/300, Loss: -0.4747, Obj: -0.7451, Eq Viol (l1): 0.000094, Ineq Viol (l1): 0.000001, Epoch time: 2.36s
Epoch 234/300, Loss: -0.3832, Obj: -0.6974, Eq Viol (l1): 0.000072, Ineq Viol (l1): 0.000000, Epoch time: 2.44s
Epoch 235/300, Loss: -0.4419, Obj: -0.7323, Eq Viol (l1): 0.000085, Ineq Viol (l1): 0.000001, Epoch time: 2.41s
Epoch 236/300, Loss: -0.4571, Obj: -0.7491, Eq Viol (l1): 0.000079, Ineq Viol (l1): 0.000001, Epoch time: 2.45s
Epoch 237/300, Loss: -0.4187, Obj: -0.7285, Eq Viol (l1): 0.000083, Ineq Viol (l1): 0.000001, Epoch time: 2.40s
Epoch 238/300, Loss: -0.3821, Obj: -0.7011, Eq Viol (l1): 0.000080, Ineq Viol (l1): 0.000001, Epoch time: 2.44s
Epoch 239/300, Loss: -0.4244, Obj: -0.7462, Eq Viol (l1): 0.000081, Ineq Viol (l1): 0.000001, Epoch time: 2.44s
Epoch 240/300, Loss: -0.4573, Obj: -0.7468, Eq Viol (l1): 0.000085, Ineq Viol (l1): 0.000001, Epoch time: 2.41s
Epoch 241/300, Loss: -0.4210, Obj: -0.7238, Eq Viol (l1): 0.000081, Ineq Viol (l1): 0.000001, Epoch time: 2.45s

Running validation at epoch 240...

VALIDATION_EPOCH_240 EVALUATION RESULTS:
==================================================
Objective Value:     -7.984024e-01
True Objective:      -2.413704e+00
Optimality Gap:      -5.188480e-01 ± 3.222310e-01
Eq Violation l1:   7.347346e-05 (max: 1.226672e-03)
Ineq Violation l1: 5.119175e-07 (max: 3.582693e-05)
Solution Distance:   1.233821e+02 ± 6.119697e-01
Merit:             -7.976625e-01 ± 6.620006e-04
Avg Inference Time:  0.0672s
==================================================
Epoch 242/300, Loss: -0.4152, Obj: -0.7382, Eq Viol (l1): 0.000079, Ineq Viol (l1): 0.000001, Epoch time: 2.46s
Epoch 243/300, Loss: -0.4743, Obj: -0.7487, Eq Viol (l1): 0.000085, Ineq Viol (l1): 0.000001, Epoch time: 2.40s
Epoch 244/300, Loss: -0.4791, Obj: -0.7507, Eq Viol (l1): 0.000084, Ineq Viol (l1): 0.000001, Epoch time: 2.39s
Epoch 245/300, Loss: -0.4347, Obj: -0.7251, Eq Viol (l1): 0.000077, Ineq Viol (l1): 0.000001, Epoch time: 2.44s
Epoch 246/300, Loss: -0.4733, Obj: -0.7535, Eq Viol (l1): 0.000079, Ineq Viol (l1): 0.000001, Epoch time: 2.42s
Epoch 247/300, Loss: -0.4720, Obj: -0.7410, Eq Viol (l1): 0.000088, Ineq Viol (l1): 0.000001, Epoch time: 2.37s
Epoch 248/300, Loss: -0.4811, Obj: -0.7465, Eq Viol (l1): 0.000079, Ineq Viol (l1): 0.000000, Epoch time: 2.41s
Epoch 249/300, Loss: -0.4047, Obj: -0.7138, Eq Viol (l1): 0.000082, Ineq Viol (l1): 0.000000, Epoch time: 2.42s
Epoch 250/300, Loss: -0.4269, Obj: -0.7204, Eq Viol (l1): 0.000083, Ineq Viol (l1): 0.000001, Epoch time: 2.41s
Epoch 251/300, Loss: -0.4465, Obj: -0.7348, Eq Viol (l1): 0.000077, Ineq Viol (l1): 0.000001, Epoch time: 2.43s

Running validation at epoch 250...

VALIDATION_EPOCH_250 EVALUATION RESULTS:
==================================================
Objective Value:     -8.508145e-01
True Objective:      -2.413704e+00
Optimality Gap:      -6.276052e-01 ± 3.471766e-01
Eq Violation l1:   9.102431e-05 (max: 1.209868e-03)
Ineq Violation l1: 6.714815e-07 (max: 4.031903e-05)
Solution Distance:   1.227328e+02 ± 6.361722e-01
Merit:             -8.498975e-01 ± 2.907417e-03
Avg Inference Time:  0.0675s
==================================================
Epoch 252/300, Loss: -0.4823, Obj: -0.7592, Eq Viol (l1): 0.000088, Ineq Viol (l1): 0.000001, Epoch time: 2.40s
Epoch 253/300, Loss: -0.4280, Obj: -0.7173, Eq Viol (l1): 0.000080, Ineq Viol (l1): 0.000001, Epoch time: 2.39s
Epoch 254/300, Loss: -0.4403, Obj: -0.7291, Eq Viol (l1): 0.000075, Ineq Viol (l1): 0.000001, Epoch time: 2.43s
Epoch 255/300, Loss: -0.4575, Obj: -0.7414, Eq Viol (l1): 0.000086, Ineq Viol (l1): 0.000001, Epoch time: 2.39s
Epoch 256/300, Loss: -0.4796, Obj: -0.7412, Eq Viol (l1): 0.000088, Ineq Viol (l1): 0.000001, Epoch time: 2.40s
Epoch 257/300, Loss: -0.5057, Obj: -0.7735, Eq Viol (l1): 0.000079, Ineq Viol (l1): 0.000001, Epoch time: 2.41s
Epoch 258/300, Loss: -0.4170, Obj: -0.7253, Eq Viol (l1): 0.000087, Ineq Viol (l1): 0.000001, Epoch time: 2.43s
Epoch 259/300, Loss: -0.4579, Obj: -0.7455, Eq Viol (l1): 0.000085, Ineq Viol (l1): 0.000001, Epoch time: 2.41s
Epoch 260/300, Loss: -0.4788, Obj: -0.7627, Eq Viol (l1): 0.000079, Ineq Viol (l1): 0.000001, Epoch time: 2.43s
Epoch 261/300, Loss: -0.5104, Obj: -0.7641, Eq Viol (l1): 0.000090, Ineq Viol (l1): 0.000001, Epoch time: 2.38s

Running validation at epoch 260...

VALIDATION_EPOCH_260 EVALUATION RESULTS:
==================================================
Objective Value:     -8.585855e-01
True Objective:      -2.413704e+00
Optimality Gap:      -6.291586e-01 ± 3.477720e-01
Eq Violation l1:   9.090519e-05 (max: 8.248946e-04)
Ineq Violation l1: 6.450065e-07 (max: 3.804604e-05)
Solution Distance:   1.230226e+02 ± 6.634733e-01
Merit:             -8.576700e-01 ± 2.293475e-03
Avg Inference Time:  0.0666s
==================================================
Epoch 262/300, Loss: -0.4537, Obj: -0.7434, Eq Viol (l1): 0.000092, Ineq Viol (l1): 0.000001, Epoch time: 2.40s
Epoch 263/300, Loss: -0.4645, Obj: -0.7538, Eq Viol (l1): 0.000089, Ineq Viol (l1): 0.000001, Epoch time: 2.40s
Epoch 264/300, Loss: -0.5134, Obj: -0.7674, Eq Viol (l1): 0.000087, Ineq Viol (l1): 0.000001, Epoch time: 2.49s
Epoch 265/300, Loss: -0.5079, Obj: -0.7709, Eq Viol (l1): 0.000086, Ineq Viol (l1): 0.000000, Epoch time: 2.39s
Epoch 266/300, Loss: -0.4728, Obj: -0.7368, Eq Viol (l1): 0.000083, Ineq Viol (l1): 0.000001, Epoch time: 2.42s
Epoch 267/300, Loss: -0.4169, Obj: -0.7058, Eq Viol (l1): 0.000082, Ineq Viol (l1): 0.000001, Epoch time: 2.41s
Epoch 268/300, Loss: -0.4717, Obj: -0.7535, Eq Viol (l1): 0.000081, Ineq Viol (l1): 0.000001, Epoch time: 2.43s
Epoch 269/300, Loss: -0.4095, Obj: -0.7338, Eq Viol (l1): 0.000078, Ineq Viol (l1): 0.000001, Epoch time: 2.45s
Epoch 270/300, Loss: -0.4716, Obj: -0.7504, Eq Viol (l1): 0.000084, Ineq Viol (l1): 0.000001, Epoch time: 2.41s
Epoch 271/300, Loss: -0.5034, Obj: -0.7706, Eq Viol (l1): 0.000080, Ineq Viol (l1): 0.000001, Epoch time: 2.42s

Running validation at epoch 270...

VALIDATION_EPOCH_270 EVALUATION RESULTS:
==================================================
Objective Value:     -8.525775e-01
True Objective:      -2.413704e+00
Optimality Gap:      -6.264080e-01 ± 3.377834e-01
Eq Violation l1:   8.960207e-05 (max: 2.253772e-03)
Ineq Violation l1: 5.117752e-07 (max: 1.533743e-05)
Solution Distance:   1.227101e+02 ± 6.166637e-01
Merit:             -8.516763e-01 ± 8.420887e-03
Avg Inference Time:  0.0662s
==================================================
Epoch 272/300, Loss: -0.4800, Obj: -0.7569, Eq Viol (l1): 0.000081, Ineq Viol (l1): 0.000001, Epoch time: 2.44s
Epoch 273/300, Loss: -0.4944, Obj: -0.7536, Eq Viol (l1): 0.000086, Ineq Viol (l1): 0.000001, Epoch time: 2.40s
Epoch 274/300, Loss: -0.4939, Obj: -0.7579, Eq Viol (l1): 0.000080, Ineq Viol (l1): 0.000001, Epoch time: 2.43s
Epoch 275/300, Loss: -0.4953, Obj: -0.7555, Eq Viol (l1): 0.000088, Ineq Viol (l1): 0.000001, Epoch time: 2.38s
Epoch 276/300, Loss: -0.4753, Obj: -0.7437, Eq Viol (l1): 0.000082, Ineq Viol (l1): 0.000001, Epoch time: 2.40s
Epoch 277/300, Loss: -0.4554, Obj: -0.7623, Eq Viol (l1): 0.000083, Ineq Viol (l1): 0.000001, Epoch time: 2.45s
Epoch 278/300, Loss: -0.4819, Obj: -0.7646, Eq Viol (l1): 0.000078, Ineq Viol (l1): 0.000001, Epoch time: 2.44s
Epoch 279/300, Loss: -0.4987, Obj: -0.7581, Eq Viol (l1): 0.000087, Ineq Viol (l1): 0.000001, Epoch time: 2.39s
Epoch 280/300, Loss: -0.4911, Obj: -0.7599, Eq Viol (l1): 0.000090, Ineq Viol (l1): 0.000001, Epoch time: 2.39s
Epoch 281/300, Loss: -0.4741, Obj: -0.7570, Eq Viol (l1): 0.000086, Ineq Viol (l1): 0.000001, Epoch time: 2.41s

Running validation at epoch 280...

VALIDATION_EPOCH_280 EVALUATION RESULTS:
==================================================
Objective Value:     -8.064597e-01
True Objective:      -2.413704e+00
Optimality Gap:      -6.001181e-01 ± 3.576852e-01
Eq Violation l1:   8.844396e-05 (max: 1.219076e-03)
Ineq Violation l1: 5.544210e-07 (max: 3.418606e-05)
Solution Distance:   1.230287e+02 ± 6.427165e-01
Merit:             -8.055697e-01 ± 5.007573e-03
Avg Inference Time:  0.0653s
==================================================
Epoch 282/300, Loss: -0.5040, Obj: -0.7743, Eq Viol (l1): 0.000080, Ineq Viol (l1): 0.000001, Epoch time: 2.39s
Epoch 283/300, Loss: -0.4850, Obj: -0.7463, Eq Viol (l1): 0.000085, Ineq Viol (l1): 0.000001, Epoch time: 2.37s
Epoch 284/300, Loss: -0.5429, Obj: -0.7829, Eq Viol (l1): 0.000082, Ineq Viol (l1): 0.000001, Epoch time: 2.40s
Epoch 285/300, Loss: -0.5087, Obj: -0.7685, Eq Viol (l1): 0.000079, Ineq Viol (l1): 0.000001, Epoch time: 2.42s
Epoch 286/300, Loss: -0.5237, Obj: -0.7697, Eq Viol (l1): 0.000080, Ineq Viol (l1): 0.000001, Epoch time: 2.42s
Epoch 287/300, Loss: -0.4999, Obj: -0.7582, Eq Viol (l1): 0.000086, Ineq Viol (l1): 0.000001, Epoch time: 2.39s
Epoch 288/300, Loss: -0.5025, Obj: -0.7812, Eq Viol (l1): 0.000080, Ineq Viol (l1): 0.000001, Epoch time: 2.43s
Epoch 289/300, Loss: -0.4060, Obj: -0.7212, Eq Viol (l1): 0.000092, Ineq Viol (l1): 0.000001, Epoch time: 2.38s
Epoch 290/300, Loss: -0.3973, Obj: -0.7231, Eq Viol (l1): 0.000083, Ineq Viol (l1): 0.000001, Epoch time: 2.43s
Epoch 291/300, Loss: -0.4785, Obj: -0.7452, Eq Viol (l1): 0.000096, Ineq Viol (l1): 0.000001, Epoch time: 2.36s

Running validation at epoch 290...

VALIDATION_EPOCH_290 EVALUATION RESULTS:
==================================================
Objective Value:     -7.849012e-01
True Objective:      -2.413704e+00
Optimality Gap:      -5.465594e-01 ± 3.094117e-01
Eq Violation l1:   1.124183e-04 (max: 9.863674e-04)
Ineq Violation l1: 8.788650e-07 (max: 5.371597e-05)
Solution Distance:   1.234384e+02 ± 6.201827e-01
Merit:             -7.837683e-01 ± 5.229637e-03
Avg Inference Time:  0.0638s
==================================================
Epoch 292/300, Loss: -0.4617, Obj: -0.7449, Eq Viol (l1): 0.000085, Ineq Viol (l1): 0.000001, Epoch time: 2.40s
Epoch 293/300, Loss: -0.4702, Obj: -0.7580, Eq Viol (l1): 0.000082, Ineq Viol (l1): 0.000001, Epoch time: 2.41s
Epoch 294/300, Loss: -0.5350, Obj: -0.7630, Eq Viol (l1): 0.000083, Ineq Viol (l1): 0.000001, Epoch time: 2.38s
Epoch 295/300, Loss: -0.4764, Obj: -0.7574, Eq Viol (l1): 0.000092, Ineq Viol (l1): 0.000001, Epoch time: 2.40s
Epoch 296/300, Loss: -0.4866, Obj: -0.7583, Eq Viol (l1): 0.000080, Ineq Viol (l1): 0.000001, Epoch time: 2.43s
Epoch 297/300, Loss: -0.5288, Obj: -0.7756, Eq Viol (l1): 0.000082, Ineq Viol (l1): 0.000001, Epoch time: 2.52s
Epoch 298/300, Loss: -0.4197, Obj: -0.7089, Eq Viol (l1): 0.000079, Ineq Viol (l1): 0.000001, Epoch time: 2.40s
Epoch 299/300, Loss: -0.4299, Obj: -0.7481, Eq Viol (l1): 0.000091, Ineq Viol (l1): 0.000001, Epoch time: 2.40s
Epoch 300/300, Loss: -0.5028, Obj: -0.7641, Eq Viol (l1): 0.000091, Ineq Viol (l1): 0.000001, Epoch time: 2.42s

Training completed in 744.85 seconds.

============================================================
COMPREHENSIVE TEST EVALUATION WITH DETAILED RESULTS
============================================================
Testing with batch sizes: [256, 512]

Evaluating with batch size: 256 (with detailed results)

TEST_BS256 EVALUATION RESULTS:
==================================================
Objective Value:     -7.582538e-01
True Objective:      -2.409220e+00
Optimality Gap:      -9.424964e-02 ± 1.563522e+00
Eq Violation l1:   9.347950e-05 (max: 9.068874e-04)
Ineq Violation l1: 6.425174e-07 (max: 2.465675e-05)
Solution Distance:   1.248337e+02 ± 1.998965e+00
Merit:             -7.573126e-01 ± 6.119458e-02
Avg Inference Time:  0.0558s
==================================================

Evaluating with batch size: 512 (with detailed results)

TEST_BS512 EVALUATION RESULTS:
==================================================
Objective Value:     -7.565837e-01
True Objective:      -2.408634e+00
Optimality Gap:      -1.043500e-01 ± 1.191600e+00
Eq Violation l1:   9.101808e-05 (max: 1.281396e-03)
Ineq Violation l1: 6.258128e-07 (max: 3.657641e-05)
Solution Distance:   1.247918e+02 ± 1.274032e+00
Merit:             -7.556673e-01 ± 5.508546e-02
Avg Inference Time:  0.0631s
==================================================

TEST BATCH SIZE COMPARISON:
================================================================================
Batch Size   Objective    Opt Gap      Eq Viol      Ineq Viol    Time (s)  
--------------------------------------------------------------------------------
256          -7.5825e-01  -9.4250e-02  9.3479e-05   6.4252e-07   0.45      
512          -7.5658e-01  -1.0435e-01  9.1018e-05   6.2581e-07   0.25      
================================================================================

Saving model and results to: results/nonsmooth_nonconvex/socp/SOCPProblem-100-50-50-10000/20260108-050552_MLP_FSNet_seed3_nepochs300_lr0.0002_trainsize7000_finetune_20260108-031614_model_420
✓ Model saved: results/nonsmooth_nonconvex/socp/SOCPProblem-100-50-50-10000/20260108-050552_MLP_FSNet_seed3_nepochs300_lr0.0002_trainsize7000_finetune_20260108-031614_model_420/model.pt
✓ Detailed results saved: results/nonsmooth_nonconvex/socp/SOCPProblem-100-50-50-10000/20260108-050552_MLP_FSNet_seed3_nepochs300_lr0.0002_trainsize7000_finetune_20260108-031614_model_420/results.pkl

Files saved (or attempted):
  - model.pt (model weights and architecture)
  - results.pkl (training history, metrics, detailed test results)
Training and testing completed in 747.43 seconds
Done!!!
============================================================
==========         =====================         ===========
==========   3      =====================         ===========
==========         =====================         ===========
============================================================
