==============================================
 Job started at: 2026-01-15 14:37:10
 Job ID: 8101061
 Node: node3203
==============================================

======= Running for problem: nonsmooth_nonconvex/socp =======

Loading problem instance: nonsmooth_nonconvex/socp with size [100, 50, 50, 10000]
Loading  dataset from: datasets/nonsmooth_nonconvex/socp/random2025_socp_dataset_var100_ineq50_eq50_ex10000_maxt0.5_ready 

Running on:  cuda
Training model using sup_pen method with seed 0 for 1000 epochs
Using batch size: 256

lr: 0.0001, weight_decay: 0.001, num_epochs: 1000

Epoch 1/1000, Loss: 176657.3891, Obj: 0.0537, Eq Viol (l1): 26.731872, Ineq Viol (l1): 888.810289, Epoch time: 1.33s

Running validation at epoch 0...

VALIDATION_EPOCH_0 EVALUATION RESULTS:
==================================================
Obj:     5.389022e-02
Opt Gap:      7.753209e-01 ± 4.224615e-02
Eq Vio l1:   2.662147e+01 (max: 3.389891e+01)
Ineq Vio l1: 8.887237e+02 (max: 8.892806e+02)
Sol Dis:   1.637965e+02 ± 6.640423e-01
Merit:             9.153506e+03 ± 1.340670e+00
Avg Inf Time:  0.0002s
==================================================
✓ Model saved: results/nonsmooth_nonconvex/socp/SOCPProblem-100-50-50-10000/20260115-143717_MLP_sup_pen_seed0_nepochs1000_lr0.0001_trainsize3000_subopt_3_0.5/model_0.pt
Epoch 2/1000, Loss: 176231.1807, Obj: 0.0757, Eq Viol (l1): 26.758543, Ineq Viol (l1): 887.805002, Epoch time: 0.10s
Epoch 3/1000, Loss: 174953.0308, Obj: 0.1430, Eq Viol (l1): 26.922020, Ineq Viol (l1): 884.755663, Epoch time: 0.19s
Epoch 4/1000, Loss: 171989.0195, Obj: 0.2991, Eq Viol (l1): 27.886093, Ineq Viol (l1): 877.480266, Epoch time: 0.10s
Epoch 5/1000, Loss: 162478.0928, Obj: 0.7916, Eq Viol (l1): 34.549538, Ineq Viol (l1): 852.570038, Epoch time: 0.10s
Epoch 6/1000, Loss: 117044.9827, Obj: 3.1584, Eq Viol (l1): 76.061345, Ineq Viol (l1): 704.965527, Epoch time: 0.10s
Epoch 7/1000, Loss: 29316.2656, Obj: 15.5148, Eq Viol (l1): 217.376705, Ineq Viol (l1): 142.306164, Epoch time: 0.10s
Epoch 8/1000, Loss: 14855.6056, Obj: 21.9772, Eq Viol (l1): 206.659476, Ineq Viol (l1): 20.671193, Epoch time: 0.10s
Epoch 9/1000, Loss: 6057.7658, Obj: 19.1786, Eq Viol (l1): 114.478471, Ineq Viol (l1): 49.812114, Epoch time: 0.10s
Epoch 10/1000, Loss: 2459.2171, Obj: 21.4303, Eq Viol (l1): 80.348741, Ineq Viol (l1): 22.111055, Epoch time: 0.10s
Epoch 11/1000, Loss: 977.0015, Obj: 22.9986, Eq Viol (l1): 49.690923, Ineq Viol (l1): 11.809630, Epoch time: 0.10s

Running validation at epoch 10...

VALIDATION_EPOCH_10 EVALUATION RESULTS:
==================================================
Obj:     2.324476e+01
Opt Gap:      4.098161e+01 ± 1.543100e+01
Eq Vio l1:   3.598669e+01 (max: 4.616814e+01)
Ineq Vio l1: 6.376929e+00 (max: 1.672113e+01)
Sol Dis:   2.376179e+02 ± 1.073384e+00
Merit:             4.468809e+02 ± 1.281448e+00
Avg Inf Time:  0.0002s
==================================================
✓ Model saved: results/nonsmooth_nonconvex/socp/SOCPProblem-100-50-50-10000/20260115-143717_MLP_sup_pen_seed0_nepochs1000_lr0.0001_trainsize3000_subopt_3_0.5/model_10.pt
Epoch 12/1000, Loss: 325.3015, Obj: 23.8339, Eq Viol (l1): 30.879846, Ineq Viol (l1): 4.311726, Epoch time: 0.10s
Epoch 13/1000, Loss: 197.3194, Obj: 24.9945, Eq Viol (l1): 25.842862, Ineq Viol (l1): 1.145577, Epoch time: 0.10s
Epoch 14/1000, Loss: 165.8680, Obj: 25.5852, Eq Viol (l1): 24.100766, Ineq Viol (l1): 0.243617, Epoch time: 0.10s
Epoch 15/1000, Loss: 146.0892, Obj: 24.6483, Eq Viol (l1): 22.583436, Ineq Viol (l1): 0.106849, Epoch time: 0.10s
Epoch 16/1000, Loss: 125.4634, Obj: 24.0395, Eq Viol (l1): 20.791714, Ineq Viol (l1): 0.110314, Epoch time: 0.10s
Epoch 17/1000, Loss: 105.4092, Obj: 23.7042, Eq Viol (l1): 18.823649, Ineq Viol (l1): 0.104553, Epoch time: 0.10s
Epoch 18/1000, Loss: 88.2802, Obj: 23.6230, Eq Viol (l1): 16.985625, Ineq Viol (l1): 0.116880, Epoch time: 0.10s
Epoch 19/1000, Loss: 73.5333, Obj: 23.5101, Eq Viol (l1): 15.314670, Ineq Viol (l1): 0.122673, Epoch time: 0.10s
Epoch 20/1000, Loss: 61.4129, Obj: 23.7923, Eq Viol (l1): 13.892539, Ineq Viol (l1): 0.098717, Epoch time: 0.10s
Epoch 21/1000, Loss: 50.9772, Obj: 23.7700, Eq Viol (l1): 12.556912, Ineq Viol (l1): 0.104314, Epoch time: 0.10s

Running validation at epoch 20...

VALIDATION_EPOCH_20 EVALUATION RESULTS:
==================================================
Obj:     2.366216e+01
Opt Gap:      4.180824e+01 ± 1.575902e+01
Eq Vio l1:   9.682685e+00 (max: 1.508565e+01)
Ineq Vio l1: 2.874740e-02 (max: 1.214235e+00)
Sol Dis:   2.401129e+02 ± 1.344580e+00
Merit:             1.207765e+02 ± 4.361927e-01
Avg Inf Time:  0.0002s
==================================================
✓ Model saved: results/nonsmooth_nonconvex/socp/SOCPProblem-100-50-50-10000/20260115-143717_MLP_sup_pen_seed0_nepochs1000_lr0.0001_trainsize3000_subopt_3_0.5/model_20.pt
Epoch 22/1000, Loss: 42.9570, Obj: 23.8084, Eq Viol (l1): 11.468729, Ineq Viol (l1): 0.095722, Epoch time: 0.10s
Epoch 23/1000, Loss: 36.3810, Obj: 23.9469, Eq Viol (l1): 10.499312, Ineq Viol (l1): 0.092634, Epoch time: 0.10s
Epoch 24/1000, Loss: 31.8365, Obj: 24.1590, Eq Viol (l1): 9.781654, Ineq Viol (l1): 0.090920, Epoch time: 0.10s
Epoch 25/1000, Loss: 27.4111, Obj: 23.9657, Eq Viol (l1): 9.046162, Ineq Viol (l1): 0.088731, Epoch time: 0.10s
Epoch 26/1000, Loss: 24.6916, Obj: 24.3464, Eq Viol (l1): 8.567454, Ineq Viol (l1): 0.081038, Epoch time: 0.10s
Epoch 27/1000, Loss: 22.0769, Obj: 24.2107, Eq Viol (l1): 8.046751, Ineq Viol (l1): 0.084615, Epoch time: 0.10s
Epoch 28/1000, Loss: 20.1490, Obj: 24.2793, Eq Viol (l1): 7.676350, Ineq Viol (l1): 0.078855, Epoch time: 0.10s
Epoch 29/1000, Loss: 18.7066, Obj: 24.6883, Eq Viol (l1): 7.361056, Ineq Viol (l1): 0.072801, Epoch time: 0.10s
Epoch 30/1000, Loss: 17.7028, Obj: 24.5230, Eq Viol (l1): 7.142738, Ineq Viol (l1): 0.082029, Epoch time: 0.10s
Epoch 31/1000, Loss: 17.1410, Obj: 24.6916, Eq Viol (l1): 7.029447, Ineq Viol (l1): 0.063839, Epoch time: 0.10s

Running validation at epoch 30...

VALIDATION_EPOCH_30 EVALUATION RESULTS:
==================================================
Obj:     2.456548e+01
Opt Gap:      4.381963e+01 ± 1.654609e+01
Eq Vio l1:   2.585700e+00 (max: 4.040619e+00)
Ineq Vio l1: 2.787011e-02 (max: 1.102558e+00)
Sol Dis:   2.450443e+02 ± 1.197731e+00
Merit:             5.070119e+01 ± 1.784336e-01
Avg Inf Time:  0.0002s
==================================================
✓ Model saved: results/nonsmooth_nonconvex/socp/SOCPProblem-100-50-50-10000/20260115-143717_MLP_sup_pen_seed0_nepochs1000_lr0.0001_trainsize3000_subopt_3_0.5/model_30.pt
Epoch 32/1000, Loss: 16.1854, Obj: 24.5963, Eq Viol (l1): 6.804590, Ineq Viol (l1): 0.068397, Epoch time: 0.10s
Epoch 33/1000, Loss: 16.5424, Obj: 25.8210, Eq Viol (l1): 6.895722, Ineq Viol (l1): 0.053224, Epoch time: 0.10s
Epoch 34/1000, Loss: 15.5764, Obj: 24.6069, Eq Viol (l1): 6.675975, Ineq Viol (l1): 0.064171, Epoch time: 0.10s
Epoch 35/1000, Loss: 14.9234, Obj: 24.5569, Eq Viol (l1): 6.543232, Ineq Viol (l1): 0.052382, Epoch time: 0.10s
Epoch 36/1000, Loss: 14.7568, Obj: 24.6545, Eq Viol (l1): 6.497602, Ineq Viol (l1): 0.049578, Epoch time: 0.10s
Epoch 37/1000, Loss: 15.0454, Obj: 25.7087, Eq Viol (l1): 6.549178, Ineq Viol (l1): 0.051547, Epoch time: 0.10s
Epoch 38/1000, Loss: 14.3765, Obj: 25.3386, Eq Viol (l1): 6.396172, Ineq Viol (l1): 0.049896, Epoch time: 0.10s
Epoch 39/1000, Loss: 13.9686, Obj: 25.2670, Eq Viol (l1): 6.315572, Ineq Viol (l1): 0.049199, Epoch time: 0.10s
Epoch 40/1000, Loss: 13.4125, Obj: 24.8204, Eq Viol (l1): 6.179910, Ineq Viol (l1): 0.043910, Epoch time: 0.10s
Epoch 41/1000, Loss: 12.9585, Obj: 24.4203, Eq Viol (l1): 6.061177, Ineq Viol (l1): 0.044361, Epoch time: 0.10s

Running validation at epoch 40...

VALIDATION_EPOCH_40 EVALUATION RESULTS:
==================================================
Obj:     2.468322e+01
Opt Gap:      4.349486e+01 ± 1.608925e+01
Eq Vio l1:   2.321645e+00 (max: 3.699019e+00)
Ineq Vio l1: 1.279441e-02 (max: 9.684627e-01)
Sol Dis:   2.449407e+02 ± 1.142584e+00
Merit:             4.802761e+01 ± 1.102394e-01
Avg Inf Time:  0.0002s
==================================================
✓ Model saved: results/nonsmooth_nonconvex/socp/SOCPProblem-100-50-50-10000/20260115-143717_MLP_sup_pen_seed0_nepochs1000_lr0.0001_trainsize3000_subopt_3_0.5/model_40.pt
Epoch 42/1000, Loss: 12.8165, Obj: 24.7767, Eq Viol (l1): 6.027947, Ineq Viol (l1): 0.039006, Epoch time: 0.10s
Epoch 43/1000, Loss: 12.6015, Obj: 24.9399, Eq Viol (l1): 5.958063, Ineq Viol (l1): 0.040271, Epoch time: 0.10s
Epoch 44/1000, Loss: 12.8373, Obj: 25.9583, Eq Viol (l1): 6.016126, Ineq Viol (l1): 0.038450, Epoch time: 0.10s
Epoch 45/1000, Loss: 12.2132, Obj: 24.8511, Eq Viol (l1): 5.865887, Ineq Viol (l1): 0.040335, Epoch time: 0.10s
Epoch 46/1000, Loss: 11.9307, Obj: 25.0325, Eq Viol (l1): 5.799930, Ineq Viol (l1): 0.032269, Epoch time: 0.10s
Epoch 47/1000, Loss: 11.5753, Obj: 24.5563, Eq Viol (l1): 5.719455, Ineq Viol (l1): 0.034912, Epoch time: 0.10s
Epoch 48/1000, Loss: 11.4823, Obj: 25.0190, Eq Viol (l1): 5.688334, Ineq Viol (l1): 0.029922, Epoch time: 0.10s
Epoch 49/1000, Loss: 11.2500, Obj: 24.5803, Eq Viol (l1): 5.616701, Ineq Viol (l1): 0.036743, Epoch time: 0.10s
Epoch 50/1000, Loss: 11.1270, Obj: 24.8078, Eq Viol (l1): 5.573895, Ineq Viol (l1): 0.035757, Epoch time: 0.10s
Epoch 51/1000, Loss: 11.1322, Obj: 25.3961, Eq Viol (l1): 5.589445, Ineq Viol (l1): 0.028125, Epoch time: 0.10s

Running validation at epoch 50...

VALIDATION_EPOCH_50 EVALUATION RESULTS:
==================================================
Obj:     2.492462e+01
Opt Gap:      4.434251e+01 ± 1.701674e+01
Eq Vio l1:   2.166671e+00 (max: 3.323418e+00)
Ineq Vio l1: 1.341060e-02 (max: 1.929222e+00)
Sol Dis:   2.458953e+02 ± 1.307439e+00
Merit:             4.672544e+01 ± 3.266175e-02
Avg Inf Time:  0.0002s
==================================================
✓ Model saved: results/nonsmooth_nonconvex/socp/SOCPProblem-100-50-50-10000/20260115-143717_MLP_sup_pen_seed0_nepochs1000_lr0.0001_trainsize3000_subopt_3_0.5/model_50.pt
Epoch 52/1000, Loss: 10.7469, Obj: 24.8037, Eq Viol (l1): 5.469857, Ineq Viol (l1): 0.034421, Epoch time: 0.10s
Epoch 53/1000, Loss: 10.6202, Obj: 24.9253, Eq Viol (l1): 5.444296, Ineq Viol (l1): 0.031301, Epoch time: 0.10s
Epoch 54/1000, Loss: 10.3990, Obj: 24.8757, Eq Viol (l1): 5.378087, Ineq Viol (l1): 0.028047, Epoch time: 0.10s
Epoch 55/1000, Loss: 10.2163, Obj: 24.6468, Eq Viol (l1): 5.338045, Ineq Viol (l1): 0.028407, Epoch time: 0.10s
Epoch 56/1000, Loss: 9.9195, Obj: 24.4611, Eq Viol (l1): 5.249208, Ineq Viol (l1): 0.026426, Epoch time: 0.10s
Epoch 57/1000, Loss: 10.1854, Obj: 25.6832, Eq Viol (l1): 5.303396, Ineq Viol (l1): 0.030196, Epoch time: 0.10s
Epoch 58/1000, Loss: 9.9081, Obj: 25.2068, Eq Viol (l1): 5.225903, Ineq Viol (l1): 0.031995, Epoch time: 0.10s
Epoch 59/1000, Loss: 9.7619, Obj: 25.1857, Eq Viol (l1): 5.194514, Ineq Viol (l1): 0.025066, Epoch time: 0.10s
Epoch 60/1000, Loss: 9.6914, Obj: 25.0907, Eq Viol (l1): 5.171690, Ineq Viol (l1): 0.028484, Epoch time: 0.10s
Epoch 61/1000, Loss: 9.7950, Obj: 26.0886, Eq Viol (l1): 5.179895, Ineq Viol (l1): 0.027100, Epoch time: 0.10s

Running validation at epoch 60...

VALIDATION_EPOCH_60 EVALUATION RESULTS:
==================================================
Obj:     2.573425e+01
Opt Gap:      4.611698e+01 ± 1.753540e+01
Eq Vio l1:   1.939097e+00 (max: 3.295161e+00)
Ineq Vio l1: 2.748707e-02 (max: 3.164838e+00)
Sol Dis:   2.503244e+02 ± 1.384858e+00
Merit:             4.540009e+01 ± 2.566528e-01
Avg Inf Time:  0.0002s
==================================================
✓ Model saved: results/nonsmooth_nonconvex/socp/SOCPProblem-100-50-50-10000/20260115-143717_MLP_sup_pen_seed0_nepochs1000_lr0.0001_trainsize3000_subopt_3_0.5/model_60.pt
Epoch 62/1000, Loss: 9.8962, Obj: 26.9352, Eq Viol (l1): 5.199040, Ineq Viol (l1): 0.029525, Epoch time: 0.10s
Epoch 63/1000, Loss: 10.0458, Obj: 26.7096, Eq Viol (l1): 5.189196, Ineq Viol (l1): 0.044401, Epoch time: 0.10s
Epoch 64/1000, Loss: 9.9066, Obj: 27.4034, Eq Viol (l1): 5.182893, Ineq Viol (l1): 0.035467, Epoch time: 0.10s
Epoch 65/1000, Loss: 9.3722, Obj: 26.1725, Eq Viol (l1): 5.062115, Ineq Viol (l1): 0.022962, Epoch time: 0.10s
Epoch 66/1000, Loss: 9.1516, Obj: 25.7577, Eq Viol (l1): 4.999723, Ineq Viol (l1): 0.024276, Epoch time: 0.10s
Epoch 67/1000, Loss: 8.9576, Obj: 25.6403, Eq Viol (l1): 4.948667, Ineq Viol (l1): 0.020953, Epoch time: 0.10s
Epoch 68/1000, Loss: 8.9117, Obj: 25.5479, Eq Viol (l1): 4.911225, Ineq Viol (l1): 0.025402, Epoch time: 0.10s
Epoch 69/1000, Loss: 9.0227, Obj: 26.3756, Eq Viol (l1): 4.940789, Ineq Viol (l1): 0.027989, Epoch time: 0.10s
Epoch 70/1000, Loss: 9.7365, Obj: 27.5327, Eq Viol (l1): 5.007966, Ineq Viol (l1): 0.047983, Epoch time: 0.10s
Epoch 71/1000, Loss: 9.7064, Obj: 26.6691, Eq Viol (l1): 4.935495, Ineq Viol (l1): 0.064767, Epoch time: 0.10s

Running validation at epoch 70...

VALIDATION_EPOCH_70 EVALUATION RESULTS:
==================================================
Obj:     2.728688e+01
Opt Gap:      4.641095e+01 ± 1.608996e+01
Eq Vio l1:   2.013250e+00 (max: 3.452999e+00)
Ineq Vio l1: 6.396607e-03 (max: 8.875326e-01)
Sol Dis:   2.582752e+02 ± 9.480813e-01
Merit:             4.748335e+01 ± 1.885754e-01
Avg Inf Time:  0.0002s
==================================================
✓ Model saved: results/nonsmooth_nonconvex/socp/SOCPProblem-100-50-50-10000/20260115-143717_MLP_sup_pen_seed0_nepochs1000_lr0.0001_trainsize3000_subopt_3_0.5/model_70.pt
Epoch 72/1000, Loss: 9.2652, Obj: 28.7132, Eq Viol (l1): 5.014472, Ineq Viol (l1): 0.023568, Epoch time: 0.10s
Epoch 73/1000, Loss: 8.6739, Obj: 25.7924, Eq Viol (l1): 4.839675, Ineq Viol (l1): 0.026874, Epoch time: 0.10s
Epoch 74/1000, Loss: 8.3266, Obj: 25.5271, Eq Viol (l1): 4.752873, Ineq Viol (l1): 0.016365, Epoch time: 0.10s
Epoch 75/1000, Loss: 8.1130, Obj: 24.9049, Eq Viol (l1): 4.667231, Ineq Viol (l1): 0.020776, Epoch time: 0.10s
Epoch 76/1000, Loss: 8.3399, Obj: 26.2802, Eq Viol (l1): 4.746807, Ineq Viol (l1): 0.014077, Epoch time: 0.10s
Epoch 77/1000, Loss: 8.0544, Obj: 24.7953, Eq Viol (l1): 4.656557, Ineq Viol (l1): 0.024256, Epoch time: 0.10s
Epoch 78/1000, Loss: 7.8181, Obj: 24.9349, Eq Viol (l1): 4.598586, Ineq Viol (l1): 0.014040, Epoch time: 0.10s
Epoch 79/1000, Loss: 7.7101, Obj: 24.2505, Eq Viol (l1): 4.559937, Ineq Viol (l1): 0.016867, Epoch time: 0.10s
Epoch 80/1000, Loss: 7.6197, Obj: 24.0443, Eq Viol (l1): 4.513249, Ineq Viol (l1): 0.023098, Epoch time: 0.10s
Epoch 81/1000, Loss: 7.7097, Obj: 25.2127, Eq Viol (l1): 4.553417, Ineq Viol (l1): 0.012606, Epoch time: 0.10s

Running validation at epoch 80...

VALIDATION_EPOCH_80 EVALUATION RESULTS:
==================================================
Obj:     2.513582e+01
Opt Gap:      4.594009e+01 ± 1.855150e+01
Eq Vio l1:   1.763124e+00 (max: 2.736062e+00)
Ineq Vio l1: 1.084875e-02 (max: 1.169700e+00)
Sol Dis:   2.465857e+02 ± 9.905569e-01
Merit:             4.287554e+01 ± 2.195093e-01
Avg Inf Time:  0.0002s
==================================================
✓ Model saved: results/nonsmooth_nonconvex/socp/SOCPProblem-100-50-50-10000/20260115-143717_MLP_sup_pen_seed0_nepochs1000_lr0.0001_trainsize3000_subopt_3_0.5/model_80.pt
Epoch 82/1000, Loss: 7.8300, Obj: 25.4504, Eq Viol (l1): 4.545530, Ineq Viol (l1): 0.025384, Epoch time: 0.10s
Epoch 83/1000, Loss: 8.0783, Obj: 27.4641, Eq Viol (l1): 4.610412, Ineq Viol (l1): 0.024475, Epoch time: 0.10s
Epoch 84/1000, Loss: 8.0413, Obj: 26.8196, Eq Viol (l1): 4.581479, Ineq Viol (l1): 0.025345, Epoch time: 0.10s
Epoch 85/1000, Loss: 7.9918, Obj: 26.5687, Eq Viol (l1): 4.593597, Ineq Viol (l1): 0.027376, Epoch time: 0.10s
Epoch 86/1000, Loss: 7.7174, Obj: 26.8377, Eq Viol (l1): 4.533638, Ineq Viol (l1): 0.013562, Epoch time: 0.10s
Epoch 87/1000, Loss: 7.5177, Obj: 25.8461, Eq Viol (l1): 4.469204, Ineq Viol (l1): 0.016599, Epoch time: 0.10s
Epoch 88/1000, Loss: 7.3453, Obj: 25.8075, Eq Viol (l1): 4.403698, Ineq Viol (l1): 0.018483, Epoch time: 0.10s
Epoch 89/1000, Loss: 7.3975, Obj: 25.5413, Eq Viol (l1): 4.398088, Ineq Viol (l1): 0.023433, Epoch time: 0.10s
Epoch 90/1000, Loss: 7.4728, Obj: 26.9587, Eq Viol (l1): 4.444641, Ineq Viol (l1): 0.017106, Epoch time: 0.10s
Epoch 91/1000, Loss: 7.1119, Obj: 25.4716, Eq Viol (l1): 4.331598, Ineq Viol (l1): 0.015278, Epoch time: 0.10s

Running validation at epoch 90...

VALIDATION_EPOCH_90 EVALUATION RESULTS:
==================================================
Obj:     2.560430e+01
Opt Gap:      4.440992e+01 ± 1.610174e+01
Eq Vio l1:   1.750352e+00 (max: 2.772072e+00)
Ineq Vio l1: 1.271351e-03 (max: 1.539519e-01)
Sol Dis:   2.489876e+02 ± 1.331650e+00
Merit:             4.312054e+01 ± 9.809185e-02
Avg Inf Time:  0.0002s
==================================================
✓ Model saved: results/nonsmooth_nonconvex/socp/SOCPProblem-100-50-50-10000/20260115-143717_MLP_sup_pen_seed0_nepochs1000_lr0.0001_trainsize3000_subopt_3_0.5/model_90.pt
Epoch 92/1000, Loss: 7.0015, Obj: 25.0374, Eq Viol (l1): 4.302853, Ineq Viol (l1): 0.013583, Epoch time: 0.10s
Epoch 93/1000, Loss: 6.9540, Obj: 24.7011, Eq Viol (l1): 4.286423, Ineq Viol (l1): 0.014511, Epoch time: 0.10s
Epoch 94/1000, Loss: 6.8115, Obj: 24.5079, Eq Viol (l1): 4.230222, Ineq Viol (l1): 0.017450, Epoch time: 0.10s
Epoch 95/1000, Loss: 6.7748, Obj: 24.5319, Eq Viol (l1): 4.229145, Ineq Viol (l1): 0.013167, Epoch time: 0.10s
Epoch 96/1000, Loss: 6.5811, Obj: 23.9959, Eq Viol (l1): 4.163565, Ineq Viol (l1): 0.013625, Epoch time: 0.10s
Epoch 97/1000, Loss: 6.5714, Obj: 24.2406, Eq Viol (l1): 4.147967, Ineq Viol (l1): 0.014365, Epoch time: 0.10s
Epoch 98/1000, Loss: 6.5631, Obj: 24.4553, Eq Viol (l1): 4.143059, Ineq Viol (l1): 0.012827, Epoch time: 0.10s
Epoch 99/1000, Loss: 6.5154, Obj: 24.4741, Eq Viol (l1): 4.125822, Ineq Viol (l1): 0.015263, Epoch time: 0.10s
Epoch 100/1000, Loss: 6.6117, Obj: 25.2353, Eq Viol (l1): 4.144829, Ineq Viol (l1): 0.014819, Epoch time: 0.10s
Epoch 101/1000, Loss: 6.7308, Obj: 26.0210, Eq Viol (l1): 4.171786, Ineq Viol (l1): 0.020990, Epoch time: 0.10s

Running validation at epoch 100...

VALIDATION_EPOCH_100 EVALUATION RESULTS:
==================================================
Obj:     2.543123e+01
Opt Gap:      4.468068e+01 ± 1.712705e+01
Eq Vio l1:   1.690197e+00 (max: 2.575883e+00)
Ineq Vio l1: 5.235720e-03 (max: 5.150748e-01)
Sol Dis:   2.479179e+02 ± 1.622714e+00
Merit:             4.238556e+01 ± 1.338268e-01
Avg Inf Time:  0.0002s
==================================================
✓ Model saved: results/nonsmooth_nonconvex/socp/SOCPProblem-100-50-50-10000/20260115-143717_MLP_sup_pen_seed0_nepochs1000_lr0.0001_trainsize3000_subopt_3_0.5/model_100.pt
Epoch 102/1000, Loss: 6.7290, Obj: 25.6999, Eq Viol (l1): 4.143605, Ineq Viol (l1): 0.021906, Epoch time: 0.10s
Epoch 103/1000, Loss: 6.8334, Obj: 26.6316, Eq Viol (l1): 4.184929, Ineq Viol (l1): 0.024038, Epoch time: 0.10s
Epoch 104/1000, Loss: 6.5068, Obj: 25.5159, Eq Viol (l1): 4.102818, Ineq Viol (l1): 0.013191, Epoch time: 0.10s
Epoch 105/1000, Loss: 6.4658, Obj: 25.3170, Eq Viol (l1): 4.081526, Ineq Viol (l1): 0.014571, Epoch time: 0.10s
Epoch 106/1000, Loss: 6.6747, Obj: 26.6242, Eq Viol (l1): 4.118092, Ineq Viol (l1): 0.019889, Epoch time: 0.10s
Epoch 107/1000, Loss: 6.6890, Obj: 27.2892, Eq Viol (l1): 4.142827, Ineq Viol (l1): 0.019801, Epoch time: 0.10s
Epoch 108/1000, Loss: 6.2841, Obj: 24.9239, Eq Viol (l1): 4.035694, Ineq Viol (l1): 0.013334, Epoch time: 0.10s
Epoch 109/1000, Loss: 6.0584, Obj: 24.3422, Eq Viol (l1): 3.957923, Ineq Viol (l1): 0.011464, Epoch time: 0.10s
Epoch 110/1000, Loss: 6.0546, Obj: 24.3778, Eq Viol (l1): 3.951003, Ineq Viol (l1): 0.011994, Epoch time: 0.10s
Epoch 111/1000, Loss: 5.9927, Obj: 24.2708, Eq Viol (l1): 3.926767, Ineq Viol (l1): 0.011585, Epoch time: 0.10s

Running validation at epoch 110...

VALIDATION_EPOCH_110 EVALUATION RESULTS:
==================================================
Obj:     2.435634e+01
Opt Gap:      4.235661e+01 ± 1.506259e+01
Eq Vio l1:   1.515448e+00 (max: 2.408792e+00)
Ineq Vio l1: 4.170856e-04 (max: 8.901808e-02)
Sol Dis:   2.420217e+02 ± 1.382110e+00
Merit:             3.951498e+01 ± 1.074240e-01
Avg Inf Time:  0.0002s
==================================================
✓ Model saved: results/nonsmooth_nonconvex/socp/SOCPProblem-100-50-50-10000/20260115-143717_MLP_sup_pen_seed0_nepochs1000_lr0.0001_trainsize3000_subopt_3_0.5/model_110.pt
Epoch 112/1000, Loss: 6.0067, Obj: 24.4364, Eq Viol (l1): 3.932941, Ineq Viol (l1): 0.010984, Epoch time: 0.10s
Epoch 113/1000, Loss: 6.0188, Obj: 25.4390, Eq Viol (l1): 3.930885, Ineq Viol (l1): 0.010036, Epoch time: 0.10s
Epoch 114/1000, Loss: 6.2223, Obj: 25.6622, Eq Viol (l1): 3.943716, Ineq Viol (l1): 0.025070, Epoch time: 0.10s
Epoch 115/1000, Loss: 6.2011, Obj: 26.1862, Eq Viol (l1): 3.970694, Ineq Viol (l1): 0.015141, Epoch time: 0.19s
Epoch 116/1000, Loss: 5.9704, Obj: 25.2034, Eq Viol (l1): 3.907825, Ineq Viol (l1): 0.010352, Epoch time: 0.10s
Epoch 117/1000, Loss: 6.0963, Obj: 26.3657, Eq Viol (l1): 3.938078, Ineq Viol (l1): 0.014015, Epoch time: 0.10s
Epoch 118/1000, Loss: 6.1099, Obj: 26.8899, Eq Viol (l1): 3.942562, Ineq Viol (l1): 0.009855, Epoch time: 0.10s
Epoch 119/1000, Loss: 5.8428, Obj: 25.3972, Eq Viol (l1): 3.849050, Ineq Viol (l1): 0.011929, Epoch time: 0.10s
Epoch 120/1000, Loss: 5.8722, Obj: 25.5463, Eq Viol (l1): 3.869427, Ineq Viol (l1): 0.011299, Epoch time: 0.10s
Epoch 121/1000, Loss: 5.8329, Obj: 25.6108, Eq Viol (l1): 3.846315, Ineq Viol (l1): 0.010194, Epoch time: 0.10s

Running validation at epoch 120...

VALIDATION_EPOCH_120 EVALUATION RESULTS:
==================================================
Obj:     2.559570e+01
Opt Gap:      4.410129e+01 ± 1.613990e+01
Eq Vio l1:   1.497589e+00 (max: 2.700473e+00)
Ineq Vio l1: 1.180388e-03 (max: 2.356691e-01)
Sol Dis:   2.484279e+02 ± 1.800466e+00
Merit:             4.058339e+01 ± 1.950853e-01
Avg Inf Time:  0.0002s
==================================================
✓ Model saved: results/nonsmooth_nonconvex/socp/SOCPProblem-100-50-50-10000/20260115-143717_MLP_sup_pen_seed0_nepochs1000_lr0.0001_trainsize3000_subopt_3_0.5/model_120.pt
Epoch 122/1000, Loss: 5.6883, Obj: 25.1617, Eq Viol (l1): 3.806552, Ineq Viol (l1): 0.009059, Epoch time: 0.10s
Epoch 123/1000, Loss: 5.6516, Obj: 24.6676, Eq Viol (l1): 3.786646, Ineq Viol (l1): 0.011473, Epoch time: 0.10s
Epoch 124/1000, Loss: 5.6854, Obj: 25.0272, Eq Viol (l1): 3.785523, Ineq Viol (l1): 0.012084, Epoch time: 0.10s
Epoch 125/1000, Loss: 5.5887, Obj: 25.0140, Eq Viol (l1): 3.755181, Ineq Viol (l1): 0.009115, Epoch time: 0.10s
Epoch 126/1000, Loss: 5.7581, Obj: 26.0882, Eq Viol (l1): 3.792492, Ineq Viol (l1): 0.016824, Epoch time: 0.10s
Epoch 127/1000, Loss: 5.8186, Obj: 26.5552, Eq Viol (l1): 3.823179, Ineq Viol (l1): 0.012534, Epoch time: 0.10s
Epoch 128/1000, Loss: 5.6402, Obj: 25.8768, Eq Viol (l1): 3.767105, Ineq Viol (l1): 0.008891, Epoch time: 0.10s
Epoch 129/1000, Loss: 5.5908, Obj: 25.6964, Eq Viol (l1): 3.744269, Ineq Viol (l1): 0.010389, Epoch time: 0.10s
Epoch 130/1000, Loss: 5.5151, Obj: 25.4718, Eq Viol (l1): 3.720796, Ineq Viol (l1): 0.010569, Epoch time: 0.10s
Epoch 131/1000, Loss: 5.4668, Obj: 25.3315, Eq Viol (l1): 3.695708, Ineq Viol (l1): 0.011551, Epoch time: 0.10s

Running validation at epoch 130...

VALIDATION_EPOCH_130 EVALUATION RESULTS:
==================================================
Obj:     2.575684e+01
Opt Gap:      4.585834e+01 ± 1.704806e+01
Eq Vio l1:   1.452611e+00 (max: 2.325057e+00)
Ineq Vio l1: 9.912343e-04 (max: 1.741900e-01)
Sol Dis:   2.494912e+02 ± 1.560945e+00
Merit:             4.029286e+01 ± 1.058833e-01
Avg Inf Time:  0.0002s
==================================================
✓ Model saved: results/nonsmooth_nonconvex/socp/SOCPProblem-100-50-50-10000/20260115-143717_MLP_sup_pen_seed0_nepochs1000_lr0.0001_trainsize3000_subopt_3_0.5/model_130.pt
Epoch 132/1000, Loss: 5.4662, Obj: 25.5700, Eq Viol (l1): 3.691506, Ineq Viol (l1): 0.008600, Epoch time: 0.10s
Epoch 133/1000, Loss: 5.4537, Obj: 24.9685, Eq Viol (l1): 3.682527, Ineq Viol (l1): 0.011712, Epoch time: 0.10s
Epoch 134/1000, Loss: 5.5156, Obj: 25.7835, Eq Viol (l1): 3.705166, Ineq Viol (l1): 0.013942, Epoch time: 0.10s
Epoch 135/1000, Loss: 5.3526, Obj: 25.6834, Eq Viol (l1): 3.654706, Ineq Viol (l1): 0.007823, Epoch time: 0.10s
Epoch 136/1000, Loss: 5.2531, Obj: 24.5889, Eq Viol (l1): 3.620606, Ineq Viol (l1): 0.009009, Epoch time: 0.10s
Epoch 137/1000, Loss: 5.2839, Obj: 24.6938, Eq Viol (l1): 3.614233, Ineq Viol (l1): 0.014348, Epoch time: 0.10s
Epoch 138/1000, Loss: 5.4223, Obj: 26.7187, Eq Viol (l1): 3.662778, Ineq Viol (l1): 0.010013, Epoch time: 0.10s
Epoch 139/1000, Loss: 5.4426, Obj: 26.5687, Eq Viol (l1): 3.664741, Ineq Viol (l1): 0.013766, Epoch time: 0.10s
Epoch 140/1000, Loss: 5.4701, Obj: 26.4520, Eq Viol (l1): 3.652207, Ineq Viol (l1): 0.020596, Epoch time: 0.10s
Epoch 141/1000, Loss: 5.4175, Obj: 25.8267, Eq Viol (l1): 3.637936, Ineq Viol (l1): 0.017837, Epoch time: 0.10s

Running validation at epoch 140...

VALIDATION_EPOCH_140 EVALUATION RESULTS:
==================================================
Obj:     2.544911e+01
Opt Gap:      4.385323e+01 ± 1.587733e+01
Eq Vio l1:   1.553574e+00 (max: 2.452074e+00)
Ineq Vio l1: 1.327830e-03 (max: 2.883225e-01)
Sol Dis:   2.475550e+02 ± 1.448966e+00
Merit:             4.099813e+01 ± 2.000446e-01
Avg Inf Time:  0.0002s
==================================================
✓ Model saved: results/nonsmooth_nonconvex/socp/SOCPProblem-100-50-50-10000/20260115-143717_MLP_sup_pen_seed0_nepochs1000_lr0.0001_trainsize3000_subopt_3_0.5/model_140.pt
Epoch 142/1000, Loss: 5.2318, Obj: 25.8823, Eq Viol (l1): 3.597147, Ineq Viol (l1): 0.006003, Epoch time: 0.10s
Epoch 143/1000, Loss: 5.1810, Obj: 25.3619, Eq Viol (l1): 3.578629, Ineq Viol (l1): 0.009029, Epoch time: 0.10s
Epoch 144/1000, Loss: 5.2049, Obj: 25.6687, Eq Viol (l1): 3.579372, Ineq Viol (l1): 0.010669, Epoch time: 0.10s
Epoch 145/1000, Loss: 5.5850, Obj: 26.8504, Eq Viol (l1): 3.612440, Ineq Viol (l1): 0.027297, Epoch time: 0.10s
Epoch 146/1000, Loss: 5.5375, Obj: 27.8480, Eq Viol (l1): 3.638350, Ineq Viol (l1): 0.024759, Epoch time: 0.10s
Epoch 147/1000, Loss: 5.4344, Obj: 27.2998, Eq Viol (l1): 3.615685, Ineq Viol (l1): 0.018431, Epoch time: 0.10s
Epoch 148/1000, Loss: 5.7345, Obj: 28.1577, Eq Viol (l1): 3.683219, Ineq Viol (l1): 0.029846, Epoch time: 0.10s
Epoch 149/1000, Loss: 5.9267, Obj: 27.8241, Eq Viol (l1): 3.673869, Ineq Viol (l1): 0.035966, Epoch time: 0.10s
Epoch 150/1000, Loss: 5.5602, Obj: 27.6198, Eq Viol (l1): 3.643831, Ineq Viol (l1): 0.021435, Epoch time: 0.10s
Epoch 151/1000, Loss: 5.0560, Obj: 25.1011, Eq Viol (l1): 3.520659, Ineq Viol (l1): 0.009923, Epoch time: 0.10s

Running validation at epoch 150...

VALIDATION_EPOCH_150 EVALUATION RESULTS:
==================================================
Obj:     2.517020e+01
Opt Gap:      4.521925e+01 ± 1.740999e+01
Eq Vio l1:   1.408087e+00 (max: 2.300637e+00)
Ineq Vio l1: 1.749833e-03 (max: 3.033658e-01)
Sol Dis:   2.458170e+02 ± 1.984191e+00
Merit:             3.926856e+01 ± 1.897145e-01
Avg Inf Time:  0.0002s
==================================================
✓ Model saved: results/nonsmooth_nonconvex/socp/SOCPProblem-100-50-50-10000/20260115-143717_MLP_sup_pen_seed0_nepochs1000_lr0.0001_trainsize3000_subopt_3_0.5/model_150.pt
Epoch 152/1000, Loss: 5.1790, Obj: 26.1957, Eq Viol (l1): 3.561119, Ineq Viol (l1): 0.008979, Epoch time: 0.10s
Epoch 153/1000, Loss: 5.1620, Obj: 26.7439, Eq Viol (l1): 3.544142, Ineq Viol (l1): 0.010064, Epoch time: 0.10s
Epoch 154/1000, Loss: 5.0315, Obj: 26.3938, Eq Viol (l1): 3.515586, Ineq Viol (l1): 0.002909, Epoch time: 0.10s
Epoch 155/1000, Loss: 4.9210, Obj: 25.1362, Eq Viol (l1): 3.466263, Ineq Viol (l1): 0.008917, Epoch time: 0.10s
Epoch 156/1000, Loss: 4.8181, Obj: 24.4621, Eq Viol (l1): 3.433710, Ineq Viol (l1): 0.005802, Epoch time: 0.10s
Epoch 157/1000, Loss: 4.7608, Obj: 24.1059, Eq Viol (l1): 3.412247, Ineq Viol (l1): 0.007235, Epoch time: 0.10s
Epoch 158/1000, Loss: 4.7911, Obj: 24.0372, Eq Viol (l1): 3.395792, Ineq Viol (l1): 0.011957, Epoch time: 0.10s
Epoch 159/1000, Loss: 4.9744, Obj: 26.3982, Eq Viol (l1): 3.466858, Ineq Viol (l1): 0.009848, Epoch time: 0.10s
Epoch 160/1000, Loss: 5.0209, Obj: 26.6974, Eq Viol (l1): 3.479716, Ineq Viol (l1): 0.009055, Epoch time: 0.10s
Epoch 161/1000, Loss: 5.0870, Obj: 26.9700, Eq Viol (l1): 3.485681, Ineq Viol (l1): 0.013962, Epoch time: 0.10s

Running validation at epoch 160...

VALIDATION_EPOCH_160 EVALUATION RESULTS:
==================================================
Obj:     2.753414e+01
Opt Gap:      4.890150e+01 ± 1.871788e+01
Eq Vio l1:   1.370640e+00 (max: 2.357608e+00)
Ineq Vio l1: 7.327677e-04 (max: 1.794908e-01)
Sol Dis:   2.586680e+02 ± 2.191444e+00
Merit:             4.124787e+01 ± 3.168034e-01
Avg Inf Time:  0.0002s
==================================================
✓ Model saved: results/nonsmooth_nonconvex/socp/SOCPProblem-100-50-50-10000/20260115-143717_MLP_sup_pen_seed0_nepochs1000_lr0.0001_trainsize3000_subopt_3_0.5/model_160.pt
Epoch 162/1000, Loss: 4.9470, Obj: 26.7281, Eq Viol (l1): 3.447156, Ineq Viol (l1): 0.009746, Epoch time: 0.10s
Epoch 163/1000, Loss: 4.8929, Obj: 26.1701, Eq Viol (l1): 3.434930, Ineq Viol (l1): 0.007799, Epoch time: 0.10s
Epoch 164/1000, Loss: 4.7802, Obj: 25.7210, Eq Viol (l1): 3.399980, Ineq Viol (l1): 0.004581, Epoch time: 0.10s
Epoch 165/1000, Loss: 4.7542, Obj: 25.3223, Eq Viol (l1): 3.377490, Ineq Viol (l1): 0.009441, Epoch time: 0.10s
Epoch 166/1000, Loss: 4.8717, Obj: 26.6798, Eq Viol (l1): 3.427811, Ineq Viol (l1): 0.006316, Epoch time: 0.10s
Epoch 167/1000, Loss: 4.7808, Obj: 26.2165, Eq Viol (l1): 3.377902, Ineq Viol (l1): 0.009930, Epoch time: 0.10s
Epoch 168/1000, Loss: 4.7360, Obj: 25.9710, Eq Viol (l1): 3.365406, Ineq Viol (l1): 0.005469, Epoch time: 0.10s
Epoch 169/1000, Loss: 4.7576, Obj: 25.6993, Eq Viol (l1): 3.387558, Ineq Viol (l1): 0.006078, Epoch time: 0.10s
Epoch 170/1000, Loss: 4.6352, Obj: 25.5153, Eq Viol (l1): 3.328716, Ineq Viol (l1): 0.007143, Epoch time: 0.10s
Epoch 171/1000, Loss: 4.6180, Obj: 25.2471, Eq Viol (l1): 3.315439, Ineq Viol (l1): 0.009588, Epoch time: 0.10s

Running validation at epoch 170...

VALIDATION_EPOCH_170 EVALUATION RESULTS:
==================================================
Obj:     2.566800e+01
Opt Gap:      4.512418e+01 ± 1.696249e+01
Eq Vio l1:   1.327146e+00 (max: 2.068964e+00)
Ineq Vio l1: 2.980435e-04 (max: 7.629912e-02)
Sol Dis:   2.483959e+02 ± 1.298033e+00
Merit:             3.894244e+01 ± 9.519101e-02
Avg Inf Time:  0.0002s
==================================================
✓ Model saved: results/nonsmooth_nonconvex/socp/SOCPProblem-100-50-50-10000/20260115-143717_MLP_sup_pen_seed0_nepochs1000_lr0.0001_trainsize3000_subopt_3_0.5/model_170.pt
Epoch 172/1000, Loss: 4.5575, Obj: 24.8884, Eq Viol (l1): 3.314612, Ineq Viol (l1): 0.005552, Epoch time: 0.10s
Epoch 173/1000, Loss: 4.5041, Obj: 24.0927, Eq Viol (l1): 3.286511, Ineq Viol (l1): 0.007423, Epoch time: 0.10s
Epoch 174/1000, Loss: 4.4843, Obj: 24.1639, Eq Viol (l1): 3.280893, Ineq Viol (l1): 0.005939, Epoch time: 0.10s
Epoch 175/1000, Loss: 4.4219, Obj: 23.9100, Eq Viol (l1): 3.250881, Ineq Viol (l1): 0.008226, Epoch time: 0.10s
Epoch 176/1000, Loss: 4.4148, Obj: 23.8102, Eq Viol (l1): 3.251474, Ineq Viol (l1): 0.008108, Epoch time: 0.10s
Epoch 177/1000, Loss: 4.4111, Obj: 24.0934, Eq Viol (l1): 3.248533, Ineq Viol (l1): 0.004687, Epoch time: 0.10s
Epoch 178/1000, Loss: 4.4632, Obj: 24.2336, Eq Viol (l1): 3.251404, Ineq Viol (l1): 0.010221, Epoch time: 0.10s
Epoch 179/1000, Loss: 4.5650, Obj: 25.6193, Eq Viol (l1): 3.271080, Ineq Viol (l1): 0.009440, Epoch time: 0.10s
Epoch 180/1000, Loss: 4.6280, Obj: 25.9677, Eq Viol (l1): 3.300122, Ineq Viol (l1): 0.009550, Epoch time: 0.10s
Epoch 181/1000, Loss: 4.5175, Obj: 25.8271, Eq Viol (l1): 3.273814, Ineq Viol (l1): 0.005657, Epoch time: 0.10s

Running validation at epoch 180...

VALIDATION_EPOCH_180 EVALUATION RESULTS:
==================================================
Obj:     2.499020e+01
Opt Gap:      4.376726e+01 ± 1.595170e+01
Eq Vio l1:   1.252894e+00 (max: 1.999016e+00)
Ineq Vio l1: 1.146541e-02 (max: 1.171258e+00)
Sol Dis:   2.448762e+02 ± 9.896340e-01
Merit:             3.763379e+01 ± 2.062887e-01
Avg Inf Time:  0.0002s
==================================================
✓ Model saved: results/nonsmooth_nonconvex/socp/SOCPProblem-100-50-50-10000/20260115-143717_MLP_sup_pen_seed0_nepochs1000_lr0.0001_trainsize3000_subopt_3_0.5/model_180.pt
Epoch 182/1000, Loss: 4.4715, Obj: 25.2981, Eq Viol (l1): 3.246975, Ineq Viol (l1): 0.009485, Epoch time: 0.10s
Epoch 183/1000, Loss: 4.4316, Obj: 25.1948, Eq Viol (l1): 3.231794, Ineq Viol (l1): 0.007291, Epoch time: 0.10s
Epoch 184/1000, Loss: 4.3930, Obj: 24.5982, Eq Viol (l1): 3.217200, Ineq Viol (l1): 0.008795, Epoch time: 0.10s
Epoch 185/1000, Loss: 4.3961, Obj: 25.3840, Eq Viol (l1): 3.212377, Ineq Viol (l1): 0.005747, Epoch time: 0.10s
Epoch 186/1000, Loss: 4.5027, Obj: 26.2149, Eq Viol (l1): 3.255477, Ineq Viol (l1): 0.005971, Epoch time: 0.10s
Epoch 187/1000, Loss: 4.3631, Obj: 24.8185, Eq Viol (l1): 3.205930, Ineq Viol (l1): 0.008057, Epoch time: 0.10s
Epoch 188/1000, Loss: 4.3709, Obj: 24.7328, Eq Viol (l1): 3.194174, Ineq Viol (l1): 0.007641, Epoch time: 0.10s
Epoch 189/1000, Loss: 4.4522, Obj: 26.1566, Eq Viol (l1): 3.228277, Ineq Viol (l1): 0.007709, Epoch time: 0.10s
Epoch 190/1000, Loss: 4.4833, Obj: 26.6294, Eq Viol (l1): 3.234881, Ineq Viol (l1): 0.009088, Epoch time: 0.10s
Epoch 191/1000, Loss: 4.4747, Obj: 26.8935, Eq Viol (l1): 3.233724, Ineq Viol (l1): 0.006995, Epoch time: 0.10s

Running validation at epoch 190...

VALIDATION_EPOCH_190 EVALUATION RESULTS:
==================================================
Obj:     2.674592e+01
Opt Gap:      4.769822e+01 ± 1.794033e+01
Eq Vio l1:   1.241480e+00 (max: 1.993582e+00)
Ineq Vio l1: 9.198467e-04 (max: 2.294473e-01)
Sol Dis:   2.542558e+02 ± 1.134244e+00
Merit:             3.916993e+01 ± 1.967583e-01
Avg Inf Time:  0.0002s
==================================================
✓ Model saved: results/nonsmooth_nonconvex/socp/SOCPProblem-100-50-50-10000/20260115-143717_MLP_sup_pen_seed0_nepochs1000_lr0.0001_trainsize3000_subopt_3_0.5/model_190.pt
Epoch 192/1000, Loss: 4.3906, Obj: 26.0066, Eq Viol (l1): 3.206719, Ineq Viol (l1): 0.006551, Epoch time: 0.10s
Epoch 193/1000, Loss: 4.3097, Obj: 25.6554, Eq Viol (l1): 3.176733, Ineq Viol (l1): 0.006249, Epoch time: 0.10s
Epoch 194/1000, Loss: 4.2479, Obj: 25.3506, Eq Viol (l1): 3.155168, Ineq Viol (l1): 0.002814, Epoch time: 0.10s
Epoch 195/1000, Loss: 4.2634, Obj: 24.6537, Eq Viol (l1): 3.162814, Ineq Viol (l1): 0.007695, Epoch time: 0.10s
Epoch 196/1000, Loss: 4.2147, Obj: 24.3865, Eq Viol (l1): 3.133299, Ineq Viol (l1): 0.008319, Epoch time: 0.10s
Epoch 197/1000, Loss: 4.2706, Obj: 24.7048, Eq Viol (l1): 3.154733, Ineq Viol (l1): 0.009541, Epoch time: 0.10s
Epoch 198/1000, Loss: 4.2186, Obj: 25.1423, Eq Viol (l1): 3.134797, Ineq Viol (l1): 0.004100, Epoch time: 0.10s
Epoch 199/1000, Loss: 4.1938, Obj: 24.7836, Eq Viol (l1): 3.133649, Ineq Viol (l1): 0.005047, Epoch time: 0.10s
Epoch 200/1000, Loss: 4.1957, Obj: 24.2994, Eq Viol (l1): 3.131186, Ineq Viol (l1): 0.007041, Epoch time: 0.10s
Epoch 201/1000, Loss: 4.2722, Obj: 25.4493, Eq Viol (l1): 3.141873, Ineq Viol (l1): 0.009336, Epoch time: 0.10s

Running validation at epoch 200...

VALIDATION_EPOCH_200 EVALUATION RESULTS:
==================================================
Obj:     2.673478e+01
Opt Gap:      4.697341e+01 ± 1.777533e+01
Eq Vio l1:   1.275571e+00 (max: 2.083390e+00)
Ineq Vio l1: 1.486806e-03 (max: 3.047193e-01)
Sol Dis:   2.542844e+02 ± 1.572202e+00
Merit:             3.950535e+01 ± 2.503238e-01
Avg Inf Time:  0.0002s
==================================================
✓ Model saved: results/nonsmooth_nonconvex/socp/SOCPProblem-100-50-50-10000/20260115-143717_MLP_sup_pen_seed0_nepochs1000_lr0.0001_trainsize3000_subopt_3_0.5/model_200.pt
Epoch 202/1000, Loss: 4.2965, Obj: 26.2043, Eq Viol (l1): 3.149192, Ineq Viol (l1): 0.008300, Epoch time: 0.10s
Epoch 203/1000, Loss: 4.2121, Obj: 25.5855, Eq Viol (l1): 3.128851, Ineq Viol (l1): 0.004793, Epoch time: 0.10s
Epoch 204/1000, Loss: 4.1476, Obj: 24.7995, Eq Viol (l1): 3.086562, Ineq Viol (l1): 0.007498, Epoch time: 0.10s
Epoch 205/1000, Loss: 4.2984, Obj: 26.4939, Eq Viol (l1): 3.138549, Ineq Viol (l1): 0.010855, Epoch time: 0.10s
Epoch 206/1000, Loss: 4.4161, Obj: 27.2876, Eq Viol (l1): 3.171379, Ineq Viol (l1): 0.012270, Epoch time: 0.10s
Epoch 207/1000, Loss: 4.2907, Obj: 26.4350, Eq Viol (l1): 3.132379, Ineq Viol (l1): 0.007110, Epoch time: 0.10s
Epoch 208/1000, Loss: 4.1126, Obj: 24.7533, Eq Viol (l1): 3.089572, Ineq Viol (l1): 0.004154, Epoch time: 0.10s
Epoch 209/1000, Loss: 4.0816, Obj: 24.4330, Eq Viol (l1): 3.069710, Ineq Viol (l1): 0.007521, Epoch time: 0.10s
Epoch 210/1000, Loss: 4.1187, Obj: 25.1781, Eq Viol (l1): 3.087939, Ineq Viol (l1): 0.005355, Epoch time: 0.10s
Epoch 211/1000, Loss: 4.0701, Obj: 24.6213, Eq Viol (l1): 3.075571, Ineq Viol (l1): 0.004241, Epoch time: 0.10s

Running validation at epoch 210...

VALIDATION_EPOCH_210 EVALUATION RESULTS:
==================================================
Obj:     2.411425e+01
Opt Gap:      4.235876e+01 ± 1.598073e+01
Eq Vio l1:   1.206823e+00 (max: 1.858805e+00)
Ineq Vio l1: 1.477132e-03 (max: 1.416740e-01)
Sol Dis:   2.399910e+02 ± 1.591440e+00
Merit:             3.619725e+01 ± 1.611632e-02
Avg Inf Time:  0.0002s
==================================================
✓ Model saved: results/nonsmooth_nonconvex/socp/SOCPProblem-100-50-50-10000/20260115-143717_MLP_sup_pen_seed0_nepochs1000_lr0.0001_trainsize3000_subopt_3_0.5/model_210.pt
Epoch 212/1000, Loss: 4.0807, Obj: 24.2163, Eq Viol (l1): 3.060857, Ineq Viol (l1): 0.010391, Epoch time: 0.10s
Epoch 213/1000, Loss: 4.1683, Obj: 26.3213, Eq Viol (l1): 3.097524, Ineq Viol (l1): 0.004331, Epoch time: 0.10s
Epoch 214/1000, Loss: 4.1398, Obj: 25.7495, Eq Viol (l1): 3.084456, Ineq Viol (l1): 0.005813, Epoch time: 0.10s
Epoch 215/1000, Loss: 4.0961, Obj: 25.8558, Eq Viol (l1): 3.063180, Ineq Viol (l1): 0.005537, Epoch time: 0.10s
Epoch 216/1000, Loss: 4.1259, Obj: 25.6939, Eq Viol (l1): 3.080776, Ineq Viol (l1): 0.005794, Epoch time: 0.10s
Epoch 217/1000, Loss: 4.0448, Obj: 25.0876, Eq Viol (l1): 3.055941, Ineq Viol (l1): 0.003130, Epoch time: 0.10s
Epoch 218/1000, Loss: 3.9912, Obj: 24.4250, Eq Viol (l1): 3.018352, Ineq Viol (l1): 0.007153, Epoch time: 0.10s
Epoch 219/1000, Loss: 4.0497, Obj: 24.5178, Eq Viol (l1): 3.040909, Ineq Viol (l1): 0.008425, Epoch time: 0.10s
Epoch 220/1000, Loss: 4.1708, Obj: 25.6491, Eq Viol (l1): 3.042377, Ineq Viol (l1): 0.013120, Epoch time: 0.10s
Epoch 221/1000, Loss: 4.8768, Obj: 27.2334, Eq Viol (l1): 3.110330, Ineq Viol (l1): 0.034250, Epoch time: 0.10s

Running validation at epoch 220...

VALIDATION_EPOCH_220 EVALUATION RESULTS:
==================================================
Obj:     2.678456e+01
Opt Gap:      4.744747e+01 ± 1.793747e+01
Eq Vio l1:   1.237729e+00 (max: 2.226883e+00)
Ineq Vio l1: 5.027237e-03 (max: 1.204560e+00)
Sol Dis:   2.542824e+02 ± 1.891264e+00
Merit:             3.921212e+01 ± 2.667054e-01
Avg Inf Time:  0.0002s
==================================================
✓ Model saved: results/nonsmooth_nonconvex/socp/SOCPProblem-100-50-50-10000/20260115-143717_MLP_sup_pen_seed0_nepochs1000_lr0.0001_trainsize3000_subopt_3_0.5/model_220.pt
Epoch 222/1000, Loss: 4.2467, Obj: 25.5112, Eq Viol (l1): 3.097295, Ineq Viol (l1): 0.014901, Epoch time: 0.10s
Epoch 223/1000, Loss: 4.2171, Obj: 27.3347, Eq Viol (l1): 3.097194, Ineq Viol (l1): 0.008112, Epoch time: 0.10s
Epoch 224/1000, Loss: 4.1451, Obj: 26.9018, Eq Viol (l1): 3.077104, Ineq Viol (l1): 0.005262, Epoch time: 0.10s
Epoch 225/1000, Loss: 4.0349, Obj: 25.6451, Eq Viol (l1): 3.040640, Ineq Viol (l1): 0.003132, Epoch time: 0.10s
Epoch 226/1000, Loss: 3.9400, Obj: 24.1895, Eq Viol (l1): 3.000238, Ineq Viol (l1): 0.006151, Epoch time: 0.10s
Epoch 227/1000, Loss: 3.9914, Obj: 24.3882, Eq Viol (l1): 3.014694, Ineq Viol (l1): 0.008058, Epoch time: 0.10s
Epoch 228/1000, Loss: 3.9916, Obj: 25.7216, Eq Viol (l1): 3.015292, Ineq Viol (l1): 0.003369, Epoch time: 0.19s
Epoch 229/1000, Loss: 4.0837, Obj: 25.8806, Eq Viol (l1): 3.025283, Ineq Viol (l1): 0.012394, Epoch time: 0.10s
Epoch 230/1000, Loss: 4.1922, Obj: 27.5757, Eq Viol (l1): 3.049363, Ineq Viol (l1): 0.010859, Epoch time: 0.10s
Epoch 231/1000, Loss: 4.1485, Obj: 26.2938, Eq Viol (l1): 3.045719, Ineq Viol (l1): 0.014309, Epoch time: 0.10s

Running validation at epoch 230...

VALIDATION_EPOCH_230 EVALUATION RESULTS:
==================================================
Obj:     2.767350e+01
Opt Gap:      4.813770e+01 ± 1.808242e+01
Eq Vio l1:   1.293153e+00 (max: 2.224217e+00)
Ineq Vio l1: 3.145865e-03 (max: 5.867234e-01)
Sol Dis:   2.590039e+02 ± 1.636515e+00
Merit:             4.063649e+01 ± 1.452810e-01
Avg Inf Time:  0.0002s
==================================================
✓ Model saved: results/nonsmooth_nonconvex/socp/SOCPProblem-100-50-50-10000/20260115-143717_MLP_sup_pen_seed0_nepochs1000_lr0.0001_trainsize3000_subopt_3_0.5/model_230.pt
Epoch 232/1000, Loss: 4.2013, Obj: 27.7160, Eq Viol (l1): 3.081654, Ineq Viol (l1): 0.009917, Epoch time: 0.10s
Epoch 233/1000, Loss: 4.0448, Obj: 26.4154, Eq Viol (l1): 3.020867, Ineq Viol (l1): 0.005591, Epoch time: 0.10s
Epoch 234/1000, Loss: 4.1477, Obj: 26.4737, Eq Viol (l1): 3.027455, Ineq Viol (l1): 0.013300, Epoch time: 0.10s
Epoch 235/1000, Loss: 4.1235, Obj: 27.7817, Eq Viol (l1): 3.052037, Ineq Viol (l1): 0.006104, Epoch time: 0.10s
Epoch 236/1000, Loss: 4.0011, Obj: 26.5810, Eq Viol (l1): 3.010776, Ineq Viol (l1): 0.003742, Epoch time: 0.10s
Epoch 237/1000, Loss: 3.9250, Obj: 24.8693, Eq Viol (l1): 2.979227, Ineq Viol (l1): 0.007146, Epoch time: 0.10s
Epoch 238/1000, Loss: 3.9107, Obj: 24.9811, Eq Viol (l1): 2.974497, Ineq Viol (l1): 0.006403, Epoch time: 0.10s
Epoch 239/1000, Loss: 3.8675, Obj: 25.4502, Eq Viol (l1): 2.961507, Ineq Viol (l1): 0.001952, Epoch time: 0.10s
Epoch 240/1000, Loss: 3.8760, Obj: 24.6733, Eq Viol (l1): 2.959756, Ineq Viol (l1): 0.005002, Epoch time: 0.10s
Epoch 241/1000, Loss: 3.8223, Obj: 24.3155, Eq Viol (l1): 2.944558, Ineq Viol (l1): 0.004359, Epoch time: 0.10s

Running validation at epoch 240...

VALIDATION_EPOCH_240 EVALUATION RESULTS:
==================================================
Obj:     2.400772e+01
Opt Gap:      4.206956e+01 ± 1.566270e+01
Eq Vio l1:   1.069746e+00 (max: 1.686421e+00)
Ineq Vio l1: 1.189824e-05 (max: 3.045950e-03)
Sol Dis:   2.393232e+02 ± 1.504239e+00
Merit:             3.470530e+01 ± 1.021095e-01
Avg Inf Time:  0.0002s
==================================================
✓ Model saved: results/nonsmooth_nonconvex/socp/SOCPProblem-100-50-50-10000/20260115-143717_MLP_sup_pen_seed0_nepochs1000_lr0.0001_trainsize3000_subopt_3_0.5/model_240.pt
Epoch 242/1000, Loss: 3.7627, Obj: 23.5425, Eq Viol (l1): 2.921921, Ineq Viol (l1): 0.005631, Epoch time: 0.10s
Epoch 243/1000, Loss: 3.8105, Obj: 23.8351, Eq Viol (l1): 2.931133, Ineq Viol (l1): 0.007600, Epoch time: 0.10s
Epoch 244/1000, Loss: 3.8562, Obj: 24.7774, Eq Viol (l1): 2.950751, Ineq Viol (l1): 0.004068, Epoch time: 0.10s
Epoch 245/1000, Loss: 3.8288, Obj: 24.7885, Eq Viol (l1): 2.933119, Ineq Viol (l1): 0.003845, Epoch time: 0.10s
Epoch 246/1000, Loss: 3.8310, Obj: 24.5444, Eq Viol (l1): 2.931007, Ineq Viol (l1): 0.005519, Epoch time: 0.10s
Epoch 247/1000, Loss: 3.8139, Obj: 24.6645, Eq Viol (l1): 2.926853, Ineq Viol (l1): 0.005510, Epoch time: 0.10s
Epoch 248/1000, Loss: 3.8172, Obj: 24.5938, Eq Viol (l1): 2.932870, Ineq Viol (l1): 0.004384, Epoch time: 0.10s
Epoch 249/1000, Loss: 3.7309, Obj: 23.9759, Eq Viol (l1): 2.899906, Ineq Viol (l1): 0.003680, Epoch time: 0.10s
Epoch 250/1000, Loss: 3.7203, Obj: 23.3617, Eq Viol (l1): 2.897828, Ineq Viol (l1): 0.005799, Epoch time: 0.10s
Epoch 251/1000, Loss: 3.7723, Obj: 23.7229, Eq Viol (l1): 2.908275, Ineq Viol (l1): 0.008313, Epoch time: 0.10s

Running validation at epoch 250...

VALIDATION_EPOCH_250 EVALUATION RESULTS:
==================================================
Obj:     2.497560e+01
Opt Gap:      4.442537e+01 ± 1.681088e+01
Eq Vio l1:   1.104127e+00 (max: 1.781080e+00)
Ineq Vio l1: 1.587556e-04 (max: 4.064143e-02)
Sol Dis:   2.446847e+02 ± 1.562374e+00
Merit:             3.601845e+01 ± 1.967222e-01
Avg Inf Time:  0.0002s
==================================================
✓ Model saved: results/nonsmooth_nonconvex/socp/SOCPProblem-100-50-50-10000/20260115-143717_MLP_sup_pen_seed0_nepochs1000_lr0.0001_trainsize3000_subopt_3_0.5/model_250.pt
Epoch 252/1000, Loss: 3.8220, Obj: 25.6076, Eq Viol (l1): 2.917894, Ineq Viol (l1): 0.004300, Epoch time: 0.10s
Epoch 253/1000, Loss: 3.9388, Obj: 26.3887, Eq Viol (l1): 2.957302, Ineq Viol (l1): 0.010377, Epoch time: 0.10s
Epoch 254/1000, Loss: 3.9055, Obj: 26.6533, Eq Viol (l1): 2.928379, Ineq Viol (l1): 0.007456, Epoch time: 0.10s
Epoch 255/1000, Loss: 3.8567, Obj: 25.9524, Eq Viol (l1): 2.938917, Ineq Viol (l1): 0.002769, Epoch time: 0.10s
Epoch 256/1000, Loss: 3.8280, Obj: 25.8966, Eq Viol (l1): 2.908738, Ineq Viol (l1): 0.008339, Epoch time: 0.10s
Epoch 257/1000, Loss: 4.2563, Obj: 27.2064, Eq Viol (l1): 2.956673, Ineq Viol (l1): 0.027012, Epoch time: 0.10s
Epoch 258/1000, Loss: 4.2342, Obj: 27.9088, Eq Viol (l1): 2.997350, Ineq Viol (l1): 0.022635, Epoch time: 0.10s
Epoch 259/1000, Loss: 4.2957, Obj: 28.5027, Eq Viol (l1): 3.031602, Ineq Viol (l1): 0.018514, Epoch time: 0.10s
Epoch 260/1000, Loss: 4.0453, Obj: 27.8970, Eq Viol (l1): 2.975876, Ineq Viol (l1): 0.009943, Epoch time: 0.10s
Epoch 261/1000, Loss: 3.8612, Obj: 26.7645, Eq Viol (l1): 2.923903, Ineq Viol (l1): 0.005128, Epoch time: 0.10s

Running validation at epoch 260...

VALIDATION_EPOCH_260 EVALUATION RESULTS:
==================================================
Obj:     2.605555e+01
Opt Gap:      4.680942e+01 ± 1.789747e+01
Eq Vio l1:   1.089718e+00 (max: 1.814693e+00)
Ineq Vio l1: 5.346775e-03 (max: 1.337091e+00)
Sol Dis:   2.496264e+02 ± 1.666703e+00
Merit:             3.700620e+01 ± 1.331176e-01
Avg Inf Time:  0.0002s
==================================================
✓ Model saved: results/nonsmooth_nonconvex/socp/SOCPProblem-100-50-50-10000/20260115-143717_MLP_sup_pen_seed0_nepochs1000_lr0.0001_trainsize3000_subopt_3_0.5/model_260.pt
Epoch 262/1000, Loss: 3.7677, Obj: 25.1282, Eq Viol (l1): 2.894279, Ineq Viol (l1): 0.003838, Epoch time: 0.10s
Epoch 263/1000, Loss: 3.7448, Obj: 24.3073, Eq Viol (l1): 2.879959, Ineq Viol (l1): 0.007327, Epoch time: 0.10s
Epoch 264/1000, Loss: 3.7614, Obj: 25.6582, Eq Viol (l1): 2.890794, Ineq Viol (l1): 0.003418, Epoch time: 0.10s
Epoch 265/1000, Loss: 3.7675, Obj: 25.3327, Eq Viol (l1): 2.888048, Ineq Viol (l1): 0.004732, Epoch time: 0.10s
Epoch 266/1000, Loss: 3.7620, Obj: 25.4084, Eq Viol (l1): 2.891576, Ineq Viol (l1): 0.003784, Epoch time: 0.10s
Epoch 267/1000, Loss: 3.7327, Obj: 25.2818, Eq Viol (l1): 2.879138, Ineq Viol (l1): 0.003247, Epoch time: 0.10s
Epoch 268/1000, Loss: 3.6655, Obj: 24.2397, Eq Viol (l1): 2.862634, Ineq Viol (l1): 0.002866, Epoch time: 0.10s
Epoch 269/1000, Loss: 3.6521, Obj: 23.2095, Eq Viol (l1): 2.853705, Ineq Viol (l1): 0.006596, Epoch time: 0.10s
Epoch 270/1000, Loss: 3.6827, Obj: 23.9310, Eq Viol (l1): 2.863939, Ineq Viol (l1): 0.005757, Epoch time: 0.10s
Epoch 271/1000, Loss: 3.7142, Obj: 24.7348, Eq Viol (l1): 2.868000, Ineq Viol (l1): 0.004887, Epoch time: 0.10s

Running validation at epoch 270...

VALIDATION_EPOCH_270 EVALUATION RESULTS:
==================================================
Obj:     2.513839e+01
Opt Gap:      4.395251e+01 ± 1.649984e+01
Eq Vio l1:   1.070793e+00 (max: 1.698782e+00)
Ineq Vio l1: 0.000000e+00 (max: 0.000000e+00)
Sol Dis:   2.448705e+02 ± 1.695591e+00
Merit:             3.584631e+01 ± 1.115633e-01
Avg Inf Time:  0.0002s
==================================================
✓ Model saved: results/nonsmooth_nonconvex/socp/SOCPProblem-100-50-50-10000/20260115-143717_MLP_sup_pen_seed0_nepochs1000_lr0.0001_trainsize3000_subopt_3_0.5/model_270.pt
Epoch 272/1000, Loss: 3.6832, Obj: 24.8817, Eq Viol (l1): 2.863072, Ineq Viol (l1): 0.002138, Epoch time: 0.10s
Epoch 273/1000, Loss: 3.8058, Obj: 24.1338, Eq Viol (l1): 2.874367, Ineq Viol (l1): 0.012130, Epoch time: 0.10s
Epoch 274/1000, Loss: 3.8466, Obj: 26.1903, Eq Viol (l1): 2.893164, Ineq Viol (l1): 0.010587, Epoch time: 0.10s
Epoch 275/1000, Loss: 3.8145, Obj: 27.2660, Eq Viol (l1): 2.907213, Ineq Viol (l1): 0.000440, Epoch time: 0.10s
Epoch 276/1000, Loss: 3.7840, Obj: 26.0895, Eq Viol (l1): 2.874572, Ineq Viol (l1): 0.007316, Epoch time: 0.10s
Epoch 277/1000, Loss: 3.7504, Obj: 26.2571, Eq Viol (l1): 2.867854, Ineq Viol (l1): 0.004245, Epoch time: 0.10s
Epoch 278/1000, Loss: 3.7495, Obj: 26.3142, Eq Viol (l1): 2.857157, Ineq Viol (l1): 0.006842, Epoch time: 0.10s
Epoch 279/1000, Loss: 3.9222, Obj: 27.1047, Eq Viol (l1): 2.891966, Ineq Viol (l1): 0.013320, Epoch time: 0.10s
Epoch 280/1000, Loss: 4.2699, Obj: 27.5845, Eq Viol (l1): 2.911613, Ineq Viol (l1): 0.022907, Epoch time: 0.10s
Epoch 281/1000, Loss: 3.9443, Obj: 27.7832, Eq Viol (l1): 2.926218, Ineq Viol (l1): 0.010388, Epoch time: 0.10s

Running validation at epoch 280...

VALIDATION_EPOCH_280 EVALUATION RESULTS:
==================================================
Obj:     2.695150e+01
Opt Gap:      4.708845e+01 ± 1.883867e+01
Eq Vio l1:   1.080615e+00 (max: 1.760285e+00)
Ineq Vio l1: 1.863445e-04 (max: 4.770419e-02)
Sol Dis:   2.544584e+02 ± 1.671731e+00
Merit:             3.775951e+01 ± 1.630897e-01
Avg Inf Time:  0.0002s
==================================================
✓ Model saved: results/nonsmooth_nonconvex/socp/SOCPProblem-100-50-50-10000/20260115-143717_MLP_sup_pen_seed0_nepochs1000_lr0.0001_trainsize3000_subopt_3_0.5/model_280.pt
Epoch 282/1000, Loss: 3.7482, Obj: 26.3948, Eq Viol (l1): 2.876236, Ineq Viol (l1): 0.003253, Epoch time: 0.10s
Epoch 283/1000, Loss: 3.6496, Obj: 25.0668, Eq Viol (l1): 2.835345, Ineq Viol (l1): 0.003936, Epoch time: 0.10s
Epoch 284/1000, Loss: 3.6103, Obj: 24.2723, Eq Viol (l1): 2.827934, Ineq Viol (l1): 0.002752, Epoch time: 0.10s
Epoch 285/1000, Loss: 3.5605, Obj: 23.4946, Eq Viol (l1): 2.808412, Ineq Viol (l1): 0.004018, Epoch time: 0.10s
Epoch 286/1000, Loss: 3.5681, Obj: 23.3740, Eq Viol (l1): 2.803549, Ineq Viol (l1): 0.005767, Epoch time: 0.10s
Epoch 287/1000, Loss: 3.5761, Obj: 24.0573, Eq Viol (l1): 2.813224, Ineq Viol (l1): 0.003326, Epoch time: 0.10s
Epoch 288/1000, Loss: 3.6248, Obj: 24.4959, Eq Viol (l1): 2.817851, Ineq Viol (l1): 0.005898, Epoch time: 0.10s
Epoch 289/1000, Loss: 3.5889, Obj: 24.7419, Eq Viol (l1): 2.813822, Ineq Viol (l1): 0.002208, Epoch time: 0.10s
Epoch 290/1000, Loss: 3.5487, Obj: 23.8416, Eq Viol (l1): 2.795540, Ineq Viol (l1): 0.003674, Epoch time: 0.10s
Epoch 291/1000, Loss: 3.5642, Obj: 23.8432, Eq Viol (l1): 2.794121, Ineq Viol (l1): 0.006805, Epoch time: 0.10s

Running validation at epoch 290...

VALIDATION_EPOCH_290 EVALUATION RESULTS:
==================================================
Obj:     2.417787e+01
Opt Gap:      4.251572e+01 ± 1.582118e+01
Eq Vio l1:   1.017839e+00 (max: 1.668219e+00)
Ineq Vio l1: 3.499654e-03 (max: 7.763596e-01)
Sol Dis:   2.397856e+02 ± 1.673944e+00
Merit:             3.439125e+01 ± 5.837713e-02
Avg Inf Time:  0.0002s
==================================================
✓ Model saved: results/nonsmooth_nonconvex/socp/SOCPProblem-100-50-50-10000/20260115-143717_MLP_sup_pen_seed0_nepochs1000_lr0.0001_trainsize3000_subopt_3_0.5/model_290.pt
Epoch 292/1000, Loss: 3.6689, Obj: 24.9740, Eq Viol (l1): 2.818352, Ineq Viol (l1): 0.008698, Epoch time: 0.10s
Epoch 293/1000, Loss: 3.6852, Obj: 26.4786, Eq Viol (l1): 2.833990, Ineq Viol (l1): 0.003180, Epoch time: 0.10s
Epoch 294/1000, Loss: 3.6454, Obj: 25.6022, Eq Viol (l1): 2.830726, Ineq Viol (l1): 0.002223, Epoch time: 0.10s
Epoch 295/1000, Loss: 3.5554, Obj: 24.5433, Eq Viol (l1): 2.787577, Ineq Viol (l1): 0.004739, Epoch time: 0.10s
Epoch 296/1000, Loss: 3.5527, Obj: 24.2029, Eq Viol (l1): 2.795801, Ineq Viol (l1): 0.003458, Epoch time: 0.10s
Epoch 297/1000, Loss: 3.5669, Obj: 24.1777, Eq Viol (l1): 2.796675, Ineq Viol (l1): 0.005049, Epoch time: 0.10s
Epoch 298/1000, Loss: 3.5142, Obj: 23.9351, Eq Viol (l1): 2.782059, Ineq Viol (l1): 0.003349, Epoch time: 0.10s
Epoch 299/1000, Loss: 3.5041, Obj: 23.2549, Eq Viol (l1): 2.777476, Ineq Viol (l1): 0.004600, Epoch time: 0.10s
Epoch 300/1000, Loss: 3.5328, Obj: 23.4284, Eq Viol (l1): 2.780249, Ineq Viol (l1): 0.007081, Epoch time: 0.10s
Epoch 301/1000, Loss: 3.6544, Obj: 25.2093, Eq Viol (l1): 2.821802, Ineq Viol (l1): 0.006230, Epoch time: 0.10s

Running validation at epoch 300...

VALIDATION_EPOCH_300 EVALUATION RESULTS:
==================================================
Obj:     2.636046e+01
Opt Gap:      4.737920e+01 ± 1.849968e+01
Eq Vio l1:   1.078751e+00 (max: 1.609416e+00)
Ineq Vio l1: 1.957516e-04 (max: 4.098743e-02)
Sol Dis:   2.516153e+02 ± 1.168243e+00
Merit:             3.714992e+01 ± 1.200205e-01
Avg Inf Time:  0.0002s
==================================================
✓ Model saved: results/nonsmooth_nonconvex/socp/SOCPProblem-100-50-50-10000/20260115-143717_MLP_sup_pen_seed0_nepochs1000_lr0.0001_trainsize3000_subopt_3_0.5/model_300.pt
Epoch 302/1000, Loss: 3.7216, Obj: 26.9807, Eq Viol (l1): 2.822997, Ineq Viol (l1): 0.008848, Epoch time: 0.10s
Epoch 303/1000, Loss: 3.6956, Obj: 27.5850, Eq Viol (l1): 2.823122, Ineq Viol (l1): 0.003028, Epoch time: 0.10s
Epoch 304/1000, Loss: 3.6028, Obj: 26.2167, Eq Viol (l1): 2.801600, Ineq Viol (l1): 0.002143, Epoch time: 0.10s
Epoch 305/1000, Loss: 3.5394, Obj: 24.6302, Eq Viol (l1): 2.782505, Ineq Viol (l1): 0.002367, Epoch time: 0.10s
Epoch 306/1000, Loss: 3.5355, Obj: 24.0703, Eq Viol (l1): 2.770323, Ineq Viol (l1): 0.007298, Epoch time: 0.10s
Epoch 307/1000, Loss: 3.5288, Obj: 24.4195, Eq Viol (l1): 2.780474, Ineq Viol (l1): 0.003278, Epoch time: 0.10s
Epoch 308/1000, Loss: 3.4855, Obj: 23.9988, Eq Viol (l1): 2.763929, Ineq Viol (l1): 0.001924, Epoch time: 0.10s
Epoch 309/1000, Loss: 3.4308, Obj: 23.1814, Eq Viol (l1): 2.736267, Ineq Viol (l1): 0.004093, Epoch time: 0.10s
Epoch 310/1000, Loss: 3.4587, Obj: 23.0015, Eq Viol (l1): 2.755285, Ineq Viol (l1): 0.005973, Epoch time: 0.10s
Epoch 311/1000, Loss: 3.4709, Obj: 23.5538, Eq Viol (l1): 2.759293, Ineq Viol (l1): 0.003796, Epoch time: 0.10s

Running validation at epoch 310...

VALIDATION_EPOCH_310 EVALUATION RESULTS:
==================================================
Obj:     2.378130e+01
Opt Gap:      4.182952e+01 ± 1.524139e+01
Eq Vio l1:   1.027668e+00 (max: 1.563889e+00)
Ineq Vio l1: 2.647516e-04 (max: 6.777642e-02)
Sol Dis:   2.378955e+02 ± 1.569327e+00
Merit:             3.406063e+01 ± 6.227876e-02
Avg Inf Time:  0.0002s
==================================================
✓ Model saved: results/nonsmooth_nonconvex/socp/SOCPProblem-100-50-50-10000/20260115-143717_MLP_sup_pen_seed0_nepochs1000_lr0.0001_trainsize3000_subopt_3_0.5/model_310.pt
Epoch 312/1000, Loss: 3.4779, Obj: 23.6858, Eq Viol (l1): 2.750984, Ineq Viol (l1): 0.006165, Epoch time: 0.10s
Epoch 313/1000, Loss: 3.5253, Obj: 24.6618, Eq Viol (l1): 2.760528, Ineq Viol (l1): 0.005968, Epoch time: 0.10s
Epoch 314/1000, Loss: 3.6968, Obj: 26.6415, Eq Viol (l1): 2.805568, Ineq Viol (l1): 0.008621, Epoch time: 0.10s
Epoch 315/1000, Loss: 3.6692, Obj: 27.2321, Eq Viol (l1): 2.810877, Ineq Viol (l1): 0.004810, Epoch time: 0.10s
Epoch 316/1000, Loss: 3.6177, Obj: 26.4500, Eq Viol (l1): 2.796040, Ineq Viol (l1): 0.004247, Epoch time: 0.10s
Epoch 317/1000, Loss: 3.5330, Obj: 25.5795, Eq Viol (l1): 2.767408, Ineq Viol (l1): 0.003004, Epoch time: 0.10s
Epoch 318/1000, Loss: 3.4963, Obj: 24.3960, Eq Viol (l1): 2.751867, Ineq Viol (l1): 0.004508, Epoch time: 0.10s
Epoch 319/1000, Loss: 3.4423, Obj: 24.0381, Eq Viol (l1): 2.743009, Ineq Viol (l1): 0.001014, Epoch time: 0.10s
Epoch 320/1000, Loss: 3.5476, Obj: 23.5697, Eq Viol (l1): 2.764106, Ineq Viol (l1): 0.013023, Epoch time: 0.10s
Epoch 321/1000, Loss: 3.6294, Obj: 26.3585, Eq Viol (l1): 2.797685, Ineq Viol (l1): 0.005676, Epoch time: 0.10s

Running validation at epoch 320...

VALIDATION_EPOCH_320 EVALUATION RESULTS:
==================================================
Obj:     2.667356e+01
Opt Gap:      4.681505e+01 ± 1.740134e+01
Eq Vio l1:   9.953022e-01 (max: 1.669845e+00)
Ineq Vio l1: 8.156997e-04 (max: 1.406856e-01)
Sol Dis:   2.531837e+02 ± 1.840044e+00
Merit:             3.663474e+01 ± 2.216727e-01
Avg Inf Time:  0.0002s
==================================================
✓ Model saved: results/nonsmooth_nonconvex/socp/SOCPProblem-100-50-50-10000/20260115-143717_MLP_sup_pen_seed0_nepochs1000_lr0.0001_trainsize3000_subopt_3_0.5/model_320.pt
Epoch 322/1000, Loss: 3.5660, Obj: 26.1738, Eq Viol (l1): 2.776804, Ineq Viol (l1): 0.002266, Epoch time: 0.10s
Epoch 323/1000, Loss: 3.5254, Obj: 24.9782, Eq Viol (l1): 2.753057, Ineq Viol (l1): 0.006570, Epoch time: 0.10s
Epoch 324/1000, Loss: 3.5325, Obj: 25.5961, Eq Viol (l1): 2.764889, Ineq Viol (l1): 0.002175, Epoch time: 0.10s
Epoch 325/1000, Loss: 3.4865, Obj: 25.3699, Eq Viol (l1): 2.743955, Ineq Viol (l1): 0.003003, Epoch time: 0.10s
Epoch 326/1000, Loss: 3.4378, Obj: 24.6753, Eq Viol (l1): 2.729320, Ineq Viol (l1): 0.001033, Epoch time: 0.10s
Epoch 327/1000, Loss: 3.4667, Obj: 23.5369, Eq Viol (l1): 2.741817, Ineq Viol (l1): 0.007591, Epoch time: 0.10s
Epoch 328/1000, Loss: 3.5732, Obj: 25.2977, Eq Viol (l1): 2.763841, Ineq Viol (l1): 0.008937, Epoch time: 0.10s
Epoch 329/1000, Loss: 3.5898, Obj: 26.9976, Eq Viol (l1): 2.782018, Ineq Viol (l1): 0.001552, Epoch time: 0.10s
Epoch 330/1000, Loss: 3.5578, Obj: 25.9450, Eq Viol (l1): 2.766322, Ineq Viol (l1): 0.005202, Epoch time: 0.10s
Epoch 331/1000, Loss: 3.5482, Obj: 25.1641, Eq Viol (l1): 2.756716, Ineq Viol (l1): 0.004723, Epoch time: 0.10s

Running validation at epoch 330...

VALIDATION_EPOCH_330 EVALUATION RESULTS:
==================================================
Obj:     2.492943e+01
Opt Gap:      4.318115e+01 ± 1.546563e+01
Eq Vio l1:   9.761278e-01 (max: 1.580685e+00)
Ineq Vio l1: 6.924120e-04 (max: 1.764390e-01)
Sol Dis:   2.439266e+02 ± 1.101908e+00
Merit:             3.469764e+01 ± 4.158056e-02
Avg Inf Time:  0.0002s
==================================================
✓ Model saved: results/nonsmooth_nonconvex/socp/SOCPProblem-100-50-50-10000/20260115-143717_MLP_sup_pen_seed0_nepochs1000_lr0.0001_trainsize3000_subopt_3_0.5/model_330.pt
Epoch 332/1000, Loss: 3.6297, Obj: 25.8795, Eq Viol (l1): 2.773260, Ineq Viol (l1): 0.012493, Epoch time: 0.10s
Epoch 333/1000, Loss: 3.7141, Obj: 27.6204, Eq Viol (l1): 2.780729, Ineq Viol (l1): 0.009560, Epoch time: 0.10s
Epoch 334/1000, Loss: 3.6048, Obj: 26.9320, Eq Viol (l1): 2.785964, Ineq Viol (l1): 0.002139, Epoch time: 0.10s
Epoch 335/1000, Loss: 3.6890, Obj: 26.2807, Eq Viol (l1): 2.771411, Ineq Viol (l1): 0.012162, Epoch time: 0.10s
Epoch 336/1000, Loss: 3.5470, Obj: 25.9314, Eq Viol (l1): 2.761114, Ineq Viol (l1): 0.004374, Epoch time: 0.10s
Epoch 337/1000, Loss: 3.4892, Obj: 25.0814, Eq Viol (l1): 2.747126, Ineq Viol (l1): 0.001895, Epoch time: 0.10s
Epoch 338/1000, Loss: 3.4185, Obj: 23.8761, Eq Viol (l1): 2.724565, Ineq Viol (l1): 0.003309, Epoch time: 0.10s
Epoch 339/1000, Loss: 3.3836, Obj: 23.2046, Eq Viol (l1): 2.707738, Ineq Viol (l1): 0.004024, Epoch time: 0.10s
Epoch 340/1000, Loss: 3.4627, Obj: 23.7709, Eq Viol (l1): 2.727305, Ineq Viol (l1): 0.006928, Epoch time: 0.19s
Epoch 341/1000, Loss: 3.4532, Obj: 24.5446, Eq Viol (l1): 2.733679, Ineq Viol (l1): 0.002817, Epoch time: 0.10s

Running validation at epoch 340...

VALIDATION_EPOCH_340 EVALUATION RESULTS:
==================================================
Obj:     2.441858e+01
Opt Gap:      4.267881e+01 ± 1.539526e+01
Eq Vio l1:   9.513839e-01 (max: 1.458371e+00)
Ineq Vio l1: 1.159880e-03 (max: 1.727645e-01)
Sol Dis:   2.410356e+02 ± 1.551324e+00
Merit:             3.394402e+01 ± 1.919160e-01
Avg Inf Time:  0.0002s
==================================================
✓ Model saved: results/nonsmooth_nonconvex/socp/SOCPProblem-100-50-50-10000/20260115-143717_MLP_sup_pen_seed0_nepochs1000_lr0.0001_trainsize3000_subopt_3_0.5/model_340.pt
Epoch 342/1000, Loss: 3.4392, Obj: 24.7207, Eq Viol (l1): 2.711618, Ineq Viol (l1): 0.005160, Epoch time: 0.10s
Epoch 343/1000, Loss: 3.4826, Obj: 25.1864, Eq Viol (l1): 2.731708, Ineq Viol (l1): 0.003747, Epoch time: 0.10s
Epoch 344/1000, Loss: 3.4772, Obj: 25.1798, Eq Viol (l1): 2.729046, Ineq Viol (l1): 0.004783, Epoch time: 0.10s
Epoch 345/1000, Loss: 3.4235, Obj: 24.8302, Eq Viol (l1): 2.710827, Ineq Viol (l1): 0.003102, Epoch time: 0.10s
Epoch 346/1000, Loss: 3.4057, Obj: 24.0005, Eq Viol (l1): 2.720752, Ineq Viol (l1): 0.001115, Epoch time: 0.10s
Epoch 347/1000, Loss: 3.3441, Obj: 23.2053, Eq Viol (l1): 2.684503, Ineq Viol (l1): 0.004328, Epoch time: 0.10s
Epoch 348/1000, Loss: 3.3518, Obj: 23.0923, Eq Viol (l1): 2.690453, Ineq Viol (l1): 0.003777, Epoch time: 0.10s
Epoch 349/1000, Loss: 3.3634, Obj: 23.1619, Eq Viol (l1): 2.695670, Ineq Viol (l1): 0.005065, Epoch time: 0.10s
Epoch 350/1000, Loss: 3.3666, Obj: 23.4311, Eq Viol (l1): 2.697172, Ineq Viol (l1): 0.004020, Epoch time: 0.10s
Epoch 351/1000, Loss: 3.3781, Obj: 23.5464, Eq Viol (l1): 2.694057, Ineq Viol (l1): 0.005623, Epoch time: 0.10s

Running validation at epoch 350...

VALIDATION_EPOCH_350 EVALUATION RESULTS:
==================================================
Obj:     2.423683e+01
Opt Gap:      4.330412e+01 ± 1.641554e+01
Eq Vio l1:   9.752014e-01 (max: 1.471181e+00)
Ineq Vio l1: 0.000000e+00 (max: 0.000000e+00)
Sol Dis:   2.402168e+02 ± 1.338345e+00
Merit:             3.398885e+01 ± 1.627338e-01
Avg Inf Time:  0.0002s
==================================================
✓ Model saved: results/nonsmooth_nonconvex/socp/SOCPProblem-100-50-50-10000/20260115-143717_MLP_sup_pen_seed0_nepochs1000_lr0.0001_trainsize3000_subopt_3_0.5/model_350.pt
Epoch 352/1000, Loss: 3.3905, Obj: 23.9504, Eq Viol (l1): 2.708882, Ineq Viol (l1): 0.001623, Epoch time: 0.10s
Epoch 353/1000, Loss: 3.4424, Obj: 23.7567, Eq Viol (l1): 2.695282, Ineq Viol (l1): 0.011914, Epoch time: 0.10s
Epoch 354/1000, Loss: 3.5267, Obj: 25.9327, Eq Viol (l1): 2.732938, Ineq Viol (l1): 0.009801, Epoch time: 0.10s
Epoch 355/1000, Loss: 3.6551, Obj: 27.0802, Eq Viol (l1): 2.778570, Ineq Viol (l1): 0.005058, Epoch time: 0.10s
Epoch 356/1000, Loss: 3.5134, Obj: 25.8246, Eq Viol (l1): 2.734946, Ineq Viol (l1): 0.006524, Epoch time: 0.10s
Epoch 357/1000, Loss: 3.4959, Obj: 26.0164, Eq Viol (l1): 2.734715, Ineq Viol (l1): 0.002258, Epoch time: 0.10s
Epoch 358/1000, Loss: 3.4838, Obj: 25.0153, Eq Viol (l1): 2.717525, Ineq Viol (l1): 0.007727, Epoch time: 0.10s
Epoch 359/1000, Loss: 3.4859, Obj: 26.3296, Eq Viol (l1): 2.726064, Ineq Viol (l1): 0.001723, Epoch time: 0.10s
Epoch 360/1000, Loss: 3.4803, Obj: 25.4139, Eq Viol (l1): 2.730148, Ineq Viol (l1): 0.004572, Epoch time: 0.10s
Epoch 361/1000, Loss: 3.4033, Obj: 24.7263, Eq Viol (l1): 2.701668, Ineq Viol (l1): 0.002035, Epoch time: 0.10s

Running validation at epoch 360...

VALIDATION_EPOCH_360 EVALUATION RESULTS:
==================================================
Obj:     2.430641e+01
Opt Gap:      4.229495e+01 ± 1.530909e+01
Eq Vio l1:   9.566651e-01 (max: 1.471087e+00)
Ineq Vio l1: 1.929658e-04 (max: 4.476806e-02)
Sol Dis:   2.404078e+02 ± 1.702539e+00
Merit:             3.387499e+01 ± 2.674521e-01
Avg Inf Time:  0.0002s
==================================================
✓ Model saved: results/nonsmooth_nonconvex/socp/SOCPProblem-100-50-50-10000/20260115-143717_MLP_sup_pen_seed0_nepochs1000_lr0.0001_trainsize3000_subopt_3_0.5/model_360.pt
Epoch 362/1000, Loss: 3.3727, Obj: 23.7915, Eq Viol (l1): 2.698531, Ineq Viol (l1): 0.002965, Epoch time: 0.10s
Epoch 363/1000, Loss: 3.3317, Obj: 23.4142, Eq Viol (l1): 2.668590, Ineq Viol (l1): 0.004292, Epoch time: 0.10s
Epoch 364/1000, Loss: 3.3779, Obj: 23.5815, Eq Viol (l1): 2.701675, Ineq Viol (l1): 0.003173, Epoch time: 0.10s
Epoch 365/1000, Loss: 3.4021, Obj: 23.8112, Eq Viol (l1): 2.700273, Ineq Viol (l1): 0.006592, Epoch time: 0.10s
Epoch 366/1000, Loss: 3.4310, Obj: 24.9516, Eq Viol (l1): 2.704304, Ineq Viol (l1): 0.005391, Epoch time: 0.10s
Epoch 367/1000, Loss: 3.5100, Obj: 25.7167, Eq Viol (l1): 2.716930, Ineq Viol (l1): 0.006698, Epoch time: 0.10s
Epoch 368/1000, Loss: 3.4742, Obj: 26.6355, Eq Viol (l1): 2.719312, Ineq Viol (l1): 0.000943, Epoch time: 0.10s
Epoch 369/1000, Loss: 3.8095, Obj: 26.8913, Eq Viol (l1): 2.761545, Ineq Viol (l1): 0.019189, Epoch time: 0.10s
Epoch 370/1000, Loss: 3.6584, Obj: 26.9237, Eq Viol (l1): 2.741297, Ineq Viol (l1): 0.012474, Epoch time: 0.10s
Epoch 371/1000, Loss: 3.4521, Obj: 24.9934, Eq Viol (l1): 2.730908, Ineq Viol (l1): 0.001368, Epoch time: 0.10s

Running validation at epoch 370...

VALIDATION_EPOCH_370 EVALUATION RESULTS:
==================================================
Obj:     2.421539e+01
Opt Gap:      4.201837e+01 ± 1.541652e+01
Eq Vio l1:   9.785733e-01 (max: 1.536646e+00)
Ineq Vio l1: 0.000000e+00 (max: 0.000000e+00)
Sol Dis:   2.399642e+02 ± 1.765781e+00
Merit:             3.400112e+01 ± 1.003246e-01
Avg Inf Time:  0.0002s
==================================================
✓ Model saved: results/nonsmooth_nonconvex/socp/SOCPProblem-100-50-50-10000/20260115-143717_MLP_sup_pen_seed0_nepochs1000_lr0.0001_trainsize3000_subopt_3_0.5/model_370.pt
Epoch 372/1000, Loss: 3.3637, Obj: 23.8967, Eq Viol (l1): 2.685841, Ineq Viol (l1): 0.003414, Epoch time: 0.10s
Epoch 373/1000, Loss: 3.3180, Obj: 23.4175, Eq Viol (l1): 2.669957, Ineq Viol (l1): 0.002599, Epoch time: 0.10s
Epoch 374/1000, Loss: 3.3189, Obj: 22.8569, Eq Viol (l1): 2.679760, Ineq Viol (l1): 0.003870, Epoch time: 0.10s
Epoch 375/1000, Loss: 3.3366, Obj: 22.6160, Eq Viol (l1): 2.664572, Ineq Viol (l1): 0.009072, Epoch time: 0.10s
Epoch 376/1000, Loss: 3.4189, Obj: 24.5253, Eq Viol (l1): 2.696726, Ineq Viol (l1): 0.004982, Epoch time: 0.10s
Epoch 377/1000, Loss: 3.5741, Obj: 27.3032, Eq Viol (l1): 2.736230, Ineq Viol (l1): 0.006474, Epoch time: 0.10s
Epoch 378/1000, Loss: 3.6584, Obj: 27.9218, Eq Viol (l1): 2.745964, Ineq Viol (l1): 0.011943, Epoch time: 0.10s
Epoch 379/1000, Loss: 3.5205, Obj: 27.7374, Eq Viol (l1): 2.731955, Ineq Viol (l1): 0.001199, Epoch time: 0.10s
Epoch 380/1000, Loss: 3.4383, Obj: 26.2865, Eq Viol (l1): 2.692007, Ineq Viol (l1): 0.003919, Epoch time: 0.10s
Epoch 381/1000, Loss: 3.4523, Obj: 25.9164, Eq Viol (l1): 2.706664, Ineq Viol (l1): 0.002716, Epoch time: 0.10s

Running validation at epoch 380...

VALIDATION_EPOCH_380 EVALUATION RESULTS:
==================================================
Obj:     2.563830e+01
Opt Gap:      4.507031e+01 ± 1.718842e+01
Eq Vio l1:   9.441145e-01 (max: 1.392846e+00)
Ineq Vio l1: 4.567237e-04 (max: 9.401025e-02)
Sol Dis:   2.472916e+02 ± 2.035063e+00
Merit:             3.508402e+01 ± 1.292842e-01
Avg Inf Time:  0.0002s
==================================================
✓ Model saved: results/nonsmooth_nonconvex/socp/SOCPProblem-100-50-50-10000/20260115-143717_MLP_sup_pen_seed0_nepochs1000_lr0.0001_trainsize3000_subopt_3_0.5/model_380.pt
Epoch 382/1000, Loss: 3.3707, Obj: 25.1309, Eq Viol (l1): 2.677292, Ineq Viol (l1): 0.002234, Epoch time: 0.10s
Epoch 383/1000, Loss: 3.3485, Obj: 24.4602, Eq Viol (l1): 2.667969, Ineq Viol (l1): 0.002631, Epoch time: 0.10s
Epoch 384/1000, Loss: 3.3486, Obj: 23.7266, Eq Viol (l1): 2.683072, Ineq Viol (l1): 0.002307, Epoch time: 0.10s
Epoch 385/1000, Loss: 3.3085, Obj: 22.9218, Eq Viol (l1): 2.666858, Ineq Viol (l1): 0.004181, Epoch time: 0.10s
Epoch 386/1000, Loss: 3.2735, Obj: 22.8446, Eq Viol (l1): 2.654014, Ineq Viol (l1): 0.002800, Epoch time: 0.10s
Epoch 387/1000, Loss: 3.3114, Obj: 22.9650, Eq Viol (l1): 2.662842, Ineq Viol (l1): 0.007347, Epoch time: 0.10s
Epoch 388/1000, Loss: 3.4218, Obj: 25.1451, Eq Viol (l1): 2.684936, Ineq Viol (l1): 0.005913, Epoch time: 0.10s
Epoch 389/1000, Loss: 3.3713, Obj: 25.7112, Eq Viol (l1): 2.675563, Ineq Viol (l1): 0.001138, Epoch time: 0.10s
Epoch 390/1000, Loss: 3.3685, Obj: 25.0396, Eq Viol (l1): 2.669062, Ineq Viol (l1): 0.004207, Epoch time: 0.10s
Epoch 391/1000, Loss: 3.3768, Obj: 25.0668, Eq Viol (l1): 2.677330, Ineq Viol (l1): 0.003386, Epoch time: 0.10s

Running validation at epoch 390...

VALIDATION_EPOCH_390 EVALUATION RESULTS:
==================================================
Obj:     2.527639e+01
Opt Gap:      4.410846e+01 ± 1.602236e+01
Eq Vio l1:   9.647120e-01 (max: 1.553721e+00)
Ineq Vio l1: 0.000000e+00 (max: 0.000000e+00)
Sol Dis:   2.456956e+02 ± 1.566447e+00
Merit:             3.492351e+01 ± 9.133215e-03
Avg Inf Time:  0.0002s
==================================================
✓ Model saved: results/nonsmooth_nonconvex/socp/SOCPProblem-100-50-50-10000/20260115-143717_MLP_sup_pen_seed0_nepochs1000_lr0.0001_trainsize3000_subopt_3_0.5/model_390.pt
Epoch 392/1000, Loss: 3.3540, Obj: 24.8336, Eq Viol (l1): 2.674819, Ineq Viol (l1): 0.000602, Epoch time: 0.10s
Epoch 393/1000, Loss: 3.2995, Obj: 23.6329, Eq Viol (l1): 2.658739, Ineq Viol (l1): 0.002609, Epoch time: 0.10s
Epoch 394/1000, Loss: 3.2866, Obj: 22.7973, Eq Viol (l1): 2.653513, Ineq Viol (l1): 0.004768, Epoch time: 0.10s
Epoch 395/1000, Loss: 3.3013, Obj: 22.9709, Eq Viol (l1): 2.658060, Ineq Viol (l1): 0.005236, Epoch time: 0.10s
Epoch 396/1000, Loss: 3.2690, Obj: 23.4693, Eq Viol (l1): 2.645004, Ineq Viol (l1): 0.001648, Epoch time: 0.10s
Epoch 397/1000, Loss: 3.2689, Obj: 23.1081, Eq Viol (l1): 2.645356, Ineq Viol (l1): 0.002716, Epoch time: 0.10s
Epoch 398/1000, Loss: 3.2912, Obj: 22.8414, Eq Viol (l1): 2.640403, Ineq Viol (l1): 0.006353, Epoch time: 0.10s
Epoch 399/1000, Loss: 3.3047, Obj: 23.8725, Eq Viol (l1): 2.646738, Ineq Viol (l1): 0.006158, Epoch time: 0.10s
Epoch 400/1000, Loss: 3.3288, Obj: 24.4768, Eq Viol (l1): 2.665357, Ineq Viol (l1): 0.001450, Epoch time: 0.10s
Epoch 401/1000, Loss: 3.3286, Obj: 23.9441, Eq Viol (l1): 2.668191, Ineq Viol (l1): 0.002091, Epoch time: 0.10s

Running validation at epoch 400...

VALIDATION_EPOCH_400 EVALUATION RESULTS:
==================================================
Obj:     2.353372e+01
Opt Gap:      4.179847e+01 ± 1.570899e+01
Eq Vio l1:   9.343882e-01 (max: 1.441822e+00)
Ineq Vio l1: 4.232267e-04 (max: 9.818860e-02)
Sol Dis:   2.366382e+02 ± 1.538971e+00
Merit:             3.288183e+01 ± 9.497096e-02
Avg Inf Time:  0.0002s
==================================================
✓ Model saved: results/nonsmooth_nonconvex/socp/SOCPProblem-100-50-50-10000/20260115-143717_MLP_sup_pen_seed0_nepochs1000_lr0.0001_trainsize3000_subopt_3_0.5/model_400.pt
Epoch 402/1000, Loss: 3.2742, Obj: 23.2303, Eq Viol (l1): 2.639201, Ineq Viol (l1): 0.005203, Epoch time: 0.10s
Epoch 403/1000, Loss: 3.2807, Obj: 23.3000, Eq Viol (l1): 2.643760, Ineq Viol (l1): 0.004307, Epoch time: 0.10s
Epoch 404/1000, Loss: 3.2959, Obj: 23.6940, Eq Viol (l1): 2.648358, Ineq Viol (l1): 0.003864, Epoch time: 0.10s
Epoch 405/1000, Loss: 3.2985, Obj: 23.9863, Eq Viol (l1): 2.649348, Ineq Viol (l1): 0.002953, Epoch time: 0.10s
Epoch 406/1000, Loss: 3.3071, Obj: 24.5102, Eq Viol (l1): 2.641300, Ineq Viol (l1): 0.003219, Epoch time: 0.10s
Epoch 407/1000, Loss: 3.3740, Obj: 24.9318, Eq Viol (l1): 2.663556, Ineq Viol (l1): 0.007780, Epoch time: 0.10s
Epoch 408/1000, Loss: 3.4768, Obj: 26.0256, Eq Viol (l1): 2.682863, Ineq Viol (l1): 0.008503, Epoch time: 0.10s
Epoch 409/1000, Loss: 3.4794, Obj: 26.6040, Eq Viol (l1): 2.679725, Ineq Viol (l1): 0.006845, Epoch time: 0.10s
Epoch 410/1000, Loss: 3.3929, Obj: 26.1687, Eq Viol (l1): 2.676821, Ineq Viol (l1): 0.000359, Epoch time: 0.10s
Epoch 411/1000, Loss: 3.3108, Obj: 24.7840, Eq Viol (l1): 2.646389, Ineq Viol (l1): 0.003111, Epoch time: 0.10s

Running validation at epoch 410...

VALIDATION_EPOCH_410 EVALUATION RESULTS:
==================================================
Obj:     2.438044e+01
Opt Gap:      4.349219e+01 ± 1.662042e+01
Eq Vio l1:   9.443103e-01 (max: 1.550666e+00)
Ineq Vio l1: 7.870231e-04 (max: 1.835680e-01)
Sol Dis:   2.410079e+02 ± 1.152618e+00
Merit:             3.383141e+01 ± 1.086090e-01
Avg Inf Time:  0.0002s
==================================================
✓ Model saved: results/nonsmooth_nonconvex/socp/SOCPProblem-100-50-50-10000/20260115-143717_MLP_sup_pen_seed0_nepochs1000_lr0.0001_trainsize3000_subopt_3_0.5/model_410.pt
Epoch 412/1000, Loss: 3.2521, Obj: 23.7480, Eq Viol (l1): 2.623934, Ineq Viol (l1): 0.002542, Epoch time: 0.10s
Epoch 413/1000, Loss: 3.2369, Obj: 22.9682, Eq Viol (l1): 2.628561, Ineq Viol (l1): 0.003297, Epoch time: 0.10s
Epoch 414/1000, Loss: 3.2450, Obj: 22.8012, Eq Viol (l1): 2.631182, Ineq Viol (l1): 0.003094, Epoch time: 0.10s
Epoch 415/1000, Loss: 3.2369, Obj: 22.8137, Eq Viol (l1): 2.627323, Ineq Viol (l1): 0.004010, Epoch time: 0.10s
Epoch 416/1000, Loss: 3.2555, Obj: 23.1605, Eq Viol (l1): 2.632530, Ineq Viol (l1): 0.003615, Epoch time: 0.10s
Epoch 417/1000, Loss: 3.2162, Obj: 22.9002, Eq Viol (l1): 2.617758, Ineq Viol (l1): 0.003040, Epoch time: 0.10s
Epoch 418/1000, Loss: 3.2049, Obj: 22.5109, Eq Viol (l1): 2.619020, Ineq Viol (l1): 0.002243, Epoch time: 0.10s
Epoch 419/1000, Loss: 3.2148, Obj: 22.2183, Eq Viol (l1): 2.623050, Ineq Viol (l1): 0.004390, Epoch time: 0.10s
Epoch 420/1000, Loss: 3.2146, Obj: 22.3266, Eq Viol (l1): 2.624119, Ineq Viol (l1): 0.004590, Epoch time: 0.10s
Epoch 421/1000, Loss: 3.2374, Obj: 22.6808, Eq Viol (l1): 2.627298, Ineq Viol (l1): 0.003571, Epoch time: 0.10s

Running validation at epoch 420...

VALIDATION_EPOCH_420 EVALUATION RESULTS:
==================================================
Obj:     2.299495e+01
Opt Gap:      4.107405e+01 ± 1.571861e+01
Eq Vio l1:   9.039616e-01 (max: 1.269536e+00)
Ineq Vio l1: 1.286946e-04 (max: 2.985715e-02)
Sol Dis:   2.338145e+02 ± 1.076454e+00
Merit:             3.203585e+01 ± 1.165072e-01
Avg Inf Time:  0.0002s
==================================================
✓ Model saved: results/nonsmooth_nonconvex/socp/SOCPProblem-100-50-50-10000/20260115-143717_MLP_sup_pen_seed0_nepochs1000_lr0.0001_trainsize3000_subopt_3_0.5/model_420.pt
Epoch 422/1000, Loss: 3.2236, Obj: 22.9583, Eq Viol (l1): 2.620248, Ineq Viol (l1): 0.002361, Epoch time: 0.10s
Epoch 423/1000, Loss: 3.2744, Obj: 23.0014, Eq Viol (l1): 2.630253, Ineq Viol (l1): 0.008269, Epoch time: 0.10s
Epoch 424/1000, Loss: 3.3098, Obj: 24.2074, Eq Viol (l1): 2.645877, Ineq Viol (l1): 0.005150, Epoch time: 0.10s
Epoch 425/1000, Loss: 3.3143, Obj: 25.0006, Eq Viol (l1): 2.647084, Ineq Viol (l1): 0.001854, Epoch time: 0.10s
Epoch 426/1000, Loss: 3.3047, Obj: 24.6092, Eq Viol (l1): 2.645428, Ineq Viol (l1): 0.001557, Epoch time: 0.10s
Epoch 427/1000, Loss: 3.2634, Obj: 23.9408, Eq Viol (l1): 2.620437, Ineq Viol (l1): 0.004463, Epoch time: 0.10s
Epoch 428/1000, Loss: 3.2302, Obj: 23.6917, Eq Viol (l1): 2.617146, Ineq Viol (l1): 0.000549, Epoch time: 0.10s
Epoch 429/1000, Loss: 3.2298, Obj: 23.3929, Eq Viol (l1): 2.611674, Ineq Viol (l1): 0.004619, Epoch time: 0.10s
Epoch 430/1000, Loss: 3.2256, Obj: 23.4634, Eq Viol (l1): 2.619343, Ineq Viol (l1): 0.001121, Epoch time: 0.10s
Epoch 431/1000, Loss: 3.1895, Obj: 22.5781, Eq Viol (l1): 2.601902, Ineq Viol (l1): 0.004993, Epoch time: 0.10s

Running validation at epoch 430...

VALIDATION_EPOCH_430 EVALUATION RESULTS:
==================================================
Obj:     2.253561e+01
Opt Gap:      3.996001e+01 ± 1.504191e+01
Eq Vio l1:   9.417530e-01 (max: 1.474718e+00)
Ineq Vio l1: 2.375661e-04 (max: 6.081692e-02)
Sol Dis:   2.314567e+02 ± 1.472043e+00
Merit:             3.195551e+01 ± 6.673571e-02
Avg Inf Time:  0.0002s
==================================================
✓ Model saved: results/nonsmooth_nonconvex/socp/SOCPProblem-100-50-50-10000/20260115-143717_MLP_sup_pen_seed0_nepochs1000_lr0.0001_trainsize3000_subopt_3_0.5/model_430.pt
Epoch 432/1000, Loss: 3.2123, Obj: 22.5116, Eq Viol (l1): 2.623126, Ineq Viol (l1): 0.002572, Epoch time: 0.10s
Epoch 433/1000, Loss: 3.2468, Obj: 22.8005, Eq Viol (l1): 2.621750, Ineq Viol (l1): 0.005336, Epoch time: 0.10s
Epoch 434/1000, Loss: 3.2679, Obj: 23.7652, Eq Viol (l1): 2.615682, Ineq Viol (l1): 0.006699, Epoch time: 0.10s
Epoch 435/1000, Loss: 3.3956, Obj: 25.5569, Eq Viol (l1): 2.662690, Ineq Viol (l1): 0.007600, Epoch time: 0.10s
Epoch 436/1000, Loss: 3.3420, Obj: 26.4146, Eq Viol (l1): 2.642381, Ineq Viol (l1): 0.001886, Epoch time: 0.10s
Epoch 437/1000, Loss: 3.3156, Obj: 25.6069, Eq Viol (l1): 2.636409, Ineq Viol (l1): 0.001454, Epoch time: 0.10s
Epoch 438/1000, Loss: 3.2660, Obj: 24.7606, Eq Viol (l1): 2.616739, Ineq Viol (l1): 0.001529, Epoch time: 0.10s
Epoch 439/1000, Loss: 3.2571, Obj: 23.8409, Eq Viol (l1): 2.618870, Ineq Viol (l1): 0.004672, Epoch time: 0.10s
Epoch 440/1000, Loss: 3.2315, Obj: 23.7353, Eq Viol (l1): 2.605686, Ineq Viol (l1): 0.004100, Epoch time: 0.10s
Epoch 441/1000, Loss: 3.2444, Obj: 23.8564, Eq Viol (l1): 2.624942, Ineq Viol (l1): 0.001414, Epoch time: 0.10s

Running validation at epoch 440...

VALIDATION_EPOCH_440 EVALUATION RESULTS:
==================================================
Obj:     2.360815e+01
Opt Gap:      4.105998e+01 ± 1.487589e+01
Eq Vio l1:   9.456943e-01 (max: 1.440841e+00)
Ineq Vio l1: 3.634376e-04 (max: 9.224396e-02)
Sol Dis:   2.370442e+02 ± 1.679646e+00
Merit:             3.306873e+01 ± 5.568942e-02
Avg Inf Time:  0.0002s
==================================================
✓ Model saved: results/nonsmooth_nonconvex/socp/SOCPProblem-100-50-50-10000/20260115-143717_MLP_sup_pen_seed0_nepochs1000_lr0.0001_trainsize3000_subopt_3_0.5/model_440.pt
Epoch 442/1000, Loss: 3.3409, Obj: 23.9256, Eq Viol (l1): 2.641050, Ineq Viol (l1): 0.007730, Epoch time: 0.10s
Epoch 443/1000, Loss: 3.3502, Obj: 25.2062, Eq Viol (l1): 2.644268, Ineq Viol (l1): 0.008355, Epoch time: 0.10s
Epoch 444/1000, Loss: 3.3350, Obj: 26.3717, Eq Viol (l1): 2.640615, Ineq Viol (l1): 0.001117, Epoch time: 0.10s
Epoch 445/1000, Loss: 3.3316, Obj: 25.7030, Eq Viol (l1): 2.646683, Ineq Viol (l1): 0.002028, Epoch time: 0.10s
Epoch 446/1000, Loss: 3.3489, Obj: 24.6332, Eq Viol (l1): 2.621669, Ineq Viol (l1): 0.008825, Epoch time: 0.10s
Epoch 447/1000, Loss: 3.4225, Obj: 25.4678, Eq Viol (l1): 2.652442, Ineq Viol (l1): 0.011277, Epoch time: 0.10s
Epoch 448/1000, Loss: 3.4713, Obj: 27.9005, Eq Viol (l1): 2.678500, Ineq Viol (l1): 0.006866, Epoch time: 0.10s
Epoch 449/1000, Loss: 3.3468, Obj: 26.2432, Eq Viol (l1): 2.646662, Ineq Viol (l1): 0.002106, Epoch time: 0.10s
Epoch 450/1000, Loss: 3.2741, Obj: 24.8824, Eq Viol (l1): 2.625757, Ineq Viol (l1): 0.000547, Epoch time: 0.10s
Epoch 451/1000, Loss: 3.2263, Obj: 23.3843, Eq Viol (l1): 2.606751, Ineq Viol (l1): 0.003770, Epoch time: 0.10s

Running validation at epoch 450...

VALIDATION_EPOCH_450 EVALUATION RESULTS:
==================================================
Obj:     2.322208e+01
Opt Gap:      4.114945e+01 ± 1.558338e+01
Eq Vio l1:   9.581244e-01 (max: 1.442401e+00)
Ineq Vio l1: 2.067230e-04 (max: 5.292110e-02)
Sol Dis:   2.348457e+02 ± 1.525540e+00
Merit:             3.280539e+01 ± 3.754737e-02
Avg Inf Time:  0.0002s
==================================================
✓ Model saved: results/nonsmooth_nonconvex/socp/SOCPProblem-100-50-50-10000/20260115-143717_MLP_sup_pen_seed0_nepochs1000_lr0.0001_trainsize3000_subopt_3_0.5/model_450.pt
Epoch 452/1000, Loss: 3.2848, Obj: 23.7699, Eq Viol (l1): 2.626263, Ineq Viol (l1): 0.006069, Epoch time: 0.19s
Epoch 453/1000, Loss: 3.3237, Obj: 25.4107, Eq Viol (l1): 2.633195, Ineq Viol (l1): 0.003274, Epoch time: 0.10s
Epoch 454/1000, Loss: 3.3063, Obj: 25.5551, Eq Viol (l1): 2.636084, Ineq Viol (l1): 0.001365, Epoch time: 0.10s
Epoch 455/1000, Loss: 3.2783, Obj: 24.6531, Eq Viol (l1): 2.620648, Ineq Viol (l1): 0.003839, Epoch time: 0.10s
Epoch 456/1000, Loss: 3.2977, Obj: 24.9120, Eq Viol (l1): 2.622804, Ineq Viol (l1): 0.003917, Epoch time: 0.10s
Epoch 457/1000, Loss: 3.3268, Obj: 25.2956, Eq Viol (l1): 2.635097, Ineq Viol (l1): 0.005402, Epoch time: 0.10s
Epoch 458/1000, Loss: 3.3101, Obj: 25.8153, Eq Viol (l1): 2.627819, Ineq Viol (l1): 0.000940, Epoch time: 0.10s
Epoch 459/1000, Loss: 3.2976, Obj: 24.8643, Eq Viol (l1): 2.632325, Ineq Viol (l1): 0.003784, Epoch time: 0.10s
Epoch 460/1000, Loss: 3.2421, Obj: 24.3263, Eq Viol (l1): 2.600963, Ineq Viol (l1): 0.003651, Epoch time: 0.10s
Epoch 461/1000, Loss: 3.2349, Obj: 24.1905, Eq Viol (l1): 2.612160, Ineq Viol (l1): 0.000758, Epoch time: 0.10s

Running validation at epoch 460...

VALIDATION_EPOCH_460 EVALUATION RESULTS:
==================================================
Obj:     2.378087e+01
Opt Gap:      4.283353e+01 ± 1.646979e+01
Eq Vio l1:   9.173810e-01 (max: 1.434304e+00)
Ineq Vio l1: 8.433333e-05 (max: 2.158933e-02)
Sol Dis:   2.378718e+02 ± 1.751822e+00
Merit:             3.295552e+01 ± 9.085243e-02
Avg Inf Time:  0.0002s
==================================================
✓ Model saved: results/nonsmooth_nonconvex/socp/SOCPProblem-100-50-50-10000/20260115-143717_MLP_sup_pen_seed0_nepochs1000_lr0.0001_trainsize3000_subopt_3_0.5/model_460.pt
Epoch 462/1000, Loss: 3.2324, Obj: 23.4349, Eq Viol (l1): 2.614536, Ineq Viol (l1): 0.003702, Epoch time: 0.10s
Epoch 463/1000, Loss: 3.2199, Obj: 23.0230, Eq Viol (l1): 2.606037, Ineq Viol (l1): 0.004035, Epoch time: 0.10s
Epoch 464/1000, Loss: 3.2578, Obj: 23.1089, Eq Viol (l1): 2.621927, Ineq Viol (l1): 0.007206, Epoch time: 0.10s
Epoch 465/1000, Loss: 3.3501, Obj: 24.7005, Eq Viol (l1): 2.640897, Ineq Viol (l1): 0.004962, Epoch time: 0.10s
Epoch 466/1000, Loss: 3.4524, Obj: 26.0080, Eq Viol (l1): 2.654051, Ineq Viol (l1): 0.010068, Epoch time: 0.10s
Epoch 467/1000, Loss: 3.4388, Obj: 26.4863, Eq Viol (l1): 2.658491, Ineq Viol (l1): 0.009328, Epoch time: 0.10s
Epoch 468/1000, Loss: 3.2808, Obj: 25.5072, Eq Viol (l1): 2.614007, Ineq Viol (l1): 0.001975, Epoch time: 0.10s
Epoch 469/1000, Loss: 3.2511, Obj: 24.5314, Eq Viol (l1): 2.610102, Ineq Viol (l1): 0.001845, Epoch time: 0.10s
Epoch 470/1000, Loss: 3.2122, Obj: 23.4214, Eq Viol (l1): 2.605084, Ineq Viol (l1): 0.002493, Epoch time: 0.10s
Epoch 471/1000, Loss: 3.1818, Obj: 22.5427, Eq Viol (l1): 2.605109, Ineq Viol (l1): 0.000808, Epoch time: 0.10s

Running validation at epoch 470...

VALIDATION_EPOCH_470 EVALUATION RESULTS:
==================================================
Obj:     2.196274e+01
Opt Gap:      3.902225e+01 ± 1.499698e+01
Eq Vio l1:   8.928509e-01 (max: 1.298578e+00)
Ineq Vio l1: 5.853998e-05 (max: 1.498624e-02)
Sol Dis:   2.283281e+02 ± 1.352433e+00
Merit:             3.089184e+01 ± 6.433222e-02
Avg Inf Time:  0.0002s
==================================================
✓ Model saved: results/nonsmooth_nonconvex/socp/SOCPProblem-100-50-50-10000/20260115-143717_MLP_sup_pen_seed0_nepochs1000_lr0.0001_trainsize3000_subopt_3_0.5/model_470.pt
Epoch 472/1000, Loss: 3.1520, Obj: 21.9111, Eq Viol (l1): 2.586618, Ineq Viol (l1): 0.005286, Epoch time: 0.10s
Epoch 473/1000, Loss: 3.1475, Obj: 22.0020, Eq Viol (l1): 2.589298, Ineq Viol (l1): 0.003124, Epoch time: 0.10s
Epoch 474/1000, Loss: 3.1523, Obj: 21.9605, Eq Viol (l1): 2.589948, Ineq Viol (l1): 0.003346, Epoch time: 0.10s
Epoch 475/1000, Loss: 3.1658, Obj: 21.9612, Eq Viol (l1): 2.592753, Ineq Viol (l1): 0.003425, Epoch time: 0.10s
Epoch 476/1000, Loss: 3.1672, Obj: 22.3167, Eq Viol (l1): 2.595074, Ineq Viol (l1): 0.003104, Epoch time: 0.10s
Epoch 477/1000, Loss: 3.2848, Obj: 23.1480, Eq Viol (l1): 2.601126, Ineq Viol (l1): 0.010747, Epoch time: 0.10s
Epoch 478/1000, Loss: 3.4743, Obj: 25.3062, Eq Viol (l1): 2.643550, Ineq Viol (l1): 0.012394, Epoch time: 0.10s
Epoch 479/1000, Loss: 3.3739, Obj: 27.2199, Eq Viol (l1): 2.632657, Ineq Viol (l1): 0.004740, Epoch time: 0.10s
Epoch 480/1000, Loss: 3.3286, Obj: 26.7795, Eq Viol (l1): 2.629678, Ineq Viol (l1): 0.000314, Epoch time: 0.10s
Epoch 481/1000, Loss: 3.2591, Obj: 25.3854, Eq Viol (l1): 2.607468, Ineq Viol (l1): 0.000642, Epoch time: 0.10s

Running validation at epoch 480...

VALIDATION_EPOCH_480 EVALUATION RESULTS:
==================================================
Obj:     2.450069e+01
Opt Gap:      4.406402e+01 ± 1.697999e+01
Eq Vio l1:   8.895653e-01 (max: 1.332599e+00)
Ineq Vio l1: 2.789675e-04 (max: 7.141569e-02)
Sol Dis:   2.414454e+02 ± 1.038805e+00
Merit:             3.339913e+01 ± 1.534245e-01
Avg Inf Time:  0.0002s
==================================================
✓ Model saved: results/nonsmooth_nonconvex/socp/SOCPProblem-100-50-50-10000/20260115-143717_MLP_sup_pen_seed0_nepochs1000_lr0.0001_trainsize3000_subopt_3_0.5/model_480.pt
Epoch 482/1000, Loss: 3.2418, Obj: 24.3715, Eq Viol (l1): 2.581423, Ineq Viol (l1): 0.006332, Epoch time: 0.10s
Epoch 483/1000, Loss: 3.3015, Obj: 24.9431, Eq Viol (l1): 2.627249, Ineq Viol (l1): 0.003522, Epoch time: 0.10s
Epoch 484/1000, Loss: 3.3408, Obj: 25.2034, Eq Viol (l1): 2.628817, Ineq Viol (l1): 0.007732, Epoch time: 0.10s
Epoch 485/1000, Loss: 3.2896, Obj: 25.5468, Eq Viol (l1): 2.618138, Ineq Viol (l1): 0.001841, Epoch time: 0.10s
Epoch 486/1000, Loss: 3.2520, Obj: 25.0852, Eq Viol (l1): 2.605595, Ineq Viol (l1): 0.001149, Epoch time: 0.10s
Epoch 487/1000, Loss: 3.2066, Obj: 24.0966, Eq Viol (l1): 2.593194, Ineq Viol (l1): 0.001456, Epoch time: 0.10s
Epoch 488/1000, Loss: 3.1632, Obj: 23.0615, Eq Viol (l1): 2.584361, Ineq Viol (l1): 0.001468, Epoch time: 0.10s
Epoch 489/1000, Loss: 3.1359, Obj: 22.1896, Eq Viol (l1): 2.577771, Ineq Viol (l1): 0.002726, Epoch time: 0.10s
Epoch 490/1000, Loss: 3.1082, Obj: 21.5970, Eq Viol (l1): 2.570193, Ineq Viol (l1): 0.003845, Epoch time: 0.10s
Epoch 491/1000, Loss: 3.1190, Obj: 21.3579, Eq Viol (l1): 2.579475, Ineq Viol (l1): 0.003355, Epoch time: 0.10s

Running validation at epoch 490...

VALIDATION_EPOCH_490 EVALUATION RESULTS:
==================================================
Obj:     2.136971e+01
Opt Gap:      3.820803e+01 ± 1.443289e+01
Eq Vio l1:   9.183003e-01 (max: 1.397879e+00)
Ineq Vio l1: 2.974182e-04 (max: 5.371942e-02)
Sol Dis:   2.253012e+02 ± 1.315044e+00
Merit:             3.055569e+01 ± 6.825434e-02
Avg Inf Time:  0.0002s
==================================================
✓ Model saved: results/nonsmooth_nonconvex/socp/SOCPProblem-100-50-50-10000/20260115-143717_MLP_sup_pen_seed0_nepochs1000_lr0.0001_trainsize3000_subopt_3_0.5/model_490.pt
Epoch 492/1000, Loss: 3.1292, Obj: 21.5707, Eq Viol (l1): 2.585556, Ineq Viol (l1): 0.003724, Epoch time: 0.10s
Epoch 493/1000, Loss: 3.1585, Obj: 21.8604, Eq Viol (l1): 2.586159, Ineq Viol (l1): 0.005652, Epoch time: 0.10s
Epoch 494/1000, Loss: 3.1890, Obj: 22.8136, Eq Viol (l1): 2.596678, Ineq Viol (l1): 0.004111, Epoch time: 0.10s
Epoch 495/1000, Loss: 3.2110, Obj: 23.7909, Eq Viol (l1): 2.600458, Ineq Viol (l1): 0.001168, Epoch time: 0.10s
Epoch 496/1000, Loss: 3.2476, Obj: 23.6120, Eq Viol (l1): 2.600921, Ineq Viol (l1): 0.005612, Epoch time: 0.10s
Epoch 497/1000, Loss: 3.2513, Obj: 23.9434, Eq Viol (l1): 2.584452, Ineq Viol (l1): 0.005788, Epoch time: 0.10s
Epoch 498/1000, Loss: 3.2673, Obj: 24.9841, Eq Viol (l1): 2.602546, Ineq Viol (l1): 0.005620, Epoch time: 0.10s
Epoch 499/1000, Loss: 3.2770, Obj: 25.4227, Eq Viol (l1): 2.619464, Ineq Viol (l1): 0.000962, Epoch time: 0.10s
Epoch 500/1000, Loss: 3.2327, Obj: 24.7260, Eq Viol (l1): 2.601370, Ineq Viol (l1): 0.002152, Epoch time: 0.10s
Epoch 501/1000, Loss: 3.2047, Obj: 23.9254, Eq Viol (l1): 2.588947, Ineq Viol (l1): 0.003127, Epoch time: 0.10s

Running validation at epoch 500...

VALIDATION_EPOCH_500 EVALUATION RESULTS:
==================================================
Obj:     2.377717e+01
Opt Gap:      4.228450e+01 ± 1.623011e+01
Eq Vio l1:   8.959606e-01 (max: 1.341125e+00)
Ineq Vio l1: 0.000000e+00 (max: 0.000000e+00)
Sol Dis:   2.379013e+02 ± 1.376130e+00
Merit:             3.273677e+01 ± 8.242493e-03
Avg Inf Time:  0.0002s
==================================================
✓ Model saved: results/nonsmooth_nonconvex/socp/SOCPProblem-100-50-50-10000/20260115-143717_MLP_sup_pen_seed0_nepochs1000_lr0.0001_trainsize3000_subopt_3_0.5/model_500.pt
Epoch 502/1000, Loss: 3.1760, Obj: 23.5148, Eq Viol (l1): 2.585223, Ineq Viol (l1): 0.000881, Epoch time: 0.10s
Epoch 503/1000, Loss: 3.1406, Obj: 22.6043, Eq Viol (l1): 2.574710, Ineq Viol (l1): 0.002126, Epoch time: 0.10s
Epoch 504/1000, Loss: 3.1165, Obj: 21.8976, Eq Viol (l1): 2.565235, Ineq Viol (l1): 0.005094, Epoch time: 0.10s
Epoch 505/1000, Loss: 3.1459, Obj: 22.4169, Eq Viol (l1): 2.577365, Ineq Viol (l1): 0.004607, Epoch time: 0.10s
Epoch 506/1000, Loss: 3.2080, Obj: 23.2650, Eq Viol (l1): 2.577379, Ineq Viol (l1): 0.006682, Epoch time: 0.10s
Epoch 507/1000, Loss: 3.2361, Obj: 24.3900, Eq Viol (l1): 2.598172, Ineq Viol (l1): 0.004021, Epoch time: 0.10s
Epoch 508/1000, Loss: 3.2713, Obj: 24.9678, Eq Viol (l1): 2.602809, Ineq Viol (l1): 0.004568, Epoch time: 0.10s
Epoch 509/1000, Loss: 3.2308, Obj: 24.8495, Eq Viol (l1): 2.591035, Ineq Viol (l1): 0.002891, Epoch time: 0.10s
Epoch 510/1000, Loss: 3.1889, Obj: 24.3648, Eq Viol (l1): 2.578931, Ineq Viol (l1): 0.000938, Epoch time: 0.10s
Epoch 511/1000, Loss: 3.1778, Obj: 23.3271, Eq Viol (l1): 2.575742, Ineq Viol (l1): 0.003152, Epoch time: 0.10s

Running validation at epoch 510...

VALIDATION_EPOCH_510 EVALUATION RESULTS:
==================================================
Obj:     2.320696e+01
Opt Gap:      4.118738e+01 ± 1.550756e+01
Eq Vio l1:   9.389402e-01 (max: 1.454980e+00)
Ineq Vio l1: 0.000000e+00 (max: 0.000000e+00)
Sol Dis:   2.348412e+02 ± 1.876538e+00
Merit:             3.259636e+01 ± 1.387849e-01
Avg Inf Time:  0.0002s
==================================================
✓ Model saved: results/nonsmooth_nonconvex/socp/SOCPProblem-100-50-50-10000/20260115-143717_MLP_sup_pen_seed0_nepochs1000_lr0.0001_trainsize3000_subopt_3_0.5/model_510.pt
Epoch 512/1000, Loss: 3.2375, Obj: 23.3541, Eq Viol (l1): 2.600609, Ineq Viol (l1): 0.006935, Epoch time: 0.10s
Epoch 513/1000, Loss: 3.3106, Obj: 24.8751, Eq Viol (l1): 2.605031, Ineq Viol (l1): 0.007166, Epoch time: 0.10s
Epoch 514/1000, Loss: 3.3377, Obj: 26.1301, Eq Viol (l1): 2.611722, Ineq Viol (l1): 0.005607, Epoch time: 0.10s
Epoch 515/1000, Loss: 3.3153, Obj: 25.4980, Eq Viol (l1): 2.619189, Ineq Viol (l1): 0.004772, Epoch time: 0.10s
Epoch 516/1000, Loss: 3.3575, Obj: 25.6397, Eq Viol (l1): 2.610576, Ineq Viol (l1): 0.008472, Epoch time: 0.10s
Epoch 517/1000, Loss: 3.3198, Obj: 26.0914, Eq Viol (l1): 2.607539, Ineq Viol (l1): 0.005637, Epoch time: 0.10s
Epoch 518/1000, Loss: 3.3032, Obj: 26.1281, Eq Viol (l1): 2.626772, Ineq Viol (l1): 0.000086, Epoch time: 0.10s
Epoch 519/1000, Loss: 3.2364, Obj: 24.9654, Eq Viol (l1): 2.597618, Ineq Viol (l1): 0.001968, Epoch time: 0.10s
Epoch 520/1000, Loss: 3.2048, Obj: 23.9579, Eq Viol (l1): 2.594555, Ineq Viol (l1): 0.000783, Epoch time: 0.10s
Epoch 521/1000, Loss: 3.1800, Obj: 23.1305, Eq Viol (l1): 2.573547, Ineq Viol (l1): 0.005766, Epoch time: 0.10s

Running validation at epoch 520...

VALIDATION_EPOCH_520 EVALUATION RESULTS:
==================================================
Obj:     2.323387e+01
Opt Gap:      4.221476e+01 ± 1.660582e+01
Eq Vio l1:   9.523822e-01 (max: 1.396772e+00)
Ineq Vio l1: 0.000000e+00 (max: 0.000000e+00)
Sol Dis:   2.350156e+02 ± 1.324367e+00
Merit:             3.275770e+01 ± 9.281659e-02
Avg Inf Time:  0.0002s
==================================================
✓ Model saved: results/nonsmooth_nonconvex/socp/SOCPProblem-100-50-50-10000/20260115-143717_MLP_sup_pen_seed0_nepochs1000_lr0.0001_trainsize3000_subopt_3_0.5/model_520.pt
Epoch 522/1000, Loss: 3.2368, Obj: 23.5765, Eq Viol (l1): 2.599557, Ineq Viol (l1): 0.005099, Epoch time: 0.10s
Epoch 523/1000, Loss: 3.2420, Obj: 24.4088, Eq Viol (l1): 2.595372, Ineq Viol (l1): 0.004751, Epoch time: 0.10s
Epoch 524/1000, Loss: 3.2130, Obj: 24.6027, Eq Viol (l1): 2.587193, Ineq Viol (l1): 0.001176, Epoch time: 0.10s
Epoch 525/1000, Loss: 3.2560, Obj: 24.3815, Eq Viol (l1): 2.594682, Ineq Viol (l1): 0.005321, Epoch time: 0.10s
Epoch 526/1000, Loss: 3.2251, Obj: 24.3203, Eq Viol (l1): 2.594233, Ineq Viol (l1): 0.001758, Epoch time: 0.10s
Epoch 527/1000, Loss: 3.1741, Obj: 23.7009, Eq Viol (l1): 2.576085, Ineq Viol (l1): 0.002444, Epoch time: 0.10s
Epoch 528/1000, Loss: 3.1749, Obj: 23.0792, Eq Viol (l1): 2.581983, Ineq Viol (l1): 0.002161, Epoch time: 0.10s
Epoch 529/1000, Loss: 3.1498, Obj: 22.6195, Eq Viol (l1): 2.575450, Ineq Viol (l1): 0.003588, Epoch time: 0.10s
Epoch 530/1000, Loss: 3.1459, Obj: 22.4200, Eq Viol (l1): 2.578356, Ineq Viol (l1): 0.003103, Epoch time: 0.10s
Epoch 531/1000, Loss: 3.1030, Obj: 22.1665, Eq Viol (l1): 2.556785, Ineq Viol (l1): 0.003767, Epoch time: 0.10s

Running validation at epoch 530...

VALIDATION_EPOCH_530 EVALUATION RESULTS:
==================================================
Obj:     2.223209e+01
Opt Gap:      3.981027e+01 ± 1.482895e+01
Eq Vio l1:   9.265864e-01 (max: 1.336960e+00)
Ineq Vio l1: 0.000000e+00 (max: 0.000000e+00)
Sol Dis:   2.297790e+02 ± 1.453463e+00
Merit:             3.149795e+01 ± 6.625963e-02
Avg Inf Time:  0.0002s
==================================================
✓ Model saved: results/nonsmooth_nonconvex/socp/SOCPProblem-100-50-50-10000/20260115-143717_MLP_sup_pen_seed0_nepochs1000_lr0.0001_trainsize3000_subopt_3_0.5/model_530.pt
Epoch 532/1000, Loss: 3.1212, Obj: 22.3318, Eq Viol (l1): 2.566567, Ineq Viol (l1): 0.001918, Epoch time: 0.10s
Epoch 533/1000, Loss: 3.1120, Obj: 22.3565, Eq Viol (l1): 2.550706, Ineq Viol (l1): 0.004174, Epoch time: 0.10s
Epoch 534/1000, Loss: 3.1256, Obj: 22.2104, Eq Viol (l1): 2.570019, Ineq Viol (l1): 0.001664, Epoch time: 0.10s
Epoch 535/1000, Loss: 3.1039, Obj: 22.0000, Eq Viol (l1): 2.559181, Ineq Viol (l1): 0.003228, Epoch time: 0.10s
Epoch 536/1000, Loss: 3.0947, Obj: 21.7870, Eq Viol (l1): 2.559674, Ineq Viol (l1): 0.003572, Epoch time: 0.10s
Epoch 537/1000, Loss: 3.0824, Obj: 21.7345, Eq Viol (l1): 2.554452, Ineq Viol (l1): 0.002189, Epoch time: 0.10s
Epoch 538/1000, Loss: 3.0867, Obj: 21.4258, Eq Viol (l1): 2.553218, Ineq Viol (l1): 0.003904, Epoch time: 0.10s
Epoch 539/1000, Loss: 3.0884, Obj: 21.5572, Eq Viol (l1): 2.555874, Ineq Viol (l1): 0.003426, Epoch time: 0.10s
Epoch 540/1000, Loss: 3.1114, Obj: 21.7886, Eq Viol (l1): 2.558120, Ineq Viol (l1): 0.004732, Epoch time: 0.10s
Epoch 541/1000, Loss: 3.1704, Obj: 22.0518, Eq Viol (l1): 2.573385, Ineq Viol (l1): 0.006231, Epoch time: 0.10s

Running validation at epoch 540...

VALIDATION_EPOCH_540 EVALUATION RESULTS:
==================================================
Obj:     2.246915e+01
Opt Gap:      3.899959e+01 ± 1.389349e+01
Eq Vio l1:   9.285590e-01 (max: 1.361738e+00)
Ineq Vio l1: 3.053551e-06 (max: 7.817091e-04)
Sol Dis:   2.311617e+02 ± 1.837069e+00
Merit:             3.175477e+01 ± 1.333600e-01
Avg Inf Time:  0.0002s
==================================================
✓ Model saved: results/nonsmooth_nonconvex/socp/SOCPProblem-100-50-50-10000/20260115-143717_MLP_sup_pen_seed0_nepochs1000_lr0.0001_trainsize3000_subopt_3_0.5/model_540.pt
Epoch 542/1000, Loss: 3.1744, Obj: 23.1820, Eq Viol (l1): 2.577679, Ineq Viol (l1): 0.003638, Epoch time: 0.10s
Epoch 543/1000, Loss: 3.2065, Obj: 24.3676, Eq Viol (l1): 2.581390, Ineq Viol (l1): 0.002516, Epoch time: 0.10s
Epoch 544/1000, Loss: 3.1856, Obj: 24.4060, Eq Viol (l1): 2.568941, Ineq Viol (l1): 0.002120, Epoch time: 0.10s
Epoch 545/1000, Loss: 3.1497, Obj: 23.7967, Eq Viol (l1): 2.561255, Ineq Viol (l1): 0.001971, Epoch time: 0.10s
Epoch 546/1000, Loss: 3.1675, Obj: 22.9055, Eq Viol (l1): 2.558057, Ineq Viol (l1): 0.006366, Epoch time: 0.10s
Epoch 547/1000, Loss: 3.6348, Obj: 23.9415, Eq Viol (l1): 2.631323, Ineq Viol (l1): 0.029519, Epoch time: 0.10s
Epoch 548/1000, Loss: 3.6267, Obj: 28.3406, Eq Viol (l1): 2.714694, Ineq Viol (l1): 0.017565, Epoch time: 0.10s
Epoch 549/1000, Loss: 3.4250, Obj: 27.0047, Eq Viol (l1): 2.637241, Ineq Viol (l1): 0.007862, Epoch time: 0.10s
Epoch 550/1000, Loss: 3.4410, Obj: 26.5072, Eq Viol (l1): 2.642863, Ineq Viol (l1): 0.008289, Epoch time: 0.10s
Epoch 551/1000, Loss: 3.3181, Obj: 25.8358, Eq Viol (l1): 2.624918, Ineq Viol (l1): 0.002250, Epoch time: 0.10s

Running validation at epoch 550...

VALIDATION_EPOCH_550 EVALUATION RESULTS:
==================================================
Obj:     2.572568e+01
Opt Gap:      4.517655e+01 ± 1.668099e+01
Eq Vio l1:   9.637171e-01 (max: 1.469986e+00)
Ineq Vio l1: 3.897887e-05 (max: 9.978590e-03)
Sol Dis:   2.476644e+02 ± 1.487344e+00
Merit:             3.536324e+01 ± 2.004279e-01
Avg Inf Time:  0.0002s
==================================================
✓ Model saved: results/nonsmooth_nonconvex/socp/SOCPProblem-100-50-50-10000/20260115-143717_MLP_sup_pen_seed0_nepochs1000_lr0.0001_trainsize3000_subopt_3_0.5/model_550.pt
Epoch 552/1000, Loss: 3.2455, Obj: 25.3514, Eq Viol (l1): 2.596337, Ineq Viol (l1): 0.000317, Epoch time: 0.10s
Epoch 553/1000, Loss: 3.2050, Obj: 24.5226, Eq Viol (l1): 2.581020, Ineq Viol (l1): 0.001489, Epoch time: 0.10s
Epoch 554/1000, Loss: 3.2285, Obj: 23.7022, Eq Viol (l1): 2.576466, Ineq Viol (l1): 0.005917, Epoch time: 0.10s
Epoch 555/1000, Loss: 3.2091, Obj: 24.0842, Eq Viol (l1): 2.584568, Ineq Viol (l1): 0.003296, Epoch time: 0.10s
Epoch 556/1000, Loss: 3.2027, Obj: 24.4991, Eq Viol (l1): 2.581736, Ineq Viol (l1): 0.000857, Epoch time: 0.10s
Epoch 557/1000, Loss: 3.2085, Obj: 24.1690, Eq Viol (l1): 2.576904, Ineq Viol (l1): 0.004037, Epoch time: 0.10s
Epoch 558/1000, Loss: 3.1754, Obj: 23.7242, Eq Viol (l1): 2.584189, Ineq Viol (l1): 0.000686, Epoch time: 0.10s
Epoch 559/1000, Loss: 3.1875, Obj: 23.3146, Eq Viol (l1): 2.569072, Ineq Viol (l1): 0.005187, Epoch time: 0.10s
Epoch 560/1000, Loss: 3.1931, Obj: 23.6645, Eq Viol (l1): 2.573466, Ineq Viol (l1): 0.005187, Epoch time: 0.10s
Epoch 561/1000, Loss: 3.1993, Obj: 24.1801, Eq Viol (l1): 2.582384, Ineq Viol (l1): 0.002183, Epoch time: 0.10s

Running validation at epoch 560...

VALIDATION_EPOCH_560 EVALUATION RESULTS:
==================================================
Obj:     2.462769e+01
Opt Gap:      4.349065e+01 ± 1.681212e+01
Eq Vio l1:   9.393844e-01 (max: 1.471884e+00)
Ineq Vio l1: 0.000000e+00 (max: 0.000000e+00)
Sol Dis:   2.418627e+02 ± 1.949987e+00
Merit:             3.402153e+01 ± 1.694518e-01
Avg Inf Time:  0.0002s
==================================================
✓ Model saved: results/nonsmooth_nonconvex/socp/SOCPProblem-100-50-50-10000/20260115-143717_MLP_sup_pen_seed0_nepochs1000_lr0.0001_trainsize3000_subopt_3_0.5/model_560.pt
Epoch 562/1000, Loss: 3.2152, Obj: 24.3802, Eq Viol (l1): 2.584536, Ineq Viol (l1): 0.003482, Epoch time: 0.10s
Epoch 563/1000, Loss: 3.1861, Obj: 24.3359, Eq Viol (l1): 2.575772, Ineq Viol (l1): 0.001144, Epoch time: 0.10s
Epoch 564/1000, Loss: 3.1495, Obj: 23.7280, Eq Viol (l1): 2.564734, Ineq Viol (l1): 0.000132, Epoch time: 0.17s
Epoch 565/1000, Loss: 3.2087, Obj: 23.1222, Eq Viol (l1): 2.567577, Ineq Viol (l1): 0.007424, Epoch time: 0.10s
Epoch 566/1000, Loss: 3.1915, Obj: 23.8782, Eq Viol (l1): 2.574557, Ineq Viol (l1): 0.003725, Epoch time: 0.10s
Epoch 567/1000, Loss: 3.1931, Obj: 24.2677, Eq Viol (l1): 2.581724, Ineq Viol (l1): 0.000061, Epoch time: 0.10s
Epoch 568/1000, Loss: 3.1499, Obj: 23.4683, Eq Viol (l1): 2.563805, Ineq Viol (l1): 0.002835, Epoch time: 0.10s
Epoch 569/1000, Loss: 3.1469, Obj: 23.0906, Eq Viol (l1): 2.562231, Ineq Viol (l1): 0.002247, Epoch time: 0.10s
Epoch 570/1000, Loss: 3.1147, Obj: 22.6152, Eq Viol (l1): 2.550042, Ineq Viol (l1): 0.002997, Epoch time: 0.10s
Epoch 571/1000, Loss: 3.1101, Obj: 22.1208, Eq Viol (l1): 2.561288, Ineq Viol (l1): 0.000944, Epoch time: 0.10s

Running validation at epoch 570...

VALIDATION_EPOCH_570 EVALUATION RESULTS:
==================================================
Obj:     2.169580e+01
Opt Gap:      3.828092e+01 ± 1.431122e+01
Eq Vio l1:   8.505333e-01 (max: 1.272485e+00)
Ineq Vio l1: 8.596369e-05 (max: 2.200671e-02)
Sol Dis:   2.269968e+02 ± 1.395397e+00
Merit:             3.020199e+01 ± 2.671788e-02
Avg Inf Time:  0.0002s
==================================================
✓ Model saved: results/nonsmooth_nonconvex/socp/SOCPProblem-100-50-50-10000/20260115-143717_MLP_sup_pen_seed0_nepochs1000_lr0.0001_trainsize3000_subopt_3_0.5/model_570.pt
Epoch 572/1000, Loss: 3.0600, Obj: 21.5118, Eq Viol (l1): 2.538983, Ineq Viol (l1): 0.003507, Epoch time: 0.10s
Epoch 573/1000, Loss: 3.0697, Obj: 21.3561, Eq Viol (l1): 2.546572, Ineq Viol (l1): 0.002804, Epoch time: 0.10s
Epoch 574/1000, Loss: 3.0683, Obj: 21.1174, Eq Viol (l1): 2.548130, Ineq Viol (l1): 0.004161, Epoch time: 0.10s
Epoch 575/1000, Loss: 3.0833, Obj: 21.3963, Eq Viol (l1): 2.554336, Ineq Viol (l1): 0.002694, Epoch time: 0.10s
Epoch 576/1000, Loss: 3.0974, Obj: 21.7218, Eq Viol (l1): 2.554472, Ineq Viol (l1): 0.003713, Epoch time: 0.10s
Epoch 577/1000, Loss: 3.1037, Obj: 22.0265, Eq Viol (l1): 2.549945, Ineq Viol (l1): 0.003873, Epoch time: 0.10s
Epoch 578/1000, Loss: 3.1099, Obj: 22.4405, Eq Viol (l1): 2.549698, Ineq Viol (l1): 0.004024, Epoch time: 0.10s
Epoch 579/1000, Loss: 3.1245, Obj: 22.9934, Eq Viol (l1): 2.558664, Ineq Viol (l1): 0.001916, Epoch time: 0.10s
Epoch 580/1000, Loss: 3.1042, Obj: 22.7447, Eq Viol (l1): 2.550122, Ineq Viol (l1): 0.001009, Epoch time: 0.10s
Epoch 581/1000, Loss: 3.1455, Obj: 22.4493, Eq Viol (l1): 2.568769, Ineq Viol (l1): 0.004927, Epoch time: 0.10s

Running validation at epoch 580...

VALIDATION_EPOCH_580 EVALUATION RESULTS:
==================================================
Obj:     2.285219e+01
Opt Gap:      4.044120e+01 ± 1.499386e+01
Eq Vio l1:   9.111212e-01 (max: 1.431244e+00)
Ineq Vio l1: 4.768050e-04 (max: 1.220621e-01)
Sol Dis:   2.329049e+02 ± 1.269019e+00
Merit:             3.196816e+01 ± 8.749247e-02
Avg Inf Time:  0.0002s
==================================================
✓ Model saved: results/nonsmooth_nonconvex/socp/SOCPProblem-100-50-50-10000/20260115-143717_MLP_sup_pen_seed0_nepochs1000_lr0.0001_trainsize3000_subopt_3_0.5/model_580.pt
Epoch 582/1000, Loss: 3.1418, Obj: 23.0473, Eq Viol (l1): 2.561429, Ineq Viol (l1): 0.002799, Epoch time: 0.10s
Epoch 583/1000, Loss: 3.1313, Obj: 23.2738, Eq Viol (l1): 2.555265, Ineq Viol (l1): 0.002857, Epoch time: 0.10s
Epoch 584/1000, Loss: 3.1202, Obj: 22.9383, Eq Viol (l1): 2.550418, Ineq Viol (l1): 0.003965, Epoch time: 0.10s
Epoch 585/1000, Loss: 3.1094, Obj: 22.8058, Eq Viol (l1): 2.548135, Ineq Viol (l1): 0.002414, Epoch time: 0.10s
Epoch 586/1000, Loss: 3.0927, Obj: 22.5187, Eq Viol (l1): 2.545814, Ineq Viol (l1): 0.000164, Epoch time: 0.10s
Epoch 587/1000, Loss: 3.0749, Obj: 21.9377, Eq Viol (l1): 2.545243, Ineq Viol (l1): 0.003268, Epoch time: 0.10s
Epoch 588/1000, Loss: 3.0750, Obj: 21.6931, Eq Viol (l1): 2.547404, Ineq Viol (l1): 0.002054, Epoch time: 0.10s
Epoch 589/1000, Loss: 3.0837, Obj: 21.5813, Eq Viol (l1): 2.552423, Ineq Viol (l1): 0.002810, Epoch time: 0.10s
Epoch 590/1000, Loss: 3.0633, Obj: 21.3684, Eq Viol (l1): 2.541412, Ineq Viol (l1): 0.005081, Epoch time: 0.10s
Epoch 591/1000, Loss: 3.0917, Obj: 21.7330, Eq Viol (l1): 2.548487, Ineq Viol (l1): 0.003687, Epoch time: 0.10s

Running validation at epoch 590...

VALIDATION_EPOCH_590 EVALUATION RESULTS:
==================================================
Obj:     2.182854e+01
Opt Gap:      3.856658e+01 ± 1.441945e+01
Eq Vio l1:   8.819528e-01 (max: 1.268543e+00)
Ineq Vio l1: 0.000000e+00 (max: 0.000000e+00)
Sol Dis:   2.278179e+02 ± 1.468178e+00
Merit:             3.064807e+01 ± 8.584176e-02
Avg Inf Time:  0.0002s
==================================================
✓ Model saved: results/nonsmooth_nonconvex/socp/SOCPProblem-100-50-50-10000/20260115-143717_MLP_sup_pen_seed0_nepochs1000_lr0.0001_trainsize3000_subopt_3_0.5/model_590.pt
Epoch 592/1000, Loss: 3.0740, Obj: 22.1492, Eq Viol (l1): 2.539145, Ineq Viol (l1): 0.002655, Epoch time: 0.10s
Epoch 593/1000, Loss: 3.1064, Obj: 22.5385, Eq Viol (l1): 2.542763, Ineq Viol (l1): 0.004186, Epoch time: 0.10s
Epoch 594/1000, Loss: 3.0930, Obj: 22.6719, Eq Viol (l1): 2.545272, Ineq Viol (l1): 0.000577, Epoch time: 0.10s
Epoch 595/1000, Loss: 3.0902, Obj: 21.9490, Eq Viol (l1): 2.549357, Ineq Viol (l1): 0.003284, Epoch time: 0.10s
Epoch 596/1000, Loss: 3.1106, Obj: 22.0519, Eq Viol (l1): 2.555677, Ineq Viol (l1): 0.003409, Epoch time: 0.10s
Epoch 597/1000, Loss: 3.1431, Obj: 22.9796, Eq Viol (l1): 2.558358, Ineq Viol (l1): 0.005016, Epoch time: 0.10s
Epoch 598/1000, Loss: 3.1704, Obj: 23.5721, Eq Viol (l1): 2.568196, Ineq Viol (l1): 0.003444, Epoch time: 0.10s
Epoch 599/1000, Loss: 3.1405, Obj: 23.3925, Eq Viol (l1): 2.556816, Ineq Viol (l1): 0.001162, Epoch time: 0.10s
Epoch 600/1000, Loss: 3.1100, Obj: 22.6752, Eq Viol (l1): 2.555701, Ineq Viol (l1): 0.000917, Epoch time: 0.10s
Epoch 601/1000, Loss: 3.0790, Obj: 21.9286, Eq Viol (l1): 2.544803, Ineq Viol (l1): 0.003510, Epoch time: 0.10s

Running validation at epoch 600...

VALIDATION_EPOCH_600 EVALUATION RESULTS:
==================================================
Obj:     2.184019e+01
Opt Gap:      3.903903e+01 ± 1.475446e+01
Eq Vio l1:   9.044459e-01 (max: 1.277107e+00)
Ineq Vio l1: 1.925270e-04 (max: 3.522543e-02)
Sol Dis:   2.277736e+02 ± 1.755007e+00
Merit:             3.088658e+01 ± 8.493493e-02
Avg Inf Time:  0.0002s
==================================================
✓ Model saved: results/nonsmooth_nonconvex/socp/SOCPProblem-100-50-50-10000/20260115-143717_MLP_sup_pen_seed0_nepochs1000_lr0.0001_trainsize3000_subopt_3_0.5/model_600.pt
Epoch 602/1000, Loss: 3.0594, Obj: 21.6406, Eq Viol (l1): 2.537609, Ineq Viol (l1): 0.002998, Epoch time: 0.10s
Epoch 603/1000, Loss: 3.0674, Obj: 21.4665, Eq Viol (l1): 2.535076, Ineq Viol (l1): 0.003569, Epoch time: 0.10s
Epoch 604/1000, Loss: 3.0899, Obj: 21.5652, Eq Viol (l1): 2.541587, Ineq Viol (l1): 0.006329, Epoch time: 0.10s
Epoch 605/1000, Loss: 3.1341, Obj: 22.7899, Eq Viol (l1): 2.549711, Ineq Viol (l1): 0.006109, Epoch time: 0.10s
Epoch 606/1000, Loss: 3.1677, Obj: 24.2488, Eq Viol (l1): 2.563682, Ineq Viol (l1): 0.000945, Epoch time: 0.10s
Epoch 607/1000, Loss: 3.2768, Obj: 24.3356, Eq Viol (l1): 2.566110, Ineq Viol (l1): 0.012342, Epoch time: 0.10s
Epoch 608/1000, Loss: 3.2889, Obj: 25.4585, Eq Viol (l1): 2.596098, Ineq Viol (l1): 0.005004, Epoch time: 0.10s
Epoch 609/1000, Loss: 3.5954, Obj: 26.7284, Eq Viol (l1): 2.613560, Ineq Viol (l1): 0.020334, Epoch time: 0.10s
Epoch 610/1000, Loss: 3.4025, Obj: 28.0066, Eq Viol (l1): 2.650972, Ineq Viol (l1): 0.002036, Epoch time: 0.10s
Epoch 611/1000, Loss: 3.3195, Obj: 27.2554, Eq Viol (l1): 2.595174, Ineq Viol (l1): 0.003259, Epoch time: 0.10s

Running validation at epoch 610...

VALIDATION_EPOCH_610 EVALUATION RESULTS:
==================================================
Obj:     2.614912e+01
Opt Gap:      4.685887e+01 ± 1.742722e+01
Eq Vio l1:   8.952001e-01 (max: 1.484084e+00)
Ineq Vio l1: 2.251245e-03 (max: 4.101159e-01)
Sol Dis:   2.499800e+02 ± 1.388694e+00
Merit:             3.512364e+01 ± 2.421061e-01
Avg Inf Time:  0.0002s
==================================================
✓ Model saved: results/nonsmooth_nonconvex/socp/SOCPProblem-100-50-50-10000/20260115-143717_MLP_sup_pen_seed0_nepochs1000_lr0.0001_trainsize3000_subopt_3_0.5/model_610.pt
Epoch 612/1000, Loss: 3.2487, Obj: 25.7281, Eq Viol (l1): 2.585348, Ineq Viol (l1): 0.004385, Epoch time: 0.10s
Epoch 613/1000, Loss: 3.1889, Obj: 25.2529, Eq Viol (l1): 2.566685, Ineq Viol (l1): 0.000006, Epoch time: 0.10s
Epoch 614/1000, Loss: 3.1527, Obj: 24.2034, Eq Viol (l1): 2.556930, Ineq Viol (l1): 0.000653, Epoch time: 0.10s
Epoch 615/1000, Loss: 3.1184, Obj: 23.0260, Eq Viol (l1): 2.553408, Ineq Viol (l1): 0.000810, Epoch time: 0.10s
Epoch 616/1000, Loss: 3.1235, Obj: 22.2563, Eq Viol (l1): 2.555097, Ineq Viol (l1): 0.005573, Epoch time: 0.10s
Epoch 617/1000, Loss: 3.1084, Obj: 22.5605, Eq Viol (l1): 2.556017, Ineq Viol (l1): 0.000473, Epoch time: 0.10s
Epoch 618/1000, Loss: 3.1278, Obj: 22.0660, Eq Viol (l1): 2.550960, Ineq Viol (l1): 0.006307, Epoch time: 0.10s
Epoch 619/1000, Loss: 3.1231, Obj: 22.4255, Eq Viol (l1): 2.549101, Ineq Viol (l1): 0.005241, Epoch time: 0.10s
Epoch 620/1000, Loss: 3.1704, Obj: 23.4531, Eq Viol (l1): 2.577101, Ineq Viol (l1): 0.001995, Epoch time: 0.10s
Epoch 621/1000, Loss: 3.2203, Obj: 24.2379, Eq Viol (l1): 2.581553, Ineq Viol (l1): 0.005240, Epoch time: 0.10s

Running validation at epoch 620...

VALIDATION_EPOCH_620 EVALUATION RESULTS:
==================================================
Obj:     2.489854e+01
Opt Gap:      4.426122e+01 ± 1.648903e+01
Eq Vio l1:   9.446711e-01 (max: 1.480245e+00)
Ineq Vio l1: 1.469641e-04 (max: 3.762282e-02)
Sol Dis:   2.434359e+02 ± 1.093659e+00
Merit:             3.434672e+01 ± 1.558391e-01
Avg Inf Time:  0.0002s
==================================================
✓ Model saved: results/nonsmooth_nonconvex/socp/SOCPProblem-100-50-50-10000/20260115-143717_MLP_sup_pen_seed0_nepochs1000_lr0.0001_trainsize3000_subopt_3_0.5/model_620.pt
Epoch 622/1000, Loss: 3.1789, Obj: 24.8998, Eq Viol (l1): 2.565505, Ineq Viol (l1): 0.000202, Epoch time: 0.10s
Epoch 623/1000, Loss: 3.2499, Obj: 24.7380, Eq Viol (l1): 2.572867, Ineq Viol (l1): 0.005501, Epoch time: 0.10s
Epoch 624/1000, Loss: 3.2049, Obj: 25.0825, Eq Viol (l1): 2.555724, Ineq Viol (l1): 0.005868, Epoch time: 0.10s
Epoch 625/1000, Loss: 3.2249, Obj: 25.7096, Eq Viol (l1): 2.578650, Ineq Viol (l1): 0.000784, Epoch time: 0.10s
Epoch 626/1000, Loss: 3.1741, Obj: 25.0173, Eq Viol (l1): 2.560411, Ineq Viol (l1): 0.000324, Epoch time: 0.10s
Epoch 627/1000, Loss: 3.1276, Obj: 24.0910, Eq Viol (l1): 2.538339, Ineq Viol (l1): 0.001788, Epoch time: 0.10s
Epoch 628/1000, Loss: 3.1225, Obj: 23.2970, Eq Viol (l1): 2.549810, Ineq Viol (l1): 0.001794, Epoch time: 0.10s
Epoch 629/1000, Loss: 3.0728, Obj: 22.5645, Eq Viol (l1): 2.534473, Ineq Viol (l1): 0.001102, Epoch time: 0.10s
Epoch 630/1000, Loss: 3.0722, Obj: 21.8000, Eq Viol (l1): 2.540410, Ineq Viol (l1): 0.002369, Epoch time: 0.10s
Epoch 631/1000, Loss: 3.0442, Obj: 21.3965, Eq Viol (l1): 2.528334, Ineq Viol (l1): 0.002421, Epoch time: 0.10s

Running validation at epoch 630...

VALIDATION_EPOCH_630 EVALUATION RESULTS:
==================================================
Obj:     2.127212e+01
Opt Gap:      3.830394e+01 ± 1.486009e+01
Eq Vio l1:   8.835977e-01 (max: 1.230852e+00)
Ineq Vio l1: 0.000000e+00 (max: 0.000000e+00)
Sol Dis:   2.249058e+02 ± 1.289132e+00
Merit:             3.010809e+01 ± 1.210624e-02
Avg Inf Time:  0.0002s
==================================================
✓ Model saved: results/nonsmooth_nonconvex/socp/SOCPProblem-100-50-50-10000/20260115-143717_MLP_sup_pen_seed0_nepochs1000_lr0.0001_trainsize3000_subopt_3_0.5/model_630.pt
Epoch 632/1000, Loss: 3.0816, Obj: 21.3495, Eq Viol (l1): 2.548224, Ineq Viol (l1): 0.004839, Epoch time: 0.10s
Epoch 633/1000, Loss: 3.0430, Obj: 21.6406, Eq Viol (l1): 2.528597, Ineq Viol (l1): 0.001961, Epoch time: 0.10s
Epoch 634/1000, Loss: 3.0406, Obj: 21.4094, Eq Viol (l1): 2.529875, Ineq Viol (l1): 0.002285, Epoch time: 0.10s
Epoch 635/1000, Loss: 3.0667, Obj: 21.1642, Eq Viol (l1): 2.545925, Ineq Viol (l1): 0.003784, Epoch time: 0.10s
Epoch 636/1000, Loss: 3.0740, Obj: 21.3836, Eq Viol (l1): 2.545600, Ineq Viol (l1): 0.004151, Epoch time: 0.10s
Epoch 637/1000, Loss: 3.0730, Obj: 21.5641, Eq Viol (l1): 2.544548, Ineq Viol (l1): 0.002253, Epoch time: 0.10s
Epoch 638/1000, Loss: 3.0700, Obj: 21.6532, Eq Viol (l1): 2.535102, Ineq Viol (l1): 0.004264, Epoch time: 0.10s
Epoch 639/1000, Loss: 3.0776, Obj: 22.1146, Eq Viol (l1): 2.544846, Ineq Viol (l1): 0.000434, Epoch time: 0.10s
Epoch 640/1000, Loss: 3.0594, Obj: 21.6606, Eq Viol (l1): 2.530384, Ineq Viol (l1): 0.004292, Epoch time: 0.10s
Epoch 641/1000, Loss: 3.0497, Obj: 21.7313, Eq Viol (l1): 2.535506, Ineq Viol (l1): 0.000417, Epoch time: 0.10s

Running validation at epoch 640...

VALIDATION_EPOCH_640 EVALUATION RESULTS:
==================================================
Obj:     2.162835e+01
Opt Gap:      3.869502e+01 ± 1.469514e+01
Eq Vio l1:   8.682942e-01 (max: 1.295784e+00)
Ineq Vio l1: 4.274244e-04 (max: 1.061843e-01)
Sol Dis:   2.268009e+02 ± 1.126890e+00
Merit:             3.031556e+01 ± 9.679110e-02
Avg Inf Time:  0.0002s
==================================================
✓ Model saved: results/nonsmooth_nonconvex/socp/SOCPProblem-100-50-50-10000/20260115-143717_MLP_sup_pen_seed0_nepochs1000_lr0.0001_trainsize3000_subopt_3_0.5/model_640.pt
Epoch 642/1000, Loss: 3.0443, Obj: 21.3890, Eq Viol (l1): 2.533764, Ineq Viol (l1): 0.002579, Epoch time: 0.10s
Epoch 643/1000, Loss: 3.0417, Obj: 21.3301, Eq Viol (l1): 2.527773, Ineq Viol (l1): 0.003310, Epoch time: 0.10s
Epoch 644/1000, Loss: 3.0287, Obj: 21.2380, Eq Viol (l1): 2.523309, Ineq Viol (l1): 0.001646, Epoch time: 0.10s
Epoch 645/1000, Loss: 3.0368, Obj: 20.9845, Eq Viol (l1): 2.533558, Ineq Viol (l1): 0.002317, Epoch time: 0.10s
Epoch 646/1000, Loss: 3.0673, Obj: 20.7304, Eq Viol (l1): 2.550708, Ineq Viol (l1): 0.004947, Epoch time: 0.10s
Epoch 647/1000, Loss: 3.0691, Obj: 21.3841, Eq Viol (l1): 2.544014, Ineq Viol (l1): 0.003941, Epoch time: 0.10s
Epoch 648/1000, Loss: 3.0671, Obj: 21.9989, Eq Viol (l1): 2.537785, Ineq Viol (l1): 0.001562, Epoch time: 0.10s
Epoch 649/1000, Loss: 3.0690, Obj: 21.9792, Eq Viol (l1): 2.535632, Ineq Viol (l1): 0.003199, Epoch time: 0.10s
Epoch 650/1000, Loss: 3.0722, Obj: 21.9014, Eq Viol (l1): 2.546540, Ineq Viol (l1): 0.001572, Epoch time: 0.10s
Epoch 651/1000, Loss: 3.0410, Obj: 21.3661, Eq Viol (l1): 2.528497, Ineq Viol (l1): 0.002719, Epoch time: 0.10s

Running validation at epoch 650...

VALIDATION_EPOCH_650 EVALUATION RESULTS:
==================================================
Obj:     2.112591e+01
Opt Gap:      3.781915e+01 ± 1.454458e+01
Eq Vio l1:   8.601555e-01 (max: 1.247821e+00)
Ineq Vio l1: 3.965809e-04 (max: 9.530001e-02)
Sol Dis:   2.242876e+02 ± 1.207840e+00
Merit:             2.973143e+01 ± 1.062190e-01
Avg Inf Time:  0.0002s
==================================================
✓ Model saved: results/nonsmooth_nonconvex/socp/SOCPProblem-100-50-50-10000/20260115-143717_MLP_sup_pen_seed0_nepochs1000_lr0.0001_trainsize3000_subopt_3_0.5/model_650.pt
Epoch 652/1000, Loss: 3.0489, Obj: 20.9660, Eq Viol (l1): 2.536674, Ineq Viol (l1): 0.003879, Epoch time: 0.10s
Epoch 653/1000, Loss: 3.0529, Obj: 21.0616, Eq Viol (l1): 2.543743, Ineq Viol (l1): 0.002739, Epoch time: 0.10s
Epoch 654/1000, Loss: 3.0924, Obj: 21.1285, Eq Viol (l1): 2.527780, Ineq Viol (l1): 0.009243, Epoch time: 0.10s
Epoch 655/1000, Loss: 3.1217, Obj: 22.5791, Eq Viol (l1): 2.535706, Ineq Viol (l1): 0.008231, Epoch time: 0.10s
Epoch 656/1000, Loss: 3.1984, Obj: 24.8351, Eq Viol (l1): 2.573737, Ineq Viol (l1): 0.000096, Epoch time: 0.10s
Epoch 657/1000, Loss: 3.1637, Obj: 25.0164, Eq Viol (l1): 2.548952, Ineq Viol (l1): 0.000944, Epoch time: 0.10s
Epoch 658/1000, Loss: 3.1458, Obj: 24.3798, Eq Viol (l1): 2.546812, Ineq Viol (l1): 0.001698, Epoch time: 0.10s
Epoch 659/1000, Loss: 3.1151, Obj: 23.5203, Eq Viol (l1): 2.543433, Ineq Viol (l1): 0.000726, Epoch time: 0.10s
Epoch 660/1000, Loss: 3.0856, Obj: 22.5972, Eq Viol (l1): 2.537955, Ineq Viol (l1): 0.001592, Epoch time: 0.10s
Epoch 661/1000, Loss: 3.0727, Obj: 21.8487, Eq Viol (l1): 2.526325, Ineq Viol (l1): 0.004937, Epoch time: 0.10s

Running validation at epoch 660...

VALIDATION_EPOCH_660 EVALUATION RESULTS:
==================================================
Obj:     2.188094e+01
Opt Gap:      3.874706e+01 ± 1.449570e+01
Eq Vio l1:   9.117123e-01 (max: 1.353762e+00)
Ineq Vio l1: 0.000000e+00 (max: 0.000000e+00)
Sol Dis:   2.281730e+02 ± 1.275055e+00
Merit:             3.099806e+01 ± 1.355166e-01
Avg Inf Time:  0.0002s
==================================================
✓ Model saved: results/nonsmooth_nonconvex/socp/SOCPProblem-100-50-50-10000/20260115-143717_MLP_sup_pen_seed0_nepochs1000_lr0.0001_trainsize3000_subopt_3_0.5/model_660.pt
Epoch 662/1000, Loss: 3.1159, Obj: 22.3695, Eq Viol (l1): 2.548869, Ineq Viol (l1): 0.003973, Epoch time: 0.10s
Epoch 663/1000, Loss: 3.3150, Obj: 23.6688, Eq Viol (l1): 2.576319, Ineq Viol (l1): 0.011182, Epoch time: 0.10s
Epoch 664/1000, Loss: 3.3739, Obj: 25.1511, Eq Viol (l1): 2.592993, Ineq Viol (l1): 0.013898, Epoch time: 0.10s
Epoch 665/1000, Loss: 3.4271, Obj: 26.7576, Eq Viol (l1): 2.640364, Ineq Viol (l1): 0.010059, Epoch time: 0.10s
Epoch 666/1000, Loss: 3.2409, Obj: 25.6857, Eq Viol (l1): 2.579950, Ineq Viol (l1): 0.003427, Epoch time: 0.10s
Epoch 667/1000, Loss: 3.1601, Obj: 24.6044, Eq Viol (l1): 2.555429, Ineq Viol (l1): 0.000595, Epoch time: 0.10s
Epoch 668/1000, Loss: 3.1324, Obj: 23.3839, Eq Viol (l1): 2.543737, Ineq Viol (l1): 0.003868, Epoch time: 0.10s
Epoch 669/1000, Loss: 3.1388, Obj: 22.9231, Eq Viol (l1): 2.563271, Ineq Viol (l1): 0.002555, Epoch time: 0.10s
Epoch 670/1000, Loss: 3.1281, Obj: 23.1154, Eq Viol (l1): 2.552597, Ineq Viol (l1): 0.001711, Epoch time: 0.10s
Epoch 671/1000, Loss: 3.0998, Obj: 22.8596, Eq Viol (l1): 2.537616, Ineq Viol (l1): 0.001762, Epoch time: 0.10s

Running validation at epoch 670...

VALIDATION_EPOCH_670 EVALUATION RESULTS:
==================================================
Obj:     2.262661e+01
Opt Gap:      3.984068e+01 ± 1.470538e+01
Eq Vio l1:   8.637305e-01 (max: 1.202352e+00)
Ineq Vio l1: 3.146588e-04 (max: 7.300084e-02)
Sol Dis:   2.317667e+02 ± 1.313834e+00
Merit:             3.126706e+01 ± 7.950649e-02
Avg Inf Time:  0.0002s
==================================================
✓ Model saved: results/nonsmooth_nonconvex/socp/SOCPProblem-100-50-50-10000/20260115-143717_MLP_sup_pen_seed0_nepochs1000_lr0.0001_trainsize3000_subopt_3_0.5/model_670.pt
Epoch 672/1000, Loss: 3.0826, Obj: 22.3754, Eq Viol (l1): 2.542569, Ineq Viol (l1): 0.000853, Epoch time: 0.10s
Epoch 673/1000, Loss: 3.0633, Obj: 21.6584, Eq Viol (l1): 2.538694, Ineq Viol (l1): 0.001356, Epoch time: 0.10s
Epoch 674/1000, Loss: 3.0672, Obj: 21.1853, Eq Viol (l1): 2.544190, Ineq Viol (l1): 0.004545, Epoch time: 0.10s
Epoch 675/1000, Loss: 3.0189, Obj: 21.2113, Eq Viol (l1): 2.522288, Ineq Viol (l1): 0.000912, Epoch time: 0.10s
Epoch 676/1000, Loss: 3.0348, Obj: 20.8732, Eq Viol (l1): 2.525559, Ineq Viol (l1): 0.005934, Epoch time: 0.10s
Epoch 677/1000, Loss: 3.0966, Obj: 21.5815, Eq Viol (l1): 2.531954, Ineq Viol (l1): 0.006538, Epoch time: 0.18s
Epoch 678/1000, Loss: 3.1153, Obj: 22.9041, Eq Viol (l1): 2.551188, Ineq Viol (l1): 0.002709, Epoch time: 0.10s
Epoch 679/1000, Loss: 3.1359, Obj: 23.6478, Eq Viol (l1): 2.547936, Ineq Viol (l1): 0.002998, Epoch time: 0.10s
Epoch 680/1000, Loss: 3.1107, Obj: 23.7161, Eq Viol (l1): 2.535532, Ineq Viol (l1): 0.000878, Epoch time: 0.10s
Epoch 681/1000, Loss: 3.0972, Obj: 22.9850, Eq Viol (l1): 2.540807, Ineq Viol (l1): 0.000779, Epoch time: 0.10s

Running validation at epoch 680...

VALIDATION_EPOCH_680 EVALUATION RESULTS:
==================================================
Obj:     2.262268e+01
Opt Gap:      4.039863e+01 ± 1.535386e+01
Eq Vio l1:   9.405629e-01 (max: 1.345951e+00)
Ineq Vio l1: 1.018630e-03 (max: 2.594687e-01)
Sol Dis:   2.317763e+02 ± 1.394690e+00
Merit:             3.203849e+01 ± 4.982105e-02
Avg Inf Time:  0.0002s
==================================================
✓ Model saved: results/nonsmooth_nonconvex/socp/SOCPProblem-100-50-50-10000/20260115-143717_MLP_sup_pen_seed0_nepochs1000_lr0.0001_trainsize3000_subopt_3_0.5/model_680.pt
Epoch 682/1000, Loss: 3.0613, Obj: 22.2457, Eq Viol (l1): 2.526194, Ineq Viol (l1): 0.003391, Epoch time: 0.10s
Epoch 683/1000, Loss: 3.0732, Obj: 22.0473, Eq Viol (l1): 2.536779, Ineq Viol (l1): 0.001801, Epoch time: 0.10s
Epoch 684/1000, Loss: 3.0537, Obj: 21.6360, Eq Viol (l1): 2.528594, Ineq Viol (l1): 0.002759, Epoch time: 0.10s
Epoch 685/1000, Loss: 3.0302, Obj: 21.4055, Eq Viol (l1): 2.523473, Ineq Viol (l1): 0.001794, Epoch time: 0.10s
Epoch 686/1000, Loss: 3.0385, Obj: 20.9820, Eq Viol (l1): 2.533657, Ineq Viol (l1): 0.002309, Epoch time: 0.10s
Epoch 687/1000, Loss: 3.0426, Obj: 20.7490, Eq Viol (l1): 2.530897, Ineq Viol (l1): 0.005049, Epoch time: 0.10s
Epoch 688/1000, Loss: 3.0460, Obj: 21.4887, Eq Viol (l1): 2.525164, Ineq Viol (l1): 0.003590, Epoch time: 0.10s
Epoch 689/1000, Loss: 3.0938, Obj: 22.0358, Eq Viol (l1): 2.539647, Ineq Viol (l1): 0.003762, Epoch time: 0.10s
Epoch 690/1000, Loss: 3.0409, Obj: 22.0440, Eq Viol (l1): 2.518545, Ineq Viol (l1): 0.001813, Epoch time: 0.10s
Epoch 691/1000, Loss: 3.1407, Obj: 22.4216, Eq Viol (l1): 2.538923, Ineq Viol (l1): 0.007424, Epoch time: 0.10s

Running validation at epoch 690...

VALIDATION_EPOCH_690 EVALUATION RESULTS:
==================================================
Obj:     2.306800e+01
Opt Gap:      4.061720e+01 ± 1.468256e+01
Eq Vio l1:   9.253137e-01 (max: 1.336432e+00)
Ineq Vio l1: 1.026308e-03 (max: 1.422348e-01)
Sol Dis:   2.341187e+02 ± 1.267977e+00
Merit:             3.233140e+01 ± 1.070273e-01
Avg Inf Time:  0.0002s
==================================================
✓ Model saved: results/nonsmooth_nonconvex/socp/SOCPProblem-100-50-50-10000/20260115-143717_MLP_sup_pen_seed0_nepochs1000_lr0.0001_trainsize3000_subopt_3_0.5/model_690.pt
Epoch 692/1000, Loss: 3.1726, Obj: 23.8373, Eq Viol (l1): 2.549761, Ineq Viol (l1): 0.007548, Epoch time: 0.10s
Epoch 693/1000, Loss: 3.1728, Obj: 24.6670, Eq Viol (l1): 2.566832, Ineq Viol (l1): 0.000508, Epoch time: 0.10s
Epoch 694/1000, Loss: 3.1372, Obj: 24.1298, Eq Viol (l1): 2.544555, Ineq Viol (l1): 0.001584, Epoch time: 0.10s
Epoch 695/1000, Loss: 3.1004, Obj: 23.3240, Eq Viol (l1): 2.539842, Ineq Viol (l1): 0.000778, Epoch time: 0.10s
Epoch 696/1000, Loss: 3.0928, Obj: 22.5183, Eq Viol (l1): 2.532641, Ineq Viol (l1): 0.005009, Epoch time: 0.10s
Epoch 697/1000, Loss: 3.0840, Obj: 22.6890, Eq Viol (l1): 2.537032, Ineq Viol (l1): 0.000341, Epoch time: 0.10s
Epoch 698/1000, Loss: 3.0585, Obj: 22.1027, Eq Viol (l1): 2.526728, Ineq Viol (l1): 0.002392, Epoch time: 0.10s
Epoch 699/1000, Loss: 3.1011, Obj: 22.2051, Eq Viol (l1): 2.532952, Ineq Viol (l1): 0.006047, Epoch time: 0.10s
Epoch 700/1000, Loss: 3.0813, Obj: 22.5987, Eq Viol (l1): 2.530421, Ineq Viol (l1): 0.004140, Epoch time: 0.10s
Epoch 701/1000, Loss: 3.0920, Obj: 23.0101, Eq Viol (l1): 2.537287, Ineq Viol (l1): 0.000650, Epoch time: 0.10s

Running validation at epoch 700...

VALIDATION_EPOCH_700 EVALUATION RESULTS:
==================================================
Obj:     2.283129e+01
Opt Gap:      3.986749e+01 ± 1.438920e+01
Eq Vio l1:   8.962204e-01 (max: 1.359434e+00)
Ineq Vio l1: 2.776513e-04 (max: 7.107872e-02)
Sol Dis:   2.329483e+02 ± 1.446993e+00
Merit:             3.179627e+01 ± 1.232450e-01
Avg Inf Time:  0.0002s
==================================================
✓ Model saved: results/nonsmooth_nonconvex/socp/SOCPProblem-100-50-50-10000/20260115-143717_MLP_sup_pen_seed0_nepochs1000_lr0.0001_trainsize3000_subopt_3_0.5/model_700.pt
Epoch 702/1000, Loss: 3.0732, Obj: 22.4953, Eq Viol (l1): 2.532002, Ineq Viol (l1): 0.000656, Epoch time: 0.10s
Epoch 703/1000, Loss: 3.0612, Obj: 21.9621, Eq Viol (l1): 2.530148, Ineq Viol (l1): 0.002428, Epoch time: 0.10s
Epoch 704/1000, Loss: 3.0147, Obj: 21.4326, Eq Viol (l1): 2.517031, Ineq Viol (l1): 0.000869, Epoch time: 0.10s
Epoch 705/1000, Loss: 3.0437, Obj: 21.1602, Eq Viol (l1): 2.520195, Ineq Viol (l1): 0.005783, Epoch time: 0.10s
Epoch 706/1000, Loss: 3.0439, Obj: 21.4798, Eq Viol (l1): 2.523954, Ineq Viol (l1): 0.002956, Epoch time: 0.10s
Epoch 707/1000, Loss: 3.0359, Obj: 21.5471, Eq Viol (l1): 2.519125, Ineq Viol (l1): 0.002783, Epoch time: 0.10s
Epoch 708/1000, Loss: 3.0547, Obj: 21.5750, Eq Viol (l1): 2.531009, Ineq Viol (l1): 0.003134, Epoch time: 0.10s
Epoch 709/1000, Loss: 3.0397, Obj: 21.5601, Eq Viol (l1): 2.526579, Ineq Viol (l1): 0.001078, Epoch time: 0.10s
Epoch 710/1000, Loss: 3.0434, Obj: 20.9969, Eq Viol (l1): 2.530050, Ineq Viol (l1): 0.003985, Epoch time: 0.10s
Epoch 711/1000, Loss: 3.0902, Obj: 21.2833, Eq Viol (l1): 2.539754, Ineq Viol (l1): 0.006032, Epoch time: 0.10s

Running validation at epoch 710...

VALIDATION_EPOCH_710 EVALUATION RESULTS:
==================================================
Obj:     2.187652e+01
Opt Gap:      3.916707e+01 ± 1.455523e+01
Eq Vio l1:   9.742227e-01 (max: 1.451711e+00)
Ineq Vio l1: 3.628098e-04 (max: 9.287930e-02)
Sol Dis:   2.280772e+02 ± 1.196895e+00
Merit:             3.162237e+01 ± 8.880853e-02
Avg Inf Time:  0.0002s
==================================================
✓ Model saved: results/nonsmooth_nonconvex/socp/SOCPProblem-100-50-50-10000/20260115-143717_MLP_sup_pen_seed0_nepochs1000_lr0.0001_trainsize3000_subopt_3_0.5/model_710.pt
Epoch 712/1000, Loss: 3.0822, Obj: 22.3559, Eq Viol (l1): 2.537306, Ineq Viol (l1): 0.002958, Epoch time: 0.10s
Epoch 713/1000, Loss: 3.1004, Obj: 22.8292, Eq Viol (l1): 2.539946, Ineq Viol (l1): 0.002529, Epoch time: 0.10s
Epoch 714/1000, Loss: 3.0682, Obj: 22.6397, Eq Viol (l1): 2.529376, Ineq Viol (l1): 0.000238, Epoch time: 0.10s
Epoch 715/1000, Loss: 3.0472, Obj: 21.9189, Eq Viol (l1): 2.524039, Ineq Viol (l1): 0.003026, Epoch time: 0.10s
Epoch 716/1000, Loss: 3.0261, Obj: 21.5999, Eq Viol (l1): 2.515377, Ineq Viol (l1): 0.002135, Epoch time: 0.10s
Epoch 717/1000, Loss: 3.0371, Obj: 21.3070, Eq Viol (l1): 2.527295, Ineq Viol (l1): 0.002468, Epoch time: 0.10s
Epoch 718/1000, Loss: 2.9979, Obj: 20.9249, Eq Viol (l1): 2.513688, Ineq Viol (l1): 0.001153, Epoch time: 0.10s
Epoch 719/1000, Loss: 3.0083, Obj: 20.6010, Eq Viol (l1): 2.510517, Ineq Viol (l1): 0.006407, Epoch time: 0.10s
Epoch 720/1000, Loss: 3.0274, Obj: 21.2664, Eq Viol (l1): 2.516232, Ineq Viol (l1): 0.004081, Epoch time: 0.10s
Epoch 721/1000, Loss: 3.0513, Obj: 21.9474, Eq Viol (l1): 2.529420, Ineq Viol (l1): 0.001607, Epoch time: 0.10s

Running validation at epoch 720...

VALIDATION_EPOCH_720 EVALUATION RESULTS:
==================================================
Obj:     2.212967e+01
Opt Gap:      3.976040e+01 ± 1.572007e+01
Eq Vio l1:   9.145190e-01 (max: 1.331015e+00)
Ineq Vio l1: 6.499846e-05 (max: 1.663961e-02)
Sol Dis:   2.293276e+02 ± 1.311619e+00
Merit:             3.127551e+01 ± 3.454311e-02
Avg Inf Time:  0.0002s
==================================================
✓ Model saved: results/nonsmooth_nonconvex/socp/SOCPProblem-100-50-50-10000/20260115-143717_MLP_sup_pen_seed0_nepochs1000_lr0.0001_trainsize3000_subopt_3_0.5/model_720.pt
Epoch 722/1000, Loss: 3.0463, Obj: 21.8501, Eq Viol (l1): 2.530116, Ineq Viol (l1): 0.001271, Epoch time: 0.10s
Epoch 723/1000, Loss: 3.0035, Obj: 21.3753, Eq Viol (l1): 2.502322, Ineq Viol (l1): 0.002819, Epoch time: 0.10s
Epoch 724/1000, Loss: 3.0134, Obj: 21.1567, Eq Viol (l1): 2.515694, Ineq Viol (l1): 0.001785, Epoch time: 0.10s
Epoch 725/1000, Loss: 3.0137, Obj: 20.7802, Eq Viol (l1): 2.519962, Ineq Viol (l1): 0.002573, Epoch time: 0.10s
Epoch 726/1000, Loss: 3.0318, Obj: 20.8769, Eq Viol (l1): 2.514745, Ineq Viol (l1): 0.006778, Epoch time: 0.10s
Epoch 727/1000, Loss: 3.0320, Obj: 21.7388, Eq Viol (l1): 2.514204, Ineq Viol (l1): 0.003114, Epoch time: 0.10s
Epoch 728/1000, Loss: 3.1144, Obj: 22.4967, Eq Viol (l1): 2.531858, Ineq Viol (l1): 0.006284, Epoch time: 0.10s
Epoch 729/1000, Loss: 3.1159, Obj: 23.2795, Eq Viol (l1): 2.539356, Ineq Viol (l1): 0.003600, Epoch time: 0.10s
Epoch 730/1000, Loss: 3.0840, Obj: 23.3617, Eq Viol (l1): 2.527104, Ineq Viol (l1): 0.000103, Epoch time: 0.10s
Epoch 731/1000, Loss: 3.0666, Obj: 22.4965, Eq Viol (l1): 2.529125, Ineq Viol (l1): 0.000975, Epoch time: 0.10s

Running validation at epoch 730...

VALIDATION_EPOCH_730 EVALUATION RESULTS:
==================================================
Obj:     2.198269e+01
Opt Gap:      3.858923e+01 ± 1.380618e+01
Eq Vio l1:   9.272395e-01 (max: 1.372665e+00)
Ineq Vio l1: 4.670368e-04 (max: 9.217866e-02)
Sol Dis:   2.286336e+02 ± 1.253191e+00
Merit:             3.125975e+01 ± 8.132286e-02
Avg Inf Time:  0.0002s
==================================================
✓ Model saved: results/nonsmooth_nonconvex/socp/SOCPProblem-100-50-50-10000/20260115-143717_MLP_sup_pen_seed0_nepochs1000_lr0.0001_trainsize3000_subopt_3_0.5/model_730.pt
Epoch 732/1000, Loss: 3.0590, Obj: 21.6044, Eq Viol (l1): 2.530755, Ineq Viol (l1): 0.003560, Epoch time: 0.10s
Epoch 733/1000, Loss: 3.0756, Obj: 21.7510, Eq Viol (l1): 2.523161, Ineq Viol (l1): 0.005702, Epoch time: 0.10s
Epoch 734/1000, Loss: 3.0867, Obj: 22.5943, Eq Viol (l1): 2.535758, Ineq Viol (l1): 0.002193, Epoch time: 0.10s
Epoch 735/1000, Loss: 3.0846, Obj: 22.6472, Eq Viol (l1): 2.529862, Ineq Viol (l1): 0.003085, Epoch time: 0.10s
Epoch 736/1000, Loss: 3.0539, Obj: 22.4965, Eq Viol (l1): 2.524810, Ineq Viol (l1): 0.000953, Epoch time: 0.10s
Epoch 737/1000, Loss: 3.0518, Obj: 22.0797, Eq Viol (l1): 2.522403, Ineq Viol (l1): 0.002346, Epoch time: 0.10s
Epoch 738/1000, Loss: 3.0433, Obj: 21.5514, Eq Viol (l1): 2.527995, Ineq Viol (l1): 0.001735, Epoch time: 0.10s
Epoch 739/1000, Loss: 3.0055, Obj: 21.1335, Eq Viol (l1): 2.510218, Ineq Viol (l1): 0.002453, Epoch time: 0.10s
Epoch 740/1000, Loss: 2.9951, Obj: 20.9601, Eq Viol (l1): 2.505443, Ineq Viol (l1): 0.003376, Epoch time: 0.10s
Epoch 741/1000, Loss: 2.9930, Obj: 20.8732, Eq Viol (l1): 2.507405, Ineq Viol (l1): 0.001848, Epoch time: 0.10s

Running validation at epoch 740...

VALIDATION_EPOCH_740 EVALUATION RESULTS:
==================================================
Obj:     2.076094e+01
Opt Gap:      3.715420e+01 ± 1.400619e+01
Eq Vio l1:   8.768363e-01 (max: 1.268761e+00)
Ineq Vio l1: 3.160525e-04 (max: 4.513567e-02)
Sol Dis:   2.223987e+02 ± 1.327511e+00
Merit:             2.953246e+01 ± 9.283632e-02
Avg Inf Time:  0.0002s
==================================================
✓ Model saved: results/nonsmooth_nonconvex/socp/SOCPProblem-100-50-50-10000/20260115-143717_MLP_sup_pen_seed0_nepochs1000_lr0.0001_trainsize3000_subopt_3_0.5/model_740.pt
Epoch 742/1000, Loss: 3.0025, Obj: 20.6233, Eq Viol (l1): 2.513095, Ineq Viol (l1): 0.003421, Epoch time: 0.10s
Epoch 743/1000, Loss: 3.0277, Obj: 20.8103, Eq Viol (l1): 2.528743, Ineq Viol (l1): 0.003458, Epoch time: 0.10s
Epoch 744/1000, Loss: 3.0247, Obj: 20.8903, Eq Viol (l1): 2.527777, Ineq Viol (l1): 0.002622, Epoch time: 0.10s
Epoch 745/1000, Loss: 3.0239, Obj: 20.7352, Eq Viol (l1): 2.525095, Ineq Viol (l1): 0.003749, Epoch time: 0.10s
Epoch 746/1000, Loss: 3.0057, Obj: 20.8220, Eq Viol (l1): 2.511715, Ineq Viol (l1): 0.002228, Epoch time: 0.10s
Epoch 747/1000, Loss: 2.9980, Obj: 20.6989, Eq Viol (l1): 2.508963, Ineq Viol (l1): 0.003014, Epoch time: 0.10s
Epoch 748/1000, Loss: 3.0190, Obj: 20.6437, Eq Viol (l1): 2.524430, Ineq Viol (l1): 0.003701, Epoch time: 0.10s
Epoch 749/1000, Loss: 3.0125, Obj: 20.8181, Eq Viol (l1): 2.519199, Ineq Viol (l1): 0.001100, Epoch time: 0.10s
Epoch 750/1000, Loss: 3.0015, Obj: 20.6003, Eq Viol (l1): 2.515839, Ineq Viol (l1): 0.003375, Epoch time: 0.10s
Epoch 751/1000, Loss: 3.0136, Obj: 20.6889, Eq Viol (l1): 2.514205, Ineq Viol (l1): 0.005616, Epoch time: 0.10s

Running validation at epoch 750...

VALIDATION_EPOCH_750 EVALUATION RESULTS:
==================================================
Obj:     2.108730e+01
Opt Gap:      3.774142e+01 ± 1.431114e+01
Eq Vio l1:   9.457119e-01 (max: 1.369704e+00)
Ineq Vio l1: 0.000000e+00 (max: 0.000000e+00)
Sol Dis:   2.240846e+02 ± 1.385107e+00
Merit:             3.054442e+01 ± 6.203331e-02
Avg Inf Time:  0.0002s
==================================================
✓ Model saved: results/nonsmooth_nonconvex/socp/SOCPProblem-100-50-50-10000/20260115-143717_MLP_sup_pen_seed0_nepochs1000_lr0.0001_trainsize3000_subopt_3_0.5/model_750.pt
Epoch 752/1000, Loss: 3.0280, Obj: 21.4981, Eq Viol (l1): 2.518193, Ineq Viol (l1): 0.001817, Epoch time: 0.10s
Epoch 753/1000, Loss: 3.0417, Obj: 21.7064, Eq Viol (l1): 2.524167, Ineq Viol (l1): 0.002275, Epoch time: 0.10s
Epoch 754/1000, Loss: 3.0348, Obj: 21.6377, Eq Viol (l1): 2.520084, Ineq Viol (l1): 0.001417, Epoch time: 0.10s
Epoch 755/1000, Loss: 3.0053, Obj: 21.2878, Eq Viol (l1): 2.504955, Ineq Viol (l1): 0.003140, Epoch time: 0.10s
Epoch 756/1000, Loss: 3.0042, Obj: 21.1832, Eq Viol (l1): 2.509180, Ineq Viol (l1): 0.001137, Epoch time: 0.10s
Epoch 757/1000, Loss: 2.9958, Obj: 20.8312, Eq Viol (l1): 2.509933, Ineq Viol (l1): 0.002541, Epoch time: 0.10s
Epoch 758/1000, Loss: 2.9754, Obj: 20.4661, Eq Viol (l1): 2.500812, Ineq Viol (l1): 0.002511, Epoch time: 0.10s
Epoch 759/1000, Loss: 2.9906, Obj: 20.4630, Eq Viol (l1): 2.511198, Ineq Viol (l1): 0.003154, Epoch time: 0.10s
Epoch 760/1000, Loss: 3.0199, Obj: 20.4028, Eq Viol (l1): 2.533311, Ineq Viol (l1): 0.003369, Epoch time: 0.10s
Epoch 761/1000, Loss: 2.9788, Obj: 20.4421, Eq Viol (l1): 2.505041, Ineq Viol (l1): 0.003512, Epoch time: 0.10s

Running validation at epoch 760...

VALIDATION_EPOCH_760 EVALUATION RESULTS:
==================================================
Obj:     2.055979e+01
Opt Gap:      3.646362e+01 ± 1.361680e+01
Eq Vio l1:   8.958944e-01 (max: 1.289200e+00)
Ineq Vio l1: 1.197537e-04 (max: 3.065696e-02)
Sol Dis:   2.215135e+02 ± 1.368320e+00
Merit:             2.951993e+01 ± 9.141230e-02
Avg Inf Time:  0.0002s
==================================================
✓ Model saved: results/nonsmooth_nonconvex/socp/SOCPProblem-100-50-50-10000/20260115-143717_MLP_sup_pen_seed0_nepochs1000_lr0.0001_trainsize3000_subopt_3_0.5/model_760.pt
Epoch 762/1000, Loss: 3.0006, Obj: 20.8997, Eq Viol (l1): 2.508252, Ineq Viol (l1): 0.003692, Epoch time: 0.10s
Epoch 763/1000, Loss: 3.0616, Obj: 21.2564, Eq Viol (l1): 2.518522, Ineq Viol (l1): 0.005887, Epoch time: 0.10s
Epoch 764/1000, Loss: 3.1635, Obj: 22.7530, Eq Viol (l1): 2.537104, Ineq Viol (l1): 0.011336, Epoch time: 0.10s
Epoch 765/1000, Loss: 3.1625, Obj: 24.6994, Eq Viol (l1): 2.555293, Ineq Viol (l1): 0.000016, Epoch time: 0.10s
Epoch 766/1000, Loss: 3.1272, Obj: 24.9235, Eq Viol (l1): 2.523827, Ineq Viol (l1): 0.002598, Epoch time: 0.10s
Epoch 767/1000, Loss: 3.1067, Obj: 24.6345, Eq Viol (l1): 2.520559, Ineq Viol (l1): 0.000472, Epoch time: 0.10s
Epoch 768/1000, Loss: 3.1253, Obj: 23.8102, Eq Viol (l1): 2.534288, Ineq Viol (l1): 0.003356, Epoch time: 0.10s
Epoch 769/1000, Loss: 3.0926, Obj: 23.4400, Eq Viol (l1): 2.531517, Ineq Viol (l1): 0.000002, Epoch time: 0.10s
Epoch 770/1000, Loss: 3.0744, Obj: 22.5813, Eq Viol (l1): 2.527588, Ineq Viol (l1): 0.002816, Epoch time: 0.10s
Epoch 771/1000, Loss: 3.0315, Obj: 22.2107, Eq Viol (l1): 2.509566, Ineq Viol (l1): 0.000486, Epoch time: 0.10s

Running validation at epoch 770...

VALIDATION_EPOCH_770 EVALUATION RESULTS:
==================================================
Obj:     2.184340e+01
Opt Gap:      3.906424e+01 ± 1.509576e+01
Eq Vio l1:   9.107030e-01 (max: 1.335555e+00)
Ineq Vio l1: 2.417250e-03 (max: 5.904978e-01)
Sol Dis:   2.278570e+02 ± 1.292559e+00
Merit:             3.097460e+01 ± 4.317257e-02
Avg Inf Time:  0.0002s
==================================================
✓ Model saved: results/nonsmooth_nonconvex/socp/SOCPProblem-100-50-50-10000/20260115-143717_MLP_sup_pen_seed0_nepochs1000_lr0.0001_trainsize3000_subopt_3_0.5/model_770.pt
Epoch 772/1000, Loss: 3.0520, Obj: 21.8630, Eq Viol (l1): 2.522300, Ineq Viol (l1): 0.004044, Epoch time: 0.10s
Epoch 773/1000, Loss: 3.0388, Obj: 21.8513, Eq Viol (l1): 2.515846, Ineq Viol (l1): 0.001743, Epoch time: 0.10s
Epoch 774/1000, Loss: 3.0133, Obj: 21.6774, Eq Viol (l1): 2.507114, Ineq Viol (l1): 0.001403, Epoch time: 0.10s
Epoch 775/1000, Loss: 3.0356, Obj: 21.4110, Eq Viol (l1): 2.521027, Ineq Viol (l1): 0.003023, Epoch time: 0.10s
Epoch 776/1000, Loss: 3.0411, Obj: 21.2224, Eq Viol (l1): 2.527936, Ineq Viol (l1): 0.003881, Epoch time: 0.10s
Epoch 777/1000, Loss: 3.0026, Obj: 21.1877, Eq Viol (l1): 2.508161, Ineq Viol (l1): 0.001414, Epoch time: 0.10s
Epoch 778/1000, Loss: 2.9911, Obj: 20.8799, Eq Viol (l1): 2.500043, Ineq Viol (l1): 0.003384, Epoch time: 0.10s
Epoch 779/1000, Loss: 3.0475, Obj: 21.1554, Eq Viol (l1): 2.523168, Ineq Viol (l1): 0.004085, Epoch time: 0.10s
Epoch 780/1000, Loss: 3.1575, Obj: 22.6170, Eq Viol (l1): 2.530446, Ineq Viol (l1): 0.012175, Epoch time: 0.10s
Epoch 781/1000, Loss: 3.2436, Obj: 24.8687, Eq Viol (l1): 2.551513, Ineq Viol (l1): 0.009099, Epoch time: 0.10s

Running validation at epoch 780...

VALIDATION_EPOCH_780 EVALUATION RESULTS:
==================================================
Obj:     2.578881e+01
Opt Gap:      4.422033e+01 ± 1.538305e+01
Eq Vio l1:   1.051916e+00 (max: 1.997846e+00)
Ineq Vio l1: 2.043808e-03 (max: 3.214638e-01)
Sol Dis:   2.482961e+02 ± 1.344763e+00
Merit:             3.632841e+01 ± 1.192572e-01
Avg Inf Time:  0.0002s
==================================================
✓ Model saved: results/nonsmooth_nonconvex/socp/SOCPProblem-100-50-50-10000/20260115-143717_MLP_sup_pen_seed0_nepochs1000_lr0.0001_trainsize3000_subopt_3_0.5/model_780.pt
Epoch 782/1000, Loss: 3.2235, Obj: 26.3235, Eq Viol (l1): 2.562490, Ineq Viol (l1): 0.001463, Epoch time: 0.10s
Epoch 783/1000, Loss: 3.2133, Obj: 26.0221, Eq Viol (l1): 2.554213, Ineq Viol (l1): 0.003024, Epoch time: 0.10s
Epoch 784/1000, Loss: 3.2359, Obj: 25.6860, Eq Viol (l1): 2.566039, Ineq Viol (l1): 0.003683, Epoch time: 0.10s
Epoch 785/1000, Loss: 3.1971, Obj: 25.4728, Eq Viol (l1): 2.558481, Ineq Viol (l1): 0.001026, Epoch time: 0.10s
Epoch 786/1000, Loss: 3.1914, Obj: 25.1377, Eq Viol (l1): 2.545851, Ineq Viol (l1): 0.003480, Epoch time: 0.10s
Epoch 787/1000, Loss: 3.1578, Obj: 24.6381, Eq Viol (l1): 2.545652, Ineq Viol (l1): 0.003320, Epoch time: 0.10s
Epoch 788/1000, Loss: 3.1286, Obj: 24.3392, Eq Viol (l1): 2.539308, Ineq Viol (l1): 0.000082, Epoch time: 0.10s
Epoch 789/1000, Loss: 3.0661, Obj: 23.5173, Eq Viol (l1): 2.514084, Ineq Viol (l1): 0.000004, Epoch time: 0.10s
Epoch 790/1000, Loss: 3.0470, Obj: 22.4265, Eq Viol (l1): 2.515138, Ineq Viol (l1): 0.001389, Epoch time: 0.17s
Epoch 791/1000, Loss: 3.0283, Obj: 21.6182, Eq Viol (l1): 2.510147, Ineq Viol (l1): 0.003809, Epoch time: 0.10s

Running validation at epoch 790...

VALIDATION_EPOCH_790 EVALUATION RESULTS:
==================================================
Obj:     2.144260e+01
Opt Gap:      3.776720e+01 ± 1.407294e+01
Eq Vio l1:   8.701002e-01 (max: 1.226992e+00)
Ineq Vio l1: 9.911157e-04 (max: 1.331610e-01)
Sol Dis:   2.258714e+02 ± 1.330402e+00
Merit:             3.015352e+01 ± 6.753480e-02
Avg Inf Time:  0.0002s
==================================================
✓ Model saved: results/nonsmooth_nonconvex/socp/SOCPProblem-100-50-50-10000/20260115-143717_MLP_sup_pen_seed0_nepochs1000_lr0.0001_trainsize3000_subopt_3_0.5/model_790.pt
Epoch 792/1000, Loss: 3.0273, Obj: 21.4958, Eq Viol (l1): 2.515694, Ineq Viol (l1): 0.002345, Epoch time: 0.10s
Epoch 793/1000, Loss: 3.0226, Obj: 21.3044, Eq Viol (l1): 2.515507, Ineq Viol (l1): 0.001726, Epoch time: 0.10s
Epoch 794/1000, Loss: 3.0053, Obj: 21.1704, Eq Viol (l1): 2.507169, Ineq Viol (l1): 0.001977, Epoch time: 0.10s
Epoch 795/1000, Loss: 3.0128, Obj: 20.9599, Eq Viol (l1): 2.516616, Ineq Viol (l1): 0.003268, Epoch time: 0.10s
Epoch 796/1000, Loss: 3.0114, Obj: 20.8551, Eq Viol (l1): 2.518407, Ineq Viol (l1): 0.002196, Epoch time: 0.10s
Epoch 797/1000, Loss: 2.9792, Obj: 20.6107, Eq Viol (l1): 2.502474, Ineq Viol (l1): 0.002175, Epoch time: 0.10s
Epoch 798/1000, Loss: 3.0336, Obj: 20.5474, Eq Viol (l1): 2.524231, Ineq Viol (l1): 0.003718, Epoch time: 0.10s
Epoch 799/1000, Loss: 3.0486, Obj: 21.0042, Eq Viol (l1): 2.523618, Ineq Viol (l1): 0.005621, Epoch time: 0.10s
Epoch 800/1000, Loss: 3.0877, Obj: 22.2008, Eq Viol (l1): 2.521847, Ineq Viol (l1): 0.006576, Epoch time: 0.10s
Epoch 801/1000, Loss: 3.0998, Obj: 22.8850, Eq Viol (l1): 2.525181, Ineq Viol (l1): 0.005602, Epoch time: 0.10s

Running validation at epoch 800...

VALIDATION_EPOCH_800 EVALUATION RESULTS:
==================================================
Obj:     2.297701e+01
Opt Gap:      4.074111e+01 ± 1.569077e+01
Eq Vio l1:   8.755621e-01 (max: 1.280383e+00)
Ineq Vio l1: 2.829635e-03 (max: 6.846760e-01)
Sol Dis:   2.336049e+02 ± 1.890258e+00
Merit:             3.176093e+01 ± 1.446213e-01
Avg Inf Time:  0.0002s
==================================================
✓ Model saved: results/nonsmooth_nonconvex/socp/SOCPProblem-100-50-50-10000/20260115-143717_MLP_sup_pen_seed0_nepochs1000_lr0.0001_trainsize3000_subopt_3_0.5/model_800.pt
Epoch 802/1000, Loss: 3.0941, Obj: 23.4656, Eq Viol (l1): 2.527585, Ineq Viol (l1): 0.001020, Epoch time: 0.10s
Epoch 803/1000, Loss: 3.0799, Obj: 23.2274, Eq Viol (l1): 2.527996, Ineq Viol (l1): 0.000301, Epoch time: 0.10s
Epoch 804/1000, Loss: 3.0452, Obj: 22.3921, Eq Viol (l1): 2.515810, Ineq Viol (l1): 0.001277, Epoch time: 0.10s
Epoch 805/1000, Loss: 3.0821, Obj: 22.0543, Eq Viol (l1): 2.531430, Ineq Viol (l1): 0.003934, Epoch time: 0.10s
Epoch 806/1000, Loss: 3.0770, Obj: 22.3147, Eq Viol (l1): 2.518377, Ineq Viol (l1): 0.005520, Epoch time: 0.10s
Epoch 807/1000, Loss: 3.0422, Obj: 22.6900, Eq Viol (l1): 2.507571, Ineq Viol (l1): 0.000479, Epoch time: 0.10s
Epoch 808/1000, Loss: 3.0880, Obj: 22.3132, Eq Viol (l1): 2.535330, Ineq Viol (l1): 0.004379, Epoch time: 0.10s
Epoch 809/1000, Loss: 3.0649, Obj: 22.4744, Eq Viol (l1): 2.524635, Ineq Viol (l1): 0.001437, Epoch time: 0.10s
Epoch 810/1000, Loss: 3.0394, Obj: 22.0999, Eq Viol (l1): 2.513030, Ineq Viol (l1): 0.001714, Epoch time: 0.10s
Epoch 811/1000, Loss: 3.0485, Obj: 21.6702, Eq Viol (l1): 2.529896, Ineq Viol (l1): 0.000383, Epoch time: 0.10s

Running validation at epoch 810...

VALIDATION_EPOCH_810 EVALUATION RESULTS:
==================================================
Obj:     2.138650e+01
Opt Gap:      3.732315e+01 ± 1.353909e+01
Eq Vio l1:   9.049668e-01 (max: 1.284631e+00)
Ineq Vio l1: 0.000000e+00 (max: 0.000000e+00)
Sol Dis:   2.254721e+02 ± 1.547398e+00
Merit:             3.043617e+01 ± 7.360142e-02
Avg Inf Time:  0.0002s
==================================================
✓ Model saved: results/nonsmooth_nonconvex/socp/SOCPProblem-100-50-50-10000/20260115-143717_MLP_sup_pen_seed0_nepochs1000_lr0.0001_trainsize3000_subopt_3_0.5/model_810.pt
Epoch 812/1000, Loss: 3.0232, Obj: 21.0377, Eq Viol (l1): 2.512961, Ineq Viol (l1): 0.005249, Epoch time: 0.10s
Epoch 813/1000, Loss: 3.0120, Obj: 21.2813, Eq Viol (l1): 2.514363, Ineq Viol (l1): 0.001013, Epoch time: 0.10s
Epoch 814/1000, Loss: 3.0255, Obj: 21.4935, Eq Viol (l1): 2.512080, Ineq Viol (l1): 0.004008, Epoch time: 0.10s
Epoch 815/1000, Loss: 3.0365, Obj: 21.7159, Eq Viol (l1): 2.520447, Ineq Viol (l1): 0.002001, Epoch time: 0.10s
Epoch 816/1000, Loss: 3.0188, Obj: 21.5661, Eq Viol (l1): 2.512020, Ineq Viol (l1): 0.001469, Epoch time: 0.10s
Epoch 817/1000, Loss: 2.9868, Obj: 21.0833, Eq Viol (l1): 2.501524, Ineq Viol (l1): 0.000718, Epoch time: 0.10s
Epoch 818/1000, Loss: 2.9771, Obj: 20.6861, Eq Viol (l1): 2.495508, Ineq Viol (l1): 0.003952, Epoch time: 0.10s
Epoch 819/1000, Loss: 2.9989, Obj: 20.5241, Eq Viol (l1): 2.510755, Ineq Viol (l1): 0.002730, Epoch time: 0.10s
Epoch 820/1000, Loss: 3.0021, Obj: 20.3884, Eq Viol (l1): 2.512404, Ineq Viol (l1): 0.005294, Epoch time: 0.10s
Epoch 821/1000, Loss: 2.9918, Obj: 21.0528, Eq Viol (l1): 2.493153, Ineq Viol (l1): 0.004383, Epoch time: 0.10s

Running validation at epoch 820...

VALIDATION_EPOCH_820 EVALUATION RESULTS:
==================================================
Obj:     2.157458e+01
Opt Gap:      3.799181e+01 ± 1.378751e+01
Eq Vio l1:   8.784339e-01 (max: 1.291499e+00)
Ineq Vio l1: 0.000000e+00 (max: 0.000000e+00)
Sol Dis:   2.264527e+02 ± 1.320603e+00
Merit:             3.035892e+01 ± 3.686119e-02
Avg Inf Time:  0.0002s
==================================================
✓ Model saved: results/nonsmooth_nonconvex/socp/SOCPProblem-100-50-50-10000/20260115-143717_MLP_sup_pen_seed0_nepochs1000_lr0.0001_trainsize3000_subopt_3_0.5/model_820.pt
Epoch 822/1000, Loss: 3.0478, Obj: 21.8470, Eq Viol (l1): 2.513918, Ineq Viol (l1): 0.003780, Epoch time: 0.10s
Epoch 823/1000, Loss: 3.1698, Obj: 23.0641, Eq Viol (l1): 2.549784, Ineq Viol (l1): 0.008463, Epoch time: 0.10s
Epoch 824/1000, Loss: 3.2053, Obj: 24.3051, Eq Viol (l1): 2.544773, Ineq Viol (l1): 0.006213, Epoch time: 0.10s
Epoch 825/1000, Loss: 3.2312, Obj: 25.5774, Eq Viol (l1): 2.568446, Ineq Viol (l1): 0.003726, Epoch time: 0.10s
Epoch 826/1000, Loss: 3.2530, Obj: 25.9197, Eq Viol (l1): 2.569258, Ineq Viol (l1): 0.004327, Epoch time: 0.10s
Epoch 827/1000, Loss: 3.2782, Obj: 25.9328, Eq Viol (l1): 2.569916, Ineq Viol (l1): 0.005871, Epoch time: 0.10s
Epoch 828/1000, Loss: 3.2641, Obj: 26.1495, Eq Viol (l1): 2.561398, Ineq Viol (l1): 0.007387, Epoch time: 0.10s
Epoch 829/1000, Loss: 3.2763, Obj: 26.7845, Eq Viol (l1): 2.592625, Ineq Viol (l1): 0.000648, Epoch time: 0.10s
Epoch 830/1000, Loss: 3.1908, Obj: 26.0375, Eq Viol (l1): 2.546148, Ineq Viol (l1): 0.001419, Epoch time: 0.10s
Epoch 831/1000, Loss: 3.1398, Obj: 24.8860, Eq Viol (l1): 2.532827, Ineq Viol (l1): 0.001561, Epoch time: 0.10s

Running validation at epoch 830...

VALIDATION_EPOCH_830 EVALUATION RESULTS:
==================================================
Obj:     2.434688e+01
Opt Gap:      4.353566e+01 ± 1.701161e+01
Eq Vio l1:   9.033039e-01 (max: 1.312530e+00)
Ineq Vio l1: 7.389708e-04 (max: 1.891765e-01)
Sol Dis:   2.406841e+02 ± 1.378622e+00
Merit:             3.338731e+01 ± 1.408075e-01
Avg Inf Time:  0.0002s
==================================================
✓ Model saved: results/nonsmooth_nonconvex/socp/SOCPProblem-100-50-50-10000/20260115-143717_MLP_sup_pen_seed0_nepochs1000_lr0.0001_trainsize3000_subopt_3_0.5/model_830.pt
Epoch 832/1000, Loss: 3.1110, Obj: 24.0588, Eq Viol (l1): 2.528589, Ineq Viol (l1): 0.000156, Epoch time: 0.10s
Epoch 833/1000, Loss: 3.1258, Obj: 23.3814, Eq Viol (l1): 2.528625, Ineq Viol (l1): 0.003713, Epoch time: 0.10s
Epoch 834/1000, Loss: 3.0780, Obj: 22.9708, Eq Viol (l1): 2.528215, Ineq Viol (l1): 0.000821, Epoch time: 0.10s
Epoch 835/1000, Loss: 3.0525, Obj: 22.3039, Eq Viol (l1): 2.517525, Ineq Viol (l1): 0.001772, Epoch time: 0.10s
Epoch 836/1000, Loss: 3.0419, Obj: 21.6858, Eq Viol (l1): 2.519972, Ineq Viol (l1): 0.002152, Epoch time: 0.10s
Epoch 837/1000, Loss: 3.0311, Obj: 21.3853, Eq Viol (l1): 2.518067, Ineq Viol (l1): 0.001608, Epoch time: 0.10s
Epoch 838/1000, Loss: 2.9888, Obj: 21.1055, Eq Viol (l1): 2.498141, Ineq Viol (l1): 0.001913, Epoch time: 0.10s
Epoch 839/1000, Loss: 3.0045, Obj: 20.6888, Eq Viol (l1): 2.516975, Ineq Viol (l1): 0.001905, Epoch time: 0.10s
Epoch 840/1000, Loss: 3.0965, Obj: 21.2236, Eq Viol (l1): 2.529137, Ineq Viol (l1): 0.009138, Epoch time: 0.10s
Epoch 841/1000, Loss: 3.0751, Obj: 22.5767, Eq Viol (l1): 2.521915, Ineq Viol (l1): 0.001985, Epoch time: 0.10s

Running validation at epoch 840...

VALIDATION_EPOCH_840 EVALUATION RESULTS:
==================================================
Obj:     2.286094e+01
Opt Gap:      4.108206e+01 ± 1.547052e+01
Eq Vio l1:   9.370149e-01 (max: 1.353672e+00)
Ineq Vio l1: 6.286417e-04 (max: 1.326068e-01)
Sol Dis:   2.328095e+02 ± 1.315783e+00
Merit:             3.223738e+01 ± 8.556338e-02
Avg Inf Time:  0.0002s
==================================================
✓ Model saved: results/nonsmooth_nonconvex/socp/SOCPProblem-100-50-50-10000/20260115-143717_MLP_sup_pen_seed0_nepochs1000_lr0.0001_trainsize3000_subopt_3_0.5/model_840.pt
Epoch 842/1000, Loss: 3.0786, Obj: 22.9110, Eq Viol (l1): 2.525558, Ineq Viol (l1): 0.002928, Epoch time: 0.10s
Epoch 843/1000, Loss: 3.0986, Obj: 22.7032, Eq Viol (l1): 2.540809, Ineq Viol (l1): 0.001713, Epoch time: 0.10s
Epoch 844/1000, Loss: 3.0781, Obj: 22.4177, Eq Viol (l1): 2.535075, Ineq Viol (l1): 0.001662, Epoch time: 0.10s
Epoch 845/1000, Loss: 3.0128, Obj: 21.9180, Eq Viol (l1): 2.506682, Ineq Viol (l1): 0.000361, Epoch time: 0.10s
Epoch 846/1000, Loss: 2.9907, Obj: 21.1788, Eq Viol (l1): 2.499256, Ineq Viol (l1): 0.001211, Epoch time: 0.10s
Epoch 847/1000, Loss: 3.0015, Obj: 20.8960, Eq Viol (l1): 2.494384, Ineq Viol (l1): 0.005937, Epoch time: 0.10s
Epoch 848/1000, Loss: 3.0004, Obj: 21.2571, Eq Viol (l1): 2.499748, Ineq Viol (l1): 0.002435, Epoch time: 0.10s
Epoch 849/1000, Loss: 3.0029, Obj: 21.2439, Eq Viol (l1): 2.507436, Ineq Viol (l1): 0.002247, Epoch time: 0.10s
Epoch 850/1000, Loss: 3.0201, Obj: 21.0388, Eq Viol (l1): 2.521367, Ineq Viol (l1): 0.001038, Epoch time: 0.10s
Epoch 851/1000, Loss: 3.0118, Obj: 20.9773, Eq Viol (l1): 2.505868, Ineq Viol (l1): 0.003750, Epoch time: 0.10s

Running validation at epoch 850...

VALIDATION_EPOCH_850 EVALUATION RESULTS:
==================================================
Obj:     2.130507e+01
Opt Gap:      3.761139e+01 ± 1.415515e+01
Eq Vio l1:   9.294413e-01 (max: 1.309564e+00)
Ineq Vio l1: 5.505072e-05 (max: 1.409298e-02)
Sol Dis:   2.249939e+02 ± 1.530955e+00
Merit:             3.060003e+01 ± 5.532145e-02
Avg Inf Time:  0.0002s
==================================================
✓ Model saved: results/nonsmooth_nonconvex/socp/SOCPProblem-100-50-50-10000/20260115-143717_MLP_sup_pen_seed0_nepochs1000_lr0.0001_trainsize3000_subopt_3_0.5/model_850.pt
Epoch 852/1000, Loss: 3.0450, Obj: 21.3984, Eq Viol (l1): 2.518804, Ineq Viol (l1): 0.005690, Epoch time: 0.10s
Epoch 853/1000, Loss: 3.0217, Obj: 21.9661, Eq Viol (l1): 2.507361, Ineq Viol (l1): 0.000277, Epoch time: 0.10s
Epoch 854/1000, Loss: 3.0403, Obj: 21.6346, Eq Viol (l1): 2.522307, Ineq Viol (l1): 0.002239, Epoch time: 0.10s
Epoch 855/1000, Loss: 2.9937, Obj: 21.2529, Eq Viol (l1): 2.500434, Ineq Viol (l1): 0.001169, Epoch time: 0.10s
Epoch 856/1000, Loss: 3.0145, Obj: 20.8368, Eq Viol (l1): 2.516241, Ineq Viol (l1): 0.003697, Epoch time: 0.10s
Epoch 857/1000, Loss: 2.9847, Obj: 20.8200, Eq Viol (l1): 2.501648, Ineq Viol (l1): 0.001808, Epoch time: 0.10s
Epoch 858/1000, Loss: 3.0057, Obj: 20.9597, Eq Viol (l1): 2.510284, Ineq Viol (l1): 0.003648, Epoch time: 0.10s
Epoch 859/1000, Loss: 2.9831, Obj: 20.8286, Eq Viol (l1): 2.496225, Ineq Viol (l1): 0.002207, Epoch time: 0.10s
Epoch 860/1000, Loss: 3.0138, Obj: 20.8897, Eq Viol (l1): 2.508848, Ineq Viol (l1): 0.005235, Epoch time: 0.10s
Epoch 861/1000, Loss: 3.0195, Obj: 21.4251, Eq Viol (l1): 2.513946, Ineq Viol (l1): 0.000848, Epoch time: 0.10s

Running validation at epoch 860...

VALIDATION_EPOCH_860 EVALUATION RESULTS:
==================================================
Obj:     2.143219e+01
Opt Gap:      3.886152e+01 ± 1.527441e+01
Eq Vio l1:   8.738285e-01 (max: 1.238349e+00)
Ineq Vio l1: 2.197732e-04 (max: 4.678123e-02)
Sol Dis:   2.257552e+02 ± 1.298752e+00
Merit:             3.017268e+01 ± 9.593286e-02
Avg Inf Time:  0.0002s
==================================================
✓ Model saved: results/nonsmooth_nonconvex/socp/SOCPProblem-100-50-50-10000/20260115-143717_MLP_sup_pen_seed0_nepochs1000_lr0.0001_trainsize3000_subopt_3_0.5/model_860.pt
Epoch 862/1000, Loss: 2.9973, Obj: 21.1874, Eq Viol (l1): 2.503401, Ineq Viol (l1): 0.002173, Epoch time: 0.10s
Epoch 863/1000, Loss: 2.9756, Obj: 20.8880, Eq Viol (l1): 2.495832, Ineq Viol (l1): 0.001834, Epoch time: 0.10s
Epoch 864/1000, Loss: 2.9850, Obj: 20.5941, Eq Viol (l1): 2.504367, Ineq Viol (l1): 0.002827, Epoch time: 0.10s
Epoch 865/1000, Loss: 2.9810, Obj: 20.3911, Eq Viol (l1): 2.507484, Ineq Viol (l1): 0.002148, Epoch time: 0.10s
Epoch 866/1000, Loss: 2.9878, Obj: 20.1330, Eq Viol (l1): 2.514222, Ineq Viol (l1): 0.002431, Epoch time: 0.10s
Epoch 867/1000, Loss: 3.0089, Obj: 20.2655, Eq Viol (l1): 2.497911, Ineq Viol (l1): 0.008201, Epoch time: 0.10s
Epoch 868/1000, Loss: 3.0498, Obj: 21.8229, Eq Viol (l1): 2.518974, Ineq Viol (l1): 0.003492, Epoch time: 0.10s
Epoch 869/1000, Loss: 3.0535, Obj: 22.5659, Eq Viol (l1): 2.511035, Ineq Viol (l1): 0.002012, Epoch time: 0.10s
Epoch 870/1000, Loss: 3.0295, Obj: 22.5680, Eq Viol (l1): 2.502428, Ineq Viol (l1): 0.000614, Epoch time: 0.10s
Epoch 871/1000, Loss: 3.0177, Obj: 21.9660, Eq Viol (l1): 2.509169, Ineq Viol (l1): 0.000472, Epoch time: 0.10s

Running validation at epoch 870...

VALIDATION_EPOCH_870 EVALUATION RESULTS:
==================================================
Obj:     2.156959e+01
Opt Gap:      3.876659e+01 ± 1.541901e+01
Eq Vio l1:   8.489018e-01 (max: 1.215059e+00)
Ineq Vio l1: 1.990464e-03 (max: 4.377252e-01)
Sol Dis:   2.264726e+02 ± 1.485012e+00
Merit:             3.007851e+01 ± 8.029701e-02
Avg Inf Time:  0.0002s
==================================================
✓ Model saved: results/nonsmooth_nonconvex/socp/SOCPProblem-100-50-50-10000/20260115-143717_MLP_sup_pen_seed0_nepochs1000_lr0.0001_trainsize3000_subopt_3_0.5/model_870.pt
Epoch 872/1000, Loss: 3.0044, Obj: 21.3453, Eq Viol (l1): 2.501551, Ineq Viol (l1): 0.002354, Epoch time: 0.10s
Epoch 873/1000, Loss: 2.9861, Obj: 21.0541, Eq Viol (l1): 2.495496, Ineq Viol (l1): 0.003077, Epoch time: 0.10s
Epoch 874/1000, Loss: 2.9702, Obj: 20.9331, Eq Viol (l1): 2.493134, Ineq Viol (l1): 0.001295, Epoch time: 0.10s
Epoch 875/1000, Loss: 2.9739, Obj: 20.7025, Eq Viol (l1): 2.493171, Ineq Viol (l1): 0.002251, Epoch time: 0.10s
Epoch 876/1000, Loss: 2.9861, Obj: 20.4771, Eq Viol (l1): 2.506050, Ineq Viol (l1): 0.002406, Epoch time: 0.10s
Epoch 877/1000, Loss: 2.9676, Obj: 20.3358, Eq Viol (l1): 2.498779, Ineq Viol (l1): 0.003156, Epoch time: 0.10s
Epoch 878/1000, Loss: 3.0088, Obj: 20.5791, Eq Viol (l1): 2.499697, Ineq Viol (l1): 0.006012, Epoch time: 0.10s
Epoch 879/1000, Loss: 3.0414, Obj: 21.3336, Eq Viol (l1): 2.521368, Ineq Viol (l1): 0.004680, Epoch time: 0.10s
Epoch 880/1000, Loss: 3.0430, Obj: 21.7893, Eq Viol (l1): 2.521574, Ineq Viol (l1): 0.002011, Epoch time: 0.10s
Epoch 881/1000, Loss: 2.9954, Obj: 21.5423, Eq Viol (l1): 2.501557, Ineq Viol (l1): 0.000507, Epoch time: 0.10s

Running validation at epoch 880...

VALIDATION_EPOCH_880 EVALUATION RESULTS:
==================================================
Obj:     2.122205e+01
Opt Gap:      3.751031e+01 ± 1.373819e+01
Eq Vio l1:   8.994032e-01 (max: 1.291043e+00)
Ineq Vio l1: 2.941221e-05 (max: 7.529527e-03)
Sol Dis:   2.246447e+02 ± 1.510929e+00
Merit:             3.021638e+01 ± 1.372166e-01
Avg Inf Time:  0.0002s
==================================================
✓ Model saved: results/nonsmooth_nonconvex/socp/SOCPProblem-100-50-50-10000/20260115-143717_MLP_sup_pen_seed0_nepochs1000_lr0.0001_trainsize3000_subopt_3_0.5/model_880.pt
Epoch 882/1000, Loss: 3.0091, Obj: 21.0873, Eq Viol (l1): 2.507338, Ineq Viol (l1): 0.003799, Epoch time: 0.10s
Epoch 883/1000, Loss: 3.0258, Obj: 20.9394, Eq Viol (l1): 2.515864, Ineq Viol (l1): 0.004159, Epoch time: 0.10s
Epoch 884/1000, Loss: 3.0158, Obj: 21.1284, Eq Viol (l1): 2.519574, Ineq Viol (l1): 0.000912, Epoch time: 0.10s
Epoch 885/1000, Loss: 3.0040, Obj: 20.8014, Eq Viol (l1): 2.509466, Ineq Viol (l1): 0.002673, Epoch time: 0.10s
Epoch 886/1000, Loss: 3.0132, Obj: 20.7789, Eq Viol (l1): 2.517945, Ineq Viol (l1): 0.003525, Epoch time: 0.10s
Epoch 887/1000, Loss: 3.0025, Obj: 21.0935, Eq Viol (l1): 2.505779, Ineq Viol (l1): 0.001869, Epoch time: 0.10s
Epoch 888/1000, Loss: 2.9863, Obj: 20.8410, Eq Viol (l1): 2.501505, Ineq Viol (l1): 0.001985, Epoch time: 0.10s
Epoch 889/1000, Loss: 2.9667, Obj: 20.5343, Eq Viol (l1): 2.494128, Ineq Viol (l1): 0.003138, Epoch time: 0.10s
Epoch 890/1000, Loss: 3.0050, Obj: 20.5156, Eq Viol (l1): 2.519318, Ineq Viol (l1): 0.002784, Epoch time: 0.10s
Epoch 891/1000, Loss: 2.9895, Obj: 20.5534, Eq Viol (l1): 2.508162, Ineq Viol (l1): 0.002120, Epoch time: 0.10s

Running validation at epoch 890...

VALIDATION_EPOCH_890 EVALUATION RESULTS:
==================================================
Obj:     2.051869e+01
Opt Gap:      3.696070e+01 ± 1.438594e+01
Eq Vio l1:   9.152463e-01 (max: 1.291153e+00)
Ineq Vio l1: 1.164740e-04 (max: 2.981733e-02)
Sol Dis:   2.211347e+02 ± 1.531856e+00
Merit:             2.967232e+01 ± 6.565423e-02
Avg Inf Time:  0.0002s
==================================================
✓ Model saved: results/nonsmooth_nonconvex/socp/SOCPProblem-100-50-50-10000/20260115-143717_MLP_sup_pen_seed0_nepochs1000_lr0.0001_trainsize3000_subopt_3_0.5/model_890.pt
Epoch 892/1000, Loss: 2.9802, Obj: 20.3446, Eq Viol (l1): 2.505793, Ineq Viol (l1): 0.002699, Epoch time: 0.10s
Epoch 893/1000, Loss: 3.0224, Obj: 20.4731, Eq Viol (l1): 2.522364, Ineq Viol (l1): 0.002845, Epoch time: 0.10s
Epoch 894/1000, Loss: 2.9722, Obj: 20.4973, Eq Viol (l1): 2.498254, Ineq Viol (l1): 0.002015, Epoch time: 0.10s
Epoch 895/1000, Loss: 2.9696, Obj: 20.4998, Eq Viol (l1): 2.496715, Ineq Viol (l1): 0.002138, Epoch time: 0.10s
Epoch 896/1000, Loss: 3.0146, Obj: 20.2894, Eq Viol (l1): 2.512310, Ineq Viol (l1): 0.007000, Epoch time: 0.10s
Epoch 897/1000, Loss: 3.0261, Obj: 21.0997, Eq Viol (l1): 2.502338, Ineq Viol (l1): 0.006519, Epoch time: 0.10s
Epoch 898/1000, Loss: 3.0825, Obj: 22.4872, Eq Viol (l1): 2.525522, Ineq Viol (l1): 0.003985, Epoch time: 0.10s
Epoch 899/1000, Loss: 3.0546, Obj: 23.0741, Eq Viol (l1): 2.514213, Ineq Viol (l1): 0.000209, Epoch time: 0.10s
Epoch 900/1000, Loss: 3.0225, Obj: 22.6642, Eq Viol (l1): 2.498474, Ineq Viol (l1): 0.001404, Epoch time: 0.10s
Epoch 901/1000, Loss: 3.0086, Obj: 22.0130, Eq Viol (l1): 2.500304, Ineq Viol (l1): 0.000931, Epoch time: 0.10s

Running validation at epoch 900...

VALIDATION_EPOCH_900 EVALUATION RESULTS:
==================================================
Obj:     2.161607e+01
Opt Gap:      3.902022e+01 ± 1.489363e+01
Eq Vio l1:   8.838531e-01 (max: 1.242982e+00)
Ineq Vio l1: 2.235998e-05 (max: 5.724155e-03)
Sol Dis:   2.265929e+02 ± 9.792490e-01
Merit:             3.045483e+01 ± 1.080433e-01
Avg Inf Time:  0.0002s
==================================================
✓ Model saved: results/nonsmooth_nonconvex/socp/SOCPProblem-100-50-50-10000/20260115-143717_MLP_sup_pen_seed0_nepochs1000_lr0.0001_trainsize3000_subopt_3_0.5/model_900.pt
Epoch 902/1000, Loss: 3.0026, Obj: 21.3633, Eq Viol (l1): 2.504771, Ineq Viol (l1): 0.001526, Epoch time: 0.18s
Epoch 903/1000, Loss: 2.9810, Obj: 20.7412, Eq Viol (l1): 2.504934, Ineq Viol (l1): 0.001719, Epoch time: 0.10s
Epoch 904/1000, Loss: 2.9847, Obj: 20.3999, Eq Viol (l1): 2.506524, Ineq Viol (l1): 0.002787, Epoch time: 0.10s
Epoch 905/1000, Loss: 3.0094, Obj: 20.3905, Eq Viol (l1): 2.512899, Ineq Viol (l1): 0.005928, Epoch time: 0.10s
Epoch 906/1000, Loss: 3.0079, Obj: 20.7821, Eq Viol (l1): 2.509771, Ineq Viol (l1): 0.003421, Epoch time: 0.10s
Epoch 907/1000, Loss: 3.1190, Obj: 21.1588, Eq Viol (l1): 2.501213, Ineq Viol (l1): 0.011087, Epoch time: 0.10s
Epoch 908/1000, Loss: 3.1528, Obj: 22.3322, Eq Viol (l1): 2.543474, Ineq Viol (l1): 0.011485, Epoch time: 0.10s
Epoch 909/1000, Loss: 3.2021, Obj: 24.8291, Eq Viol (l1): 2.557200, Ineq Viol (l1): 0.004205, Epoch time: 0.10s
Epoch 910/1000, Loss: 3.1840, Obj: 25.5394, Eq Viol (l1): 2.549167, Ineq Viol (l1): 0.001869, Epoch time: 0.10s
Epoch 911/1000, Loss: 3.1614, Obj: 25.0882, Eq Viol (l1): 2.543438, Ineq Viol (l1): 0.000982, Epoch time: 0.10s

Running validation at epoch 910...

VALIDATION_EPOCH_910 EVALUATION RESULTS:
==================================================
Obj:     2.489860e+01
Opt Gap:      4.470225e+01 ± 1.799261e+01
Eq Vio l1:   9.380580e-01 (max: 1.394963e+00)
Ineq Vio l1: 5.393549e-04 (max: 1.380749e-01)
Sol Dis:   2.436271e+02 ± 1.728723e+00
Merit:             3.428457e+01 ± 1.099863e-01
Avg Inf Time:  0.0002s
==================================================
✓ Model saved: results/nonsmooth_nonconvex/socp/SOCPProblem-100-50-50-10000/20260115-143717_MLP_sup_pen_seed0_nepochs1000_lr0.0001_trainsize3000_subopt_3_0.5/model_910.pt
Epoch 912/1000, Loss: 3.1421, Obj: 24.3915, Eq Viol (l1): 2.537135, Ineq Viol (l1): 0.003135, Epoch time: 0.10s
Epoch 913/1000, Loss: 3.0965, Obj: 24.0557, Eq Viol (l1): 2.519774, Ineq Viol (l1): 0.000087, Epoch time: 0.10s
Epoch 914/1000, Loss: 3.0765, Obj: 23.4492, Eq Viol (l1): 2.519923, Ineq Viol (l1): 0.000018, Epoch time: 0.10s
Epoch 915/1000, Loss: 3.0721, Obj: 22.5719, Eq Viol (l1): 2.519226, Ineq Viol (l1): 0.003378, Epoch time: 0.10s
Epoch 916/1000, Loss: 3.0212, Obj: 22.1650, Eq Viol (l1): 2.506025, Ineq Viol (l1): 0.000250, Epoch time: 0.10s
Epoch 917/1000, Loss: 3.0586, Obj: 21.6018, Eq Viol (l1): 2.522820, Ineq Viol (l1): 0.003466, Epoch time: 0.10s
Epoch 918/1000, Loss: 3.0679, Obj: 21.5656, Eq Viol (l1): 2.512367, Ineq Viol (l1): 0.008135, Epoch time: 0.10s
Epoch 919/1000, Loss: 3.0632, Obj: 22.4718, Eq Viol (l1): 2.523203, Ineq Viol (l1): 0.000840, Epoch time: 0.10s
Epoch 920/1000, Loss: 3.2329, Obj: 22.7827, Eq Viol (l1): 2.513447, Ineq Viol (l1): 0.015139, Epoch time: 0.10s
Epoch 921/1000, Loss: 3.1370, Obj: 23.8457, Eq Viol (l1): 2.543028, Ineq Viol (l1): 0.002031, Epoch time: 0.10s

Running validation at epoch 920...

VALIDATION_EPOCH_920 EVALUATION RESULTS:
==================================================
Obj:     2.418286e+01
Opt Gap:      4.222907e+01 ± 1.527076e+01
Eq Vio l1:   9.280041e-01 (max: 1.572931e+00)
Ineq Vio l1: 6.424816e-04 (max: 1.513583e-01)
Sol Dis:   2.396432e+02 ± 1.529701e+00
Merit:             3.346932e+01 ± 5.214533e-02
Avg Inf Time:  0.0002s
==================================================
✓ Model saved: results/nonsmooth_nonconvex/socp/SOCPProblem-100-50-50-10000/20260115-143717_MLP_sup_pen_seed0_nepochs1000_lr0.0001_trainsize3000_subopt_3_0.5/model_920.pt
Epoch 922/1000, Loss: 3.1488, Obj: 24.2135, Eq Viol (l1): 2.534740, Ineq Viol (l1): 0.005431, Epoch time: 0.10s
Epoch 923/1000, Loss: 3.0871, Obj: 24.4443, Eq Viol (l1): 2.509490, Ineq Viol (l1): 0.000124, Epoch time: 0.10s
Epoch 924/1000, Loss: 3.0766, Obj: 23.7046, Eq Viol (l1): 2.514926, Ineq Viol (l1): 0.000183, Epoch time: 0.10s
Epoch 925/1000, Loss: 3.0686, Obj: 22.8516, Eq Viol (l1): 2.518408, Ineq Viol (l1): 0.002310, Epoch time: 0.10s
Epoch 926/1000, Loss: 3.0350, Obj: 22.3813, Eq Viol (l1): 2.506339, Ineq Viol (l1): 0.001718, Epoch time: 0.10s
Epoch 927/1000, Loss: 3.0234, Obj: 21.7661, Eq Viol (l1): 2.509890, Ineq Viol (l1): 0.000499, Epoch time: 0.10s
Epoch 928/1000, Loss: 2.9934, Obj: 21.2071, Eq Viol (l1): 2.497548, Ineq Viol (l1): 0.002825, Epoch time: 0.10s
Epoch 929/1000, Loss: 2.9894, Obj: 20.8741, Eq Viol (l1): 2.504090, Ineq Viol (l1): 0.001433, Epoch time: 0.10s
Epoch 930/1000, Loss: 2.9779, Obj: 20.3942, Eq Viol (l1): 2.500799, Ineq Viol (l1): 0.002850, Epoch time: 0.10s
Epoch 931/1000, Loss: 2.9957, Obj: 20.4260, Eq Viol (l1): 2.510433, Ineq Viol (l1): 0.003141, Epoch time: 0.10s

Running validation at epoch 930...

VALIDATION_EPOCH_930 EVALUATION RESULTS:
==================================================
Obj:     2.057880e+01
Opt Gap:      3.641330e+01 ± 1.355982e+01
Eq Vio l1:   9.354341e-01 (max: 1.323405e+00)
Ineq Vio l1: 1.456679e-04 (max: 3.379495e-02)
Sol Dis:   2.213769e+02 ± 1.254098e+00
Merit:             2.993460e+01 ± 2.533347e-02
Avg Inf Time:  0.0002s
==================================================
✓ Model saved: results/nonsmooth_nonconvex/socp/SOCPProblem-100-50-50-10000/20260115-143717_MLP_sup_pen_seed0_nepochs1000_lr0.0001_trainsize3000_subopt_3_0.5/model_930.pt
Epoch 932/1000, Loss: 2.9977, Obj: 20.4829, Eq Viol (l1): 2.511598, Ineq Viol (l1): 0.003631, Epoch time: 0.10s
Epoch 933/1000, Loss: 3.0112, Obj: 20.6497, Eq Viol (l1): 2.514294, Ineq Viol (l1): 0.003923, Epoch time: 0.10s
Epoch 934/1000, Loss: 3.0110, Obj: 21.1296, Eq Viol (l1): 2.514259, Ineq Viol (l1): 0.001551, Epoch time: 0.10s
Epoch 935/1000, Loss: 2.9889, Obj: 21.0065, Eq Viol (l1): 2.503445, Ineq Viol (l1): 0.001168, Epoch time: 0.10s
Epoch 936/1000, Loss: 2.9840, Obj: 20.5783, Eq Viol (l1): 2.508698, Ineq Viol (l1): 0.001633, Epoch time: 0.10s
Epoch 937/1000, Loss: 2.9669, Obj: 20.3437, Eq Viol (l1): 2.497936, Ineq Viol (l1): 0.002788, Epoch time: 0.10s
Epoch 938/1000, Loss: 2.9652, Obj: 20.1959, Eq Viol (l1): 2.495184, Ineq Viol (l1): 0.002893, Epoch time: 0.10s
Epoch 939/1000, Loss: 2.9930, Obj: 20.3038, Eq Viol (l1): 2.512398, Ineq Viol (l1): 0.002733, Epoch time: 0.10s
Epoch 940/1000, Loss: 3.0109, Obj: 20.3725, Eq Viol (l1): 2.514628, Ineq Viol (l1): 0.004675, Epoch time: 0.10s
Epoch 941/1000, Loss: 2.9886, Obj: 21.0910, Eq Viol (l1): 2.495048, Ineq Viol (l1): 0.003767, Epoch time: 0.10s

Running validation at epoch 940...

VALIDATION_EPOCH_940 EVALUATION RESULTS:
==================================================
Obj:     2.140679e+01
Opt Gap:      3.789283e+01 ± 1.397528e+01
Eq Vio l1:   9.506644e-01 (max: 1.354316e+00)
Ineq Vio l1: 4.000432e-04 (max: 8.085365e-02)
Sol Dis:   2.255984e+02 ± 1.226624e+00
Merit:             3.091744e+01 ± 1.581150e-01
Avg Inf Time:  0.0002s
==================================================
✓ Model saved: results/nonsmooth_nonconvex/socp/SOCPProblem-100-50-50-10000/20260115-143717_MLP_sup_pen_seed0_nepochs1000_lr0.0001_trainsize3000_subopt_3_0.5/model_940.pt
Epoch 942/1000, Loss: 3.0421, Obj: 21.4275, Eq Viol (l1): 2.523650, Ineq Viol (l1): 0.002615, Epoch time: 0.10s
Epoch 943/1000, Loss: 3.0060, Obj: 21.3068, Eq Viol (l1): 2.511970, Ineq Viol (l1): 0.000213, Epoch time: 0.10s
Epoch 944/1000, Loss: 3.0054, Obj: 20.8719, Eq Viol (l1): 2.505991, Ineq Viol (l1): 0.003229, Epoch time: 0.10s
Epoch 945/1000, Loss: 2.9919, Obj: 20.8009, Eq Viol (l1): 2.507975, Ineq Viol (l1): 0.001220, Epoch time: 0.10s
Epoch 946/1000, Loss: 2.9951, Obj: 20.7116, Eq Viol (l1): 2.492810, Ineq Viol (l1): 0.006601, Epoch time: 0.10s
Epoch 947/1000, Loss: 3.0023, Obj: 21.3190, Eq Viol (l1): 2.504403, Ineq Viol (l1): 0.001431, Epoch time: 0.10s
Epoch 948/1000, Loss: 3.0179, Obj: 21.3494, Eq Viol (l1): 2.509318, Ineq Viol (l1): 0.002839, Epoch time: 0.10s
Epoch 949/1000, Loss: 2.9991, Obj: 21.3068, Eq Viol (l1): 2.500840, Ineq Viol (l1): 0.001851, Epoch time: 0.10s
Epoch 950/1000, Loss: 3.0197, Obj: 21.0932, Eq Viol (l1): 2.520473, Ineq Viol (l1): 0.001182, Epoch time: 0.10s
Epoch 951/1000, Loss: 2.9772, Obj: 20.7148, Eq Viol (l1): 2.496604, Ineq Viol (l1): 0.003571, Epoch time: 0.10s

Running validation at epoch 950...

VALIDATION_EPOCH_950 EVALUATION RESULTS:
==================================================
Obj:     2.062950e+01
Opt Gap:      3.685823e+01 ± 1.396888e+01
Eq Vio l1:   8.927193e-01 (max: 1.242385e+00)
Ineq Vio l1: 4.275622e-05 (max: 1.094559e-02)
Sol Dis:   2.216803e+02 ± 1.439911e+00
Merit:             2.955712e+01 ± 7.948026e-02
Avg Inf Time:  0.0002s
==================================================
✓ Model saved: results/nonsmooth_nonconvex/socp/SOCPProblem-100-50-50-10000/20260115-143717_MLP_sup_pen_seed0_nepochs1000_lr0.0001_trainsize3000_subopt_3_0.5/model_950.pt
Epoch 952/1000, Loss: 2.9736, Obj: 20.7170, Eq Viol (l1): 2.498424, Ineq Viol (l1): 0.002075, Epoch time: 0.10s
Epoch 953/1000, Loss: 2.9976, Obj: 20.8689, Eq Viol (l1): 2.497414, Ineq Viol (l1): 0.004547, Epoch time: 0.10s
Epoch 954/1000, Loss: 3.0488, Obj: 21.1743, Eq Viol (l1): 2.526534, Ineq Viol (l1): 0.003603, Epoch time: 0.10s
Epoch 955/1000, Loss: 3.2274, Obj: 21.9308, Eq Viol (l1): 2.546732, Ineq Viol (l1): 0.014549, Epoch time: 0.10s
Epoch 956/1000, Loss: 3.1526, Obj: 23.6169, Eq Viol (l1): 2.533883, Ineq Viol (l1): 0.005768, Epoch time: 0.10s
Epoch 957/1000, Loss: 3.1584, Obj: 24.7568, Eq Viol (l1): 2.547534, Ineq Viol (l1): 0.000130, Epoch time: 0.10s
Epoch 958/1000, Loss: 3.1103, Obj: 24.5502, Eq Viol (l1): 2.517872, Ineq Viol (l1): 0.002077, Epoch time: 0.10s
Epoch 959/1000, Loss: 3.0930, Obj: 23.9886, Eq Viol (l1): 2.518259, Ineq Viol (l1): 0.000356, Epoch time: 0.10s
Epoch 960/1000, Loss: 3.0480, Obj: 23.1499, Eq Viol (l1): 2.499076, Ineq Viol (l1): 0.001957, Epoch time: 0.10s
Epoch 961/1000, Loss: 3.0520, Obj: 22.6259, Eq Viol (l1): 2.512930, Ineq Viol (l1): 0.001415, Epoch time: 0.10s

Running validation at epoch 960...

VALIDATION_EPOCH_960 EVALUATION RESULTS:
==================================================
Obj:     2.238343e+01
Opt Gap:      4.095085e+01 ± 1.626387e+01
Eq Vio l1:   9.289537e-01 (max: 1.292518e+00)
Ineq Vio l1: 1.061083e-02 (max: 2.680582e+00)
Sol Dis:   2.307218e+02 ± 1.199841e+00
Merit:             3.177908e+01 ± 2.092299e-01
Avg Inf Time:  0.0002s
==================================================
✓ Model saved: results/nonsmooth_nonconvex/socp/SOCPProblem-100-50-50-10000/20260115-143717_MLP_sup_pen_seed0_nepochs1000_lr0.0001_trainsize3000_subopt_3_0.5/model_960.pt
Epoch 962/1000, Loss: 3.0140, Obj: 22.0154, Eq Viol (l1): 2.502222, Ineq Viol (l1): 0.000656, Epoch time: 0.10s
Epoch 963/1000, Loss: 3.0142, Obj: 21.3051, Eq Viol (l1): 2.506206, Ineq Viol (l1): 0.003544, Epoch time: 0.10s
Epoch 964/1000, Loss: 2.9883, Obj: 21.1154, Eq Viol (l1): 2.497541, Ineq Viol (l1): 0.000986, Epoch time: 0.10s
Epoch 965/1000, Loss: 3.0209, Obj: 21.0016, Eq Viol (l1): 2.509234, Ineq Viol (l1): 0.003640, Epoch time: 0.10s
Epoch 966/1000, Loss: 3.0688, Obj: 21.4827, Eq Viol (l1): 2.508155, Ineq Viol (l1): 0.007129, Epoch time: 0.10s
Epoch 967/1000, Loss: 3.1392, Obj: 22.7521, Eq Viol (l1): 2.531403, Ineq Viol (l1): 0.006785, Epoch time: 0.10s
Epoch 968/1000, Loss: 3.0899, Obj: 23.7828, Eq Viol (l1): 2.518594, Ineq Viol (l1): 0.001150, Epoch time: 0.10s
Epoch 969/1000, Loss: 3.0702, Obj: 23.5723, Eq Viol (l1): 2.509792, Ineq Viol (l1): 0.000910, Epoch time: 0.10s
Epoch 970/1000, Loss: 3.0440, Obj: 23.0489, Eq Viol (l1): 2.502094, Ineq Viol (l1): 0.001811, Epoch time: 0.10s
Epoch 971/1000, Loss: 3.0187, Obj: 22.5147, Eq Viol (l1): 2.499674, Ineq Viol (l1): 0.000260, Epoch time: 0.10s

Running validation at epoch 970...

VALIDATION_EPOCH_970 EVALUATION RESULTS:
==================================================
Obj:     2.211609e+01
Opt Gap:      3.873575e+01 ± 1.407330e+01
Eq Vio l1:   8.653279e-01 (max: 1.218098e+00)
Ineq Vio l1: 8.335223e-04 (max: 1.949393e-01)
Sol Dis:   2.290979e+02 ± 1.229355e+00
Merit:             3.077771e+01 ± 1.019882e-01
Avg Inf Time:  0.0002s
==================================================
✓ Model saved: results/nonsmooth_nonconvex/socp/SOCPProblem-100-50-50-10000/20260115-143717_MLP_sup_pen_seed0_nepochs1000_lr0.0001_trainsize3000_subopt_3_0.5/model_970.pt
Epoch 972/1000, Loss: 3.0183, Obj: 21.7046, Eq Viol (l1): 2.504775, Ineq Viol (l1): 0.002875, Epoch time: 0.10s
Epoch 973/1000, Loss: 3.0244, Obj: 21.3816, Eq Viol (l1): 2.513543, Ineq Viol (l1): 0.001875, Epoch time: 0.10s
Epoch 974/1000, Loss: 2.9837, Obj: 21.1564, Eq Viol (l1): 2.493953, Ineq Viol (l1): 0.002333, Epoch time: 0.10s
Epoch 975/1000, Loss: 2.9971, Obj: 21.0409, Eq Viol (l1): 2.505299, Ineq Viol (l1): 0.002309, Epoch time: 0.10s
Epoch 976/1000, Loss: 3.0055, Obj: 20.8893, Eq Viol (l1): 2.512194, Ineq Viol (l1): 0.002251, Epoch time: 0.10s
Epoch 977/1000, Loss: 2.9647, Obj: 20.7741, Eq Viol (l1): 2.490339, Ineq Viol (l1): 0.001790, Epoch time: 0.10s
Epoch 978/1000, Loss: 2.9666, Obj: 20.4680, Eq Viol (l1): 2.496076, Ineq Viol (l1): 0.001689, Epoch time: 0.10s
Epoch 979/1000, Loss: 2.9799, Obj: 20.2308, Eq Viol (l1): 2.507168, Ineq Viol (l1): 0.002992, Epoch time: 0.10s
Epoch 980/1000, Loss: 2.9734, Obj: 20.1246, Eq Viol (l1): 2.499735, Ineq Viol (l1): 0.003600, Epoch time: 0.10s
Epoch 981/1000, Loss: 2.9574, Obj: 20.2874, Eq Viol (l1): 2.491451, Ineq Viol (l1): 0.002136, Epoch time: 0.10s

Running validation at epoch 980...

VALIDATION_EPOCH_980 EVALUATION RESULTS:
==================================================
Obj:     2.033148e+01
Opt Gap:      3.605752e+01 ± 1.328642e+01
Eq Vio l1:   8.534933e-01 (max: 1.211053e+00)
Ineq Vio l1: 3.168939e-06 (max: 8.112483e-04)
Sol Dis:   2.201861e+02 ± 1.344016e+00
Merit:             2.886644e+01 ± 9.863348e-02
Avg Inf Time:  0.0002s
==================================================
✓ Model saved: results/nonsmooth_nonconvex/socp/SOCPProblem-100-50-50-10000/20260115-143717_MLP_sup_pen_seed0_nepochs1000_lr0.0001_trainsize3000_subopt_3_0.5/model_980.pt
Epoch 982/1000, Loss: 2.9791, Obj: 20.1908, Eq Viol (l1): 2.504752, Ineq Viol (l1): 0.003445, Epoch time: 0.10s
Epoch 983/1000, Loss: 2.9574, Obj: 20.1491, Eq Viol (l1): 2.490966, Ineq Viol (l1): 0.002554, Epoch time: 0.10s
Epoch 984/1000, Loss: 2.9823, Obj: 20.1904, Eq Viol (l1): 2.497323, Ineq Viol (l1): 0.005623, Epoch time: 0.10s
Epoch 985/1000, Loss: 2.9731, Obj: 20.5714, Eq Viol (l1): 2.497529, Ineq Viol (l1): 0.001954, Epoch time: 0.10s
Epoch 986/1000, Loss: 3.0012, Obj: 20.8452, Eq Viol (l1): 2.505548, Ineq Viol (l1): 0.002895, Epoch time: 0.10s
Epoch 987/1000, Loss: 2.9756, Obj: 20.8991, Eq Viol (l1): 2.496762, Ineq Viol (l1): 0.000752, Epoch time: 0.10s
Epoch 988/1000, Loss: 2.9790, Obj: 20.5363, Eq Viol (l1): 2.502762, Ineq Viol (l1): 0.002440, Epoch time: 0.10s
Epoch 989/1000, Loss: 2.9519, Obj: 20.3479, Eq Viol (l1): 2.484322, Ineq Viol (l1): 0.002239, Epoch time: 0.10s
Epoch 990/1000, Loss: 2.9641, Obj: 20.1851, Eq Viol (l1): 2.500459, Ineq Viol (l1): 0.002332, Epoch time: 0.10s
Epoch 991/1000, Loss: 2.9874, Obj: 20.2258, Eq Viol (l1): 2.507053, Ineq Viol (l1): 0.003573, Epoch time: 0.10s

Running validation at epoch 990...

VALIDATION_EPOCH_990 EVALUATION RESULTS:
==================================================
Obj:     2.035331e+01
Opt Gap:      3.604665e+01 ± 1.345141e+01
Eq Vio l1:   8.709011e-01 (max: 1.260627e+00)
Ineq Vio l1: 8.140325e-05 (max: 2.083923e-02)
Sol Dis:   2.203915e+02 ± 1.362802e+00
Merit:             2.906314e+01 ± 6.564726e-02
Avg Inf Time:  0.0002s
==================================================
✓ Model saved: results/nonsmooth_nonconvex/socp/SOCPProblem-100-50-50-10000/20260115-143717_MLP_sup_pen_seed0_nepochs1000_lr0.0001_trainsize3000_subopt_3_0.5/model_990.pt
Epoch 992/1000, Loss: 2.9583, Obj: 20.2031, Eq Viol (l1): 2.492874, Ineq Viol (l1): 0.002064, Epoch time: 0.10s
Epoch 993/1000, Loss: 2.9616, Obj: 20.0909, Eq Viol (l1): 2.497152, Ineq Viol (l1): 0.002461, Epoch time: 0.10s
Epoch 994/1000, Loss: 2.9599, Obj: 19.9207, Eq Viol (l1): 2.497049, Ineq Viol (l1): 0.001925, Epoch time: 0.10s
Epoch 995/1000, Loss: 3.0184, Obj: 20.2016, Eq Viol (l1): 2.502788, Ineq Viol (l1): 0.008001, Epoch time: 0.10s
Epoch 996/1000, Loss: 3.0243, Obj: 21.3790, Eq Viol (l1): 2.510183, Ineq Viol (l1): 0.004482, Epoch time: 0.10s
Epoch 997/1000, Loss: 2.9938, Obj: 21.8333, Eq Viol (l1): 2.495548, Ineq Viol (l1): 0.000027, Epoch time: 0.10s
Epoch 998/1000, Loss: 3.0233, Obj: 21.6134, Eq Viol (l1): 2.505046, Ineq Viol (l1): 0.002572, Epoch time: 0.10s
Epoch 999/1000, Loss: 3.0055, Obj: 21.4880, Eq Viol (l1): 2.495180, Ineq Viol (l1): 0.002750, Epoch time: 0.10s
Epoch 1000/1000, Loss: 3.0260, Obj: 21.4736, Eq Viol (l1): 2.499618, Ineq Viol (l1): 0.007141, Epoch time: 0.10s

Training completed in 104.03 seconds.

============================================================
COMPREHENSIVE TEST EVALUATION WITH DETAILED RESULTS
============================================================
Testing with batch sizes: [256, 512]

Evaluating with batch size: 256 (with detailed results)

TEST_BS256 EVALUATION RESULTS:
==================================================
Obj:     2.182955e+01
Opt Gap:      5.907929e+01 ± 5.424045e+01
Eq Vio l1:   9.906869e-01 (max: 1.434161e+00)
Ineq Vio l1: 9.085357e-05 (max: 2.325851e-02)
Sol Dis:   2.278233e+02 ± 1.423932e+00
Merit:             3.173732e+01 ± 8.129374e-02
Avg Inf Time:  0.0002s
==================================================

Evaluating with batch size: 512 (with detailed results)

TEST_BS512 EVALUATION RESULTS:
==================================================
Obj:     2.183065e+01
Opt Gap:      5.870574e+01 ± 3.268378e+01
Eq Vio l1:   9.907942e-01 (max: 1.474962e+00)
Ineq Vio l1: 9.085357e-05 (max: 4.651703e-02)
Sol Dis:   2.278232e+02 ± 1.268817e+00
Merit:             3.173950e+01 ± 4.621695e-02
Avg Inf Time:  0.0002s
==================================================

TEST BATCH SIZE COMPARISON:
================================================================================
Batch Size   Objective    Opt Gap      Eq Viol      Ineq Viol    Time (s)  
--------------------------------------------------------------------------------
256          2.1830e+01   5.9079e+01   9.9069e-01   9.0854e-05   0.00      
512          2.1831e+01   5.8706e+01   9.9079e-01   9.0854e-05   0.00      
================================================================================

Saving model and results to: results/nonsmooth_nonconvex/socp/SOCPProblem-100-50-50-10000/20260115-143717_MLP_sup_pen_seed0_nepochs1000_lr0.0001_trainsize3000_subopt_3_0.5
✓ Model saved: results/nonsmooth_nonconvex/socp/SOCPProblem-100-50-50-10000/20260115-143717_MLP_sup_pen_seed0_nepochs1000_lr0.0001_trainsize3000_subopt_3_0.5/model.pt
✓ Detailed results saved: results/nonsmooth_nonconvex/socp/SOCPProblem-100-50-50-10000/20260115-143717_MLP_sup_pen_seed0_nepochs1000_lr0.0001_trainsize3000_subopt_3_0.5/results.pkl

Files saved (or attempted):
  - model.pt (model weights and architecture)
  - results.pkl (training history, metrics, detailed test results)
Training and testing completed in 108.27 seconds
Done!!!

======= Running for problem: nonsmooth_nonconvex/socp =======

Loading problem instance: nonsmooth_nonconvex/socp with size [100, 50, 50, 10000]
Loading  dataset from: datasets/nonsmooth_nonconvex/socp/random2025_socp_dataset_var100_ineq50_eq50_ex10000_maxt0.5_ready 

Running on:  cuda
Training model using sup method with seed 0 for 1000 epochs
Using batch size: 256

lr: 0.0005, weight_decay: 0.001, num_epochs: 1000

Epoch 1/1000, Loss: 0.1346, Obj: 0.0541, Eq Viol (l1): 26.702924, Ineq Viol (l1): 888.766718, Epoch time: 0.54s

Running validation at epoch 0...

VALIDATION_EPOCH_0 EVALUATION RESULTS:
==================================================
Obj:     5.499501e-02
Opt Gap:      7.772247e-01 ± 4.238768e-02
Eq Vio l1:   2.656372e+01 (max: 3.376780e+01)
Ineq Vio l1: 8.886221e+02 (max: 8.891779e+02)
Sol Dis:   1.635445e+02 ± 6.627631e-01
Merit:             9.151913e+03 ± 1.314039e+00
Avg Inf Time:  0.0060s
==================================================
✓ Model saved: results/nonsmooth_nonconvex/socp/SOCPProblem-100-50-50-10000/20260115-143912_MLP_sup_seed0_nepochs1000_lr0.0005_trainsize3000_subopt_3_0.5/model_0.pt
Epoch 2/1000, Loss: 0.1221, Obj: 0.0868, Eq Viol (l1): 26.476077, Ineq Viol (l1): 886.777223, Epoch time: 0.09s
Epoch 3/1000, Loss: 0.0738, Obj: 0.3162, Eq Viol (l1): 26.587146, Ineq Viol (l1): 862.571683, Epoch time: 0.16s
Epoch 4/1000, Loss: 0.0389, Obj: 0.2497, Eq Viol (l1): 25.714827, Ineq Viol (l1): 824.848231, Epoch time: 0.09s
Epoch 5/1000, Loss: 0.0326, Obj: 0.2773, Eq Viol (l1): 25.027722, Ineq Viol (l1): 826.548700, Epoch time: 0.09s
Epoch 6/1000, Loss: 0.0304, Obj: 0.2952, Eq Viol (l1): 24.694692, Ineq Viol (l1): 826.570224, Epoch time: 0.09s
Epoch 7/1000, Loss: 0.0295, Obj: 0.2670, Eq Viol (l1): 24.504442, Ineq Viol (l1): 825.754269, Epoch time: 0.09s
Epoch 8/1000, Loss: 0.0295, Obj: 0.2807, Eq Viol (l1): 24.293654, Ineq Viol (l1): 826.281324, Epoch time: 0.09s
Epoch 9/1000, Loss: 0.0286, Obj: 0.2844, Eq Viol (l1): 24.122428, Ineq Viol (l1): 825.682704, Epoch time: 0.09s
Epoch 10/1000, Loss: 0.0289, Obj: 0.2770, Eq Viol (l1): 23.987522, Ineq Viol (l1): 826.396150, Epoch time: 0.09s
Epoch 11/1000, Loss: 0.0290, Obj: 0.2744, Eq Viol (l1): 23.920162, Ineq Viol (l1): 825.930197, Epoch time: 0.09s

Running validation at epoch 10...

VALIDATION_EPOCH_10 EVALUATION RESULTS:
==================================================
Obj:     3.184507e-01
Opt Gap:      1.242186e+00 ± 1.868350e-01
Eq Vio l1:   2.378861e+01 (max: 2.894731e+01)
Ineq Vio l1: 8.231745e+02 (max: 8.399564e+02)
Sol Dis:   1.476985e+02 ± 5.928297e-01
Merit:             8.469949e+03 ± 2.724273e+00
Avg Inf Time:  0.0002s
==================================================
✓ Model saved: results/nonsmooth_nonconvex/socp/SOCPProblem-100-50-50-10000/20260115-143912_MLP_sup_seed0_nepochs1000_lr0.0005_trainsize3000_subopt_3_0.5/model_10.pt
Epoch 12/1000, Loss: 0.0287, Obj: 0.2818, Eq Viol (l1): 23.837112, Ineq Viol (l1): 825.617943, Epoch time: 0.09s
Epoch 13/1000, Loss: 0.0282, Obj: 0.2808, Eq Viol (l1): 23.809874, Ineq Viol (l1): 825.951014, Epoch time: 0.09s
Epoch 14/1000, Loss: 0.0286, Obj: 0.2811, Eq Viol (l1): 23.764958, Ineq Viol (l1): 825.739522, Epoch time: 0.09s
Epoch 15/1000, Loss: 0.0284, Obj: 0.2786, Eq Viol (l1): 23.756159, Ineq Viol (l1): 825.783762, Epoch time: 0.09s
Epoch 16/1000, Loss: 0.0279, Obj: 0.2832, Eq Viol (l1): 23.737701, Ineq Viol (l1): 825.655529, Epoch time: 0.09s
Epoch 17/1000, Loss: 0.0283, Obj: 0.2864, Eq Viol (l1): 23.730754, Ineq Viol (l1): 825.350145, Epoch time: 0.09s
Epoch 18/1000, Loss: 0.0278, Obj: 0.2771, Eq Viol (l1): 23.735671, Ineq Viol (l1): 825.644841, Epoch time: 0.09s
Epoch 19/1000, Loss: 0.0281, Obj: 0.2829, Eq Viol (l1): 23.722074, Ineq Viol (l1): 825.511626, Epoch time: 0.09s
Epoch 20/1000, Loss: 0.0279, Obj: 0.2846, Eq Viol (l1): 23.719147, Ineq Viol (l1): 825.459509, Epoch time: 0.09s
Epoch 21/1000, Loss: 0.0273, Obj: 0.2864, Eq Viol (l1): 23.724819, Ineq Viol (l1): 825.555164, Epoch time: 0.09s

Running validation at epoch 20...

VALIDATION_EPOCH_20 EVALUATION RESULTS:
==================================================
Obj:     2.765695e-01
Opt Gap:      1.168480e+00 ± 1.540537e-01
Eq Vio l1:   2.367176e+01 (max: 2.875294e+01)
Ineq Vio l1: 8.258349e+02 (max: 8.475787e+02)
Sol Dis:   1.479474e+02 ± 6.092068e-01
Merit:             8.495343e+03 ± 6.528417e+00
Avg Inf Time:  0.0002s
==================================================
✓ Model saved: results/nonsmooth_nonconvex/socp/SOCPProblem-100-50-50-10000/20260115-143912_MLP_sup_seed0_nepochs1000_lr0.0005_trainsize3000_subopt_3_0.5/model_20.pt
Epoch 22/1000, Loss: 0.0276, Obj: 0.2818, Eq Viol (l1): 23.734534, Ineq Viol (l1): 825.464592, Epoch time: 0.09s
Epoch 23/1000, Loss: 0.0277, Obj: 0.2795, Eq Viol (l1): 23.720708, Ineq Viol (l1): 825.193526, Epoch time: 0.09s
Epoch 24/1000, Loss: 0.0275, Obj: 0.2858, Eq Viol (l1): 23.719707, Ineq Viol (l1): 825.662175, Epoch time: 0.09s
Epoch 25/1000, Loss: 0.0271, Obj: 0.2884, Eq Viol (l1): 23.705692, Ineq Viol (l1): 825.096794, Epoch time: 0.09s
Epoch 26/1000, Loss: 0.0273, Obj: 0.2871, Eq Viol (l1): 23.710273, Ineq Viol (l1): 825.065327, Epoch time: 0.09s
Epoch 27/1000, Loss: 0.0268, Obj: 0.2873, Eq Viol (l1): 23.724877, Ineq Viol (l1): 825.007759, Epoch time: 0.09s
Epoch 28/1000, Loss: 0.0266, Obj: 0.2897, Eq Viol (l1): 23.710529, Ineq Viol (l1): 824.966985, Epoch time: 0.09s
Epoch 29/1000, Loss: 0.0270, Obj: 0.2848, Eq Viol (l1): 23.704594, Ineq Viol (l1): 825.182421, Epoch time: 0.09s
Epoch 30/1000, Loss: 0.0268, Obj: 0.2938, Eq Viol (l1): 23.715315, Ineq Viol (l1): 824.486602, Epoch time: 0.09s
Epoch 31/1000, Loss: 0.0271, Obj: 0.2888, Eq Viol (l1): 23.697090, Ineq Viol (l1): 825.009470, Epoch time: 0.09s

Running validation at epoch 30...

VALIDATION_EPOCH_30 EVALUATION RESULTS:
==================================================
Obj:     3.134751e-01
Opt Gap:      1.227404e+00 ± 1.910607e-01
Eq Vio l1:   2.362231e+01 (max: 2.875668e+01)
Ineq Vio l1: 8.255256e+02 (max: 8.477502e+02)
Sol Dis:   1.479854e+02 ± 6.269421e-01
Merit:             8.491792e+03 ± 6.149398e+00
Avg Inf Time:  0.0002s
==================================================
✓ Model saved: results/nonsmooth_nonconvex/socp/SOCPProblem-100-50-50-10000/20260115-143912_MLP_sup_seed0_nepochs1000_lr0.0005_trainsize3000_subopt_3_0.5/model_30.pt
Epoch 32/1000, Loss: 0.0267, Obj: 0.2931, Eq Viol (l1): 23.706919, Ineq Viol (l1): 824.770298, Epoch time: 0.09s
Epoch 33/1000, Loss: 0.0267, Obj: 0.2937, Eq Viol (l1): 23.702809, Ineq Viol (l1): 824.684883, Epoch time: 0.09s
Epoch 34/1000, Loss: 0.0269, Obj: 0.2884, Eq Viol (l1): 23.727222, Ineq Viol (l1): 824.938285, Epoch time: 0.09s
Epoch 35/1000, Loss: 0.0267, Obj: 0.2911, Eq Viol (l1): 23.701813, Ineq Viol (l1): 824.659874, Epoch time: 0.09s
Epoch 36/1000, Loss: 0.0265, Obj: 0.3035, Eq Viol (l1): 23.701118, Ineq Viol (l1): 824.569950, Epoch time: 0.09s
Epoch 37/1000, Loss: 0.0261, Obj: 0.2975, Eq Viol (l1): 23.730554, Ineq Viol (l1): 824.728356, Epoch time: 0.09s
Epoch 38/1000, Loss: 0.0260, Obj: 0.2928, Eq Viol (l1): 23.715218, Ineq Viol (l1): 824.590038, Epoch time: 0.09s
Epoch 39/1000, Loss: 0.0262, Obj: 0.2982, Eq Viol (l1): 23.693087, Ineq Viol (l1): 824.301828, Epoch time: 0.09s
Epoch 40/1000, Loss: 0.0261, Obj: 0.3018, Eq Viol (l1): 23.693348, Ineq Viol (l1): 824.518259, Epoch time: 0.09s
Epoch 41/1000, Loss: 0.0260, Obj: 0.2998, Eq Viol (l1): 23.710077, Ineq Viol (l1): 824.427773, Epoch time: 0.09s

Running validation at epoch 40...

VALIDATION_EPOCH_40 EVALUATION RESULTS:
==================================================
Obj:     2.865318e-01
Opt Gap:      1.112084e+00 ± 9.392376e-02
Eq Vio l1:   2.363961e+01 (max: 2.899547e+01)
Ineq Vio l1: 8.235665e+02 (max: 8.462362e+02)
Sol Dis:   1.476391e+02 ± 6.226205e-01
Merit:             8.472348e+03 ± 8.403312e+00
Avg Inf Time:  0.0002s
==================================================
✓ Model saved: results/nonsmooth_nonconvex/socp/SOCPProblem-100-50-50-10000/20260115-143912_MLP_sup_seed0_nepochs1000_lr0.0005_trainsize3000_subopt_3_0.5/model_40.pt
Epoch 42/1000, Loss: 0.0258, Obj: 0.3039, Eq Viol (l1): 23.718437, Ineq Viol (l1): 824.055015, Epoch time: 0.09s
Epoch 43/1000, Loss: 0.0260, Obj: 0.3102, Eq Viol (l1): 23.714147, Ineq Viol (l1): 824.057819, Epoch time: 0.09s
Epoch 44/1000, Loss: 0.0255, Obj: 0.3040, Eq Viol (l1): 23.710178, Ineq Viol (l1): 824.361012, Epoch time: 0.09s
Epoch 45/1000, Loss: 0.0258, Obj: 0.3057, Eq Viol (l1): 23.755089, Ineq Viol (l1): 823.656241, Epoch time: 0.09s
Epoch 46/1000, Loss: 0.0252, Obj: 0.3209, Eq Viol (l1): 23.716080, Ineq Viol (l1): 823.688344, Epoch time: 0.09s
Epoch 47/1000, Loss: 0.0252, Obj: 0.3206, Eq Viol (l1): 23.714227, Ineq Viol (l1): 823.323071, Epoch time: 0.09s
Epoch 48/1000, Loss: 0.0247, Obj: 0.3352, Eq Viol (l1): 23.808868, Ineq Viol (l1): 823.225758, Epoch time: 0.09s
Epoch 49/1000, Loss: 0.0250, Obj: 0.3369, Eq Viol (l1): 23.811929, Ineq Viol (l1): 822.811843, Epoch time: 0.09s
Epoch 50/1000, Loss: 0.0242, Obj: 0.3892, Eq Viol (l1): 23.882008, Ineq Viol (l1): 821.364814, Epoch time: 0.09s
Epoch 51/1000, Loss: 0.0243, Obj: 0.4379, Eq Viol (l1): 23.972845, Ineq Viol (l1): 820.113829, Epoch time: 0.09s

Running validation at epoch 50...

VALIDATION_EPOCH_50 EVALUATION RESULTS:
==================================================
Obj:     2.528654e-01
Opt Gap:      1.152751e+00 ± 2.793683e-01
Eq Vio l1:   2.372211e+01 (max: 3.653747e+01)
Ineq Vio l1: 8.204070e+02 (max: 8.467842e+02)
Sol Dis:   1.470551e+02 ± 5.986153e-01
Merit:             8.441544e+03 ± 1.858259e+01
Avg Inf Time:  0.0002s
==================================================
✓ Model saved: results/nonsmooth_nonconvex/socp/SOCPProblem-100-50-50-10000/20260115-143912_MLP_sup_seed0_nepochs1000_lr0.0005_trainsize3000_subopt_3_0.5/model_50.pt
Epoch 52/1000, Loss: 0.0229, Obj: 0.4395, Eq Viol (l1): 23.955940, Ineq Viol (l1): 819.425614, Epoch time: 0.09s
Epoch 53/1000, Loss: 0.0238, Obj: 0.4815, Eq Viol (l1): 23.998818, Ineq Viol (l1): 818.674500, Epoch time: 0.09s
Epoch 54/1000, Loss: 0.0220, Obj: 0.5288, Eq Viol (l1): 23.943967, Ineq Viol (l1): 817.697321, Epoch time: 0.09s
Epoch 55/1000, Loss: 0.0224, Obj: 0.6183, Eq Viol (l1): 23.956351, Ineq Viol (l1): 816.467762, Epoch time: 0.09s
Epoch 56/1000, Loss: 0.0224, Obj: 0.5269, Eq Viol (l1): 23.878272, Ineq Viol (l1): 817.023996, Epoch time: 0.09s
Epoch 57/1000, Loss: 0.0197, Obj: 0.6565, Eq Viol (l1): 23.952187, Ineq Viol (l1): 815.253909, Epoch time: 0.09s
Epoch 58/1000, Loss: 0.0198, Obj: 0.6306, Eq Viol (l1): 23.882366, Ineq Viol (l1): 815.636492, Epoch time: 0.09s
Epoch 59/1000, Loss: 0.0184, Obj: 0.6324, Eq Viol (l1): 23.896714, Ineq Viol (l1): 816.760638, Epoch time: 0.09s
Epoch 60/1000, Loss: 0.0180, Obj: 0.6676, Eq Viol (l1): 23.798760, Ineq Viol (l1): 815.220225, Epoch time: 0.09s
Epoch 61/1000, Loss: 0.0170, Obj: 0.6725, Eq Viol (l1): 23.746989, Ineq Viol (l1): 815.180340, Epoch time: 0.09s

Running validation at epoch 60...

VALIDATION_EPOCH_60 EVALUATION RESULTS:
==================================================
Obj:     5.597623e-01
Opt Gap:      1.809010e+00 ± 8.632531e-01
Eq Vio l1:   2.363872e+01 (max: 4.091128e+01)
Ineq Vio l1: 8.216925e+02 (max: 8.548594e+02)
Sol Dis:   1.491589e+02 ± 1.156440e+00
Merit:             8.453872e+03 ± 5.847671e+01
Avg Inf Time:  0.0002s
==================================================
✓ Model saved: results/nonsmooth_nonconvex/socp/SOCPProblem-100-50-50-10000/20260115-143912_MLP_sup_seed0_nepochs1000_lr0.0005_trainsize3000_subopt_3_0.5/model_60.pt
Epoch 62/1000, Loss: 0.0172, Obj: 0.6983, Eq Viol (l1): 23.725114, Ineq Viol (l1): 814.391311, Epoch time: 0.09s
Epoch 63/1000, Loss: 0.0180, Obj: 0.7638, Eq Viol (l1): 23.877931, Ineq Viol (l1): 815.337914, Epoch time: 0.09s
Epoch 64/1000, Loss: 0.0167, Obj: 0.7015, Eq Viol (l1): 23.777774, Ineq Viol (l1): 815.230962, Epoch time: 0.09s
Epoch 65/1000, Loss: 0.0167, Obj: 0.7646, Eq Viol (l1): 23.772563, Ineq Viol (l1): 814.607188, Epoch time: 0.09s
Epoch 66/1000, Loss: 0.0158, Obj: 0.7144, Eq Viol (l1): 23.728871, Ineq Viol (l1): 814.764507, Epoch time: 0.09s
Epoch 67/1000, Loss: 0.0153, Obj: 0.7503, Eq Viol (l1): 23.733799, Ineq Viol (l1): 814.256549, Epoch time: 0.09s
Epoch 68/1000, Loss: 0.0144, Obj: 0.7636, Eq Viol (l1): 23.712103, Ineq Viol (l1): 814.075772, Epoch time: 0.09s
Epoch 69/1000, Loss: 0.0149, Obj: 0.7559, Eq Viol (l1): 23.700979, Ineq Viol (l1): 814.560204, Epoch time: 0.09s
Epoch 70/1000, Loss: 0.0142, Obj: 0.7639, Eq Viol (l1): 23.707578, Ineq Viol (l1): 814.490332, Epoch time: 0.09s
Epoch 71/1000, Loss: 0.0138, Obj: 0.8306, Eq Viol (l1): 23.709449, Ineq Viol (l1): 813.181511, Epoch time: 0.09s

Running validation at epoch 70...

VALIDATION_EPOCH_70 EVALUATION RESULTS:
==================================================
Obj:     4.204298e-01
Opt Gap:      1.470165e+00 ± 6.443843e-01
Eq Vio l1:   2.359639e+01 (max: 3.105390e+01)
Ineq Vio l1: 8.223279e+02 (max: 8.548566e+02)
Sol Dis:   1.486117e+02 ± 8.938395e-01
Merit:             8.459663e+03 ± 5.057325e+01
Avg Inf Time:  0.0002s
==================================================
✓ Model saved: results/nonsmooth_nonconvex/socp/SOCPProblem-100-50-50-10000/20260115-143912_MLP_sup_seed0_nepochs1000_lr0.0005_trainsize3000_subopt_3_0.5/model_70.pt
Epoch 72/1000, Loss: 0.0138, Obj: 0.8097, Eq Viol (l1): 23.710374, Ineq Viol (l1): 813.954680, Epoch time: 0.09s
Epoch 73/1000, Loss: 0.0138, Obj: 0.7684, Eq Viol (l1): 23.705290, Ineq Viol (l1): 814.421820, Epoch time: 0.09s
Epoch 74/1000, Loss: 0.0134, Obj: 0.8052, Eq Viol (l1): 23.701425, Ineq Viol (l1): 814.132926, Epoch time: 0.09s
Epoch 75/1000, Loss: 0.0126, Obj: 0.8337, Eq Viol (l1): 23.687478, Ineq Viol (l1): 813.405121, Epoch time: 0.09s
Epoch 76/1000, Loss: 0.0133, Obj: 0.7942, Eq Viol (l1): 23.718312, Ineq Viol (l1): 813.751378, Epoch time: 0.09s
Epoch 77/1000, Loss: 0.0125, Obj: 0.8437, Eq Viol (l1): 23.691649, Ineq Viol (l1): 813.592584, Epoch time: 0.09s
Epoch 78/1000, Loss: 0.0135, Obj: 0.8136, Eq Viol (l1): 23.676695, Ineq Viol (l1): 813.381331, Epoch time: 0.09s
Epoch 79/1000, Loss: 0.0124, Obj: 0.8465, Eq Viol (l1): 23.658655, Ineq Viol (l1): 812.780531, Epoch time: 0.09s
Epoch 80/1000, Loss: 0.0132, Obj: 0.8457, Eq Viol (l1): 23.687787, Ineq Viol (l1): 814.376568, Epoch time: 0.09s
Epoch 81/1000, Loss: 0.0125, Obj: 0.7610, Eq Viol (l1): 23.671568, Ineq Viol (l1): 813.939035, Epoch time: 0.09s

Running validation at epoch 80...

VALIDATION_EPOCH_80 EVALUATION RESULTS:
==================================================
Obj:     6.033857e-01
Opt Gap:      1.760671e+00 ± 8.829724e-01
Eq Vio l1:   2.359788e+01 (max: 4.443434e+01)
Ineq Vio l1: 8.189000e+02 (max: 8.495739e+02)
Sol Dis:   1.491553e+02 ± 1.163062e+00
Merit:             8.425582e+03 ± 7.164355e+01
Avg Inf Time:  0.0002s
==================================================
✓ Model saved: results/nonsmooth_nonconvex/socp/SOCPProblem-100-50-50-10000/20260115-143912_MLP_sup_seed0_nepochs1000_lr0.0005_trainsize3000_subopt_3_0.5/model_80.pt
Epoch 82/1000, Loss: 0.0122, Obj: 0.8322, Eq Viol (l1): 23.664461, Ineq Viol (l1): 813.700087, Epoch time: 0.09s
Epoch 83/1000, Loss: 0.0122, Obj: 0.8452, Eq Viol (l1): 23.664777, Ineq Viol (l1): 813.317280, Epoch time: 0.09s
Epoch 84/1000, Loss: 0.0127, Obj: 0.7715, Eq Viol (l1): 23.652723, Ineq Viol (l1): 813.897439, Epoch time: 0.09s
Epoch 85/1000, Loss: 0.0127, Obj: 0.8203, Eq Viol (l1): 23.685648, Ineq Viol (l1): 813.829223, Epoch time: 0.09s
Epoch 86/1000, Loss: 0.0118, Obj: 0.8573, Eq Viol (l1): 23.673494, Ineq Viol (l1): 813.778750, Epoch time: 0.09s
Epoch 87/1000, Loss: 0.0123, Obj: 0.8015, Eq Viol (l1): 23.688935, Ineq Viol (l1): 813.540853, Epoch time: 0.09s
Epoch 88/1000, Loss: 0.0131, Obj: 0.8042, Eq Viol (l1): 23.672777, Ineq Viol (l1): 813.845232, Epoch time: 0.09s
Epoch 89/1000, Loss: 0.0122, Obj: 0.8233, Eq Viol (l1): 23.667601, Ineq Viol (l1): 813.788657, Epoch time: 0.09s
Epoch 90/1000, Loss: 0.0123, Obj: 0.8420, Eq Viol (l1): 23.669349, Ineq Viol (l1): 813.321901, Epoch time: 0.09s
Epoch 91/1000, Loss: 0.0120, Obj: 0.7943, Eq Viol (l1): 23.666606, Ineq Viol (l1): 813.482273, Epoch time: 0.09s

Running validation at epoch 90...

VALIDATION_EPOCH_90 EVALUATION RESULTS:
==================================================
Obj:     5.935559e-01
Opt Gap:      1.768315e+00 ± 1.048333e+00
Eq Vio l1:   2.360643e+01 (max: 4.362957e+01)
Ineq Vio l1: 8.176563e+02 (max: 8.471145e+02)
Sol Dis:   1.487960e+02 ± 1.221953e+00
Merit:             8.413220e+03 ± 5.507499e+01
Avg Inf Time:  0.0002s
==================================================
✓ Model saved: results/nonsmooth_nonconvex/socp/SOCPProblem-100-50-50-10000/20260115-143912_MLP_sup_seed0_nepochs1000_lr0.0005_trainsize3000_subopt_3_0.5/model_90.pt
Epoch 92/1000, Loss: 0.0113, Obj: 0.8454, Eq Viol (l1): 23.622877, Ineq Viol (l1): 813.291669, Epoch time: 0.09s
Epoch 93/1000, Loss: 0.0116, Obj: 0.8196, Eq Viol (l1): 23.640337, Ineq Viol (l1): 813.548969, Epoch time: 0.09s
Epoch 94/1000, Loss: 0.0112, Obj: 0.8253, Eq Viol (l1): 23.633845, Ineq Viol (l1): 812.894381, Epoch time: 0.09s
Epoch 95/1000, Loss: 0.0113, Obj: 0.8432, Eq Viol (l1): 23.621927, Ineq Viol (l1): 813.421047, Epoch time: 0.09s
Epoch 96/1000, Loss: 0.0114, Obj: 0.8344, Eq Viol (l1): 23.612399, Ineq Viol (l1): 812.733044, Epoch time: 0.09s
Epoch 97/1000, Loss: 0.0113, Obj: 0.8549, Eq Viol (l1): 23.614167, Ineq Viol (l1): 813.312556, Epoch time: 0.09s
Epoch 98/1000, Loss: 0.0119, Obj: 0.7885, Eq Viol (l1): 23.635021, Ineq Viol (l1): 813.935720, Epoch time: 0.09s
Epoch 99/1000, Loss: 0.0110, Obj: 0.8613, Eq Viol (l1): 23.660747, Ineq Viol (l1): 812.880087, Epoch time: 0.09s
Epoch 100/1000, Loss: 0.0113, Obj: 0.8562, Eq Viol (l1): 23.611475, Ineq Viol (l1): 813.275770, Epoch time: 0.09s
Epoch 101/1000, Loss: 0.0113, Obj: 0.8505, Eq Viol (l1): 23.616747, Ineq Viol (l1): 812.513977, Epoch time: 0.09s

Running validation at epoch 100...

VALIDATION_EPOCH_100 EVALUATION RESULTS:
==================================================
Obj:     5.529934e-01
Opt Gap:      1.664994e+00 ± 8.767213e-01
Eq Vio l1:   2.356253e+01 (max: 3.770836e+01)
Ineq Vio l1: 8.191052e+02 (max: 8.492504e+02)
Sol Dis:   1.487477e+02 ± 1.146636e+00
Merit:             8.427230e+03 ± 5.425891e+01
Avg Inf Time:  0.0002s
==================================================
✓ Model saved: results/nonsmooth_nonconvex/socp/SOCPProblem-100-50-50-10000/20260115-143912_MLP_sup_seed0_nepochs1000_lr0.0005_trainsize3000_subopt_3_0.5/model_100.pt
Epoch 102/1000, Loss: 0.0114, Obj: 0.8359, Eq Viol (l1): 23.588100, Ineq Viol (l1): 813.162143, Epoch time: 0.09s
Epoch 103/1000, Loss: 0.0106, Obj: 0.8329, Eq Viol (l1): 23.616407, Ineq Viol (l1): 813.180943, Epoch time: 0.09s
Epoch 104/1000, Loss: 0.0110, Obj: 0.8554, Eq Viol (l1): 23.605853, Ineq Viol (l1): 813.499353, Epoch time: 0.09s
Epoch 105/1000, Loss: 0.0122, Obj: 0.8241, Eq Viol (l1): 23.611665, Ineq Viol (l1): 812.897811, Epoch time: 0.09s
Epoch 106/1000, Loss: 0.0117, Obj: 0.7967, Eq Viol (l1): 23.655519, Ineq Viol (l1): 813.794427, Epoch time: 0.09s
Epoch 107/1000, Loss: 0.0106, Obj: 0.8660, Eq Viol (l1): 23.623131, Ineq Viol (l1): 812.571242, Epoch time: 0.09s
Epoch 108/1000, Loss: 0.0111, Obj: 0.8215, Eq Viol (l1): 23.613095, Ineq Viol (l1): 813.340258, Epoch time: 0.09s
Epoch 109/1000, Loss: 0.0105, Obj: 0.8644, Eq Viol (l1): 23.607925, Ineq Viol (l1): 812.789697, Epoch time: 0.09s
Epoch 110/1000, Loss: 0.0113, Obj: 0.8410, Eq Viol (l1): 23.618618, Ineq Viol (l1): 813.480909, Epoch time: 0.09s
Epoch 111/1000, Loss: 0.0108, Obj: 0.8332, Eq Viol (l1): 23.582007, Ineq Viol (l1): 812.411652, Epoch time: 0.09s

Running validation at epoch 110...

VALIDATION_EPOCH_110 EVALUATION RESULTS:
==================================================
Obj:     5.827602e-01
Opt Gap:      1.717671e+00 ± 7.968228e-01
Eq Vio l1:   2.353335e+01 (max: 3.519606e+01)
Ineq Vio l1: 8.182144e+02 (max: 8.472289e+02)
Sol Dis:   1.487989e+02 ± 1.078171e+00
Merit:             8.418060e+03 ± 5.114356e+01
Avg Inf Time:  0.0002s
==================================================
✓ Model saved: results/nonsmooth_nonconvex/socp/SOCPProblem-100-50-50-10000/20260115-143912_MLP_sup_seed0_nepochs1000_lr0.0005_trainsize3000_subopt_3_0.5/model_110.pt
Epoch 112/1000, Loss: 0.0105, Obj: 0.8246, Eq Viol (l1): 23.595282, Ineq Viol (l1): 813.321698, Epoch time: 0.09s
Epoch 113/1000, Loss: 0.0110, Obj: 0.8218, Eq Viol (l1): 23.597446, Ineq Viol (l1): 813.329072, Epoch time: 0.09s
Epoch 114/1000, Loss: 0.0103, Obj: 0.8752, Eq Viol (l1): 23.593518, Ineq Viol (l1): 812.276538, Epoch time: 0.09s
Epoch 115/1000, Loss: 0.0101, Obj: 0.8324, Eq Viol (l1): 23.598442, Ineq Viol (l1): 813.105434, Epoch time: 0.19s
Epoch 116/1000, Loss: 0.0097, Obj: 0.8415, Eq Viol (l1): 23.576879, Ineq Viol (l1): 812.518866, Epoch time: 0.09s
Epoch 117/1000, Loss: 0.0101, Obj: 0.8126, Eq Viol (l1): 23.559773, Ineq Viol (l1): 813.668135, Epoch time: 0.09s
Epoch 118/1000, Loss: 0.0101, Obj: 0.8448, Eq Viol (l1): 23.602517, Ineq Viol (l1): 812.492631, Epoch time: 0.09s
Epoch 119/1000, Loss: 0.0099, Obj: 0.8226, Eq Viol (l1): 23.580180, Ineq Viol (l1): 813.550784, Epoch time: 0.09s
Epoch 120/1000, Loss: 0.0103, Obj: 0.8352, Eq Viol (l1): 23.579487, Ineq Viol (l1): 812.871684, Epoch time: 0.09s
Epoch 121/1000, Loss: 0.0100, Obj: 0.8370, Eq Viol (l1): 23.576085, Ineq Viol (l1): 812.931458, Epoch time: 0.09s

Running validation at epoch 120...

VALIDATION_EPOCH_120 EVALUATION RESULTS:
==================================================
Obj:     6.738595e-01
Opt Gap:      1.842007e+00 ± 9.455274e-01
Eq Vio l1:   2.353322e+01 (max: 3.910218e+01)
Ineq Vio l1: 8.145154e+02 (max: 8.516134e+02)
Sol Dis:   1.487520e+02 ± 1.268960e+00
Merit:             8.381160e+03 ± 5.919141e+01
Avg Inf Time:  0.0002s
==================================================
✓ Model saved: results/nonsmooth_nonconvex/socp/SOCPProblem-100-50-50-10000/20260115-143912_MLP_sup_seed0_nepochs1000_lr0.0005_trainsize3000_subopt_3_0.5/model_120.pt
Epoch 122/1000, Loss: 0.0100, Obj: 0.8473, Eq Viol (l1): 23.601982, Ineq Viol (l1): 812.919557, Epoch time: 0.09s
Epoch 123/1000, Loss: 0.0095, Obj: 0.8562, Eq Viol (l1): 23.569170, Ineq Viol (l1): 812.609421, Epoch time: 0.09s
Epoch 124/1000, Loss: 0.0101, Obj: 0.8312, Eq Viol (l1): 23.616171, Ineq Viol (l1): 813.096791, Epoch time: 0.09s
Epoch 125/1000, Loss: 0.0097, Obj: 0.8459, Eq Viol (l1): 23.588853, Ineq Viol (l1): 812.560918, Epoch time: 0.09s
Epoch 126/1000, Loss: 0.0100, Obj: 0.8260, Eq Viol (l1): 23.596072, Ineq Viol (l1): 812.949909, Epoch time: 0.09s
Epoch 127/1000, Loss: 0.0096, Obj: 0.8890, Eq Viol (l1): 23.581738, Ineq Viol (l1): 812.262346, Epoch time: 0.09s
Epoch 128/1000, Loss: 0.0096, Obj: 0.8168, Eq Viol (l1): 23.565755, Ineq Viol (l1): 812.929578, Epoch time: 0.09s
Epoch 129/1000, Loss: 0.0098, Obj: 0.8683, Eq Viol (l1): 23.573598, Ineq Viol (l1): 812.672759, Epoch time: 0.09s
Epoch 130/1000, Loss: 0.0100, Obj: 0.8423, Eq Viol (l1): 23.574455, Ineq Viol (l1): 812.650915, Epoch time: 0.09s
Epoch 131/1000, Loss: 0.0092, Obj: 0.8316, Eq Viol (l1): 23.586113, Ineq Viol (l1): 812.740076, Epoch time: 0.09s

Running validation at epoch 130...

VALIDATION_EPOCH_130 EVALUATION RESULTS:
==================================================
Obj:     6.486348e-01
Opt Gap:      1.771181e+00 ± 8.020665e-01
Eq Vio l1:   2.349727e+01 (max: 3.427814e+01)
Ineq Vio l1: 8.152617e+02 (max: 8.481707e+02)
Sol Dis:   1.487318e+02 ± 1.113518e+00
Merit:             8.388239e+03 ± 5.883614e+01
Avg Inf Time:  0.0002s
==================================================
✓ Model saved: results/nonsmooth_nonconvex/socp/SOCPProblem-100-50-50-10000/20260115-143912_MLP_sup_seed0_nepochs1000_lr0.0005_trainsize3000_subopt_3_0.5/model_130.pt
Epoch 132/1000, Loss: 0.0094, Obj: 0.8465, Eq Viol (l1): 23.562333, Ineq Viol (l1): 812.827356, Epoch time: 0.09s
Epoch 133/1000, Loss: 0.0097, Obj: 0.8719, Eq Viol (l1): 23.561744, Ineq Viol (l1): 812.215958, Epoch time: 0.09s
Epoch 134/1000, Loss: 0.0094, Obj: 0.8556, Eq Viol (l1): 23.561585, Ineq Viol (l1): 812.349397, Epoch time: 0.09s
Epoch 135/1000, Loss: 0.0094, Obj: 0.8440, Eq Viol (l1): 23.546208, Ineq Viol (l1): 812.791410, Epoch time: 0.09s
Epoch 136/1000, Loss: 0.0092, Obj: 0.8628, Eq Viol (l1): 23.555479, Ineq Viol (l1): 812.251568, Epoch time: 0.09s
Epoch 137/1000, Loss: 0.0095, Obj: 0.8267, Eq Viol (l1): 23.569347, Ineq Viol (l1): 813.217334, Epoch time: 0.09s
Epoch 138/1000, Loss: 0.0088, Obj: 0.8542, Eq Viol (l1): 23.578337, Ineq Viol (l1): 812.217891, Epoch time: 0.09s
Epoch 139/1000, Loss: 0.0087, Obj: 0.8674, Eq Viol (l1): 23.524230, Ineq Viol (l1): 812.258794, Epoch time: 0.09s
Epoch 140/1000, Loss: 0.0095, Obj: 0.8572, Eq Viol (l1): 23.555799, Ineq Viol (l1): 812.562706, Epoch time: 0.09s
Epoch 141/1000, Loss: 0.0087, Obj: 0.8736, Eq Viol (l1): 23.545073, Ineq Viol (l1): 812.336400, Epoch time: 0.09s

Running validation at epoch 140...

VALIDATION_EPOCH_140 EVALUATION RESULTS:
==================================================
Obj:     5.666202e-01
Opt Gap:      1.681385e+00 ± 6.499995e-01
Eq Vio l1:   2.348596e+01 (max: 3.091658e+01)
Ineq Vio l1: 8.174587e+02 (max: 8.504396e+02)
Sol Dis:   1.485314e+02 ± 9.739936e-01
Merit:             8.410013e+03 ± 5.364797e+01
Avg Inf Time:  0.0002s
==================================================
✓ Model saved: results/nonsmooth_nonconvex/socp/SOCPProblem-100-50-50-10000/20260115-143912_MLP_sup_seed0_nepochs1000_lr0.0005_trainsize3000_subopt_3_0.5/model_140.pt
Epoch 142/1000, Loss: 0.0094, Obj: 0.8613, Eq Viol (l1): 23.558854, Ineq Viol (l1): 812.200386, Epoch time: 0.09s
Epoch 143/1000, Loss: 0.0087, Obj: 0.8548, Eq Viol (l1): 23.536405, Ineq Viol (l1): 812.563868, Epoch time: 0.09s
Epoch 144/1000, Loss: 0.0089, Obj: 0.8711, Eq Viol (l1): 23.558357, Ineq Viol (l1): 812.304651, Epoch time: 0.09s
Epoch 145/1000, Loss: 0.0090, Obj: 0.8448, Eq Viol (l1): 23.566100, Ineq Viol (l1): 812.530872, Epoch time: 0.09s
Epoch 146/1000, Loss: 0.0089, Obj: 0.8487, Eq Viol (l1): 23.542456, Ineq Viol (l1): 812.554796, Epoch time: 0.09s
Epoch 147/1000, Loss: 0.0090, Obj: 0.8350, Eq Viol (l1): 23.545083, Ineq Viol (l1): 812.670613, Epoch time: 0.09s
Epoch 148/1000, Loss: 0.0085, Obj: 0.8509, Eq Viol (l1): 23.544832, Ineq Viol (l1): 812.628518, Epoch time: 0.09s
Epoch 149/1000, Loss: 0.0085, Obj: 0.8723, Eq Viol (l1): 23.538739, Ineq Viol (l1): 811.944562, Epoch time: 0.09s
Epoch 150/1000, Loss: 0.0088, Obj: 0.8449, Eq Viol (l1): 23.537531, Ineq Viol (l1): 812.307627, Epoch time: 0.09s
Epoch 151/1000, Loss: 0.0081, Obj: 0.8660, Eq Viol (l1): 23.540412, Ineq Viol (l1): 812.294634, Epoch time: 0.09s

Running validation at epoch 150...

VALIDATION_EPOCH_150 EVALUATION RESULTS:
==================================================
Obj:     6.860940e-01
Opt Gap:      1.844898e+00 ± 7.280066e-01
Eq Vio l1:   2.347922e+01 (max: 3.065338e+01)
Ineq Vio l1: 8.121347e+02 (max: 8.470374e+02)
Sol Dis:   1.482862e+02 ± 1.064822e+00
Merit:             8.356825e+03 ± 5.887797e+01
Avg Inf Time:  0.0002s
==================================================
✓ Model saved: results/nonsmooth_nonconvex/socp/SOCPProblem-100-50-50-10000/20260115-143912_MLP_sup_seed0_nepochs1000_lr0.0005_trainsize3000_subopt_3_0.5/model_150.pt
Epoch 152/1000, Loss: 0.0080, Obj: 0.8719, Eq Viol (l1): 23.542350, Ineq Viol (l1): 812.101688, Epoch time: 0.09s
Epoch 153/1000, Loss: 0.0084, Obj: 0.8704, Eq Viol (l1): 23.562776, Ineq Viol (l1): 812.043516, Epoch time: 0.09s
Epoch 154/1000, Loss: 0.0088, Obj: 0.8520, Eq Viol (l1): 23.544552, Ineq Viol (l1): 812.248830, Epoch time: 0.09s
Epoch 155/1000, Loss: 0.0081, Obj: 0.8544, Eq Viol (l1): 23.539508, Ineq Viol (l1): 812.310773, Epoch time: 0.09s
Epoch 156/1000, Loss: 0.0083, Obj: 0.8587, Eq Viol (l1): 23.555558, Ineq Viol (l1): 811.984649, Epoch time: 0.09s
Epoch 157/1000, Loss: 0.0082, Obj: 0.8687, Eq Viol (l1): 23.521575, Ineq Viol (l1): 812.474750, Epoch time: 0.09s
Epoch 158/1000, Loss: 0.0085, Obj: 0.8502, Eq Viol (l1): 23.538304, Ineq Viol (l1): 812.150524, Epoch time: 0.09s
Epoch 159/1000, Loss: 0.0082, Obj: 0.8567, Eq Viol (l1): 23.549546, Ineq Viol (l1): 811.910427, Epoch time: 0.09s
Epoch 160/1000, Loss: 0.0082, Obj: 0.8416, Eq Viol (l1): 23.533414, Ineq Viol (l1): 812.516038, Epoch time: 0.09s
Epoch 161/1000, Loss: 0.0082, Obj: 0.8710, Eq Viol (l1): 23.529705, Ineq Viol (l1): 811.365071, Epoch time: 0.09s

Running validation at epoch 160...

VALIDATION_EPOCH_160 EVALUATION RESULTS:
==================================================
Obj:     6.228780e-01
Opt Gap:      1.640399e+00 ± 7.003090e-01
Eq Vio l1:   2.347748e+01 (max: 2.988006e+01)
Ineq Vio l1: 8.171030e+02 (max: 8.527600e+02)
Sol Dis:   1.488146e+02 ± 1.074078e+00
Merit:             8.406428e+03 ± 5.724586e+01
Avg Inf Time:  0.0002s
==================================================
✓ Model saved: results/nonsmooth_nonconvex/socp/SOCPProblem-100-50-50-10000/20260115-143912_MLP_sup_seed0_nepochs1000_lr0.0005_trainsize3000_subopt_3_0.5/model_160.pt
Epoch 162/1000, Loss: 0.0077, Obj: 0.8750, Eq Viol (l1): 23.520896, Ineq Viol (l1): 812.138124, Epoch time: 0.09s
Epoch 163/1000, Loss: 0.0075, Obj: 0.8862, Eq Viol (l1): 23.522382, Ineq Viol (l1): 811.481053, Epoch time: 0.09s
Epoch 164/1000, Loss: 0.0077, Obj: 0.8683, Eq Viol (l1): 23.524988, Ineq Viol (l1): 811.784540, Epoch time: 0.09s
Epoch 165/1000, Loss: 0.0079, Obj: 0.8836, Eq Viol (l1): 23.530076, Ineq Viol (l1): 811.612883, Epoch time: 0.09s
Epoch 166/1000, Loss: 0.0079, Obj: 0.8722, Eq Viol (l1): 23.538746, Ineq Viol (l1): 812.373222, Epoch time: 0.09s
Epoch 167/1000, Loss: 0.0077, Obj: 0.8750, Eq Viol (l1): 23.529391, Ineq Viol (l1): 811.237594, Epoch time: 0.09s
Epoch 168/1000, Loss: 0.0075, Obj: 0.8631, Eq Viol (l1): 23.569613, Ineq Viol (l1): 812.297790, Epoch time: 0.09s
Epoch 169/1000, Loss: 0.0077, Obj: 0.8772, Eq Viol (l1): 23.546313, Ineq Viol (l1): 811.661709, Epoch time: 0.09s
Epoch 170/1000, Loss: 0.0075, Obj: 0.8777, Eq Viol (l1): 23.502521, Ineq Viol (l1): 811.424095, Epoch time: 0.09s
Epoch 171/1000, Loss: 0.0071, Obj: 0.8855, Eq Viol (l1): 23.535441, Ineq Viol (l1): 811.652617, Epoch time: 0.09s

Running validation at epoch 170...

VALIDATION_EPOCH_170 EVALUATION RESULTS:
==================================================
Obj:     6.540683e-01
Opt Gap:      1.695013e+00 ± 6.289460e-01
Eq Vio l1:   2.348654e+01 (max: 2.939209e+01)
Ineq Vio l1: 8.146393e+02 (max: 8.501057e+02)
Sol Dis:   1.486073e+02 ± 1.022576e+00
Merit:             8.381913e+03 ± 6.302628e+01
Avg Inf Time:  0.0002s
==================================================
✓ Model saved: results/nonsmooth_nonconvex/socp/SOCPProblem-100-50-50-10000/20260115-143912_MLP_sup_seed0_nepochs1000_lr0.0005_trainsize3000_subopt_3_0.5/model_170.pt
Epoch 172/1000, Loss: 0.0072, Obj: 0.8715, Eq Viol (l1): 23.548326, Ineq Viol (l1): 812.021012, Epoch time: 0.09s
Epoch 173/1000, Loss: 0.0068, Obj: 0.8871, Eq Viol (l1): 23.529966, Ineq Viol (l1): 811.122406, Epoch time: 0.09s
Epoch 174/1000, Loss: 0.0070, Obj: 0.8750, Eq Viol (l1): 23.527880, Ineq Viol (l1): 811.970917, Epoch time: 0.09s
Epoch 175/1000, Loss: 0.0072, Obj: 0.8715, Eq Viol (l1): 23.526535, Ineq Viol (l1): 811.674874, Epoch time: 0.09s
Epoch 176/1000, Loss: 0.0073, Obj: 0.8894, Eq Viol (l1): 23.543620, Ineq Viol (l1): 811.294506, Epoch time: 0.09s
Epoch 177/1000, Loss: 0.0066, Obj: 0.8928, Eq Viol (l1): 23.567203, Ineq Viol (l1): 811.085215, Epoch time: 0.09s
Epoch 178/1000, Loss: 0.0067, Obj: 0.8871, Eq Viol (l1): 23.561341, Ineq Viol (l1): 811.375073, Epoch time: 0.09s
Epoch 179/1000, Loss: 0.0074, Obj: 0.8789, Eq Viol (l1): 23.602528, Ineq Viol (l1): 811.320078, Epoch time: 0.09s
Epoch 180/1000, Loss: 0.0068, Obj: 0.8776, Eq Viol (l1): 23.586992, Ineq Viol (l1): 811.369173, Epoch time: 0.09s
Epoch 181/1000, Loss: 0.0068, Obj: 0.8853, Eq Viol (l1): 23.578065, Ineq Viol (l1): 810.937823, Epoch time: 0.09s

Running validation at epoch 180...

VALIDATION_EPOCH_180 EVALUATION RESULTS:
==================================================
Obj:     6.741245e-01
Opt Gap:      1.665169e+00 ± 6.352307e-01
Eq Vio l1:   2.346877e+01 (max: 2.916400e+01)
Ineq Vio l1: 8.119684e+02 (max: 8.471442e+02)
Sol Dis:   1.484531e+02 ± 9.894934e-01
Merit:             8.355046e+03 ± 6.420639e+01
Avg Inf Time:  0.0002s
==================================================
✓ Model saved: results/nonsmooth_nonconvex/socp/SOCPProblem-100-50-50-10000/20260115-143912_MLP_sup_seed0_nepochs1000_lr0.0005_trainsize3000_subopt_3_0.5/model_180.pt
Epoch 182/1000, Loss: 0.0065, Obj: 0.8973, Eq Viol (l1): 23.567041, Ineq Viol (l1): 810.690068, Epoch time: 0.09s
Epoch 183/1000, Loss: 0.0066, Obj: 0.8922, Eq Viol (l1): 23.577895, Ineq Viol (l1): 811.048826, Epoch time: 0.09s
Epoch 184/1000, Loss: 0.0067, Obj: 0.8974, Eq Viol (l1): 23.595031, Ineq Viol (l1): 810.779491, Epoch time: 0.09s
Epoch 185/1000, Loss: 0.0061, Obj: 0.9117, Eq Viol (l1): 23.609531, Ineq Viol (l1): 810.571775, Epoch time: 0.09s
Epoch 186/1000, Loss: 0.0059, Obj: 0.9144, Eq Viol (l1): 23.566407, Ineq Viol (l1): 810.532333, Epoch time: 0.09s
Epoch 187/1000, Loss: 0.0065, Obj: 0.9232, Eq Viol (l1): 23.573596, Ineq Viol (l1): 810.115943, Epoch time: 0.09s
Epoch 188/1000, Loss: 0.0065, Obj: 0.9233, Eq Viol (l1): 23.588956, Ineq Viol (l1): 810.897592, Epoch time: 0.09s
Epoch 189/1000, Loss: 0.0058, Obj: 0.9138, Eq Viol (l1): 23.538225, Ineq Viol (l1): 810.546418, Epoch time: 0.09s
Epoch 190/1000, Loss: 0.0057, Obj: 0.9419, Eq Viol (l1): 23.580579, Ineq Viol (l1): 809.972380, Epoch time: 0.09s
Epoch 191/1000, Loss: 0.0055, Obj: 0.9418, Eq Viol (l1): 23.541519, Ineq Viol (l1): 810.395005, Epoch time: 0.09s

Running validation at epoch 190...

VALIDATION_EPOCH_190 EVALUATION RESULTS:
==================================================
Obj:     6.242185e-01
Opt Gap:      1.631586e+00 ± 5.633600e-01
Eq Vio l1:   2.346458e+01 (max: 2.872592e+01)
Ineq Vio l1: 8.135142e+02 (max: 8.495084e+02)
Sol Dis:   1.484706e+02 ± 9.411174e-01
Merit:             8.370412e+03 ± 5.794294e+01
Avg Inf Time:  0.0002s
==================================================
✓ Model saved: results/nonsmooth_nonconvex/socp/SOCPProblem-100-50-50-10000/20260115-143912_MLP_sup_seed0_nepochs1000_lr0.0005_trainsize3000_subopt_3_0.5/model_190.pt
Epoch 192/1000, Loss: 0.0054, Obj: 0.9339, Eq Viol (l1): 23.546111, Ineq Viol (l1): 810.848886, Epoch time: 0.09s
Epoch 193/1000, Loss: 0.0056, Obj: 0.9174, Eq Viol (l1): 23.546713, Ineq Viol (l1): 810.222853, Epoch time: 0.09s
Epoch 194/1000, Loss: 0.0054, Obj: 0.9210, Eq Viol (l1): 23.531105, Ineq Viol (l1): 810.362787, Epoch time: 0.09s
Epoch 195/1000, Loss: 0.0053, Obj: 0.9401, Eq Viol (l1): 23.538068, Ineq Viol (l1): 810.380774, Epoch time: 0.09s
Epoch 196/1000, Loss: 0.0052, Obj: 0.9421, Eq Viol (l1): 23.537908, Ineq Viol (l1): 809.987137, Epoch time: 0.09s
Epoch 197/1000, Loss: 0.0054, Obj: 0.9416, Eq Viol (l1): 23.560837, Ineq Viol (l1): 810.599436, Epoch time: 0.09s
Epoch 198/1000, Loss: 0.0053, Obj: 0.9123, Eq Viol (l1): 23.518654, Ineq Viol (l1): 810.668339, Epoch time: 0.09s
Epoch 199/1000, Loss: 0.0050, Obj: 0.9652, Eq Viol (l1): 23.515793, Ineq Viol (l1): 809.746084, Epoch time: 0.09s
Epoch 200/1000, Loss: 0.0053, Obj: 0.9445, Eq Viol (l1): 23.522770, Ineq Viol (l1): 810.354784, Epoch time: 0.09s
Epoch 201/1000, Loss: 0.0050, Obj: 0.9305, Eq Viol (l1): 23.508536, Ineq Viol (l1): 810.255048, Epoch time: 0.09s

Running validation at epoch 200...

VALIDATION_EPOCH_200 EVALUATION RESULTS:
==================================================
Obj:     6.105092e-01
Opt Gap:      1.649930e+00 ± 5.852218e-01
Eq Vio l1:   2.345778e+01 (max: 2.860112e+01)
Ineq Vio l1: 8.154324e+02 (max: 8.508779e+02)
Sol Dis:   1.488497e+02 ± 1.024111e+00
Merit:             8.389512e+03 ± 6.207951e+01
Avg Inf Time:  0.0002s
==================================================
✓ Model saved: results/nonsmooth_nonconvex/socp/SOCPProblem-100-50-50-10000/20260115-143912_MLP_sup_seed0_nepochs1000_lr0.0005_trainsize3000_subopt_3_0.5/model_200.pt
Epoch 202/1000, Loss: 0.0049, Obj: 0.9864, Eq Viol (l1): 23.519910, Ineq Viol (l1): 809.907334, Epoch time: 0.09s
Epoch 203/1000, Loss: 0.0049, Obj: 0.9345, Eq Viol (l1): 23.508116, Ineq Viol (l1): 810.232519, Epoch time: 0.09s
Epoch 204/1000, Loss: 0.0048, Obj: 0.9179, Eq Viol (l1): 23.514845, Ineq Viol (l1): 810.685671, Epoch time: 0.09s
Epoch 205/1000, Loss: 0.0047, Obj: 0.9489, Eq Viol (l1): 23.526829, Ineq Viol (l1): 810.364775, Epoch time: 0.09s
Epoch 206/1000, Loss: 0.0053, Obj: 0.9392, Eq Viol (l1): 23.527841, Ineq Viol (l1): 810.411350, Epoch time: 0.09s
Epoch 207/1000, Loss: 0.0050, Obj: 0.9338, Eq Viol (l1): 23.503506, Ineq Viol (l1): 810.134466, Epoch time: 0.09s
Epoch 208/1000, Loss: 0.0048, Obj: 0.9526, Eq Viol (l1): 23.525707, Ineq Viol (l1): 810.308954, Epoch time: 0.09s
Epoch 209/1000, Loss: 0.0051, Obj: 0.9255, Eq Viol (l1): 23.527918, Ineq Viol (l1): 810.408916, Epoch time: 0.09s
Epoch 210/1000, Loss: 0.0054, Obj: 0.9464, Eq Viol (l1): 23.544539, Ineq Viol (l1): 810.302936, Epoch time: 0.09s
Epoch 211/1000, Loss: 0.0052, Obj: 0.9154, Eq Viol (l1): 23.526794, Ineq Viol (l1): 810.634725, Epoch time: 0.09s

Running validation at epoch 210...

VALIDATION_EPOCH_210 EVALUATION RESULTS:
==================================================
Obj:     6.800327e-01
Opt Gap:      1.777945e+00 ± 5.723532e-01
Eq Vio l1:   2.348031e+01 (max: 2.899132e+01)
Ineq Vio l1: 8.137574e+02 (max: 8.493833e+02)
Sol Dis:   1.489193e+02 ± 1.077454e+00
Merit:             8.373057e+03 ± 7.328094e+01
Avg Inf Time:  0.0002s
==================================================
✓ Model saved: results/nonsmooth_nonconvex/socp/SOCPProblem-100-50-50-10000/20260115-143912_MLP_sup_seed0_nepochs1000_lr0.0005_trainsize3000_subopt_3_0.5/model_210.pt
Epoch 212/1000, Loss: 0.0051, Obj: 0.9415, Eq Viol (l1): 23.555019, Ineq Viol (l1): 810.403673, Epoch time: 0.09s
Epoch 213/1000, Loss: 0.0050, Obj: 0.9370, Eq Viol (l1): 23.568305, Ineq Viol (l1): 810.468302, Epoch time: 0.09s
Epoch 214/1000, Loss: 0.0045, Obj: 0.9512, Eq Viol (l1): 23.520373, Ineq Viol (l1): 810.286716, Epoch time: 0.09s
Epoch 215/1000, Loss: 0.0043, Obj: 0.9460, Eq Viol (l1): 23.533190, Ineq Viol (l1): 810.290861, Epoch time: 0.09s
Epoch 216/1000, Loss: 0.0044, Obj: 0.9401, Eq Viol (l1): 23.519521, Ineq Viol (l1): 810.143588, Epoch time: 0.09s
Epoch 217/1000, Loss: 0.0043, Obj: 0.9389, Eq Viol (l1): 23.484501, Ineq Viol (l1): 810.412480, Epoch time: 0.09s
Epoch 218/1000, Loss: 0.0046, Obj: 0.9346, Eq Viol (l1): 23.507944, Ineq Viol (l1): 810.344593, Epoch time: 0.09s
Epoch 219/1000, Loss: 0.0043, Obj: 0.9787, Eq Viol (l1): 23.527715, Ineq Viol (l1): 809.973387, Epoch time: 0.09s
Epoch 220/1000, Loss: 0.0046, Obj: 0.9417, Eq Viol (l1): 23.517060, Ineq Viol (l1): 809.997173, Epoch time: 0.09s
Epoch 221/1000, Loss: 0.0043, Obj: 0.9462, Eq Viol (l1): 23.499913, Ineq Viol (l1): 810.223946, Epoch time: 0.09s

Running validation at epoch 220...

VALIDATION_EPOCH_220 EVALUATION RESULTS:
==================================================
Obj:     6.841947e-01
Opt Gap:      1.799608e+00 ± 5.796180e-01
Eq Vio l1:   2.347982e+01 (max: 2.863094e+01)
Ineq Vio l1: 8.149543e+02 (max: 8.471038e+02)
Sol Dis:   1.489539e+02 ± 1.077107e+00
Merit:             8.385025e+03 ± 6.672324e+01
Avg Inf Time:  0.0002s
==================================================
✓ Model saved: results/nonsmooth_nonconvex/socp/SOCPProblem-100-50-50-10000/20260115-143912_MLP_sup_seed0_nepochs1000_lr0.0005_trainsize3000_subopt_3_0.5/model_220.pt
Epoch 222/1000, Loss: 0.0042, Obj: 0.9424, Eq Viol (l1): 23.494554, Ineq Viol (l1): 810.399664, Epoch time: 0.09s
Epoch 223/1000, Loss: 0.0041, Obj: 0.9647, Eq Viol (l1): 23.500426, Ineq Viol (l1): 809.790900, Epoch time: 0.09s
Epoch 224/1000, Loss: 0.0043, Obj: 0.9677, Eq Viol (l1): 23.498460, Ineq Viol (l1): 810.374959, Epoch time: 0.09s
Epoch 225/1000, Loss: 0.0045, Obj: 0.9205, Eq Viol (l1): 23.501428, Ineq Viol (l1): 810.518783, Epoch time: 0.09s
Epoch 226/1000, Loss: 0.0047, Obj: 0.9322, Eq Viol (l1): 23.514172, Ineq Viol (l1): 810.391158, Epoch time: 0.09s
Epoch 227/1000, Loss: 0.0043, Obj: 0.9635, Eq Viol (l1): 23.513414, Ineq Viol (l1): 810.325596, Epoch time: 0.09s
Epoch 228/1000, Loss: 0.0040, Obj: 0.9629, Eq Viol (l1): 23.493247, Ineq Viol (l1): 810.142455, Epoch time: 0.18s
Epoch 229/1000, Loss: 0.0043, Obj: 0.9393, Eq Viol (l1): 23.487140, Ineq Viol (l1): 810.240267, Epoch time: 0.09s
Epoch 230/1000, Loss: 0.0041, Obj: 0.9517, Eq Viol (l1): 23.495161, Ineq Viol (l1): 810.429242, Epoch time: 0.09s
Epoch 231/1000, Loss: 0.0039, Obj: 0.9583, Eq Viol (l1): 23.477617, Ineq Viol (l1): 810.096649, Epoch time: 0.09s

Running validation at epoch 230...

VALIDATION_EPOCH_230 EVALUATION RESULTS:
==================================================
Obj:     6.059492e-01
Opt Gap:      1.563452e+00 ± 5.630957e-01
Eq Vio l1:   2.346077e+01 (max: 2.882602e+01)
Ineq Vio l1: 8.151732e+02 (max: 8.521058e+02)
Sol Dis:   1.486130e+02 ± 9.952904e-01
Merit:             8.386945e+03 ± 6.598417e+01
Avg Inf Time:  0.0002s
==================================================
✓ Model saved: results/nonsmooth_nonconvex/socp/SOCPProblem-100-50-50-10000/20260115-143912_MLP_sup_seed0_nepochs1000_lr0.0005_trainsize3000_subopt_3_0.5/model_230.pt
Epoch 232/1000, Loss: 0.0037, Obj: 0.9527, Eq Viol (l1): 23.451494, Ineq Viol (l1): 810.041368, Epoch time: 0.09s
Epoch 233/1000, Loss: 0.0037, Obj: 0.9524, Eq Viol (l1): 23.485653, Ineq Viol (l1): 810.187339, Epoch time: 0.09s
Epoch 234/1000, Loss: 0.0040, Obj: 0.9478, Eq Viol (l1): 23.500069, Ineq Viol (l1): 810.469329, Epoch time: 0.09s
Epoch 235/1000, Loss: 0.0038, Obj: 0.9396, Eq Viol (l1): 23.478019, Ineq Viol (l1): 810.239801, Epoch time: 0.09s
Epoch 236/1000, Loss: 0.0040, Obj: 0.9468, Eq Viol (l1): 23.482064, Ineq Viol (l1): 810.187076, Epoch time: 0.09s
Epoch 237/1000, Loss: 0.0042, Obj: 0.9792, Eq Viol (l1): 23.489354, Ineq Viol (l1): 809.635236, Epoch time: 0.09s
Epoch 238/1000, Loss: 0.0041, Obj: 0.9196, Eq Viol (l1): 23.438782, Ineq Viol (l1): 810.775662, Epoch time: 0.09s
Epoch 239/1000, Loss: 0.0041, Obj: 0.9524, Eq Viol (l1): 23.507450, Ineq Viol (l1): 810.311428, Epoch time: 0.09s
Epoch 240/1000, Loss: 0.0040, Obj: 0.9380, Eq Viol (l1): 23.466370, Ineq Viol (l1): 810.555768, Epoch time: 0.09s
Epoch 241/1000, Loss: 0.0037, Obj: 0.9742, Eq Viol (l1): 23.504523, Ineq Viol (l1): 809.928971, Epoch time: 0.09s

Running validation at epoch 240...

VALIDATION_EPOCH_240 EVALUATION RESULTS:
==================================================
Obj:     6.573594e-01
Opt Gap:      1.773893e+00 ± 5.550823e-01
Eq Vio l1:   2.349245e+01 (max: 2.881249e+01)
Ineq Vio l1: 8.142268e+02 (max: 8.516720e+02)
Sol Dis:   1.488853e+02 ± 1.049552e+00
Merit:             8.377850e+03 ± 6.696376e+01
Avg Inf Time:  0.0002s
==================================================
✓ Model saved: results/nonsmooth_nonconvex/socp/SOCPProblem-100-50-50-10000/20260115-143912_MLP_sup_seed0_nepochs1000_lr0.0005_trainsize3000_subopt_3_0.5/model_240.pt
Epoch 242/1000, Loss: 0.0036, Obj: 0.9755, Eq Viol (l1): 23.478176, Ineq Viol (l1): 809.605912, Epoch time: 0.09s
Epoch 243/1000, Loss: 0.0037, Obj: 0.9495, Eq Viol (l1): 23.467312, Ineq Viol (l1): 810.512819, Epoch time: 0.09s
Epoch 244/1000, Loss: 0.0036, Obj: 0.9404, Eq Viol (l1): 23.442909, Ineq Viol (l1): 810.267572, Epoch time: 0.09s
Epoch 245/1000, Loss: 0.0039, Obj: 0.9742, Eq Viol (l1): 23.477257, Ineq Viol (l1): 809.963315, Epoch time: 0.09s
Epoch 246/1000, Loss: 0.0039, Obj: 0.9688, Eq Viol (l1): 23.485207, Ineq Viol (l1): 809.806181, Epoch time: 0.09s
Epoch 247/1000, Loss: 0.0036, Obj: 0.9594, Eq Viol (l1): 23.446209, Ineq Viol (l1): 810.326295, Epoch time: 0.09s
Epoch 248/1000, Loss: 0.0039, Obj: 0.9449, Eq Viol (l1): 23.469081, Ineq Viol (l1): 810.165009, Epoch time: 0.09s
Epoch 249/1000, Loss: 0.0035, Obj: 0.9812, Eq Viol (l1): 23.469639, Ineq Viol (l1): 809.833792, Epoch time: 0.09s
Epoch 250/1000, Loss: 0.0034, Obj: 0.9261, Eq Viol (l1): 23.447703, Ineq Viol (l1): 810.354713, Epoch time: 0.09s
Epoch 251/1000, Loss: 0.0034, Obj: 0.9548, Eq Viol (l1): 23.461364, Ineq Viol (l1): 810.341822, Epoch time: 0.09s

Running validation at epoch 250...

VALIDATION_EPOCH_250 EVALUATION RESULTS:
==================================================
Obj:     6.048799e-01
Opt Gap:      1.630955e+00 ± 5.297848e-01
Eq Vio l1:   2.349997e+01 (max: 2.877100e+01)
Ineq Vio l1: 8.146600e+02 (max: 8.520339e+02)
Sol Dis:   1.485709e+02 ± 9.426120e-01
Merit:             8.382204e+03 ± 6.951040e+01
Avg Inf Time:  0.0002s
==================================================
✓ Model saved: results/nonsmooth_nonconvex/socp/SOCPProblem-100-50-50-10000/20260115-143912_MLP_sup_seed0_nepochs1000_lr0.0005_trainsize3000_subopt_3_0.5/model_250.pt
Epoch 252/1000, Loss: 0.0037, Obj: 0.9368, Eq Viol (l1): 23.474992, Ineq Viol (l1): 810.091803, Epoch time: 0.09s
Epoch 253/1000, Loss: 0.0033, Obj: 0.9771, Eq Viol (l1): 23.460881, Ineq Viol (l1): 809.782268, Epoch time: 0.09s
Epoch 254/1000, Loss: 0.0037, Obj: 0.9729, Eq Viol (l1): 23.469907, Ineq Viol (l1): 809.883315, Epoch time: 0.09s
Epoch 255/1000, Loss: 0.0034, Obj: 0.9510, Eq Viol (l1): 23.461259, Ineq Viol (l1): 809.933717, Epoch time: 0.09s
Epoch 256/1000, Loss: 0.0034, Obj: 0.9566, Eq Viol (l1): 23.442555, Ineq Viol (l1): 809.672892, Epoch time: 0.09s
Epoch 257/1000, Loss: 0.0037, Obj: 0.9418, Eq Viol (l1): 23.461917, Ineq Viol (l1): 810.509155, Epoch time: 0.09s
Epoch 258/1000, Loss: 0.0034, Obj: 0.9599, Eq Viol (l1): 23.461975, Ineq Viol (l1): 809.889899, Epoch time: 0.09s
Epoch 259/1000, Loss: 0.0035, Obj: 0.9462, Eq Viol (l1): 23.464014, Ineq Viol (l1): 809.946603, Epoch time: 0.09s
Epoch 260/1000, Loss: 0.0036, Obj: 0.9643, Eq Viol (l1): 23.488219, Ineq Viol (l1): 810.024113, Epoch time: 0.09s
Epoch 261/1000, Loss: 0.0031, Obj: 0.9598, Eq Viol (l1): 23.481543, Ineq Viol (l1): 809.825995, Epoch time: 0.09s

Running validation at epoch 260...

VALIDATION_EPOCH_260 EVALUATION RESULTS:
==================================================
Obj:     6.324152e-01
Opt Gap:      1.650718e+00 ± 5.303049e-01
Eq Vio l1:   2.347920e+01 (max: 2.884809e+01)
Ineq Vio l1: 8.148571e+02 (max: 8.504829e+02)
Sol Dis:   1.487297e+02 ± 9.822959e-01
Merit:             8.383996e+03 ± 7.025872e+01
Avg Inf Time:  0.0002s
==================================================
✓ Model saved: results/nonsmooth_nonconvex/socp/SOCPProblem-100-50-50-10000/20260115-143912_MLP_sup_seed0_nepochs1000_lr0.0005_trainsize3000_subopt_3_0.5/model_260.pt
Epoch 262/1000, Loss: 0.0029, Obj: 0.9598, Eq Viol (l1): 23.433868, Ineq Viol (l1): 809.968645, Epoch time: 0.09s
Epoch 263/1000, Loss: 0.0031, Obj: 0.9760, Eq Viol (l1): 23.437504, Ineq Viol (l1): 809.699757, Epoch time: 0.09s
Epoch 264/1000, Loss: 0.0030, Obj: 0.9594, Eq Viol (l1): 23.453902, Ineq Viol (l1): 810.017479, Epoch time: 0.09s
Epoch 265/1000, Loss: 0.0029, Obj: 0.9601, Eq Viol (l1): 23.453516, Ineq Viol (l1): 809.857191, Epoch time: 0.09s
Epoch 266/1000, Loss: 0.0032, Obj: 0.9876, Eq Viol (l1): 23.432115, Ineq Viol (l1): 809.422265, Epoch time: 0.09s
Epoch 267/1000, Loss: 0.0033, Obj: 0.9594, Eq Viol (l1): 23.456092, Ineq Viol (l1): 809.893266, Epoch time: 0.09s
Epoch 268/1000, Loss: 0.0030, Obj: 0.9687, Eq Viol (l1): 23.445579, Ineq Viol (l1): 810.049412, Epoch time: 0.09s
Epoch 269/1000, Loss: 0.0031, Obj: 0.9482, Eq Viol (l1): 23.441103, Ineq Viol (l1): 809.971868, Epoch time: 0.09s
Epoch 270/1000, Loss: 0.0033, Obj: 0.9598, Eq Viol (l1): 23.450486, Ineq Viol (l1): 810.041073, Epoch time: 0.09s
Epoch 271/1000, Loss: 0.0033, Obj: 0.9686, Eq Viol (l1): 23.464745, Ineq Viol (l1): 809.636091, Epoch time: 0.09s

Running validation at epoch 270...

VALIDATION_EPOCH_270 EVALUATION RESULTS:
==================================================
Obj:     6.346165e-01
Opt Gap:      1.589420e+00 ± 5.326410e-01
Eq Vio l1:   2.351307e+01 (max: 2.893106e+01)
Ineq Vio l1: 8.153698e+02 (max: 8.531978e+02)
Sol Dis:   1.487821e+02 ± 1.000305e+00
Merit:             8.389463e+03 ± 7.475585e+01
Avg Inf Time:  0.0002s
==================================================
✓ Model saved: results/nonsmooth_nonconvex/socp/SOCPProblem-100-50-50-10000/20260115-143912_MLP_sup_seed0_nepochs1000_lr0.0005_trainsize3000_subopt_3_0.5/model_270.pt
Epoch 272/1000, Loss: 0.0029, Obj: 0.9685, Eq Viol (l1): 23.461074, Ineq Viol (l1): 809.928123, Epoch time: 0.09s
Epoch 273/1000, Loss: 0.0030, Obj: 0.9729, Eq Viol (l1): 23.449683, Ineq Viol (l1): 809.854944, Epoch time: 0.09s
Epoch 274/1000, Loss: 0.0029, Obj: 0.9588, Eq Viol (l1): 23.424924, Ineq Viol (l1): 809.643218, Epoch time: 0.09s
Epoch 275/1000, Loss: 0.0026, Obj: 0.9778, Eq Viol (l1): 23.439250, Ineq Viol (l1): 809.909150, Epoch time: 0.09s
Epoch 276/1000, Loss: 0.0031, Obj: 0.9448, Eq Viol (l1): 23.467053, Ineq Viol (l1): 810.103487, Epoch time: 0.09s
Epoch 277/1000, Loss: 0.0029, Obj: 0.9692, Eq Viol (l1): 23.444887, Ineq Viol (l1): 809.774763, Epoch time: 0.09s
Epoch 278/1000, Loss: 0.0033, Obj: 0.9534, Eq Viol (l1): 23.449046, Ineq Viol (l1): 809.933225, Epoch time: 0.09s
Epoch 279/1000, Loss: 0.0031, Obj: 0.9661, Eq Viol (l1): 23.462152, Ineq Viol (l1): 810.116618, Epoch time: 0.09s
Epoch 280/1000, Loss: 0.0037, Obj: 0.9668, Eq Viol (l1): 23.528122, Ineq Viol (l1): 809.948676, Epoch time: 0.09s
Epoch 281/1000, Loss: 0.0031, Obj: 0.9841, Eq Viol (l1): 23.490839, Ineq Viol (l1): 809.508876, Epoch time: 0.09s

Running validation at epoch 280...

VALIDATION_EPOCH_280 EVALUATION RESULTS:
==================================================
Obj:     6.846457e-01
Opt Gap:      1.733685e+00 ± 5.279214e-01
Eq Vio l1:   2.351754e+01 (max: 2.877435e+01)
Ineq Vio l1: 8.124521e+02 (max: 8.520362e+02)
Sol Dis:   1.484018e+02 ± 9.677035e-01
Merit:             8.360381e+03 ± 6.743404e+01
Avg Inf Time:  0.0002s
==================================================
✓ Model saved: results/nonsmooth_nonconvex/socp/SOCPProblem-100-50-50-10000/20260115-143912_MLP_sup_seed0_nepochs1000_lr0.0005_trainsize3000_subopt_3_0.5/model_280.pt
Epoch 282/1000, Loss: 0.0032, Obj: 0.9737, Eq Viol (l1): 23.469281, Ineq Viol (l1): 809.807206, Epoch time: 0.09s
Epoch 283/1000, Loss: 0.0029, Obj: 0.9685, Eq Viol (l1): 23.440889, Ineq Viol (l1): 809.754028, Epoch time: 0.09s
Epoch 284/1000, Loss: 0.0027, Obj: 0.9693, Eq Viol (l1): 23.444457, Ineq Viol (l1): 809.851672, Epoch time: 0.09s
Epoch 285/1000, Loss: 0.0030, Obj: 0.9417, Eq Viol (l1): 23.452921, Ineq Viol (l1): 810.047021, Epoch time: 0.09s
Epoch 286/1000, Loss: 0.0029, Obj: 0.9562, Eq Viol (l1): 23.450065, Ineq Viol (l1): 809.967263, Epoch time: 0.09s
Epoch 287/1000, Loss: 0.0028, Obj: 0.9852, Eq Viol (l1): 23.424016, Ineq Viol (l1): 809.669419, Epoch time: 0.09s
Epoch 288/1000, Loss: 0.0029, Obj: 0.9552, Eq Viol (l1): 23.435785, Ineq Viol (l1): 809.838706, Epoch time: 0.09s
Epoch 289/1000, Loss: 0.0027, Obj: 0.9790, Eq Viol (l1): 23.417504, Ineq Viol (l1): 809.841264, Epoch time: 0.09s
Epoch 290/1000, Loss: 0.0027, Obj: 0.9773, Eq Viol (l1): 23.449603, Ineq Viol (l1): 809.502785, Epoch time: 0.09s
Epoch 291/1000, Loss: 0.0028, Obj: 0.9806, Eq Viol (l1): 23.463224, Ineq Viol (l1): 809.871633, Epoch time: 0.09s

Running validation at epoch 290...

VALIDATION_EPOCH_290 EVALUATION RESULTS:
==================================================
Obj:     6.160455e-01
Opt Gap:      1.593720e+00 ± 4.899662e-01
Eq Vio l1:   2.350305e+01 (max: 2.889234e+01)
Ineq Vio l1: 8.143721e+02 (max: 8.488377e+02)
Sol Dis:   1.485705e+02 ± 9.310452e-01
Merit:             8.379367e+03 ± 7.047945e+01
Avg Inf Time:  0.0002s
==================================================
✓ Model saved: results/nonsmooth_nonconvex/socp/SOCPProblem-100-50-50-10000/20260115-143912_MLP_sup_seed0_nepochs1000_lr0.0005_trainsize3000_subopt_3_0.5/model_290.pt
Epoch 292/1000, Loss: 0.0026, Obj: 0.9706, Eq Viol (l1): 23.420729, Ineq Viol (l1): 809.551376, Epoch time: 0.09s
Epoch 293/1000, Loss: 0.0029, Obj: 0.9729, Eq Viol (l1): 23.441250, Ineq Viol (l1): 810.018784, Epoch time: 0.09s
Epoch 294/1000, Loss: 0.0026, Obj: 0.9739, Eq Viol (l1): 23.444031, Ineq Viol (l1): 809.739431, Epoch time: 0.09s
Epoch 295/1000, Loss: 0.0028, Obj: 0.9673, Eq Viol (l1): 23.426145, Ineq Viol (l1): 809.560315, Epoch time: 0.09s
Epoch 296/1000, Loss: 0.0029, Obj: 0.9607, Eq Viol (l1): 23.445588, Ineq Viol (l1): 810.033045, Epoch time: 0.09s
Epoch 297/1000, Loss: 0.0026, Obj: 0.9771, Eq Viol (l1): 23.426314, Ineq Viol (l1): 809.789759, Epoch time: 0.09s
Epoch 298/1000, Loss: 0.0027, Obj: 0.9934, Eq Viol (l1): 23.416853, Ineq Viol (l1): 809.334538, Epoch time: 0.09s
Epoch 299/1000, Loss: 0.0027, Obj: 0.9632, Eq Viol (l1): 23.410024, Ineq Viol (l1): 809.810651, Epoch time: 0.09s
Epoch 300/1000, Loss: 0.0026, Obj: 0.9546, Eq Viol (l1): 23.431961, Ineq Viol (l1): 810.083966, Epoch time: 0.09s
Epoch 301/1000, Loss: 0.0024, Obj: 0.9612, Eq Viol (l1): 23.441768, Ineq Viol (l1): 809.882460, Epoch time: 0.09s

Running validation at epoch 300...

VALIDATION_EPOCH_300 EVALUATION RESULTS:
==================================================
Obj:     7.024667e-01
Opt Gap:      1.764174e+00 ± 5.244314e-01
Eq Vio l1:   2.350236e+01 (max: 2.882537e+01)
Ineq Vio l1: 8.126003e+02 (max: 8.498710e+02)
Sol Dis:   1.487218e+02 ± 1.038306e+00
Merit:             8.361729e+03 ± 7.586859e+01
Avg Inf Time:  0.0002s
==================================================
✓ Model saved: results/nonsmooth_nonconvex/socp/SOCPProblem-100-50-50-10000/20260115-143912_MLP_sup_seed0_nepochs1000_lr0.0005_trainsize3000_subopt_3_0.5/model_300.pt
Epoch 302/1000, Loss: 0.0023, Obj: 0.9656, Eq Viol (l1): 23.435617, Ineq Viol (l1): 809.719108, Epoch time: 0.09s
Epoch 303/1000, Loss: 0.0024, Obj: 0.9757, Eq Viol (l1): 23.400810, Ineq Viol (l1): 809.891323, Epoch time: 0.09s
Epoch 304/1000, Loss: 0.0024, Obj: 0.9473, Eq Viol (l1): 23.414540, Ineq Viol (l1): 810.178786, Epoch time: 0.09s
Epoch 305/1000, Loss: 0.0026, Obj: 0.9841, Eq Viol (l1): 23.450014, Ineq Viol (l1): 809.815022, Epoch time: 0.09s
Epoch 306/1000, Loss: 0.0024, Obj: 0.9669, Eq Viol (l1): 23.437712, Ineq Viol (l1): 809.566707, Epoch time: 0.09s
Epoch 307/1000, Loss: 0.0025, Obj: 0.9626, Eq Viol (l1): 23.419261, Ineq Viol (l1): 809.980569, Epoch time: 0.09s
Epoch 308/1000, Loss: 0.0026, Obj: 0.9596, Eq Viol (l1): 23.412500, Ineq Viol (l1): 809.851822, Epoch time: 0.09s
Epoch 309/1000, Loss: 0.0026, Obj: 0.9962, Eq Viol (l1): 23.451745, Ineq Viol (l1): 809.639075, Epoch time: 0.09s
Epoch 310/1000, Loss: 0.0026, Obj: 0.9448, Eq Viol (l1): 23.438221, Ineq Viol (l1): 810.116637, Epoch time: 0.09s
Epoch 311/1000, Loss: 0.0025, Obj: 0.9596, Eq Viol (l1): 23.441232, Ineq Viol (l1): 809.862127, Epoch time: 0.09s

Running validation at epoch 310...

VALIDATION_EPOCH_310 EVALUATION RESULTS:
==================================================
Obj:     5.501234e-01
Opt Gap:      1.523771e+00 ± 4.571666e-01
Eq Vio l1:   2.349807e+01 (max: 2.870113e+01)
Ineq Vio l1: 8.164429e+02 (max: 8.498818e+02)
Sol Dis:   1.484533e+02 ± 8.772110e-01
Merit:             8.399960e+03 ± 6.180801e+01
Avg Inf Time:  0.0002s
==================================================
✓ Model saved: results/nonsmooth_nonconvex/socp/SOCPProblem-100-50-50-10000/20260115-143912_MLP_sup_seed0_nepochs1000_lr0.0005_trainsize3000_subopt_3_0.5/model_310.pt
Epoch 312/1000, Loss: 0.0024, Obj: 0.9664, Eq Viol (l1): 23.405066, Ineq Viol (l1): 809.942945, Epoch time: 0.09s
Epoch 313/1000, Loss: 0.0025, Obj: 0.9697, Eq Viol (l1): 23.422504, Ineq Viol (l1): 809.868917, Epoch time: 0.09s
Epoch 314/1000, Loss: 0.0024, Obj: 0.9630, Eq Viol (l1): 23.438342, Ineq Viol (l1): 809.722671, Epoch time: 0.09s
Epoch 315/1000, Loss: 0.0027, Obj: 0.9808, Eq Viol (l1): 23.428222, Ineq Viol (l1): 809.625098, Epoch time: 0.09s
Epoch 316/1000, Loss: 0.0022, Obj: 0.9769, Eq Viol (l1): 23.435292, Ineq Viol (l1): 809.807292, Epoch time: 0.09s
Epoch 317/1000, Loss: 0.0024, Obj: 0.9637, Eq Viol (l1): 23.432529, Ineq Viol (l1): 809.915139, Epoch time: 0.09s
Epoch 318/1000, Loss: 0.0025, Obj: 0.9762, Eq Viol (l1): 23.428637, Ineq Viol (l1): 809.638885, Epoch time: 0.09s
Epoch 319/1000, Loss: 0.0024, Obj: 0.9667, Eq Viol (l1): 23.433280, Ineq Viol (l1): 809.817674, Epoch time: 0.09s
Epoch 320/1000, Loss: 0.0023, Obj: 0.9611, Eq Viol (l1): 23.417525, Ineq Viol (l1): 809.911363, Epoch time: 0.09s
Epoch 321/1000, Loss: 0.0023, Obj: 0.9970, Eq Viol (l1): 23.410161, Ineq Viol (l1): 809.420673, Epoch time: 0.09s

Running validation at epoch 320...

VALIDATION_EPOCH_320 EVALUATION RESULTS:
==================================================
Obj:     6.013450e-01
Opt Gap:      1.609497e+00 ± 4.514986e-01
Eq Vio l1:   2.346588e+01 (max: 2.867910e+01)
Ineq Vio l1: 8.152418e+02 (max: 8.538168e+02)
Sol Dis:   1.486252e+02 ± 9.132404e-01
Merit:             8.387678e+03 ± 6.850179e+01
Avg Inf Time:  0.0002s
==================================================
✓ Model saved: results/nonsmooth_nonconvex/socp/SOCPProblem-100-50-50-10000/20260115-143912_MLP_sup_seed0_nepochs1000_lr0.0005_trainsize3000_subopt_3_0.5/model_320.pt
Epoch 322/1000, Loss: 0.0025, Obj: 0.9726, Eq Viol (l1): 23.405931, Ineq Viol (l1): 809.712331, Epoch time: 0.09s
Epoch 323/1000, Loss: 0.0025, Obj: 0.9864, Eq Viol (l1): 23.454292, Ineq Viol (l1): 809.522626, Epoch time: 0.09s
Epoch 324/1000, Loss: 0.0026, Obj: 0.9544, Eq Viol (l1): 23.457827, Ineq Viol (l1): 809.809509, Epoch time: 0.09s
Epoch 325/1000, Loss: 0.0023, Obj: 0.9945, Eq Viol (l1): 23.450542, Ineq Viol (l1): 809.499427, Epoch time: 0.09s
Epoch 326/1000, Loss: 0.0023, Obj: 0.9552, Eq Viol (l1): 23.411692, Ineq Viol (l1): 809.939479, Epoch time: 0.09s
Epoch 327/1000, Loss: 0.0024, Obj: 0.9919, Eq Viol (l1): 23.421667, Ineq Viol (l1): 809.726058, Epoch time: 0.09s
Epoch 328/1000, Loss: 0.0026, Obj: 0.9639, Eq Viol (l1): 23.429501, Ineq Viol (l1): 809.515496, Epoch time: 0.09s
Epoch 329/1000, Loss: 0.0024, Obj: 0.9780, Eq Viol (l1): 23.443384, Ineq Viol (l1): 809.818184, Epoch time: 0.09s
Epoch 330/1000, Loss: 0.0023, Obj: 0.9580, Eq Viol (l1): 23.447664, Ineq Viol (l1): 809.835398, Epoch time: 0.09s
Epoch 331/1000, Loss: 0.0023, Obj: 0.9691, Eq Viol (l1): 23.420323, Ineq Viol (l1): 809.754002, Epoch time: 0.09s

Running validation at epoch 330...

VALIDATION_EPOCH_330 EVALUATION RESULTS:
==================================================
Obj:     5.752049e-01
Opt Gap:      1.543051e+00 ± 4.745970e-01
Eq Vio l1:   2.348459e+01 (max: 2.883693e+01)
Ineq Vio l1: 8.153179e+02 (max: 8.516088e+02)
Sol Dis:   1.485181e+02 ± 9.333589e-01
Merit:             8.388600e+03 ± 7.087414e+01
Avg Inf Time:  0.0002s
==================================================
✓ Model saved: results/nonsmooth_nonconvex/socp/SOCPProblem-100-50-50-10000/20260115-143912_MLP_sup_seed0_nepochs1000_lr0.0005_trainsize3000_subopt_3_0.5/model_330.pt
Epoch 332/1000, Loss: 0.0024, Obj: 0.9685, Eq Viol (l1): 23.416878, Ineq Viol (l1): 809.893152, Epoch time: 0.09s
Epoch 333/1000, Loss: 0.0025, Obj: 0.9745, Eq Viol (l1): 23.437930, Ineq Viol (l1): 809.725984, Epoch time: 0.09s
Epoch 334/1000, Loss: 0.0023, Obj: 0.9823, Eq Viol (l1): 23.411522, Ineq Viol (l1): 809.519976, Epoch time: 0.09s
Epoch 335/1000, Loss: 0.0021, Obj: 0.9887, Eq Viol (l1): 23.413674, Ineq Viol (l1): 809.463963, Epoch time: 0.09s
Epoch 336/1000, Loss: 0.0020, Obj: 0.9739, Eq Viol (l1): 23.387352, Ineq Viol (l1): 809.807306, Epoch time: 0.09s
Epoch 337/1000, Loss: 0.0021, Obj: 0.9730, Eq Viol (l1): 23.416720, Ineq Viol (l1): 809.735325, Epoch time: 0.09s
Epoch 338/1000, Loss: 0.0021, Obj: 0.9751, Eq Viol (l1): 23.424143, Ineq Viol (l1): 809.592081, Epoch time: 0.09s
Epoch 339/1000, Loss: 0.0023, Obj: 0.9618, Eq Viol (l1): 23.412993, Ineq Viol (l1): 810.038847, Epoch time: 0.09s
Epoch 340/1000, Loss: 0.0022, Obj: 0.9584, Eq Viol (l1): 23.410071, Ineq Viol (l1): 809.791611, Epoch time: 0.19s
Epoch 341/1000, Loss: 0.0021, Obj: 0.9888, Eq Viol (l1): 23.404324, Ineq Viol (l1): 809.497176, Epoch time: 0.09s

Running validation at epoch 340...

VALIDATION_EPOCH_340 EVALUATION RESULTS:
==================================================
Obj:     6.593960e-01
Opt Gap:      1.726775e+00 ± 4.957388e-01
Eq Vio l1:   2.351075e+01 (max: 2.877754e+01)
Ineq Vio l1: 8.131168e+02 (max: 8.507052e+02)
Sol Dis:   1.485575e+02 ± 9.483423e-01
Merit:             8.366935e+03 ± 7.056226e+01
Avg Inf Time:  0.0002s
==================================================
✓ Model saved: results/nonsmooth_nonconvex/socp/SOCPProblem-100-50-50-10000/20260115-143912_MLP_sup_seed0_nepochs1000_lr0.0005_trainsize3000_subopt_3_0.5/model_340.pt
Epoch 342/1000, Loss: 0.0022, Obj: 0.9591, Eq Viol (l1): 23.430707, Ineq Viol (l1): 810.016138, Epoch time: 0.09s
Epoch 343/1000, Loss: 0.0021, Obj: 0.9806, Eq Viol (l1): 23.409801, Ineq Viol (l1): 809.616611, Epoch time: 0.09s
Epoch 344/1000, Loss: 0.0023, Obj: 0.9689, Eq Viol (l1): 23.407462, Ineq Viol (l1): 809.869049, Epoch time: 0.09s
Epoch 345/1000, Loss: 0.0021, Obj: 0.9879, Eq Viol (l1): 23.421674, Ineq Viol (l1): 809.612768, Epoch time: 0.09s
Epoch 346/1000, Loss: 0.0022, Obj: 0.9698, Eq Viol (l1): 23.413308, Ineq Viol (l1): 809.460566, Epoch time: 0.09s
Epoch 347/1000, Loss: 0.0021, Obj: 0.9749, Eq Viol (l1): 23.416541, Ineq Viol (l1): 809.870207, Epoch time: 0.09s
Epoch 348/1000, Loss: 0.0023, Obj: 0.9639, Eq Viol (l1): 23.447665, Ineq Viol (l1): 809.746814, Epoch time: 0.09s
Epoch 349/1000, Loss: 0.0023, Obj: 0.9785, Eq Viol (l1): 23.442591, Ineq Viol (l1): 809.821377, Epoch time: 0.09s
Epoch 350/1000, Loss: 0.0021, Obj: 0.9702, Eq Viol (l1): 23.436048, Ineq Viol (l1): 809.669196, Epoch time: 0.09s
Epoch 351/1000, Loss: 0.0021, Obj: 0.9540, Eq Viol (l1): 23.415866, Ineq Viol (l1): 810.181067, Epoch time: 0.09s

Running validation at epoch 350...

VALIDATION_EPOCH_350 EVALUATION RESULTS:
==================================================
Obj:     6.082690e-01
Opt Gap:      1.631559e+00 ± 4.789484e-01
Eq Vio l1:   2.349890e+01 (max: 2.873691e+01)
Ineq Vio l1: 8.145202e+02 (max: 8.527170e+02)
Sol Dis:   1.484343e+02 ± 9.221480e-01
Merit:             8.380799e+03 ± 6.732485e+01
Avg Inf Time:  0.0002s
==================================================
✓ Model saved: results/nonsmooth_nonconvex/socp/SOCPProblem-100-50-50-10000/20260115-143912_MLP_sup_seed0_nepochs1000_lr0.0005_trainsize3000_subopt_3_0.5/model_350.pt
Epoch 352/1000, Loss: 0.0020, Obj: 1.0117, Eq Viol (l1): 23.410371, Ineq Viol (l1): 809.088679, Epoch time: 0.09s
Epoch 353/1000, Loss: 0.0021, Obj: 0.9755, Eq Viol (l1): 23.416170, Ineq Viol (l1): 809.683880, Epoch time: 0.09s
Epoch 354/1000, Loss: 0.0022, Obj: 0.9531, Eq Viol (l1): 23.412891, Ineq Viol (l1): 809.902484, Epoch time: 0.09s
Epoch 355/1000, Loss: 0.0022, Obj: 0.9589, Eq Viol (l1): 23.439473, Ineq Viol (l1): 809.883709, Epoch time: 0.09s
Epoch 356/1000, Loss: 0.0021, Obj: 0.9724, Eq Viol (l1): 23.452461, Ineq Viol (l1): 809.965238, Epoch time: 0.09s
Epoch 357/1000, Loss: 0.0020, Obj: 0.9618, Eq Viol (l1): 23.421906, Ineq Viol (l1): 809.867896, Epoch time: 0.09s
Epoch 358/1000, Loss: 0.0021, Obj: 0.9640, Eq Viol (l1): 23.403541, Ineq Viol (l1): 809.967968, Epoch time: 0.09s
Epoch 359/1000, Loss: 0.0022, Obj: 0.9725, Eq Viol (l1): 23.384025, Ineq Viol (l1): 809.433064, Epoch time: 0.09s
Epoch 360/1000, Loss: 0.0021, Obj: 0.9703, Eq Viol (l1): 23.419310, Ineq Viol (l1): 809.927745, Epoch time: 0.09s
Epoch 361/1000, Loss: 0.0020, Obj: 0.9596, Eq Viol (l1): 23.430621, Ineq Viol (l1): 809.900043, Epoch time: 0.09s

Running validation at epoch 360...

VALIDATION_EPOCH_360 EVALUATION RESULTS:
==================================================
Obj:     6.891180e-01
Opt Gap:      1.737295e+00 ± 4.867851e-01
Eq Vio l1:   2.350342e+01 (max: 2.878796e+01)
Ineq Vio l1: 8.123895e+02 (max: 8.496944e+02)
Sol Dis:   1.484769e+02 ± 9.720440e-01
Merit:             8.359618e+03 ± 6.804694e+01
Avg Inf Time:  0.0002s
==================================================
✓ Model saved: results/nonsmooth_nonconvex/socp/SOCPProblem-100-50-50-10000/20260115-143912_MLP_sup_seed0_nepochs1000_lr0.0005_trainsize3000_subopt_3_0.5/model_360.pt
Epoch 362/1000, Loss: 0.0020, Obj: 0.9861, Eq Viol (l1): 23.434379, Ineq Viol (l1): 809.629048, Epoch time: 0.09s
Epoch 363/1000, Loss: 0.0019, Obj: 0.9908, Eq Viol (l1): 23.389897, Ineq Viol (l1): 809.491595, Epoch time: 0.09s
Epoch 364/1000, Loss: 0.0021, Obj: 0.9649, Eq Viol (l1): 23.400601, Ineq Viol (l1): 809.721084, Epoch time: 0.09s
Epoch 365/1000, Loss: 0.0018, Obj: 0.9892, Eq Viol (l1): 23.387297, Ineq Viol (l1): 809.550440, Epoch time: 0.09s
Epoch 366/1000, Loss: 0.0021, Obj: 0.9690, Eq Viol (l1): 23.421160, Ineq Viol (l1): 809.677370, Epoch time: 0.09s
Epoch 367/1000, Loss: 0.0020, Obj: 0.9812, Eq Viol (l1): 23.402940, Ineq Viol (l1): 809.576777, Epoch time: 0.09s
Epoch 368/1000, Loss: 0.0021, Obj: 0.9838, Eq Viol (l1): 23.386108, Ineq Viol (l1): 809.657012, Epoch time: 0.09s
Epoch 369/1000, Loss: 0.0020, Obj: 0.9660, Eq Viol (l1): 23.411586, Ineq Viol (l1): 809.822391, Epoch time: 0.09s
Epoch 370/1000, Loss: 0.0022, Obj: 0.9803, Eq Viol (l1): 23.433541, Ineq Viol (l1): 809.570176, Epoch time: 0.09s
Epoch 371/1000, Loss: 0.0021, Obj: 0.9631, Eq Viol (l1): 23.406533, Ineq Viol (l1): 809.927609, Epoch time: 0.09s

Running validation at epoch 370...

VALIDATION_EPOCH_370 EVALUATION RESULTS:
==================================================
Obj:     6.413634e-01
Opt Gap:      1.621596e+00 ± 4.759203e-01
Eq Vio l1:   2.350494e+01 (max: 2.877156e+01)
Ineq Vio l1: 8.141579e+02 (max: 8.512968e+02)
Sol Dis:   1.485119e+02 ± 9.260771e-01
Merit:             8.377269e+03 ± 6.933168e+01
Avg Inf Time:  0.0002s
==================================================
✓ Model saved: results/nonsmooth_nonconvex/socp/SOCPProblem-100-50-50-10000/20260115-143912_MLP_sup_seed0_nepochs1000_lr0.0005_trainsize3000_subopt_3_0.5/model_370.pt
Epoch 372/1000, Loss: 0.0020, Obj: 0.9687, Eq Viol (l1): 23.436403, Ineq Viol (l1): 809.796572, Epoch time: 0.09s
Epoch 373/1000, Loss: 0.0020, Obj: 0.9685, Eq Viol (l1): 23.435222, Ineq Viol (l1): 809.829884, Epoch time: 0.09s
Epoch 374/1000, Loss: 0.0020, Obj: 0.9591, Eq Viol (l1): 23.460273, Ineq Viol (l1): 810.033487, Epoch time: 0.09s
Epoch 375/1000, Loss: 0.0019, Obj: 0.9749, Eq Viol (l1): 23.436068, Ineq Viol (l1): 809.538187, Epoch time: 0.09s
Epoch 376/1000, Loss: 0.0021, Obj: 0.9710, Eq Viol (l1): 23.418723, Ineq Viol (l1): 809.673232, Epoch time: 0.09s
Epoch 377/1000, Loss: 0.0020, Obj: 0.9860, Eq Viol (l1): 23.404657, Ineq Viol (l1): 809.657905, Epoch time: 0.09s
Epoch 378/1000, Loss: 0.0018, Obj: 0.9560, Eq Viol (l1): 23.423561, Ineq Viol (l1): 810.059481, Epoch time: 0.09s
Epoch 379/1000, Loss: 0.0019, Obj: 0.9756, Eq Viol (l1): 23.413678, Ineq Viol (l1): 809.660943, Epoch time: 0.09s
Epoch 380/1000, Loss: 0.0019, Obj: 0.9705, Eq Viol (l1): 23.404545, Ineq Viol (l1): 809.740925, Epoch time: 0.09s
Epoch 381/1000, Loss: 0.0019, Obj: 0.9878, Eq Viol (l1): 23.386632, Ineq Viol (l1): 809.526474, Epoch time: 0.09s

Running validation at epoch 380...

VALIDATION_EPOCH_380 EVALUATION RESULTS:
==================================================
Obj:     6.233115e-01
Opt Gap:      1.596930e+00 ± 4.488873e-01
Eq Vio l1:   2.351586e+01 (max: 2.882605e+01)
Ineq Vio l1: 8.143941e+02 (max: 8.508443e+02)
Sol Dis:   1.485135e+02 ± 9.296043e-01
Merit:             8.379723e+03 ± 6.860595e+01
Avg Inf Time:  0.0002s
==================================================
✓ Model saved: results/nonsmooth_nonconvex/socp/SOCPProblem-100-50-50-10000/20260115-143912_MLP_sup_seed0_nepochs1000_lr0.0005_trainsize3000_subopt_3_0.5/model_380.pt
Epoch 382/1000, Loss: 0.0019, Obj: 0.9574, Eq Viol (l1): 23.423425, Ineq Viol (l1): 810.026071, Epoch time: 0.09s
Epoch 383/1000, Loss: 0.0020, Obj: 0.9634, Eq Viol (l1): 23.417163, Ineq Viol (l1): 809.584606, Epoch time: 0.09s
Epoch 384/1000, Loss: 0.0021, Obj: 0.9756, Eq Viol (l1): 23.413004, Ineq Viol (l1): 809.829186, Epoch time: 0.09s
Epoch 385/1000, Loss: 0.0020, Obj: 0.9615, Eq Viol (l1): 23.411554, Ineq Viol (l1): 809.694958, Epoch time: 0.09s
Epoch 386/1000, Loss: 0.0018, Obj: 0.9770, Eq Viol (l1): 23.426429, Ineq Viol (l1): 809.925185, Epoch time: 0.09s
Epoch 387/1000, Loss: 0.0020, Obj: 0.9770, Eq Viol (l1): 23.419842, Ineq Viol (l1): 809.554053, Epoch time: 0.09s
Epoch 388/1000, Loss: 0.0019, Obj: 0.9896, Eq Viol (l1): 23.416312, Ineq Viol (l1): 809.688919, Epoch time: 0.09s
Epoch 389/1000, Loss: 0.0020, Obj: 0.9660, Eq Viol (l1): 23.432731, Ineq Viol (l1): 809.481530, Epoch time: 0.09s
Epoch 390/1000, Loss: 0.0023, Obj: 0.9706, Eq Viol (l1): 23.440317, Ineq Viol (l1): 809.786563, Epoch time: 0.09s
Epoch 391/1000, Loss: 0.0020, Obj: 0.9498, Eq Viol (l1): 23.437511, Ineq Viol (l1): 809.940668, Epoch time: 0.09s

Running validation at epoch 390...

VALIDATION_EPOCH_390 EVALUATION RESULTS:
==================================================
Obj:     6.740735e-01
Opt Gap:      1.668288e+00 ± 4.815728e-01
Eq Vio l1:   2.352461e+01 (max: 2.887624e+01)
Ineq Vio l1: 8.141928e+02 (max: 8.527130e+02)
Sol Dis:   1.487383e+02 ± 9.421630e-01
Merit:             8.377848e+03 ± 6.691928e+01
Avg Inf Time:  0.0002s
==================================================
✓ Model saved: results/nonsmooth_nonconvex/socp/SOCPProblem-100-50-50-10000/20260115-143912_MLP_sup_seed0_nepochs1000_lr0.0005_trainsize3000_subopt_3_0.5/model_390.pt
Epoch 392/1000, Loss: 0.0020, Obj: 0.9953, Eq Viol (l1): 23.445618, Ineq Viol (l1): 809.643913, Epoch time: 0.09s
Epoch 393/1000, Loss: 0.0020, Obj: 0.9671, Eq Viol (l1): 23.436074, Ineq Viol (l1): 809.490810, Epoch time: 0.09s
Epoch 394/1000, Loss: 0.0019, Obj: 0.9645, Eq Viol (l1): 23.441214, Ineq Viol (l1): 809.994963, Epoch time: 0.09s
Epoch 395/1000, Loss: 0.0019, Obj: 0.9798, Eq Viol (l1): 23.436367, Ineq Viol (l1): 809.636790, Epoch time: 0.09s
Epoch 396/1000, Loss: 0.0018, Obj: 0.9757, Eq Viol (l1): 23.416484, Ineq Viol (l1): 809.653835, Epoch time: 0.09s
Epoch 397/1000, Loss: 0.0018, Obj: 0.9817, Eq Viol (l1): 23.424365, Ineq Viol (l1): 809.747410, Epoch time: 0.09s
Epoch 398/1000, Loss: 0.0019, Obj: 0.9624, Eq Viol (l1): 23.415559, Ineq Viol (l1): 809.700194, Epoch time: 0.09s
Epoch 399/1000, Loss: 0.0021, Obj: 0.9595, Eq Viol (l1): 23.430595, Ineq Viol (l1): 810.274295, Epoch time: 0.09s
Epoch 400/1000, Loss: 0.0019, Obj: 0.9567, Eq Viol (l1): 23.453998, Ineq Viol (l1): 809.865225, Epoch time: 0.09s
Epoch 401/1000, Loss: 0.0018, Obj: 0.9853, Eq Viol (l1): 23.404243, Ineq Viol (l1): 809.464881, Epoch time: 0.09s

Running validation at epoch 400...

VALIDATION_EPOCH_400 EVALUATION RESULTS:
==================================================
Obj:     5.588876e-01
Opt Gap:      1.549507e+00 ± 4.414463e-01
Eq Vio l1:   2.352257e+01 (max: 2.886369e+01)
Ineq Vio l1: 8.149249e+02 (max: 8.503290e+02)
Sol Dis:   1.482788e+02 ± 8.627326e-01
Merit:             8.385034e+03 ± 6.008569e+01
Avg Inf Time:  0.0002s
==================================================
✓ Model saved: results/nonsmooth_nonconvex/socp/SOCPProblem-100-50-50-10000/20260115-143912_MLP_sup_seed0_nepochs1000_lr0.0005_trainsize3000_subopt_3_0.5/model_400.pt
Epoch 402/1000, Loss: 0.0017, Obj: 0.9514, Eq Viol (l1): 23.390325, Ineq Viol (l1): 810.076928, Epoch time: 0.09s
Epoch 403/1000, Loss: 0.0019, Obj: 0.9769, Eq Viol (l1): 23.416380, Ineq Viol (l1): 809.517376, Epoch time: 0.09s
Epoch 404/1000, Loss: 0.0018, Obj: 0.9941, Eq Viol (l1): 23.416795, Ineq Viol (l1): 809.127875, Epoch time: 0.09s
Epoch 405/1000, Loss: 0.0017, Obj: 0.9707, Eq Viol (l1): 23.415286, Ineq Viol (l1): 810.005814, Epoch time: 0.09s
Epoch 406/1000, Loss: 0.0017, Obj: 0.9751, Eq Viol (l1): 23.432860, Ineq Viol (l1): 809.529503, Epoch time: 0.09s
Epoch 407/1000, Loss: 0.0017, Obj: 0.9841, Eq Viol (l1): 23.422431, Ineq Viol (l1): 809.630256, Epoch time: 0.09s
Epoch 408/1000, Loss: 0.0018, Obj: 0.9879, Eq Viol (l1): 23.404904, Ineq Viol (l1): 809.316714, Epoch time: 0.09s
Epoch 409/1000, Loss: 0.0018, Obj: 0.9809, Eq Viol (l1): 23.390253, Ineq Viol (l1): 809.620497, Epoch time: 0.09s
Epoch 410/1000, Loss: 0.0018, Obj: 0.9963, Eq Viol (l1): 23.407106, Ineq Viol (l1): 809.437141, Epoch time: 0.09s
Epoch 411/1000, Loss: 0.0018, Obj: 0.9714, Eq Viol (l1): 23.441056, Ineq Viol (l1): 809.623440, Epoch time: 0.09s

Running validation at epoch 410...

VALIDATION_EPOCH_410 EVALUATION RESULTS:
==================================================
Obj:     5.458742e-01
Opt Gap:      1.500210e+00 ± 4.678597e-01
Eq Vio l1:   2.356020e+01 (max: 2.881863e+01)
Ineq Vio l1: 8.172055e+02 (max: 8.500271e+02)
Sol Dis:   1.484000e+02 ± 7.924286e-01
Merit:             8.408203e+03 ± 5.788515e+01
Avg Inf Time:  0.0002s
==================================================
✓ Model saved: results/nonsmooth_nonconvex/socp/SOCPProblem-100-50-50-10000/20260115-143912_MLP_sup_seed0_nepochs1000_lr0.0005_trainsize3000_subopt_3_0.5/model_410.pt
Epoch 412/1000, Loss: 0.0018, Obj: 0.9751, Eq Viol (l1): 23.422775, Ineq Viol (l1): 809.725813, Epoch time: 0.09s
Epoch 413/1000, Loss: 0.0017, Obj: 0.9761, Eq Viol (l1): 23.423311, Ineq Viol (l1): 809.606093, Epoch time: 0.09s
Epoch 414/1000, Loss: 0.0018, Obj: 0.9770, Eq Viol (l1): 23.410194, Ineq Viol (l1): 809.679648, Epoch time: 0.09s
Epoch 415/1000, Loss: 0.0017, Obj: 0.9855, Eq Viol (l1): 23.406404, Ineq Viol (l1): 809.573286, Epoch time: 0.09s
Epoch 416/1000, Loss: 0.0016, Obj: 0.9700, Eq Viol (l1): 23.436127, Ineq Viol (l1): 809.868332, Epoch time: 0.09s
Epoch 417/1000, Loss: 0.0018, Obj: 0.9810, Eq Viol (l1): 23.466883, Ineq Viol (l1): 809.363414, Epoch time: 0.09s
Epoch 418/1000, Loss: 0.0018, Obj: 0.9679, Eq Viol (l1): 23.417183, Ineq Viol (l1): 809.727207, Epoch time: 0.09s
Epoch 419/1000, Loss: 0.0020, Obj: 0.9689, Eq Viol (l1): 23.422239, Ineq Viol (l1): 809.787153, Epoch time: 0.09s
Epoch 420/1000, Loss: 0.0018, Obj: 0.9610, Eq Viol (l1): 23.430267, Ineq Viol (l1): 809.983362, Epoch time: 0.09s
Epoch 421/1000, Loss: 0.0017, Obj: 0.9705, Eq Viol (l1): 23.430905, Ineq Viol (l1): 809.863339, Epoch time: 0.09s

Running validation at epoch 420...

VALIDATION_EPOCH_420 EVALUATION RESULTS:
==================================================
Obj:     5.691763e-01
Opt Gap:      1.542381e+00 ± 4.375271e-01
Eq Vio l1:   2.354393e+01 (max: 2.881942e+01)
Ineq Vio l1: 8.168296e+02 (max: 8.524093e+02)
Sol Dis:   1.485337e+02 ± 8.620035e-01
Merit:             8.404305e+03 ± 5.983978e+01
Avg Inf Time:  0.0002s
==================================================
✓ Model saved: results/nonsmooth_nonconvex/socp/SOCPProblem-100-50-50-10000/20260115-143912_MLP_sup_seed0_nepochs1000_lr0.0005_trainsize3000_subopt_3_0.5/model_420.pt
Epoch 422/1000, Loss: 0.0016, Obj: 0.9701, Eq Viol (l1): 23.394148, Ineq Viol (l1): 809.603824, Epoch time: 0.09s
Epoch 423/1000, Loss: 0.0016, Obj: 0.9827, Eq Viol (l1): 23.398946, Ineq Viol (l1): 809.778358, Epoch time: 0.09s
Epoch 424/1000, Loss: 0.0018, Obj: 0.9739, Eq Viol (l1): 23.441073, Ineq Viol (l1): 809.502397, Epoch time: 0.09s
Epoch 425/1000, Loss: 0.0017, Obj: 0.9743, Eq Viol (l1): 23.411615, Ineq Viol (l1): 809.680981, Epoch time: 0.09s
Epoch 426/1000, Loss: 0.0018, Obj: 0.9831, Eq Viol (l1): 23.421012, Ineq Viol (l1): 809.622335, Epoch time: 0.09s
Epoch 427/1000, Loss: 0.0018, Obj: 0.9624, Eq Viol (l1): 23.447675, Ineq Viol (l1): 809.889421, Epoch time: 0.09s
Epoch 428/1000, Loss: 0.0017, Obj: 0.9618, Eq Viol (l1): 23.404214, Ineq Viol (l1): 809.845483, Epoch time: 0.09s
Epoch 429/1000, Loss: 0.0016, Obj: 0.9859, Eq Viol (l1): 23.400434, Ineq Viol (l1): 809.549884, Epoch time: 0.09s
Epoch 430/1000, Loss: 0.0016, Obj: 0.9774, Eq Viol (l1): 23.405505, Ineq Viol (l1): 809.497723, Epoch time: 0.09s
Epoch 431/1000, Loss: 0.0016, Obj: 0.9658, Eq Viol (l1): 23.399127, Ineq Viol (l1): 809.859479, Epoch time: 0.09s

Running validation at epoch 430...

VALIDATION_EPOCH_430 EVALUATION RESULTS:
==================================================
Obj:     6.423200e-01
Opt Gap:      1.651882e+00 ± 4.736111e-01
Eq Vio l1:   2.354815e+01 (max: 2.882325e+01)
Ineq Vio l1: 8.139774e+02 (max: 8.494454e+02)
Sol Dis:   1.485175e+02 ± 9.547677e-01
Merit:             8.375898e+03 ± 6.365907e+01
Avg Inf Time:  0.0002s
==================================================
✓ Model saved: results/nonsmooth_nonconvex/socp/SOCPProblem-100-50-50-10000/20260115-143912_MLP_sup_seed0_nepochs1000_lr0.0005_trainsize3000_subopt_3_0.5/model_430.pt
Epoch 432/1000, Loss: 0.0017, Obj: 0.9675, Eq Viol (l1): 23.418426, Ineq Viol (l1): 809.958421, Epoch time: 0.09s
Epoch 433/1000, Loss: 0.0016, Obj: 0.9622, Eq Viol (l1): 23.405247, Ineq Viol (l1): 809.791524, Epoch time: 0.09s
Epoch 434/1000, Loss: 0.0015, Obj: 0.9612, Eq Viol (l1): 23.401737, Ineq Viol (l1): 809.939634, Epoch time: 0.09s
Epoch 435/1000, Loss: 0.0016, Obj: 0.9993, Eq Viol (l1): 23.416491, Ineq Viol (l1): 809.294695, Epoch time: 0.09s
Epoch 436/1000, Loss: 0.0016, Obj: 0.9641, Eq Viol (l1): 23.394221, Ineq Viol (l1): 809.812535, Epoch time: 0.09s
Epoch 437/1000, Loss: 0.0016, Obj: 0.9729, Eq Viol (l1): 23.401030, Ineq Viol (l1): 809.742341, Epoch time: 0.09s
Epoch 438/1000, Loss: 0.0014, Obj: 0.9760, Eq Viol (l1): 23.401222, Ineq Viol (l1): 809.696087, Epoch time: 0.09s
Epoch 439/1000, Loss: 0.0016, Obj: 0.9907, Eq Viol (l1): 23.425103, Ineq Viol (l1): 809.554537, Epoch time: 0.09s
Epoch 440/1000, Loss: 0.0017, Obj: 0.9682, Eq Viol (l1): 23.393962, Ineq Viol (l1): 809.621915, Epoch time: 0.09s
Epoch 441/1000, Loss: 0.0018, Obj: 0.9712, Eq Viol (l1): 23.413877, Ineq Viol (l1): 809.798731, Epoch time: 0.09s

Running validation at epoch 440...

VALIDATION_EPOCH_440 EVALUATION RESULTS:
==================================================
Obj:     5.509093e-01
Opt Gap:      1.501307e+00 ± 4.267094e-01
Eq Vio l1:   2.356951e+01 (max: 2.892788e+01)
Ineq Vio l1: 8.166264e+02 (max: 8.523250e+02)
Sol Dis:   1.485246e+02 ± 8.569631e-01
Merit:             8.402510e+03 ± 6.206199e+01
Avg Inf Time:  0.0002s
==================================================
✓ Model saved: results/nonsmooth_nonconvex/socp/SOCPProblem-100-50-50-10000/20260115-143912_MLP_sup_seed0_nepochs1000_lr0.0005_trainsize3000_subopt_3_0.5/model_440.pt
Epoch 442/1000, Loss: 0.0017, Obj: 0.9633, Eq Viol (l1): 23.427723, Ineq Viol (l1): 809.833482, Epoch time: 0.09s
Epoch 443/1000, Loss: 0.0016, Obj: 0.9811, Eq Viol (l1): 23.413414, Ineq Viol (l1): 809.591806, Epoch time: 0.09s
Epoch 444/1000, Loss: 0.0016, Obj: 0.9839, Eq Viol (l1): 23.403269, Ineq Viol (l1): 809.720505, Epoch time: 0.09s
Epoch 445/1000, Loss: 0.0017, Obj: 0.9762, Eq Viol (l1): 23.415566, Ineq Viol (l1): 809.533510, Epoch time: 0.09s
Epoch 446/1000, Loss: 0.0017, Obj: 0.9907, Eq Viol (l1): 23.399309, Ineq Viol (l1): 809.461435, Epoch time: 0.09s
Epoch 447/1000, Loss: 0.0017, Obj: 0.9826, Eq Viol (l1): 23.408395, Ineq Viol (l1): 809.590086, Epoch time: 0.09s
Epoch 448/1000, Loss: 0.0015, Obj: 0.9658, Eq Viol (l1): 23.396385, Ineq Viol (l1): 809.927586, Epoch time: 0.09s
Epoch 449/1000, Loss: 0.0016, Obj: 0.9771, Eq Viol (l1): 23.416109, Ineq Viol (l1): 809.730328, Epoch time: 0.09s
Epoch 450/1000, Loss: 0.0017, Obj: 0.9690, Eq Viol (l1): 23.410599, Ineq Viol (l1): 809.822059, Epoch time: 0.09s
Epoch 451/1000, Loss: 0.0015, Obj: 0.9681, Eq Viol (l1): 23.419880, Ineq Viol (l1): 809.764983, Epoch time: 0.09s

Running validation at epoch 450...

VALIDATION_EPOCH_450 EVALUATION RESULTS:
==================================================
Obj:     5.913454e-01
Opt Gap:      1.568735e+00 ± 4.210486e-01
Eq Vio l1:   2.355793e+01 (max: 2.897613e+01)
Ineq Vio l1: 8.156580e+02 (max: 8.509262e+02)
Sol Dis:   1.484943e+02 ± 8.722617e-01
Merit:             8.392751e+03 ± 6.562802e+01
Avg Inf Time:  0.0002s
==================================================
✓ Model saved: results/nonsmooth_nonconvex/socp/SOCPProblem-100-50-50-10000/20260115-143912_MLP_sup_seed0_nepochs1000_lr0.0005_trainsize3000_subopt_3_0.5/model_450.pt
Epoch 452/1000, Loss: 0.0015, Obj: 0.9701, Eq Viol (l1): 23.395038, Ineq Viol (l1): 809.730697, Epoch time: 0.17s
Epoch 453/1000, Loss: 0.0015, Obj: 0.9756, Eq Viol (l1): 23.416592, Ineq Viol (l1): 809.743046, Epoch time: 0.09s
Epoch 454/1000, Loss: 0.0018, Obj: 0.9745, Eq Viol (l1): 23.406150, Ineq Viol (l1): 809.638466, Epoch time: 0.09s
Epoch 455/1000, Loss: 0.0016, Obj: 0.9673, Eq Viol (l1): 23.409791, Ineq Viol (l1): 809.851380, Epoch time: 0.09s
Epoch 456/1000, Loss: 0.0016, Obj: 0.9783, Eq Viol (l1): 23.405540, Ineq Viol (l1): 809.469206, Epoch time: 0.09s
Epoch 457/1000, Loss: 0.0017, Obj: 0.9660, Eq Viol (l1): 23.417138, Ineq Viol (l1): 810.000693, Epoch time: 0.09s
Epoch 458/1000, Loss: 0.0018, Obj: 0.9642, Eq Viol (l1): 23.400141, Ineq Viol (l1): 809.830202, Epoch time: 0.09s
Epoch 459/1000, Loss: 0.0017, Obj: 0.9806, Eq Viol (l1): 23.426269, Ineq Viol (l1): 809.702637, Epoch time: 0.09s
Epoch 460/1000, Loss: 0.0017, Obj: 0.9568, Eq Viol (l1): 23.462336, Ineq Viol (l1): 809.933852, Epoch time: 0.09s
Epoch 461/1000, Loss: 0.0016, Obj: 0.9643, Eq Viol (l1): 23.447631, Ineq Viol (l1): 810.038791, Epoch time: 0.09s

Running validation at epoch 460...

VALIDATION_EPOCH_460 EVALUATION RESULTS:
==================================================
Obj:     5.333391e-01
Opt Gap:      1.474130e+00 ± 3.970827e-01
Eq Vio l1:   2.359113e+01 (max: 2.895256e+01)
Ineq Vio l1: 8.167393e+02 (max: 8.483674e+02)
Sol Dis:   1.482163e+02 ± 7.773137e-01
Merit:             8.403838e+03 ± 5.053546e+01
Avg Inf Time:  0.0002s
==================================================
✓ Model saved: results/nonsmooth_nonconvex/socp/SOCPProblem-100-50-50-10000/20260115-143912_MLP_sup_seed0_nepochs1000_lr0.0005_trainsize3000_subopt_3_0.5/model_460.pt
Epoch 462/1000, Loss: 0.0016, Obj: 0.9652, Eq Viol (l1): 23.418991, Ineq Viol (l1): 809.948667, Epoch time: 0.09s
Epoch 463/1000, Loss: 0.0016, Obj: 0.9650, Eq Viol (l1): 23.405960, Ineq Viol (l1): 809.804558, Epoch time: 0.09s
Epoch 464/1000, Loss: 0.0016, Obj: 0.9790, Eq Viol (l1): 23.429774, Ineq Viol (l1): 809.713158, Epoch time: 0.09s
Epoch 465/1000, Loss: 0.0017, Obj: 0.9782, Eq Viol (l1): 23.431911, Ineq Viol (l1): 809.585823, Epoch time: 0.09s
Epoch 466/1000, Loss: 0.0018, Obj: 0.9768, Eq Viol (l1): 23.441120, Ineq Viol (l1): 809.655653, Epoch time: 0.09s
Epoch 467/1000, Loss: 0.0017, Obj: 0.9757, Eq Viol (l1): 23.409602, Ineq Viol (l1): 809.622200, Epoch time: 0.09s
Epoch 468/1000, Loss: 0.0016, Obj: 0.9888, Eq Viol (l1): 23.433171, Ineq Viol (l1): 809.254827, Epoch time: 0.09s
Epoch 469/1000, Loss: 0.0016, Obj: 0.9733, Eq Viol (l1): 23.393238, Ineq Viol (l1): 809.771393, Epoch time: 0.09s
Epoch 470/1000, Loss: 0.0016, Obj: 0.9696, Eq Viol (l1): 23.414396, Ineq Viol (l1): 809.849838, Epoch time: 0.09s
Epoch 471/1000, Loss: 0.0016, Obj: 0.9846, Eq Viol (l1): 23.396090, Ineq Viol (l1): 809.348876, Epoch time: 0.09s

Running validation at epoch 470...

VALIDATION_EPOCH_470 EVALUATION RESULTS:
==================================================
Obj:     5.231732e-01
Opt Gap:      1.389927e+00 ± 3.949469e-01
Eq Vio l1:   2.354100e+01 (max: 2.886807e+01)
Ineq Vio l1: 8.183029e+02 (max: 8.505940e+02)
Sol Dis:   1.486072e+02 ± 9.383700e-01
Merit:             8.418962e+03 ± 6.124766e+01
Avg Inf Time:  0.0002s
==================================================
✓ Model saved: results/nonsmooth_nonconvex/socp/SOCPProblem-100-50-50-10000/20260115-143912_MLP_sup_seed0_nepochs1000_lr0.0005_trainsize3000_subopt_3_0.5/model_470.pt
Epoch 472/1000, Loss: 0.0016, Obj: 0.9629, Eq Viol (l1): 23.395552, Ineq Viol (l1): 809.921879, Epoch time: 0.09s
Epoch 473/1000, Loss: 0.0016, Obj: 0.9632, Eq Viol (l1): 23.435088, Ineq Viol (l1): 809.970884, Epoch time: 0.09s
Epoch 474/1000, Loss: 0.0016, Obj: 0.9814, Eq Viol (l1): 23.426017, Ineq Viol (l1): 809.615487, Epoch time: 0.09s
Epoch 475/1000, Loss: 0.0017, Obj: 0.9581, Eq Viol (l1): 23.405082, Ineq Viol (l1): 809.863910, Epoch time: 0.09s
Epoch 476/1000, Loss: 0.0017, Obj: 0.9935, Eq Viol (l1): 23.433844, Ineq Viol (l1): 809.416649, Epoch time: 0.09s
Epoch 477/1000, Loss: 0.0017, Obj: 0.9706, Eq Viol (l1): 23.416069, Ineq Viol (l1): 809.695679, Epoch time: 0.09s
Epoch 478/1000, Loss: 0.0015, Obj: 0.9873, Eq Viol (l1): 23.416567, Ineq Viol (l1): 809.426897, Epoch time: 0.09s
Epoch 479/1000, Loss: 0.0015, Obj: 0.9646, Eq Viol (l1): 23.434905, Ineq Viol (l1): 809.724273, Epoch time: 0.09s
Epoch 480/1000, Loss: 0.0016, Obj: 0.9964, Eq Viol (l1): 23.430083, Ineq Viol (l1): 809.346665, Epoch time: 0.09s
Epoch 481/1000, Loss: 0.0014, Obj: 0.9876, Eq Viol (l1): 23.408625, Ineq Viol (l1): 809.592577, Epoch time: 0.09s

Running validation at epoch 480...

VALIDATION_EPOCH_480 EVALUATION RESULTS:
==================================================
Obj:     5.471736e-01
Opt Gap:      1.579170e+00 ± 4.526155e-01
Eq Vio l1:   2.357152e+01 (max: 2.883143e+01)
Ineq Vio l1: 8.172015e+02 (max: 8.500295e+02)
Sol Dis:   1.483674e+02 ± 8.016047e-01
Merit:             8.408277e+03 ± 5.562263e+01
Avg Inf Time:  0.0002s
==================================================
✓ Model saved: results/nonsmooth_nonconvex/socp/SOCPProblem-100-50-50-10000/20260115-143912_MLP_sup_seed0_nepochs1000_lr0.0005_trainsize3000_subopt_3_0.5/model_480.pt
Epoch 482/1000, Loss: 0.0014, Obj: 0.9753, Eq Viol (l1): 23.399909, Ineq Viol (l1): 809.654902, Epoch time: 0.09s
Epoch 483/1000, Loss: 0.0016, Obj: 0.9797, Eq Viol (l1): 23.401476, Ineq Viol (l1): 809.561043, Epoch time: 0.09s
Epoch 484/1000, Loss: 0.0017, Obj: 0.9875, Eq Viol (l1): 23.413106, Ineq Viol (l1): 809.400911, Epoch time: 0.09s
Epoch 485/1000, Loss: 0.0017, Obj: 0.9836, Eq Viol (l1): 23.435682, Ineq Viol (l1): 809.583051, Epoch time: 0.09s
Epoch 486/1000, Loss: 0.0016, Obj: 0.9678, Eq Viol (l1): 23.436264, Ineq Viol (l1): 809.784838, Epoch time: 0.09s
Epoch 487/1000, Loss: 0.0013, Obj: 0.9710, Eq Viol (l1): 23.411283, Ineq Viol (l1): 809.803886, Epoch time: 0.09s
Epoch 488/1000, Loss: 0.0014, Obj: 0.9791, Eq Viol (l1): 23.406826, Ineq Viol (l1): 809.616054, Epoch time: 0.09s
Epoch 489/1000, Loss: 0.0015, Obj: 0.9758, Eq Viol (l1): 23.408103, Ineq Viol (l1): 809.570959, Epoch time: 0.09s
Epoch 490/1000, Loss: 0.0015, Obj: 0.9737, Eq Viol (l1): 23.398520, Ineq Viol (l1): 809.782298, Epoch time: 0.09s
Epoch 491/1000, Loss: 0.0014, Obj: 0.9853, Eq Viol (l1): 23.405681, Ineq Viol (l1): 809.568480, Epoch time: 0.09s

Running validation at epoch 490...

VALIDATION_EPOCH_490 EVALUATION RESULTS:
==================================================
Obj:     5.553027e-01
Opt Gap:      1.534799e+00 ± 4.066671e-01
Eq Vio l1:   2.357330e+01 (max: 2.888501e+01)
Ineq Vio l1: 8.166428e+02 (max: 8.490414e+02)
Sol Dis:   1.483689e+02 ± 8.292173e-01
Merit:             8.402716e+03 ± 5.747778e+01
Avg Inf Time:  0.0002s
==================================================
✓ Model saved: results/nonsmooth_nonconvex/socp/SOCPProblem-100-50-50-10000/20260115-143912_MLP_sup_seed0_nepochs1000_lr0.0005_trainsize3000_subopt_3_0.5/model_490.pt
Epoch 492/1000, Loss: 0.0014, Obj: 0.9852, Eq Viol (l1): 23.415715, Ineq Viol (l1): 809.432395, Epoch time: 0.09s
Epoch 493/1000, Loss: 0.0015, Obj: 0.9753, Eq Viol (l1): 23.391468, Ineq Viol (l1): 809.549372, Epoch time: 0.09s
Epoch 494/1000, Loss: 0.0015, Obj: 0.9832, Eq Viol (l1): 23.390252, Ineq Viol (l1): 809.721189, Epoch time: 0.09s
Epoch 495/1000, Loss: 0.0015, Obj: 0.9661, Eq Viol (l1): 23.423377, Ineq Viol (l1): 809.748965, Epoch time: 0.09s
Epoch 496/1000, Loss: 0.0015, Obj: 0.9762, Eq Viol (l1): 23.427351, Ineq Viol (l1): 809.757548, Epoch time: 0.09s
Epoch 497/1000, Loss: 0.0014, Obj: 0.9670, Eq Viol (l1): 23.421163, Ineq Viol (l1): 809.826926, Epoch time: 0.09s
Epoch 498/1000, Loss: 0.0015, Obj: 0.9932, Eq Viol (l1): 23.393333, Ineq Viol (l1): 809.288085, Epoch time: 0.09s
Epoch 499/1000, Loss: 0.0015, Obj: 0.9805, Eq Viol (l1): 23.387367, Ineq Viol (l1): 809.632466, Epoch time: 0.09s
Epoch 500/1000, Loss: 0.0016, Obj: 0.9564, Eq Viol (l1): 23.406306, Ineq Viol (l1): 810.048749, Epoch time: 0.09s
Epoch 501/1000, Loss: 0.0014, Obj: 0.9826, Eq Viol (l1): 23.396032, Ineq Viol (l1): 809.375083, Epoch time: 0.09s

Running validation at epoch 500...

VALIDATION_EPOCH_500 EVALUATION RESULTS:
==================================================
Obj:     6.051560e-01
Opt Gap:      1.563847e+00 ± 4.803408e-01
Eq Vio l1:   2.358446e+01 (max: 2.888492e+01)
Ineq Vio l1: 8.148997e+02 (max: 8.487342e+02)
Sol Dis:   1.483657e+02 ± 8.685749e-01
Merit:             8.385447e+03 ± 5.999800e+01
Avg Inf Time:  0.0002s
==================================================
✓ Model saved: results/nonsmooth_nonconvex/socp/SOCPProblem-100-50-50-10000/20260115-143912_MLP_sup_seed0_nepochs1000_lr0.0005_trainsize3000_subopt_3_0.5/model_500.pt
Epoch 502/1000, Loss: 0.0016, Obj: 0.9805, Eq Viol (l1): 23.438546, Ineq Viol (l1): 809.694347, Epoch time: 0.09s
Epoch 503/1000, Loss: 0.0015, Obj: 0.9837, Eq Viol (l1): 23.413854, Ineq Viol (l1): 809.498539, Epoch time: 0.09s
Epoch 504/1000, Loss: 0.0015, Obj: 0.9679, Eq Viol (l1): 23.428967, Ineq Viol (l1): 809.815073, Epoch time: 0.09s
Epoch 505/1000, Loss: 0.0015, Obj: 0.9910, Eq Viol (l1): 23.416403, Ineq Viol (l1): 809.422119, Epoch time: 0.09s
Epoch 506/1000, Loss: 0.0015, Obj: 0.9620, Eq Viol (l1): 23.398346, Ineq Viol (l1): 809.779493, Epoch time: 0.09s
Epoch 507/1000, Loss: 0.0016, Obj: 0.9760, Eq Viol (l1): 23.414113, Ineq Viol (l1): 809.785869, Epoch time: 0.09s
Epoch 508/1000, Loss: 0.0017, Obj: 0.9753, Eq Viol (l1): 23.436435, Ineq Viol (l1): 809.568685, Epoch time: 0.09s
Epoch 509/1000, Loss: 0.0014, Obj: 0.9723, Eq Viol (l1): 23.420919, Ineq Viol (l1): 809.656228, Epoch time: 0.09s
Epoch 510/1000, Loss: 0.0016, Obj: 0.9887, Eq Viol (l1): 23.422877, Ineq Viol (l1): 809.506696, Epoch time: 0.09s
Epoch 511/1000, Loss: 0.0015, Obj: 0.9708, Eq Viol (l1): 23.410552, Ineq Viol (l1): 809.902138, Epoch time: 0.09s

Running validation at epoch 510...

VALIDATION_EPOCH_510 EVALUATION RESULTS:
==================================================
Obj:     6.020427e-01
Opt Gap:      1.655925e+00 ± 4.155512e-01
Eq Vio l1:   2.358742e+01 (max: 2.961999e+01)
Ineq Vio l1: 8.149227e+02 (max: 8.502513e+02)
Sol Dis:   1.484094e+02 ± 8.836382e-01
Merit:             8.385704e+03 ± 7.039977e+01
Avg Inf Time:  0.0002s
==================================================
✓ Model saved: results/nonsmooth_nonconvex/socp/SOCPProblem-100-50-50-10000/20260115-143912_MLP_sup_seed0_nepochs1000_lr0.0005_trainsize3000_subopt_3_0.5/model_510.pt
Epoch 512/1000, Loss: 0.0015, Obj: 0.9830, Eq Viol (l1): 23.423449, Ineq Viol (l1): 809.472862, Epoch time: 0.09s
Epoch 513/1000, Loss: 0.0014, Obj: 0.9810, Eq Viol (l1): 23.399668, Ineq Viol (l1): 809.525389, Epoch time: 0.09s
Epoch 514/1000, Loss: 0.0016, Obj: 0.9726, Eq Viol (l1): 23.420716, Ineq Viol (l1): 809.739904, Epoch time: 0.09s
Epoch 515/1000, Loss: 0.0014, Obj: 0.9554, Eq Viol (l1): 23.432454, Ineq Viol (l1): 809.866799, Epoch time: 0.09s
Epoch 516/1000, Loss: 0.0014, Obj: 0.9710, Eq Viol (l1): 23.415095, Ineq Viol (l1): 809.747135, Epoch time: 0.09s
Epoch 517/1000, Loss: 0.0014, Obj: 0.9783, Eq Viol (l1): 23.412370, Ineq Viol (l1): 809.700613, Epoch time: 0.09s
Epoch 518/1000, Loss: 0.0013, Obj: 0.9918, Eq Viol (l1): 23.406411, Ineq Viol (l1): 809.426153, Epoch time: 0.09s
Epoch 519/1000, Loss: 0.0013, Obj: 0.9742, Eq Viol (l1): 23.407683, Ineq Viol (l1): 809.782354, Epoch time: 0.09s
Epoch 520/1000, Loss: 0.0014, Obj: 0.9878, Eq Viol (l1): 23.398510, Ineq Viol (l1): 809.338327, Epoch time: 0.09s
Epoch 521/1000, Loss: 0.0014, Obj: 1.0013, Eq Viol (l1): 23.400979, Ineq Viol (l1): 809.152093, Epoch time: 0.09s

Running validation at epoch 520...

VALIDATION_EPOCH_520 EVALUATION RESULTS:
==================================================
Obj:     5.126507e-01
Opt Gap:      1.452193e+00 ± 4.093823e-01
Eq Vio l1:   2.356477e+01 (max: 2.888945e+01)
Ineq Vio l1: 8.165714e+02 (max: 8.498372e+02)
Sol Dis:   1.482614e+02 ± 8.692772e-01
Merit:             8.401874e+03 ± 6.182727e+01
Avg Inf Time:  0.0002s
==================================================
✓ Model saved: results/nonsmooth_nonconvex/socp/SOCPProblem-100-50-50-10000/20260115-143912_MLP_sup_seed0_nepochs1000_lr0.0005_trainsize3000_subopt_3_0.5/model_520.pt
Epoch 522/1000, Loss: 0.0015, Obj: 0.9718, Eq Viol (l1): 23.411438, Ineq Viol (l1): 809.555579, Epoch time: 0.09s
Epoch 523/1000, Loss: 0.0014, Obj: 0.9703, Eq Viol (l1): 23.420647, Ineq Viol (l1): 809.763920, Epoch time: 0.09s
Epoch 524/1000, Loss: 0.0014, Obj: 0.9717, Eq Viol (l1): 23.424760, Ineq Viol (l1): 809.784299, Epoch time: 0.09s
Epoch 525/1000, Loss: 0.0014, Obj: 0.9688, Eq Viol (l1): 23.414333, Ineq Viol (l1): 809.682098, Epoch time: 0.09s
Epoch 526/1000, Loss: 0.0014, Obj: 0.9758, Eq Viol (l1): 23.404046, Ineq Viol (l1): 809.714686, Epoch time: 0.09s
Epoch 527/1000, Loss: 0.0014, Obj: 0.9767, Eq Viol (l1): 23.473301, Ineq Viol (l1): 809.833786, Epoch time: 0.09s
Epoch 528/1000, Loss: 0.0014, Obj: 0.9771, Eq Viol (l1): 23.419764, Ineq Viol (l1): 809.497904, Epoch time: 0.09s
Epoch 529/1000, Loss: 0.0014, Obj: 0.9804, Eq Viol (l1): 23.395241, Ineq Viol (l1): 809.506970, Epoch time: 0.09s
Epoch 530/1000, Loss: 0.0015, Obj: 0.9879, Eq Viol (l1): 23.420800, Ineq Viol (l1): 809.523845, Epoch time: 0.09s
Epoch 531/1000, Loss: 0.0016, Obj: 0.9653, Eq Viol (l1): 23.421879, Ineq Viol (l1): 809.743297, Epoch time: 0.09s

Running validation at epoch 530...

VALIDATION_EPOCH_530 EVALUATION RESULTS:
==================================================
Obj:     5.584054e-01
Opt Gap:      1.514250e+00 ± 4.221584e-01
Eq Vio l1:   2.357616e+01 (max: 2.906322e+01)
Ineq Vio l1: 8.161520e+02 (max: 8.502047e+02)
Sol Dis:   1.483582e+02 ± 8.594304e-01
Merit:             8.397840e+03 ± 5.579845e+01
Avg Inf Time:  0.0002s
==================================================
✓ Model saved: results/nonsmooth_nonconvex/socp/SOCPProblem-100-50-50-10000/20260115-143912_MLP_sup_seed0_nepochs1000_lr0.0005_trainsize3000_subopt_3_0.5/model_530.pt
Epoch 532/1000, Loss: 0.0014, Obj: 0.9745, Eq Viol (l1): 23.395670, Ineq Viol (l1): 809.856501, Epoch time: 0.09s
Epoch 533/1000, Loss: 0.0014, Obj: 0.9743, Eq Viol (l1): 23.414448, Ineq Viol (l1): 809.547850, Epoch time: 0.09s
Epoch 534/1000, Loss: 0.0014, Obj: 0.9941, Eq Viol (l1): 23.384958, Ineq Viol (l1): 809.359773, Epoch time: 0.09s
Epoch 535/1000, Loss: 0.0017, Obj: 0.9812, Eq Viol (l1): 23.419810, Ineq Viol (l1): 809.437681, Epoch time: 0.09s
Epoch 536/1000, Loss: 0.0014, Obj: 0.9563, Eq Viol (l1): 23.426830, Ineq Viol (l1): 809.999363, Epoch time: 0.09s
Epoch 537/1000, Loss: 0.0014, Obj: 0.9945, Eq Viol (l1): 23.408476, Ineq Viol (l1): 809.238041, Epoch time: 0.09s
Epoch 538/1000, Loss: 0.0015, Obj: 0.9804, Eq Viol (l1): 23.435293, Ineq Viol (l1): 809.566618, Epoch time: 0.09s
Epoch 539/1000, Loss: 0.0015, Obj: 0.9818, Eq Viol (l1): 23.415291, Ineq Viol (l1): 809.855341, Epoch time: 0.09s
Epoch 540/1000, Loss: 0.0016, Obj: 0.9557, Eq Viol (l1): 23.450668, Ineq Viol (l1): 809.879536, Epoch time: 0.09s
Epoch 541/1000, Loss: 0.0014, Obj: 0.9886, Eq Viol (l1): 23.434035, Ineq Viol (l1): 809.280045, Epoch time: 0.09s

Running validation at epoch 540...

VALIDATION_EPOCH_540 EVALUATION RESULTS:
==================================================
Obj:     4.569794e-01
Opt Gap:      1.363256e+00 ± 4.254434e-01
Eq Vio l1:   2.359313e+01 (max: 2.962117e+01)
Ineq Vio l1: 8.191239e+02 (max: 8.521475e+02)
Sol Dis:   1.482900e+02 ± 7.657109e-01
Merit:             8.427627e+03 ± 5.404760e+01
Avg Inf Time:  0.0002s
==================================================
✓ Model saved: results/nonsmooth_nonconvex/socp/SOCPProblem-100-50-50-10000/20260115-143912_MLP_sup_seed0_nepochs1000_lr0.0005_trainsize3000_subopt_3_0.5/model_540.pt
Epoch 542/1000, Loss: 0.0015, Obj: 0.9654, Eq Viol (l1): 23.407657, Ineq Viol (l1): 809.882704, Epoch time: 0.09s
Epoch 543/1000, Loss: 0.0014, Obj: 0.9582, Eq Viol (l1): 23.427026, Ineq Viol (l1): 809.901068, Epoch time: 0.09s
Epoch 544/1000, Loss: 0.0014, Obj: 0.9864, Eq Viol (l1): 23.419589, Ineq Viol (l1): 809.663523, Epoch time: 0.09s
Epoch 545/1000, Loss: 0.0015, Obj: 0.9704, Eq Viol (l1): 23.438397, Ineq Viol (l1): 809.729772, Epoch time: 0.09s
Epoch 546/1000, Loss: 0.0013, Obj: 0.9836, Eq Viol (l1): 23.399082, Ineq Viol (l1): 809.494122, Epoch time: 0.09s
Epoch 547/1000, Loss: 0.0013, Obj: 0.9759, Eq Viol (l1): 23.411856, Ineq Viol (l1): 809.699249, Epoch time: 0.09s
Epoch 548/1000, Loss: 0.0014, Obj: 0.9723, Eq Viol (l1): 23.415994, Ineq Viol (l1): 809.730179, Epoch time: 0.09s
Epoch 549/1000, Loss: 0.0013, Obj: 0.9655, Eq Viol (l1): 23.401171, Ineq Viol (l1): 809.738461, Epoch time: 0.09s
Epoch 550/1000, Loss: 0.0014, Obj: 0.9886, Eq Viol (l1): 23.420648, Ineq Viol (l1): 809.466523, Epoch time: 0.09s
Epoch 551/1000, Loss: 0.0013, Obj: 0.9834, Eq Viol (l1): 23.400962, Ineq Viol (l1): 809.506650, Epoch time: 0.09s

Running validation at epoch 550...

VALIDATION_EPOCH_550 EVALUATION RESULTS:
==================================================
Obj:     5.351049e-01
Opt Gap:      1.508556e+00 ± 4.572127e-01
Eq Vio l1:   2.357535e+01 (max: 2.891400e+01)
Ineq Vio l1: 8.177183e+02 (max: 8.509115e+02)
Sol Dis:   1.485017e+02 ± 8.457310e-01
Merit:             8.413471e+03 ± 5.857838e+01
Avg Inf Time:  0.0002s
==================================================
✓ Model saved: results/nonsmooth_nonconvex/socp/SOCPProblem-100-50-50-10000/20260115-143912_MLP_sup_seed0_nepochs1000_lr0.0005_trainsize3000_subopt_3_0.5/model_550.pt
Epoch 552/1000, Loss: 0.0012, Obj: 0.9839, Eq Viol (l1): 23.397853, Ineq Viol (l1): 809.543851, Epoch time: 0.09s
Epoch 553/1000, Loss: 0.0013, Obj: 0.9719, Eq Viol (l1): 23.393344, Ineq Viol (l1): 809.643226, Epoch time: 0.09s
Epoch 554/1000, Loss: 0.0014, Obj: 0.9916, Eq Viol (l1): 23.397405, Ineq Viol (l1): 809.384177, Epoch time: 0.09s
Epoch 555/1000, Loss: 0.0014, Obj: 0.9906, Eq Viol (l1): 23.404348, Ineq Viol (l1): 809.258547, Epoch time: 0.09s
Epoch 556/1000, Loss: 0.0015, Obj: 0.9737, Eq Viol (l1): 23.439736, Ineq Viol (l1): 809.804075, Epoch time: 0.09s
Epoch 557/1000, Loss: 0.0014, Obj: 0.9800, Eq Viol (l1): 23.419261, Ineq Viol (l1): 809.388354, Epoch time: 0.09s
Epoch 558/1000, Loss: 0.0015, Obj: 0.9864, Eq Viol (l1): 23.441460, Ineq Viol (l1): 809.518827, Epoch time: 0.09s
Epoch 559/1000, Loss: 0.0014, Obj: 0.9733, Eq Viol (l1): 23.412894, Ineq Viol (l1): 809.716025, Epoch time: 0.09s
Epoch 560/1000, Loss: 0.0015, Obj: 0.9679, Eq Viol (l1): 23.418183, Ineq Viol (l1): 809.860934, Epoch time: 0.09s
Epoch 561/1000, Loss: 0.0014, Obj: 0.9869, Eq Viol (l1): 23.423259, Ineq Viol (l1): 809.490402, Epoch time: 0.09s

Running validation at epoch 560...

VALIDATION_EPOCH_560 EVALUATION RESULTS:
==================================================
Obj:     5.018639e-01
Opt Gap:      1.408877e+00 ± 4.256453e-01
Eq Vio l1:   2.360847e+01 (max: 2.913074e+01)
Ineq Vio l1: 8.179951e+02 (max: 8.497618e+02)
Sol Dis:   1.483283e+02 ± 7.961234e-01
Merit:             8.416538e+03 ± 5.400825e+01
Avg Inf Time:  0.0002s
==================================================
✓ Model saved: results/nonsmooth_nonconvex/socp/SOCPProblem-100-50-50-10000/20260115-143912_MLP_sup_seed0_nepochs1000_lr0.0005_trainsize3000_subopt_3_0.5/model_560.pt
Epoch 562/1000, Loss: 0.0014, Obj: 0.9790, Eq Viol (l1): 23.419411, Ineq Viol (l1): 809.774848, Epoch time: 0.09s
Epoch 563/1000, Loss: 0.0014, Obj: 0.9767, Eq Viol (l1): 23.417062, Ineq Viol (l1): 809.423077, Epoch time: 0.09s
Epoch 564/1000, Loss: 0.0014, Obj: 0.9902, Eq Viol (l1): 23.443557, Ineq Viol (l1): 809.522629, Epoch time: 0.16s
Epoch 565/1000, Loss: 0.0014, Obj: 0.9728, Eq Viol (l1): 23.429775, Ineq Viol (l1): 809.593177, Epoch time: 0.09s
Epoch 566/1000, Loss: 0.0014, Obj: 0.9644, Eq Viol (l1): 23.430082, Ineq Viol (l1): 809.726869, Epoch time: 0.09s
Epoch 567/1000, Loss: 0.0015, Obj: 0.9845, Eq Viol (l1): 23.421186, Ineq Viol (l1): 809.532911, Epoch time: 0.09s
Epoch 568/1000, Loss: 0.0014, Obj: 0.9798, Eq Viol (l1): 23.437920, Ineq Viol (l1): 809.518578, Epoch time: 0.09s
Epoch 569/1000, Loss: 0.0014, Obj: 0.9919, Eq Viol (l1): 23.434136, Ineq Viol (l1): 809.567193, Epoch time: 0.09s
Epoch 570/1000, Loss: 0.0016, Obj: 0.9815, Eq Viol (l1): 23.425054, Ineq Viol (l1): 809.270031, Epoch time: 0.09s
Epoch 571/1000, Loss: 0.0015, Obj: 0.9720, Eq Viol (l1): 23.423968, Ineq Viol (l1): 809.884780, Epoch time: 0.09s

Running validation at epoch 570...

VALIDATION_EPOCH_570 EVALUATION RESULTS:
==================================================
Obj:     5.798604e-01
Opt Gap:      1.582118e+00 ± 4.762008e-01
Eq Vio l1:   2.358649e+01 (max: 2.918795e+01)
Ineq Vio l1: 8.154329e+02 (max: 8.490339e+02)
Sol Dis:   1.483473e+02 ± 8.950020e-01
Merit:             8.390773e+03 ± 6.162036e+01
Avg Inf Time:  0.0002s
==================================================
✓ Model saved: results/nonsmooth_nonconvex/socp/SOCPProblem-100-50-50-10000/20260115-143912_MLP_sup_seed0_nepochs1000_lr0.0005_trainsize3000_subopt_3_0.5/model_570.pt
Epoch 572/1000, Loss: 0.0015, Obj: 0.9735, Eq Viol (l1): 23.434625, Ineq Viol (l1): 809.489268, Epoch time: 0.09s
Epoch 573/1000, Loss: 0.0014, Obj: 0.9907, Eq Viol (l1): 23.423411, Ineq Viol (l1): 809.652969, Epoch time: 0.09s
Epoch 574/1000, Loss: 0.0014, Obj: 0.9656, Eq Viol (l1): 23.442661, Ineq Viol (l1): 809.803874, Epoch time: 0.09s
Epoch 575/1000, Loss: 0.0014, Obj: 0.9804, Eq Viol (l1): 23.413311, Ineq Viol (l1): 809.335726, Epoch time: 0.09s
Epoch 576/1000, Loss: 0.0013, Obj: 0.9858, Eq Viol (l1): 23.398119, Ineq Viol (l1): 809.711136, Epoch time: 0.09s
Epoch 577/1000, Loss: 0.0014, Obj: 0.9825, Eq Viol (l1): 23.415335, Ineq Viol (l1): 809.333978, Epoch time: 0.09s
Epoch 578/1000, Loss: 0.0014, Obj: 0.9773, Eq Viol (l1): 23.419289, Ineq Viol (l1): 809.661602, Epoch time: 0.09s
Epoch 579/1000, Loss: 0.0013, Obj: 0.9769, Eq Viol (l1): 23.418669, Ineq Viol (l1): 809.512218, Epoch time: 0.09s
Epoch 580/1000, Loss: 0.0013, Obj: 0.9715, Eq Viol (l1): 23.424642, Ineq Viol (l1): 809.806725, Epoch time: 0.09s
Epoch 581/1000, Loss: 0.0013, Obj: 0.9663, Eq Viol (l1): 23.420143, Ineq Viol (l1): 809.793769, Epoch time: 0.09s

Running validation at epoch 580...

VALIDATION_EPOCH_580 EVALUATION RESULTS:
==================================================
Obj:     5.185599e-01
Opt Gap:      1.488808e+00 ± 4.539939e-01
Eq Vio l1:   2.361706e+01 (max: 2.912390e+01)
Ineq Vio l1: 8.172912e+02 (max: 8.506961e+02)
Sol Dis:   1.483276e+02 ± 7.453414e-01
Merit:             8.409601e+03 ± 5.275655e+01
Avg Inf Time:  0.0002s
==================================================
✓ Model saved: results/nonsmooth_nonconvex/socp/SOCPProblem-100-50-50-10000/20260115-143912_MLP_sup_seed0_nepochs1000_lr0.0005_trainsize3000_subopt_3_0.5/model_580.pt
Epoch 582/1000, Loss: 0.0014, Obj: 0.9711, Eq Viol (l1): 23.413823, Ineq Viol (l1): 809.820989, Epoch time: 0.09s
Epoch 583/1000, Loss: 0.0014, Obj: 0.9823, Eq Viol (l1): 23.403560, Ineq Viol (l1): 809.313429, Epoch time: 0.09s
Epoch 584/1000, Loss: 0.0014, Obj: 0.9940, Eq Viol (l1): 23.450481, Ineq Viol (l1): 809.403506, Epoch time: 0.09s
Epoch 585/1000, Loss: 0.0014, Obj: 0.9657, Eq Viol (l1): 23.453954, Ineq Viol (l1): 809.918720, Epoch time: 0.09s
Epoch 586/1000, Loss: 0.0013, Obj: 0.9669, Eq Viol (l1): 23.427648, Ineq Viol (l1): 809.918956, Epoch time: 0.09s
Epoch 587/1000, Loss: 0.0012, Obj: 0.9865, Eq Viol (l1): 23.408550, Ineq Viol (l1): 809.479587, Epoch time: 0.09s
Epoch 588/1000, Loss: 0.0012, Obj: 0.9821, Eq Viol (l1): 23.414455, Ineq Viol (l1): 809.638341, Epoch time: 0.09s
Epoch 589/1000, Loss: 0.0013, Obj: 0.9544, Eq Viol (l1): 23.413452, Ineq Viol (l1): 809.925314, Epoch time: 0.09s
Epoch 590/1000, Loss: 0.0012, Obj: 0.9674, Eq Viol (l1): 23.432389, Ineq Viol (l1): 809.862580, Epoch time: 0.09s
Epoch 591/1000, Loss: 0.0012, Obj: 0.9808, Eq Viol (l1): 23.422814, Ineq Viol (l1): 809.551339, Epoch time: 0.09s

Running validation at epoch 590...

VALIDATION_EPOCH_590 EVALUATION RESULTS:
==================================================
Obj:     5.314405e-01
Opt Gap:      1.500466e+00 ± 4.580981e-01
Eq Vio l1:   2.357903e+01 (max: 2.890152e+01)
Ineq Vio l1: 8.170600e+02 (max: 8.505111e+02)
Sol Dis:   1.483531e+02 ± 8.468387e-01
Merit:             8.406922e+03 ± 5.359696e+01
Avg Inf Time:  0.0002s
==================================================
✓ Model saved: results/nonsmooth_nonconvex/socp/SOCPProblem-100-50-50-10000/20260115-143912_MLP_sup_seed0_nepochs1000_lr0.0005_trainsize3000_subopt_3_0.5/model_590.pt
Epoch 592/1000, Loss: 0.0011, Obj: 0.9777, Eq Viol (l1): 23.379837, Ineq Viol (l1): 809.647646, Epoch time: 0.09s
Epoch 593/1000, Loss: 0.0012, Obj: 0.9979, Eq Viol (l1): 23.376945, Ineq Viol (l1): 809.164014, Epoch time: 0.09s
Epoch 594/1000, Loss: 0.0014, Obj: 0.9893, Eq Viol (l1): 23.409835, Ineq Viol (l1): 809.309688, Epoch time: 0.09s
Epoch 595/1000, Loss: 0.0013, Obj: 0.9768, Eq Viol (l1): 23.421185, Ineq Viol (l1): 809.573720, Epoch time: 0.09s
Epoch 596/1000, Loss: 0.0012, Obj: 0.9831, Eq Viol (l1): 23.408907, Ineq Viol (l1): 809.578824, Epoch time: 0.09s
Epoch 597/1000, Loss: 0.0012, Obj: 0.9700, Eq Viol (l1): 23.402858, Ineq Viol (l1): 809.915385, Epoch time: 0.09s
Epoch 598/1000, Loss: 0.0013, Obj: 0.9850, Eq Viol (l1): 23.423673, Ineq Viol (l1): 809.348388, Epoch time: 0.09s
Epoch 599/1000, Loss: 0.0014, Obj: 0.9996, Eq Viol (l1): 23.420268, Ineq Viol (l1): 809.385939, Epoch time: 0.09s
Epoch 600/1000, Loss: 0.0013, Obj: 0.9769, Eq Viol (l1): 23.411319, Ineq Viol (l1): 809.572852, Epoch time: 0.09s
Epoch 601/1000, Loss: 0.0011, Obj: 0.9745, Eq Viol (l1): 23.410376, Ineq Viol (l1): 809.782331, Epoch time: 0.09s

Running validation at epoch 600...

VALIDATION_EPOCH_600 EVALUATION RESULTS:
==================================================
Obj:     5.795708e-01
Opt Gap:      1.579920e+00 ± 4.800330e-01
Eq Vio l1:   2.359097e+01 (max: 2.889089e+01)
Ineq Vio l1: 8.164551e+02 (max: 8.490306e+02)
Sol Dis:   1.484425e+02 ± 8.131136e-01
Merit:             8.401041e+03 ± 5.866992e+01
Avg Inf Time:  0.0002s
==================================================
✓ Model saved: results/nonsmooth_nonconvex/socp/SOCPProblem-100-50-50-10000/20260115-143912_MLP_sup_seed0_nepochs1000_lr0.0005_trainsize3000_subopt_3_0.5/model_600.pt
Epoch 602/1000, Loss: 0.0012, Obj: 0.9880, Eq Viol (l1): 23.406244, Ineq Viol (l1): 809.254148, Epoch time: 0.09s
Epoch 603/1000, Loss: 0.0011, Obj: 0.9684, Eq Viol (l1): 23.412718, Ineq Viol (l1): 810.003109, Epoch time: 0.09s
Epoch 604/1000, Loss: 0.0013, Obj: 0.9848, Eq Viol (l1): 23.406994, Ineq Viol (l1): 809.315462, Epoch time: 0.09s
Epoch 605/1000, Loss: 0.0013, Obj: 0.9769, Eq Viol (l1): 23.385421, Ineq Viol (l1): 809.801387, Epoch time: 0.09s
Epoch 606/1000, Loss: 0.0013, Obj: 0.9645, Eq Viol (l1): 23.422172, Ineq Viol (l1): 809.761367, Epoch time: 0.09s
Epoch 607/1000, Loss: 0.0012, Obj: 0.9722, Eq Viol (l1): 23.411758, Ineq Viol (l1): 809.812399, Epoch time: 0.09s
Epoch 608/1000, Loss: 0.0013, Obj: 0.9903, Eq Viol (l1): 23.414919, Ineq Viol (l1): 809.536833, Epoch time: 0.09s
Epoch 609/1000, Loss: 0.0013, Obj: 0.9630, Eq Viol (l1): 23.427854, Ineq Viol (l1): 809.724482, Epoch time: 0.09s
Epoch 610/1000, Loss: 0.0012, Obj: 0.9798, Eq Viol (l1): 23.398714, Ineq Viol (l1): 809.651075, Epoch time: 0.09s
Epoch 611/1000, Loss: 0.0013, Obj: 0.9763, Eq Viol (l1): 23.419080, Ineq Viol (l1): 809.676593, Epoch time: 0.09s

Running validation at epoch 610...

VALIDATION_EPOCH_610 EVALUATION RESULTS:
==================================================
Obj:     5.087364e-01
Opt Gap:      1.450597e+00 ± 4.428696e-01
Eq Vio l1:   2.363065e+01 (max: 2.913637e+01)
Ineq Vio l1: 8.170895e+02 (max: 8.481054e+02)
Sol Dis:   1.481307e+02 ± 7.389028e-01
Merit:             8.407710e+03 ± 5.019016e+01
Avg Inf Time:  0.0002s
==================================================
✓ Model saved: results/nonsmooth_nonconvex/socp/SOCPProblem-100-50-50-10000/20260115-143912_MLP_sup_seed0_nepochs1000_lr0.0005_trainsize3000_subopt_3_0.5/model_610.pt
Epoch 612/1000, Loss: 0.0013, Obj: 0.9548, Eq Viol (l1): 23.427640, Ineq Viol (l1): 809.898788, Epoch time: 0.09s
Epoch 613/1000, Loss: 0.0014, Obj: 0.9858, Eq Viol (l1): 23.405009, Ineq Viol (l1): 809.511638, Epoch time: 0.09s
Epoch 614/1000, Loss: 0.0013, Obj: 0.9606, Eq Viol (l1): 23.427120, Ineq Viol (l1): 809.927880, Epoch time: 0.09s
Epoch 615/1000, Loss: 0.0013, Obj: 0.9777, Eq Viol (l1): 23.430559, Ineq Viol (l1): 809.729094, Epoch time: 0.09s
Epoch 616/1000, Loss: 0.0015, Obj: 0.9820, Eq Viol (l1): 23.419116, Ineq Viol (l1): 809.409443, Epoch time: 0.09s
Epoch 617/1000, Loss: 0.0014, Obj: 0.9816, Eq Viol (l1): 23.434216, Ineq Viol (l1): 809.564764, Epoch time: 0.09s
Epoch 618/1000, Loss: 0.0013, Obj: 0.9676, Eq Viol (l1): 23.451137, Ineq Viol (l1): 809.904987, Epoch time: 0.09s
Epoch 619/1000, Loss: 0.0013, Obj: 0.9668, Eq Viol (l1): 23.434369, Ineq Viol (l1): 809.783448, Epoch time: 0.09s
Epoch 620/1000, Loss: 0.0013, Obj: 0.9781, Eq Viol (l1): 23.415021, Ineq Viol (l1): 809.740458, Epoch time: 0.09s
Epoch 621/1000, Loss: 0.0012, Obj: 0.9873, Eq Viol (l1): 23.414110, Ineq Viol (l1): 809.315791, Epoch time: 0.09s

Running validation at epoch 620...

VALIDATION_EPOCH_620 EVALUATION RESULTS:
==================================================
Obj:     5.155376e-01
Opt Gap:      1.417159e+00 ± 4.255195e-01
Eq Vio l1:   2.361496e+01 (max: 2.907549e+01)
Ineq Vio l1: 8.181616e+02 (max: 8.499127e+02)
Sol Dis:   1.485504e+02 ± 8.453766e-01
Merit:             8.418281e+03 ± 6.207489e+01
Avg Inf Time:  0.0002s
==================================================
✓ Model saved: results/nonsmooth_nonconvex/socp/SOCPProblem-100-50-50-10000/20260115-143912_MLP_sup_seed0_nepochs1000_lr0.0005_trainsize3000_subopt_3_0.5/model_620.pt
Epoch 622/1000, Loss: 0.0013, Obj: 0.9794, Eq Viol (l1): 23.415809, Ineq Viol (l1): 809.551118, Epoch time: 0.09s
Epoch 623/1000, Loss: 0.0014, Obj: 0.9735, Eq Viol (l1): 23.427815, Ineq Viol (l1): 809.782117, Epoch time: 0.09s
Epoch 624/1000, Loss: 0.0013, Obj: 0.9839, Eq Viol (l1): 23.431374, Ineq Viol (l1): 809.320476, Epoch time: 0.09s
Epoch 625/1000, Loss: 0.0013, Obj: 0.9780, Eq Viol (l1): 23.445025, Ineq Viol (l1): 809.707857, Epoch time: 0.09s
Epoch 626/1000, Loss: 0.0013, Obj: 0.9663, Eq Viol (l1): 23.421475, Ineq Viol (l1): 809.702871, Epoch time: 0.09s
Epoch 627/1000, Loss: 0.0012, Obj: 0.9772, Eq Viol (l1): 23.418262, Ineq Viol (l1): 809.826688, Epoch time: 0.09s
Epoch 628/1000, Loss: 0.0013, Obj: 0.9878, Eq Viol (l1): 23.434189, Ineq Viol (l1): 809.325256, Epoch time: 0.09s
Epoch 629/1000, Loss: 0.0013, Obj: 0.9691, Eq Viol (l1): 23.426136, Ineq Viol (l1): 809.803087, Epoch time: 0.09s
Epoch 630/1000, Loss: 0.0012, Obj: 0.9723, Eq Viol (l1): 23.402865, Ineq Viol (l1): 809.776265, Epoch time: 0.09s
Epoch 631/1000, Loss: 0.0013, Obj: 0.9935, Eq Viol (l1): 23.398262, Ineq Viol (l1): 809.234519, Epoch time: 0.09s

Running validation at epoch 630...

VALIDATION_EPOCH_630 EVALUATION RESULTS:
==================================================
Obj:     6.769876e-01
Opt Gap:      1.871457e+00 ± 5.290748e-01
Eq Vio l1:   2.359495e+01 (max: 2.899848e+01)
Ineq Vio l1: 8.140302e+02 (max: 8.519206e+02)
Sol Dis:   1.487389e+02 ± 9.058025e-01
Merit:             8.376928e+03 ± 6.535416e+01
Avg Inf Time:  0.0002s
==================================================
✓ Model saved: results/nonsmooth_nonconvex/socp/SOCPProblem-100-50-50-10000/20260115-143912_MLP_sup_seed0_nepochs1000_lr0.0005_trainsize3000_subopt_3_0.5/model_630.pt
Epoch 632/1000, Loss: 0.0013, Obj: 0.9710, Eq Viol (l1): 23.443037, Ineq Viol (l1): 809.841604, Epoch time: 0.09s
Epoch 633/1000, Loss: 0.0014, Obj: 0.9804, Eq Viol (l1): 23.448733, Ineq Viol (l1): 809.425499, Epoch time: 0.09s
Epoch 634/1000, Loss: 0.0012, Obj: 0.9679, Eq Viol (l1): 23.414858, Ineq Viol (l1): 809.824895, Epoch time: 0.09s
Epoch 635/1000, Loss: 0.0012, Obj: 0.9942, Eq Viol (l1): 23.404033, Ineq Viol (l1): 809.308192, Epoch time: 0.09s
Epoch 636/1000, Loss: 0.0013, Obj: 0.9776, Eq Viol (l1): 23.436460, Ineq Viol (l1): 809.640680, Epoch time: 0.09s
Epoch 637/1000, Loss: 0.0012, Obj: 0.9689, Eq Viol (l1): 23.429135, Ineq Viol (l1): 809.631695, Epoch time: 0.09s
Epoch 638/1000, Loss: 0.0013, Obj: 0.9995, Eq Viol (l1): 23.375689, Ineq Viol (l1): 809.219901, Epoch time: 0.09s
Epoch 639/1000, Loss: 0.0012, Obj: 0.9612, Eq Viol (l1): 23.414419, Ineq Viol (l1): 810.028916, Epoch time: 0.09s
Epoch 640/1000, Loss: 0.0013, Obj: 0.9564, Eq Viol (l1): 23.428481, Ineq Viol (l1): 809.943704, Epoch time: 0.09s
Epoch 641/1000, Loss: 0.0012, Obj: 0.9744, Eq Viol (l1): 23.407375, Ineq Viol (l1): 809.684404, Epoch time: 0.09s

Running validation at epoch 640...

VALIDATION_EPOCH_640 EVALUATION RESULTS:
==================================================
Obj:     4.799286e-01
Opt Gap:      1.365875e+00 ± 4.405371e-01
Eq Vio l1:   2.359467e+01 (max: 2.895480e+01)
Ineq Vio l1: 8.194521e+02 (max: 8.501435e+02)
Sol Dis:   1.485890e+02 ± 8.949425e-01
Merit:             8.430947e+03 ± 5.759332e+01
Avg Inf Time:  0.0002s
==================================================
✓ Model saved: results/nonsmooth_nonconvex/socp/SOCPProblem-100-50-50-10000/20260115-143912_MLP_sup_seed0_nepochs1000_lr0.0005_trainsize3000_subopt_3_0.5/model_640.pt
Epoch 642/1000, Loss: 0.0013, Obj: 0.9942, Eq Viol (l1): 23.400923, Ineq Viol (l1): 809.230243, Epoch time: 0.09s
Epoch 643/1000, Loss: 0.0012, Obj: 0.9846, Eq Viol (l1): 23.377007, Ineq Viol (l1): 809.426776, Epoch time: 0.09s
Epoch 644/1000, Loss: 0.0012, Obj: 0.9684, Eq Viol (l1): 23.414205, Ineq Viol (l1): 809.804917, Epoch time: 0.09s
Epoch 645/1000, Loss: 0.0012, Obj: 0.9770, Eq Viol (l1): 23.391610, Ineq Viol (l1): 809.647319, Epoch time: 0.09s
Epoch 646/1000, Loss: 0.0013, Obj: 0.9607, Eq Viol (l1): 23.411973, Ineq Viol (l1): 809.960567, Epoch time: 0.09s
Epoch 647/1000, Loss: 0.0011, Obj: 0.9941, Eq Viol (l1): 23.407026, Ineq Viol (l1): 809.118218, Epoch time: 0.09s
Epoch 648/1000, Loss: 0.0013, Obj: 0.9619, Eq Viol (l1): 23.419719, Ineq Viol (l1): 810.044669, Epoch time: 0.09s
Epoch 649/1000, Loss: 0.0011, Obj: 0.9857, Eq Viol (l1): 23.407565, Ineq Viol (l1): 809.382249, Epoch time: 0.09s
Epoch 650/1000, Loss: 0.0011, Obj: 0.9732, Eq Viol (l1): 23.388197, Ineq Viol (l1): 809.661726, Epoch time: 0.09s
Epoch 651/1000, Loss: 0.0011, Obj: 0.9705, Eq Viol (l1): 23.407492, Ineq Viol (l1): 809.751680, Epoch time: 0.09s

Running validation at epoch 650...

VALIDATION_EPOCH_650 EVALUATION RESULTS:
==================================================
Obj:     4.395764e-01
Opt Gap:      1.392487e+00 ± 4.669185e-01
Eq Vio l1:   2.361766e+01 (max: 2.988255e+01)
Ineq Vio l1: 8.204828e+02 (max: 8.503429e+02)
Sol Dis:   1.484513e+02 ± 7.642880e-01
Merit:             8.441445e+03 ± 5.111969e+01
Avg Inf Time:  0.0002s
==================================================
✓ Model saved: results/nonsmooth_nonconvex/socp/SOCPProblem-100-50-50-10000/20260115-143912_MLP_sup_seed0_nepochs1000_lr0.0005_trainsize3000_subopt_3_0.5/model_650.pt
Epoch 652/1000, Loss: 0.0014, Obj: 0.9656, Eq Viol (l1): 23.428245, Ineq Viol (l1): 809.891004, Epoch time: 0.09s
Epoch 653/1000, Loss: 0.0014, Obj: 0.9812, Eq Viol (l1): 23.394978, Ineq Viol (l1): 809.426695, Epoch time: 0.09s
Epoch 654/1000, Loss: 0.0013, Obj: 0.9720, Eq Viol (l1): 23.415108, Ineq Viol (l1): 809.769615, Epoch time: 0.09s
Epoch 655/1000, Loss: 0.0013, Obj: 0.9725, Eq Viol (l1): 23.415051, Ineq Viol (l1): 809.581295, Epoch time: 0.09s
Epoch 656/1000, Loss: 0.0012, Obj: 0.9742, Eq Viol (l1): 23.405773, Ineq Viol (l1): 809.773489, Epoch time: 0.09s
Epoch 657/1000, Loss: 0.0013, Obj: 0.9688, Eq Viol (l1): 23.437647, Ineq Viol (l1): 809.833546, Epoch time: 0.09s
Epoch 658/1000, Loss: 0.0013, Obj: 0.9717, Eq Viol (l1): 23.441555, Ineq Viol (l1): 809.794278, Epoch time: 0.09s
Epoch 659/1000, Loss: 0.0013, Obj: 0.9812, Eq Viol (l1): 23.426587, Ineq Viol (l1): 809.494952, Epoch time: 0.09s
Epoch 660/1000, Loss: 0.0014, Obj: 0.9905, Eq Viol (l1): 23.421588, Ineq Viol (l1): 809.280375, Epoch time: 0.09s
Epoch 661/1000, Loss: 0.0013, Obj: 0.9786, Eq Viol (l1): 23.420375, Ineq Viol (l1): 809.708917, Epoch time: 0.09s

Running validation at epoch 660...

VALIDATION_EPOCH_660 EVALUATION RESULTS:
==================================================
Obj:     5.883741e-01
Opt Gap:      1.546141e+00 ± 4.684709e-01
Eq Vio l1:   2.360300e+01 (max: 2.885029e+01)
Ineq Vio l1: 8.160958e+02 (max: 8.465232e+02)
Sol Dis:   1.483753e+02 ± 8.414658e-01
Merit:             8.397577e+03 ± 5.727250e+01
Avg Inf Time:  0.0002s
==================================================
✓ Model saved: results/nonsmooth_nonconvex/socp/SOCPProblem-100-50-50-10000/20260115-143912_MLP_sup_seed0_nepochs1000_lr0.0005_trainsize3000_subopt_3_0.5/model_660.pt
Epoch 662/1000, Loss: 0.0014, Obj: 0.9783, Eq Viol (l1): 23.427405, Ineq Viol (l1): 809.372582, Epoch time: 0.09s
Epoch 663/1000, Loss: 0.0015, Obj: 0.9710, Eq Viol (l1): 23.423458, Ineq Viol (l1): 809.940293, Epoch time: 0.09s
Epoch 664/1000, Loss: 0.0014, Obj: 0.9886, Eq Viol (l1): 23.442360, Ineq Viol (l1): 809.326254, Epoch time: 0.09s
Epoch 665/1000, Loss: 0.0013, Obj: 0.9836, Eq Viol (l1): 23.418402, Ineq Viol (l1): 809.512285, Epoch time: 0.09s
Epoch 666/1000, Loss: 0.0012, Obj: 0.9745, Eq Viol (l1): 23.415884, Ineq Viol (l1): 809.644833, Epoch time: 0.09s
Epoch 667/1000, Loss: 0.0013, Obj: 0.9682, Eq Viol (l1): 23.430279, Ineq Viol (l1): 809.631995, Epoch time: 0.09s
Epoch 668/1000, Loss: 0.0012, Obj: 0.9832, Eq Viol (l1): 23.423361, Ineq Viol (l1): 809.685685, Epoch time: 0.09s
Epoch 669/1000, Loss: 0.0012, Obj: 0.9826, Eq Viol (l1): 23.395718, Ineq Viol (l1): 809.415074, Epoch time: 0.09s
Epoch 670/1000, Loss: 0.0011, Obj: 0.9703, Eq Viol (l1): 23.433366, Ineq Viol (l1): 809.882690, Epoch time: 0.09s
Epoch 671/1000, Loss: 0.0012, Obj: 0.9709, Eq Viol (l1): 23.412122, Ineq Viol (l1): 809.503243, Epoch time: 0.09s

Running validation at epoch 670...

VALIDATION_EPOCH_670 EVALUATION RESULTS:
==================================================
Obj:     4.891958e-01
Opt Gap:      1.364061e+00 ± 4.575233e-01
Eq Vio l1:   2.358774e+01 (max: 2.933201e+01)
Ineq Vio l1: 8.186805e+02 (max: 8.500791e+02)
Sol Dis:   1.484180e+02 ± 8.136487e-01
Merit:             8.423172e+03 ± 5.960627e+01
Avg Inf Time:  0.0002s
==================================================
✓ Model saved: results/nonsmooth_nonconvex/socp/SOCPProblem-100-50-50-10000/20260115-143912_MLP_sup_seed0_nepochs1000_lr0.0005_trainsize3000_subopt_3_0.5/model_670.pt
Epoch 672/1000, Loss: 0.0012, Obj: 0.9780, Eq Viol (l1): 23.388212, Ineq Viol (l1): 809.964810, Epoch time: 0.09s
Epoch 673/1000, Loss: 0.0013, Obj: 0.9574, Eq Viol (l1): 23.433339, Ineq Viol (l1): 809.816133, Epoch time: 0.09s
Epoch 674/1000, Loss: 0.0013, Obj: 0.9682, Eq Viol (l1): 23.409641, Ineq Viol (l1): 809.965469, Epoch time: 0.09s
Epoch 675/1000, Loss: 0.0014, Obj: 0.9777, Eq Viol (l1): 23.448148, Ineq Viol (l1): 809.575632, Epoch time: 0.09s
Epoch 676/1000, Loss: 0.0013, Obj: 0.9649, Eq Viol (l1): 23.428157, Ineq Viol (l1): 809.918820, Epoch time: 0.09s
Epoch 677/1000, Loss: 0.0013, Obj: 0.9927, Eq Viol (l1): 23.424402, Ineq Viol (l1): 809.384362, Epoch time: 0.18s
Epoch 678/1000, Loss: 0.0013, Obj: 0.9813, Eq Viol (l1): 23.418833, Ineq Viol (l1): 809.587879, Epoch time: 0.09s
Epoch 679/1000, Loss: 0.0013, Obj: 0.9669, Eq Viol (l1): 23.442905, Ineq Viol (l1): 809.762603, Epoch time: 0.09s
Epoch 680/1000, Loss: 0.0014, Obj: 0.9770, Eq Viol (l1): 23.444943, Ineq Viol (l1): 809.902057, Epoch time: 0.09s
Epoch 681/1000, Loss: 0.0014, Obj: 0.9673, Eq Viol (l1): 23.439886, Ineq Viol (l1): 809.697331, Epoch time: 0.09s

Running validation at epoch 680...

VALIDATION_EPOCH_680 EVALUATION RESULTS:
==================================================
Obj:     5.067299e-01
Opt Gap:      1.407415e+00 ± 4.452448e-01
Eq Vio l1:   2.361636e+01 (max: 2.916341e+01)
Ineq Vio l1: 8.180114e+02 (max: 8.495700e+02)
Sol Dis:   1.484369e+02 ± 8.453491e-01
Merit:             8.416784e+03 ± 5.991813e+01
Avg Inf Time:  0.0002s
==================================================
✓ Model saved: results/nonsmooth_nonconvex/socp/SOCPProblem-100-50-50-10000/20260115-143912_MLP_sup_seed0_nepochs1000_lr0.0005_trainsize3000_subopt_3_0.5/model_680.pt
Epoch 682/1000, Loss: 0.0011, Obj: 0.9681, Eq Viol (l1): 23.416523, Ineq Viol (l1): 809.817005, Epoch time: 0.09s
Epoch 683/1000, Loss: 0.0013, Obj: 0.9697, Eq Viol (l1): 23.405801, Ineq Viol (l1): 809.769416, Epoch time: 0.09s
Epoch 684/1000, Loss: 0.0012, Obj: 0.9727, Eq Viol (l1): 23.416205, Ineq Viol (l1): 809.629341, Epoch time: 0.09s
Epoch 685/1000, Loss: 0.0012, Obj: 0.9773, Eq Viol (l1): 23.411465, Ineq Viol (l1): 809.671740, Epoch time: 0.09s
Epoch 686/1000, Loss: 0.0012, Obj: 0.9840, Eq Viol (l1): 23.414629, Ineq Viol (l1): 809.563587, Epoch time: 0.09s
Epoch 687/1000, Loss: 0.0011, Obj: 0.9640, Eq Viol (l1): 23.408550, Ineq Viol (l1): 809.843871, Epoch time: 0.09s
Epoch 688/1000, Loss: 0.0012, Obj: 0.9671, Eq Viol (l1): 23.436815, Ineq Viol (l1): 809.995821, Epoch time: 0.09s
Epoch 689/1000, Loss: 0.0012, Obj: 0.9669, Eq Viol (l1): 23.405741, Ineq Viol (l1): 809.571650, Epoch time: 0.09s
Epoch 690/1000, Loss: 0.0012, Obj: 0.9911, Eq Viol (l1): 23.412202, Ineq Viol (l1): 809.468615, Epoch time: 0.09s
Epoch 691/1000, Loss: 0.0011, Obj: 0.9740, Eq Viol (l1): 23.418287, Ineq Viol (l1): 809.766530, Epoch time: 0.09s

Running validation at epoch 690...

VALIDATION_EPOCH_690 EVALUATION RESULTS:
==================================================
Obj:     5.696573e-01
Opt Gap:      1.530158e+00 ± 4.589041e-01
Eq Vio l1:   2.364971e+01 (max: 2.910716e+01)
Ineq Vio l1: 8.170326e+02 (max: 8.512983e+02)
Sol Dis:   1.486074e+02 ± 8.646348e-01
Merit:             8.407392e+03 ± 6.894018e+01
Avg Inf Time:  0.0002s
==================================================
✓ Model saved: results/nonsmooth_nonconvex/socp/SOCPProblem-100-50-50-10000/20260115-143912_MLP_sup_seed0_nepochs1000_lr0.0005_trainsize3000_subopt_3_0.5/model_690.pt
Epoch 692/1000, Loss: 0.0012, Obj: 0.9709, Eq Viol (l1): 23.440949, Ineq Viol (l1): 809.709545, Epoch time: 0.09s
Epoch 693/1000, Loss: 0.0013, Obj: 0.9709, Eq Viol (l1): 23.412220, Ineq Viol (l1): 809.615071, Epoch time: 0.09s
Epoch 694/1000, Loss: 0.0012, Obj: 0.9731, Eq Viol (l1): 23.397570, Ineq Viol (l1): 809.666762, Epoch time: 0.09s
Epoch 695/1000, Loss: 0.0012, Obj: 0.9661, Eq Viol (l1): 23.443467, Ineq Viol (l1): 809.937139, Epoch time: 0.09s
Epoch 696/1000, Loss: 0.0012, Obj: 0.9770, Eq Viol (l1): 23.440173, Ineq Viol (l1): 809.596889, Epoch time: 0.09s
Epoch 697/1000, Loss: 0.0012, Obj: 0.9655, Eq Viol (l1): 23.406091, Ineq Viol (l1): 809.968812, Epoch time: 0.09s
Epoch 698/1000, Loss: 0.0012, Obj: 0.9780, Eq Viol (l1): 23.413946, Ineq Viol (l1): 809.720321, Epoch time: 0.09s
Epoch 699/1000, Loss: 0.0012, Obj: 0.9576, Eq Viol (l1): 23.425203, Ineq Viol (l1): 809.828663, Epoch time: 0.09s
Epoch 700/1000, Loss: 0.0012, Obj: 0.9826, Eq Viol (l1): 23.420374, Ineq Viol (l1): 809.722583, Epoch time: 0.09s
Epoch 701/1000, Loss: 0.0013, Obj: 0.9680, Eq Viol (l1): 23.409615, Ineq Viol (l1): 809.549470, Epoch time: 0.09s

Running validation at epoch 700...

VALIDATION_EPOCH_700 EVALUATION RESULTS:
==================================================
Obj:     5.243693e-01
Opt Gap:      1.469539e+00 ± 4.702569e-01
Eq Vio l1:   2.359804e+01 (max: 2.912029e+01)
Ineq Vio l1: 8.178235e+02 (max: 8.497022e+02)
Sol Dis:   1.484177e+02 ± 7.928866e-01
Merit:             8.414740e+03 ± 5.717159e+01
Avg Inf Time:  0.0002s
==================================================
✓ Model saved: results/nonsmooth_nonconvex/socp/SOCPProblem-100-50-50-10000/20260115-143912_MLP_sup_seed0_nepochs1000_lr0.0005_trainsize3000_subopt_3_0.5/model_700.pt
Epoch 702/1000, Loss: 0.0011, Obj: 0.9747, Eq Viol (l1): 23.395801, Ineq Viol (l1): 809.940004, Epoch time: 0.09s
Epoch 703/1000, Loss: 0.0013, Obj: 0.9660, Eq Viol (l1): 23.415439, Ineq Viol (l1): 809.610516, Epoch time: 0.09s
Epoch 704/1000, Loss: 0.0012, Obj: 0.9768, Eq Viol (l1): 23.430933, Ineq Viol (l1): 809.821653, Epoch time: 0.09s
Epoch 705/1000, Loss: 0.0013, Obj: 0.9727, Eq Viol (l1): 23.441175, Ineq Viol (l1): 809.519138, Epoch time: 0.09s
Epoch 706/1000, Loss: 0.0011, Obj: 0.9605, Eq Viol (l1): 23.412006, Ineq Viol (l1): 809.938565, Epoch time: 0.09s
Epoch 707/1000, Loss: 0.0012, Obj: 0.9824, Eq Viol (l1): 23.411090, Ineq Viol (l1): 809.759256, Epoch time: 0.09s
Epoch 708/1000, Loss: 0.0012, Obj: 0.9830, Eq Viol (l1): 23.401597, Ineq Viol (l1): 809.321961, Epoch time: 0.09s
Epoch 709/1000, Loss: 0.0013, Obj: 0.9654, Eq Viol (l1): 23.436006, Ineq Viol (l1): 809.878131, Epoch time: 0.09s
Epoch 710/1000, Loss: 0.0012, Obj: 0.9892, Eq Viol (l1): 23.398604, Ineq Viol (l1): 809.475593, Epoch time: 0.09s
Epoch 711/1000, Loss: 0.0013, Obj: 0.9742, Eq Viol (l1): 23.445388, Ineq Viol (l1): 809.572131, Epoch time: 0.09s

Running validation at epoch 710...

VALIDATION_EPOCH_710 EVALUATION RESULTS:
==================================================
Obj:     5.724459e-01
Opt Gap:      1.581123e+00 ± 4.465621e-01
Eq Vio l1:   2.361934e+01 (max: 2.928437e+01)
Ineq Vio l1: 8.165308e+02 (max: 8.489770e+02)
Sol Dis:   1.484094e+02 ± 8.130871e-01
Merit:             8.402074e+03 ± 6.171588e+01
Avg Inf Time:  0.0002s
==================================================
✓ Model saved: results/nonsmooth_nonconvex/socp/SOCPProblem-100-50-50-10000/20260115-143912_MLP_sup_seed0_nepochs1000_lr0.0005_trainsize3000_subopt_3_0.5/model_710.pt
Epoch 712/1000, Loss: 0.0012, Obj: 0.9794, Eq Viol (l1): 23.419124, Ineq Viol (l1): 809.551761, Epoch time: 0.09s
Epoch 713/1000, Loss: 0.0014, Obj: 0.9834, Eq Viol (l1): 23.444587, Ineq Viol (l1): 809.548510, Epoch time: 0.09s
Epoch 714/1000, Loss: 0.0012, Obj: 0.9758, Eq Viol (l1): 23.425814, Ineq Viol (l1): 809.605650, Epoch time: 0.09s
Epoch 715/1000, Loss: 0.0011, Obj: 0.9665, Eq Viol (l1): 23.424595, Ineq Viol (l1): 810.044173, Epoch time: 0.09s
Epoch 716/1000, Loss: 0.0011, Obj: 0.9756, Eq Viol (l1): 23.404273, Ineq Viol (l1): 809.476633, Epoch time: 0.09s
Epoch 717/1000, Loss: 0.0012, Obj: 0.9704, Eq Viol (l1): 23.430119, Ineq Viol (l1): 809.807723, Epoch time: 0.09s
Epoch 718/1000, Loss: 0.0012, Obj: 0.9747, Eq Viol (l1): 23.417071, Ineq Viol (l1): 809.551003, Epoch time: 0.09s
Epoch 719/1000, Loss: 0.0012, Obj: 0.9862, Eq Viol (l1): 23.419460, Ineq Viol (l1): 809.535699, Epoch time: 0.09s
Epoch 720/1000, Loss: 0.0012, Obj: 0.9719, Eq Viol (l1): 23.412894, Ineq Viol (l1): 809.831367, Epoch time: 0.09s
Epoch 721/1000, Loss: 0.0011, Obj: 0.9957, Eq Viol (l1): 23.411588, Ineq Viol (l1): 809.300505, Epoch time: 0.09s

Running validation at epoch 720...

VALIDATION_EPOCH_720 EVALUATION RESULTS:
==================================================
Obj:     5.572161e-01
Opt Gap:      1.499818e+00 ± 5.215595e-01
Eq Vio l1:   2.364866e+01 (max: 2.932370e+01)
Ineq Vio l1: 8.166255e+02 (max: 8.491913e+02)
Sol Dis:   1.484500e+02 ± 8.591235e-01
Merit:             8.403298e+03 ± 5.823305e+01
Avg Inf Time:  0.0002s
==================================================
✓ Model saved: results/nonsmooth_nonconvex/socp/SOCPProblem-100-50-50-10000/20260115-143912_MLP_sup_seed0_nepochs1000_lr0.0005_trainsize3000_subopt_3_0.5/model_720.pt
Epoch 722/1000, Loss: 0.0011, Obj: 0.9704, Eq Viol (l1): 23.418655, Ineq Viol (l1): 809.695038, Epoch time: 0.09s
Epoch 723/1000, Loss: 0.0012, Obj: 0.9802, Eq Viol (l1): 23.406616, Ineq Viol (l1): 809.539267, Epoch time: 0.09s
Epoch 724/1000, Loss: 0.0012, Obj: 0.9698, Eq Viol (l1): 23.417589, Ineq Viol (l1): 809.760078, Epoch time: 0.09s
Epoch 725/1000, Loss: 0.0012, Obj: 0.9760, Eq Viol (l1): 23.445351, Ineq Viol (l1): 809.579554, Epoch time: 0.09s
Epoch 726/1000, Loss: 0.0013, Obj: 0.9666, Eq Viol (l1): 23.424842, Ineq Viol (l1): 809.710050, Epoch time: 0.09s
Epoch 727/1000, Loss: 0.0011, Obj: 0.9842, Eq Viol (l1): 23.421739, Ineq Viol (l1): 809.676846, Epoch time: 0.09s
Epoch 728/1000, Loss: 0.0011, Obj: 0.9704, Eq Viol (l1): 23.431929, Ineq Viol (l1): 809.827873, Epoch time: 0.09s
Epoch 729/1000, Loss: 0.0011, Obj: 0.9691, Eq Viol (l1): 23.408599, Ineq Viol (l1): 809.742527, Epoch time: 0.09s
Epoch 730/1000, Loss: 0.0011, Obj: 0.9671, Eq Viol (l1): 23.411329, Ineq Viol (l1): 809.898324, Epoch time: 0.09s
Epoch 731/1000, Loss: 0.0012, Obj: 0.9641, Eq Viol (l1): 23.416667, Ineq Viol (l1): 809.892637, Epoch time: 0.09s

Running validation at epoch 730...

VALIDATION_EPOCH_730 EVALUATION RESULTS:
==================================================
Obj:     4.917296e-01
Opt Gap:      1.409543e+00 ± 4.402467e-01
Eq Vio l1:   2.361053e+01 (max: 2.938663e+01)
Ineq Vio l1: 8.190059e+02 (max: 8.523215e+02)
Sol Dis:   1.486113e+02 ± 8.635314e-01
Merit:             8.426656e+03 ± 5.377103e+01
Avg Inf Time:  0.0002s
==================================================
✓ Model saved: results/nonsmooth_nonconvex/socp/SOCPProblem-100-50-50-10000/20260115-143912_MLP_sup_seed0_nepochs1000_lr0.0005_trainsize3000_subopt_3_0.5/model_730.pt
Epoch 732/1000, Loss: 0.0012, Obj: 0.9851, Eq Viol (l1): 23.424210, Ineq Viol (l1): 809.457772, Epoch time: 0.09s
Epoch 733/1000, Loss: 0.0013, Obj: 0.9727, Eq Viol (l1): 23.418630, Ineq Viol (l1): 809.799393, Epoch time: 0.09s
Epoch 734/1000, Loss: 0.0011, Obj: 0.9832, Eq Viol (l1): 23.406368, Ineq Viol (l1): 809.468533, Epoch time: 0.09s
Epoch 735/1000, Loss: 0.0012, Obj: 0.9853, Eq Viol (l1): 23.428237, Ineq Viol (l1): 809.542305, Epoch time: 0.09s
Epoch 736/1000, Loss: 0.0011, Obj: 0.9685, Eq Viol (l1): 23.414114, Ineq Viol (l1): 809.635993, Epoch time: 0.09s
Epoch 737/1000, Loss: 0.0012, Obj: 0.9632, Eq Viol (l1): 23.410495, Ineq Viol (l1): 810.002222, Epoch time: 0.09s
Epoch 738/1000, Loss: 0.0013, Obj: 0.9699, Eq Viol (l1): 23.420764, Ineq Viol (l1): 809.772366, Epoch time: 0.09s
Epoch 739/1000, Loss: 0.0012, Obj: 0.9828, Eq Viol (l1): 23.444366, Ineq Viol (l1): 809.416448, Epoch time: 0.09s
Epoch 740/1000, Loss: 0.0012, Obj: 0.9675, Eq Viol (l1): 23.422446, Ineq Viol (l1): 809.766347, Epoch time: 0.09s
Epoch 741/1000, Loss: 0.0012, Obj: 0.9681, Eq Viol (l1): 23.418258, Ineq Viol (l1): 809.757595, Epoch time: 0.09s

Running validation at epoch 740...

VALIDATION_EPOCH_740 EVALUATION RESULTS:
==================================================
Obj:     5.794798e-01
Opt Gap:      1.537381e+00 ± 4.934635e-01
Eq Vio l1:   2.362190e+01 (max: 2.913036e+01)
Ineq Vio l1: 8.157815e+02 (max: 8.502734e+02)
Sol Dis:   1.483121e+02 ± 8.507706e-01
Merit:             8.394613e+03 ± 5.577075e+01
Avg Inf Time:  0.0002s
==================================================
✓ Model saved: results/nonsmooth_nonconvex/socp/SOCPProblem-100-50-50-10000/20260115-143912_MLP_sup_seed0_nepochs1000_lr0.0005_trainsize3000_subopt_3_0.5/model_740.pt
Epoch 742/1000, Loss: 0.0012, Obj: 0.9790, Eq Viol (l1): 23.422560, Ineq Viol (l1): 809.588336, Epoch time: 0.09s
Epoch 743/1000, Loss: 0.0012, Obj: 0.9639, Eq Viol (l1): 23.433587, Ineq Viol (l1): 809.956102, Epoch time: 0.09s
Epoch 744/1000, Loss: 0.0012, Obj: 0.9690, Eq Viol (l1): 23.411479, Ineq Viol (l1): 809.834624, Epoch time: 0.09s
Epoch 745/1000, Loss: 0.0012, Obj: 0.9716, Eq Viol (l1): 23.423299, Ineq Viol (l1): 809.575878, Epoch time: 0.09s
Epoch 746/1000, Loss: 0.0013, Obj: 0.9902, Eq Viol (l1): 23.419414, Ineq Viol (l1): 809.350580, Epoch time: 0.09s
Epoch 747/1000, Loss: 0.0013, Obj: 1.0041, Eq Viol (l1): 23.416632, Ineq Viol (l1): 809.074293, Epoch time: 0.09s
Epoch 748/1000, Loss: 0.0012, Obj: 0.9962, Eq Viol (l1): 23.399760, Ineq Viol (l1): 809.306380, Epoch time: 0.09s
Epoch 749/1000, Loss: 0.0012, Obj: 0.9859, Eq Viol (l1): 23.416105, Ineq Viol (l1): 809.409212, Epoch time: 0.09s
Epoch 750/1000, Loss: 0.0011, Obj: 0.9826, Eq Viol (l1): 23.421300, Ineq Viol (l1): 809.455018, Epoch time: 0.09s
Epoch 751/1000, Loss: 0.0012, Obj: 0.9835, Eq Viol (l1): 23.412677, Ineq Viol (l1): 809.618455, Epoch time: 0.09s

Running validation at epoch 750...

VALIDATION_EPOCH_750 EVALUATION RESULTS:
==================================================
Obj:     5.845735e-01
Opt Gap:      1.458164e+00 ± 4.698924e-01
Eq Vio l1:   2.364062e+01 (max: 2.912869e+01)
Ineq Vio l1: 8.165778e+02 (max: 8.478263e+02)
Sol Dis:   1.486015e+02 ± 8.220376e-01
Merit:             8.402769e+03 ± 6.257835e+01
Avg Inf Time:  0.0002s
==================================================
✓ Model saved: results/nonsmooth_nonconvex/socp/SOCPProblem-100-50-50-10000/20260115-143912_MLP_sup_seed0_nepochs1000_lr0.0005_trainsize3000_subopt_3_0.5/model_750.pt
Epoch 752/1000, Loss: 0.0011, Obj: 0.9746, Eq Viol (l1): 23.454402, Ineq Viol (l1): 809.759396, Epoch time: 0.09s
Epoch 753/1000, Loss: 0.0011, Obj: 0.9710, Eq Viol (l1): 23.440089, Ineq Viol (l1): 809.790282, Epoch time: 0.09s
Epoch 754/1000, Loss: 0.0011, Obj: 0.9929, Eq Viol (l1): 23.419126, Ineq Viol (l1): 809.234100, Epoch time: 0.09s
Epoch 755/1000, Loss: 0.0012, Obj: 0.9845, Eq Viol (l1): 23.426448, Ineq Viol (l1): 809.466491, Epoch time: 0.09s
Epoch 756/1000, Loss: 0.0012, Obj: 0.9756, Eq Viol (l1): 23.461004, Ineq Viol (l1): 809.638913, Epoch time: 0.09s
Epoch 757/1000, Loss: 0.0013, Obj: 0.9747, Eq Viol (l1): 23.431959, Ineq Viol (l1): 809.657881, Epoch time: 0.09s
Epoch 758/1000, Loss: 0.0011, Obj: 0.9916, Eq Viol (l1): 23.410367, Ineq Viol (l1): 809.356097, Epoch time: 0.09s
Epoch 759/1000, Loss: 0.0011, Obj: 0.9721, Eq Viol (l1): 23.425844, Ineq Viol (l1): 809.621530, Epoch time: 0.09s
Epoch 760/1000, Loss: 0.0011, Obj: 0.9795, Eq Viol (l1): 23.404799, Ineq Viol (l1): 809.779527, Epoch time: 0.09s
Epoch 761/1000, Loss: 0.0013, Obj: 0.9833, Eq Viol (l1): 23.436459, Ineq Viol (l1): 809.243835, Epoch time: 0.09s

Running validation at epoch 760...

VALIDATION_EPOCH_760 EVALUATION RESULTS:
==================================================
Obj:     5.539215e-01
Opt Gap:      1.447128e+00 ± 4.829896e-01
Eq Vio l1:   2.362908e+01 (max: 2.895353e+01)
Ineq Vio l1: 8.169792e+02 (max: 8.487588e+02)
Sol Dis:   1.485148e+02 ± 9.026660e-01
Merit:             8.406637e+03 ± 6.159468e+01
Avg Inf Time:  0.0002s
==================================================
✓ Model saved: results/nonsmooth_nonconvex/socp/SOCPProblem-100-50-50-10000/20260115-143912_MLP_sup_seed0_nepochs1000_lr0.0005_trainsize3000_subopt_3_0.5/model_760.pt
Epoch 762/1000, Loss: 0.0011, Obj: 0.9821, Eq Viol (l1): 23.431664, Ineq Viol (l1): 809.520846, Epoch time: 0.09s
Epoch 763/1000, Loss: 0.0011, Obj: 0.9778, Eq Viol (l1): 23.421877, Ineq Viol (l1): 809.626571, Epoch time: 0.09s
Epoch 764/1000, Loss: 0.0011, Obj: 0.9845, Eq Viol (l1): 23.423816, Ineq Viol (l1): 809.507139, Epoch time: 0.09s
Epoch 765/1000, Loss: 0.0011, Obj: 0.9799, Eq Viol (l1): 23.409856, Ineq Viol (l1): 809.589168, Epoch time: 0.09s
Epoch 766/1000, Loss: 0.0011, Obj: 0.9904, Eq Viol (l1): 23.401847, Ineq Viol (l1): 809.436944, Epoch time: 0.09s
Epoch 767/1000, Loss: 0.0012, Obj: 0.9788, Eq Viol (l1): 23.427664, Ineq Viol (l1): 809.458174, Epoch time: 0.09s
Epoch 768/1000, Loss: 0.0010, Obj: 0.9714, Eq Viol (l1): 23.411340, Ineq Viol (l1): 809.798414, Epoch time: 0.09s
Epoch 769/1000, Loss: 0.0011, Obj: 0.9852, Eq Viol (l1): 23.443354, Ineq Viol (l1): 809.474150, Epoch time: 0.09s
Epoch 770/1000, Loss: 0.0011, Obj: 0.9702, Eq Viol (l1): 23.440947, Ineq Viol (l1): 809.721165, Epoch time: 0.09s
Epoch 771/1000, Loss: 0.0011, Obj: 0.9782, Eq Viol (l1): 23.408787, Ineq Viol (l1): 809.607082, Epoch time: 0.09s

Running validation at epoch 770...

VALIDATION_EPOCH_770 EVALUATION RESULTS:
==================================================
Obj:     5.913881e-01
Opt Gap:      1.529592e+00 ± 4.929089e-01
Eq Vio l1:   2.363126e+01 (max: 3.019452e+01)
Ineq Vio l1: 8.164990e+02 (max: 8.491454e+02)
Sol Dis:   1.486390e+02 ± 7.839697e-01
Merit:             8.401894e+03 ± 5.931548e+01
Avg Inf Time:  0.0002s
==================================================
✓ Model saved: results/nonsmooth_nonconvex/socp/SOCPProblem-100-50-50-10000/20260115-143912_MLP_sup_seed0_nepochs1000_lr0.0005_trainsize3000_subopt_3_0.5/model_770.pt
Epoch 772/1000, Loss: 0.0011, Obj: 0.9867, Eq Viol (l1): 23.419971, Ineq Viol (l1): 809.645130, Epoch time: 0.09s
Epoch 773/1000, Loss: 0.0011, Obj: 0.9725, Eq Viol (l1): 23.436577, Ineq Viol (l1): 809.636117, Epoch time: 0.09s
Epoch 774/1000, Loss: 0.0011, Obj: 0.9602, Eq Viol (l1): 23.432735, Ineq Viol (l1): 809.923137, Epoch time: 0.09s
Epoch 775/1000, Loss: 0.0011, Obj: 0.9777, Eq Viol (l1): 23.403415, Ineq Viol (l1): 809.616847, Epoch time: 0.09s
Epoch 776/1000, Loss: 0.0010, Obj: 0.9670, Eq Viol (l1): 23.416377, Ineq Viol (l1): 809.899837, Epoch time: 0.09s
Epoch 777/1000, Loss: 0.0010, Obj: 0.9757, Eq Viol (l1): 23.424188, Ineq Viol (l1): 809.724484, Epoch time: 0.09s
Epoch 778/1000, Loss: 0.0012, Obj: 0.9665, Eq Viol (l1): 23.418849, Ineq Viol (l1): 809.759999, Epoch time: 0.09s
Epoch 779/1000, Loss: 0.0012, Obj: 0.9879, Eq Viol (l1): 23.422515, Ineq Viol (l1): 809.533209, Epoch time: 0.09s
Epoch 780/1000, Loss: 0.0012, Obj: 0.9722, Eq Viol (l1): 23.424590, Ineq Viol (l1): 809.654512, Epoch time: 0.09s
Epoch 781/1000, Loss: 0.0012, Obj: 0.9696, Eq Viol (l1): 23.438187, Ineq Viol (l1): 809.610546, Epoch time: 0.09s

Running validation at epoch 780...

VALIDATION_EPOCH_780 EVALUATION RESULTS:
==================================================
Obj:     5.485313e-01
Opt Gap:      1.480673e+00 ± 5.033388e-01
Eq Vio l1:   2.363050e+01 (max: 2.942910e+01)
Ineq Vio l1: 8.176184e+02 (max: 8.484159e+02)
Sol Dis:   1.485574e+02 ± 9.739426e-01
Merit:             8.413038e+03 ± 6.002312e+01
Avg Inf Time:  0.0002s
==================================================
✓ Model saved: results/nonsmooth_nonconvex/socp/SOCPProblem-100-50-50-10000/20260115-143912_MLP_sup_seed0_nepochs1000_lr0.0005_trainsize3000_subopt_3_0.5/model_780.pt
Epoch 782/1000, Loss: 0.0012, Obj: 0.9722, Eq Viol (l1): 23.428144, Ineq Viol (l1): 809.871468, Epoch time: 0.09s
Epoch 783/1000, Loss: 0.0013, Obj: 0.9768, Eq Viol (l1): 23.451314, Ineq Viol (l1): 809.738115, Epoch time: 0.09s
Epoch 784/1000, Loss: 0.0012, Obj: 0.9577, Eq Viol (l1): 23.407995, Ineq Viol (l1): 809.881615, Epoch time: 0.09s
Epoch 785/1000, Loss: 0.0013, Obj: 0.9727, Eq Viol (l1): 23.435731, Ineq Viol (l1): 809.785192, Epoch time: 0.09s
Epoch 786/1000, Loss: 0.0012, Obj: 0.9630, Eq Viol (l1): 23.456130, Ineq Viol (l1): 809.904299, Epoch time: 0.09s
Epoch 787/1000, Loss: 0.0011, Obj: 0.9828, Eq Viol (l1): 23.422384, Ineq Viol (l1): 809.533814, Epoch time: 0.09s
Epoch 788/1000, Loss: 0.0011, Obj: 0.9852, Eq Viol (l1): 23.419284, Ineq Viol (l1): 809.524727, Epoch time: 0.09s
Epoch 789/1000, Loss: 0.0011, Obj: 0.9659, Eq Viol (l1): 23.410267, Ineq Viol (l1): 809.791096, Epoch time: 0.09s
Epoch 790/1000, Loss: 0.0012, Obj: 0.9710, Eq Viol (l1): 23.399716, Ineq Viol (l1): 809.679250, Epoch time: 0.16s
Epoch 791/1000, Loss: 0.0011, Obj: 0.9890, Eq Viol (l1): 23.384557, Ineq Viol (l1): 809.514948, Epoch time: 0.09s

Running validation at epoch 790...

VALIDATION_EPOCH_790 EVALUATION RESULTS:
==================================================
Obj:     5.465796e-01
Opt Gap:      1.471738e+00 ± 4.537831e-01
Eq Vio l1:   2.366466e+01 (max: 2.934078e+01)
Ineq Vio l1: 8.172380e+02 (max: 8.467345e+02)
Sol Dis:   1.484695e+02 ± 8.136718e-01
Merit:             8.409573e+03 ± 5.726189e+01
Avg Inf Time:  0.0002s
==================================================
✓ Model saved: results/nonsmooth_nonconvex/socp/SOCPProblem-100-50-50-10000/20260115-143912_MLP_sup_seed0_nepochs1000_lr0.0005_trainsize3000_subopt_3_0.5/model_790.pt
Epoch 792/1000, Loss: 0.0010, Obj: 0.9787, Eq Viol (l1): 23.424016, Ineq Viol (l1): 809.539205, Epoch time: 0.09s
Epoch 793/1000, Loss: 0.0011, Obj: 0.9826, Eq Viol (l1): 23.385124, Ineq Viol (l1): 809.467491, Epoch time: 0.09s
Epoch 794/1000, Loss: 0.0009, Obj: 0.9684, Eq Viol (l1): 23.419485, Ineq Viol (l1): 809.798646, Epoch time: 0.09s
Epoch 795/1000, Loss: 0.0011, Obj: 0.9593, Eq Viol (l1): 23.435305, Ineq Viol (l1): 809.928743, Epoch time: 0.09s
Epoch 796/1000, Loss: 0.0011, Obj: 0.9846, Eq Viol (l1): 23.422167, Ineq Viol (l1): 809.692967, Epoch time: 0.09s
Epoch 797/1000, Loss: 0.0012, Obj: 0.9742, Eq Viol (l1): 23.433880, Ineq Viol (l1): 809.609003, Epoch time: 0.09s
Epoch 798/1000, Loss: 0.0011, Obj: 0.9750, Eq Viol (l1): 23.423656, Ineq Viol (l1): 809.568017, Epoch time: 0.09s
Epoch 799/1000, Loss: 0.0012, Obj: 0.9991, Eq Viol (l1): 23.422062, Ineq Viol (l1): 809.209969, Epoch time: 0.09s
Epoch 800/1000, Loss: 0.0011, Obj: 0.9986, Eq Viol (l1): 23.413653, Ineq Viol (l1): 809.292002, Epoch time: 0.09s
Epoch 801/1000, Loss: 0.0012, Obj: 0.9895, Eq Viol (l1): 23.428117, Ineq Viol (l1): 809.391381, Epoch time: 0.09s

Running validation at epoch 800...

VALIDATION_EPOCH_800 EVALUATION RESULTS:
==================================================
Obj:     5.894562e-01
Opt Gap:      1.502257e+00 ± 4.964105e-01
Eq Vio l1:   2.362134e+01 (max: 2.888373e+01)
Ineq Vio l1: 8.165279e+02 (max: 8.501809e+02)
Sol Dis:   1.485879e+02 ± 9.213131e-01
Merit:             8.402082e+03 ± 6.479559e+01
Avg Inf Time:  0.0002s
==================================================
✓ Model saved: results/nonsmooth_nonconvex/socp/SOCPProblem-100-50-50-10000/20260115-143912_MLP_sup_seed0_nepochs1000_lr0.0005_trainsize3000_subopt_3_0.5/model_800.pt
Epoch 802/1000, Loss: 0.0012, Obj: 0.9624, Eq Viol (l1): 23.449752, Ineq Viol (l1): 809.877343, Epoch time: 0.09s
Epoch 803/1000, Loss: 0.0012, Obj: 0.9611, Eq Viol (l1): 23.449373, Ineq Viol (l1): 809.934931, Epoch time: 0.09s
Epoch 804/1000, Loss: 0.0012, Obj: 0.9731, Eq Viol (l1): 23.432592, Ineq Viol (l1): 809.745797, Epoch time: 0.09s
Epoch 805/1000, Loss: 0.0011, Obj: 0.9702, Eq Viol (l1): 23.413945, Ineq Viol (l1): 809.699699, Epoch time: 0.09s
Epoch 806/1000, Loss: 0.0011, Obj: 0.9715, Eq Viol (l1): 23.439710, Ineq Viol (l1): 809.831982, Epoch time: 0.09s
Epoch 807/1000, Loss: 0.0011, Obj: 0.9686, Eq Viol (l1): 23.424654, Ineq Viol (l1): 809.665763, Epoch time: 0.09s
Epoch 808/1000, Loss: 0.0010, Obj: 0.9797, Eq Viol (l1): 23.424376, Ineq Viol (l1): 809.679689, Epoch time: 0.09s
Epoch 809/1000, Loss: 0.0011, Obj: 0.9820, Eq Viol (l1): 23.414494, Ineq Viol (l1): 809.458212, Epoch time: 0.09s
Epoch 810/1000, Loss: 0.0010, Obj: 0.9822, Eq Viol (l1): 23.418389, Ineq Viol (l1): 809.558416, Epoch time: 0.09s
Epoch 811/1000, Loss: 0.0009, Obj: 0.9702, Eq Viol (l1): 23.407978, Ineq Viol (l1): 809.827013, Epoch time: 0.09s

Running validation at epoch 810...

VALIDATION_EPOCH_810 EVALUATION RESULTS:
==================================================
Obj:     5.573505e-01
Opt Gap:      1.506512e+00 ± 5.059087e-01
Eq Vio l1:   2.363320e+01 (max: 2.903185e+01)
Ineq Vio l1: 8.173356e+02 (max: 8.474169e+02)
Sol Dis:   1.485132e+02 ± 8.539947e-01
Merit:             8.410246e+03 ± 5.904963e+01
Avg Inf Time:  0.0002s
==================================================
✓ Model saved: results/nonsmooth_nonconvex/socp/SOCPProblem-100-50-50-10000/20260115-143912_MLP_sup_seed0_nepochs1000_lr0.0005_trainsize3000_subopt_3_0.5/model_810.pt
Epoch 812/1000, Loss: 0.0011, Obj: 0.9660, Eq Viol (l1): 23.411552, Ineq Viol (l1): 809.894729, Epoch time: 0.09s
Epoch 813/1000, Loss: 0.0012, Obj: 0.9655, Eq Viol (l1): 23.435247, Ineq Viol (l1): 809.808152, Epoch time: 0.09s
Epoch 814/1000, Loss: 0.0012, Obj: 0.9926, Eq Viol (l1): 23.407007, Ineq Viol (l1): 809.506329, Epoch time: 0.09s
Epoch 815/1000, Loss: 0.0010, Obj: 0.9645, Eq Viol (l1): 23.421903, Ineq Viol (l1): 809.841990, Epoch time: 0.09s
Epoch 816/1000, Loss: 0.0011, Obj: 0.9699, Eq Viol (l1): 23.413412, Ineq Viol (l1): 809.620450, Epoch time: 0.09s
Epoch 817/1000, Loss: 0.0010, Obj: 0.9903, Eq Viol (l1): 23.403042, Ineq Viol (l1): 809.439169, Epoch time: 0.09s
Epoch 818/1000, Loss: 0.0010, Obj: 0.9751, Eq Viol (l1): 23.410851, Ineq Viol (l1): 809.652756, Epoch time: 0.09s
Epoch 819/1000, Loss: 0.0009, Obj: 0.9789, Eq Viol (l1): 23.406414, Ineq Viol (l1): 809.672179, Epoch time: 0.09s
Epoch 820/1000, Loss: 0.0010, Obj: 0.9760, Eq Viol (l1): 23.417731, Ineq Viol (l1): 809.683792, Epoch time: 0.09s
Epoch 821/1000, Loss: 0.0010, Obj: 0.9659, Eq Viol (l1): 23.401880, Ineq Viol (l1): 809.875802, Epoch time: 0.09s

Running validation at epoch 820...

VALIDATION_EPOCH_820 EVALUATION RESULTS:
==================================================
Obj:     5.606182e-01
Opt Gap:      1.515927e+00 ± 4.916964e-01
Eq Vio l1:   2.362594e+01 (max: 2.971963e+01)
Ineq Vio l1: 8.162185e+02 (max: 8.481860e+02)
Sol Dis:   1.482512e+02 ± 7.899322e-01
Merit:             8.399005e+03 ± 5.217581e+01
Avg Inf Time:  0.0002s
==================================================
✓ Model saved: results/nonsmooth_nonconvex/socp/SOCPProblem-100-50-50-10000/20260115-143912_MLP_sup_seed0_nepochs1000_lr0.0005_trainsize3000_subopt_3_0.5/model_820.pt
Epoch 822/1000, Loss: 0.0011, Obj: 0.9691, Eq Viol (l1): 23.407592, Ineq Viol (l1): 809.659104, Epoch time: 0.09s
Epoch 823/1000, Loss: 0.0010, Obj: 0.9695, Eq Viol (l1): 23.427820, Ineq Viol (l1): 809.812730, Epoch time: 0.09s
Epoch 824/1000, Loss: 0.0011, Obj: 0.9982, Eq Viol (l1): 23.406899, Ineq Viol (l1): 809.227313, Epoch time: 0.09s
Epoch 825/1000, Loss: 0.0011, Obj: 0.9992, Eq Viol (l1): 23.419280, Ineq Viol (l1): 809.166572, Epoch time: 0.09s
Epoch 826/1000, Loss: 0.0011, Obj: 0.9706, Eq Viol (l1): 23.404286, Ineq Viol (l1): 809.645601, Epoch time: 0.09s
Epoch 827/1000, Loss: 0.0011, Obj: 0.9821, Eq Viol (l1): 23.428459, Ineq Viol (l1): 809.773299, Epoch time: 0.09s
Epoch 828/1000, Loss: 0.0011, Obj: 0.9771, Eq Viol (l1): 23.437245, Ineq Viol (l1): 809.791704, Epoch time: 0.09s
Epoch 829/1000, Loss: 0.0010, Obj: 0.9643, Eq Viol (l1): 23.425064, Ineq Viol (l1): 809.827573, Epoch time: 0.09s
Epoch 830/1000, Loss: 0.0010, Obj: 0.9735, Eq Viol (l1): 23.432379, Ineq Viol (l1): 809.817233, Epoch time: 0.09s
Epoch 831/1000, Loss: 0.0011, Obj: 0.9643, Eq Viol (l1): 23.409618, Ineq Viol (l1): 809.762335, Epoch time: 0.09s

Running validation at epoch 830...

VALIDATION_EPOCH_830 EVALUATION RESULTS:
==================================================
Obj:     6.080894e-01
Opt Gap:      1.610969e+00 ± 4.824799e-01
Eq Vio l1:   2.364727e+01 (max: 2.944863e+01)
Ineq Vio l1: 8.153742e+02 (max: 8.470707e+02)
Sol Dis:   1.485796e+02 ± 8.262532e-01
Merit:             8.390822e+03 ± 6.172717e+01
Avg Inf Time:  0.0002s
==================================================
✓ Model saved: results/nonsmooth_nonconvex/socp/SOCPProblem-100-50-50-10000/20260115-143912_MLP_sup_seed0_nepochs1000_lr0.0005_trainsize3000_subopt_3_0.5/model_830.pt
Epoch 832/1000, Loss: 0.0010, Obj: 0.9835, Eq Viol (l1): 23.409633, Ineq Viol (l1): 809.523619, Epoch time: 0.09s
Epoch 833/1000, Loss: 0.0011, Obj: 0.9755, Eq Viol (l1): 23.444100, Ineq Viol (l1): 809.750773, Epoch time: 0.09s
Epoch 834/1000, Loss: 0.0011, Obj: 0.9736, Eq Viol (l1): 23.406808, Ineq Viol (l1): 809.721546, Epoch time: 0.09s
Epoch 835/1000, Loss: 0.0011, Obj: 0.9807, Eq Viol (l1): 23.427680, Ineq Viol (l1): 809.698972, Epoch time: 0.09s
Epoch 836/1000, Loss: 0.0012, Obj: 0.9716, Eq Viol (l1): 23.425383, Ineq Viol (l1): 809.670339, Epoch time: 0.09s
Epoch 837/1000, Loss: 0.0010, Obj: 0.9674, Eq Viol (l1): 23.420064, Ineq Viol (l1): 809.700054, Epoch time: 0.09s
Epoch 838/1000, Loss: 0.0011, Obj: 1.0043, Eq Viol (l1): 23.400580, Ineq Viol (l1): 809.115012, Epoch time: 0.09s
Epoch 839/1000, Loss: 0.0010, Obj: 0.9766, Eq Viol (l1): 23.402403, Ineq Viol (l1): 809.584080, Epoch time: 0.09s
Epoch 840/1000, Loss: 0.0011, Obj: 0.9724, Eq Viol (l1): 23.423595, Ineq Viol (l1): 809.611713, Epoch time: 0.09s
Epoch 841/1000, Loss: 0.0011, Obj: 0.9737, Eq Viol (l1): 23.432082, Ineq Viol (l1): 809.862810, Epoch time: 0.09s

Running validation at epoch 840...

VALIDATION_EPOCH_840 EVALUATION RESULTS:
==================================================
Obj:     6.360782e-01
Opt Gap:      1.665969e+00 ± 5.108728e-01
Eq Vio l1:   2.365121e+01 (max: 2.904338e+01)
Ineq Vio l1: 8.150552e+02 (max: 8.448217e+02)
Sol Dis:   1.484843e+02 ± 9.380932e-01
Merit:             8.387700e+03 ± 6.061871e+01
Avg Inf Time:  0.0002s
==================================================
✓ Model saved: results/nonsmooth_nonconvex/socp/SOCPProblem-100-50-50-10000/20260115-143912_MLP_sup_seed0_nepochs1000_lr0.0005_trainsize3000_subopt_3_0.5/model_840.pt
Epoch 842/1000, Loss: 0.0011, Obj: 0.9718, Eq Viol (l1): 23.430113, Ineq Viol (l1): 809.648556, Epoch time: 0.09s
Epoch 843/1000, Loss: 0.0010, Obj: 0.9740, Eq Viol (l1): 23.424304, Ineq Viol (l1): 809.836713, Epoch time: 0.09s
Epoch 844/1000, Loss: 0.0011, Obj: 0.9655, Eq Viol (l1): 23.431827, Ineq Viol (l1): 809.726785, Epoch time: 0.09s
Epoch 845/1000, Loss: 0.0010, Obj: 0.9758, Eq Viol (l1): 23.430562, Ineq Viol (l1): 809.613526, Epoch time: 0.09s
Epoch 846/1000, Loss: 0.0010, Obj: 0.9663, Eq Viol (l1): 23.413601, Ineq Viol (l1): 809.901599, Epoch time: 0.09s
Epoch 847/1000, Loss: 0.0012, Obj: 0.9640, Eq Viol (l1): 23.432606, Ineq Viol (l1): 809.727737, Epoch time: 0.09s
Epoch 848/1000, Loss: 0.0010, Obj: 0.9762, Eq Viol (l1): 23.407561, Ineq Viol (l1): 809.793580, Epoch time: 0.09s
Epoch 849/1000, Loss: 0.0010, Obj: 0.9692, Eq Viol (l1): 23.444516, Ineq Viol (l1): 809.827595, Epoch time: 0.09s
Epoch 850/1000, Loss: 0.0012, Obj: 0.9529, Eq Viol (l1): 23.426728, Ineq Viol (l1): 809.958123, Epoch time: 0.09s
Epoch 851/1000, Loss: 0.0013, Obj: 0.9841, Eq Viol (l1): 23.430040, Ineq Viol (l1): 809.616852, Epoch time: 0.09s

Running validation at epoch 850...

VALIDATION_EPOCH_850 EVALUATION RESULTS:
==================================================
Obj:     5.906818e-01
Opt Gap:      1.489689e+00 ± 5.127974e-01
Eq Vio l1:   2.365108e+01 (max: 2.914349e+01)
Ineq Vio l1: 8.163422e+02 (max: 8.481042e+02)
Sol Dis:   1.486228e+02 ± 9.249837e-01
Merit:             8.400524e+03 ± 6.354834e+01
Avg Inf Time:  0.0002s
==================================================
✓ Model saved: results/nonsmooth_nonconvex/socp/SOCPProblem-100-50-50-10000/20260115-143912_MLP_sup_seed0_nepochs1000_lr0.0005_trainsize3000_subopt_3_0.5/model_850.pt
Epoch 852/1000, Loss: 0.0011, Obj: 0.9719, Eq Viol (l1): 23.437732, Ineq Viol (l1): 809.660643, Epoch time: 0.09s
Epoch 853/1000, Loss: 0.0011, Obj: 0.9660, Eq Viol (l1): 23.433471, Ineq Viol (l1): 809.719528, Epoch time: 0.09s
Epoch 854/1000, Loss: 0.0010, Obj: 0.9814, Eq Viol (l1): 23.431260, Ineq Viol (l1): 809.591827, Epoch time: 0.09s
Epoch 855/1000, Loss: 0.0010, Obj: 0.9892, Eq Viol (l1): 23.409913, Ineq Viol (l1): 809.459874, Epoch time: 0.09s
Epoch 856/1000, Loss: 0.0010, Obj: 0.9862, Eq Viol (l1): 23.400934, Ineq Viol (l1): 809.522194, Epoch time: 0.09s
Epoch 857/1000, Loss: 0.0010, Obj: 0.9814, Eq Viol (l1): 23.413485, Ineq Viol (l1): 809.394609, Epoch time: 0.09s
Epoch 858/1000, Loss: 0.0010, Obj: 1.0115, Eq Viol (l1): 23.415806, Ineq Viol (l1): 809.174560, Epoch time: 0.09s
Epoch 859/1000, Loss: 0.0011, Obj: 0.9743, Eq Viol (l1): 23.416115, Ineq Viol (l1): 809.492818, Epoch time: 0.09s
Epoch 860/1000, Loss: 0.0010, Obj: 1.0051, Eq Viol (l1): 23.408241, Ineq Viol (l1): 809.041592, Epoch time: 0.09s
Epoch 861/1000, Loss: 0.0010, Obj: 0.9767, Eq Viol (l1): 23.442316, Ineq Viol (l1): 809.807215, Epoch time: 0.09s

Running validation at epoch 860...

VALIDATION_EPOCH_860 EVALUATION RESULTS:
==================================================
Obj:     5.063554e-01
Opt Gap:      1.443721e+00 ± 4.940097e-01
Eq Vio l1:   2.364345e+01 (max: 2.955114e+01)
Ineq Vio l1: 8.176878e+02 (max: 8.479995e+02)
Sol Dis:   1.482704e+02 ± 7.844722e-01
Merit:             8.413819e+03 ± 5.508717e+01
Avg Inf Time:  0.0002s
==================================================
✓ Model saved: results/nonsmooth_nonconvex/socp/SOCPProblem-100-50-50-10000/20260115-143912_MLP_sup_seed0_nepochs1000_lr0.0005_trainsize3000_subopt_3_0.5/model_860.pt
Epoch 862/1000, Loss: 0.0011, Obj: 0.9644, Eq Viol (l1): 23.425101, Ineq Viol (l1): 809.793089, Epoch time: 0.09s
Epoch 863/1000, Loss: 0.0011, Obj: 0.9788, Eq Viol (l1): 23.390965, Ineq Viol (l1): 809.529756, Epoch time: 0.09s
Epoch 864/1000, Loss: 0.0013, Obj: 0.9807, Eq Viol (l1): 23.428912, Ineq Viol (l1): 809.446839, Epoch time: 0.09s
Epoch 865/1000, Loss: 0.0010, Obj: 0.9685, Eq Viol (l1): 23.431114, Ineq Viol (l1): 809.817929, Epoch time: 0.09s
Epoch 866/1000, Loss: 0.0010, Obj: 0.9689, Eq Viol (l1): 23.425926, Ineq Viol (l1): 809.890313, Epoch time: 0.09s
Epoch 867/1000, Loss: 0.0010, Obj: 0.9810, Eq Viol (l1): 23.432425, Ineq Viol (l1): 809.456904, Epoch time: 0.09s
Epoch 868/1000, Loss: 0.0010, Obj: 0.9626, Eq Viol (l1): 23.410667, Ineq Viol (l1): 809.919182, Epoch time: 0.09s
Epoch 869/1000, Loss: 0.0011, Obj: 0.9734, Eq Viol (l1): 23.400287, Ineq Viol (l1): 809.848872, Epoch time: 0.09s
Epoch 870/1000, Loss: 0.0011, Obj: 0.9694, Eq Viol (l1): 23.423208, Ineq Viol (l1): 809.648035, Epoch time: 0.09s
Epoch 871/1000, Loss: 0.0011, Obj: 1.0046, Eq Viol (l1): 23.417833, Ineq Viol (l1): 809.175558, Epoch time: 0.09s

Running validation at epoch 870...

VALIDATION_EPOCH_870 EVALUATION RESULTS:
==================================================
Obj:     5.352650e-01
Opt Gap:      1.455252e+00 ± 4.657772e-01
Eq Vio l1:   2.365935e+01 (max: 2.953963e+01)
Ineq Vio l1: 8.179971e+02 (max: 8.471638e+02)
Sol Dis:   1.484835e+02 ± 8.610659e-01
Merit:             8.417100e+03 ± 5.700699e+01
Avg Inf Time:  0.0002s
==================================================
✓ Model saved: results/nonsmooth_nonconvex/socp/SOCPProblem-100-50-50-10000/20260115-143912_MLP_sup_seed0_nepochs1000_lr0.0005_trainsize3000_subopt_3_0.5/model_870.pt
Epoch 872/1000, Loss: 0.0012, Obj: 0.9630, Eq Viol (l1): 23.448793, Ineq Viol (l1): 809.751702, Epoch time: 0.09s
Epoch 873/1000, Loss: 0.0011, Obj: 0.9757, Eq Viol (l1): 23.419575, Ineq Viol (l1): 809.867789, Epoch time: 0.09s
Epoch 874/1000, Loss: 0.0010, Obj: 0.9723, Eq Viol (l1): 23.425712, Ineq Viol (l1): 809.693592, Epoch time: 0.09s
Epoch 875/1000, Loss: 0.0011, Obj: 0.9718, Eq Viol (l1): 23.436621, Ineq Viol (l1): 809.677739, Epoch time: 0.09s
Epoch 876/1000, Loss: 0.0011, Obj: 0.9914, Eq Viol (l1): 23.411346, Ineq Viol (l1): 809.529462, Epoch time: 0.09s
Epoch 877/1000, Loss: 0.0011, Obj: 0.9727, Eq Viol (l1): 23.439491, Ineq Viol (l1): 809.578330, Epoch time: 0.09s
Epoch 878/1000, Loss: 0.0011, Obj: 0.9684, Eq Viol (l1): 23.426513, Ineq Viol (l1): 809.886485, Epoch time: 0.09s
Epoch 879/1000, Loss: 0.0011, Obj: 0.9740, Eq Viol (l1): 23.434718, Ineq Viol (l1): 809.485812, Epoch time: 0.09s
Epoch 880/1000, Loss: 0.0010, Obj: 1.0004, Eq Viol (l1): 23.425643, Ineq Viol (l1): 809.167772, Epoch time: 0.09s
Epoch 881/1000, Loss: 0.0011, Obj: 0.9826, Eq Viol (l1): 23.410653, Ineq Viol (l1): 809.605588, Epoch time: 0.09s

Running validation at epoch 880...

VALIDATION_EPOCH_880 EVALUATION RESULTS:
==================================================
Obj:     5.102433e-01
Opt Gap:      1.488233e+00 ± 4.587170e-01
Eq Vio l1:   2.362858e+01 (max: 2.885393e+01)
Ineq Vio l1: 8.177963e+02 (max: 8.476930e+02)
Sol Dis:   1.483306e+02 ± 8.059121e-01
Merit:             8.414759e+03 ± 5.313115e+01
Avg Inf Time:  0.0002s
==================================================
✓ Model saved: results/nonsmooth_nonconvex/socp/SOCPProblem-100-50-50-10000/20260115-143912_MLP_sup_seed0_nepochs1000_lr0.0005_trainsize3000_subopt_3_0.5/model_880.pt
Epoch 882/1000, Loss: 0.0009, Obj: 0.9772, Eq Viol (l1): 23.418059, Ineq Viol (l1): 809.749498, Epoch time: 0.09s
Epoch 883/1000, Loss: 0.0009, Obj: 0.9679, Eq Viol (l1): 23.428240, Ineq Viol (l1): 809.808008, Epoch time: 0.09s
Epoch 884/1000, Loss: 0.0010, Obj: 0.9758, Eq Viol (l1): 23.440438, Ineq Viol (l1): 809.624854, Epoch time: 0.09s
Epoch 885/1000, Loss: 0.0009, Obj: 0.9760, Eq Viol (l1): 23.416746, Ineq Viol (l1): 809.751222, Epoch time: 0.09s
Epoch 886/1000, Loss: 0.0011, Obj: 0.9814, Eq Viol (l1): 23.405114, Ineq Viol (l1): 809.593075, Epoch time: 0.09s
Epoch 887/1000, Loss: 0.0010, Obj: 0.9815, Eq Viol (l1): 23.419186, Ineq Viol (l1): 809.428976, Epoch time: 0.09s
Epoch 888/1000, Loss: 0.0010, Obj: 0.9746, Eq Viol (l1): 23.423125, Ineq Viol (l1): 809.698943, Epoch time: 0.09s
Epoch 889/1000, Loss: 0.0009, Obj: 0.9737, Eq Viol (l1): 23.410817, Ineq Viol (l1): 809.679617, Epoch time: 0.09s
Epoch 890/1000, Loss: 0.0010, Obj: 0.9827, Eq Viol (l1): 23.418193, Ineq Viol (l1): 809.558909, Epoch time: 0.09s
Epoch 891/1000, Loss: 0.0011, Obj: 0.9718, Eq Viol (l1): 23.424262, Ineq Viol (l1): 809.519046, Epoch time: 0.09s

Running validation at epoch 890...

VALIDATION_EPOCH_890 EVALUATION RESULTS:
==================================================
Obj:     6.057295e-01
Opt Gap:      1.704598e+00 ± 5.306737e-01
Eq Vio l1:   2.365265e+01 (max: 2.927615e+01)
Ineq Vio l1: 8.160893e+02 (max: 8.468015e+02)
Sol Dis:   1.484945e+02 ± 8.691496e-01
Merit:             8.398025e+03 ± 5.992029e+01
Avg Inf Time:  0.0002s
==================================================
✓ Model saved: results/nonsmooth_nonconvex/socp/SOCPProblem-100-50-50-10000/20260115-143912_MLP_sup_seed0_nepochs1000_lr0.0005_trainsize3000_subopt_3_0.5/model_890.pt
Epoch 892/1000, Loss: 0.0010, Obj: 0.9915, Eq Viol (l1): 23.418323, Ineq Viol (l1): 809.540096, Epoch time: 0.09s
Epoch 893/1000, Loss: 0.0010, Obj: 0.9694, Eq Viol (l1): 23.401367, Ineq Viol (l1): 809.720502, Epoch time: 0.09s
Epoch 894/1000, Loss: 0.0010, Obj: 0.9714, Eq Viol (l1): 23.418804, Ineq Viol (l1): 809.871361, Epoch time: 0.09s
Epoch 895/1000, Loss: 0.0009, Obj: 0.9947, Eq Viol (l1): 23.414015, Ineq Viol (l1): 809.302775, Epoch time: 0.09s
Epoch 896/1000, Loss: 0.0009, Obj: 0.9686, Eq Viol (l1): 23.429667, Ineq Viol (l1): 809.888057, Epoch time: 0.09s
Epoch 897/1000, Loss: 0.0009, Obj: 0.9747, Eq Viol (l1): 23.404933, Ineq Viol (l1): 809.704615, Epoch time: 0.09s
Epoch 898/1000, Loss: 0.0010, Obj: 0.9824, Eq Viol (l1): 23.423441, Ineq Viol (l1): 809.483258, Epoch time: 0.09s
Epoch 899/1000, Loss: 0.0011, Obj: 0.9909, Eq Viol (l1): 23.424397, Ineq Viol (l1): 809.373904, Epoch time: 0.09s
Epoch 900/1000, Loss: 0.0011, Obj: 0.9721, Eq Viol (l1): 23.395759, Ineq Viol (l1): 809.797223, Epoch time: 0.09s
Epoch 901/1000, Loss: 0.0010, Obj: 0.9728, Eq Viol (l1): 23.419253, Ineq Viol (l1): 809.689006, Epoch time: 0.09s

Running validation at epoch 900...

VALIDATION_EPOCH_900 EVALUATION RESULTS:
==================================================
Obj:     5.714062e-01
Opt Gap:      1.492185e+00 ± 4.988585e-01
Eq Vio l1:   2.365033e+01 (max: 2.919453e+01)
Ineq Vio l1: 8.169072e+02 (max: 8.468453e+02)
Sol Dis:   1.485600e+02 ± 8.582614e-01
Merit:             8.406147e+03 ± 6.037608e+01
Avg Inf Time:  0.0002s
==================================================
✓ Model saved: results/nonsmooth_nonconvex/socp/SOCPProblem-100-50-50-10000/20260115-143912_MLP_sup_seed0_nepochs1000_lr0.0005_trainsize3000_subopt_3_0.5/model_900.pt
Epoch 902/1000, Loss: 0.0010, Obj: 0.9892, Eq Viol (l1): 23.422083, Ineq Viol (l1): 809.331251, Epoch time: 0.18s
Epoch 903/1000, Loss: 0.0011, Obj: 0.9939, Eq Viol (l1): 23.427722, Ineq Viol (l1): 809.383107, Epoch time: 0.09s
Epoch 904/1000, Loss: 0.0010, Obj: 0.9744, Eq Viol (l1): 23.416051, Ineq Viol (l1): 809.581998, Epoch time: 0.09s
Epoch 905/1000, Loss: 0.0010, Obj: 0.9858, Eq Viol (l1): 23.412960, Ineq Viol (l1): 809.461615, Epoch time: 0.09s
Epoch 906/1000, Loss: 0.0010, Obj: 0.9685, Eq Viol (l1): 23.412888, Ineq Viol (l1): 809.841908, Epoch time: 0.09s
Epoch 907/1000, Loss: 0.0010, Obj: 0.9734, Eq Viol (l1): 23.427170, Ineq Viol (l1): 809.802811, Epoch time: 0.09s
Epoch 908/1000, Loss: 0.0010, Obj: 0.9619, Eq Viol (l1): 23.414546, Ineq Viol (l1): 809.793236, Epoch time: 0.09s
Epoch 909/1000, Loss: 0.0011, Obj: 0.9716, Eq Viol (l1): 23.431608, Ineq Viol (l1): 809.878761, Epoch time: 0.09s
Epoch 910/1000, Loss: 0.0011, Obj: 0.9874, Eq Viol (l1): 23.425964, Ineq Viol (l1): 809.319138, Epoch time: 0.09s
Epoch 911/1000, Loss: 0.0011, Obj: 0.9921, Eq Viol (l1): 23.428405, Ineq Viol (l1): 809.392748, Epoch time: 0.09s

Running validation at epoch 910...

VALIDATION_EPOCH_910 EVALUATION RESULTS:
==================================================
Obj:     5.297962e-01
Opt Gap:      1.490385e+00 ± 5.351987e-01
Eq Vio l1:   2.364909e+01 (max: 2.920789e+01)
Ineq Vio l1: 8.185215e+02 (max: 8.470272e+02)
Sol Dis:   1.484955e+02 ± 8.447424e-01
Merit:             8.422236e+03 ± 5.317770e+01
Avg Inf Time:  0.0002s
==================================================
✓ Model saved: results/nonsmooth_nonconvex/socp/SOCPProblem-100-50-50-10000/20260115-143912_MLP_sup_seed0_nepochs1000_lr0.0005_trainsize3000_subopt_3_0.5/model_910.pt
Epoch 912/1000, Loss: 0.0012, Obj: 0.9614, Eq Viol (l1): 23.435886, Ineq Viol (l1): 809.877295, Epoch time: 0.09s
Epoch 913/1000, Loss: 0.0012, Obj: 0.9952, Eq Viol (l1): 23.435206, Ineq Viol (l1): 809.404004, Epoch time: 0.09s
Epoch 914/1000, Loss: 0.0012, Obj: 0.9802, Eq Viol (l1): 23.453634, Ineq Viol (l1): 809.496281, Epoch time: 0.09s
Epoch 915/1000, Loss: 0.0010, Obj: 0.9730, Eq Viol (l1): 23.444905, Ineq Viol (l1): 809.719284, Epoch time: 0.09s
Epoch 916/1000, Loss: 0.0011, Obj: 0.9757, Eq Viol (l1): 23.432311, Ineq Viol (l1): 809.585972, Epoch time: 0.09s
Epoch 917/1000, Loss: 0.0009, Obj: 0.9821, Eq Viol (l1): 23.413610, Ineq Viol (l1): 809.673716, Epoch time: 0.09s
Epoch 918/1000, Loss: 0.0011, Obj: 0.9652, Eq Viol (l1): 23.456525, Ineq Viol (l1): 809.894821, Epoch time: 0.09s
Epoch 919/1000, Loss: 0.0011, Obj: 1.0004, Eq Viol (l1): 23.425252, Ineq Viol (l1): 809.137100, Epoch time: 0.09s
Epoch 920/1000, Loss: 0.0011, Obj: 0.9694, Eq Viol (l1): 23.425935, Ineq Viol (l1): 809.804964, Epoch time: 0.09s
Epoch 921/1000, Loss: 0.0012, Obj: 0.9776, Eq Viol (l1): 23.439165, Ineq Viol (l1): 809.472232, Epoch time: 0.09s

Running validation at epoch 920...

VALIDATION_EPOCH_920 EVALUATION RESULTS:
==================================================
Obj:     5.498021e-01
Opt Gap:      1.526054e+00 ± 5.351137e-01
Eq Vio l1:   2.363937e+01 (max: 2.909466e+01)
Ineq Vio l1: 8.173646e+02 (max: 8.476295e+02)
Sol Dis:   1.484367e+02 ± 8.781985e-01
Merit:             8.410589e+03 ± 5.519721e+01
Avg Inf Time:  0.0002s
==================================================
✓ Model saved: results/nonsmooth_nonconvex/socp/SOCPProblem-100-50-50-10000/20260115-143912_MLP_sup_seed0_nepochs1000_lr0.0005_trainsize3000_subopt_3_0.5/model_920.pt
Epoch 922/1000, Loss: 0.0014, Obj: 0.9727, Eq Viol (l1): 23.439412, Ineq Viol (l1): 809.525087, Epoch time: 0.09s
Epoch 923/1000, Loss: 0.0011, Obj: 0.9837, Eq Viol (l1): 23.460739, Ineq Viol (l1): 809.496964, Epoch time: 0.09s
Epoch 924/1000, Loss: 0.0011, Obj: 0.9768, Eq Viol (l1): 23.421937, Ineq Viol (l1): 809.725911, Epoch time: 0.09s
Epoch 925/1000, Loss: 0.0011, Obj: 0.9905, Eq Viol (l1): 23.428401, Ineq Viol (l1): 809.341324, Epoch time: 0.09s
Epoch 926/1000, Loss: 0.0011, Obj: 0.9807, Eq Viol (l1): 23.466775, Ineq Viol (l1): 809.767189, Epoch time: 0.09s
Epoch 927/1000, Loss: 0.0011, Obj: 0.9677, Eq Viol (l1): 23.455899, Ineq Viol (l1): 809.702712, Epoch time: 0.09s
Epoch 928/1000, Loss: 0.0011, Obj: 0.9862, Eq Viol (l1): 23.438223, Ineq Viol (l1): 809.475015, Epoch time: 0.09s
Epoch 929/1000, Loss: 0.0011, Obj: 0.9661, Eq Viol (l1): 23.408504, Ineq Viol (l1): 809.769086, Epoch time: 0.09s
Epoch 930/1000, Loss: 0.0012, Obj: 0.9799, Eq Viol (l1): 23.458290, Ineq Viol (l1): 809.652835, Epoch time: 0.09s
Epoch 931/1000, Loss: 0.0010, Obj: 0.9729, Eq Viol (l1): 23.444775, Ineq Viol (l1): 809.749733, Epoch time: 0.09s

Running validation at epoch 930...

VALIDATION_EPOCH_930 EVALUATION RESULTS:
==================================================
Obj:     5.525385e-01
Opt Gap:      1.544073e+00 ± 4.967957e-01
Eq Vio l1:   2.365402e+01 (max: 2.979076e+01)
Ineq Vio l1: 8.167673e+02 (max: 8.454859e+02)
Sol Dis:   1.482339e+02 ± 7.805909e-01
Merit:             8.404766e+03 ± 5.174279e+01
Avg Inf Time:  0.0002s
==================================================
✓ Model saved: results/nonsmooth_nonconvex/socp/SOCPProblem-100-50-50-10000/20260115-143912_MLP_sup_seed0_nepochs1000_lr0.0005_trainsize3000_subopt_3_0.5/model_930.pt
Epoch 932/1000, Loss: 0.0010, Obj: 0.9888, Eq Viol (l1): 23.394879, Ineq Viol (l1): 809.378004, Epoch time: 0.09s
Epoch 933/1000, Loss: 0.0010, Obj: 0.9796, Eq Viol (l1): 23.442797, Ineq Viol (l1): 809.537631, Epoch time: 0.09s
Epoch 934/1000, Loss: 0.0009, Obj: 0.9698, Eq Viol (l1): 23.432868, Ineq Viol (l1): 809.800028, Epoch time: 0.09s
Epoch 935/1000, Loss: 0.0009, Obj: 0.9750, Eq Viol (l1): 23.432106, Ineq Viol (l1): 809.714224, Epoch time: 0.09s
Epoch 936/1000, Loss: 0.0011, Obj: 0.9798, Eq Viol (l1): 23.423747, Ineq Viol (l1): 809.501752, Epoch time: 0.09s
Epoch 937/1000, Loss: 0.0010, Obj: 0.9724, Eq Viol (l1): 23.402408, Ineq Viol (l1): 809.686079, Epoch time: 0.09s
Epoch 938/1000, Loss: 0.0009, Obj: 0.9786, Eq Viol (l1): 23.417515, Ineq Viol (l1): 809.652114, Epoch time: 0.09s
Epoch 939/1000, Loss: 0.0011, Obj: 0.9693, Eq Viol (l1): 23.430135, Ineq Viol (l1): 809.730416, Epoch time: 0.09s
Epoch 940/1000, Loss: 0.0010, Obj: 0.9770, Eq Viol (l1): 23.439552, Ineq Viol (l1): 809.678273, Epoch time: 0.09s
Epoch 941/1000, Loss: 0.0011, Obj: 0.9874, Eq Viol (l1): 23.430463, Ineq Viol (l1): 809.382001, Epoch time: 0.09s

Running validation at epoch 940...

VALIDATION_EPOCH_940 EVALUATION RESULTS:
==================================================
Obj:     5.102888e-01
Opt Gap:      1.455553e+00 ± 4.794348e-01
Eq Vio l1:   2.366181e+01 (max: 3.018992e+01)
Ineq Vio l1: 8.186254e+02 (max: 8.495714e+02)
Sol Dis:   1.485477e+02 ± 8.320643e-01
Merit:             8.423383e+03 ± 6.297464e+01
Avg Inf Time:  0.0002s
==================================================
✓ Model saved: results/nonsmooth_nonconvex/socp/SOCPProblem-100-50-50-10000/20260115-143912_MLP_sup_seed0_nepochs1000_lr0.0005_trainsize3000_subopt_3_0.5/model_940.pt
Epoch 942/1000, Loss: 0.0011, Obj: 0.9848, Eq Viol (l1): 23.421128, Ineq Viol (l1): 809.404992, Epoch time: 0.09s
Epoch 943/1000, Loss: 0.0010, Obj: 0.9635, Eq Viol (l1): 23.422508, Ineq Viol (l1): 809.974392, Epoch time: 0.09s
Epoch 944/1000, Loss: 0.0010, Obj: 0.9928, Eq Viol (l1): 23.438438, Ineq Viol (l1): 809.361333, Epoch time: 0.09s
Epoch 945/1000, Loss: 0.0010, Obj: 0.9777, Eq Viol (l1): 23.414465, Ineq Viol (l1): 809.560388, Epoch time: 0.09s
Epoch 946/1000, Loss: 0.0010, Obj: 0.9832, Eq Viol (l1): 23.413113, Ineq Viol (l1): 809.499971, Epoch time: 0.09s
Epoch 947/1000, Loss: 0.0010, Obj: 0.9739, Eq Viol (l1): 23.412434, Ineq Viol (l1): 809.742530, Epoch time: 0.09s
Epoch 948/1000, Loss: 0.0011, Obj: 0.9720, Eq Viol (l1): 23.427000, Ineq Viol (l1): 809.689613, Epoch time: 0.09s
Epoch 949/1000, Loss: 0.0010, Obj: 0.9940, Eq Viol (l1): 23.407122, Ineq Viol (l1): 809.309321, Epoch time: 0.09s
Epoch 950/1000, Loss: 0.0010, Obj: 0.9836, Eq Viol (l1): 23.427869, Ineq Viol (l1): 809.505398, Epoch time: 0.09s
Epoch 951/1000, Loss: 0.0010, Obj: 0.9750, Eq Viol (l1): 23.423165, Ineq Viol (l1): 809.549602, Epoch time: 0.09s

Running validation at epoch 950...

VALIDATION_EPOCH_950 EVALUATION RESULTS:
==================================================
Obj:     5.314983e-01
Opt Gap:      1.464608e+00 ± 4.876956e-01
Eq Vio l1:   2.367073e+01 (max: 2.957259e+01)
Ineq Vio l1: 8.176671e+02 (max: 8.464644e+02)
Sol Dis:   1.483555e+02 ± 7.979199e-01
Merit:             8.413910e+03 ± 5.415662e+01
Avg Inf Time:  0.0002s
==================================================
✓ Model saved: results/nonsmooth_nonconvex/socp/SOCPProblem-100-50-50-10000/20260115-143912_MLP_sup_seed0_nepochs1000_lr0.0005_trainsize3000_subopt_3_0.5/model_950.pt
Epoch 952/1000, Loss: 0.0010, Obj: 0.9829, Eq Viol (l1): 23.416878, Ineq Viol (l1): 809.615938, Epoch time: 0.09s
Epoch 953/1000, Loss: 0.0010, Obj: 0.9743, Eq Viol (l1): 23.410657, Ineq Viol (l1): 809.571992, Epoch time: 0.09s
Epoch 954/1000, Loss: 0.0010, Obj: 0.9746, Eq Viol (l1): 23.403601, Ineq Viol (l1): 809.758385, Epoch time: 0.09s
Epoch 955/1000, Loss: 0.0011, Obj: 0.9674, Eq Viol (l1): 23.434945, Ineq Viol (l1): 809.709076, Epoch time: 0.09s
Epoch 956/1000, Loss: 0.0009, Obj: 0.9889, Eq Viol (l1): 23.416716, Ineq Viol (l1): 809.414071, Epoch time: 0.09s
Epoch 957/1000, Loss: 0.0010, Obj: 0.9721, Eq Viol (l1): 23.414470, Ineq Viol (l1): 809.743598, Epoch time: 0.09s
Epoch 958/1000, Loss: 0.0010, Obj: 0.9597, Eq Viol (l1): 23.409065, Ineq Viol (l1): 809.936887, Epoch time: 0.09s
Epoch 959/1000, Loss: 0.0009, Obj: 0.9745, Eq Viol (l1): 23.422092, Ineq Viol (l1): 809.656045, Epoch time: 0.09s
Epoch 960/1000, Loss: 0.0010, Obj: 0.9738, Eq Viol (l1): 23.401131, Ineq Viol (l1): 809.724285, Epoch time: 0.09s
Epoch 961/1000, Loss: 0.0010, Obj: 0.9759, Eq Viol (l1): 23.400714, Ineq Viol (l1): 809.717331, Epoch time: 0.09s

Running validation at epoch 960...

VALIDATION_EPOCH_960 EVALUATION RESULTS:
==================================================
Obj:     5.264922e-01
Opt Gap:      1.417265e+00 ± 4.907493e-01
Eq Vio l1:   2.367294e+01 (max: 3.047479e+01)
Ineq Vio l1: 8.177989e+02 (max: 8.491917e+02)
Sol Dis:   1.486022e+02 ± 8.912825e-01
Merit:             8.415245e+03 ± 6.318667e+01
Avg Inf Time:  0.0002s
==================================================
✓ Model saved: results/nonsmooth_nonconvex/socp/SOCPProblem-100-50-50-10000/20260115-143912_MLP_sup_seed0_nepochs1000_lr0.0005_trainsize3000_subopt_3_0.5/model_960.pt
Epoch 962/1000, Loss: 0.0011, Obj: 0.9755, Eq Viol (l1): 23.421859, Ineq Viol (l1): 809.629966, Epoch time: 0.09s
Epoch 963/1000, Loss: 0.0011, Obj: 0.9648, Eq Viol (l1): 23.429929, Ineq Viol (l1): 809.917419, Epoch time: 0.09s
Epoch 964/1000, Loss: 0.0010, Obj: 0.9688, Eq Viol (l1): 23.436530, Ineq Viol (l1): 809.686096, Epoch time: 0.09s
Epoch 965/1000, Loss: 0.0010, Obj: 0.9777, Eq Viol (l1): 23.444651, Ineq Viol (l1): 809.673184, Epoch time: 0.09s
Epoch 966/1000, Loss: 0.0011, Obj: 0.9870, Eq Viol (l1): 23.418779, Ineq Viol (l1): 809.460703, Epoch time: 0.09s
Epoch 967/1000, Loss: 0.0010, Obj: 0.9677, Eq Viol (l1): 23.429391, Ineq Viol (l1): 809.632455, Epoch time: 0.09s
Epoch 968/1000, Loss: 0.0010, Obj: 0.9846, Eq Viol (l1): 23.413701, Ineq Viol (l1): 809.496554, Epoch time: 0.09s
Epoch 969/1000, Loss: 0.0010, Obj: 0.9841, Eq Viol (l1): 23.392844, Ineq Viol (l1): 809.445926, Epoch time: 0.09s
Epoch 970/1000, Loss: 0.0011, Obj: 0.9668, Eq Viol (l1): 23.421562, Ineq Viol (l1): 809.813761, Epoch time: 0.09s
Epoch 971/1000, Loss: 0.0010, Obj: 0.9872, Eq Viol (l1): 23.416364, Ineq Viol (l1): 809.323589, Epoch time: 0.09s

Running validation at epoch 970...

VALIDATION_EPOCH_970 EVALUATION RESULTS:
==================================================
Obj:     5.394708e-01
Opt Gap:      1.511150e+00 ± 4.945127e-01
Eq Vio l1:   2.365058e+01 (max: 2.901825e+01)
Ineq Vio l1: 8.176355e+02 (max: 8.475421e+02)
Sol Dis:   1.483448e+02 ± 8.602876e-01
Merit:             8.413400e+03 ± 5.260483e+01
Avg Inf Time:  0.0002s
==================================================
✓ Model saved: results/nonsmooth_nonconvex/socp/SOCPProblem-100-50-50-10000/20260115-143912_MLP_sup_seed0_nepochs1000_lr0.0005_trainsize3000_subopt_3_0.5/model_970.pt
Epoch 972/1000, Loss: 0.0011, Obj: 0.9769, Eq Viol (l1): 23.419244, Ineq Viol (l1): 809.619167, Epoch time: 0.09s
Epoch 973/1000, Loss: 0.0010, Obj: 0.9703, Eq Viol (l1): 23.433715, Ineq Viol (l1): 809.808538, Epoch time: 0.09s
Epoch 974/1000, Loss: 0.0011, Obj: 0.9639, Eq Viol (l1): 23.451786, Ineq Viol (l1): 809.847221, Epoch time: 0.09s
Epoch 975/1000, Loss: 0.0010, Obj: 0.9734, Eq Viol (l1): 23.450469, Ineq Viol (l1): 809.714664, Epoch time: 0.09s
Epoch 976/1000, Loss: 0.0011, Obj: 0.9741, Eq Viol (l1): 23.431727, Ineq Viol (l1): 809.594506, Epoch time: 0.09s
Epoch 977/1000, Loss: 0.0011, Obj: 0.9695, Eq Viol (l1): 23.420967, Ineq Viol (l1): 809.884298, Epoch time: 0.09s
Epoch 978/1000, Loss: 0.0012, Obj: 0.9806, Eq Viol (l1): 23.447754, Ineq Viol (l1): 809.463043, Epoch time: 0.09s
Epoch 979/1000, Loss: 0.0011, Obj: 0.9818, Eq Viol (l1): 23.410610, Ineq Viol (l1): 809.714632, Epoch time: 0.09s
Epoch 980/1000, Loss: 0.0010, Obj: 0.9741, Eq Viol (l1): 23.409717, Ineq Viol (l1): 809.635351, Epoch time: 0.09s
Epoch 981/1000, Loss: 0.0011, Obj: 0.9728, Eq Viol (l1): 23.461018, Ineq Viol (l1): 809.571940, Epoch time: 0.09s

Running validation at epoch 980...

VALIDATION_EPOCH_980 EVALUATION RESULTS:
==================================================
Obj:     5.814354e-01
Opt Gap:      1.575428e+00 ± 5.045189e-01
Eq Vio l1:   2.368025e+01 (max: 2.959221e+01)
Ineq Vio l1: 8.157586e+02 (max: 8.447618e+02)
Sol Dis:   1.482547e+02 ± 8.308607e-01
Merit:             8.394970e+03 ± 5.953634e+01
Avg Inf Time:  0.0002s
==================================================
✓ Model saved: results/nonsmooth_nonconvex/socp/SOCPProblem-100-50-50-10000/20260115-143912_MLP_sup_seed0_nepochs1000_lr0.0005_trainsize3000_subopt_3_0.5/model_980.pt
Epoch 982/1000, Loss: 0.0011, Obj: 0.9810, Eq Viol (l1): 23.424516, Ineq Viol (l1): 809.415276, Epoch time: 0.09s
Epoch 983/1000, Loss: 0.0011, Obj: 0.9956, Eq Viol (l1): 23.419587, Ineq Viol (l1): 809.363287, Epoch time: 0.09s
Epoch 984/1000, Loss: 0.0010, Obj: 0.9603, Eq Viol (l1): 23.417546, Ineq Viol (l1): 809.843194, Epoch time: 0.09s
Epoch 985/1000, Loss: 0.0011, Obj: 0.9842, Eq Viol (l1): 23.417852, Ineq Viol (l1): 809.501913, Epoch time: 0.09s
Epoch 986/1000, Loss: 0.0011, Obj: 0.9792, Eq Viol (l1): 23.439597, Ineq Viol (l1): 809.611627, Epoch time: 0.09s
Epoch 987/1000, Loss: 0.0012, Obj: 0.9697, Eq Viol (l1): 23.441451, Ineq Viol (l1): 809.855826, Epoch time: 0.09s
Epoch 988/1000, Loss: 0.0012, Obj: 0.9806, Eq Viol (l1): 23.441293, Ineq Viol (l1): 809.456596, Epoch time: 0.09s
Epoch 989/1000, Loss: 0.0010, Obj: 0.9675, Eq Viol (l1): 23.420925, Ineq Viol (l1): 809.898299, Epoch time: 0.09s
Epoch 990/1000, Loss: 0.0010, Obj: 0.9826, Eq Viol (l1): 23.415319, Ineq Viol (l1): 809.420085, Epoch time: 0.09s
Epoch 991/1000, Loss: 0.0010, Obj: 0.9711, Eq Viol (l1): 23.427129, Ineq Viol (l1): 809.753004, Epoch time: 0.09s

Running validation at epoch 990...

VALIDATION_EPOCH_990 EVALUATION RESULTS:
==================================================
Obj:     5.534669e-01
Opt Gap:      1.474445e+00 ± 4.477950e-01
Eq Vio l1:   2.368207e+01 (max: 2.920007e+01)
Ineq Vio l1: 8.172590e+02 (max: 8.460928e+02)
Sol Dis:   1.485611e+02 ± 8.602409e-01
Merit:             8.409964e+03 ± 6.310668e+01
Avg Inf Time:  0.0002s
==================================================
✓ Model saved: results/nonsmooth_nonconvex/socp/SOCPProblem-100-50-50-10000/20260115-143912_MLP_sup_seed0_nepochs1000_lr0.0005_trainsize3000_subopt_3_0.5/model_990.pt
Epoch 992/1000, Loss: 0.0010, Obj: 0.9851, Eq Viol (l1): 23.437167, Ineq Viol (l1): 809.506685, Epoch time: 0.09s
Epoch 993/1000, Loss: 0.0010, Obj: 0.9819, Eq Viol (l1): 23.419309, Ineq Viol (l1): 809.541084, Epoch time: 0.09s
Epoch 994/1000, Loss: 0.0009, Obj: 0.9740, Eq Viol (l1): 23.398345, Ineq Viol (l1): 809.882820, Epoch time: 0.09s
Epoch 995/1000, Loss: 0.0010, Obj: 0.9837, Eq Viol (l1): 23.417167, Ineq Viol (l1): 809.470543, Epoch time: 0.09s
Epoch 996/1000, Loss: 0.0009, Obj: 0.9820, Eq Viol (l1): 23.417866, Ineq Viol (l1): 809.584812, Epoch time: 0.09s
Epoch 997/1000, Loss: 0.0010, Obj: 0.9740, Eq Viol (l1): 23.402383, Ineq Viol (l1): 809.614378, Epoch time: 0.09s
Epoch 998/1000, Loss: 0.0010, Obj: 0.9633, Eq Viol (l1): 23.424357, Ineq Viol (l1): 809.795767, Epoch time: 0.09s
Epoch 999/1000, Loss: 0.0010, Obj: 0.9606, Eq Viol (l1): 23.427986, Ineq Viol (l1): 809.993398, Epoch time: 0.09s
Epoch 1000/1000, Loss: 0.0011, Obj: 0.9758, Eq Viol (l1): 23.440145, Ineq Viol (l1): 809.675458, Epoch time: 0.09s

Training completed in 94.09 seconds.

============================================================
COMPREHENSIVE TEST EVALUATION WITH DETAILED RESULTS
============================================================
Testing with batch sizes: [256, 512]

Evaluating with batch size: 256 (with detailed results)

TEST_BS256 EVALUATION RESULTS:
==================================================
Obj:     6.991518e-01
Opt Gap:      1.953082e+00 ± 5.244534e-01
Eq Vio l1:   2.371328e+01 (max: 3.246533e+01)
Ineq Vio l1: 8.132034e+02 (max: 8.484092e+02)
Sol Dis:   1.492257e+02 ± 8.966147e-01
Merit:             8.369866e+03 ± 3.095566e+01
Avg Inf Time:  0.0002s
==================================================

Evaluating with batch size: 512 (with detailed results)

TEST_BS512 EVALUATION RESULTS:
==================================================
Obj:     7.029785e-01
Opt Gap:      1.946154e+00 ± 2.639245e-01
Eq Vio l1:   2.371382e+01 (max: 3.315946e+01)
Ineq Vio l1: 8.131095e+02 (max: 8.501546e+02)
Sol Dis:   1.492335e+02 ± 6.801324e-01
Merit:             8.368936e+03 ± 2.168420e+01
Avg Inf Time:  0.0002s
==================================================

TEST BATCH SIZE COMPARISON:
================================================================================
Batch Size   Objective    Opt Gap      Eq Viol      Ineq Viol    Time (s)  
--------------------------------------------------------------------------------
256          6.9915e-01   1.9531e+00   2.3713e+01   8.1320e+02   0.00      
512          7.0298e-01   1.9462e+00   2.3714e+01   8.1311e+02   0.00      
================================================================================

Saving model and results to: results/nonsmooth_nonconvex/socp/SOCPProblem-100-50-50-10000/20260115-143912_MLP_sup_seed0_nepochs1000_lr0.0005_trainsize3000_subopt_3_0.5
✓ Model saved: results/nonsmooth_nonconvex/socp/SOCPProblem-100-50-50-10000/20260115-143912_MLP_sup_seed0_nepochs1000_lr0.0005_trainsize3000_subopt_3_0.5/model.pt
✓ Detailed results saved: results/nonsmooth_nonconvex/socp/SOCPProblem-100-50-50-10000/20260115-143912_MLP_sup_seed0_nepochs1000_lr0.0005_trainsize3000_subopt_3_0.5/results.pkl

Files saved (or attempted):
  - model.pt (model weights and architecture)
  - results.pkl (training history, metrics, detailed test results)
Training and testing completed in 95.81 seconds
Done!!!
