==============================================
 Job started at: 2026-01-08 00:31:23
 Job ID: 7806910
 Node: node3302
==============================================

======= Running for problem: nonsmooth_nonconvex/socp =======

Loading problem instance: nonsmooth_nonconvex/socp with size [100, 50, 50, 10000]
Loading  dataset from: datasets/nonsmooth_nonconvex/socp/random2025_socp_dataset_var100_ineq50_eq50_ex10000 

Running on:  cuda
Training model using FSNet method with seed 3 for 300 epochs
Using batch size: 512
Loading model from checkpoint: results/nonsmooth_nonconvex/socp/SOCPProblem-100-50-50-10000/20260106-202336_MLP_sup_seed1_dropout0.05_subopt_2_1.0/model_60.pt

lr: 0.0002, weight_decay: 0.001, num_epochs: 300

Epoch 1/300, Loss: 32.4728, Obj: 24.4644, Eq Viol (l1): 0.000039, Ineq Viol (l1): 0.000000, Epoch time: 7.60s

Running validation at epoch 0...

VALIDATION_EPOCH_0 EVALUATION RESULTS:
==================================================
Objective Value:     2.458142e+01
True Objective:      -2.413704e+00
Optimality Gap:      4.122726e+01 ± 1.219014e+01
Eq Violation l1:   2.106242e-05 (max: 2.413930e-03)
Ineq Violation l1: 7.542315e-08 (max: 7.093475e-06)
Solution Distance:   1.726068e+02 ± 1.037470e+00
Merit:             2.458163e+01 ± 5.338124e-02
Avg Inference Time:  0.6431s
==================================================
Epoch 2/300, Loss: 30.7245, Obj: 24.4579, Eq Viol (l1): 0.000040, Ineq Viol (l1): 0.000000, Epoch time: 2.84s
Epoch 3/300, Loss: 28.4490, Obj: 23.4502, Eq Viol (l1): 0.000043, Ineq Viol (l1): 0.000000, Epoch time: 2.83s
Epoch 4/300, Loss: 26.2050, Obj: 21.7871, Eq Viol (l1): 0.000033, Ineq Viol (l1): 0.000000, Epoch time: 2.81s
Epoch 5/300, Loss: 24.1860, Obj: 20.2815, Eq Viol (l1): 0.000049, Ineq Viol (l1): 0.000000, Epoch time: 2.73s
Epoch 6/300, Loss: 22.5310, Obj: 18.8566, Eq Viol (l1): 0.000040, Ineq Viol (l1): 0.000000, Epoch time: 2.77s
Epoch 7/300, Loss: 20.7535, Obj: 17.4220, Eq Viol (l1): 0.000060, Ineq Viol (l1): 0.000000, Epoch time: 2.71s
Epoch 8/300, Loss: 19.2956, Obj: 16.1930, Eq Viol (l1): 0.000065, Ineq Viol (l1): 0.000000, Epoch time: 2.69s
Epoch 9/300, Loss: 17.8239, Obj: 14.9741, Eq Viol (l1): 0.000066, Ineq Viol (l1): 0.000000, Epoch time: 2.69s
Epoch 10/300, Loss: 16.0933, Obj: 13.3773, Eq Viol (l1): 0.000069, Ineq Viol (l1): 0.000000, Epoch time: 2.68s
Epoch 11/300, Loss: 12.3474, Obj: 9.8593, Eq Viol (l1): 0.000061, Ineq Viol (l1): 0.000000, Epoch time: 2.70s

Running validation at epoch 10...

VALIDATION_EPOCH_10 EVALUATION RESULTS:
==================================================
Objective Value:     7.929521e+00
True Objective:      -2.413704e+00
Optimality Gap:      1.699658e+01 ± 6.103126e+00
Eq Violation l1:   7.708144e-05 (max: 1.596741e-03)
Ineq Violation l1: 3.359655e-07 (max: 3.954982e-05)
Solution Distance:   1.159287e+02 ± 2.060389e-01
Merit:             7.930296e+00 ± 7.798928e-02
Avg Inference Time:  0.0731s
==================================================
Epoch 12/300, Loss: 9.4761, Obj: 7.1721, Eq Viol (l1): 0.000069, Ineq Viol (l1): 0.000000, Epoch time: 2.65s
Epoch 13/300, Loss: 6.7573, Obj: 4.8462, Eq Viol (l1): 0.000072, Ineq Viol (l1): 0.000000, Epoch time: 2.63s
Epoch 14/300, Loss: 4.6058, Obj: 2.9113, Eq Viol (l1): 0.000079, Ineq Viol (l1): 0.000000, Epoch time: 2.61s
Epoch 15/300, Loss: 3.2362, Obj: 1.5699, Eq Viol (l1): 0.000082, Ineq Viol (l1): 0.000000, Epoch time: 2.61s
Epoch 16/300, Loss: 2.4024, Obj: 0.9338, Eq Viol (l1): 0.000092, Ineq Viol (l1): 0.000000, Epoch time: 2.57s
Epoch 17/300, Loss: 1.8856, Obj: 0.5572, Eq Viol (l1): 0.000092, Ineq Viol (l1): 0.000000, Epoch time: 2.58s
Epoch 18/300, Loss: 1.6158, Obj: 0.3495, Eq Viol (l1): 0.000090, Ineq Viol (l1): 0.000000, Epoch time: 2.59s
Epoch 19/300, Loss: 1.4879, Obj: 0.2492, Eq Viol (l1): 0.000093, Ineq Viol (l1): 0.000001, Epoch time: 2.59s
Epoch 20/300, Loss: 1.3952, Obj: 0.1165, Eq Viol (l1): 0.000091, Ineq Viol (l1): 0.000001, Epoch time: 2.60s
Epoch 21/300, Loss: 1.2774, Obj: 0.1124, Eq Viol (l1): 0.000093, Ineq Viol (l1): 0.000001, Epoch time: 2.59s

Running validation at epoch 20...

VALIDATION_EPOCH_20 EVALUATION RESULTS:
==================================================
Objective Value:     -2.569523e-01
True Objective:      -2.413704e+00
Optimality Gap:      4.527525e-01 ± 1.582990e-01
Eq Violation l1:   7.321830e-05 (max: 1.010108e-03)
Ineq Violation l1: 3.740186e-07 (max: 3.826552e-05)
Solution Distance:   8.427621e+01 ± 2.635188e-01
Merit:             -2.562164e-01 ± 1.574264e-02
Avg Inference Time:  0.0717s
==================================================
Epoch 22/300, Loss: 1.1195, Obj: 0.0033, Eq Viol (l1): 0.000091, Ineq Viol (l1): 0.000001, Epoch time: 2.61s
Epoch 23/300, Loss: 1.1588, Obj: -0.0435, Eq Viol (l1): 0.000095, Ineq Viol (l1): 0.000001, Epoch time: 2.60s
Epoch 24/300, Loss: 1.0419, Obj: -0.0782, Eq Viol (l1): 0.000088, Ineq Viol (l1): 0.000001, Epoch time: 2.61s
Epoch 25/300, Loss: 1.0524, Obj: -0.1264, Eq Viol (l1): 0.000095, Ineq Viol (l1): 0.000001, Epoch time: 2.61s
Epoch 26/300, Loss: 0.8224, Obj: -0.1619, Eq Viol (l1): 0.000091, Ineq Viol (l1): 0.000001, Epoch time: 2.60s
Epoch 27/300, Loss: 0.7104, Obj: -0.2349, Eq Viol (l1): 0.000085, Ineq Viol (l1): 0.000001, Epoch time: 2.61s
Epoch 28/300, Loss: 0.7874, Obj: -0.2529, Eq Viol (l1): 0.000094, Ineq Viol (l1): 0.000001, Epoch time: 2.61s
Epoch 29/300, Loss: 0.5986, Obj: -0.3452, Eq Viol (l1): 0.000089, Ineq Viol (l1): 0.000001, Epoch time: 2.65s
Epoch 30/300, Loss: 0.6036, Obj: -0.3729, Eq Viol (l1): 0.000087, Ineq Viol (l1): 0.000001, Epoch time: 2.63s
Epoch 31/300, Loss: 0.5284, Obj: -0.4547, Eq Viol (l1): 0.000084, Ineq Viol (l1): 0.000001, Epoch time: 2.64s

Running validation at epoch 30...

VALIDATION_EPOCH_30 EVALUATION RESULTS:
==================================================
Objective Value:     -7.066059e-01
True Objective:      -2.413704e+00
Optimality Gap:      -1.972463e-01 ± 3.271732e-01
Eq Violation l1:   8.060381e-05 (max: 9.077348e-04)
Ineq Violation l1: 7.059008e-07 (max: 2.875200e-05)
Solution Distance:   7.901251e+01 ± 2.728454e-01
Merit:             -7.057928e-01 ± 4.322752e-03
Avg Inference Time:  0.0743s
==================================================
Epoch 32/300, Loss: 0.4792, Obj: -0.4657, Eq Viol (l1): 0.000080, Ineq Viol (l1): 0.000001, Epoch time: 2.65s
Epoch 33/300, Loss: 0.3965, Obj: -0.5452, Eq Viol (l1): 0.000077, Ineq Viol (l1): 0.000001, Epoch time: 2.77s
Epoch 34/300, Loss: 0.3803, Obj: -0.6169, Eq Viol (l1): 0.000079, Ineq Viol (l1): 0.000001, Epoch time: 2.68s
Epoch 35/300, Loss: 0.5889, Obj: -0.5976, Eq Viol (l1): 0.000085, Ineq Viol (l1): 0.000001, Epoch time: 2.66s
Epoch 36/300, Loss: 0.7713, Obj: -0.5484, Eq Viol (l1): 0.000070, Ineq Viol (l1): 0.000001, Epoch time: 2.69s
Epoch 37/300, Loss: 0.5525, Obj: -0.6979, Eq Viol (l1): 0.000077, Ineq Viol (l1): 0.000001, Epoch time: 2.68s
Epoch 38/300, Loss: 0.3790, Obj: -0.7097, Eq Viol (l1): 0.000077, Ineq Viol (l1): 0.000001, Epoch time: 2.67s
Epoch 39/300, Loss: 0.3855, Obj: -0.7937, Eq Viol (l1): 0.000079, Ineq Viol (l1): 0.000001, Epoch time: 2.69s
Epoch 40/300, Loss: 0.5043, Obj: -0.7770, Eq Viol (l1): 0.000079, Ineq Viol (l1): 0.000001, Epoch time: 2.70s
Epoch 41/300, Loss: 0.6827, Obj: -0.6978, Eq Viol (l1): 0.000080, Ineq Viol (l1): 0.000001, Epoch time: 2.67s

Running validation at epoch 40...

VALIDATION_EPOCH_40 EVALUATION RESULTS:
==================================================
Objective Value:     -9.433524e-01
True Objective:      -2.413704e+00
Optimality Gap:      -7.247642e-01 ± 6.105756e-01
Eq Violation l1:   6.158864e-05 (max: 1.088140e-03)
Ineq Violation l1: 7.438617e-07 (max: 8.203809e-05)
Solution Distance:   7.622701e+01 ± 8.637864e-01
Merit:             -9.427291e-01 ± 1.159341e-02
Avg Inference Time:  0.0748s
==================================================
Epoch 42/300, Loss: 0.3429, Obj: -0.8398, Eq Viol (l1): 0.000075, Ineq Viol (l1): 0.000001, Epoch time: 2.68s
Epoch 43/300, Loss: 0.2892, Obj: -0.8391, Eq Viol (l1): 0.000074, Ineq Viol (l1): 0.000001, Epoch time: 2.68s
Epoch 44/300, Loss: 0.3922, Obj: -0.8257, Eq Viol (l1): 0.000075, Ineq Viol (l1): 0.000001, Epoch time: 2.69s
Epoch 45/300, Loss: 0.2667, Obj: -0.9445, Eq Viol (l1): 0.000068, Ineq Viol (l1): 0.000001, Epoch time: 2.71s
Epoch 46/300, Loss: 0.0617, Obj: -0.9551, Eq Viol (l1): 0.000064, Ineq Viol (l1): 0.000001, Epoch time: 2.70s
Epoch 47/300, Loss: 0.1742, Obj: -1.0103, Eq Viol (l1): 0.000070, Ineq Viol (l1): 0.000001, Epoch time: 2.71s
Epoch 48/300, Loss: 0.1766, Obj: -1.1128, Eq Viol (l1): 0.000077, Ineq Viol (l1): 0.000001, Epoch time: 2.69s
Epoch 49/300, Loss: 0.1065, Obj: -1.0794, Eq Viol (l1): 0.000075, Ineq Viol (l1): 0.000001, Epoch time: 2.71s
Epoch 50/300, Loss: -0.0603, Obj: -1.2325, Eq Viol (l1): 0.000066, Ineq Viol (l1): 0.000001, Epoch time: 2.71s
Epoch 51/300, Loss: -0.2149, Obj: -1.3260, Eq Viol (l1): 0.000065, Ineq Viol (l1): 0.000001, Epoch time: 2.70s

Running validation at epoch 50...

VALIDATION_EPOCH_50 EVALUATION RESULTS:
==================================================
Objective Value:     -1.725175e+00
True Objective:      -2.413704e+00
Optimality Gap:      -1.940203e+00 ± 1.027347e+00
Eq Violation l1:   7.774095e-05 (max: 1.172976e-03)
Ineq Violation l1: 4.746690e-07 (max: 4.174770e-05)
Solution Distance:   7.312952e+01 ± 1.271466e+00
Merit:             -1.724393e+00 ± 3.515264e-02
Avg Inference Time:  0.0788s
==================================================
Epoch 52/300, Loss: -0.2370, Obj: -1.5478, Eq Viol (l1): 0.000071, Ineq Viol (l1): 0.000001, Epoch time: 2.69s
Epoch 53/300, Loss: -0.5513, Obj: -1.6796, Eq Viol (l1): 0.000068, Ineq Viol (l1): 0.000000, Epoch time: 2.68s
Epoch 54/300, Loss: -0.8335, Obj: -1.9347, Eq Viol (l1): 0.000064, Ineq Viol (l1): 0.000000, Epoch time: 2.70s
Epoch 55/300, Loss: -0.8397, Obj: -2.0094, Eq Viol (l1): 0.000066, Ineq Viol (l1): 0.000000, Epoch time: 2.70s
Epoch 56/300, Loss: -0.9530, Obj: -2.1359, Eq Viol (l1): 0.000071, Ineq Viol (l1): 0.000000, Epoch time: 2.68s
Epoch 57/300, Loss: -1.0687, Obj: -2.1978, Eq Viol (l1): 0.000065, Ineq Viol (l1): 0.000001, Epoch time: 2.69s
Epoch 58/300, Loss: -1.2467, Obj: -2.2227, Eq Viol (l1): 0.000062, Ineq Viol (l1): 0.000000, Epoch time: 2.70s
Epoch 59/300, Loss: -1.4019, Obj: -2.3136, Eq Viol (l1): 0.000065, Ineq Viol (l1): 0.000000, Epoch time: 2.70s
Epoch 60/300, Loss: -1.3976, Obj: -2.3284, Eq Viol (l1): 0.000055, Ineq Viol (l1): 0.000000, Epoch time: 2.72s
Epoch 61/300, Loss: -1.2928, Obj: -2.2974, Eq Viol (l1): 0.000057, Ineq Viol (l1): 0.000000, Epoch time: 2.72s

Running validation at epoch 60...

VALIDATION_EPOCH_60 EVALUATION RESULTS:
==================================================
Objective Value:     -2.638840e+00
True Objective:      -2.413704e+00
Optimality Gap:      -3.873174e+00 ± 1.706710e+00
Eq Violation l1:   6.080751e-05 (max: 1.259685e-03)
Ineq Violation l1: 5.088119e-07 (max: 4.049441e-05)
Solution Distance:   7.338763e+01 ± 1.771582e+00
Merit:             -2.638227e+00 ± 3.615468e-02
Avg Inference Time:  0.0797s
==================================================
Epoch 62/300, Loss: -1.0941, Obj: -2.2859, Eq Viol (l1): 0.000054, Ineq Viol (l1): 0.000000, Epoch time: 2.77s
Epoch 63/300, Loss: -1.2082, Obj: -2.2793, Eq Viol (l1): 0.000047, Ineq Viol (l1): 0.000000, Epoch time: 2.80s
Epoch 64/300, Loss: -1.0241, Obj: -2.2871, Eq Viol (l1): 0.000063, Ineq Viol (l1): 0.000000, Epoch time: 2.83s
Epoch 65/300, Loss: -1.2748, Obj: -2.3146, Eq Viol (l1): 0.000057, Ineq Viol (l1): 0.000000, Epoch time: 2.73s
Epoch 66/300, Loss: -1.3719, Obj: -2.3207, Eq Viol (l1): 0.000058, Ineq Viol (l1): 0.000000, Epoch time: 2.74s
Epoch 67/300, Loss: -1.1836, Obj: -2.3367, Eq Viol (l1): 0.000059, Ineq Viol (l1): 0.000000, Epoch time: 2.84s
Epoch 68/300, Loss: -0.9715, Obj: -2.3460, Eq Viol (l1): 0.000052, Ineq Viol (l1): 0.000000, Epoch time: 2.76s
Epoch 69/300, Loss: -0.9113, Obj: -2.2681, Eq Viol (l1): 0.000055, Ineq Viol (l1): 0.000000, Epoch time: 2.75s
Epoch 70/300, Loss: -1.1765, Obj: -2.2626, Eq Viol (l1): 0.000049, Ineq Viol (l1): 0.000000, Epoch time: 2.77s
Epoch 71/300, Loss: -1.0164, Obj: -2.3556, Eq Viol (l1): 0.000049, Ineq Viol (l1): 0.000000, Epoch time: 2.78s

Running validation at epoch 70...

VALIDATION_EPOCH_70 EVALUATION RESULTS:
==================================================
Objective Value:     -2.686458e+00
True Objective:      -2.413704e+00
Optimality Gap:      -3.936162e+00 ± 1.696492e+00
Eq Violation l1:   5.049726e-05 (max: 1.188329e-03)
Ineq Violation l1: 5.257321e-07 (max: 4.735273e-05)
Solution Distance:   7.412497e+01 ± 1.859408e+00
Merit:             -2.685948e+00 ± 4.520065e-02
Avg Inference Time:  0.0838s
==================================================
Epoch 72/300, Loss: -0.7670, Obj: -2.3307, Eq Viol (l1): 0.000046, Ineq Viol (l1): 0.000000, Epoch time: 2.80s
Epoch 73/300, Loss: -0.8806, Obj: -2.1354, Eq Viol (l1): 0.000049, Ineq Viol (l1): 0.000000, Epoch time: 2.77s
Epoch 74/300, Loss: -1.0608, Obj: -2.3214, Eq Viol (l1): 0.000053, Ineq Viol (l1): 0.000000, Epoch time: 2.76s
Epoch 75/300, Loss: -1.1258, Obj: -2.2610, Eq Viol (l1): 0.000049, Ineq Viol (l1): 0.000000, Epoch time: 2.74s
Epoch 76/300, Loss: -1.2071, Obj: -2.2678, Eq Viol (l1): 0.000048, Ineq Viol (l1): 0.000001, Epoch time: 2.77s
Epoch 77/300, Loss: -1.2544, Obj: -2.3337, Eq Viol (l1): 0.000044, Ineq Viol (l1): 0.000000, Epoch time: 2.80s
Epoch 78/300, Loss: -0.7996, Obj: -2.2954, Eq Viol (l1): 0.000046, Ineq Viol (l1): 0.000000, Epoch time: 2.80s
Epoch 79/300, Loss: -1.0616, Obj: -2.2189, Eq Viol (l1): 0.000059, Ineq Viol (l1): 0.000000, Epoch time: 2.71s
Epoch 80/300, Loss: -1.3201, Obj: -2.4033, Eq Viol (l1): 0.000057, Ineq Viol (l1): 0.000000, Epoch time: 2.76s
Epoch 81/300, Loss: -1.3414, Obj: -2.3610, Eq Viol (l1): 0.000050, Ineq Viol (l1): 0.000000, Epoch time: 2.76s

Running validation at epoch 80...

VALIDATION_EPOCH_80 EVALUATION RESULTS:
==================================================
Objective Value:     -2.351880e+00
True Objective:      -2.413704e+00
Optimality Gap:      -3.441884e+00 ± 1.594891e+00
Eq Violation l1:   5.644796e-05 (max: 1.803621e-03)
Ineq Violation l1: 4.147877e-07 (max: 3.554918e-05)
Solution Distance:   7.510547e+01 ± 1.815367e+00
Merit:             -2.351311e+00 ± 4.046231e-02
Avg Inference Time:  0.0755s
==================================================
Epoch 82/300, Loss: -1.2038, Obj: -2.2227, Eq Viol (l1): 0.000048, Ineq Viol (l1): 0.000000, Epoch time: 2.77s
Epoch 83/300, Loss: -0.7467, Obj: -2.2206, Eq Viol (l1): 0.000036, Ineq Viol (l1): 0.000000, Epoch time: 2.89s
Epoch 84/300, Loss: -0.8425, Obj: -2.2717, Eq Viol (l1): 0.000042, Ineq Viol (l1): 0.000000, Epoch time: 2.84s
Epoch 85/300, Loss: -0.4469, Obj: -2.0053, Eq Viol (l1): 0.000036, Ineq Viol (l1): 0.000000, Epoch time: 2.88s
Epoch 86/300, Loss: -0.5152, Obj: -2.1489, Eq Viol (l1): 0.000031, Ineq Viol (l1): 0.000000, Epoch time: 2.86s
Epoch 87/300, Loss: -0.3070, Obj: -2.0152, Eq Viol (l1): 0.000039, Ineq Viol (l1): 0.000000, Epoch time: 2.88s
Epoch 88/300, Loss: -0.8439, Obj: -2.2114, Eq Viol (l1): 0.000037, Ineq Viol (l1): 0.000000, Epoch time: 2.84s
Epoch 89/300, Loss: -1.1666, Obj: -2.3535, Eq Viol (l1): 0.000031, Ineq Viol (l1): 0.000000, Epoch time: 2.89s
Epoch 90/300, Loss: -0.9281, Obj: -2.2515, Eq Viol (l1): 0.000043, Ineq Viol (l1): 0.000000, Epoch time: 2.83s
Epoch 91/300, Loss: -0.8701, Obj: -2.2668, Eq Viol (l1): 0.000034, Ineq Viol (l1): 0.000000, Epoch time: 2.84s

Running validation at epoch 90...

VALIDATION_EPOCH_90 EVALUATION RESULTS:
==================================================
Objective Value:     -2.269632e+00
True Objective:      -2.413704e+00
Optimality Gap:      -3.185649e+00 ± 1.423156e+00
Eq Violation l1:   4.112566e-05 (max: 1.511910e-03)
Ineq Violation l1: 3.888319e-07 (max: 5.823370e-05)
Solution Distance:   7.571022e+01 ± 1.770091e+00
Merit:             -2.269217e+00 ± 5.279197e-02
Avg Inference Time:  0.0837s
==================================================
Epoch 92/300, Loss: -0.5125, Obj: -2.0524, Eq Viol (l1): 0.000041, Ineq Viol (l1): 0.000000, Epoch time: 2.86s
Epoch 93/300, Loss: -0.5991, Obj: -2.1957, Eq Viol (l1): 0.000047, Ineq Viol (l1): 0.000000, Epoch time: 2.78s
Epoch 94/300, Loss: -0.8759, Obj: -2.2248, Eq Viol (l1): 0.000051, Ineq Viol (l1): 0.000000, Epoch time: 2.82s
Epoch 95/300, Loss: -0.6554, Obj: -2.1145, Eq Viol (l1): 0.000043, Ineq Viol (l1): 0.000000, Epoch time: 2.82s
Epoch 96/300, Loss: -0.6860, Obj: -2.1549, Eq Viol (l1): 0.000035, Ineq Viol (l1): 0.000000, Epoch time: 2.85s
Epoch 97/300, Loss: -0.3376, Obj: -2.0893, Eq Viol (l1): 0.000032, Ineq Viol (l1): 0.000000, Epoch time: 2.86s
Epoch 98/300, Loss: -0.5396, Obj: -1.9629, Eq Viol (l1): 0.000034, Ineq Viol (l1): 0.000000, Epoch time: 2.84s
Epoch 99/300, Loss: -1.0186, Obj: -2.2344, Eq Viol (l1): 0.000035, Ineq Viol (l1): 0.000000, Epoch time: 2.83s
Epoch 100/300, Loss: -0.6813, Obj: -2.1137, Eq Viol (l1): 0.000034, Ineq Viol (l1): 0.000000, Epoch time: 2.85s
Epoch 101/300, Loss: -0.5555, Obj: -2.1443, Eq Viol (l1): 0.000030, Ineq Viol (l1): 0.000000, Epoch time: 2.86s

Running validation at epoch 100...

VALIDATION_EPOCH_100 EVALUATION RESULTS:
==================================================
Objective Value:     -2.354026e+00
True Objective:      -2.413704e+00
Optimality Gap:      -3.498642e+00 ± 1.587821e+00
Eq Violation l1:   2.397951e-05 (max: 2.790649e-03)
Ineq Violation l1: 2.699279e-07 (max: 7.295669e-05)
Solution Distance:   7.655814e+01 ± 1.822028e+00
Merit:             -2.353784e+00 ± 4.778428e-02
Avg Inference Time:  0.0886s
==================================================
Epoch 102/300, Loss: -0.6281, Obj: -2.3308, Eq Viol (l1): 0.000030, Ineq Viol (l1): 0.000000, Epoch time: 2.91s
Epoch 103/300, Loss: -0.8573, Obj: -2.2004, Eq Viol (l1): 0.000034, Ineq Viol (l1): 0.000000, Epoch time: 2.87s
Epoch 104/300, Loss: -0.9732, Obj: -2.2217, Eq Viol (l1): 0.000029, Ineq Viol (l1): 0.000000, Epoch time: 2.91s
Epoch 105/300, Loss: -0.9383, Obj: -2.3700, Eq Viol (l1): 0.000035, Ineq Viol (l1): 0.000000, Epoch time: 2.88s
Epoch 106/300, Loss: 0.8268, Obj: -1.9608, Eq Viol (l1): 0.000036, Ineq Viol (l1): 0.000000, Epoch time: 2.92s
Epoch 107/300, Loss: -0.4973, Obj: -2.0253, Eq Viol (l1): 0.000026, Ineq Viol (l1): 0.000000, Epoch time: 2.86s
Epoch 108/300, Loss: -1.0058, Obj: -2.3145, Eq Viol (l1): 0.000033, Ineq Viol (l1): 0.000000, Epoch time: 2.88s
Epoch 109/300, Loss: -1.2107, Obj: -2.3022, Eq Viol (l1): 0.000023, Ineq Viol (l1): 0.000000, Epoch time: 2.93s
Epoch 110/300, Loss: -0.5012, Obj: -2.2138, Eq Viol (l1): 0.000019, Ineq Viol (l1): 0.000000, Epoch time: 3.13s
Epoch 111/300, Loss: 1.6087, Obj: -1.5783, Eq Viol (l1): 0.000027, Ineq Viol (l1): 0.000001, Epoch time: 3.17s

Running validation at epoch 110...

VALIDATION_EPOCH_110 EVALUATION RESULTS:
==================================================
Objective Value:     -2.042757e+00
True Objective:      -2.413704e+00
Optimality Gap:      -2.959758e+00 ± 1.369438e+00
Eq Violation l1:   3.463101e-05 (max: 2.147944e-03)
Ineq Violation l1: 2.448710e-07 (max: 4.146496e-05)
Solution Distance:   7.745123e+01 ± 1.768154e+00
Merit:             -2.042408e+00 ± 7.084604e-02
Avg Inference Time:  0.0901s
==================================================
Epoch 112/300, Loss: 0.0667, Obj: -1.8581, Eq Viol (l1): 0.000025, Ineq Viol (l1): 0.000000, Epoch time: 2.86s
Epoch 113/300, Loss: 0.0168, Obj: -2.0486, Eq Viol (l1): 0.000028, Ineq Viol (l1): 0.000000, Epoch time: 2.89s
Epoch 114/300, Loss: 3.8593, Obj: -1.5498, Eq Viol (l1): 0.000031, Ineq Viol (l1): 0.000000, Epoch time: 2.98s
Epoch 115/300, Loss: 1.2114, Obj: -0.8978, Eq Viol (l1): 0.000025, Ineq Viol (l1): 0.000000, Epoch time: 2.95s
Epoch 116/300, Loss: 0.7980, Obj: -1.9803, Eq Viol (l1): 0.000022, Ineq Viol (l1): 0.000000, Epoch time: 3.03s
Epoch 117/300, Loss: 1.6279, Obj: -1.5048, Eq Viol (l1): 0.000021, Ineq Viol (l1): 0.000000, Epoch time: 3.12s
Epoch 118/300, Loss: 1.0901, Obj: -1.6248, Eq Viol (l1): 0.000024, Ineq Viol (l1): 0.000000, Epoch time: 3.01s
Epoch 119/300, Loss: 0.4102, Obj: -1.7338, Eq Viol (l1): 0.000027, Ineq Viol (l1): 0.000000, Epoch time: 2.91s
Epoch 120/300, Loss: -0.3908, Obj: -2.0830, Eq Viol (l1): 0.000036, Ineq Viol (l1): 0.000000, Epoch time: 2.85s
Epoch 121/300, Loss: 0.7015, Obj: -1.8676, Eq Viol (l1): 0.000028, Ineq Viol (l1): 0.000000, Epoch time: 2.97s

Running validation at epoch 120...

VALIDATION_EPOCH_120 EVALUATION RESULTS:
==================================================
Objective Value:     -1.665884e+00
True Objective:      -2.413704e+00
Optimality Gap:      -2.464330e+00 ± 1.303417e+00
Eq Violation l1:   2.363469e-05 (max: 3.165611e-03)
Ineq Violation l1: 3.426905e-07 (max: 1.357303e-04)
Solution Distance:   8.208125e+01 ± 1.978302e+00
Merit:             -1.665644e+00 ± 5.714272e-02
Avg Inference Time:  0.0946s
==================================================
Epoch 122/300, Loss: 0.9745, Obj: -1.7470, Eq Viol (l1): 0.000029, Ineq Viol (l1): 0.000001, Epoch time: 3.06s
Epoch 123/300, Loss: 1.2966, Obj: -1.2124, Eq Viol (l1): 0.000016, Ineq Viol (l1): 0.000000, Epoch time: 3.10s
Epoch 124/300, Loss: 1.9654, Obj: -1.0808, Eq Viol (l1): 0.000022, Ineq Viol (l1): 0.000001, Epoch time: 3.06s
Epoch 125/300, Loss: -0.0691, Obj: -1.7677, Eq Viol (l1): 0.000023, Ineq Viol (l1): 0.000000, Epoch time: 2.96s
Epoch 126/300, Loss: -0.6252, Obj: -2.2608, Eq Viol (l1): 0.000030, Ineq Viol (l1): 0.000000, Epoch time: 2.95s
Epoch 127/300, Loss: 0.1837, Obj: -2.1204, Eq Viol (l1): 0.000024, Ineq Viol (l1): 0.000000, Epoch time: 3.02s
Epoch 128/300, Loss: -0.4574, Obj: -2.0670, Eq Viol (l1): 0.000026, Ineq Viol (l1): 0.000000, Epoch time: 2.91s
Epoch 129/300, Loss: -0.9140, Obj: -2.2232, Eq Viol (l1): 0.000029, Ineq Viol (l1): 0.000000, Epoch time: 2.91s
Epoch 130/300, Loss: -0.3527, Obj: -2.1441, Eq Viol (l1): 0.000028, Ineq Viol (l1): 0.000000, Epoch time: 3.02s
Epoch 131/300, Loss: -0.2385, Obj: -1.9748, Eq Viol (l1): 0.000020, Ineq Viol (l1): 0.000000, Epoch time: 3.02s

Running validation at epoch 130...

VALIDATION_EPOCH_130 EVALUATION RESULTS:
==================================================
Objective Value:     -2.404527e+00
True Objective:      -2.413704e+00
Optimality Gap:      -3.620584e+00 ± 1.589249e+00
Eq Violation l1:   3.793862e-05 (max: 2.598099e-03)
Ineq Violation l1: 5.336739e-07 (max: 9.987962e-05)
Solution Distance:   7.782153e+01 ± 1.718509e+00
Merit:             -2.404143e+00 ± 5.767556e-02
Avg Inference Time:  0.0887s
==================================================
Epoch 132/300, Loss: -0.4875, Obj: -2.1223, Eq Viol (l1): 0.000033, Ineq Viol (l1): 0.000000, Epoch time: 2.85s
Epoch 133/300, Loss: -0.8291, Obj: -2.2906, Eq Viol (l1): 0.000035, Ineq Viol (l1): 0.000000, Epoch time: 2.89s
Epoch 134/300, Loss: -0.4796, Obj: -2.1480, Eq Viol (l1): 0.000025, Ineq Viol (l1): 0.000000, Epoch time: 3.04s
Epoch 135/300, Loss: -0.5929, Obj: -2.2237, Eq Viol (l1): 0.000026, Ineq Viol (l1): 0.000000, Epoch time: 2.96s
Epoch 136/300, Loss: -0.6577, Obj: -2.1931, Eq Viol (l1): 0.000030, Ineq Viol (l1): 0.000000, Epoch time: 2.93s
Epoch 137/300, Loss: -0.5429, Obj: -2.1668, Eq Viol (l1): 0.000024, Ineq Viol (l1): 0.000000, Epoch time: 2.98s
Epoch 138/300, Loss: -0.6803, Obj: -2.2117, Eq Viol (l1): 0.000026, Ineq Viol (l1): 0.000000, Epoch time: 2.97s
Epoch 139/300, Loss: -0.1945, Obj: -1.9890, Eq Viol (l1): 0.000039, Ineq Viol (l1): 0.000004, Epoch time: 3.04s
Epoch 140/300, Loss: -0.1133, Obj: -1.8687, Eq Viol (l1): 0.000035, Ineq Viol (l1): 0.000002, Epoch time: 3.04s
Epoch 141/300, Loss: -0.4235, Obj: -2.0742, Eq Viol (l1): 0.000043, Ineq Viol (l1): 0.000003, Epoch time: 2.95s

Running validation at epoch 140...

VALIDATION_EPOCH_140 EVALUATION RESULTS:
==================================================
Objective Value:     -1.919180e+00
True Objective:      -2.413704e+00
Optimality Gap:      -2.725740e+00 ± 1.240574e+00
Eq Violation l1:   1.848426e-05 (max: 2.970550e-03)
Ineq Violation l1: 3.541166e-07 (max: 1.449471e-04)
Solution Distance:   8.112057e+01 ± 1.546459e+00
Merit:             -1.918991e+00 ± 4.772614e-02
Avg Inference Time:  0.0888s
==================================================
Epoch 142/300, Loss: -0.3588, Obj: -1.7913, Eq Viol (l1): 0.000017, Ineq Viol (l1): 0.000000, Epoch time: 3.03s
Epoch 143/300, Loss: -0.3652, Obj: -1.9574, Eq Viol (l1): 0.000020, Ineq Viol (l1): 0.000000, Epoch time: 3.07s
Epoch 144/300, Loss: -0.6480, Obj: -2.2163, Eq Viol (l1): 0.000018, Ineq Viol (l1): 0.000000, Epoch time: 3.05s
Epoch 145/300, Loss: -0.2791, Obj: -2.0504, Eq Viol (l1): 0.000020, Ineq Viol (l1): 0.000000, Epoch time: 3.04s
Epoch 146/300, Loss: -0.5157, Obj: -2.1930, Eq Viol (l1): 0.000020, Ineq Viol (l1): 0.000000, Epoch time: 3.12s
Epoch 147/300, Loss: 0.1824, Obj: -1.9771, Eq Viol (l1): 0.000021, Ineq Viol (l1): 0.000001, Epoch time: 3.16s
Epoch 148/300, Loss: 0.8127, Obj: -1.8502, Eq Viol (l1): 0.000043, Ineq Viol (l1): 0.000005, Epoch time: 3.09s
Epoch 149/300, Loss: 3.1448, Obj: -1.2524, Eq Viol (l1): 0.000022, Ineq Viol (l1): 0.000000, Epoch time: 3.14s
Epoch 150/300, Loss: 1.6714, Obj: -1.4827, Eq Viol (l1): 0.000016, Ineq Viol (l1): 0.000000, Epoch time: 3.16s
Epoch 151/300, Loss: 2.1850, Obj: -1.7387, Eq Viol (l1): 0.000023, Ineq Viol (l1): 0.000001, Epoch time: 3.14s

Running validation at epoch 150...

VALIDATION_EPOCH_150 EVALUATION RESULTS:
==================================================
Objective Value:     -1.517982e+00
True Objective:      -2.413704e+00
Optimality Gap:      -1.909155e+00 ± 7.926324e-01
Eq Violation l1:   1.581697e-05 (max: 2.031521e-03)
Ineq Violation l1: 3.212652e-07 (max: 7.551689e-05)
Solution Distance:   8.197139e+01 ± 1.803646e+00
Merit:             -1.517820e+00 ± 1.605615e-02
Avg Inference Time:  0.1011s
==================================================
Epoch 152/300, Loss: 1.0707, Obj: -1.5031, Eq Viol (l1): 0.000016, Ineq Viol (l1): 0.000000, Epoch time: 3.16s
Epoch 153/300, Loss: 1.2161, Obj: -1.1522, Eq Viol (l1): 0.000055, Ineq Viol (l1): 0.000006, Epoch time: 3.09s
Epoch 154/300, Loss: 0.7784, Obj: -1.8628, Eq Viol (l1): 0.000082, Ineq Viol (l1): 0.000003, Epoch time: 3.11s
Epoch 155/300, Loss: 0.4827, Obj: -1.8635, Eq Viol (l1): 0.000059, Ineq Viol (l1): 0.000009, Epoch time: 3.11s
Epoch 156/300, Loss: 2.0303, Obj: -1.1433, Eq Viol (l1): 0.000015, Ineq Viol (l1): 0.000000, Epoch time: 3.27s
Epoch 157/300, Loss: 2.1534, Obj: -1.1943, Eq Viol (l1): 0.000047, Ineq Viol (l1): 0.000004, Epoch time: 3.21s
Epoch 158/300, Loss: 2.3725, Obj: -1.8335, Eq Viol (l1): 0.000088, Ineq Viol (l1): 0.000018, Epoch time: 3.24s
Epoch 159/300, Loss: 2.1946, Obj: -1.1644, Eq Viol (l1): 0.000097, Ineq Viol (l1): 0.000011, Epoch time: 3.18s
Epoch 160/300, Loss: 1.9032, Obj: -1.0486, Eq Viol (l1): 0.000030, Ineq Viol (l1): 0.000003, Epoch time: 3.21s
Epoch 161/300, Loss: 0.5536, Obj: -1.7312, Eq Viol (l1): 0.000039, Ineq Viol (l1): 0.000005, Epoch time: 3.09s

Running validation at epoch 160...

VALIDATION_EPOCH_160 EVALUATION RESULTS:
==================================================
Objective Value:     -1.909951e+00
True Objective:      -2.413704e+00
Optimality Gap:      -2.670336e+00 ± 1.177329e+00
Eq Violation l1:   2.082040e-05 (max: 2.205786e-03)
Ineq Violation l1: 2.664067e-07 (max: 7.138387e-05)
Solution Distance:   8.118962e+01 ± 1.706189e+00
Merit:             -1.909740e+00 ± 4.850682e-02
Avg Inference Time:  0.0935s
==================================================
Epoch 162/300, Loss: 0.6482, Obj: -1.5689, Eq Viol (l1): 0.000030, Ineq Viol (l1): 0.000002, Epoch time: 3.16s
Epoch 163/300, Loss: 1.8500, Obj: -1.9324, Eq Viol (l1): 0.000029, Ineq Viol (l1): 0.000002, Epoch time: 3.21s
Epoch 164/300, Loss: 1.5608, Obj: -1.5741, Eq Viol (l1): 0.000041, Ineq Viol (l1): 0.000002, Epoch time: 3.22s
Epoch 165/300, Loss: 3.1874, Obj: -1.4610, Eq Viol (l1): 0.000050, Ineq Viol (l1): 0.000006, Epoch time: 3.22s
Epoch 166/300, Loss: 1.4082, Obj: -1.4163, Eq Viol (l1): 0.000020, Ineq Viol (l1): 0.000001, Epoch time: 3.17s
Epoch 167/300, Loss: 1.2126, Obj: -1.7161, Eq Viol (l1): 0.000037, Ineq Viol (l1): 0.000003, Epoch time: 3.22s
Epoch 168/300, Loss: 0.8939, Obj: -1.6852, Eq Viol (l1): 0.000026, Ineq Viol (l1): 0.000002, Epoch time: 3.15s
Epoch 169/300, Loss: 2.2109, Obj: -1.0203, Eq Viol (l1): 0.000023, Ineq Viol (l1): 0.000001, Epoch time: 3.13s
Epoch 170/300, Loss: 0.5687, Obj: -1.6387, Eq Viol (l1): 0.000018, Ineq Viol (l1): 0.000000, Epoch time: 3.10s
Epoch 171/300, Loss: 0.5512, Obj: -1.6821, Eq Viol (l1): 0.000022, Ineq Viol (l1): 0.000001, Epoch time: 3.07s

Running validation at epoch 170...

VALIDATION_EPOCH_170 EVALUATION RESULTS:
==================================================
Objective Value:     -1.455764e+00
True Objective:      -2.413704e+00
Optimality Gap:      -1.980488e+00 ± 1.096821e+00
Eq Violation l1:   2.355828e-05 (max: 1.960708e-03)
Ineq Violation l1: 3.579024e-07 (max: 1.073753e-04)
Solution Distance:   8.334225e+01 ± 1.680222e+00
Merit:             -1.455525e+00 ± 4.306378e-02
Avg Inference Time:  0.0895s
==================================================
Epoch 172/300, Loss: 1.3615, Obj: -1.5417, Eq Viol (l1): 0.000017, Ineq Viol (l1): 0.000001, Epoch time: 3.25s
Epoch 173/300, Loss: 1.1154, Obj: -1.2776, Eq Viol (l1): 0.000016, Ineq Viol (l1): 0.000000, Epoch time: 3.14s
Epoch 174/300, Loss: 1.0136, Obj: -1.4689, Eq Viol (l1): 0.000016, Ineq Viol (l1): 0.000000, Epoch time: 3.09s
Epoch 175/300, Loss: 0.5668, Obj: -1.8931, Eq Viol (l1): 0.000024, Ineq Viol (l1): 0.000000, Epoch time: 3.04s
Epoch 176/300, Loss: 0.5296, Obj: -1.5152, Eq Viol (l1): 0.000020, Ineq Viol (l1): 0.000000, Epoch time: 3.04s
Epoch 177/300, Loss: -0.0808, Obj: -1.9279, Eq Viol (l1): 0.000018, Ineq Viol (l1): 0.000000, Epoch time: 3.05s
Epoch 178/300, Loss: 0.2903, Obj: -1.9121, Eq Viol (l1): 0.000026, Ineq Viol (l1): 0.000001, Epoch time: 3.04s
Epoch 179/300, Loss: 0.0696, Obj: -1.9715, Eq Viol (l1): 0.000021, Ineq Viol (l1): 0.000001, Epoch time: 3.05s
Epoch 180/300, Loss: 0.5899, Obj: -1.3480, Eq Viol (l1): 0.000030, Ineq Viol (l1): 0.000002, Epoch time: 3.11s
Epoch 181/300, Loss: 0.6897, Obj: -1.5998, Eq Viol (l1): 0.000017, Ineq Viol (l1): 0.000000, Epoch time: 3.18s

Running validation at epoch 180...

VALIDATION_EPOCH_180 EVALUATION RESULTS:
==================================================
Objective Value:     -1.521465e+00
True Objective:      -2.413704e+00
Optimality Gap:      -2.020459e+00 ± 1.185530e+00
Eq Violation l1:   2.060857e-05 (max: 2.710254e-03)
Ineq Violation l1: 1.477890e-07 (max: 2.945420e-05)
Solution Distance:   8.110546e+01 ± 1.769299e+00
Merit:             -1.521257e+00 ± 5.347129e-02
Avg Inference Time:  0.0924s
==================================================
Epoch 182/300, Loss: 1.3370, Obj: -1.3418, Eq Viol (l1): 0.000030, Ineq Viol (l1): 0.000001, Epoch time: 3.17s
Epoch 183/300, Loss: 2.0116, Obj: -2.0501, Eq Viol (l1): 0.000028, Ineq Viol (l1): 0.000002, Epoch time: 3.21s
Epoch 184/300, Loss: 0.5485, Obj: -1.6159, Eq Viol (l1): 0.000023, Ineq Viol (l1): 0.000000, Epoch time: 3.12s
Epoch 185/300, Loss: 0.6242, Obj: -1.8113, Eq Viol (l1): 0.000055, Ineq Viol (l1): 0.000009, Epoch time: 3.10s
Epoch 186/300, Loss: 0.5720, Obj: -1.7461, Eq Viol (l1): 0.000030, Ineq Viol (l1): 0.000002, Epoch time: 3.16s
Epoch 187/300, Loss: 0.8750, Obj: -1.8647, Eq Viol (l1): 0.000051, Ineq Viol (l1): 0.000005, Epoch time: 3.08s
Epoch 188/300, Loss: 0.9741, Obj: -1.5247, Eq Viol (l1): 0.000019, Ineq Viol (l1): 0.000001, Epoch time: 3.10s
Epoch 189/300, Loss: 0.7864, Obj: -1.8123, Eq Viol (l1): 0.000020, Ineq Viol (l1): 0.000000, Epoch time: 3.05s
Epoch 190/300, Loss: 0.9318, Obj: -1.5947, Eq Viol (l1): 0.000928, Ineq Viol (l1): 0.000151, Epoch time: 3.05s
Epoch 191/300, Loss: 1.0875, Obj: -1.8933, Eq Viol (l1): 0.000022, Ineq Viol (l1): 0.000001, Epoch time: 3.13s

Running validation at epoch 190...

VALIDATION_EPOCH_190 EVALUATION RESULTS:
==================================================
Objective Value:     -1.372870e+00
True Objective:      -2.413704e+00
Optimality Gap:      -1.746210e+00 ± 9.966030e-01
Eq Violation l1:   3.154327e-05 (max: 2.390277e-03)
Ineq Violation l1: 3.807599e-07 (max: 6.797170e-05)
Solution Distance:   8.307549e+01 ± 1.721274e+00
Merit:             -1.372551e+00 ± 2.584434e-02
Avg Inference Time:  0.0882s
==================================================
Epoch 192/300, Loss: 1.3576, Obj: -1.0526, Eq Viol (l1): 0.000016, Ineq Viol (l1): 0.000001, Epoch time: 3.20s
Epoch 193/300, Loss: 1.8592, Obj: -0.6550, Eq Viol (l1): 0.000044, Ineq Viol (l1): 0.000004, Epoch time: 3.15s
Epoch 194/300, Loss: 3.5527, Obj: -1.0999, Eq Viol (l1): 0.000054, Ineq Viol (l1): 0.000006, Epoch time: 3.25s
Epoch 195/300, Loss: 2.6537, Obj: -0.8304, Eq Viol (l1): 0.000054, Ineq Viol (l1): 0.000002, Epoch time: 3.20s
Epoch 196/300, Loss: 2.1195, Obj: -1.3497, Eq Viol (l1): 0.000040, Ineq Viol (l1): 0.000003, Epoch time: 3.13s
Epoch 197/300, Loss: 1.0154, Obj: -1.7299, Eq Viol (l1): 0.000019, Ineq Viol (l1): 0.000000, Epoch time: 3.13s
Epoch 198/300, Loss: 0.8838, Obj: -1.3074, Eq Viol (l1): 0.000027, Ineq Viol (l1): 0.000002, Epoch time: 3.14s
Epoch 199/300, Loss: 2.5363, Obj: -2.2511, Eq Viol (l1): 0.000041, Ineq Viol (l1): 0.000003, Epoch time: 3.15s
Epoch 200/300, Loss: 1.6712, Obj: -1.2612, Eq Viol (l1): 0.000057, Ineq Viol (l1): 0.000005, Epoch time: 3.26s
Epoch 201/300, Loss: 2.6901, Obj: -1.0118, Eq Viol (l1): 0.000073, Ineq Viol (l1): 0.000010, Epoch time: 3.33s

Running validation at epoch 200...

VALIDATION_EPOCH_200 EVALUATION RESULTS:
==================================================
Objective Value:     -8.621470e-01
True Objective:      -2.413704e+00
Optimality Gap:      -9.099523e-01 ± 6.814227e-01
Eq Violation l1:   3.220054e-05 (max: 6.235632e-03)
Ineq Violation l1: 1.553174e-06 (max: 6.782187e-04)
Solution Distance:   8.173638e+01 ± 1.873899e+00
Merit:             -8.618095e-01 ± 8.477660e-02
Avg Inference Time:  0.1060s
==================================================
Epoch 202/300, Loss: 2.7141, Obj: -0.6465, Eq Viol (l1): 0.000018, Ineq Viol (l1): 0.000000, Epoch time: 3.17s
Epoch 203/300, Loss: 1.2090, Obj: -1.9531, Eq Viol (l1): 0.000022, Ineq Viol (l1): 0.000001, Epoch time: 3.14s
Epoch 204/300, Loss: 1.2150, Obj: -1.7672, Eq Viol (l1): 0.000023, Ineq Viol (l1): 0.000000, Epoch time: 3.15s
Epoch 205/300, Loss: 2.1572, Obj: -1.3071, Eq Viol (l1): 0.000021, Ineq Viol (l1): 0.000001, Epoch time: 3.21s
Epoch 206/300, Loss: 2.9074, Obj: -1.1598, Eq Viol (l1): 0.000020, Ineq Viol (l1): 0.000000, Epoch time: 3.16s
Epoch 207/300, Loss: 3.6949, Obj: -0.7601, Eq Viol (l1): 0.000039, Ineq Viol (l1): 0.000003, Epoch time: 3.28s
Epoch 208/300, Loss: 2.5343, Obj: -0.7004, Eq Viol (l1): 0.000020, Ineq Viol (l1): 0.000000, Epoch time: 3.11s
Epoch 209/300, Loss: 0.3739, Obj: -1.6543, Eq Viol (l1): 0.000016, Ineq Viol (l1): 0.000000, Epoch time: 3.11s
Epoch 210/300, Loss: -0.0478, Obj: -1.9443, Eq Viol (l1): 0.000023, Ineq Viol (l1): 0.000000, Epoch time: 3.00s
Epoch 211/300, Loss: 0.6798, Obj: -1.8686, Eq Viol (l1): 0.000014, Ineq Viol (l1): 0.000000, Epoch time: 3.26s

Running validation at epoch 210...

VALIDATION_EPOCH_210 EVALUATION RESULTS:
==================================================
Objective Value:     -1.870745e+00
True Objective:      -2.413704e+00
Optimality Gap:      -2.545215e+00 ± 1.235238e+00
Eq Violation l1:   1.894943e-05 (max: 2.134415e-03)
Ineq Violation l1: 2.711786e-07 (max: 8.099480e-05)
Solution Distance:   8.129940e+01 ± 1.723332e+00
Merit:             -1.870553e+00 ± 5.543983e-02
Avg Inference Time:  0.0967s
==================================================
Epoch 212/300, Loss: 1.2006, Obj: -1.9017, Eq Viol (l1): 0.000021, Ineq Viol (l1): 0.000001, Epoch time: 3.16s
Epoch 213/300, Loss: 1.1074, Obj: -1.7022, Eq Viol (l1): 0.000032, Ineq Viol (l1): 0.000003, Epoch time: 3.18s
Epoch 214/300, Loss: 1.0025, Obj: -1.6763, Eq Viol (l1): 0.000026, Ineq Viol (l1): 0.000001, Epoch time: 3.19s
Epoch 215/300, Loss: 1.2685, Obj: -2.1847, Eq Viol (l1): 0.000027, Ineq Viol (l1): 0.000002, Epoch time: 3.20s
Epoch 216/300, Loss: 1.2250, Obj: -1.8263, Eq Viol (l1): 0.000021, Ineq Viol (l1): 0.000001, Epoch time: 3.13s
Epoch 217/300, Loss: 1.4214, Obj: -1.8919, Eq Viol (l1): 0.000025, Ineq Viol (l1): 0.000001, Epoch time: 3.08s
Epoch 218/300, Loss: 1.2600, Obj: -1.4309, Eq Viol (l1): 0.000068, Ineq Viol (l1): 0.000012, Epoch time: 3.15s
Epoch 219/300, Loss: 1.4350, Obj: -1.1246, Eq Viol (l1): 0.000062, Ineq Viol (l1): 0.000010, Epoch time: 3.22s
Epoch 220/300, Loss: 5.2415, Obj: -1.2533, Eq Viol (l1): 0.000046, Ineq Viol (l1): 0.000005, Epoch time: 3.29s
Epoch 221/300, Loss: 5.4078, Obj: -0.0789, Eq Viol (l1): 0.000029, Ineq Viol (l1): 0.000002, Epoch time: 3.29s

Running validation at epoch 220...

VALIDATION_EPOCH_220 EVALUATION RESULTS:
==================================================
Objective Value:     1.058435e-01
True Objective:      -2.413704e+00
Optimality Gap:      9.159662e-01 ± 5.563384e-02
Eq Violation l1:   1.873477e-05 (max: 4.769125e-03)
Ineq Violation l1: 6.614599e-07 (max: 2.877116e-04)
Solution Distance:   8.609051e+01 ± 1.857529e+00
Merit:             1.060375e-01 ± 8.482572e-02
Avg Inference Time:  0.1104s
==================================================
Epoch 222/300, Loss: 2.7316, Obj: -0.6348, Eq Viol (l1): 0.000062, Ineq Viol (l1): 0.000006, Epoch time: 3.29s
Epoch 223/300, Loss: 2.2856, Obj: -1.1554, Eq Viol (l1): 0.000038, Ineq Viol (l1): 0.000005, Epoch time: 3.21s
Epoch 224/300, Loss: 1.4557, Obj: -1.7144, Eq Viol (l1): 0.000029, Ineq Viol (l1): 0.000001, Epoch time: 3.09s
Epoch 225/300, Loss: 0.6807, Obj: -1.8547, Eq Viol (l1): 0.000039, Ineq Viol (l1): 0.000004, Epoch time: 3.10s
Epoch 226/300, Loss: 0.3013, Obj: -1.7862, Eq Viol (l1): 0.000030, Ineq Viol (l1): 0.000002, Epoch time: 3.03s
Epoch 227/300, Loss: -0.2250, Obj: -2.0506, Eq Viol (l1): 0.000018, Ineq Viol (l1): 0.000000, Epoch time: 3.13s
Epoch 228/300, Loss: 0.6507, Obj: -2.1057, Eq Viol (l1): 0.000031, Ineq Viol (l1): 0.000003, Epoch time: 3.05s
Epoch 229/300, Loss: 0.2262, Obj: -1.9971, Eq Viol (l1): 0.000042, Ineq Viol (l1): 0.000004, Epoch time: 3.01s
Epoch 230/300, Loss: 0.3517, Obj: -2.0792, Eq Viol (l1): 0.000031, Ineq Viol (l1): 0.000002, Epoch time: 3.04s
Epoch 231/300, Loss: -0.1735, Obj: -1.8738, Eq Viol (l1): 0.000022, Ineq Viol (l1): 0.000000, Epoch time: 3.05s

Running validation at epoch 230...

VALIDATION_EPOCH_230 EVALUATION RESULTS:
==================================================
Objective Value:     -2.493759e+00
True Objective:      -2.413704e+00
Optimality Gap:      -3.610770e+00 ± 1.407604e+00
Eq Violation l1:   3.550292e-05 (max: 2.127783e-03)
Ineq Violation l1: 4.575426e-07 (max: 1.020834e-04)
Solution Distance:   8.116570e+01 ± 1.787874e+00
Merit:             -2.493399e+00 ± 8.607289e-03
Avg Inference Time:  0.0874s
==================================================
Epoch 232/300, Loss: -0.3358, Obj: -2.1530, Eq Viol (l1): 0.000038, Ineq Viol (l1): 0.000004, Epoch time: 2.97s
Epoch 233/300, Loss: -0.3079, Obj: -1.9240, Eq Viol (l1): 0.000023, Ineq Viol (l1): 0.000000, Epoch time: 3.01s
Epoch 234/300, Loss: -0.6176, Obj: -2.1572, Eq Viol (l1): 0.000024, Ineq Viol (l1): 0.000000, Epoch time: 3.10s
Epoch 235/300, Loss: -0.3492, Obj: -1.9791, Eq Viol (l1): 0.000022, Ineq Viol (l1): 0.000001, Epoch time: 3.05s
Epoch 236/300, Loss: -0.1020, Obj: -1.8588, Eq Viol (l1): 0.000021, Ineq Viol (l1): 0.000000, Epoch time: 3.12s
Epoch 237/300, Loss: -0.0017, Obj: -1.8344, Eq Viol (l1): 0.000018, Ineq Viol (l1): 0.000001, Epoch time: 3.15s
Epoch 238/300, Loss: -0.2937, Obj: -2.1191, Eq Viol (l1): 0.000017, Ineq Viol (l1): 0.000000, Epoch time: 3.10s
Epoch 239/300, Loss: -0.1363, Obj: -2.2147, Eq Viol (l1): 0.000014, Ineq Viol (l1): 0.000000, Epoch time: 3.23s
Epoch 240/300, Loss: 0.4481, Obj: -2.1608, Eq Viol (l1): 0.000017, Ineq Viol (l1): 0.000000, Epoch time: 3.27s
Epoch 241/300, Loss: 0.6439, Obj: -1.9896, Eq Viol (l1): 0.000022, Ineq Viol (l1): 0.000000, Epoch time: 3.12s

Running validation at epoch 240...

VALIDATION_EPOCH_240 EVALUATION RESULTS:
==================================================
Objective Value:     -2.153367e+00
True Objective:      -2.413704e+00
Optimality Gap:      -3.239823e+00 ± 1.481638e+00
Eq Violation l1:   1.984569e-05 (max: 2.747324e-03)
Ineq Violation l1: 1.743543e-07 (max: 4.744691e-05)
Solution Distance:   8.045722e+01 ± 1.613125e+00
Merit:             -2.153167e+00 ± 4.643695e-02
Avg Inference Time:  0.0966s
==================================================
Epoch 242/300, Loss: -0.2622, Obj: -1.8491, Eq Viol (l1): 0.000024, Ineq Viol (l1): 0.000001, Epoch time: 3.10s
Epoch 243/300, Loss: 0.1542, Obj: -1.8915, Eq Viol (l1): 0.000019, Ineq Viol (l1): 0.000001, Epoch time: 3.09s
Epoch 244/300, Loss: 0.7316, Obj: -1.9010, Eq Viol (l1): 0.000017, Ineq Viol (l1): 0.000000, Epoch time: 3.10s
Epoch 245/300, Loss: 0.0797, Obj: -2.0159, Eq Viol (l1): 0.000021, Ineq Viol (l1): 0.000001, Epoch time: 3.09s
Epoch 246/300, Loss: 0.1799, Obj: -2.1862, Eq Viol (l1): 0.000029, Ineq Viol (l1): 0.000003, Epoch time: 3.07s
Epoch 247/300, Loss: 0.2007, Obj: -2.0551, Eq Viol (l1): 0.000016, Ineq Viol (l1): 0.000000, Epoch time: 3.15s
Epoch 248/300, Loss: 0.0326, Obj: -1.9404, Eq Viol (l1): 0.000024, Ineq Viol (l1): 0.000000, Epoch time: 3.07s
Epoch 249/300, Loss: -0.0554, Obj: -2.2911, Eq Viol (l1): 0.000019, Ineq Viol (l1): 0.000000, Epoch time: 3.14s
Epoch 250/300, Loss: -0.2025, Obj: -2.2146, Eq Viol (l1): 0.000029, Ineq Viol (l1): 0.000002, Epoch time: 3.09s
Epoch 251/300, Loss: 0.2904, Obj: -1.7176, Eq Viol (l1): 0.000020, Ineq Viol (l1): 0.000000, Epoch time: 3.05s

Running validation at epoch 250...

VALIDATION_EPOCH_250 EVALUATION RESULTS:
==================================================
Objective Value:     -2.348288e+00
True Objective:      -2.413704e+00
Optimality Gap:      -3.492487e+00 ± 1.501416e+00
Eq Violation l1:   3.237616e-05 (max: 2.521194e-03)
Ineq Violation l1: 7.010311e-07 (max: 1.978513e-04)
Solution Distance:   8.426118e+01 ± 1.816760e+00
Merit:             -2.347958e+00 ± 4.933435e-02
Avg Inference Time:  0.0887s
==================================================
Epoch 252/300, Loss: -0.0332, Obj: -2.1759, Eq Viol (l1): 0.000036, Ineq Viol (l1): 0.000002, Epoch time: 3.05s
Epoch 253/300, Loss: 0.4645, Obj: -1.8279, Eq Viol (l1): 0.000039, Ineq Viol (l1): 0.000001, Epoch time: 3.06s
Epoch 254/300, Loss: 0.3606, Obj: -2.2122, Eq Viol (l1): 0.000031, Ineq Viol (l1): 0.000000, Epoch time: 2.97s
Epoch 255/300, Loss: -0.4755, Obj: -2.1768, Eq Viol (l1): 0.000026, Ineq Viol (l1): 0.000000, Epoch time: 2.96s
Epoch 256/300, Loss: -0.8907, Obj: -2.3229, Eq Viol (l1): 0.000026, Ineq Viol (l1): 0.000000, Epoch time: 2.96s
Epoch 257/300, Loss: -0.9790, Obj: -2.2844, Eq Viol (l1): 0.000025, Ineq Viol (l1): 0.000000, Epoch time: 2.97s
Epoch 258/300, Loss: -0.8047, Obj: -2.1900, Eq Viol (l1): 0.000023, Ineq Viol (l1): 0.000000, Epoch time: 3.01s
Epoch 259/300, Loss: -0.8271, Obj: -2.2621, Eq Viol (l1): 0.000024, Ineq Viol (l1): 0.000000, Epoch time: 2.99s
Epoch 260/300, Loss: -1.0233, Obj: -2.3554, Eq Viol (l1): 0.000022, Ineq Viol (l1): 0.000000, Epoch time: 2.95s
Epoch 261/300, Loss: -0.7752, Obj: -2.2347, Eq Viol (l1): 0.000022, Ineq Viol (l1): 0.000000, Epoch time: 3.06s

Running validation at epoch 260...

VALIDATION_EPOCH_260 EVALUATION RESULTS:
==================================================
Objective Value:     -2.537006e+00
True Objective:      -2.413704e+00
Optimality Gap:      -3.682427e+00 ± 1.472380e+00
Eq Violation l1:   3.018519e-05 (max: 1.288908e-03)
Ineq Violation l1: 2.440510e-07 (max: 4.658313e-05)
Solution Distance:   8.132301e+01 ± 1.713934e+00
Merit:             -2.536702e+00 ± 3.608062e-02
Avg Inference Time:  0.0860s
==================================================
Epoch 262/300, Loss: -0.6441, Obj: -2.0499, Eq Viol (l1): 0.000021, Ineq Viol (l1): 0.000001, Epoch time: 3.12s
Epoch 263/300, Loss: 0.9830, Obj: -1.7570, Eq Viol (l1): 0.000017, Ineq Viol (l1): 0.000000, Epoch time: 3.16s
Epoch 264/300, Loss: 1.3173, Obj: -2.0235, Eq Viol (l1): 0.000022, Ineq Viol (l1): 0.000000, Epoch time: 3.14s
Epoch 265/300, Loss: 0.7876, Obj: -1.8004, Eq Viol (l1): 0.000023, Ineq Viol (l1): 0.000000, Epoch time: 3.07s
Epoch 266/300, Loss: 1.0317, Obj: -1.5904, Eq Viol (l1): 0.000018, Ineq Viol (l1): 0.000001, Epoch time: 3.13s
Epoch 267/300, Loss: 0.5763, Obj: -1.6841, Eq Viol (l1): 0.000022, Ineq Viol (l1): 0.000001, Epoch time: 3.08s
Epoch 268/300, Loss: 0.2247, Obj: -1.5729, Eq Viol (l1): 0.000018, Ineq Viol (l1): 0.000000, Epoch time: 3.13s
Epoch 269/300, Loss: 0.1506, Obj: -1.9255, Eq Viol (l1): 0.000018, Ineq Viol (l1): 0.000000, Epoch time: 3.12s
Epoch 270/300, Loss: 0.4878, Obj: -1.9456, Eq Viol (l1): 0.000023, Ineq Viol (l1): 0.000000, Epoch time: 3.06s
Epoch 271/300, Loss: 0.8193, Obj: -1.3520, Eq Viol (l1): 0.000018, Ineq Viol (l1): 0.000000, Epoch time: 3.10s

Running validation at epoch 270...

VALIDATION_EPOCH_270 EVALUATION RESULTS:
==================================================
Objective Value:     -2.080083e+00
True Objective:      -2.413704e+00
Optimality Gap:      -3.068197e+00 ± 1.366795e+00
Eq Violation l1:   2.698510e-05 (max: 2.724965e-03)
Ineq Violation l1: 6.001267e-07 (max: 1.882440e-04)
Solution Distance:   8.277963e+01 ± 1.679184e+00
Merit:             -2.079807e+00 ± 3.873245e-02
Avg Inference Time:  0.0873s
==================================================
Epoch 272/300, Loss: 0.0858, Obj: -2.0309, Eq Viol (l1): 0.000022, Ineq Viol (l1): 0.000000, Epoch time: 3.03s
Epoch 273/300, Loss: 0.1598, Obj: -1.9265, Eq Viol (l1): 0.000029, Ineq Viol (l1): 0.000001, Epoch time: 3.06s
Epoch 274/300, Loss: -0.2387, Obj: -2.0946, Eq Viol (l1): 0.000021, Ineq Viol (l1): 0.000000, Epoch time: 3.04s
Epoch 275/300, Loss: -0.4094, Obj: -2.0253, Eq Viol (l1): 0.000033, Ineq Viol (l1): 0.000002, Epoch time: 3.00s
Epoch 276/300, Loss: -0.7021, Obj: -2.1660, Eq Viol (l1): 0.000019, Ineq Viol (l1): 0.000000, Epoch time: 3.05s
Epoch 277/300, Loss: -0.1359, Obj: -1.9957, Eq Viol (l1): 0.000025, Ineq Viol (l1): 0.000000, Epoch time: 3.00s
Epoch 278/300, Loss: 0.0174, Obj: -1.9798, Eq Viol (l1): 0.000015, Ineq Viol (l1): 0.000000, Epoch time: 3.08s
Epoch 279/300, Loss: -0.3231, Obj: -2.1071, Eq Viol (l1): 0.000024, Ineq Viol (l1): 0.000001, Epoch time: 3.10s
Epoch 280/300, Loss: -0.4918, Obj: -2.1323, Eq Viol (l1): 0.000032, Ineq Viol (l1): 0.000001, Epoch time: 3.01s
Epoch 281/300, Loss: -0.9036, Obj: -2.2881, Eq Viol (l1): 0.000035, Ineq Viol (l1): 0.000003, Epoch time: 3.04s

Running validation at epoch 280...

VALIDATION_EPOCH_280 EVALUATION RESULTS:
==================================================
Objective Value:     -2.605557e+00
True Objective:      -2.413704e+00
Optimality Gap:      -3.942734e+00 ± 1.682692e+00
Eq Violation l1:   3.443076e-05 (max: 1.489689e-03)
Ineq Violation l1: 4.835250e-07 (max: 1.341175e-04)
Solution Distance:   8.155711e+01 ± 1.871181e+00
Merit:             -2.605208e+00 ± 6.323640e-02
Avg Inference Time:  0.0872s
==================================================
Epoch 282/300, Loss: -0.9780, Obj: -2.3834, Eq Viol (l1): 0.000032, Ineq Viol (l1): 0.000003, Epoch time: 3.08s
Epoch 283/300, Loss: -0.7511, Obj: -2.2693, Eq Viol (l1): 0.000027, Ineq Viol (l1): 0.000001, Epoch time: 3.06s
Epoch 284/300, Loss: -0.4888, Obj: -2.0921, Eq Viol (l1): 0.000021, Ineq Viol (l1): 0.000000, Epoch time: 3.03s
Epoch 285/300, Loss: -0.8074, Obj: -2.2022, Eq Viol (l1): 0.000019, Ineq Viol (l1): 0.000000, Epoch time: 2.99s
Epoch 286/300, Loss: -0.8405, Obj: -2.4379, Eq Viol (l1): 0.000022, Ineq Viol (l1): 0.000000, Epoch time: 3.06s
Epoch 287/300, Loss: -0.4572, Obj: -2.2564, Eq Viol (l1): 0.000021, Ineq Viol (l1): 0.000000, Epoch time: 3.03s
Epoch 288/300, Loss: -0.4859, Obj: -2.2051, Eq Viol (l1): 0.000023, Ineq Viol (l1): 0.000000, Epoch time: 2.97s
Epoch 289/300, Loss: -0.7197, Obj: -2.2089, Eq Viol (l1): 0.000018, Ineq Viol (l1): 0.000000, Epoch time: 2.97s
Epoch 290/300, Loss: -1.0422, Obj: -2.2933, Eq Viol (l1): 0.000022, Ineq Viol (l1): 0.000000, Epoch time: 2.99s
Epoch 291/300, Loss: -0.9405, Obj: -2.2873, Eq Viol (l1): 0.000027, Ineq Viol (l1): 0.000000, Epoch time: 2.91s

Running validation at epoch 290...

VALIDATION_EPOCH_290 EVALUATION RESULTS:
==================================================
Objective Value:     -2.532347e+00
True Objective:      -2.413704e+00
Optimality Gap:      -3.824894e+00 ± 1.603364e+00
Eq Violation l1:   1.881337e-05 (max: 2.286290e-03)
Ineq Violation l1: 4.206928e-07 (max: 1.629992e-04)
Solution Distance:   8.175939e+01 ± 1.756794e+00
Merit:             -2.532155e+00 ± 2.904956e-02
Avg Inference Time:  0.0889s
==================================================
Epoch 292/300, Loss: -1.3230, Obj: -2.5131, Eq Viol (l1): 0.000022, Ineq Viol (l1): 0.000000, Epoch time: 2.97s
Epoch 293/300, Loss: -0.9665, Obj: -2.4396, Eq Viol (l1): 0.000025, Ineq Viol (l1): 0.000000, Epoch time: 2.97s
Epoch 294/300, Loss: -0.3595, Obj: -2.4303, Eq Viol (l1): 0.000033, Ineq Viol (l1): 0.000000, Epoch time: 2.98s
Epoch 295/300, Loss: -0.3394, Obj: -1.9309, Eq Viol (l1): 0.000017, Ineq Viol (l1): 0.000000, Epoch time: 3.05s
Epoch 296/300, Loss: 0.0882, Obj: -2.1761, Eq Viol (l1): 0.000018, Ineq Viol (l1): 0.000000, Epoch time: 3.06s
Epoch 297/300, Loss: 0.2133, Obj: -1.9515, Eq Viol (l1): 0.000021, Ineq Viol (l1): 0.000000, Epoch time: 3.02s
Epoch 298/300, Loss: 0.1468, Obj: -2.1847, Eq Viol (l1): 0.000017, Ineq Viol (l1): 0.000000, Epoch time: 3.11s
Epoch 299/300, Loss: -0.0446, Obj: -2.1694, Eq Viol (l1): 0.000017, Ineq Viol (l1): 0.000000, Epoch time: 3.21s
Epoch 300/300, Loss: -0.2862, Obj: -2.0978, Eq Viol (l1): 0.000019, Ineq Viol (l1): 0.000000, Epoch time: 3.18s

Training completed in 899.90 seconds.

============================================================
COMPREHENSIVE TEST EVALUATION WITH DETAILED RESULTS
============================================================
Testing with batch sizes: [256, 512]

Evaluating with batch size: 256 (with detailed results)

TEST_BS256 EVALUATION RESULTS:
==================================================
Objective Value:     -2.224364e+00
True Objective:      -2.409220e+00
Optimality Gap:      -4.468608e+00 ± 6.411002e+00
Eq Violation l1:   2.411259e-05 (max: 2.751380e-03)
Ineq Violation l1: 4.458230e-07 (max: 7.999782e-05)
Solution Distance:   8.365558e+01 ± 2.109458e+00
Merit:             -2.224118e+00 ± 7.233487e-02
Avg Inference Time:  0.0903s
==================================================

Evaluating with batch size: 512 (with detailed results)

TEST_BS512 EVALUATION RESULTS:
==================================================
Objective Value:     -2.227045e+00
True Objective:      -2.408634e+00
Optimality Gap:      -4.451423e+00 ± 4.294872e+00
Eq Violation l1:   1.981644e-05 (max: 5.243805e-03)
Ineq Violation l1: 9.629597e-07 (max: 4.720699e-04)
Solution Distance:   8.367969e+01 ± 1.339435e+00
Merit:             -2.226837e+00 ± 5.243008e-02
Avg Inference Time:  0.1047s
==================================================

TEST BATCH SIZE COMPARISON:
================================================================================
Batch Size   Objective    Opt Gap      Eq Viol      Ineq Viol    Time (s)  
--------------------------------------------------------------------------------
256          -2.2244e+00  -4.4686e+00  2.4113e-05   4.4582e-07   0.72      
512          -2.2270e+00  -4.4514e+00  1.9816e-05   9.6296e-07   0.42      
================================================================================

Saving model and results to: results/nonsmooth_nonconvex/socp/SOCPProblem-100-50-50-10000/20260108-003128_MLP_FSNet_seed3_nepochs300_lr0.0002_trainsize7000_finetune_20260106-202336_model_60
✓ Model saved: results/nonsmooth_nonconvex/socp/SOCPProblem-100-50-50-10000/20260108-003128_MLP_FSNet_seed3_nepochs300_lr0.0002_trainsize7000_finetune_20260106-202336_model_60/model.pt
✓ Detailed results saved: results/nonsmooth_nonconvex/socp/SOCPProblem-100-50-50-10000/20260108-003128_MLP_FSNet_seed3_nepochs300_lr0.0002_trainsize7000_finetune_20260106-202336_model_60/results.pkl

Files saved (or attempted):
  - model.pt (model weights and architecture)
  - results.pkl (training history, metrics, detailed test results)
Training and testing completed in 903.17 seconds
Done!!!
============================================================
==========         =====================         ===========
==========   3      =====================         ===========
==========         =====================         ===========
============================================================

======= Running for problem: nonsmooth_nonconvex/socp =======

Loading problem instance: nonsmooth_nonconvex/socp with size [100, 50, 50, 10000]
Loading  dataset from: datasets/nonsmooth_nonconvex/socp/random2025_socp_dataset_var100_ineq50_eq50_ex10000 

Running on:  cuda
Training model using FSNet method with seed 3 for 300 epochs
Using batch size: 512
Loading model from checkpoint: results/nonsmooth_nonconvex/socp/SOCPProblem-100-50-50-10000/20260106-202336_MLP_sup_seed1_dropout0.05_subopt_2_1.0/model_400.pt

lr: 0.0002, weight_decay: 0.001, num_epochs: 300

Epoch 1/300, Loss: 26.3274, Obj: 24.3901, Eq Viol (l1): 0.000054, Ineq Viol (l1): 0.000000, Epoch time: 7.37s

Running validation at epoch 0...

VALIDATION_EPOCH_0 EVALUATION RESULTS:
==================================================
Objective Value:     2.512620e+01
True Objective:      -2.413704e+00
Optimality Gap:      4.316333e+01 ± 1.362475e+01
Eq Violation l1:   3.111826e-05 (max: 1.886330e-03)
Ineq Violation l1: 3.167575e-07 (max: 8.413552e-05)
Solution Distance:   1.752107e+02 ± 8.217296e-01
Merit:             2.512651e+01 ± 7.315116e-02
Avg Inference Time:  0.6482s
==================================================
Epoch 2/300, Loss: 25.3680, Obj: 23.5515, Eq Viol (l1): 0.000061, Ineq Viol (l1): 0.000000, Epoch time: 2.75s
Epoch 3/300, Loss: 23.9521, Obj: 21.9216, Eq Viol (l1): 0.000063, Ineq Viol (l1): 0.000000, Epoch time: 2.68s
Epoch 4/300, Loss: 22.8408, Obj: 20.7394, Eq Viol (l1): 0.000066, Ineq Viol (l1): 0.000000, Epoch time: 2.69s
Epoch 5/300, Loss: 22.0204, Obj: 19.7345, Eq Viol (l1): 0.000064, Ineq Viol (l1): 0.000000, Epoch time: 2.68s
Epoch 6/300, Loss: 21.1705, Obj: 18.8594, Eq Viol (l1): 0.000056, Ineq Viol (l1): 0.000000, Epoch time: 2.70s
Epoch 7/300, Loss: 20.4849, Obj: 18.0536, Eq Viol (l1): 0.000050, Ineq Viol (l1): 0.000000, Epoch time: 2.73s
Epoch 8/300, Loss: 19.9159, Obj: 17.5165, Eq Viol (l1): 0.000053, Ineq Viol (l1): 0.000000, Epoch time: 2.72s
Epoch 9/300, Loss: 19.2811, Obj: 16.7211, Eq Viol (l1): 0.000046, Ineq Viol (l1): 0.000000, Epoch time: 2.78s
Epoch 10/300, Loss: 18.8866, Obj: 16.2298, Eq Viol (l1): 0.000050, Ineq Viol (l1): 0.000000, Epoch time: 2.75s
Epoch 11/300, Loss: 18.2805, Obj: 15.7284, Eq Viol (l1): 0.000051, Ineq Viol (l1): 0.000000, Epoch time: 2.74s

Running validation at epoch 10...

VALIDATION_EPOCH_10 EVALUATION RESULTS:
==================================================
Objective Value:     1.502081e+01
True Objective:      -2.413704e+00
Optimality Gap:      2.684516e+01 ± 7.999181e+00
Eq Violation l1:   4.190256e-05 (max: 1.549633e-03)
Ineq Violation l1: 4.521263e-07 (max: 1.179857e-04)
Solution Distance:   1.352307e+02 ± 2.921477e-01
Merit:             1.502123e+01 ± 3.454646e-02
Avg Inference Time:  0.0879s
==================================================
Epoch 12/300, Loss: 17.7856, Obj: 15.0189, Eq Viol (l1): 0.000039, Ineq Viol (l1): 0.000000, Epoch time: 2.82s
Epoch 13/300, Loss: 17.1998, Obj: 14.4436, Eq Viol (l1): 0.000055, Ineq Viol (l1): 0.000000, Epoch time: 2.74s
Epoch 14/300, Loss: 16.6536, Obj: 13.8735, Eq Viol (l1): 0.000049, Ineq Viol (l1): 0.000000, Epoch time: 2.79s
Epoch 15/300, Loss: 16.0090, Obj: 13.0146, Eq Viol (l1): 0.000046, Ineq Viol (l1): 0.000000, Epoch time: 2.80s
Epoch 16/300, Loss: 14.3353, Obj: 10.9445, Eq Viol (l1): 0.000043, Ineq Viol (l1): 0.000000, Epoch time: 2.78s
Epoch 17/300, Loss: 12.7849, Obj: 9.4812, Eq Viol (l1): 0.000046, Ineq Viol (l1): 0.000000, Epoch time: 2.83s
Epoch 18/300, Loss: 11.6773, Obj: 8.3987, Eq Viol (l1): 0.000034, Ineq Viol (l1): 0.000000, Epoch time: 2.80s
Epoch 19/300, Loss: 10.7103, Obj: 7.5435, Eq Viol (l1): 0.000034, Ineq Viol (l1): 0.000000, Epoch time: 2.82s
Epoch 20/300, Loss: 10.1593, Obj: 6.8491, Eq Viol (l1): 0.000024, Ineq Viol (l1): 0.000000, Epoch time: 2.91s
Epoch 21/300, Loss: 9.4637, Obj: 6.1374, Eq Viol (l1): 0.000030, Ineq Viol (l1): 0.000000, Epoch time: 2.85s

Running validation at epoch 20...

VALIDATION_EPOCH_20 EVALUATION RESULTS:
==================================================
Objective Value:     5.042852e+00
True Objective:      -2.413704e+00
Optimality Gap:      1.237645e+01 ± 4.537417e+00
Eq Violation l1:   2.612488e-05 (max: 2.066402e-03)
Ineq Violation l1: 1.438852e-07 (max: 1.901504e-05)
Solution Distance:   8.781315e+01 ± 8.633273e-01
Merit:             5.043114e+00 ± 1.033449e-02
Avg Inference Time:  0.0942s
==================================================
Epoch 22/300, Loss: 8.5637, Obj: 5.5048, Eq Viol (l1): 0.000028, Ineq Viol (l1): 0.000000, Epoch time: 2.86s
Epoch 23/300, Loss: 7.8462, Obj: 4.8879, Eq Viol (l1): 0.000028, Ineq Viol (l1): 0.000000, Epoch time: 2.88s
Epoch 24/300, Loss: 7.2723, Obj: 4.3269, Eq Viol (l1): 0.000034, Ineq Viol (l1): 0.000000, Epoch time: 2.84s
Epoch 25/300, Loss: 6.7267, Obj: 3.7656, Eq Viol (l1): 0.000032, Ineq Viol (l1): 0.000000, Epoch time: 2.81s
Epoch 26/300, Loss: 6.2244, Obj: 3.3631, Eq Viol (l1): 0.000031, Ineq Viol (l1): 0.000000, Epoch time: 2.81s
Epoch 27/300, Loss: 5.7094, Obj: 2.9681, Eq Viol (l1): 0.000025, Ineq Viol (l1): 0.000000, Epoch time: 2.84s
Epoch 28/300, Loss: 5.1149, Obj: 2.5395, Eq Viol (l1): 0.000032, Ineq Viol (l1): 0.000000, Epoch time: 2.79s
Epoch 29/300, Loss: 4.4915, Obj: 2.1684, Eq Viol (l1): 0.000029, Ineq Viol (l1): 0.000000, Epoch time: 2.83s
Epoch 30/300, Loss: 4.2671, Obj: 1.9529, Eq Viol (l1): 0.000029, Ineq Viol (l1): 0.000000, Epoch time: 2.79s
Epoch 31/300, Loss: 3.9767, Obj: 1.7775, Eq Viol (l1): 0.000031, Ineq Viol (l1): 0.000000, Epoch time: 2.79s

Running validation at epoch 30...

VALIDATION_EPOCH_30 EVALUATION RESULTS:
==================================================
Objective Value:     9.548774e-01
True Objective:      -2.413704e+00
Optimality Gap:      5.525656e+00 ± 2.862570e+00
Eq Violation l1:   2.351379e-05 (max: 2.222190e-03)
Ineq Violation l1: 1.248793e-07 (max: 4.505239e-05)
Solution Distance:   7.909944e+01 ± 2.725614e+00
Merit:             9.551138e-01 ± 1.717144e-03
Avg Inference Time:  0.0877s
==================================================
Epoch 32/300, Loss: 3.5615, Obj: 1.5234, Eq Viol (l1): 0.000037, Ineq Viol (l1): 0.000000, Epoch time: 2.75s
Epoch 33/300, Loss: 3.1769, Obj: 1.2547, Eq Viol (l1): 0.000034, Ineq Viol (l1): 0.000000, Epoch time: 2.79s
Epoch 34/300, Loss: 3.2144, Obj: 1.1271, Eq Viol (l1): 0.000032, Ineq Viol (l1): 0.000000, Epoch time: 2.92s
Epoch 35/300, Loss: 2.7934, Obj: 0.9156, Eq Viol (l1): 0.000029, Ineq Viol (l1): 0.000000, Epoch time: 2.81s
Epoch 36/300, Loss: 2.6511, Obj: 0.7654, Eq Viol (l1): 0.000031, Ineq Viol (l1): 0.000001, Epoch time: 2.86s
Epoch 37/300, Loss: 2.3865, Obj: 0.5772, Eq Viol (l1): 0.000034, Ineq Viol (l1): 0.000000, Epoch time: 2.77s
Epoch 38/300, Loss: 1.9724, Obj: 0.2796, Eq Viol (l1): 0.000027, Ineq Viol (l1): 0.000000, Epoch time: 2.83s
Epoch 39/300, Loss: 1.4842, Obj: -0.1659, Eq Viol (l1): 0.000032, Ineq Viol (l1): 0.000000, Epoch time: 2.79s
Epoch 40/300, Loss: 1.0244, Obj: -0.5095, Eq Viol (l1): 0.000025, Ineq Viol (l1): 0.000000, Epoch time: 2.81s
Epoch 41/300, Loss: 0.6553, Obj: -0.8191, Eq Viol (l1): 0.000029, Ineq Viol (l1): 0.000000, Epoch time: 2.74s

Running validation at epoch 40...

VALIDATION_EPOCH_40 EVALUATION RESULTS:
==================================================
Objective Value:     -9.738147e-01
True Objective:      -2.413704e+00
Optimality Gap:      -6.078113e-01 ± 5.454599e-01
Eq Violation l1:   4.628581e-05 (max: 2.619453e-03)
Ineq Violation l1: 1.080406e-07 (max: 2.154775e-05)
Solution Distance:   7.979751e+01 ± 1.762696e+00
Merit:             -9.733508e-01 ± 1.548739e-02
Avg Inference Time:  0.0705s
==================================================
Epoch 42/300, Loss: 0.2464, Obj: -1.0631, Eq Viol (l1): 0.000048, Ineq Viol (l1): 0.000000, Epoch time: 2.69s
Epoch 43/300, Loss: 0.0192, Obj: -1.2606, Eq Viol (l1): 0.000047, Ineq Viol (l1): 0.000000, Epoch time: 2.70s
Epoch 44/300, Loss: -0.1996, Obj: -1.4369, Eq Viol (l1): 0.000057, Ineq Viol (l1): 0.000000, Epoch time: 2.66s
Epoch 45/300, Loss: -0.3204, Obj: -1.5504, Eq Viol (l1): 0.000064, Ineq Viol (l1): 0.000000, Epoch time: 2.63s
Epoch 46/300, Loss: -0.5154, Obj: -1.7141, Eq Viol (l1): 0.000067, Ineq Viol (l1): 0.000000, Epoch time: 2.64s
Epoch 47/300, Loss: -0.6715, Obj: -1.8461, Eq Viol (l1): 0.000070, Ineq Viol (l1): 0.000000, Epoch time: 2.63s
Epoch 48/300, Loss: -0.6703, Obj: -1.9448, Eq Viol (l1): 0.000060, Ineq Viol (l1): 0.000000, Epoch time: 2.67s
Epoch 49/300, Loss: -0.4145, Obj: -1.9570, Eq Viol (l1): 0.000064, Ineq Viol (l1): 0.000000, Epoch time: 2.65s
Epoch 50/300, Loss: -0.6551, Obj: -2.0288, Eq Viol (l1): 0.000054, Ineq Viol (l1): 0.000000, Epoch time: 2.69s
Epoch 51/300, Loss: -0.6872, Obj: -2.1243, Eq Viol (l1): 0.000059, Ineq Viol (l1): 0.000000, Epoch time: 2.68s

Running validation at epoch 50...

VALIDATION_EPOCH_50 EVALUATION RESULTS:
==================================================
Objective Value:     -2.314656e+00
True Objective:      -2.413704e+00
Optimality Gap:      -3.409061e+00 ± 1.644441e+00
Eq Violation l1:   5.241126e-05 (max: 2.020900e-03)
Ineq Violation l1: 3.708848e-07 (max: 7.404306e-05)
Solution Distance:   8.393104e+01 ± 1.796897e+00
Merit:             -2.314128e+00 ± 1.974296e-03
Avg Inference Time:  0.0719s
==================================================
Epoch 52/300, Loss: -0.9493, Obj: -2.1739, Eq Viol (l1): 0.000057, Ineq Viol (l1): 0.000000, Epoch time: 2.68s
Epoch 53/300, Loss: -0.8633, Obj: -2.1506, Eq Viol (l1): 0.000058, Ineq Viol (l1): 0.000001, Epoch time: 2.72s
Epoch 54/300, Loss: -0.8333, Obj: -2.2345, Eq Viol (l1): 0.000163, Ineq Viol (l1): 0.000053, Epoch time: 2.71s
Epoch 55/300, Loss: -0.8375, Obj: -2.2785, Eq Viol (l1): 0.007204, Ineq Viol (l1): 0.002123, Epoch time: 2.77s
Epoch 56/300, Loss: -0.8643, Obj: -2.2775, Eq Viol (l1): 0.001926, Ineq Viol (l1): 0.001405, Epoch time: 2.74s
Epoch 57/300, Loss: -0.3833, Obj: -2.0699, Eq Viol (l1): 0.001113, Ineq Viol (l1): 0.000659, Epoch time: 2.83s
Epoch 58/300, Loss: -0.8088, Obj: -2.2628, Eq Viol (l1): 0.000708, Ineq Viol (l1): 0.000575, Epoch time: 2.82s
Epoch 59/300, Loss: -0.7700, Obj: -2.3311, Eq Viol (l1): 0.001281, Ineq Viol (l1): 0.001232, Epoch time: 2.76s
Epoch 60/300, Loss: -1.0634, Obj: -2.3833, Eq Viol (l1): 0.001690, Ineq Viol (l1): 0.001784, Epoch time: 2.74s
Epoch 61/300, Loss: -1.0044, Obj: -2.4027, Eq Viol (l1): 0.000827, Ineq Viol (l1): 0.000690, Epoch time: 2.78s

Running validation at epoch 60...

VALIDATION_EPOCH_60 EVALUATION RESULTS:
==================================================
Objective Value:     -2.601437e+00
True Objective:      -2.413704e+00
Optimality Gap:      -3.981481e+00 ± 1.848250e+00
Eq Violation l1:   3.377688e-05 (max: 2.178716e-03)
Ineq Violation l1: 1.765242e-07 (max: 2.584280e-05)
Solution Distance:   8.540082e+01 ± 1.929500e+00
Merit:             -2.601098e+00 ± 5.238414e-03
Avg Inference Time:  0.0779s
==================================================
Epoch 62/300, Loss: -1.1523, Obj: -2.4172, Eq Viol (l1): 0.001696, Ineq Viol (l1): 0.001127, Epoch time: 2.77s
Epoch 63/300, Loss: -1.1462, Obj: -2.4289, Eq Viol (l1): 0.000077, Ineq Viol (l1): 0.000019, Epoch time: 2.80s
Epoch 64/300, Loss: -1.0470, Obj: -2.4110, Eq Viol (l1): 0.000073, Ineq Viol (l1): 0.000005, Epoch time: 2.79s
Epoch 65/300, Loss: -1.0610, Obj: -2.3887, Eq Viol (l1): 0.000803, Ineq Viol (l1): 0.000370, Epoch time: 2.79s
Epoch 66/300, Loss: -1.1099, Obj: -2.3723, Eq Viol (l1): 0.002353, Ineq Viol (l1): 0.001263, Epoch time: 2.92s
Epoch 67/300, Loss: -0.5566, Obj: -2.3238, Eq Viol (l1): 0.000605, Ineq Viol (l1): 0.000361, Epoch time: 2.83s
Epoch 68/300, Loss: -0.8540, Obj: -2.3678, Eq Viol (l1): 0.000681, Ineq Viol (l1): 0.000265, Epoch time: 2.75s
Epoch 69/300, Loss: -0.6808, Obj: -2.3446, Eq Viol (l1): 0.002126, Ineq Viol (l1): 0.002251, Epoch time: 2.71s
Epoch 70/300, Loss: -1.1325, Obj: -2.4736, Eq Viol (l1): 0.000265, Ineq Viol (l1): 0.000139, Epoch time: 2.77s
Epoch 71/300, Loss: -1.1020, Obj: -2.4835, Eq Viol (l1): 0.000870, Ineq Viol (l1): 0.001014, Epoch time: 2.80s

Running validation at epoch 70...

VALIDATION_EPOCH_70 EVALUATION RESULTS:
==================================================
Objective Value:     -2.739797e+00
True Objective:      -2.413704e+00
Optimality Gap:      -4.249085e+00 ± 1.958957e+00
Eq Violation l1:   2.641098e-05 (max: 1.829748e-03)
Ineq Violation l1: 2.281773e-07 (max: 5.353580e-05)
Solution Distance:   8.491213e+01 ± 1.913829e+00
Merit:             -2.739531e+00 ± 8.605282e-03
Avg Inference Time:  0.0767s
==================================================
Epoch 72/300, Loss: -1.0964, Obj: -2.4736, Eq Viol (l1): 0.001546, Ineq Viol (l1): 0.000905, Epoch time: 2.75s
Epoch 73/300, Loss: -1.3175, Obj: -2.5209, Eq Viol (l1): 0.000642, Ineq Viol (l1): 0.000263, Epoch time: 2.74s
Epoch 74/300, Loss: -1.3044, Obj: -2.5568, Eq Viol (l1): 0.000550, Ineq Viol (l1): 0.000376, Epoch time: 2.76s
Epoch 75/300, Loss: -1.4714, Obj: -2.5332, Eq Viol (l1): 0.000052, Ineq Viol (l1): 0.000000, Epoch time: 2.68s
Epoch 76/300, Loss: -1.5041, Obj: -2.5702, Eq Viol (l1): 0.000052, Ineq Viol (l1): 0.000000, Epoch time: 2.69s
Epoch 77/300, Loss: -1.5280, Obj: -2.5449, Eq Viol (l1): 0.000048, Ineq Viol (l1): 0.000000, Epoch time: 2.70s
Epoch 78/300, Loss: -1.4983, Obj: -2.5616, Eq Viol (l1): 0.000060, Ineq Viol (l1): 0.000001, Epoch time: 2.68s
Epoch 79/300, Loss: -1.3626, Obj: -2.5228, Eq Viol (l1): 0.000050, Ineq Viol (l1): 0.000000, Epoch time: 2.70s
Epoch 80/300, Loss: -1.6389, Obj: -2.6173, Eq Viol (l1): 0.000052, Ineq Viol (l1): 0.000000, Epoch time: 2.69s
Epoch 81/300, Loss: -1.6382, Obj: -2.6162, Eq Viol (l1): 0.000053, Ineq Viol (l1): 0.000000, Epoch time: 2.74s

Running validation at epoch 80...

VALIDATION_EPOCH_80 EVALUATION RESULTS:
==================================================
Objective Value:     -2.850604e+00
True Objective:      -2.413704e+00
Optimality Gap:      -4.407113e+00 ± 1.959946e+00
Eq Violation l1:   4.959310e-05 (max: 1.970689e-03)
Ineq Violation l1: 4.683298e-07 (max: 8.224401e-05)
Solution Distance:   8.450485e+01 ± 1.876259e+00
Merit:             -2.850104e+00 ± 1.333853e-02
Avg Inference Time:  0.0742s
==================================================
Epoch 82/300, Loss: -1.6675, Obj: -2.6146, Eq Viol (l1): 0.000059, Ineq Viol (l1): 0.000000, Epoch time: 2.66s
Epoch 83/300, Loss: -1.7152, Obj: -2.6246, Eq Viol (l1): 0.000051, Ineq Viol (l1): 0.000000, Epoch time: 2.69s
Epoch 84/300, Loss: -1.7405, Obj: -2.6127, Eq Viol (l1): 0.000058, Ineq Viol (l1): 0.000000, Epoch time: 2.66s
Epoch 85/300, Loss: -1.8061, Obj: -2.6776, Eq Viol (l1): 0.000057, Ineq Viol (l1): 0.000000, Epoch time: 2.67s
Epoch 86/300, Loss: -1.6733, Obj: -2.6200, Eq Viol (l1): 0.000056, Ineq Viol (l1): 0.000000, Epoch time: 2.66s
Epoch 87/300, Loss: -1.6794, Obj: -2.6211, Eq Viol (l1): 0.000048, Ineq Viol (l1): 0.000000, Epoch time: 2.69s
Epoch 88/300, Loss: -1.7911, Obj: -2.6776, Eq Viol (l1): 0.000058, Ineq Viol (l1): 0.000001, Epoch time: 2.67s
Epoch 89/300, Loss: -1.8005, Obj: -2.6779, Eq Viol (l1): 0.000050, Ineq Viol (l1): 0.000000, Epoch time: 2.69s
Epoch 90/300, Loss: -1.8374, Obj: -2.6767, Eq Viol (l1): 0.000053, Ineq Viol (l1): 0.000000, Epoch time: 2.69s
Epoch 91/300, Loss: -1.7778, Obj: -2.6461, Eq Viol (l1): 0.000051, Ineq Viol (l1): 0.000000, Epoch time: 2.69s

Running validation at epoch 90...

VALIDATION_EPOCH_90 EVALUATION RESULTS:
==================================================
Objective Value:     -2.771815e+00
True Objective:      -2.413704e+00
Optimality Gap:      -4.286410e+00 ± 1.920385e+00
Eq Violation l1:   4.649124e-05 (max: 1.797156e-03)
Ineq Violation l1: 5.914358e-07 (max: 1.287428e-04)
Solution Distance:   8.587905e+01 ± 1.871677e+00
Merit:             -2.771345e+00 ± 7.730386e-03
Avg Inference Time:  0.0729s
==================================================
Epoch 92/300, Loss: -1.7839, Obj: -2.6520, Eq Viol (l1): 0.000050, Ineq Viol (l1): 0.000000, Epoch time: 2.68s
Epoch 93/300, Loss: -1.7780, Obj: -2.6752, Eq Viol (l1): 0.000061, Ineq Viol (l1): 0.000000, Epoch time: 2.65s
Epoch 94/300, Loss: -1.7795, Obj: -2.6865, Eq Viol (l1): 0.000061, Ineq Viol (l1): 0.000000, Epoch time: 2.67s
Epoch 95/300, Loss: -1.7171, Obj: -2.7059, Eq Viol (l1): 0.000060, Ineq Viol (l1): 0.000000, Epoch time: 2.66s
Epoch 96/300, Loss: -1.8313, Obj: -2.7079, Eq Viol (l1): 0.000053, Ineq Viol (l1): 0.000000, Epoch time: 2.67s
Epoch 97/300, Loss: -1.8474, Obj: -2.7280, Eq Viol (l1): 0.000060, Ineq Viol (l1): 0.000000, Epoch time: 2.65s
Epoch 98/300, Loss: -1.8273, Obj: -2.7068, Eq Viol (l1): 0.000057, Ineq Viol (l1): 0.000000, Epoch time: 2.68s
Epoch 99/300, Loss: -1.6962, Obj: -2.6528, Eq Viol (l1): 0.000058, Ineq Viol (l1): 0.000001, Epoch time: 2.77s
Epoch 100/300, Loss: -1.7249, Obj: -2.6821, Eq Viol (l1): 0.000051, Ineq Viol (l1): 0.000000, Epoch time: 2.71s
Epoch 101/300, Loss: -1.7844, Obj: -2.6668, Eq Viol (l1): 0.000060, Ineq Viol (l1): 0.000000, Epoch time: 2.66s

Running validation at epoch 100...

VALIDATION_EPOCH_100 EVALUATION RESULTS:
==================================================
Objective Value:     -2.978751e+00
True Objective:      -2.413704e+00
Optimality Gap:      -4.613199e+00 ± 2.055584e+00
Eq Violation l1:   5.054093e-05 (max: 2.015261e-03)
Ineq Violation l1: 5.394407e-07 (max: 1.158459e-04)
Solution Distance:   8.472953e+01 ± 1.861489e+00
Merit:             -2.978240e+00 ± 1.022787e-02
Avg Inference Time:  0.0740s
==================================================
Epoch 102/300, Loss: -1.6912, Obj: -2.6588, Eq Viol (l1): 0.000059, Ineq Viol (l1): 0.000000, Epoch time: 2.66s
Epoch 103/300, Loss: -1.7433, Obj: -2.6469, Eq Viol (l1): 0.000060, Ineq Viol (l1): 0.000000, Epoch time: 2.66s
Epoch 104/300, Loss: -1.6996, Obj: -2.6955, Eq Viol (l1): 0.000060, Ineq Viol (l1): 0.000000, Epoch time: 2.66s
Epoch 105/300, Loss: -1.7924, Obj: -2.6772, Eq Viol (l1): 0.000058, Ineq Viol (l1): 0.000000, Epoch time: 2.71s
Epoch 106/300, Loss: -1.9341, Obj: -2.7177, Eq Viol (l1): 0.000060, Ineq Viol (l1): 0.000000, Epoch time: 2.66s
Epoch 107/300, Loss: -2.0180, Obj: -2.7777, Eq Viol (l1): 0.000061, Ineq Viol (l1): 0.000000, Epoch time: 2.66s
Epoch 108/300, Loss: -1.9483, Obj: -2.7466, Eq Viol (l1): 0.000057, Ineq Viol (l1): 0.000000, Epoch time: 2.66s
Epoch 109/300, Loss: -1.8016, Obj: -2.6966, Eq Viol (l1): 0.000054, Ineq Viol (l1): 0.000000, Epoch time: 2.68s
Epoch 110/300, Loss: -1.7646, Obj: -2.6936, Eq Viol (l1): 0.000062, Ineq Viol (l1): 0.000000, Epoch time: 2.66s
Epoch 111/300, Loss: -1.7107, Obj: -2.6640, Eq Viol (l1): 0.000062, Ineq Viol (l1): 0.000000, Epoch time: 2.66s

Running validation at epoch 110...

VALIDATION_EPOCH_110 EVALUATION RESULTS:
==================================================
Objective Value:     -2.775733e+00
True Objective:      -2.413704e+00
Optimality Gap:      -4.279240e+00 ± 1.925289e+00
Eq Violation l1:   3.837965e-05 (max: 2.236620e-03)
Ineq Violation l1: 1.974280e-07 (max: 2.262433e-05)
Solution Distance:   8.603955e+01 ± 1.840329e+00
Merit:             -2.775347e+00 ± 1.124636e-02
Avg Inference Time:  0.0754s
==================================================
Epoch 112/300, Loss: -1.9318, Obj: -2.7372, Eq Viol (l1): 0.000062, Ineq Viol (l1): 0.000000, Epoch time: 2.68s
Epoch 113/300, Loss: -1.8879, Obj: -2.6998, Eq Viol (l1): 0.000054, Ineq Viol (l1): 0.000000, Epoch time: 2.65s
Epoch 114/300, Loss: -1.9390, Obj: -2.7607, Eq Viol (l1): 0.000069, Ineq Viol (l1): 0.000001, Epoch time: 2.64s
Epoch 115/300, Loss: -1.9717, Obj: -2.7614, Eq Viol (l1): 0.000061, Ineq Viol (l1): 0.000000, Epoch time: 2.65s
Epoch 116/300, Loss: -1.8884, Obj: -2.6860, Eq Viol (l1): 0.000063, Ineq Viol (l1): 0.000000, Epoch time: 2.64s
Epoch 117/300, Loss: -1.9709, Obj: -2.7871, Eq Viol (l1): 0.000059, Ineq Viol (l1): 0.000000, Epoch time: 2.67s
Epoch 118/300, Loss: -1.9267, Obj: -2.7209, Eq Viol (l1): 0.000060, Ineq Viol (l1): 0.000000, Epoch time: 2.65s
Epoch 119/300, Loss: -2.0406, Obj: -2.7951, Eq Viol (l1): 0.000059, Ineq Viol (l1): 0.000000, Epoch time: 2.67s
Epoch 120/300, Loss: -2.0386, Obj: -2.8073, Eq Viol (l1): 0.000051, Ineq Viol (l1): 0.000000, Epoch time: 2.68s
Epoch 121/300, Loss: -1.9681, Obj: -2.7876, Eq Viol (l1): 0.000067, Ineq Viol (l1): 0.000001, Epoch time: 2.63s

Running validation at epoch 120...

VALIDATION_EPOCH_120 EVALUATION RESULTS:
==================================================
Objective Value:     -2.885502e+00
True Objective:      -2.413704e+00
Optimality Gap:      -4.475385e+00 ± 1.986970e+00
Eq Violation l1:   5.386728e-05 (max: 2.519841e-03)
Ineq Violation l1: 3.981739e-07 (max: 1.271691e-04)
Solution Distance:   8.495205e+01 ± 1.828155e+00
Merit:             -2.884960e+00 ± 1.002234e-02
Avg Inference Time:  0.0713s
==================================================
Epoch 122/300, Loss: -2.0414, Obj: -2.7967, Eq Viol (l1): 0.000065, Ineq Viol (l1): 0.000000, Epoch time: 2.64s
Epoch 123/300, Loss: -2.0859, Obj: -2.7841, Eq Viol (l1): 0.000067, Ineq Viol (l1): 0.000000, Epoch time: 2.64s
Epoch 124/300, Loss: -1.9486, Obj: -2.7320, Eq Viol (l1): 0.000070, Ineq Viol (l1): 0.000000, Epoch time: 2.65s
Epoch 125/300, Loss: -1.9337, Obj: -2.7502, Eq Viol (l1): 0.000065, Ineq Viol (l1): 0.000000, Epoch time: 2.65s
Epoch 126/300, Loss: -2.0206, Obj: -2.7712, Eq Viol (l1): 0.000063, Ineq Viol (l1): 0.000000, Epoch time: 2.64s
Epoch 127/300, Loss: -2.0374, Obj: -2.8202, Eq Viol (l1): 0.000053, Ineq Viol (l1): 0.000000, Epoch time: 2.66s
Epoch 128/300, Loss: -2.1141, Obj: -2.8196, Eq Viol (l1): 0.000057, Ineq Viol (l1): 0.000000, Epoch time: 2.65s
Epoch 129/300, Loss: -2.0852, Obj: -2.7878, Eq Viol (l1): 0.000064, Ineq Viol (l1): 0.000000, Epoch time: 2.64s
Epoch 130/300, Loss: -1.9897, Obj: -2.8082, Eq Viol (l1): 0.000055, Ineq Viol (l1): 0.000000, Epoch time: 2.66s
Epoch 131/300, Loss: -1.8152, Obj: -2.7379, Eq Viol (l1): 0.000050, Ineq Viol (l1): 0.000000, Epoch time: 2.69s

Running validation at epoch 130...

VALIDATION_EPOCH_130 EVALUATION RESULTS:
==================================================
Objective Value:     -2.827567e+00
True Objective:      -2.413704e+00
Optimality Gap:      -4.319777e+00 ± 1.908496e+00
Eq Violation l1:   5.386040e-05 (max: 2.214595e-03)
Ineq Violation l1: 1.516673e-07 (max: 5.089501e-05)
Solution Distance:   8.606987e+01 ± 1.926456e+00
Merit:             -2.827027e+00 ± 1.126428e-02
Avg Inference Time:  0.0726s
==================================================
Epoch 132/300, Loss: -1.9516, Obj: -2.7691, Eq Viol (l1): 0.000055, Ineq Viol (l1): 0.000000, Epoch time: 2.67s
Epoch 133/300, Loss: -1.9847, Obj: -2.7535, Eq Viol (l1): 0.000060, Ineq Viol (l1): 0.000000, Epoch time: 2.77s
Epoch 134/300, Loss: -2.0335, Obj: -2.7736, Eq Viol (l1): 0.000066, Ineq Viol (l1): 0.000000, Epoch time: 2.66s
Epoch 135/300, Loss: -2.1375, Obj: -2.8381, Eq Viol (l1): 0.000068, Ineq Viol (l1): 0.000000, Epoch time: 2.64s
Epoch 136/300, Loss: -2.0448, Obj: -2.7924, Eq Viol (l1): 0.000062, Ineq Viol (l1): 0.000001, Epoch time: 2.64s
Epoch 137/300, Loss: -1.9702, Obj: -2.7109, Eq Viol (l1): 0.000068, Ineq Viol (l1): 0.000000, Epoch time: 2.63s
Epoch 138/300, Loss: -2.1037, Obj: -2.8199, Eq Viol (l1): 0.000072, Ineq Viol (l1): 0.000000, Epoch time: 2.61s
Epoch 139/300, Loss: -2.1320, Obj: -2.8321, Eq Viol (l1): 0.000068, Ineq Viol (l1): 0.000000, Epoch time: 2.63s
Epoch 140/300, Loss: -2.0427, Obj: -2.7934, Eq Viol (l1): 0.000067, Ineq Viol (l1): 0.000001, Epoch time: 2.66s
Epoch 141/300, Loss: -1.7542, Obj: -2.7738, Eq Viol (l1): 0.000066, Ineq Viol (l1): 0.000000, Epoch time: 2.63s

Running validation at epoch 140...

VALIDATION_EPOCH_140 EVALUATION RESULTS:
==================================================
Objective Value:     -2.903714e+00
True Objective:      -2.413704e+00
Optimality Gap:      -4.484037e+00 ± 1.995981e+00
Eq Violation l1:   4.936578e-05 (max: 2.506473e-03)
Ineq Violation l1: 3.839875e-07 (max: 7.056566e-05)
Solution Distance:   8.492116e+01 ± 1.878188e+00
Merit:             -2.903216e+00 ± 1.738065e-02
Avg Inference Time:  0.0724s
==================================================
Epoch 142/300, Loss: -1.9913, Obj: -2.7895, Eq Viol (l1): 0.000062, Ineq Viol (l1): 0.000000, Epoch time: 2.64s
Epoch 143/300, Loss: -2.0415, Obj: -2.8018, Eq Viol (l1): 0.000063, Ineq Viol (l1): 0.000000, Epoch time: 2.65s
Epoch 144/300, Loss: -2.0657, Obj: -2.8075, Eq Viol (l1): 0.000059, Ineq Viol (l1): 0.000000, Epoch time: 2.65s
Epoch 145/300, Loss: -2.1670, Obj: -2.8492, Eq Viol (l1): 0.000065, Ineq Viol (l1): 0.000000, Epoch time: 2.65s
Epoch 146/300, Loss: -2.1471, Obj: -2.8435, Eq Viol (l1): 0.000066, Ineq Viol (l1): 0.000000, Epoch time: 2.63s
Epoch 147/300, Loss: -2.1758, Obj: -2.8589, Eq Viol (l1): 0.000056, Ineq Viol (l1): 0.000000, Epoch time: 2.65s
Epoch 148/300, Loss: -2.2182, Obj: -2.8836, Eq Viol (l1): 0.000061, Ineq Viol (l1): 0.000000, Epoch time: 2.65s
Epoch 149/300, Loss: -2.1898, Obj: -2.8807, Eq Viol (l1): 0.000057, Ineq Viol (l1): 0.000000, Epoch time: 2.66s
Epoch 150/300, Loss: -2.1981, Obj: -2.8854, Eq Viol (l1): 0.000064, Ineq Viol (l1): 0.000000, Epoch time: 2.64s
Epoch 151/300, Loss: -2.1547, Obj: -2.8790, Eq Viol (l1): 0.000069, Ineq Viol (l1): 0.000000, Epoch time: 2.65s

Running validation at epoch 150...

VALIDATION_EPOCH_150 EVALUATION RESULTS:
==================================================
Objective Value:     -2.885192e+00
True Objective:      -2.413704e+00
Optimality Gap:      -4.394045e+00 ± 1.898002e+00
Eq Violation l1:   4.132587e-05 (max: 1.796569e-03)
Ineq Violation l1: 3.973938e-07 (max: 1.139966e-04)
Solution Distance:   8.551860e+01 ± 1.862421e+00
Merit:             -2.884774e+00 ± 6.241709e-03
Avg Inference Time:  0.0738s
==================================================
Epoch 152/300, Loss: -2.1903, Obj: -2.8592, Eq Viol (l1): 0.000061, Ineq Viol (l1): 0.000000, Epoch time: 2.63s
Epoch 153/300, Loss: -2.1823, Obj: -2.8460, Eq Viol (l1): 0.000061, Ineq Viol (l1): 0.000000, Epoch time: 2.65s
Epoch 154/300, Loss: -2.2690, Obj: -2.8896, Eq Viol (l1): 0.000058, Ineq Viol (l1): 0.000000, Epoch time: 2.65s
Epoch 155/300, Loss: -2.1682, Obj: -2.8369, Eq Viol (l1): 0.000061, Ineq Viol (l1): 0.000000, Epoch time: 2.66s
Epoch 156/300, Loss: -2.2463, Obj: -2.8725, Eq Viol (l1): 0.000053, Ineq Viol (l1): 0.000000, Epoch time: 2.66s
Epoch 157/300, Loss: -2.2068, Obj: -2.8887, Eq Viol (l1): 0.000062, Ineq Viol (l1): 0.000000, Epoch time: 2.67s
Epoch 158/300, Loss: -2.1087, Obj: -2.8230, Eq Viol (l1): 0.000067, Ineq Viol (l1): 0.000001, Epoch time: 2.63s
Epoch 159/300, Loss: -2.0978, Obj: -2.8428, Eq Viol (l1): 0.000055, Ineq Viol (l1): 0.000000, Epoch time: 2.66s
Epoch 160/300, Loss: -2.1873, Obj: -2.8836, Eq Viol (l1): 0.000057, Ineq Viol (l1): 0.000000, Epoch time: 2.64s
Epoch 161/300, Loss: -2.0653, Obj: -2.8733, Eq Viol (l1): 0.000050, Ineq Viol (l1): 0.000000, Epoch time: 2.69s

Running validation at epoch 160...

VALIDATION_EPOCH_160 EVALUATION RESULTS:
==================================================
Objective Value:     -2.889917e+00
True Objective:      -2.413704e+00
Optimality Gap:      -4.443024e+00 ± 1.949747e+00
Eq Violation l1:   3.348949e-05 (max: 2.802395e-03)
Ineq Violation l1: 3.897085e-07 (max: 1.298359e-04)
Solution Distance:   8.522729e+01 ± 1.889876e+00
Merit:             -2.889578e+00 ± 1.774179e-02
Avg Inference Time:  0.0764s
==================================================
Epoch 162/300, Loss: -2.1202, Obj: -2.8265, Eq Viol (l1): 0.000070, Ineq Viol (l1): 0.000000, Epoch time: 2.61s
Epoch 163/300, Loss: -2.1348, Obj: -2.8349, Eq Viol (l1): 0.000056, Ineq Viol (l1): 0.000001, Epoch time: 2.69s
Epoch 164/300, Loss: -2.1851, Obj: -2.8667, Eq Viol (l1): 0.000067, Ineq Viol (l1): 0.000000, Epoch time: 2.62s
Epoch 165/300, Loss: -2.1684, Obj: -2.8570, Eq Viol (l1): 0.000062, Ineq Viol (l1): 0.000000, Epoch time: 2.65s
Epoch 166/300, Loss: -2.1682, Obj: -2.8326, Eq Viol (l1): 0.000067, Ineq Viol (l1): 0.000000, Epoch time: 2.74s
Epoch 167/300, Loss: -2.1276, Obj: -2.9177, Eq Viol (l1): 0.000059, Ineq Viol (l1): 0.000000, Epoch time: 2.67s
Epoch 168/300, Loss: -2.1744, Obj: -2.9012, Eq Viol (l1): 0.000060, Ineq Viol (l1): 0.000000, Epoch time: 2.67s
Epoch 169/300, Loss: -2.2380, Obj: -2.9284, Eq Viol (l1): 0.000053, Ineq Viol (l1): 0.000000, Epoch time: 2.66s
Epoch 170/300, Loss: -2.2699, Obj: -2.9228, Eq Viol (l1): 0.000063, Ineq Viol (l1): 0.000001, Epoch time: 2.65s
Epoch 171/300, Loss: -2.2980, Obj: -2.9019, Eq Viol (l1): 0.000065, Ineq Viol (l1): 0.000001, Epoch time: 2.63s

Running validation at epoch 170...

VALIDATION_EPOCH_170 EVALUATION RESULTS:
==================================================
Objective Value:     -3.100306e+00
True Objective:      -2.413704e+00
Optimality Gap:      -4.780535e+00 ± 2.078046e+00
Eq Violation l1:   3.448730e-05 (max: 1.909205e-03)
Ineq Violation l1: 4.670611e-07 (max: 8.156647e-05)
Solution Distance:   8.403511e+01 ± 1.862328e+00
Merit:             -3.099956e+00 ± 1.246754e-02
Avg Inference Time:  0.0792s
==================================================
Epoch 172/300, Loss: -2.0620, Obj: -2.8452, Eq Viol (l1): 0.000061, Ineq Viol (l1): 0.000001, Epoch time: 2.67s
Epoch 173/300, Loss: -2.2075, Obj: -2.8920, Eq Viol (l1): 0.000052, Ineq Viol (l1): 0.000000, Epoch time: 2.67s
Epoch 174/300, Loss: -2.2419, Obj: -2.9248, Eq Viol (l1): 0.000051, Ineq Viol (l1): 0.000000, Epoch time: 2.68s
Epoch 175/300, Loss: -2.2546, Obj: -2.9292, Eq Viol (l1): 0.000058, Ineq Viol (l1): 0.000000, Epoch time: 2.65s
Epoch 176/300, Loss: -2.3407, Obj: -2.9483, Eq Viol (l1): 0.000058, Ineq Viol (l1): 0.000001, Epoch time: 2.67s
Epoch 177/300, Loss: -2.1393, Obj: -2.8649, Eq Viol (l1): 0.000042, Ineq Viol (l1): 0.000000, Epoch time: 2.70s
Epoch 178/300, Loss: -2.1395, Obj: -2.8615, Eq Viol (l1): 0.000057, Ineq Viol (l1): 0.000000, Epoch time: 2.66s
Epoch 179/300, Loss: -2.1965, Obj: -2.8866, Eq Viol (l1): 0.000060, Ineq Viol (l1): 0.000000, Epoch time: 2.65s
Epoch 180/300, Loss: -2.2477, Obj: -2.9055, Eq Viol (l1): 0.000059, Ineq Viol (l1): 0.000000, Epoch time: 2.67s
Epoch 181/300, Loss: -2.2885, Obj: -2.9246, Eq Viol (l1): 0.000054, Ineq Viol (l1): 0.000000, Epoch time: 2.66s

Running validation at epoch 180...

VALIDATION_EPOCH_180 EVALUATION RESULTS:
==================================================
Objective Value:     -3.065593e+00
True Objective:      -2.413704e+00
Optimality Gap:      -4.783916e+00 ± 2.067631e+00
Eq Violation l1:   5.072627e-05 (max: 2.002178e-03)
Ineq Violation l1: 5.622358e-07 (max: 1.037633e-04)
Solution Distance:   8.485534e+01 ± 1.860288e+00
Merit:             -3.065081e+00 ± 8.308947e-03
Avg Inference Time:  0.0730s
==================================================
Epoch 182/300, Loss: -2.3069, Obj: -2.9529, Eq Viol (l1): 0.000053, Ineq Viol (l1): 0.000000, Epoch time: 2.66s
Epoch 183/300, Loss: -2.1629, Obj: -2.8609, Eq Viol (l1): 0.000052, Ineq Viol (l1): 0.000000, Epoch time: 2.68s
Epoch 184/300, Loss: -2.2535, Obj: -2.9243, Eq Viol (l1): 0.000058, Ineq Viol (l1): 0.000000, Epoch time: 2.68s
Epoch 185/300, Loss: -2.2850, Obj: -2.8903, Eq Viol (l1): 0.000057, Ineq Viol (l1): 0.000000, Epoch time: 2.65s
Epoch 186/300, Loss: -2.1525, Obj: -2.8799, Eq Viol (l1): 0.000078, Ineq Viol (l1): 0.000000, Epoch time: 2.59s
Epoch 187/300, Loss: -2.1441, Obj: -2.9204, Eq Viol (l1): 0.000057, Ineq Viol (l1): 0.000000, Epoch time: 2.66s
Epoch 188/300, Loss: -2.1384, Obj: -2.8868, Eq Viol (l1): 0.000049, Ineq Viol (l1): 0.000000, Epoch time: 2.68s
Epoch 189/300, Loss: -2.2199, Obj: -2.8910, Eq Viol (l1): 0.000056, Ineq Viol (l1): 0.000000, Epoch time: 2.69s
Epoch 190/300, Loss: -2.4000, Obj: -2.9689, Eq Viol (l1): 0.000056, Ineq Viol (l1): 0.000000, Epoch time: 2.67s
Epoch 191/300, Loss: -2.3503, Obj: -2.9412, Eq Viol (l1): 0.000055, Ineq Viol (l1): 0.000000, Epoch time: 2.66s

Running validation at epoch 190...

VALIDATION_EPOCH_190 EVALUATION RESULTS:
==================================================
Objective Value:     -3.051266e+00
True Objective:      -2.413704e+00
Optimality Gap:      -4.729156e+00 ± 2.066294e+00
Eq Violation l1:   4.940200e-05 (max: 2.004978e-03)
Ineq Violation l1: 2.098052e-07 (max: 3.213857e-05)
Solution Distance:   8.490781e+01 ± 1.866645e+00
Merit:             -3.050770e+00 ± 1.513305e-02
Avg Inference Time:  0.0728s
==================================================
Epoch 192/300, Loss: -2.3530, Obj: -2.9690, Eq Viol (l1): 0.000064, Ineq Viol (l1): 0.000000, Epoch time: 2.64s
Epoch 193/300, Loss: -2.2968, Obj: -2.9190, Eq Viol (l1): 0.000050, Ineq Viol (l1): 0.000000, Epoch time: 2.66s
Epoch 194/300, Loss: -2.1440, Obj: -2.8785, Eq Viol (l1): 0.000066, Ineq Viol (l1): 0.000000, Epoch time: 2.62s
Epoch 195/300, Loss: -2.3223, Obj: -2.9283, Eq Viol (l1): 0.000071, Ineq Viol (l1): 0.000000, Epoch time: 2.61s
Epoch 196/300, Loss: -2.2932, Obj: -2.9314, Eq Viol (l1): 0.000059, Ineq Viol (l1): 0.000000, Epoch time: 2.65s
Epoch 197/300, Loss: -2.2439, Obj: -2.9195, Eq Viol (l1): 0.000060, Ineq Viol (l1): 0.000000, Epoch time: 2.66s
Epoch 198/300, Loss: -2.3613, Obj: -2.9607, Eq Viol (l1): 0.000060, Ineq Viol (l1): 0.000000, Epoch time: 2.65s
Epoch 199/300, Loss: -2.2107, Obj: -2.8873, Eq Viol (l1): 0.000060, Ineq Viol (l1): 0.000000, Epoch time: 2.73s
Epoch 200/300, Loss: -2.2455, Obj: -2.9434, Eq Viol (l1): 0.000058, Ineq Viol (l1): 0.000000, Epoch time: 2.68s
Epoch 201/300, Loss: -2.2328, Obj: -2.9067, Eq Viol (l1): 0.000051, Ineq Viol (l1): 0.000000, Epoch time: 2.68s

Running validation at epoch 200...

VALIDATION_EPOCH_200 EVALUATION RESULTS:
==================================================
Objective Value:     -2.955635e+00
True Objective:      -2.413704e+00
Optimality Gap:      -4.500136e+00 ± 1.936780e+00
Eq Violation l1:   4.391557e-05 (max: 2.116088e-03)
Ineq Violation l1: 4.873420e-07 (max: 8.320325e-05)
Solution Distance:   8.417892e+01 ± 1.883855e+00
Merit:             -2.955191e+00 ± 7.712076e-03
Avg Inference Time:  0.0729s
==================================================
Epoch 202/300, Loss: -2.3525, Obj: -2.9456, Eq Viol (l1): 0.000059, Ineq Viol (l1): 0.000000, Epoch time: 2.65s
Epoch 203/300, Loss: -2.4365, Obj: -2.9978, Eq Viol (l1): 0.000052, Ineq Viol (l1): 0.000000, Epoch time: 2.66s
Epoch 204/300, Loss: -2.3831, Obj: -2.9735, Eq Viol (l1): 0.000056, Ineq Viol (l1): 0.000000, Epoch time: 2.65s
Epoch 205/300, Loss: -2.2805, Obj: -2.9145, Eq Viol (l1): 0.000047, Ineq Viol (l1): 0.000000, Epoch time: 2.69s
Epoch 206/300, Loss: -2.2083, Obj: -2.8664, Eq Viol (l1): 0.000057, Ineq Viol (l1): 0.000000, Epoch time: 2.66s
Epoch 207/300, Loss: -2.3434, Obj: -2.9646, Eq Viol (l1): 0.000050, Ineq Viol (l1): 0.000000, Epoch time: 2.69s
Epoch 208/300, Loss: -2.3534, Obj: -2.9367, Eq Viol (l1): 0.000056, Ineq Viol (l1): 0.000000, Epoch time: 2.65s
Epoch 209/300, Loss: -2.3148, Obj: -2.9456, Eq Viol (l1): 0.000065, Ineq Viol (l1): 0.000001, Epoch time: 2.63s
Epoch 210/300, Loss: -2.2224, Obj: -2.9560, Eq Viol (l1): 0.000061, Ineq Viol (l1): 0.000000, Epoch time: 2.67s
Epoch 211/300, Loss: -2.1461, Obj: -2.8661, Eq Viol (l1): 0.000062, Ineq Viol (l1): 0.000000, Epoch time: 2.63s

Running validation at epoch 210...

VALIDATION_EPOCH_210 EVALUATION RESULTS:
==================================================
Objective Value:     -3.035750e+00
True Objective:      -2.413704e+00
Optimality Gap:      -4.712777e+00 ± 2.058892e+00
Eq Violation l1:   4.845222e-05 (max: 1.880793e-03)
Ineq Violation l1: 3.699680e-07 (max: 5.511070e-05)
Solution Distance:   8.485931e+01 ± 1.874033e+00
Merit:             -3.035262e+00 ± 8.153874e-03
Avg Inference Time:  0.0741s
==================================================
Epoch 212/300, Loss: -2.2825, Obj: -2.9565, Eq Viol (l1): 0.000057, Ineq Viol (l1): 0.000000, Epoch time: 2.66s
Epoch 213/300, Loss: -2.3118, Obj: -2.9475, Eq Viol (l1): 0.000060, Ineq Viol (l1): 0.000000, Epoch time: 2.65s
Epoch 214/300, Loss: -2.1721, Obj: -2.8629, Eq Viol (l1): 0.000058, Ineq Viol (l1): 0.000000, Epoch time: 2.64s
Epoch 215/300, Loss: -2.3576, Obj: -2.9485, Eq Viol (l1): 0.000067, Ineq Viol (l1): 0.000001, Epoch time: 2.62s
Epoch 216/300, Loss: -2.4172, Obj: -2.9777, Eq Viol (l1): 0.000067, Ineq Viol (l1): 0.000000, Epoch time: 2.63s
Epoch 217/300, Loss: -2.2557, Obj: -2.9263, Eq Viol (l1): 0.000072, Ineq Viol (l1): 0.000000, Epoch time: 2.62s
Epoch 218/300, Loss: -2.3646, Obj: -2.9583, Eq Viol (l1): 0.000063, Ineq Viol (l1): 0.000000, Epoch time: 2.64s
Epoch 219/300, Loss: -2.4417, Obj: -3.0052, Eq Viol (l1): 0.000062, Ineq Viol (l1): 0.000000, Epoch time: 2.65s
Epoch 220/300, Loss: -2.4695, Obj: -2.9878, Eq Viol (l1): 0.000061, Ineq Viol (l1): 0.000001, Epoch time: 2.65s
Epoch 221/300, Loss: -2.4752, Obj: -2.9963, Eq Viol (l1): 0.000067, Ineq Viol (l1): 0.000001, Epoch time: 2.62s

Running validation at epoch 220...

VALIDATION_EPOCH_220 EVALUATION RESULTS:
==================================================
Objective Value:     -3.103571e+00
True Objective:      -2.413704e+00
Optimality Gap:      -4.797298e+00 ± 2.072814e+00
Eq Violation l1:   3.500336e-05 (max: 1.918146e-03)
Ineq Violation l1: 2.814078e-07 (max: 3.194861e-05)
Solution Distance:   8.422599e+01 ± 1.874628e+00
Merit:             -3.103219e+00 ± 9.095562e-03
Avg Inference Time:  0.0765s
==================================================
Epoch 222/300, Loss: -2.4176, Obj: -2.9971, Eq Viol (l1): 0.000064, Ineq Viol (l1): 0.000001, Epoch time: 2.64s
Epoch 223/300, Loss: -2.3774, Obj: -2.9853, Eq Viol (l1): 0.000050, Ineq Viol (l1): 0.000000, Epoch time: 2.66s
Epoch 224/300, Loss: -2.3708, Obj: -2.9712, Eq Viol (l1): 0.000052, Ineq Viol (l1): 0.000000, Epoch time: 2.68s
Epoch 225/300, Loss: -2.3777, Obj: -2.9707, Eq Viol (l1): 0.000061, Ineq Viol (l1): 0.000000, Epoch time: 2.66s
Epoch 226/300, Loss: -2.3972, Obj: -2.9870, Eq Viol (l1): 0.000057, Ineq Viol (l1): 0.000000, Epoch time: 2.66s
Epoch 227/300, Loss: -2.3438, Obj: -2.9786, Eq Viol (l1): 0.000066, Ineq Viol (l1): 0.000001, Epoch time: 2.64s
Epoch 228/300, Loss: -2.4051, Obj: -2.9820, Eq Viol (l1): 0.000065, Ineq Viol (l1): 0.000001, Epoch time: 2.63s
Epoch 229/300, Loss: -2.3056, Obj: -2.9192, Eq Viol (l1): 0.000050, Ineq Viol (l1): 0.000001, Epoch time: 2.69s
Epoch 230/300, Loss: -2.4296, Obj: -2.9650, Eq Viol (l1): 0.000058, Ineq Viol (l1): 0.000000, Epoch time: 2.64s
Epoch 231/300, Loss: -2.4579, Obj: -2.9882, Eq Viol (l1): 0.000057, Ineq Viol (l1): 0.000000, Epoch time: 2.65s

Running validation at epoch 230...

VALIDATION_EPOCH_230 EVALUATION RESULTS:
==================================================
Objective Value:     -3.129298e+00
True Objective:      -2.413704e+00
Optimality Gap:      -4.815557e+00 ± 2.062581e+00
Eq Violation l1:   6.083993e-05 (max: 2.265615e-03)
Ineq Violation l1: 4.176775e-07 (max: 3.346599e-05)
Solution Distance:   8.427140e+01 ± 1.863188e+00
Merit:             -3.128685e+00 ± 9.784674e-03
Avg Inference Time:  0.0715s
==================================================
Epoch 232/300, Loss: -2.5164, Obj: -3.0129, Eq Viol (l1): 0.000059, Ineq Viol (l1): 0.000001, Epoch time: 2.64s
Epoch 233/300, Loss: -2.4516, Obj: -3.0100, Eq Viol (l1): 0.000059, Ineq Viol (l1): 0.000001, Epoch time: 2.66s
Epoch 234/300, Loss: -2.4020, Obj: -2.9886, Eq Viol (l1): 0.000060, Ineq Viol (l1): 0.000000, Epoch time: 2.76s
Epoch 235/300, Loss: -2.4421, Obj: -2.9913, Eq Viol (l1): 0.000060, Ineq Viol (l1): 0.000001, Epoch time: 2.65s
Epoch 236/300, Loss: -2.3880, Obj: -2.9702, Eq Viol (l1): 0.000054, Ineq Viol (l1): 0.000000, Epoch time: 2.65s
Epoch 237/300, Loss: -2.4116, Obj: -2.9976, Eq Viol (l1): 0.000060, Ineq Viol (l1): 0.000000, Epoch time: 2.65s
Epoch 238/300, Loss: -2.4692, Obj: -2.9889, Eq Viol (l1): 0.000067, Ineq Viol (l1): 0.000000, Epoch time: 2.62s
Epoch 239/300, Loss: -2.4723, Obj: -3.0082, Eq Viol (l1): 0.000058, Ineq Viol (l1): 0.000000, Epoch time: 2.66s
Epoch 240/300, Loss: -2.4091, Obj: -2.9667, Eq Viol (l1): 0.000051, Ineq Viol (l1): 0.000000, Epoch time: 2.68s
Epoch 241/300, Loss: -2.4167, Obj: -2.9816, Eq Viol (l1): 0.000054, Ineq Viol (l1): 0.000000, Epoch time: 2.65s

Running validation at epoch 240...

VALIDATION_EPOCH_240 EVALUATION RESULTS:
==================================================
Objective Value:     -3.130005e+00
True Objective:      -2.413704e+00
Optimality Gap:      -4.830982e+00 ± 2.073417e+00
Eq Violation l1:   3.319868e-05 (max: 3.039869e-03)
Ineq Violation l1: 3.846806e-07 (max: 1.121094e-04)
Solution Distance:   8.469846e+01 ± 1.888698e+00
Merit:             -3.129669e+00 ± 1.383331e-02
Avg Inference Time:  0.0769s
==================================================
Epoch 242/300, Loss: -2.4606, Obj: -2.9815, Eq Viol (l1): 0.000049, Ineq Viol (l1): 0.000000, Epoch time: 2.67s
Epoch 243/300, Loss: -2.4137, Obj: -2.9956, Eq Viol (l1): 0.000054, Ineq Viol (l1): 0.000000, Epoch time: 2.65s
Epoch 244/300, Loss: -2.3488, Obj: -2.9905, Eq Viol (l1): 0.000061, Ineq Viol (l1): 0.000001, Epoch time: 2.65s
Epoch 245/300, Loss: -2.4317, Obj: -2.9710, Eq Viol (l1): 0.000053, Ineq Viol (l1): 0.000000, Epoch time: 2.64s
Epoch 246/300, Loss: -2.4576, Obj: -2.9934, Eq Viol (l1): 0.000056, Ineq Viol (l1): 0.000001, Epoch time: 2.65s
Epoch 247/300, Loss: -2.4644, Obj: -3.0177, Eq Viol (l1): 0.000062, Ineq Viol (l1): 0.000000, Epoch time: 2.65s
Epoch 248/300, Loss: -2.5128, Obj: -3.0263, Eq Viol (l1): 0.000053, Ineq Viol (l1): 0.000000, Epoch time: 2.66s
Epoch 249/300, Loss: -2.5009, Obj: -3.0318, Eq Viol (l1): 0.000048, Ineq Viol (l1): 0.000000, Epoch time: 2.68s
Epoch 250/300, Loss: -2.4251, Obj: -2.9700, Eq Viol (l1): 0.000059, Ineq Viol (l1): 0.000001, Epoch time: 2.66s
Epoch 251/300, Loss: -2.4525, Obj: -2.9889, Eq Viol (l1): 0.000060, Ineq Viol (l1): 0.000001, Epoch time: 2.65s

Running validation at epoch 250...

VALIDATION_EPOCH_250 EVALUATION RESULTS:
==================================================
Objective Value:     -3.044912e+00
True Objective:      -2.413704e+00
Optimality Gap:      -4.687431e+00 ± 2.054049e+00
Eq Violation l1:   3.454487e-05 (max: 2.664285e-03)
Ineq Violation l1: 4.374198e-07 (max: 1.338252e-04)
Solution Distance:   8.461445e+01 ± 1.842537e+00
Merit:             -3.044562e+00 ± 9.394711e-03
Avg Inference Time:  0.0790s
==================================================
Epoch 252/300, Loss: -2.4460, Obj: -3.0104, Eq Viol (l1): 0.000050, Ineq Viol (l1): 0.000000, Epoch time: 2.67s
Epoch 253/300, Loss: -2.5573, Obj: -3.0320, Eq Viol (l1): 0.000058, Ineq Viol (l1): 0.000000, Epoch time: 2.63s
Epoch 254/300, Loss: -2.5260, Obj: -3.0441, Eq Viol (l1): 0.000060, Ineq Viol (l1): 0.000000, Epoch time: 2.65s
Epoch 255/300, Loss: -2.4290, Obj: -2.9840, Eq Viol (l1): 0.000059, Ineq Viol (l1): 0.000001, Epoch time: 2.64s
Epoch 256/300, Loss: -2.3018, Obj: -2.9609, Eq Viol (l1): 0.000053, Ineq Viol (l1): 0.000000, Epoch time: 2.66s
Epoch 257/300, Loss: -2.4289, Obj: -3.0081, Eq Viol (l1): 0.000058, Ineq Viol (l1): 0.000001, Epoch time: 2.65s
Epoch 258/300, Loss: -2.3473, Obj: -2.9654, Eq Viol (l1): 0.000057, Ineq Viol (l1): 0.000000, Epoch time: 2.67s
Epoch 259/300, Loss: -2.4801, Obj: -3.0326, Eq Viol (l1): 0.000052, Ineq Viol (l1): 0.000000, Epoch time: 2.67s
Epoch 260/300, Loss: -2.5275, Obj: -3.0201, Eq Viol (l1): 0.000052, Ineq Viol (l1): 0.000000, Epoch time: 2.66s
Epoch 261/300, Loss: -2.5225, Obj: -3.0245, Eq Viol (l1): 0.000052, Ineq Viol (l1): 0.000000, Epoch time: 2.66s

Running validation at epoch 260...

VALIDATION_EPOCH_260 EVALUATION RESULTS:
==================================================
Objective Value:     -3.198145e+00
True Objective:      -2.413704e+00
Optimality Gap:      -4.938316e+00 ± 2.116007e+00
Eq Violation l1:   7.680853e-05 (max: 1.140903e-03)
Ineq Violation l1: 5.297480e-07 (max: 3.990740e-05)
Solution Distance:   8.451914e+01 ± 1.844693e+00
Merit:             -3.197371e+00 ± 1.177553e-02
Avg Inference Time:  0.0742s
==================================================
Epoch 262/300, Loss: -2.3754, Obj: -2.9919, Eq Viol (l1): 0.000047, Ineq Viol (l1): 0.000000, Epoch time: 2.68s
Epoch 263/300, Loss: -2.5080, Obj: -3.0341, Eq Viol (l1): 0.000047, Ineq Viol (l1): 0.000000, Epoch time: 2.69s
Epoch 264/300, Loss: -2.5214, Obj: -3.0196, Eq Viol (l1): 0.000058, Ineq Viol (l1): 0.000001, Epoch time: 2.65s
Epoch 265/300, Loss: -2.5268, Obj: -3.0215, Eq Viol (l1): 0.000057, Ineq Viol (l1): 0.000000, Epoch time: 2.65s
Epoch 266/300, Loss: -2.4691, Obj: -3.0299, Eq Viol (l1): 0.000059, Ineq Viol (l1): 0.000000, Epoch time: 2.76s
Epoch 267/300, Loss: -2.5557, Obj: -3.0556, Eq Viol (l1): 0.000058, Ineq Viol (l1): 0.000000, Epoch time: 2.64s
Epoch 268/300, Loss: -2.5689, Obj: -3.0459, Eq Viol (l1): 0.000052, Ineq Viol (l1): 0.000000, Epoch time: 2.65s
Epoch 269/300, Loss: -2.5460, Obj: -3.0521, Eq Viol (l1): 0.000067, Ineq Viol (l1): 0.000001, Epoch time: 2.64s
Epoch 270/300, Loss: -2.5084, Obj: -3.0430, Eq Viol (l1): 0.000067, Ineq Viol (l1): 0.000001, Epoch time: 2.64s
Epoch 271/300, Loss: -2.4949, Obj: -3.0026, Eq Viol (l1): 0.000060, Ineq Viol (l1): 0.000001, Epoch time: 2.65s

Running validation at epoch 270...

VALIDATION_EPOCH_270 EVALUATION RESULTS:
==================================================
Objective Value:     -3.195831e+00
True Objective:      -2.413704e+00
Optimality Gap:      -4.939057e+00 ± 2.124876e+00
Eq Violation l1:   7.134406e-05 (max: 1.950177e-03)
Ineq Violation l1: 5.652409e-07 (max: 9.659352e-05)
Solution Distance:   8.447561e+01 ± 1.860213e+00
Merit:             -3.195112e+00 ± 1.467382e-02
Avg Inference Time:  0.0715s
==================================================
Epoch 272/300, Loss: -2.5263, Obj: -3.0406, Eq Viol (l1): 0.000051, Ineq Viol (l1): 0.000001, Epoch time: 2.67s
Epoch 273/300, Loss: -2.4940, Obj: -3.0244, Eq Viol (l1): 0.000055, Ineq Viol (l1): 0.000000, Epoch time: 2.66s
Epoch 274/300, Loss: -2.3853, Obj: -2.9935, Eq Viol (l1): 0.000055, Ineq Viol (l1): 0.000000, Epoch time: 2.67s
Epoch 275/300, Loss: -2.5454, Obj: -3.0337, Eq Viol (l1): 0.000061, Ineq Viol (l1): 0.000000, Epoch time: 2.64s
Epoch 276/300, Loss: -2.4539, Obj: -3.0066, Eq Viol (l1): 0.000055, Ineq Viol (l1): 0.000000, Epoch time: 2.65s
Epoch 277/300, Loss: -2.4177, Obj: -3.0016, Eq Viol (l1): 0.000066, Ineq Viol (l1): 0.000000, Epoch time: 2.64s
Epoch 278/300, Loss: -2.4625, Obj: -3.0329, Eq Viol (l1): 0.000063, Ineq Viol (l1): 0.000001, Epoch time: 2.67s
Epoch 279/300, Loss: -2.5257, Obj: -3.0084, Eq Viol (l1): 0.000068, Ineq Viol (l1): 0.000000, Epoch time: 2.60s
Epoch 280/300, Loss: -2.5000, Obj: -3.0076, Eq Viol (l1): 0.000063, Ineq Viol (l1): 0.000000, Epoch time: 2.64s
Epoch 281/300, Loss: -2.4515, Obj: -2.9917, Eq Viol (l1): 0.000059, Ineq Viol (l1): 0.000000, Epoch time: 2.64s

Running validation at epoch 280...

VALIDATION_EPOCH_280 EVALUATION RESULTS:
==================================================
Objective Value:     -2.963123e+00
True Objective:      -2.413704e+00
Optimality Gap:      -4.558222e+00 ± 1.979424e+00
Eq Violation l1:   3.851375e-05 (max: 1.764485e-03)
Ineq Violation l1: 1.061158e-07 (max: 9.157138e-06)
Solution Distance:   8.514563e+01 ± 1.853455e+00
Merit:             -2.962737e+00 ± 1.431770e-02
Avg Inference Time:  0.0780s
==================================================
Epoch 282/300, Loss: -2.4603, Obj: -3.0378, Eq Viol (l1): 0.000063, Ineq Viol (l1): 0.000000, Epoch time: 2.64s
Epoch 283/300, Loss: -2.4310, Obj: -2.9722, Eq Viol (l1): 0.000055, Ineq Viol (l1): 0.000000, Epoch time: 2.64s
Epoch 284/300, Loss: -2.4885, Obj: -3.0259, Eq Viol (l1): 0.000058, Ineq Viol (l1): 0.000000, Epoch time: 2.65s
Epoch 285/300, Loss: -2.5690, Obj: -3.0677, Eq Viol (l1): 0.000051, Ineq Viol (l1): 0.000000, Epoch time: 2.68s
Epoch 286/300, Loss: -2.4605, Obj: -3.0097, Eq Viol (l1): 0.000055, Ineq Viol (l1): 0.000000, Epoch time: 2.66s
Epoch 287/300, Loss: -2.4705, Obj: -2.9989, Eq Viol (l1): 0.000065, Ineq Viol (l1): 0.000001, Epoch time: 2.63s
Epoch 288/300, Loss: -2.3503, Obj: -2.9652, Eq Viol (l1): 0.000068, Ineq Viol (l1): 0.000000, Epoch time: 2.62s
Epoch 289/300, Loss: -2.4408, Obj: -2.9856, Eq Viol (l1): 0.000064, Ineq Viol (l1): 0.000000, Epoch time: 2.63s
Epoch 290/300, Loss: -2.5912, Obj: -3.0511, Eq Viol (l1): 0.000071, Ineq Viol (l1): 0.000000, Epoch time: 2.61s
Epoch 291/300, Loss: -2.4809, Obj: -3.0116, Eq Viol (l1): 0.000059, Ineq Viol (l1): 0.000001, Epoch time: 2.65s

Running validation at epoch 290...

VALIDATION_EPOCH_290 EVALUATION RESULTS:
==================================================
Objective Value:     -3.075119e+00
True Objective:      -2.413704e+00
Optimality Gap:      -4.762236e+00 ± 2.066629e+00
Eq Violation l1:   6.116433e-05 (max: 2.243458e-03)
Ineq Violation l1: 3.591997e-07 (max: 2.579102e-05)
Solution Distance:   8.455436e+01 ± 1.825900e+00
Merit:             -3.074504e+00 ± 1.718246e-02
Avg Inference Time:  0.0716s
==================================================
Epoch 292/300, Loss: -2.4376, Obj: -3.0168, Eq Viol (l1): 0.000071, Ineq Viol (l1): 0.000000, Epoch time: 2.64s
Epoch 293/300, Loss: -2.3507, Obj: -3.0085, Eq Viol (l1): 0.000051, Ineq Viol (l1): 0.000000, Epoch time: 2.69s
Epoch 294/300, Loss: -2.3583, Obj: -2.9835, Eq Viol (l1): 0.000058, Ineq Viol (l1): 0.000000, Epoch time: 2.66s
Epoch 295/300, Loss: -2.4491, Obj: -3.0029, Eq Viol (l1): 0.000064, Ineq Viol (l1): 0.000001, Epoch time: 2.63s
Epoch 296/300, Loss: -2.4615, Obj: -2.9892, Eq Viol (l1): 0.000061, Ineq Viol (l1): 0.000001, Epoch time: 2.64s
Epoch 297/300, Loss: -2.2827, Obj: -2.9730, Eq Viol (l1): 0.000057, Ineq Viol (l1): 0.000000, Epoch time: 2.64s
Epoch 298/300, Loss: -2.4462, Obj: -3.0204, Eq Viol (l1): 0.000056, Ineq Viol (l1): 0.000000, Epoch time: 2.67s
Epoch 299/300, Loss: -2.4963, Obj: -3.0250, Eq Viol (l1): 0.000058, Ineq Viol (l1): 0.000000, Epoch time: 2.74s
Epoch 300/300, Loss: -2.2865, Obj: -2.9642, Eq Viol (l1): 0.000045, Ineq Viol (l1): 0.000000, Epoch time: 2.71s

Training completed in 816.39 seconds.

============================================================
COMPREHENSIVE TEST EVALUATION WITH DETAILED RESULTS
============================================================
Testing with batch sizes: [256, 512]

Evaluating with batch size: 256 (with detailed results)

TEST_BS256 EVALUATION RESULTS:
==================================================
Objective Value:     -3.171857e+00
True Objective:      -2.409220e+00
Optimality Gap:      -6.800129e+00 ± 6.561952e+00
Eq Violation l1:   7.393700e-05 (max: 1.110934e-03)
Ineq Violation l1: 4.514731e-07 (max: 3.060680e-05)
Solution Distance:   8.637389e+01 ± 1.917691e+00
Merit:             -3.171113e+00 ± 4.622329e-02
Avg Inference Time:  0.0669s
==================================================

Evaluating with batch size: 512 (with detailed results)

TEST_BS512 EVALUATION RESULTS:
==================================================
Objective Value:     -3.171060e+00
True Objective:      -2.408634e+00
Optimality Gap:      -6.748166e+00 ± 3.987521e+00
Eq Violation l1:   8.004118e-05 (max: 1.570107e-03)
Ineq Violation l1: 5.523206e-07 (max: 8.531574e-05)
Solution Distance:   8.634806e+01 ± 1.157246e+00
Merit:             -3.170254e+00 ± 3.838737e-02
Avg Inference Time:  0.0737s
==================================================

TEST BATCH SIZE COMPARISON:
================================================================================
Batch Size   Objective    Opt Gap      Eq Viol      Ineq Viol    Time (s)  
--------------------------------------------------------------------------------
256          -3.1719e+00  -6.8001e+00  7.3937e-05   4.5147e-07   0.54      
512          -3.1711e+00  -6.7482e+00  8.0041e-05   5.5232e-07   0.29      
================================================================================

Saving model and results to: results/nonsmooth_nonconvex/socp/SOCPProblem-100-50-50-10000/20260108-004639_MLP_FSNet_seed3_nepochs300_lr0.0002_trainsize7000_finetune_20260106-202336_model_400
✓ Model saved: results/nonsmooth_nonconvex/socp/SOCPProblem-100-50-50-10000/20260108-004639_MLP_FSNet_seed3_nepochs300_lr0.0002_trainsize7000_finetune_20260106-202336_model_400/model.pt
✓ Detailed results saved: results/nonsmooth_nonconvex/socp/SOCPProblem-100-50-50-10000/20260108-004639_MLP_FSNet_seed3_nepochs300_lr0.0002_trainsize7000_finetune_20260106-202336_model_400/results.pkl

Files saved (or attempted):
  - model.pt (model weights and architecture)
  - results.pkl (training history, metrics, detailed test results)
Training and testing completed in 819.19 seconds
Done!!!
============================================================
==========         =====================         ===========
==========   3      =====================         ===========
==========         =====================         ===========
============================================================
