==============================================
 Job started at: 2026-01-08 01:46:21
 Job ID: 7808156
 Node: node3008
==============================================

======= Running for problem: nonsmooth_nonconvex/socp =======

Loading problem instance: nonsmooth_nonconvex/socp with size [100, 50, 50, 10000]
Loading  dataset from: datasets/nonsmooth_nonconvex/socp/random2025_socp_dataset_var100_ineq50_eq50_ex10000 

Running on:  cuda
Training model using FSNet method with seed 0 for 300 epochs
Using batch size: 512
Loading model from checkpoint: results/nonsmooth_nonconvex/socp/SOCPProblem-100-50-50-10000/20260108-014039_MLP_sup_pen_seed1_nepochs500_lr0.0002_trainsize7000_subopt_2_1.0/model_230.pt

lr: 0.0002, weight_decay: 0.001, num_epochs: 300

Epoch 1/300, Loss: 23.5562, Obj: 23.4891, Eq Viol (l1): 0.000087, Ineq Viol (l1): 0.000000, Epoch time: 5.94s

Running validation at epoch 0...

VALIDATION_EPOCH_0 EVALUATION RESULTS:
==================================================
Objective Value:     2.315585e+01
True Objective:      -2.413704e+00
Optimality Gap:      4.070224e+01 ± 1.288696e+01
Eq Violation l1:   1.322256e-04 (max: 1.365277e-03)
Ineq Violation l1: 6.979434e-08 (max: 1.488883e-05)
Solution Distance:   2.191990e+02 ± 1.296856e+00
Merit:             2.315717e+01 ± 1.041072e-02
Avg Inference Time:  0.5982s
==================================================
Epoch 2/300, Loss: 21.9854, Obj: 21.6881, Eq Viol (l1): 0.000078, Ineq Viol (l1): 0.000000, Epoch time: 2.31s
Epoch 3/300, Loss: 21.1713, Obj: 20.6402, Eq Viol (l1): 0.000082, Ineq Viol (l1): 0.000000, Epoch time: 2.45s
Epoch 4/300, Loss: 20.4614, Obj: 20.0792, Eq Viol (l1): 0.000074, Ineq Viol (l1): 0.000000, Epoch time: 2.48s
Epoch 5/300, Loss: 19.5677, Obj: 19.1999, Eq Viol (l1): 0.000075, Ineq Viol (l1): 0.000000, Epoch time: 2.51s
Epoch 6/300, Loss: 18.6169, Obj: 18.2328, Eq Viol (l1): 0.000078, Ineq Viol (l1): 0.000000, Epoch time: 2.52s
Epoch 7/300, Loss: 17.9621, Obj: 17.5451, Eq Viol (l1): 0.000069, Ineq Viol (l1): 0.000000, Epoch time: 2.52s
Epoch 8/300, Loss: 17.1347, Obj: 16.7001, Eq Viol (l1): 0.000073, Ineq Viol (l1): 0.000000, Epoch time: 2.57s
Epoch 9/300, Loss: 16.3394, Obj: 15.8381, Eq Viol (l1): 0.000080, Ineq Viol (l1): 0.000000, Epoch time: 2.51s
Epoch 10/300, Loss: 15.2428, Obj: 14.7109, Eq Viol (l1): 0.000078, Ineq Viol (l1): 0.000000, Epoch time: 2.53s
Epoch 11/300, Loss: 14.0542, Obj: 13.5610, Eq Viol (l1): 0.000069, Ineq Viol (l1): 0.000000, Epoch time: 2.54s

Running validation at epoch 10...

VALIDATION_EPOCH_10 EVALUATION RESULTS:
==================================================
Objective Value:     1.282946e+01
True Objective:      -2.413704e+00
Optimality Gap:      2.299031e+01 ± 7.065926e+00
Eq Violation l1:   1.010669e-04 (max: 1.356883e-03)
Ineq Violation l1: 2.768822e-07 (max: 2.357757e-05)
Solution Distance:   1.683276e+02 ± 7.712937e-01
Merit:             1.283048e+01 ± 2.546640e-04
Avg Inference Time:  0.0661s
==================================================
Epoch 12/300, Loss: 13.0610, Obj: 12.4648, Eq Viol (l1): 0.000077, Ineq Viol (l1): 0.000000, Epoch time: 2.51s
Epoch 13/300, Loss: 11.5842, Obj: 10.9979, Eq Viol (l1): 0.000083, Ineq Viol (l1): 0.000000, Epoch time: 2.48s
Epoch 14/300, Loss: 10.3454, Obj: 9.7870, Eq Viol (l1): 0.000079, Ineq Viol (l1): 0.000000, Epoch time: 2.53s
Epoch 15/300, Loss: 9.6963, Obj: 9.1199, Eq Viol (l1): 0.000076, Ineq Viol (l1): 0.000000, Epoch time: 2.56s
Epoch 16/300, Loss: 9.0814, Obj: 8.5044, Eq Viol (l1): 0.000071, Ineq Viol (l1): 0.000000, Epoch time: 2.61s
Epoch 17/300, Loss: 8.6646, Obj: 7.9090, Eq Viol (l1): 0.000051, Ineq Viol (l1): 0.000000, Epoch time: 2.65s
Epoch 18/300, Loss: 8.0778, Obj: 7.2935, Eq Viol (l1): 0.000059, Ineq Viol (l1): 0.000000, Epoch time: 2.64s
Epoch 19/300, Loss: 7.1475, Obj: 6.4340, Eq Viol (l1): 0.000063, Ineq Viol (l1): 0.000000, Epoch time: 2.65s
Epoch 20/300, Loss: 5.8111, Obj: 4.9994, Eq Viol (l1): 0.000054, Ineq Viol (l1): 0.000000, Epoch time: 2.68s
Epoch 21/300, Loss: 4.0467, Obj: 3.1645, Eq Viol (l1): 0.000044, Ineq Viol (l1): 0.000000, Epoch time: 2.69s

Running validation at epoch 20...

VALIDATION_EPOCH_20 EVALUATION RESULTS:
==================================================
Objective Value:     2.059057e+00
True Objective:      -2.413704e+00
Optimality Gap:      4.293711e+00 ± 9.964861e-01
Eq Violation l1:   6.231426e-05 (max: 1.444278e-03)
Ineq Violation l1: 2.823345e-07 (max: 5.308952e-05)
Solution Distance:   1.180565e+02 ± 8.841547e-01
Merit:             2.059683e+00 ± 1.783517e-02
Avg Inference Time:  0.0724s
==================================================
Epoch 22/300, Loss: 2.3498, Obj: 1.6387, Eq Viol (l1): 0.000063, Ineq Viol (l1): 0.000000, Epoch time: 2.59s
Epoch 23/300, Loss: 1.8342, Obj: 1.2025, Eq Viol (l1): 0.000067, Ineq Viol (l1): 0.000000, Epoch time: 2.63s
Epoch 24/300, Loss: 1.7111, Obj: 1.0715, Eq Viol (l1): 0.000061, Ineq Viol (l1): 0.000000, Epoch time: 2.62s
Epoch 25/300, Loss: 1.7615, Obj: 1.0952, Eq Viol (l1): 0.000051, Ineq Viol (l1): 0.000000, Epoch time: 2.64s
Epoch 26/300, Loss: 1.6402, Obj: 1.0188, Eq Viol (l1): 0.000054, Ineq Viol (l1): 0.000000, Epoch time: 2.62s
Epoch 27/300, Loss: 1.4189, Obj: 0.8970, Eq Viol (l1): 0.000051, Ineq Viol (l1): 0.000000, Epoch time: 2.63s
Epoch 28/300, Loss: 1.4271, Obj: 0.8050, Eq Viol (l1): 0.000047, Ineq Viol (l1): 0.000000, Epoch time: 2.66s
Epoch 29/300, Loss: 1.2547, Obj: 0.7728, Eq Viol (l1): 0.000055, Ineq Viol (l1): 0.000000, Epoch time: 2.62s
Epoch 30/300, Loss: 1.2216, Obj: 0.7428, Eq Viol (l1): 0.000059, Ineq Viol (l1): 0.000000, Epoch time: 2.62s
Epoch 31/300, Loss: 1.2154, Obj: 0.6876, Eq Viol (l1): 0.000055, Ineq Viol (l1): 0.000000, Epoch time: 2.63s

Running validation at epoch 30...

VALIDATION_EPOCH_30 EVALUATION RESULTS:
==================================================
Objective Value:     6.985490e-01
True Objective:      -2.413704e+00
Optimality Gap:      2.174131e+00 ± 4.448074e-01
Eq Violation l1:   2.951891e-05 (max: 1.411109e-03)
Ineq Violation l1: 1.582460e-07 (max: 2.732820e-05)
Solution Distance:   1.075164e+02 ± 1.573363e+00
Merit:             6.988458e-01 ± 4.820738e-03
Avg Inference Time:  0.0748s
==================================================
Epoch 32/300, Loss: 1.1770, Obj: 0.7016, Eq Viol (l1): 0.000058, Ineq Viol (l1): 0.000000, Epoch time: 2.61s
Epoch 33/300, Loss: 1.0349, Obj: 0.6028, Eq Viol (l1): 0.000059, Ineq Viol (l1): 0.000000, Epoch time: 2.71s
Epoch 34/300, Loss: 1.1012, Obj: 0.5651, Eq Viol (l1): 0.000074, Ineq Viol (l1): 0.000000, Epoch time: 2.60s
Epoch 35/300, Loss: 1.0009, Obj: 0.5849, Eq Viol (l1): 0.000061, Ineq Viol (l1): 0.000000, Epoch time: 2.59s
Epoch 36/300, Loss: 0.9646, Obj: 0.4938, Eq Viol (l1): 0.000068, Ineq Viol (l1): 0.000001, Epoch time: 2.58s
Epoch 37/300, Loss: 0.9145, Obj: 0.4798, Eq Viol (l1): 0.000072, Ineq Viol (l1): 0.000000, Epoch time: 2.58s
Epoch 38/300, Loss: 0.8692, Obj: 0.4589, Eq Viol (l1): 0.000072, Ineq Viol (l1): 0.000000, Epoch time: 2.58s
Epoch 39/300, Loss: 0.8496, Obj: 0.4152, Eq Viol (l1): 0.000076, Ineq Viol (l1): 0.000000, Epoch time: 2.56s
Epoch 40/300, Loss: 0.7882, Obj: 0.3600, Eq Viol (l1): 0.000072, Ineq Viol (l1): 0.000000, Epoch time: 2.58s
Epoch 41/300, Loss: 0.8312, Obj: 0.3667, Eq Viol (l1): 0.000078, Ineq Viol (l1): 0.000000, Epoch time: 2.56s

Running validation at epoch 40...

VALIDATION_EPOCH_40 EVALUATION RESULTS:
==================================================
Objective Value:     5.175330e-01
True Objective:      -2.413704e+00
Optimality Gap:      1.658280e+00 ± 3.119089e-01
Eq Violation l1:   4.082267e-05 (max: 1.570928e-03)
Ineq Violation l1: 1.836458e-07 (max: 6.014400e-05)
Solution Distance:   1.067310e+02 ± 1.508453e+00
Merit:             5.179431e-01 ± 4.643146e-02
Avg Inference Time:  0.0659s
==================================================
Epoch 42/300, Loss: 0.7891, Obj: 0.3783, Eq Viol (l1): 0.000070, Ineq Viol (l1): 0.000000, Epoch time: 2.54s
Epoch 43/300, Loss: 0.7263, Obj: 0.2769, Eq Viol (l1): 0.000081, Ineq Viol (l1): 0.000000, Epoch time: 2.56s
Epoch 44/300, Loss: 0.7428, Obj: 0.3086, Eq Viol (l1): 0.000070, Ineq Viol (l1): 0.000000, Epoch time: 2.55s
Epoch 45/300, Loss: 0.6744, Obj: 0.2423, Eq Viol (l1): 0.000078, Ineq Viol (l1): 0.000000, Epoch time: 2.56s
Epoch 46/300, Loss: 0.6098, Obj: 0.2074, Eq Viol (l1): 0.000074, Ineq Viol (l1): 0.000000, Epoch time: 2.56s
Epoch 47/300, Loss: 0.5898, Obj: 0.1513, Eq Viol (l1): 0.000080, Ineq Viol (l1): 0.000000, Epoch time: 2.55s
Epoch 48/300, Loss: 0.5252, Obj: 0.1533, Eq Viol (l1): 0.000076, Ineq Viol (l1): 0.000000, Epoch time: 2.54s
Epoch 49/300, Loss: 0.4711, Obj: 0.0952, Eq Viol (l1): 0.000078, Ineq Viol (l1): 0.000000, Epoch time: 2.55s
Epoch 50/300, Loss: 0.4204, Obj: 0.0537, Eq Viol (l1): 0.000078, Ineq Viol (l1): 0.000000, Epoch time: 2.55s
Epoch 51/300, Loss: 0.4342, Obj: 0.0368, Eq Viol (l1): 0.000075, Ineq Viol (l1): 0.000000, Epoch time: 2.56s

Running validation at epoch 50...

VALIDATION_EPOCH_50 EVALUATION RESULTS:
==================================================
Objective Value:     -1.071563e-02
True Objective:      -2.413704e+00
Optimality Gap:      4.938300e-01 ± 2.204588e-01
Eq Violation l1:   8.968679e-05 (max: 1.176984e-03)
Ineq Violation l1: 5.436280e-07 (max: 2.993053e-05)
Solution Distance:   1.029308e+02 ± 1.481406e+00
Merit:             -9.813330e-03 ± 5.224287e-02
Avg Inference Time:  0.0661s
==================================================
Epoch 52/300, Loss: 0.5113, Obj: 0.1042, Eq Viol (l1): 0.000075, Ineq Viol (l1): 0.000000, Epoch time: 2.55s
Epoch 53/300, Loss: 0.4626, Obj: 0.0079, Eq Viol (l1): 0.000077, Ineq Viol (l1): 0.000001, Epoch time: 2.57s
Epoch 54/300, Loss: 0.3961, Obj: -0.0948, Eq Viol (l1): 0.000079, Ineq Viol (l1): 0.000000, Epoch time: 2.58s
Epoch 55/300, Loss: 0.3411, Obj: -0.1377, Eq Viol (l1): 0.000076, Ineq Viol (l1): 0.000000, Epoch time: 2.59s
Epoch 56/300, Loss: 0.1310, Obj: -0.3039, Eq Viol (l1): 0.000073, Ineq Viol (l1): 0.000001, Epoch time: 2.61s
Epoch 57/300, Loss: 0.2105, Obj: -0.3787, Eq Viol (l1): 0.000066, Ineq Viol (l1): 0.000000, Epoch time: 2.64s
Epoch 58/300, Loss: 0.1435, Obj: -0.5483, Eq Viol (l1): 0.000064, Ineq Viol (l1): 0.000001, Epoch time: 2.64s
Epoch 59/300, Loss: 0.0134, Obj: -0.6684, Eq Viol (l1): 0.000069, Ineq Viol (l1): 0.000001, Epoch time: 2.64s
Epoch 60/300, Loss: -0.2083, Obj: -0.8375, Eq Viol (l1): 0.000058, Ineq Viol (l1): 0.000001, Epoch time: 2.66s
Epoch 61/300, Loss: -0.3102, Obj: -1.0815, Eq Viol (l1): 0.000060, Ineq Viol (l1): 0.000001, Epoch time: 2.69s

Running validation at epoch 60...

VALIDATION_EPOCH_60 EVALUATION RESULTS:
==================================================
Objective Value:     -1.211831e+00
True Objective:      -2.413704e+00
Optimality Gap:      -1.383673e+00 ± 8.901290e-01
Eq Violation l1:   6.662888e-05 (max: 1.829023e-03)
Ineq Violation l1: 5.978629e-07 (max: 4.689491e-05)
Solution Distance:   8.799592e+01 ± 1.481418e+00
Merit:             -1.211159e+00 ± 3.174174e-02
Avg Inference Time:  0.0762s
==================================================
Epoch 62/300, Loss: -0.2857, Obj: -1.0673, Eq Viol (l1): 0.000054, Ineq Viol (l1): 0.000001, Epoch time: 2.68s
Epoch 63/300, Loss: -0.6309, Obj: -1.3117, Eq Viol (l1): 0.000059, Ineq Viol (l1): 0.000001, Epoch time: 2.69s
Epoch 64/300, Loss: -0.7601, Obj: -1.5442, Eq Viol (l1): 0.000044, Ineq Viol (l1): 0.000001, Epoch time: 2.73s
Epoch 65/300, Loss: -0.8488, Obj: -1.7008, Eq Viol (l1): 0.000041, Ineq Viol (l1): 0.000001, Epoch time: 2.87s
Epoch 66/300, Loss: -1.0262, Obj: -1.8748, Eq Viol (l1): 0.000029, Ineq Viol (l1): 0.000000, Epoch time: 2.80s
Epoch 67/300, Loss: -0.7146, Obj: -1.8179, Eq Viol (l1): 0.000034, Ineq Viol (l1): 0.000001, Epoch time: 2.80s
Epoch 68/300, Loss: -0.7238, Obj: -1.9701, Eq Viol (l1): 0.000028, Ineq Viol (l1): 0.000000, Epoch time: 2.86s
Epoch 69/300, Loss: -0.3829, Obj: -1.7947, Eq Viol (l1): 0.000032, Ineq Viol (l1): 0.000000, Epoch time: 2.82s
Epoch 70/300, Loss: -0.3731, Obj: -1.8302, Eq Viol (l1): 0.000027, Ineq Viol (l1): 0.000000, Epoch time: 2.87s
Epoch 71/300, Loss: -0.1481, Obj: -1.9927, Eq Viol (l1): 0.000031, Ineq Viol (l1): 0.000000, Epoch time: 2.88s

Running validation at epoch 70...

VALIDATION_EPOCH_70 EVALUATION RESULTS:
==================================================
Objective Value:     -1.469565e+00
True Objective:      -2.413704e+00
Optimality Gap:      -1.452825e+00 ± 4.925396e-01
Eq Violation l1:   1.412874e-05 (max: 2.201481e-03)
Ineq Violation l1: 3.228827e-07 (max: 7.289834e-05)
Solution Distance:   9.138418e+01 ± 1.484163e+00
Merit:             -1.469420e+00 ± 2.447457e-02
Avg Inference Time:  0.0990s
==================================================
Epoch 72/300, Loss: -0.7477, Obj: -1.9238, Eq Viol (l1): 0.000029, Ineq Viol (l1): 0.000000, Epoch time: 2.87s
Epoch 73/300, Loss: -0.8364, Obj: -2.0660, Eq Viol (l1): 0.000024, Ineq Viol (l1): 0.000000, Epoch time: 2.88s
Epoch 74/300, Loss: -1.2161, Obj: -2.2113, Eq Viol (l1): 0.000028, Ineq Viol (l1): 0.000001, Epoch time: 2.84s
Epoch 75/300, Loss: -1.1268, Obj: -2.2593, Eq Viol (l1): 0.000025, Ineq Viol (l1): 0.000000, Epoch time: 2.85s
Epoch 76/300, Loss: -0.8645, Obj: -2.0714, Eq Viol (l1): 0.000023, Ineq Viol (l1): 0.000000, Epoch time: 2.85s
Epoch 77/300, Loss: -0.9473, Obj: -2.0065, Eq Viol (l1): 0.000023, Ineq Viol (l1): 0.000000, Epoch time: 2.88s
Epoch 78/300, Loss: -0.9764, Obj: -2.1519, Eq Viol (l1): 0.000027, Ineq Viol (l1): 0.000000, Epoch time: 2.85s
Epoch 79/300, Loss: -1.2975, Obj: -2.2246, Eq Viol (l1): 0.000074, Ineq Viol (l1): 0.000011, Epoch time: 2.86s
Epoch 80/300, Loss: -1.0306, Obj: -2.1868, Eq Viol (l1): 0.000064, Ineq Viol (l1): 0.000007, Epoch time: 2.88s
Epoch 81/300, Loss: -0.8514, Obj: -2.1515, Eq Viol (l1): 0.000039, Ineq Viol (l1): 0.000003, Epoch time: 2.91s

Running validation at epoch 80...

VALIDATION_EPOCH_80 EVALUATION RESULTS:
==================================================
Objective Value:     -2.172463e+00
True Objective:      -2.413704e+00
Optimality Gap:      -3.171900e+00 ± 1.254373e+00
Eq Violation l1:   1.075345e-05 (max: 3.160365e-03)
Ineq Violation l1: 3.100515e-07 (max: 1.515736e-04)
Solution Distance:   9.159043e+01 ± 1.469079e+00
Merit:             -2.172352e+00 ± 1.849744e-02
Avg Inference Time:  0.0969s
==================================================
Epoch 82/300, Loss: -1.2069, Obj: -2.2662, Eq Viol (l1): 0.000065, Ineq Viol (l1): 0.000008, Epoch time: 2.83s
Epoch 83/300, Loss: -1.2809, Obj: -2.3669, Eq Viol (l1): 0.000068, Ineq Viol (l1): 0.000010, Epoch time: 2.88s
Epoch 84/300, Loss: -1.3776, Obj: -2.3584, Eq Viol (l1): 0.000054, Ineq Viol (l1): 0.000005, Epoch time: 2.83s
Epoch 85/300, Loss: -1.2362, Obj: -2.4712, Eq Viol (l1): 0.000028, Ineq Viol (l1): 0.000000, Epoch time: 2.84s
Epoch 86/300, Loss: -1.5210, Obj: -2.4188, Eq Viol (l1): 0.000049, Ineq Viol (l1): 0.000002, Epoch time: 2.78s
Epoch 87/300, Loss: -1.6170, Obj: -2.4583, Eq Viol (l1): 0.000053, Ineq Viol (l1): 0.000003, Epoch time: 2.80s
Epoch 88/300, Loss: -1.6401, Obj: -2.5190, Eq Viol (l1): 0.000036, Ineq Viol (l1): 0.000002, Epoch time: 2.84s
Epoch 89/300, Loss: -1.7792, Obj: -2.5200, Eq Viol (l1): 0.000038, Ineq Viol (l1): 0.000003, Epoch time: 2.80s
Epoch 90/300, Loss: -2.0033, Obj: -2.6322, Eq Viol (l1): 0.000030, Ineq Viol (l1): 0.000001, Epoch time: 2.81s
Epoch 91/300, Loss: -1.6320, Obj: -2.5536, Eq Viol (l1): 0.000039, Ineq Viol (l1): 0.000001, Epoch time: 2.81s

Running validation at epoch 90...

VALIDATION_EPOCH_90 EVALUATION RESULTS:
==================================================
Objective Value:     -2.667879e+00
True Objective:      -2.413704e+00
Optimality Gap:      -3.931043e+00 ± 1.650862e+00
Eq Violation l1:   1.182087e-05 (max: 2.703436e-03)
Ineq Violation l1: 1.366958e-07 (max: 5.705232e-05)
Solution Distance:   9.175187e+01 ± 1.518672e+00
Merit:             -2.667760e+00 ± 2.854138e-02
Avg Inference Time:  0.0912s
==================================================
Epoch 92/300, Loss: -1.7281, Obj: -2.5489, Eq Viol (l1): 0.000049, Ineq Viol (l1): 0.000002, Epoch time: 2.80s
Epoch 93/300, Loss: -1.8739, Obj: -2.5566, Eq Viol (l1): 0.000041, Ineq Viol (l1): 0.000001, Epoch time: 2.76s
Epoch 94/300, Loss: -1.9158, Obj: -2.5799, Eq Viol (l1): 0.000040, Ineq Viol (l1): 0.000001, Epoch time: 2.77s
Epoch 95/300, Loss: -1.9528, Obj: -2.6522, Eq Viol (l1): 0.000044, Ineq Viol (l1): 0.000001, Epoch time: 2.76s
Epoch 96/300, Loss: -2.0771, Obj: -2.7044, Eq Viol (l1): 0.000036, Ineq Viol (l1): 0.000000, Epoch time: 2.75s
Epoch 97/300, Loss: -2.0628, Obj: -2.7225, Eq Viol (l1): 0.000038, Ineq Viol (l1): 0.000000, Epoch time: 2.77s
Epoch 98/300, Loss: -2.0313, Obj: -2.6708, Eq Viol (l1): 0.000033, Ineq Viol (l1): 0.000000, Epoch time: 2.78s
Epoch 99/300, Loss: -2.0525, Obj: -2.6660, Eq Viol (l1): 0.000030, Ineq Viol (l1): 0.000000, Epoch time: 2.76s
Epoch 100/300, Loss: -2.1257, Obj: -2.7786, Eq Viol (l1): 0.000029, Ineq Viol (l1): 0.000000, Epoch time: 2.87s
Epoch 101/300, Loss: -1.9451, Obj: -2.6664, Eq Viol (l1): 0.000036, Ineq Viol (l1): 0.000000, Epoch time: 2.78s

Running validation at epoch 100...

VALIDATION_EPOCH_100 EVALUATION RESULTS:
==================================================
Objective Value:     -3.079208e+00
True Objective:      -2.413704e+00
Optimality Gap:      -4.770414e+00 ± 1.889193e+00
Eq Violation l1:   4.093007e-05 (max: 2.303082e-03)
Ineq Violation l1: 3.724032e-07 (max: 3.554210e-05)
Solution Distance:   9.521722e+01 ± 1.577590e+00
Merit:             -3.078795e+00 ± 1.103090e-02
Avg Inference Time:  0.0843s
==================================================
Epoch 102/300, Loss: -1.7535, Obj: -2.7227, Eq Viol (l1): 0.000036, Ineq Viol (l1): 0.000000, Epoch time: 2.82s
Epoch 103/300, Loss: -2.2881, Obj: -2.7891, Eq Viol (l1): 0.000034, Ineq Viol (l1): 0.000000, Epoch time: 2.73s
Epoch 104/300, Loss: -2.1844, Obj: -2.8089, Eq Viol (l1): 0.000029, Ineq Viol (l1): 0.000000, Epoch time: 2.76s
Epoch 105/300, Loss: -2.2014, Obj: -2.7273, Eq Viol (l1): 0.000032, Ineq Viol (l1): 0.000000, Epoch time: 2.75s
Epoch 106/300, Loss: -2.1880, Obj: -2.8167, Eq Viol (l1): 0.000035, Ineq Viol (l1): 0.000000, Epoch time: 2.74s
Epoch 107/300, Loss: -2.2608, Obj: -2.9528, Eq Viol (l1): 0.000032, Ineq Viol (l1): 0.000000, Epoch time: 2.76s
Epoch 108/300, Loss: -2.3181, Obj: -2.9193, Eq Viol (l1): 0.000030, Ineq Viol (l1): 0.000000, Epoch time: 2.76s
Epoch 109/300, Loss: -2.5016, Obj: -2.9890, Eq Viol (l1): 0.000043, Ineq Viol (l1): 0.000000, Epoch time: 2.67s
Epoch 110/300, Loss: -2.4796, Obj: -2.9964, Eq Viol (l1): 0.000053, Ineq Viol (l1): 0.000000, Epoch time: 2.62s
Epoch 111/300, Loss: -2.5212, Obj: -3.0628, Eq Viol (l1): 0.000053, Ineq Viol (l1): 0.000000, Epoch time: 2.63s

Running validation at epoch 110...

VALIDATION_EPOCH_110 EVALUATION RESULTS:
==================================================
Objective Value:     -3.300332e+00
True Objective:      -2.413704e+00
Optimality Gap:      -5.102049e+00 ± 1.961662e+00
Eq Violation l1:   8.338730e-05 (max: 1.720632e-03)
Ineq Violation l1: 3.939474e-07 (max: 7.336156e-05)
Solution Distance:   1.027176e+02 ± 1.502416e+00
Merit:             -3.299494e+00 ± 1.807428e-02
Avg Inference Time:  0.0709s
==================================================
Epoch 112/300, Loss: -2.7481, Obj: -3.1568, Eq Viol (l1): 0.000053, Ineq Viol (l1): 0.000000, Epoch time: 2.62s
Epoch 113/300, Loss: -2.4576, Obj: -3.1918, Eq Viol (l1): 0.000062, Ineq Viol (l1): 0.000000, Epoch time: 2.63s
Epoch 114/300, Loss: -2.5757, Obj: -3.0970, Eq Viol (l1): 0.000058, Ineq Viol (l1): 0.000000, Epoch time: 2.61s
Epoch 115/300, Loss: -2.7606, Obj: -3.2556, Eq Viol (l1): 0.000053, Ineq Viol (l1): 0.000000, Epoch time: 2.64s
Epoch 116/300, Loss: -2.8299, Obj: -3.3001, Eq Viol (l1): 0.000061, Ineq Viol (l1): 0.000000, Epoch time: 2.62s
Epoch 117/300, Loss: -2.8330, Obj: -3.2803, Eq Viol (l1): 0.000068, Ineq Viol (l1): 0.000000, Epoch time: 2.59s
Epoch 118/300, Loss: -2.9065, Obj: -3.3220, Eq Viol (l1): 0.000058, Ineq Viol (l1): 0.000000, Epoch time: 2.62s
Epoch 119/300, Loss: -2.8559, Obj: -3.3383, Eq Viol (l1): 0.000066, Ineq Viol (l1): 0.000000, Epoch time: 2.61s
Epoch 120/300, Loss: -2.9434, Obj: -3.3738, Eq Viol (l1): 0.000065, Ineq Viol (l1): 0.000000, Epoch time: 2.62s
Epoch 121/300, Loss: -3.0021, Obj: -3.3673, Eq Viol (l1): 0.000059, Ineq Viol (l1): 0.000000, Epoch time: 2.61s

Running validation at epoch 120...

VALIDATION_EPOCH_120 EVALUATION RESULTS:
==================================================
Objective Value:     -3.403334e+00
True Objective:      -2.413704e+00
Optimality Gap:      -5.393201e+00 ± 2.219071e+00
Eq Violation l1:   5.642415e-05 (max: 1.817793e-03)
Ineq Violation l1: 6.374543e-07 (max: 1.568354e-04)
Solution Distance:   1.087292e+02 ± 1.517672e+00
Merit:             -3.402763e+00 ± 2.928938e-02
Avg Inference Time:  0.0733s
==================================================
Epoch 122/300, Loss: -2.8028, Obj: -3.3079, Eq Viol (l1): 0.000054, Ineq Viol (l1): 0.000000, Epoch time: 2.62s
Epoch 123/300, Loss: -2.8633, Obj: -3.3377, Eq Viol (l1): 0.000069, Ineq Viol (l1): 0.000000, Epoch time: 2.60s
Epoch 124/300, Loss: -2.9380, Obj: -3.3825, Eq Viol (l1): 0.000062, Ineq Viol (l1): 0.000000, Epoch time: 2.61s
Epoch 125/300, Loss: -2.9573, Obj: -3.3777, Eq Viol (l1): 0.000065, Ineq Viol (l1): 0.000000, Epoch time: 2.61s
Epoch 126/300, Loss: -2.9625, Obj: -3.3958, Eq Viol (l1): 0.000067, Ineq Viol (l1): 0.000000, Epoch time: 2.61s
Epoch 127/300, Loss: -2.9975, Obj: -3.4299, Eq Viol (l1): 0.000067, Ineq Viol (l1): 0.000000, Epoch time: 2.61s
Epoch 128/300, Loss: -3.0380, Obj: -3.4322, Eq Viol (l1): 0.000060, Ineq Viol (l1): 0.000000, Epoch time: 2.61s
Epoch 129/300, Loss: -2.9942, Obj: -3.4596, Eq Viol (l1): 0.000065, Ineq Viol (l1): 0.000000, Epoch time: 2.61s
Epoch 130/300, Loss: -2.9804, Obj: -3.3910, Eq Viol (l1): 0.000057, Ineq Viol (l1): 0.000000, Epoch time: 2.62s
Epoch 131/300, Loss: -3.0448, Obj: -3.4460, Eq Viol (l1): 0.000060, Ineq Viol (l1): 0.000000, Epoch time: 2.62s

Running validation at epoch 130...

VALIDATION_EPOCH_130 EVALUATION RESULTS:
==================================================
Objective Value:     -3.645042e+00
True Objective:      -2.413704e+00
Optimality Gap:      -5.771481e+00 ± 2.315011e+00
Eq Violation l1:   5.940112e-05 (max: 9.776769e-04)
Ineq Violation l1: 2.835960e-07 (max: 2.784300e-05)
Solution Distance:   1.089190e+02 ± 1.483276e+00
Merit:             -3.644445e+00 ± 2.662965e-02
Avg Inference Time:  0.0748s
==================================================
Epoch 132/300, Loss: -3.0463, Obj: -3.4450, Eq Viol (l1): 0.000057, Ineq Viol (l1): 0.000000, Epoch time: 2.63s
Epoch 133/300, Loss: -3.0496, Obj: -3.4771, Eq Viol (l1): 0.000059, Ineq Viol (l1): 0.000000, Epoch time: 2.62s
Epoch 134/300, Loss: -2.9831, Obj: -3.4001, Eq Viol (l1): 0.000060, Ineq Viol (l1): 0.000000, Epoch time: 2.74s
Epoch 135/300, Loss: -2.9752, Obj: -3.4236, Eq Viol (l1): 0.000058, Ineq Viol (l1): 0.000000, Epoch time: 2.64s
Epoch 136/300, Loss: -2.9447, Obj: -3.3891, Eq Viol (l1): 0.000059, Ineq Viol (l1): 0.000000, Epoch time: 2.62s
Epoch 137/300, Loss: -2.9165, Obj: -3.4181, Eq Viol (l1): 0.000054, Ineq Viol (l1): 0.000000, Epoch time: 2.64s
Epoch 138/300, Loss: -2.6344, Obj: -3.3573, Eq Viol (l1): 0.000059, Ineq Viol (l1): 0.000000, Epoch time: 2.66s
Epoch 139/300, Loss: -2.9779, Obj: -3.4453, Eq Viol (l1): 0.000055, Ineq Viol (l1): 0.000000, Epoch time: 2.64s
Epoch 140/300, Loss: -3.0700, Obj: -3.4655, Eq Viol (l1): 0.000059, Ineq Viol (l1): 0.000000, Epoch time: 2.62s
Epoch 141/300, Loss: -3.1067, Obj: -3.4788, Eq Viol (l1): 0.000056, Ineq Viol (l1): 0.000001, Epoch time: 2.63s

Running validation at epoch 140...

VALIDATION_EPOCH_140 EVALUATION RESULTS:
==================================================
Objective Value:     -3.653261e+00
True Objective:      -2.413704e+00
Optimality Gap:      -5.743006e+00 ± 2.293085e+00
Eq Violation l1:   7.087132e-05 (max: 1.103307e-03)
Ineq Violation l1: 5.012947e-07 (max: 7.091314e-05)
Solution Distance:   1.093839e+02 ± 1.452869e+00
Merit:             -3.652547e+00 ± 2.799076e-02
Avg Inference Time:  0.0735s
==================================================
Epoch 142/300, Loss: -3.0734, Obj: -3.4950, Eq Viol (l1): 0.000057, Ineq Viol (l1): 0.000000, Epoch time: 2.63s
Epoch 143/300, Loss: -3.0192, Obj: -3.4486, Eq Viol (l1): 0.000052, Ineq Viol (l1): 0.000000, Epoch time: 2.63s
Epoch 144/300, Loss: -2.8578, Obj: -3.4196, Eq Viol (l1): 0.000065, Ineq Viol (l1): 0.000000, Epoch time: 2.64s
Epoch 145/300, Loss: -3.0030, Obj: -3.4523, Eq Viol (l1): 0.000060, Ineq Viol (l1): 0.000000, Epoch time: 2.63s
Epoch 146/300, Loss: -2.8310, Obj: -3.3273, Eq Viol (l1): 0.000065, Ineq Viol (l1): 0.000000, Epoch time: 2.61s
Epoch 147/300, Loss: -3.0220, Obj: -3.5145, Eq Viol (l1): 0.000067, Ineq Viol (l1): 0.000000, Epoch time: 2.62s
Epoch 148/300, Loss: -3.1333, Obj: -3.4985, Eq Viol (l1): 0.000067, Ineq Viol (l1): 0.000000, Epoch time: 2.61s
Epoch 149/300, Loss: -3.1311, Obj: -3.4942, Eq Viol (l1): 0.000065, Ineq Viol (l1): 0.000000, Epoch time: 2.62s
Epoch 150/300, Loss: -3.1057, Obj: -3.4913, Eq Viol (l1): 0.000051, Ineq Viol (l1): 0.000000, Epoch time: 2.65s
Epoch 151/300, Loss: -3.0929, Obj: -3.5229, Eq Viol (l1): 0.000062, Ineq Viol (l1): 0.000000, Epoch time: 2.64s

Running validation at epoch 150...

VALIDATION_EPOCH_150 EVALUATION RESULTS:
==================================================
Objective Value:     -3.615788e+00
True Objective:      -2.413704e+00
Optimality Gap:      -5.721801e+00 ± 2.334016e+00
Eq Violation l1:   7.617689e-05 (max: 1.015538e-03)
Ineq Violation l1: 6.473433e-07 (max: 3.508632e-05)
Solution Distance:   1.095807e+02 ± 1.446666e+00
Merit:             -3.615020e+00 ± 2.277128e-02
Avg Inference Time:  0.0722s
==================================================
Epoch 152/300, Loss: -3.0370, Obj: -3.4804, Eq Viol (l1): 0.000060, Ineq Viol (l1): 0.000000, Epoch time: 2.64s
Epoch 153/300, Loss: -3.0822, Obj: -3.4877, Eq Viol (l1): 0.000058, Ineq Viol (l1): 0.000000, Epoch time: 2.64s
Epoch 154/300, Loss: -3.0708, Obj: -3.5264, Eq Viol (l1): 0.000069, Ineq Viol (l1): 0.000000, Epoch time: 2.62s
Epoch 155/300, Loss: -2.8160, Obj: -3.4185, Eq Viol (l1): 0.000056, Ineq Viol (l1): 0.000000, Epoch time: 2.63s
Epoch 156/300, Loss: -3.0876, Obj: -3.5033, Eq Viol (l1): 0.000065, Ineq Viol (l1): 0.000001, Epoch time: 2.62s
Epoch 157/300, Loss: -3.1314, Obj: -3.5259, Eq Viol (l1): 0.000061, Ineq Viol (l1): 0.000000, Epoch time: 2.63s
Epoch 158/300, Loss: -3.0494, Obj: -3.4624, Eq Viol (l1): 0.000049, Ineq Viol (l1): 0.000000, Epoch time: 2.64s
Epoch 159/300, Loss: -3.1199, Obj: -3.5285, Eq Viol (l1): 0.000058, Ineq Viol (l1): 0.000000, Epoch time: 2.64s
Epoch 160/300, Loss: -3.1427, Obj: -3.5338, Eq Viol (l1): 0.000056, Ineq Viol (l1): 0.000000, Epoch time: 2.64s
Epoch 161/300, Loss: -3.1587, Obj: -3.5226, Eq Viol (l1): 0.000059, Ineq Viol (l1): 0.000000, Epoch time: 2.61s

Running validation at epoch 160...

VALIDATION_EPOCH_160 EVALUATION RESULTS:
==================================================
Objective Value:     -3.553845e+00
True Objective:      -2.413704e+00
Optimality Gap:      -5.601286e+00 ± 2.283756e+00
Eq Violation l1:   3.145604e-05 (max: 2.185973e-03)
Ineq Violation l1: 2.126855e-07 (max: 7.101185e-05)
Solution Distance:   1.100170e+02 ± 1.411336e+00
Merit:             -3.553528e+00 ± 2.873936e-02
Avg Inference Time:  0.0752s
==================================================
Epoch 162/300, Loss: -3.0643, Obj: -3.5113, Eq Viol (l1): 0.000056, Ineq Viol (l1): 0.000000, Epoch time: 2.63s
Epoch 163/300, Loss: -3.0936, Obj: -3.4896, Eq Viol (l1): 0.000061, Ineq Viol (l1): 0.000000, Epoch time: 2.61s
Epoch 164/300, Loss: -3.1445, Obj: -3.5439, Eq Viol (l1): 0.000059, Ineq Viol (l1): 0.000000, Epoch time: 2.64s
Epoch 165/300, Loss: -3.1402, Obj: -3.5249, Eq Viol (l1): 0.000060, Ineq Viol (l1): 0.000000, Epoch time: 2.64s
Epoch 166/300, Loss: -3.0691, Obj: -3.5031, Eq Viol (l1): 0.000056, Ineq Viol (l1): 0.000000, Epoch time: 2.64s
Epoch 167/300, Loss: -3.0187, Obj: -3.4702, Eq Viol (l1): 0.000069, Ineq Viol (l1): 0.000001, Epoch time: 2.62s
Epoch 168/300, Loss: -3.1443, Obj: -3.5490, Eq Viol (l1): 0.000064, Ineq Viol (l1): 0.000000, Epoch time: 2.75s
Epoch 169/300, Loss: -2.9272, Obj: -3.3798, Eq Viol (l1): 0.000058, Ineq Viol (l1): 0.000000, Epoch time: 2.63s
Epoch 170/300, Loss: -3.0951, Obj: -3.4796, Eq Viol (l1): 0.000060, Ineq Viol (l1): 0.000000, Epoch time: 2.62s
Epoch 171/300, Loss: -3.0997, Obj: -3.4989, Eq Viol (l1): 0.000055, Ineq Viol (l1): 0.000000, Epoch time: 2.64s

Running validation at epoch 170...

VALIDATION_EPOCH_170 EVALUATION RESULTS:
==================================================
Objective Value:     -3.603066e+00
True Objective:      -2.413704e+00
Optimality Gap:      -5.693486e+00 ± 2.297576e+00
Eq Violation l1:   7.887167e-05 (max: 1.114726e-03)
Ineq Violation l1: 5.315838e-07 (max: 4.968990e-05)
Solution Distance:   1.093349e+02 ± 1.444888e+00
Merit:             -3.602272e+00 ± 3.112290e-02
Avg Inference Time:  0.0728s
==================================================
Epoch 172/300, Loss: -3.1034, Obj: -3.5212, Eq Viol (l1): 0.000063, Ineq Viol (l1): 0.000000, Epoch time: 2.63s
Epoch 173/300, Loss: -3.1979, Obj: -3.5459, Eq Viol (l1): 0.000062, Ineq Viol (l1): 0.000000, Epoch time: 2.62s
Epoch 174/300, Loss: -3.1042, Obj: -3.5189, Eq Viol (l1): 0.000053, Ineq Viol (l1): 0.000000, Epoch time: 2.65s
Epoch 175/300, Loss: -2.9506, Obj: -3.4780, Eq Viol (l1): 0.000058, Ineq Viol (l1): 0.000000, Epoch time: 2.64s
Epoch 176/300, Loss: -3.0045, Obj: -3.4679, Eq Viol (l1): 0.000061, Ineq Viol (l1): 0.000000, Epoch time: 2.63s
Epoch 177/300, Loss: -3.1588, Obj: -3.5578, Eq Viol (l1): 0.000062, Ineq Viol (l1): 0.000000, Epoch time: 2.63s
Epoch 178/300, Loss: -3.1452, Obj: -3.5265, Eq Viol (l1): 0.000064, Ineq Viol (l1): 0.000000, Epoch time: 2.62s
Epoch 179/300, Loss: -3.1444, Obj: -3.5194, Eq Viol (l1): 0.000062, Ineq Viol (l1): 0.000000, Epoch time: 2.63s
Epoch 180/300, Loss: -3.0836, Obj: -3.5002, Eq Viol (l1): 0.000056, Ineq Viol (l1): 0.000000, Epoch time: 2.63s
Epoch 181/300, Loss: -3.0311, Obj: -3.4314, Eq Viol (l1): 0.000059, Ineq Viol (l1): 0.000000, Epoch time: 2.64s

Running validation at epoch 180...

VALIDATION_EPOCH_180 EVALUATION RESULTS:
==================================================
Objective Value:     -3.658709e+00
True Objective:      -2.413704e+00
Optimality Gap:      -5.748742e+00 ± 2.365444e+00
Eq Violation l1:   7.471357e-05 (max: 1.617103e-03)
Ineq Violation l1: 4.660027e-07 (max: 7.743042e-05)
Solution Distance:   1.097918e+02 ± 1.363181e+00
Merit:             -3.657957e+00 ± 2.671439e-02
Avg Inference Time:  0.0746s
==================================================
Epoch 182/300, Loss: -3.0865, Obj: -3.5076, Eq Viol (l1): 0.000064, Ineq Viol (l1): 0.000000, Epoch time: 2.63s
Epoch 183/300, Loss: -3.1790, Obj: -3.5589, Eq Viol (l1): 0.000059, Ineq Viol (l1): 0.000000, Epoch time: 2.63s
Epoch 184/300, Loss: -3.1996, Obj: -3.5557, Eq Viol (l1): 0.000058, Ineq Viol (l1): 0.000000, Epoch time: 2.63s
Epoch 185/300, Loss: -3.1306, Obj: -3.5159, Eq Viol (l1): 0.000058, Ineq Viol (l1): 0.000000, Epoch time: 2.63s
Epoch 186/300, Loss: -3.1576, Obj: -3.5392, Eq Viol (l1): 0.000065, Ineq Viol (l1): 0.000001, Epoch time: 2.62s
Epoch 187/300, Loss: -3.1688, Obj: -3.5519, Eq Viol (l1): 0.000056, Ineq Viol (l1): 0.000000, Epoch time: 2.64s
Epoch 188/300, Loss: -3.2029, Obj: -3.5577, Eq Viol (l1): 0.000059, Ineq Viol (l1): 0.000000, Epoch time: 2.63s
Epoch 189/300, Loss: -3.1638, Obj: -3.5371, Eq Viol (l1): 0.000065, Ineq Viol (l1): 0.000000, Epoch time: 2.61s
Epoch 190/300, Loss: -3.1168, Obj: -3.5444, Eq Viol (l1): 0.000058, Ineq Viol (l1): 0.000000, Epoch time: 2.64s
Epoch 191/300, Loss: -3.1050, Obj: -3.5089, Eq Viol (l1): 0.000057, Ineq Viol (l1): 0.000000, Epoch time: 2.63s

Running validation at epoch 190...

VALIDATION_EPOCH_190 EVALUATION RESULTS:
==================================================
Objective Value:     -3.407815e+00
True Objective:      -2.413704e+00
Optimality Gap:      -5.276904e+00 ± 2.097802e+00
Eq Violation l1:   5.198494e-05 (max: 2.176677e-03)
Ineq Violation l1: 5.277773e-07 (max: 1.091571e-04)
Solution Distance:   1.116433e+02 ± 1.461431e+00
Merit:             -3.407290e+00 ± 1.776342e-02
Avg Inference Time:  0.0708s
==================================================
Epoch 192/300, Loss: -3.0458, Obj: -3.4918, Eq Viol (l1): 0.000054, Ineq Viol (l1): 0.000001, Epoch time: 2.65s
Epoch 193/300, Loss: -2.9240, Obj: -3.3610, Eq Viol (l1): 0.000057, Ineq Viol (l1): 0.000000, Epoch time: 2.63s
Epoch 194/300, Loss: -3.0626, Obj: -3.5107, Eq Viol (l1): 0.000060, Ineq Viol (l1): 0.000000, Epoch time: 2.64s
Epoch 195/300, Loss: -3.1155, Obj: -3.5318, Eq Viol (l1): 0.000060, Ineq Viol (l1): 0.000000, Epoch time: 2.63s
Epoch 196/300, Loss: -3.1049, Obj: -3.5078, Eq Viol (l1): 0.000055, Ineq Viol (l1): 0.000000, Epoch time: 2.64s
Epoch 197/300, Loss: -3.2027, Obj: -3.5632, Eq Viol (l1): 0.000061, Ineq Viol (l1): 0.000001, Epoch time: 2.64s
Epoch 198/300, Loss: -3.1217, Obj: -3.5236, Eq Viol (l1): 0.000051, Ineq Viol (l1): 0.000000, Epoch time: 2.66s
Epoch 199/300, Loss: -3.1217, Obj: -3.5274, Eq Viol (l1): 0.000057, Ineq Viol (l1): 0.000000, Epoch time: 2.64s
Epoch 200/300, Loss: -3.1890, Obj: -3.5642, Eq Viol (l1): 0.000062, Ineq Viol (l1): 0.000000, Epoch time: 2.62s
Epoch 201/300, Loss: -3.2062, Obj: -3.5632, Eq Viol (l1): 0.000057, Ineq Viol (l1): 0.000001, Epoch time: 2.63s

Running validation at epoch 200...

VALIDATION_EPOCH_200 EVALUATION RESULTS:
==================================================
Objective Value:     -3.578818e+00
True Objective:      -2.413704e+00
Optimality Gap:      -5.504595e+00 ± 2.143868e+00
Eq Violation l1:   5.049361e-05 (max: 1.467855e-03)
Ineq Violation l1: 3.641490e-07 (max: 5.869091e-05)
Solution Distance:   1.106506e+02 ± 1.445950e+00
Merit:             -3.578310e+00 ± 2.505849e-02
Avg Inference Time:  0.0742s
==================================================
Epoch 202/300, Loss: -3.1445, Obj: -3.5443, Eq Viol (l1): 0.000059, Ineq Viol (l1): 0.000000, Epoch time: 2.74s
Epoch 203/300, Loss: -3.1194, Obj: -3.5202, Eq Viol (l1): 0.000062, Ineq Viol (l1): 0.000000, Epoch time: 2.64s
Epoch 204/300, Loss: -3.0863, Obj: -3.5116, Eq Viol (l1): 0.000063, Ineq Viol (l1): 0.000000, Epoch time: 2.62s
Epoch 205/300, Loss: -3.1595, Obj: -3.5377, Eq Viol (l1): 0.000060, Ineq Viol (l1): 0.000000, Epoch time: 2.63s
Epoch 206/300, Loss: -3.1542, Obj: -3.5400, Eq Viol (l1): 0.000057, Ineq Viol (l1): 0.000001, Epoch time: 2.64s
Epoch 207/300, Loss: -3.1927, Obj: -3.5694, Eq Viol (l1): 0.000061, Ineq Viol (l1): 0.000001, Epoch time: 2.63s
Epoch 208/300, Loss: -3.1963, Obj: -3.5541, Eq Viol (l1): 0.000062, Ineq Viol (l1): 0.000000, Epoch time: 2.63s
Epoch 209/300, Loss: -3.2251, Obj: -3.5716, Eq Viol (l1): 0.000055, Ineq Viol (l1): 0.000000, Epoch time: 2.64s
Epoch 210/300, Loss: -3.2042, Obj: -3.5593, Eq Viol (l1): 0.000057, Ineq Viol (l1): 0.000000, Epoch time: 2.63s
Epoch 211/300, Loss: -3.2076, Obj: -3.5527, Eq Viol (l1): 0.000062, Ineq Viol (l1): 0.000000, Epoch time: 2.62s

Running validation at epoch 210...

VALIDATION_EPOCH_210 EVALUATION RESULTS:
==================================================
Objective Value:     -3.638285e+00
True Objective:      -2.413704e+00
Optimality Gap:      -5.665745e+00 ± 2.269430e+00
Eq Violation l1:   7.172721e-05 (max: 1.465688e-03)
Ineq Violation l1: 5.561755e-07 (max: 5.994701e-05)
Solution Distance:   1.107806e+02 ± 1.446071e+00
Merit:             -3.637563e+00 ± 3.088804e-02
Avg Inference Time:  0.0723s
==================================================
Epoch 212/300, Loss: -3.2280, Obj: -3.5689, Eq Viol (l1): 0.000059, Ineq Viol (l1): 0.000000, Epoch time: 2.62s
Epoch 213/300, Loss: -3.2382, Obj: -3.5783, Eq Viol (l1): 0.000064, Ineq Viol (l1): 0.000000, Epoch time: 2.62s
Epoch 214/300, Loss: -3.1392, Obj: -3.5559, Eq Viol (l1): 0.000057, Ineq Viol (l1): 0.000000, Epoch time: 2.65s
Epoch 215/300, Loss: -3.1109, Obj: -3.5158, Eq Viol (l1): 0.000055, Ineq Viol (l1): 0.000000, Epoch time: 2.64s
Epoch 216/300, Loss: -3.1604, Obj: -3.5667, Eq Viol (l1): 0.000064, Ineq Viol (l1): 0.000000, Epoch time: 2.63s
Epoch 217/300, Loss: -3.2186, Obj: -3.5801, Eq Viol (l1): 0.000067, Ineq Viol (l1): 0.000001, Epoch time: 2.62s
Epoch 218/300, Loss: -3.2369, Obj: -3.5969, Eq Viol (l1): 0.000062, Ineq Viol (l1): 0.000000, Epoch time: 2.64s
Epoch 219/300, Loss: -3.2330, Obj: -3.5709, Eq Viol (l1): 0.000058, Ineq Viol (l1): 0.000001, Epoch time: 2.63s
Epoch 220/300, Loss: -3.1210, Obj: -3.5445, Eq Viol (l1): 0.000051, Ineq Viol (l1): 0.000000, Epoch time: 2.64s
Epoch 221/300, Loss: -3.1393, Obj: -3.5706, Eq Viol (l1): 0.000064, Ineq Viol (l1): 0.000000, Epoch time: 2.64s

Running validation at epoch 220...

VALIDATION_EPOCH_220 EVALUATION RESULTS:
==================================================
Objective Value:     -3.562549e+00
True Objective:      -2.413704e+00
Optimality Gap:      -5.577952e+00 ± 2.267606e+00
Eq Violation l1:   4.688392e-05 (max: 2.007607e-03)
Ineq Violation l1: 2.289724e-07 (max: 3.428924e-05)
Solution Distance:   1.103216e+02 ± 1.409511e+00
Merit:             -3.562078e+00 ± 2.531802e-02
Avg Inference Time:  0.0759s
==================================================
Epoch 222/300, Loss: -3.0827, Obj: -3.4853, Eq Viol (l1): 0.000058, Ineq Viol (l1): 0.000000, Epoch time: 2.63s
Epoch 223/300, Loss: -3.0972, Obj: -3.5331, Eq Viol (l1): 0.000062, Ineq Viol (l1): 0.000000, Epoch time: 2.64s
Epoch 224/300, Loss: -3.1729, Obj: -3.5469, Eq Viol (l1): 0.000059, Ineq Viol (l1): 0.000000, Epoch time: 2.64s
Epoch 225/300, Loss: -3.1153, Obj: -3.4987, Eq Viol (l1): 0.000057, Ineq Viol (l1): 0.000000, Epoch time: 2.62s
Epoch 226/300, Loss: -3.1987, Obj: -3.5674, Eq Viol (l1): 0.000064, Ineq Viol (l1): 0.000001, Epoch time: 2.63s
Epoch 227/300, Loss: -3.1505, Obj: -3.5649, Eq Viol (l1): 0.000066, Ineq Viol (l1): 0.000000, Epoch time: 2.62s
Epoch 228/300, Loss: -3.1263, Obj: -3.5129, Eq Viol (l1): 0.000052, Ineq Viol (l1): 0.000000, Epoch time: 2.64s
Epoch 229/300, Loss: -3.1576, Obj: -3.5473, Eq Viol (l1): 0.000053, Ineq Viol (l1): 0.000000, Epoch time: 2.66s
Epoch 230/300, Loss: -3.1882, Obj: -3.5942, Eq Viol (l1): 0.000059, Ineq Viol (l1): 0.000000, Epoch time: 2.65s
Epoch 231/300, Loss: -3.1982, Obj: -3.5787, Eq Viol (l1): 0.000069, Ineq Viol (l1): 0.000001, Epoch time: 2.62s

Running validation at epoch 230...

VALIDATION_EPOCH_230 EVALUATION RESULTS:
==================================================
Objective Value:     -3.587277e+00
True Objective:      -2.413704e+00
Optimality Gap:      -5.651482e+00 ± 2.294229e+00
Eq Violation l1:   4.101296e-05 (max: 1.849433e-03)
Ineq Violation l1: 4.718630e-07 (max: 1.251691e-04)
Solution Distance:   1.100790e+02 ± 1.423755e+00
Merit:             -3.586862e+00 ± 3.029973e-02
Avg Inference Time:  0.0726s
==================================================
Epoch 232/300, Loss: -3.1091, Obj: -3.5082, Eq Viol (l1): 0.000052, Ineq Viol (l1): 0.000000, Epoch time: 2.65s
Epoch 233/300, Loss: -3.1435, Obj: -3.5593, Eq Viol (l1): 0.000059, Ineq Viol (l1): 0.000000, Epoch time: 2.63s
Epoch 234/300, Loss: -3.0844, Obj: -3.5425, Eq Viol (l1): 0.000061, Ineq Viol (l1): 0.000001, Epoch time: 2.64s
Epoch 235/300, Loss: -3.0918, Obj: -3.4985, Eq Viol (l1): 0.000054, Ineq Viol (l1): 0.000000, Epoch time: 2.75s
Epoch 236/300, Loss: -3.2107, Obj: -3.5838, Eq Viol (l1): 0.000058, Ineq Viol (l1): 0.000001, Epoch time: 2.65s
Epoch 237/300, Loss: -3.1045, Obj: -3.5163, Eq Viol (l1): 0.000055, Ineq Viol (l1): 0.000000, Epoch time: 2.64s
Epoch 238/300, Loss: -3.1635, Obj: -3.5600, Eq Viol (l1): 0.000059, Ineq Viol (l1): 0.000000, Epoch time: 2.65s
Epoch 239/300, Loss: -3.1172, Obj: -3.5309, Eq Viol (l1): 0.000053, Ineq Viol (l1): 0.000000, Epoch time: 2.64s
Epoch 240/300, Loss: -3.1396, Obj: -3.5206, Eq Viol (l1): 0.000052, Ineq Viol (l1): 0.000000, Epoch time: 2.65s
Epoch 241/300, Loss: -3.1304, Obj: -3.5533, Eq Viol (l1): 0.000062, Ineq Viol (l1): 0.000000, Epoch time: 2.64s

Running validation at epoch 240...

VALIDATION_EPOCH_240 EVALUATION RESULTS:
==================================================
Objective Value:     -3.631375e+00
True Objective:      -2.413704e+00
Optimality Gap:      -5.675240e+00 ± 2.281846e+00
Eq Violation l1:   5.683450e-05 (max: 1.082124e-03)
Ineq Violation l1: 2.399213e-07 (max: 3.006368e-05)
Solution Distance:   1.099724e+02 ± 1.351972e+00
Merit:             -3.630805e+00 ± 3.487417e-02
Avg Inference Time:  0.0724s
==================================================
Epoch 242/300, Loss: -3.1912, Obj: -3.5690, Eq Viol (l1): 0.000059, Ineq Viol (l1): 0.000000, Epoch time: 2.63s
Epoch 243/300, Loss: -3.1788, Obj: -3.5601, Eq Viol (l1): 0.000059, Ineq Viol (l1): 0.000000, Epoch time: 2.64s
Epoch 244/300, Loss: -3.1424, Obj: -3.5395, Eq Viol (l1): 0.000060, Ineq Viol (l1): 0.000001, Epoch time: 2.64s
Epoch 245/300, Loss: -3.2054, Obj: -3.5614, Eq Viol (l1): 0.000057, Ineq Viol (l1): 0.000000, Epoch time: 2.63s
Epoch 246/300, Loss: -3.2043, Obj: -3.5669, Eq Viol (l1): 0.000055, Ineq Viol (l1): 0.000000, Epoch time: 2.64s
Epoch 247/300, Loss: -3.1186, Obj: -3.5385, Eq Viol (l1): 0.000066, Ineq Viol (l1): 0.000000, Epoch time: 2.64s
Epoch 248/300, Loss: -3.1462, Obj: -3.5592, Eq Viol (l1): 0.000066, Ineq Viol (l1): 0.000000, Epoch time: 2.63s
Epoch 249/300, Loss: -3.1889, Obj: -3.5720, Eq Viol (l1): 0.000064, Ineq Viol (l1): 0.000000, Epoch time: 2.64s
Epoch 250/300, Loss: -3.1769, Obj: -3.5487, Eq Viol (l1): 0.000052, Ineq Viol (l1): 0.000000, Epoch time: 2.64s
Epoch 251/300, Loss: -3.1846, Obj: -3.5598, Eq Viol (l1): 0.000056, Ineq Viol (l1): 0.000000, Epoch time: 2.65s

Running validation at epoch 250...

VALIDATION_EPOCH_250 EVALUATION RESULTS:
==================================================
Objective Value:     -3.628948e+00
True Objective:      -2.413704e+00
Optimality Gap:      -5.665076e+00 ± 2.270045e+00
Eq Violation l1:   5.518685e-05 (max: 1.320136e-03)
Ineq Violation l1: 3.892647e-07 (max: 4.531557e-05)
Solution Distance:   1.099852e+02 ± 1.404238e+00
Merit:             -3.628392e+00 ± 2.607396e-02
Avg Inference Time:  0.0759s
==================================================
Epoch 252/300, Loss: -3.1052, Obj: -3.5420, Eq Viol (l1): 0.000059, Ineq Viol (l1): 0.000000, Epoch time: 2.64s
Epoch 253/300, Loss: -3.1614, Obj: -3.5638, Eq Viol (l1): 0.000058, Ineq Viol (l1): 0.000000, Epoch time: 2.64s
Epoch 254/300, Loss: -3.1689, Obj: -3.5486, Eq Viol (l1): 0.000046, Ineq Viol (l1): 0.000000, Epoch time: 2.66s
Epoch 255/300, Loss: -3.1824, Obj: -3.5575, Eq Viol (l1): 0.000047, Ineq Viol (l1): 0.000000, Epoch time: 2.66s
Epoch 256/300, Loss: -3.2114, Obj: -3.5733, Eq Viol (l1): 0.000056, Ineq Viol (l1): 0.000000, Epoch time: 2.65s
Epoch 257/300, Loss: -3.1699, Obj: -3.5610, Eq Viol (l1): 0.000059, Ineq Viol (l1): 0.000001, Epoch time: 2.64s
Epoch 258/300, Loss: -3.1816, Obj: -3.5999, Eq Viol (l1): 0.000058, Ineq Viol (l1): 0.000000, Epoch time: 2.65s
Epoch 259/300, Loss: -3.1554, Obj: -3.5707, Eq Viol (l1): 0.000053, Ineq Viol (l1): 0.000000, Epoch time: 2.65s
Epoch 260/300, Loss: -3.1960, Obj: -3.5918, Eq Viol (l1): 0.000059, Ineq Viol (l1): 0.000000, Epoch time: 2.65s
Epoch 261/300, Loss: -3.2118, Obj: -3.5776, Eq Viol (l1): 0.000057, Ineq Viol (l1): 0.000000, Epoch time: 2.63s

Running validation at epoch 260...

VALIDATION_EPOCH_260 EVALUATION RESULTS:
==================================================
Objective Value:     -3.708158e+00
True Objective:      -2.413704e+00
Optimality Gap:      -5.802713e+00 ± 2.326591e+00
Eq Violation l1:   7.100730e-05 (max: 1.352757e-03)
Ineq Violation l1: 3.015441e-07 (max: 5.124456e-05)
Solution Distance:   1.091948e+02 ± 1.363001e+00
Merit:             -3.707445e+00 ± 2.630029e-02
Avg Inference Time:  0.0741s
==================================================
Epoch 262/300, Loss: -3.2130, Obj: -3.5849, Eq Viol (l1): 0.000061, Ineq Viol (l1): 0.000000, Epoch time: 2.64s
Epoch 263/300, Loss: -3.1783, Obj: -3.5629, Eq Viol (l1): 0.000057, Ineq Viol (l1): 0.000001, Epoch time: 2.63s
Epoch 264/300, Loss: -3.2822, Obj: -3.6215, Eq Viol (l1): 0.000058, Ineq Viol (l1): 0.000000, Epoch time: 2.63s
Epoch 265/300, Loss: -3.2630, Obj: -3.5997, Eq Viol (l1): 0.000069, Ineq Viol (l1): 0.000001, Epoch time: 2.62s
Epoch 266/300, Loss: -3.2517, Obj: -3.6049, Eq Viol (l1): 0.000062, Ineq Viol (l1): 0.000000, Epoch time: 2.63s
Epoch 267/300, Loss: -3.2242, Obj: -3.5776, Eq Viol (l1): 0.000056, Ineq Viol (l1): 0.000000, Epoch time: 2.63s
Epoch 268/300, Loss: -3.2923, Obj: -3.6086, Eq Viol (l1): 0.000062, Ineq Viol (l1): 0.000000, Epoch time: 2.63s
Epoch 269/300, Loss: -3.2504, Obj: -3.6058, Eq Viol (l1): 0.000057, Ineq Viol (l1): 0.000000, Epoch time: 2.73s
Epoch 270/300, Loss: -3.1926, Obj: -3.5551, Eq Viol (l1): 0.000059, Ineq Viol (l1): 0.000000, Epoch time: 2.64s
Epoch 271/300, Loss: -3.2147, Obj: -3.5927, Eq Viol (l1): 0.000060, Ineq Viol (l1): 0.000000, Epoch time: 2.64s

Running validation at epoch 270...

VALIDATION_EPOCH_270 EVALUATION RESULTS:
==================================================
Objective Value:     -3.585560e+00
True Objective:      -2.413704e+00
Optimality Gap:      -5.640286e+00 ± 2.305533e+00
Eq Violation l1:   6.199415e-05 (max: 1.186372e-03)
Ineq Violation l1: 4.387458e-07 (max: 4.043415e-05)
Solution Distance:   1.107763e+02 ± 1.397130e+00
Merit:             -3.584936e+00 ± 3.620528e-02
Avg Inference Time:  0.0720s
==================================================
Epoch 272/300, Loss: -3.2352, Obj: -3.5850, Eq Viol (l1): 0.000067, Ineq Viol (l1): 0.000001, Epoch time: 2.62s
Epoch 273/300, Loss: -3.2948, Obj: -3.6135, Eq Viol (l1): 0.000060, Ineq Viol (l1): 0.000000, Epoch time: 2.63s
Epoch 274/300, Loss: -3.2287, Obj: -3.5908, Eq Viol (l1): 0.000057, Ineq Viol (l1): 0.000001, Epoch time: 2.63s
Epoch 275/300, Loss: -3.2558, Obj: -3.6027, Eq Viol (l1): 0.000059, Ineq Viol (l1): 0.000000, Epoch time: 2.62s
Epoch 276/300, Loss: -3.2491, Obj: -3.6058, Eq Viol (l1): 0.000060, Ineq Viol (l1): 0.000000, Epoch time: 2.65s
Epoch 277/300, Loss: -3.1779, Obj: -3.5631, Eq Viol (l1): 0.000054, Ineq Viol (l1): 0.000000, Epoch time: 2.64s
Epoch 278/300, Loss: -3.1321, Obj: -3.5817, Eq Viol (l1): 0.000058, Ineq Viol (l1): 0.000000, Epoch time: 2.64s
Epoch 279/300, Loss: -3.1799, Obj: -3.5865, Eq Viol (l1): 0.000058, Ineq Viol (l1): 0.000001, Epoch time: 2.63s
Epoch 280/300, Loss: -3.2907, Obj: -3.6327, Eq Viol (l1): 0.000059, Ineq Viol (l1): 0.000001, Epoch time: 2.64s
Epoch 281/300, Loss: -3.2416, Obj: -3.5576, Eq Viol (l1): 0.000050, Ineq Viol (l1): 0.000000, Epoch time: 2.63s

Running validation at epoch 280...

VALIDATION_EPOCH_280 EVALUATION RESULTS:
==================================================
Objective Value:     -3.624868e+00
True Objective:      -2.413704e+00
Optimality Gap:      -5.699778e+00 ± 2.310482e+00
Eq Violation l1:   4.178962e-05 (max: 2.782077e-03)
Ineq Violation l1: 3.724431e-07 (max: 6.921317e-05)
Solution Distance:   1.107368e+02 ± 1.408959e+00
Merit:             -3.624446e+00 ± 3.135132e-02
Avg Inference Time:  0.0759s
==================================================
Epoch 282/300, Loss: -3.2591, Obj: -3.6165, Eq Viol (l1): 0.000054, Ineq Viol (l1): 0.000000, Epoch time: 2.65s
Epoch 283/300, Loss: -3.2449, Obj: -3.5765, Eq Viol (l1): 0.000057, Ineq Viol (l1): 0.000000, Epoch time: 2.63s
Epoch 284/300, Loss: -3.1232, Obj: -3.5282, Eq Viol (l1): 0.000052, Ineq Viol (l1): 0.000000, Epoch time: 2.66s
Epoch 285/300, Loss: -3.0947, Obj: -3.5631, Eq Viol (l1): 0.000060, Ineq Viol (l1): 0.000000, Epoch time: 2.66s
Epoch 286/300, Loss: -3.1313, Obj: -3.5637, Eq Viol (l1): 0.000060, Ineq Viol (l1): 0.000000, Epoch time: 2.64s
Epoch 287/300, Loss: -3.1535, Obj: -3.5478, Eq Viol (l1): 0.000051, Ineq Viol (l1): 0.000000, Epoch time: 2.65s
Epoch 288/300, Loss: -3.2410, Obj: -3.5983, Eq Viol (l1): 0.000058, Ineq Viol (l1): 0.000001, Epoch time: 2.64s
Epoch 289/300, Loss: -3.2220, Obj: -3.6026, Eq Viol (l1): 0.000052, Ineq Viol (l1): 0.000000, Epoch time: 2.64s
Epoch 290/300, Loss: -3.1582, Obj: -3.5458, Eq Viol (l1): 0.000047, Ineq Viol (l1): 0.000000, Epoch time: 2.66s
Epoch 291/300, Loss: -3.1348, Obj: -3.5834, Eq Viol (l1): 0.000053, Ineq Viol (l1): 0.000000, Epoch time: 2.66s

Running validation at epoch 290...

VALIDATION_EPOCH_290 EVALUATION RESULTS:
==================================================
Objective Value:     -3.546208e+00
True Objective:      -2.413704e+00
Optimality Gap:      -5.436821e+00 ± 2.134859e+00
Eq Violation l1:   3.775900e-05 (max: 1.832809e-03)
Ineq Violation l1: 3.914365e-07 (max: 8.247347e-05)
Solution Distance:   1.108721e+02 ± 1.481682e+00
Merit:             -3.545827e+00 ± 2.757686e-02
Avg Inference Time:  0.0774s
==================================================
Epoch 292/300, Loss: -3.1866, Obj: -3.5894, Eq Viol (l1): 0.000047, Ineq Viol (l1): 0.000000, Epoch time: 2.67s
Epoch 293/300, Loss: -3.2322, Obj: -3.6013, Eq Viol (l1): 0.000053, Ineq Viol (l1): 0.000000, Epoch time: 2.65s
Epoch 294/300, Loss: -3.2419, Obj: -3.6016, Eq Viol (l1): 0.000047, Ineq Viol (l1): 0.000000, Epoch time: 2.67s
Epoch 295/300, Loss: -3.1532, Obj: -3.6011, Eq Viol (l1): 0.000061, Ineq Viol (l1): 0.000000, Epoch time: 2.65s
Epoch 296/300, Loss: -3.2402, Obj: -3.5953, Eq Viol (l1): 0.000053, Ineq Viol (l1): 0.000000, Epoch time: 2.64s
Epoch 297/300, Loss: -3.2627, Obj: -3.6170, Eq Viol (l1): 0.000061, Ineq Viol (l1): 0.000000, Epoch time: 2.64s
Epoch 298/300, Loss: -3.2311, Obj: -3.5863, Eq Viol (l1): 0.000055, Ineq Viol (l1): 0.000000, Epoch time: 2.66s
Epoch 299/300, Loss: -3.1723, Obj: -3.5537, Eq Viol (l1): 0.000052, Ineq Viol (l1): 0.000000, Epoch time: 2.64s
Epoch 300/300, Loss: -3.0708, Obj: -3.5689, Eq Viol (l1): 0.000059, Ineq Viol (l1): 0.000000, Epoch time: 2.65s

Training completed in 804.82 seconds.

============================================================
COMPREHENSIVE TEST EVALUATION WITH DETAILED RESULTS
============================================================
Testing with batch sizes: [256, 512]

Evaluating with batch size: 256 (with detailed results)

TEST_BS256 EVALUATION RESULTS:
==================================================
Objective Value:     -3.760563e+00
True Objective:      -2.409220e+00
Optimality Gap:      -8.487559e+00 ± 9.474749e+00
Eq Violation l1:   7.062531e-05 (max: 1.205587e-03)
Ineq Violation l1: 3.842325e-07 (max: 3.928286e-05)
Solution Distance:   1.106365e+02 ± 2.385378e+00
Merit:             -3.759852e+00 ± 5.829926e-02
Avg Inference Time:  0.0658s
==================================================

Evaluating with batch size: 512 (with detailed results)

TEST_BS512 EVALUATION RESULTS:
==================================================
Objective Value:     -3.758120e+00
True Objective:      -2.408634e+00
Optimality Gap:      -8.442119e+00 ± 5.952690e+00
Eq Violation l1:   7.520732e-05 (max: 1.713722e-03)
Ineq Violation l1: 5.090511e-07 (max: 6.535739e-05)
Solution Distance:   1.107002e+02 ± 1.748063e+00
Merit:             -3.757363e+00 ± 3.363527e-02
Avg Inference Time:  0.0734s
==================================================

TEST BATCH SIZE COMPARISON:
================================================================================
Batch Size   Objective    Opt Gap      Eq Viol      Ineq Viol    Time (s)  
--------------------------------------------------------------------------------
256          -3.7606e+00  -8.4876e+00  7.0625e-05   3.8423e-07   0.53      
512          -3.7581e+00  -8.4421e+00  7.5207e-05   5.0905e-07   0.29      
================================================================================

Saving model and results to: results/nonsmooth_nonconvex/socp/SOCPProblem-100-50-50-10000/20260108-014627_MLP_FSNet_seed0_nepochs300_lr0.0002_trainsize7000_finetune_20260108-014039_model_230
✓ Model saved: results/nonsmooth_nonconvex/socp/SOCPProblem-100-50-50-10000/20260108-014627_MLP_FSNet_seed0_nepochs300_lr0.0002_trainsize7000_finetune_20260108-014039_model_230/model.pt
✓ Detailed results saved: results/nonsmooth_nonconvex/socp/SOCPProblem-100-50-50-10000/20260108-014627_MLP_FSNet_seed0_nepochs300_lr0.0002_trainsize7000_finetune_20260108-014039_model_230/results.pkl

Files saved (or attempted):
  - model.pt (model weights and architecture)
  - results.pkl (training history, metrics, detailed test results)
Training and testing completed in 807.40 seconds
Done!!!
============================================================
==========         =====================         ===========
==========   0      =====================         ===========
==========         =====================         ===========
============================================================

======= Running for problem: nonsmooth_nonconvex/socp =======

Loading problem instance: nonsmooth_nonconvex/socp with size [100, 50, 50, 10000]
Loading  dataset from: datasets/nonsmooth_nonconvex/socp/random2025_socp_dataset_var100_ineq50_eq50_ex10000 

Running on:  cuda
Training model using FSNet method with seed 1 for 300 epochs
Using batch size: 512
Loading model from checkpoint: results/nonsmooth_nonconvex/socp/SOCPProblem-100-50-50-10000/20260108-014039_MLP_sup_pen_seed1_nepochs500_lr0.0002_trainsize7000_subopt_2_1.0/model_230.pt

lr: 0.0002, weight_decay: 0.001, num_epochs: 300

Epoch 1/300, Loss: 23.5511, Obj: 23.4833, Eq Viol (l1): 0.000089, Ineq Viol (l1): 0.000000, Epoch time: 6.09s

Running validation at epoch 0...

VALIDATION_EPOCH_0 EVALUATION RESULTS:
==================================================
Objective Value:     2.315487e+01
True Objective:      -2.413704e+00
Optimality Gap:      4.071347e+01 ± 1.290477e+01
Eq Violation l1:   1.323909e-04 (max: 1.036823e-03)
Ineq Violation l1: 9.890968e-08 (max: 3.238300e-05)
Solution Distance:   2.191942e+02 ± 1.292518e+00
Merit:             2.315620e+01 ± 9.621200e-03
Avg Inference Time:  0.6070s
==================================================
Epoch 2/300, Loss: 21.9895, Obj: 21.7006, Eq Viol (l1): 0.000080, Ineq Viol (l1): 0.000000, Epoch time: 2.30s
Epoch 3/300, Loss: 21.1691, Obj: 20.6304, Eq Viol (l1): 0.000085, Ineq Viol (l1): 0.000000, Epoch time: 2.46s
Epoch 4/300, Loss: 20.4472, Obj: 20.0605, Eq Viol (l1): 0.000079, Ineq Viol (l1): 0.000000, Epoch time: 2.46s
Epoch 5/300, Loss: 19.5857, Obj: 19.2112, Eq Viol (l1): 0.000084, Ineq Viol (l1): 0.000000, Epoch time: 2.47s
Epoch 6/300, Loss: 18.8781, Obj: 18.4947, Eq Viol (l1): 0.000076, Ineq Viol (l1): 0.000000, Epoch time: 2.49s
Epoch 7/300, Loss: 17.9106, Obj: 17.4888, Eq Viol (l1): 0.000085, Ineq Viol (l1): 0.000000, Epoch time: 2.53s
Epoch 8/300, Loss: 17.0538, Obj: 16.6339, Eq Viol (l1): 0.000083, Ineq Viol (l1): 0.000000, Epoch time: 2.51s
Epoch 9/300, Loss: 16.1061, Obj: 15.6521, Eq Viol (l1): 0.000082, Ineq Viol (l1): 0.000000, Epoch time: 2.52s
Epoch 10/300, Loss: 15.0540, Obj: 14.5097, Eq Viol (l1): 0.000077, Ineq Viol (l1): 0.000000, Epoch time: 2.54s
Epoch 11/300, Loss: 13.9635, Obj: 13.4755, Eq Viol (l1): 0.000074, Ineq Viol (l1): 0.000000, Epoch time: 2.56s

Running validation at epoch 10...

VALIDATION_EPOCH_10 EVALUATION RESULTS:
==================================================
Objective Value:     1.262261e+01
True Objective:      -2.413704e+00
Optimality Gap:      2.262479e+01 ± 6.943490e+00
Eq Violation l1:   8.135950e-05 (max: 1.671293e-03)
Ineq Violation l1: 3.491703e-07 (max: 2.409953e-05)
Solution Distance:   1.667032e+02 ± 8.019795e-01
Merit:             1.262343e+01 ± 1.259042e-02
Avg Inference Time:  0.0687s
==================================================
Epoch 12/300, Loss: 12.7948, Obj: 12.2614, Eq Viol (l1): 0.000079, Ineq Viol (l1): 0.000000, Epoch time: 2.51s
Epoch 13/300, Loss: 11.2208, Obj: 10.6876, Eq Viol (l1): 0.000090, Ineq Viol (l1): 0.000000, Epoch time: 2.47s
Epoch 14/300, Loss: 10.3047, Obj: 9.6869, Eq Viol (l1): 0.000079, Ineq Viol (l1): 0.000000, Epoch time: 2.52s
Epoch 15/300, Loss: 9.8172, Obj: 9.2006, Eq Viol (l1): 0.000076, Ineq Viol (l1): 0.000000, Epoch time: 2.58s
Epoch 16/300, Loss: 9.1788, Obj: 8.6187, Eq Viol (l1): 0.000065, Ineq Viol (l1): 0.000000, Epoch time: 2.59s
Epoch 17/300, Loss: 8.3596, Obj: 7.8115, Eq Viol (l1): 0.000057, Ineq Viol (l1): 0.000000, Epoch time: 2.62s
Epoch 18/300, Loss: 7.5979, Obj: 7.0203, Eq Viol (l1): 0.000068, Ineq Viol (l1): 0.000000, Epoch time: 2.61s
Epoch 19/300, Loss: 6.3919, Obj: 5.7193, Eq Viol (l1): 0.000064, Ineq Viol (l1): 0.000000, Epoch time: 2.64s
Epoch 20/300, Loss: 4.5053, Obj: 3.7049, Eq Viol (l1): 0.000044, Ineq Viol (l1): 0.000000, Epoch time: 2.71s
Epoch 21/300, Loss: 2.6509, Obj: 1.9478, Eq Viol (l1): 0.000064, Ineq Viol (l1): 0.000000, Epoch time: 2.61s

Running validation at epoch 20...

VALIDATION_EPOCH_20 EVALUATION RESULTS:
==================================================
Objective Value:     1.197741e+00
True Objective:      -2.413704e+00
Optimality Gap:      2.807716e+00 ± 5.255213e-01
Eq Violation l1:   6.995983e-05 (max: 1.769051e-03)
Ineq Violation l1: 4.125096e-07 (max: 5.458081e-05)
Solution Distance:   1.129030e+02 ± 1.068685e+00
Merit:             1.198445e+00 ± 2.157382e-02
Avg Inference Time:  0.0725s
==================================================
Epoch 22/300, Loss: 1.9582, Obj: 1.2968, Eq Viol (l1): 0.000059, Ineq Viol (l1): 0.000000, Epoch time: 2.62s
Epoch 23/300, Loss: 1.8166, Obj: 1.1481, Eq Viol (l1): 0.000054, Ineq Viol (l1): 0.000000, Epoch time: 2.63s
Epoch 24/300, Loss: 1.7249, Obj: 1.1133, Eq Viol (l1): 0.000058, Ineq Viol (l1): 0.000000, Epoch time: 2.62s
Epoch 25/300, Loss: 1.6086, Obj: 1.0597, Eq Viol (l1): 0.000054, Ineq Viol (l1): 0.000000, Epoch time: 2.61s
Epoch 26/300, Loss: 1.5893, Obj: 0.9529, Eq Viol (l1): 0.000057, Ineq Viol (l1): 0.000000, Epoch time: 2.64s
Epoch 27/300, Loss: 1.4214, Obj: 0.8868, Eq Viol (l1): 0.000053, Ineq Viol (l1): 0.000000, Epoch time: 2.63s
Epoch 28/300, Loss: 1.4854, Obj: 0.8804, Eq Viol (l1): 0.000051, Ineq Viol (l1): 0.000000, Epoch time: 2.64s
Epoch 29/300, Loss: 1.3488, Obj: 0.7763, Eq Viol (l1): 0.000052, Ineq Viol (l1): 0.000000, Epoch time: 2.65s
Epoch 30/300, Loss: 1.4089, Obj: 0.8817, Eq Viol (l1): 0.000057, Ineq Viol (l1): 0.000000, Epoch time: 2.60s
Epoch 31/300, Loss: 1.4848, Obj: 0.7838, Eq Viol (l1): 0.000063, Ineq Viol (l1): 0.000000, Epoch time: 2.60s

Running validation at epoch 30...

VALIDATION_EPOCH_30 EVALUATION RESULTS:
==================================================
Objective Value:     6.755422e-01
True Objective:      -2.413704e+00
Optimality Gap:      1.838195e+00 ± 2.772061e-01
Eq Violation l1:   3.114173e-05 (max: 2.732296e-03)
Ineq Violation l1: 1.469494e-07 (max: 4.313499e-05)
Solution Distance:   1.078357e+02 ± 1.445792e+00
Merit:             6.758551e-01 ± 8.492519e-03
Avg Inference Time:  0.0736s
==================================================
Epoch 32/300, Loss: 1.3205, Obj: 0.7853, Eq Viol (l1): 0.000053, Ineq Viol (l1): 0.000000, Epoch time: 2.72s
Epoch 33/300, Loss: 1.3029, Obj: 0.6896, Eq Viol (l1): 0.000067, Ineq Viol (l1): 0.000000, Epoch time: 2.61s
Epoch 34/300, Loss: 1.0498, Obj: 0.6048, Eq Viol (l1): 0.000065, Ineq Viol (l1): 0.000000, Epoch time: 2.60s
Epoch 35/300, Loss: 1.0113, Obj: 0.5678, Eq Viol (l1): 0.000067, Ineq Viol (l1): 0.000000, Epoch time: 2.59s
Epoch 36/300, Loss: 1.0731, Obj: 0.5665, Eq Viol (l1): 0.000059, Ineq Viol (l1): 0.000000, Epoch time: 2.61s
Epoch 37/300, Loss: 1.0262, Obj: 0.5415, Eq Viol (l1): 0.000073, Ineq Viol (l1): 0.000000, Epoch time: 2.58s
Epoch 38/300, Loss: 0.9951, Obj: 0.5056, Eq Viol (l1): 0.000070, Ineq Viol (l1): 0.000000, Epoch time: 2.59s
Epoch 39/300, Loss: 0.9082, Obj: 0.4268, Eq Viol (l1): 0.000077, Ineq Viol (l1): 0.000000, Epoch time: 2.58s
Epoch 40/300, Loss: 1.2260, Obj: 0.5860, Eq Viol (l1): 0.000075, Ineq Viol (l1): 0.000000, Epoch time: 2.52s
Epoch 41/300, Loss: 0.8562, Obj: 0.3880, Eq Viol (l1): 0.000082, Ineq Viol (l1): 0.000000, Epoch time: 2.56s

Running validation at epoch 40...

VALIDATION_EPOCH_40 EVALUATION RESULTS:
==================================================
Objective Value:     2.414125e-01
True Objective:      -2.413704e+00
Optimality Gap:      1.057368e+00 ± 2.556612e-02
Eq Violation l1:   7.417608e-05 (max: 1.601936e-03)
Ineq Violation l1: 3.915593e-07 (max: 3.027876e-05)
Solution Distance:   1.053069e+02 ± 1.527078e+00
Merit:             2.421582e-01 ± 2.855712e-02
Avg Inference Time:  0.0696s
==================================================
Epoch 42/300, Loss: 0.7819, Obj: 0.3715, Eq Viol (l1): 0.000071, Ineq Viol (l1): 0.000000, Epoch time: 2.57s
Epoch 43/300, Loss: 0.9311, Obj: 0.4487, Eq Viol (l1): 0.000071, Ineq Viol (l1): 0.000000, Epoch time: 2.56s
Epoch 44/300, Loss: 0.8823, Obj: 0.3926, Eq Viol (l1): 0.000070, Ineq Viol (l1): 0.000000, Epoch time: 2.56s
Epoch 45/300, Loss: 0.7094, Obj: 0.3017, Eq Viol (l1): 0.000073, Ineq Viol (l1): 0.000000, Epoch time: 2.56s
Epoch 46/300, Loss: 0.5924, Obj: 0.2186, Eq Viol (l1): 0.000076, Ineq Viol (l1): 0.000000, Epoch time: 2.55s
Epoch 47/300, Loss: 0.5829, Obj: 0.2074, Eq Viol (l1): 0.000077, Ineq Viol (l1): 0.000000, Epoch time: 2.54s
Epoch 48/300, Loss: 0.5345, Obj: 0.1585, Eq Viol (l1): 0.000080, Ineq Viol (l1): 0.000000, Epoch time: 2.54s
Epoch 49/300, Loss: 0.5477, Obj: 0.1529, Eq Viol (l1): 0.000078, Ineq Viol (l1): 0.000000, Epoch time: 2.55s
Epoch 50/300, Loss: 0.5363, Obj: 0.1232, Eq Viol (l1): 0.000082, Ineq Viol (l1): 0.000000, Epoch time: 2.53s
Epoch 51/300, Loss: 0.4900, Obj: 0.0992, Eq Viol (l1): 0.000072, Ineq Viol (l1): 0.000000, Epoch time: 2.56s

Running validation at epoch 50...

VALIDATION_EPOCH_50 EVALUATION RESULTS:
==================================================
Objective Value:     -2.967707e-02
True Objective:      -2.413704e+00
Optimality Gap:      5.585854e-01 ± 1.201199e-01
Eq Violation l1:   7.861677e-05 (max: 1.002778e-03)
Ineq Violation l1: 6.161990e-07 (max: 8.348014e-05)
Solution Distance:   1.035978e+02 ± 1.564372e+00
Merit:             -2.888474e-02 ± 4.582052e-02
Avg Inference Time:  0.0672s
==================================================
Epoch 52/300, Loss: 0.4939, Obj: 0.0929, Eq Viol (l1): 0.000080, Ineq Viol (l1): 0.000000, Epoch time: 2.53s
Epoch 53/300, Loss: 0.4557, Obj: 0.0478, Eq Viol (l1): 0.000081, Ineq Viol (l1): 0.000000, Epoch time: 2.54s
Epoch 54/300, Loss: 0.4734, Obj: 0.0688, Eq Viol (l1): 0.000077, Ineq Viol (l1): 0.000001, Epoch time: 2.54s
Epoch 55/300, Loss: 0.4454, Obj: -0.0109, Eq Viol (l1): 0.000078, Ineq Viol (l1): 0.000000, Epoch time: 2.56s
Epoch 56/300, Loss: 0.3947, Obj: -0.0480, Eq Viol (l1): 0.000080, Ineq Viol (l1): 0.000001, Epoch time: 2.57s
Epoch 57/300, Loss: 0.3212, Obj: -0.1228, Eq Viol (l1): 0.000078, Ineq Viol (l1): 0.000000, Epoch time: 2.58s
Epoch 58/300, Loss: 0.2397, Obj: -0.2414, Eq Viol (l1): 0.000075, Ineq Viol (l1): 0.000001, Epoch time: 2.60s
Epoch 59/300, Loss: 0.1120, Obj: -0.3917, Eq Viol (l1): 0.000066, Ineq Viol (l1): 0.000000, Epoch time: 2.62s
Epoch 60/300, Loss: 0.0091, Obj: -0.5584, Eq Viol (l1): 0.000063, Ineq Viol (l1): 0.000001, Epoch time: 2.65s
Epoch 61/300, Loss: -0.1508, Obj: -0.7722, Eq Viol (l1): 0.000054, Ineq Viol (l1): 0.000001, Epoch time: 2.66s

Running validation at epoch 60...

VALIDATION_EPOCH_60 EVALUATION RESULTS:
==================================================
Objective Value:     -9.344880e-01
True Objective:      -2.413704e+00
Optimality Gap:      -8.636764e-01 ± 7.055622e-01
Eq Violation l1:   5.187672e-05 (max: 1.199522e-03)
Ineq Violation l1: 4.602974e-07 (max: 5.657319e-05)
Solution Distance:   9.101242e+01 ± 1.359873e+00
Merit:             -9.339647e-01 ± 4.083895e-02
Avg Inference Time:  0.0750s
==================================================
Epoch 62/300, Loss: -0.2478, Obj: -0.9000, Eq Viol (l1): 0.000059, Ineq Viol (l1): 0.000001, Epoch time: 2.65s
Epoch 63/300, Loss: -0.3963, Obj: -1.0433, Eq Viol (l1): 0.000063, Ineq Viol (l1): 0.000001, Epoch time: 2.65s
Epoch 64/300, Loss: -0.3140, Obj: -1.0908, Eq Viol (l1): 0.000061, Ineq Viol (l1): 0.000001, Epoch time: 2.67s
Epoch 65/300, Loss: -0.5682, Obj: -1.2547, Eq Viol (l1): 0.000067, Ineq Viol (l1): 0.000001, Epoch time: 2.67s
Epoch 66/300, Loss: -0.5028, Obj: -1.3661, Eq Viol (l1): 0.000061, Ineq Viol (l1): 0.000001, Epoch time: 2.78s
Epoch 67/300, Loss: -0.7447, Obj: -1.5468, Eq Viol (l1): 0.000045, Ineq Viol (l1): 0.000001, Epoch time: 2.71s
Epoch 68/300, Loss: -0.5578, Obj: -1.5448, Eq Viol (l1): 0.000035, Ineq Viol (l1): 0.000000, Epoch time: 2.75s
Epoch 69/300, Loss: -0.3707, Obj: -1.6328, Eq Viol (l1): 0.000042, Ineq Viol (l1): 0.000000, Epoch time: 2.77s
Epoch 70/300, Loss: -0.4955, Obj: -1.5456, Eq Viol (l1): 0.000032, Ineq Viol (l1): 0.000000, Epoch time: 2.81s
Epoch 71/300, Loss: -0.3538, Obj: -1.5936, Eq Viol (l1): 0.000031, Ineq Viol (l1): 0.000000, Epoch time: 2.82s

Running validation at epoch 70...

VALIDATION_EPOCH_70 EVALUATION RESULTS:
==================================================
Objective Value:     -2.039955e+00
True Objective:      -2.413704e+00
Optimality Gap:      -3.014162e+00 ± 1.518122e+00
Eq Violation l1:   1.946639e-05 (max: 2.880457e-03)
Ineq Violation l1: 2.522459e-07 (max: 6.790127e-05)
Solution Distance:   8.727738e+01 ± 1.713920e+00
Merit:             -2.039758e+00 ± 3.228626e-02
Avg Inference Time:  0.0899s
==================================================
Epoch 72/300, Loss: -0.3828, Obj: -1.8841, Eq Viol (l1): 0.000029, Ineq Viol (l1): 0.000000, Epoch time: 2.86s
Epoch 73/300, Loss: -0.7772, Obj: -1.9309, Eq Viol (l1): 0.000023, Ineq Viol (l1): 0.000000, Epoch time: 2.84s
Epoch 74/300, Loss: -1.1398, Obj: -2.1931, Eq Viol (l1): 0.000024, Ineq Viol (l1): 0.000000, Epoch time: 2.87s
Epoch 75/300, Loss: -0.8851, Obj: -1.9805, Eq Viol (l1): 0.000024, Ineq Viol (l1): 0.000000, Epoch time: 2.85s
Epoch 76/300, Loss: -0.5277, Obj: -1.8377, Eq Viol (l1): 0.000029, Ineq Viol (l1): 0.000000, Epoch time: 2.87s
Epoch 77/300, Loss: -0.5242, Obj: -1.8163, Eq Viol (l1): 0.000021, Ineq Viol (l1): 0.000000, Epoch time: 2.90s
Epoch 78/300, Loss: -0.2710, Obj: -1.7986, Eq Viol (l1): 0.000023, Ineq Viol (l1): 0.000001, Epoch time: 2.93s
Epoch 79/300, Loss: 0.3019, Obj: -1.5000, Eq Viol (l1): 0.000026, Ineq Viol (l1): 0.000000, Epoch time: 2.91s
Epoch 80/300, Loss: -0.4673, Obj: -2.0752, Eq Viol (l1): 0.000023, Ineq Viol (l1): 0.000000, Epoch time: 2.92s
Epoch 81/300, Loss: -0.0393, Obj: -2.0522, Eq Viol (l1): 0.000031, Ineq Viol (l1): 0.000000, Epoch time: 2.86s

Running validation at epoch 80...

VALIDATION_EPOCH_80 EVALUATION RESULTS:
==================================================
Objective Value:     -2.187711e+00
True Objective:      -2.413704e+00
Optimality Gap:      -3.222630e+00 ± 1.400065e+00
Eq Violation l1:   1.957982e-05 (max: 2.506807e-03)
Ineq Violation l1: 1.351840e-07 (max: 4.138459e-05)
Solution Distance:   8.846017e+01 ± 1.715327e+00
Merit:             -2.187514e+00 ± 2.379812e-02
Avg Inference Time:  0.0898s
==================================================
Epoch 82/300, Loss: -0.4444, Obj: -1.9418, Eq Viol (l1): 0.000027, Ineq Viol (l1): 0.000000, Epoch time: 2.91s
Epoch 83/300, Loss: -0.0325, Obj: -1.7344, Eq Viol (l1): 0.000032, Ineq Viol (l1): 0.000001, Epoch time: 2.90s
Epoch 84/300, Loss: 0.1679, Obj: -1.5701, Eq Viol (l1): 0.000021, Ineq Viol (l1): 0.000000, Epoch time: 2.92s
Epoch 85/300, Loss: -0.4617, Obj: -1.6608, Eq Viol (l1): 0.000025, Ineq Viol (l1): 0.000000, Epoch time: 2.85s
Epoch 86/300, Loss: -1.1378, Obj: -2.2317, Eq Viol (l1): 0.000024, Ineq Viol (l1): 0.000000, Epoch time: 2.86s
Epoch 87/300, Loss: -1.1482, Obj: -2.1047, Eq Viol (l1): 0.000032, Ineq Viol (l1): 0.000000, Epoch time: 2.83s
Epoch 88/300, Loss: -0.8186, Obj: -2.1081, Eq Viol (l1): 0.000027, Ineq Viol (l1): 0.000000, Epoch time: 2.88s
Epoch 89/300, Loss: -0.5841, Obj: -1.7327, Eq Viol (l1): 0.000020, Ineq Viol (l1): 0.000000, Epoch time: 2.90s
Epoch 90/300, Loss: -1.0138, Obj: -2.3871, Eq Viol (l1): 0.000029, Ineq Viol (l1): 0.000000, Epoch time: 2.85s
Epoch 91/300, Loss: -0.6385, Obj: -1.7268, Eq Viol (l1): 0.000022, Ineq Viol (l1): 0.000000, Epoch time: 2.92s

Running validation at epoch 90...

VALIDATION_EPOCH_90 EVALUATION RESULTS:
==================================================
Objective Value:     -2.415466e+00
True Objective:      -2.413704e+00
Optimality Gap:      -3.651873e+00 ± 1.495912e+00
Eq Violation l1:   1.160892e-05 (max: 2.927659e-03)
Ineq Violation l1: 2.768552e-07 (max: 1.293301e-04)
Solution Distance:   8.758800e+01 ± 1.772663e+00
Merit:             -2.415347e+00 ± 3.793471e-02
Avg Inference Time:  0.0999s
==================================================
Epoch 92/300, Loss: -0.5455, Obj: -2.0134, Eq Viol (l1): 0.000033, Ineq Viol (l1): 0.000001, Epoch time: 2.87s
Epoch 93/300, Loss: -0.8710, Obj: -2.0334, Eq Viol (l1): 0.000030, Ineq Viol (l1): 0.000000, Epoch time: 2.87s
Epoch 94/300, Loss: -0.9838, Obj: -2.1247, Eq Viol (l1): 0.000023, Ineq Viol (l1): 0.000000, Epoch time: 2.85s
Epoch 95/300, Loss: -1.1049, Obj: -2.1850, Eq Viol (l1): 0.000024, Ineq Viol (l1): 0.000000, Epoch time: 2.88s
Epoch 96/300, Loss: -1.2399, Obj: -2.2987, Eq Viol (l1): 0.000024, Ineq Viol (l1): 0.000000, Epoch time: 2.89s
Epoch 97/300, Loss: -0.8809, Obj: -2.1711, Eq Viol (l1): 0.000030, Ineq Viol (l1): 0.000000, Epoch time: 2.86s
Epoch 98/300, Loss: -1.1815, Obj: -2.2585, Eq Viol (l1): 0.000025, Ineq Viol (l1): 0.000000, Epoch time: 2.85s
Epoch 99/300, Loss: -1.1007, Obj: -2.4650, Eq Viol (l1): 0.000027, Ineq Viol (l1): 0.000000, Epoch time: 2.99s
Epoch 100/300, Loss: -1.0764, Obj: -2.2343, Eq Viol (l1): 0.000020, Ineq Viol (l1): 0.000000, Epoch time: 2.90s
Epoch 101/300, Loss: -1.3642, Obj: -2.3125, Eq Viol (l1): 0.000030, Ineq Viol (l1): 0.000000, Epoch time: 2.85s

Running validation at epoch 100...

VALIDATION_EPOCH_100 EVALUATION RESULTS:
==================================================
Objective Value:     -2.117925e+00
True Objective:      -2.413704e+00
Optimality Gap:      -3.120316e+00 ± 1.429224e+00
Eq Violation l1:   1.295223e-05 (max: 3.438076e-03)
Ineq Violation l1: 1.856114e-07 (max: 8.719957e-05)
Solution Distance:   9.157039e+01 ± 1.665765e+00
Merit:             -2.117794e+00 ± 2.315326e-02
Avg Inference Time:  0.0942s
==================================================
Epoch 102/300, Loss: -1.1437, Obj: -2.1552, Eq Viol (l1): 0.000026, Ineq Viol (l1): 0.000000, Epoch time: 2.83s
Epoch 103/300, Loss: -1.4564, Obj: -2.3280, Eq Viol (l1): 0.000027, Ineq Viol (l1): 0.000000, Epoch time: 2.78s
Epoch 104/300, Loss: -1.2323, Obj: -2.2672, Eq Viol (l1): 0.000029, Ineq Viol (l1): 0.000000, Epoch time: 2.80s
Epoch 105/300, Loss: -1.7327, Obj: -2.5310, Eq Viol (l1): 0.000032, Ineq Viol (l1): 0.000000, Epoch time: 2.79s
Epoch 106/300, Loss: -1.7836, Obj: -2.5160, Eq Viol (l1): 0.000025, Ineq Viol (l1): 0.000000, Epoch time: 2.83s
Epoch 107/300, Loss: -1.8284, Obj: -2.5635, Eq Viol (l1): 0.000033, Ineq Viol (l1): 0.000000, Epoch time: 2.79s
Epoch 108/300, Loss: -1.4022, Obj: -2.3365, Eq Viol (l1): 0.000025, Ineq Viol (l1): 0.000000, Epoch time: 2.85s
Epoch 109/300, Loss: -1.2273, Obj: -2.2562, Eq Viol (l1): 0.000025, Ineq Viol (l1): 0.000000, Epoch time: 2.86s
Epoch 110/300, Loss: -1.3141, Obj: -2.3375, Eq Viol (l1): 0.000029, Ineq Viol (l1): 0.000000, Epoch time: 2.80s
Epoch 111/300, Loss: -0.9112, Obj: -2.3043, Eq Viol (l1): 0.000031, Ineq Viol (l1): 0.000000, Epoch time: 2.84s

Running validation at epoch 110...

VALIDATION_EPOCH_110 EVALUATION RESULTS:
==================================================
Objective Value:     -1.868883e+00
True Objective:      -2.413704e+00
Optimality Gap:      -2.458313e+00 ± 8.993807e-01
Eq Violation l1:   9.052679e-06 (max: 2.320819e-03)
Ineq Violation l1: 2.180555e-07 (max: 1.055585e-04)
Solution Distance:   9.387343e+01 ± 1.726586e+00
Merit:             -1.868790e+00 ± 1.514524e-02
Avg Inference Time:  0.0952s
==================================================
Epoch 112/300, Loss: -1.5103, Obj: -2.2730, Eq Viol (l1): 0.000035, Ineq Viol (l1): 0.000002, Epoch time: 2.82s
Epoch 113/300, Loss: -1.4215, Obj: -2.5406, Eq Viol (l1): 0.000055, Ineq Viol (l1): 0.000005, Epoch time: 2.85s
Epoch 114/300, Loss: -1.7440, Obj: -2.6115, Eq Viol (l1): 0.000063, Ineq Viol (l1): 0.000007, Epoch time: 2.82s
Epoch 115/300, Loss: -1.9868, Obj: -2.6431, Eq Viol (l1): 0.000064, Ineq Viol (l1): 0.000006, Epoch time: 2.80s
Epoch 116/300, Loss: -2.0851, Obj: -2.7169, Eq Viol (l1): 0.000047, Ineq Viol (l1): 0.000002, Epoch time: 2.78s
Epoch 117/300, Loss: -1.7655, Obj: -2.4636, Eq Viol (l1): 0.000054, Ineq Viol (l1): 0.000004, Epoch time: 2.78s
Epoch 118/300, Loss: -1.3230, Obj: -2.4537, Eq Viol (l1): 0.000048, Ineq Viol (l1): 0.000005, Epoch time: 2.84s
Epoch 119/300, Loss: -1.6151, Obj: -2.4285, Eq Viol (l1): 0.000089, Ineq Viol (l1): 0.000013, Epoch time: 2.81s
Epoch 120/300, Loss: -1.8616, Obj: -2.5977, Eq Viol (l1): 0.000029, Ineq Viol (l1): 0.000001, Epoch time: 2.80s
Epoch 121/300, Loss: -2.1959, Obj: -2.7937, Eq Viol (l1): 0.000034, Ineq Viol (l1): 0.000001, Epoch time: 2.83s

Running validation at epoch 120...

VALIDATION_EPOCH_120 EVALUATION RESULTS:
==================================================
Objective Value:     -2.880924e+00
True Objective:      -2.413704e+00
Optimality Gap:      -4.401341e+00 ± 1.753145e+00
Eq Violation l1:   1.942720e-05 (max: 2.673454e-03)
Ineq Violation l1: 3.110165e-07 (max: 1.060260e-04)
Solution Distance:   9.434105e+01 ± 1.708573e+00
Merit:             -2.880727e+00 ± 2.163161e-02
Avg Inference Time:  0.0865s
==================================================
Epoch 122/300, Loss: -2.0076, Obj: -2.6498, Eq Viol (l1): 0.000031, Ineq Viol (l1): 0.000000, Epoch time: 2.78s
Epoch 123/300, Loss: -2.1569, Obj: -2.7421, Eq Viol (l1): 0.000035, Ineq Viol (l1): 0.000000, Epoch time: 2.76s
Epoch 124/300, Loss: -2.2731, Obj: -2.8317, Eq Viol (l1): 0.000032, Ineq Viol (l1): 0.000000, Epoch time: 2.76s
Epoch 125/300, Loss: -2.1390, Obj: -2.7698, Eq Viol (l1): 0.000024, Ineq Viol (l1): 0.000000, Epoch time: 2.78s
Epoch 126/300, Loss: -2.2229, Obj: -2.7951, Eq Viol (l1): 0.000030, Ineq Viol (l1): 0.000000, Epoch time: 2.77s
Epoch 127/300, Loss: -2.3293, Obj: -2.8462, Eq Viol (l1): 0.000027, Ineq Viol (l1): 0.000000, Epoch time: 2.75s
Epoch 128/300, Loss: -2.3766, Obj: -2.9070, Eq Viol (l1): 0.000027, Ineq Viol (l1): 0.000000, Epoch time: 2.76s
Epoch 129/300, Loss: -2.3082, Obj: -2.8665, Eq Viol (l1): 0.000035, Ineq Viol (l1): 0.000000, Epoch time: 2.71s
Epoch 130/300, Loss: -2.3836, Obj: -2.9183, Eq Viol (l1): 0.000044, Ineq Viol (l1): 0.000000, Epoch time: 2.69s
Epoch 131/300, Loss: -2.4993, Obj: -2.9872, Eq Viol (l1): 0.000043, Ineq Viol (l1): 0.000000, Epoch time: 2.65s

Running validation at epoch 130...

VALIDATION_EPOCH_130 EVALUATION RESULTS:
==================================================
Objective Value:     -3.114398e+00
True Objective:      -2.413704e+00
Optimality Gap:      -4.948587e+00 ± 1.967641e+00
Eq Violation l1:   4.252632e-05 (max: 2.075077e-03)
Ineq Violation l1: 4.462195e-07 (max: 1.121892e-04)
Solution Distance:   1.009684e+02 ± 1.661470e+00
Merit:             -3.113968e+00 ± 4.623269e-03
Avg Inference Time:  0.0762s
==================================================
Epoch 132/300, Loss: -2.5485, Obj: -3.0011, Eq Viol (l1): 0.000040, Ineq Viol (l1): 0.000000, Epoch time: 2.77s
Epoch 133/300, Loss: -2.5510, Obj: -3.0576, Eq Viol (l1): 0.000057, Ineq Viol (l1): 0.000000, Epoch time: 2.64s
Epoch 134/300, Loss: -2.6290, Obj: -3.1284, Eq Viol (l1): 0.000054, Ineq Viol (l1): 0.000000, Epoch time: 2.61s
Epoch 135/300, Loss: -2.6822, Obj: -3.1411, Eq Viol (l1): 0.000053, Ineq Viol (l1): 0.000000, Epoch time: 2.61s
Epoch 136/300, Loss: -2.7769, Obj: -3.2261, Eq Viol (l1): 0.000055, Ineq Viol (l1): 0.000000, Epoch time: 2.62s
Epoch 137/300, Loss: -2.7906, Obj: -3.2303, Eq Viol (l1): 0.000054, Ineq Viol (l1): 0.000000, Epoch time: 2.61s
Epoch 138/300, Loss: -2.8426, Obj: -3.2627, Eq Viol (l1): 0.000064, Ineq Viol (l1): 0.000000, Epoch time: 2.59s
Epoch 139/300, Loss: -2.8005, Obj: -3.2803, Eq Viol (l1): 0.000062, Ineq Viol (l1): 0.000000, Epoch time: 2.61s
Epoch 140/300, Loss: -2.7733, Obj: -3.2999, Eq Viol (l1): 0.000067, Ineq Viol (l1): 0.000000, Epoch time: 2.61s
Epoch 141/300, Loss: -2.9025, Obj: -3.3296, Eq Viol (l1): 0.000058, Ineq Viol (l1): 0.000000, Epoch time: 2.62s

Running validation at epoch 140...

VALIDATION_EPOCH_140 EVALUATION RESULTS:
==================================================
Objective Value:     -3.350049e+00
True Objective:      -2.413704e+00
Optimality Gap:      -5.230170e+00 ± 2.150115e+00
Eq Violation l1:   4.380614e-05 (max: 1.616665e-03)
Ineq Violation l1: 3.867459e-07 (max: 6.115026e-05)
Solution Distance:   1.076239e+02 ± 1.626393e+00
Merit:             -3.349607e+00 ± 1.650311e-02
Avg Inference Time:  0.0711s
==================================================
Epoch 142/300, Loss: -2.9815, Obj: -3.3563, Eq Viol (l1): 0.000064, Ineq Viol (l1): 0.000000, Epoch time: 2.61s
Epoch 143/300, Loss: -2.9275, Obj: -3.4176, Eq Viol (l1): 0.000070, Ineq Viol (l1): 0.000000, Epoch time: 2.61s
Epoch 144/300, Loss: -2.9972, Obj: -3.4190, Eq Viol (l1): 0.000064, Ineq Viol (l1): 0.000000, Epoch time: 2.60s
Epoch 145/300, Loss: -3.0421, Obj: -3.4228, Eq Viol (l1): 0.000069, Ineq Viol (l1): 0.000000, Epoch time: 2.60s
Epoch 146/300, Loss: -3.0269, Obj: -3.4196, Eq Viol (l1): 0.000065, Ineq Viol (l1): 0.000000, Epoch time: 2.61s
Epoch 147/300, Loss: -2.9940, Obj: -3.4328, Eq Viol (l1): 0.000071, Ineq Viol (l1): 0.000000, Epoch time: 2.60s
Epoch 148/300, Loss: -3.0293, Obj: -3.4200, Eq Viol (l1): 0.000070, Ineq Viol (l1): 0.000000, Epoch time: 2.60s
Epoch 149/300, Loss: -3.0237, Obj: -3.4383, Eq Viol (l1): 0.000064, Ineq Viol (l1): 0.000000, Epoch time: 2.61s
Epoch 150/300, Loss: -3.0450, Obj: -3.4375, Eq Viol (l1): 0.000068, Ineq Viol (l1): 0.000000, Epoch time: 2.60s
Epoch 151/300, Loss: -2.9920, Obj: -3.4193, Eq Viol (l1): 0.000061, Ineq Viol (l1): 0.000000, Epoch time: 2.62s

Running validation at epoch 150...

VALIDATION_EPOCH_150 EVALUATION RESULTS:
==================================================
Objective Value:     -3.622270e+00
True Objective:      -2.413704e+00
Optimality Gap:      -5.639056e+00 ± 2.234741e+00
Eq Violation l1:   7.534372e-05 (max: 1.036000e-03)
Ineq Violation l1: 4.016557e-07 (max: 4.477662e-05)
Solution Distance:   1.085074e+02 ± 1.512985e+00
Merit:             -3.621513e+00 ± 3.713316e-02
Avg Inference Time:  0.0724s
==================================================
Epoch 152/300, Loss: -3.0005, Obj: -3.4267, Eq Viol (l1): 0.000068, Ineq Viol (l1): 0.000000, Epoch time: 2.61s
Epoch 153/300, Loss: -3.0987, Obj: -3.4758, Eq Viol (l1): 0.000061, Ineq Viol (l1): 0.000000, Epoch time: 2.62s
Epoch 154/300, Loss: -3.0935, Obj: -3.4764, Eq Viol (l1): 0.000064, Ineq Viol (l1): 0.000000, Epoch time: 2.61s
Epoch 155/300, Loss: -3.0640, Obj: -3.4626, Eq Viol (l1): 0.000064, Ineq Viol (l1): 0.000000, Epoch time: 2.61s
Epoch 156/300, Loss: -3.0659, Obj: -3.4643, Eq Viol (l1): 0.000064, Ineq Viol (l1): 0.000000, Epoch time: 2.62s
Epoch 157/300, Loss: -3.0217, Obj: -3.4497, Eq Viol (l1): 0.000059, Ineq Viol (l1): 0.000000, Epoch time: 2.62s
Epoch 158/300, Loss: -3.0622, Obj: -3.4840, Eq Viol (l1): 0.000060, Ineq Viol (l1): 0.000000, Epoch time: 2.63s
Epoch 159/300, Loss: -3.0707, Obj: -3.4628, Eq Viol (l1): 0.000064, Ineq Viol (l1): 0.000000, Epoch time: 2.62s
Epoch 160/300, Loss: -3.0146, Obj: -3.4267, Eq Viol (l1): 0.000068, Ineq Viol (l1): 0.000000, Epoch time: 2.61s
Epoch 161/300, Loss: -2.9659, Obj: -3.4261, Eq Viol (l1): 0.000059, Ineq Viol (l1): 0.000000, Epoch time: 2.62s

Running validation at epoch 160...

VALIDATION_EPOCH_160 EVALUATION RESULTS:
==================================================
Objective Value:     -3.609559e+00
True Objective:      -2.413704e+00
Optimality Gap:      -5.675302e+00 ± 2.260670e+00
Eq Violation l1:   6.393501e-05 (max: 1.364133e-03)
Ineq Violation l1: 3.704035e-07 (max: 3.759656e-05)
Solution Distance:   1.087911e+02 ± 1.507229e+00
Merit:             -3.608916e+00 ± 2.043296e-02
Avg Inference Time:  0.0723s
==================================================
Epoch 162/300, Loss: -3.0890, Obj: -3.4843, Eq Viol (l1): 0.000061, Ineq Viol (l1): 0.000000, Epoch time: 2.62s
Epoch 163/300, Loss: -3.1173, Obj: -3.4985, Eq Viol (l1): 0.000064, Ineq Viol (l1): 0.000001, Epoch time: 2.62s
Epoch 164/300, Loss: -3.1337, Obj: -3.5003, Eq Viol (l1): 0.000057, Ineq Viol (l1): 0.000000, Epoch time: 2.63s
Epoch 165/300, Loss: -3.1863, Obj: -3.5317, Eq Viol (l1): 0.000055, Ineq Viol (l1): 0.000000, Epoch time: 2.63s
Epoch 166/300, Loss: -3.1642, Obj: -3.5390, Eq Viol (l1): 0.000059, Ineq Viol (l1): 0.000000, Epoch time: 2.72s
Epoch 167/300, Loss: -3.1670, Obj: -3.5419, Eq Viol (l1): 0.000052, Ineq Viol (l1): 0.000000, Epoch time: 2.65s
Epoch 168/300, Loss: -3.0376, Obj: -3.5160, Eq Viol (l1): 0.000073, Ineq Viol (l1): 0.000000, Epoch time: 2.61s
Epoch 169/300, Loss: -2.9765, Obj: -3.4402, Eq Viol (l1): 0.000062, Ineq Viol (l1): 0.000000, Epoch time: 2.62s
Epoch 170/300, Loss: -2.9279, Obj: -3.3959, Eq Viol (l1): 0.000059, Ineq Viol (l1): 0.000000, Epoch time: 2.63s
Epoch 171/300, Loss: -3.0704, Obj: -3.5104, Eq Viol (l1): 0.000057, Ineq Viol (l1): 0.000000, Epoch time: 2.65s

Running validation at epoch 170...

VALIDATION_EPOCH_170 EVALUATION RESULTS:
==================================================
Objective Value:     -3.431629e+00
True Objective:      -2.413704e+00
Optimality Gap:      -5.279205e+00 ± 2.111507e+00
Eq Violation l1:   3.733984e-05 (max: 2.246727e-03)
Ineq Violation l1: 2.783640e-07 (max: 7.357412e-05)
Solution Distance:   1.097632e+02 ± 1.401773e+00
Merit:             -3.431252e+00 ± 3.016126e-02
Avg Inference Time:  0.0721s
==================================================
Epoch 172/300, Loss: -3.0387, Obj: -3.4747, Eq Viol (l1): 0.000055, Ineq Viol (l1): 0.000000, Epoch time: 2.64s
Epoch 173/300, Loss: -2.9846, Obj: -3.4717, Eq Viol (l1): 0.000056, Ineq Viol (l1): 0.000000, Epoch time: 2.64s
Epoch 174/300, Loss: -3.0980, Obj: -3.5007, Eq Viol (l1): 0.000048, Ineq Viol (l1): 0.000000, Epoch time: 2.66s
Epoch 175/300, Loss: -3.1001, Obj: -3.5069, Eq Viol (l1): 0.000054, Ineq Viol (l1): 0.000000, Epoch time: 2.65s
Epoch 176/300, Loss: -3.1343, Obj: -3.5281, Eq Viol (l1): 0.000056, Ineq Viol (l1): 0.000000, Epoch time: 2.65s
Epoch 177/300, Loss: -3.0799, Obj: -3.4990, Eq Viol (l1): 0.000059, Ineq Viol (l1): 0.000000, Epoch time: 2.63s
Epoch 178/300, Loss: -3.1578, Obj: -3.5310, Eq Viol (l1): 0.000061, Ineq Viol (l1): 0.000000, Epoch time: 2.62s
Epoch 179/300, Loss: -3.1587, Obj: -3.5154, Eq Viol (l1): 0.000057, Ineq Viol (l1): 0.000000, Epoch time: 2.62s
Epoch 180/300, Loss: -3.1652, Obj: -3.5437, Eq Viol (l1): 0.000064, Ineq Viol (l1): 0.000000, Epoch time: 2.62s
Epoch 181/300, Loss: -3.1225, Obj: -3.5237, Eq Viol (l1): 0.000060, Ineq Viol (l1): 0.000000, Epoch time: 2.63s

Running validation at epoch 180...

VALIDATION_EPOCH_180 EVALUATION RESULTS:
==================================================
Objective Value:     -3.609593e+00
True Objective:      -2.413704e+00
Optimality Gap:      -5.647275e+00 ± 2.253006e+00
Eq Violation l1:   7.431337e-05 (max: 1.222933e-03)
Ineq Violation l1: 4.057744e-07 (max: 3.583729e-05)
Solution Distance:   1.098077e+02 ± 1.427721e+00
Merit:             -3.608845e+00 ± 2.180722e-02
Avg Inference Time:  0.0711s
==================================================
Epoch 182/300, Loss: -3.1116, Obj: -3.5239, Eq Viol (l1): 0.000066, Ineq Viol (l1): 0.000000, Epoch time: 2.62s
Epoch 183/300, Loss: -3.1476, Obj: -3.5457, Eq Viol (l1): 0.000061, Ineq Viol (l1): 0.000000, Epoch time: 2.63s
Epoch 184/300, Loss: -3.1462, Obj: -3.5254, Eq Viol (l1): 0.000074, Ineq Viol (l1): 0.000001, Epoch time: 2.60s
Epoch 185/300, Loss: -3.1479, Obj: -3.4995, Eq Viol (l1): 0.000051, Ineq Viol (l1): 0.000000, Epoch time: 2.63s
Epoch 186/300, Loss: -3.1727, Obj: -3.5338, Eq Viol (l1): 0.000059, Ineq Viol (l1): 0.000000, Epoch time: 2.63s
Epoch 187/300, Loss: -3.2103, Obj: -3.5442, Eq Viol (l1): 0.000057, Ineq Viol (l1): 0.000000, Epoch time: 2.62s
Epoch 188/300, Loss: -3.1716, Obj: -3.5542, Eq Viol (l1): 0.000077, Ineq Viol (l1): 0.000000, Epoch time: 2.61s
Epoch 189/300, Loss: -3.1672, Obj: -3.5447, Eq Viol (l1): 0.000062, Ineq Viol (l1): 0.000000, Epoch time: 2.61s
Epoch 190/300, Loss: -3.0675, Obj: -3.5086, Eq Viol (l1): 0.000067, Ineq Viol (l1): 0.000000, Epoch time: 2.62s
Epoch 191/300, Loss: -3.1490, Obj: -3.5050, Eq Viol (l1): 0.000051, Ineq Viol (l1): 0.000000, Epoch time: 2.63s

Running validation at epoch 190...

VALIDATION_EPOCH_190 EVALUATION RESULTS:
==================================================
Objective Value:     -3.658487e+00
True Objective:      -2.413704e+00
Optimality Gap:      -5.764820e+00 ± 2.328042e+00
Eq Violation l1:   9.132700e-05 (max: 1.037309e-03)
Ineq Violation l1: 4.778621e-07 (max: 4.260004e-05)
Solution Distance:   1.096522e+02 ± 1.412360e+00
Merit:             -3.657569e+00 ± 2.751379e-02
Avg Inference Time:  0.0738s
==================================================
Epoch 192/300, Loss: -3.1251, Obj: -3.5226, Eq Viol (l1): 0.000059, Ineq Viol (l1): 0.000000, Epoch time: 2.63s
Epoch 193/300, Loss: -3.1729, Obj: -3.5219, Eq Viol (l1): 0.000054, Ineq Viol (l1): 0.000000, Epoch time: 2.63s
Epoch 194/300, Loss: -3.0820, Obj: -3.5231, Eq Viol (l1): 0.000057, Ineq Viol (l1): 0.000000, Epoch time: 2.64s
Epoch 195/300, Loss: -3.0999, Obj: -3.5181, Eq Viol (l1): 0.000063, Ineq Viol (l1): 0.000000, Epoch time: 2.62s
Epoch 196/300, Loss: -3.0810, Obj: -3.5607, Eq Viol (l1): 0.000057, Ineq Viol (l1): 0.000000, Epoch time: 2.65s
Epoch 197/300, Loss: -3.0739, Obj: -3.4651, Eq Viol (l1): 0.000062, Ineq Viol (l1): 0.000000, Epoch time: 2.61s
Epoch 198/300, Loss: -3.1282, Obj: -3.5294, Eq Viol (l1): 0.000064, Ineq Viol (l1): 0.000000, Epoch time: 2.63s
Epoch 199/300, Loss: -3.1768, Obj: -3.5351, Eq Viol (l1): 0.000058, Ineq Viol (l1): 0.000000, Epoch time: 2.73s
Epoch 200/300, Loss: -3.0628, Obj: -3.5097, Eq Viol (l1): 0.000063, Ineq Viol (l1): 0.000000, Epoch time: 2.64s
Epoch 201/300, Loss: -3.0728, Obj: -3.4976, Eq Viol (l1): 0.000053, Ineq Viol (l1): 0.000000, Epoch time: 2.63s

Running validation at epoch 200...

VALIDATION_EPOCH_200 EVALUATION RESULTS:
==================================================
Objective Value:     -3.553436e+00
True Objective:      -2.413704e+00
Optimality Gap:      -5.592014e+00 ± 2.286392e+00
Eq Violation l1:   2.064187e-05 (max: 1.465698e-03)
Ineq Violation l1: 1.174479e-07 (max: 1.666837e-05)
Solution Distance:   1.102025e+02 ± 1.440509e+00
Merit:             -3.553229e+00 ± 2.672392e-02
Avg Inference Time:  0.0772s
==================================================
Epoch 202/300, Loss: -3.1651, Obj: -3.5496, Eq Viol (l1): 0.000058, Ineq Viol (l1): 0.000001, Epoch time: 2.62s
Epoch 203/300, Loss: -3.1726, Obj: -3.5392, Eq Viol (l1): 0.000064, Ineq Viol (l1): 0.000001, Epoch time: 2.61s
Epoch 204/300, Loss: -3.2093, Obj: -3.5825, Eq Viol (l1): 0.000060, Ineq Viol (l1): 0.000000, Epoch time: 2.63s
Epoch 205/300, Loss: -3.1405, Obj: -3.5357, Eq Viol (l1): 0.000056, Ineq Viol (l1): 0.000000, Epoch time: 2.64s
Epoch 206/300, Loss: -3.0939, Obj: -3.5273, Eq Viol (l1): 0.000065, Ineq Viol (l1): 0.000000, Epoch time: 2.64s
Epoch 207/300, Loss: -3.1244, Obj: -3.5355, Eq Viol (l1): 0.000066, Ineq Viol (l1): 0.000000, Epoch time: 2.62s
Epoch 208/300, Loss: -3.1228, Obj: -3.5427, Eq Viol (l1): 0.000061, Ineq Viol (l1): 0.000001, Epoch time: 2.63s
Epoch 209/300, Loss: -3.0969, Obj: -3.4940, Eq Viol (l1): 0.000054, Ineq Viol (l1): 0.000000, Epoch time: 2.64s
Epoch 210/300, Loss: -3.1324, Obj: -3.5377, Eq Viol (l1): 0.000056, Ineq Viol (l1): 0.000000, Epoch time: 2.66s
Epoch 211/300, Loss: -3.1494, Obj: -3.5323, Eq Viol (l1): 0.000058, Ineq Viol (l1): 0.000001, Epoch time: 2.63s

Running validation at epoch 210...

VALIDATION_EPOCH_210 EVALUATION RESULTS:
==================================================
Objective Value:     -3.551937e+00
True Objective:      -2.413704e+00
Optimality Gap:      -5.525156e+00 ± 2.230193e+00
Eq Violation l1:   5.455292e-05 (max: 1.602066e-03)
Ineq Violation l1: 5.170191e-07 (max: 9.011654e-05)
Solution Distance:   1.104603e+02 ± 1.401280e+00
Merit:             -3.551386e+00 ± 2.469750e-02
Avg Inference Time:  0.0733s
==================================================
Epoch 212/300, Loss: -3.1800, Obj: -3.5552, Eq Viol (l1): 0.000057, Ineq Viol (l1): 0.000001, Epoch time: 2.64s
Epoch 213/300, Loss: -3.1458, Obj: -3.5237, Eq Viol (l1): 0.000061, Ineq Viol (l1): 0.000000, Epoch time: 2.63s
Epoch 214/300, Loss: -3.2101, Obj: -3.5707, Eq Viol (l1): 0.000065, Ineq Viol (l1): 0.000000, Epoch time: 2.64s
Epoch 215/300, Loss: -3.1870, Obj: -3.5571, Eq Viol (l1): 0.000065, Ineq Viol (l1): 0.000001, Epoch time: 2.62s
Epoch 216/300, Loss: -3.2261, Obj: -3.5787, Eq Viol (l1): 0.000068, Ineq Viol (l1): 0.000001, Epoch time: 2.62s
Epoch 217/300, Loss: -3.1611, Obj: -3.5451, Eq Viol (l1): 0.000061, Ineq Viol (l1): 0.000000, Epoch time: 2.63s
Epoch 218/300, Loss: -3.0414, Obj: -3.5183, Eq Viol (l1): 0.000058, Ineq Viol (l1): 0.000000, Epoch time: 2.64s
Epoch 219/300, Loss: -3.2137, Obj: -3.5542, Eq Viol (l1): 0.000049, Ineq Viol (l1): 0.000000, Epoch time: 2.65s
Epoch 220/300, Loss: -3.2115, Obj: -3.5653, Eq Viol (l1): 0.000056, Ineq Viol (l1): 0.000000, Epoch time: 2.63s
Epoch 221/300, Loss: -3.1891, Obj: -3.5662, Eq Viol (l1): 0.000060, Ineq Viol (l1): 0.000000, Epoch time: 2.63s

Running validation at epoch 220...

VALIDATION_EPOCH_220 EVALUATION RESULTS:
==================================================
Objective Value:     -3.668410e+00
True Objective:      -2.413704e+00
Optimality Gap:      -5.759080e+00 ± 2.305606e+00
Eq Violation l1:   7.281201e-05 (max: 1.453451e-03)
Ineq Violation l1: 3.798612e-07 (max: 2.649627e-05)
Solution Distance:   1.094996e+02 ± 1.392578e+00
Merit:             -3.667678e+00 ± 2.584881e-02
Avg Inference Time:  0.0724s
==================================================
Epoch 222/300, Loss: -3.1946, Obj: -3.5603, Eq Viol (l1): 0.000058, Ineq Viol (l1): 0.000000, Epoch time: 2.62s
Epoch 223/300, Loss: -3.2377, Obj: -3.5968, Eq Viol (l1): 0.000065, Ineq Viol (l1): 0.000001, Epoch time: 2.63s
Epoch 224/300, Loss: -3.1688, Obj: -3.5522, Eq Viol (l1): 0.000061, Ineq Viol (l1): 0.000000, Epoch time: 2.63s
Epoch 225/300, Loss: -3.1906, Obj: -3.5521, Eq Viol (l1): 0.000059, Ineq Viol (l1): 0.000000, Epoch time: 2.63s
Epoch 226/300, Loss: -3.2191, Obj: -3.5628, Eq Viol (l1): 0.000059, Ineq Viol (l1): 0.000000, Epoch time: 2.62s
Epoch 227/300, Loss: -3.1306, Obj: -3.5712, Eq Viol (l1): 0.000069, Ineq Viol (l1): 0.000000, Epoch time: 2.62s
Epoch 228/300, Loss: -3.1176, Obj: -3.5172, Eq Viol (l1): 0.000070, Ineq Viol (l1): 0.000000, Epoch time: 2.60s
Epoch 229/300, Loss: -3.2087, Obj: -3.5426, Eq Viol (l1): 0.000063, Ineq Viol (l1): 0.000000, Epoch time: 2.60s
Epoch 230/300, Loss: -3.1927, Obj: -3.5848, Eq Viol (l1): 0.000067, Ineq Viol (l1): 0.000001, Epoch time: 2.62s
Epoch 231/300, Loss: -3.1399, Obj: -3.5034, Eq Viol (l1): 0.000059, Ineq Viol (l1): 0.000001, Epoch time: 2.62s

Running validation at epoch 230...

VALIDATION_EPOCH_230 EVALUATION RESULTS:
==================================================
Objective Value:     -3.657980e+00
True Objective:      -2.413704e+00
Optimality Gap:      -5.664403e+00 ± 2.202824e+00
Eq Violation l1:   7.024863e-05 (max: 2.033087e-03)
Ineq Violation l1: 3.691763e-07 (max: 3.562669e-05)
Solution Distance:   1.103022e+02 ± 1.370596e+00
Merit:             -3.657274e+00 ± 5.294590e-02
Avg Inference Time:  0.0746s
==================================================
Epoch 232/300, Loss: -3.1124, Obj: -3.5399, Eq Viol (l1): 0.000057, Ineq Viol (l1): 0.000000, Epoch time: 2.74s
Epoch 233/300, Loss: -3.1868, Obj: -3.5465, Eq Viol (l1): 0.000061, Ineq Viol (l1): 0.000000, Epoch time: 2.62s
Epoch 234/300, Loss: -3.1318, Obj: -3.5410, Eq Viol (l1): 0.000059, Ineq Viol (l1): 0.000000, Epoch time: 2.64s
Epoch 235/300, Loss: -3.1280, Obj: -3.5430, Eq Viol (l1): 0.000061, Ineq Viol (l1): 0.000000, Epoch time: 2.62s
Epoch 236/300, Loss: -3.2052, Obj: -3.5790, Eq Viol (l1): 0.000054, Ineq Viol (l1): 0.000000, Epoch time: 2.64s
Epoch 237/300, Loss: -3.1294, Obj: -3.5757, Eq Viol (l1): 0.000054, Ineq Viol (l1): 0.000000, Epoch time: 2.65s
Epoch 238/300, Loss: -3.1448, Obj: -3.5218, Eq Viol (l1): 0.000057, Ineq Viol (l1): 0.000000, Epoch time: 2.62s
Epoch 239/300, Loss: -3.1487, Obj: -3.5425, Eq Viol (l1): 0.000050, Ineq Viol (l1): 0.000000, Epoch time: 2.65s
Epoch 240/300, Loss: -3.1094, Obj: -3.5306, Eq Viol (l1): 0.000057, Ineq Viol (l1): 0.000000, Epoch time: 2.64s
Epoch 241/300, Loss: -3.2149, Obj: -3.5743, Eq Viol (l1): 0.000059, Ineq Viol (l1): 0.000000, Epoch time: 2.63s

Running validation at epoch 240...

VALIDATION_EPOCH_240 EVALUATION RESULTS:
==================================================
Objective Value:     -3.648884e+00
True Objective:      -2.413704e+00
Optimality Gap:      -5.699754e+00 ± 2.299217e+00
Eq Violation l1:   6.116355e-05 (max: 2.156946e-03)
Ineq Violation l1: 3.166554e-07 (max: 2.817749e-05)
Solution Distance:   1.098272e+02 ± 1.477434e+00
Merit:             -3.648269e+00 ± 2.556992e-02
Avg Inference Time:  0.0726s
==================================================
Epoch 242/300, Loss: -3.1906, Obj: -3.5764, Eq Viol (l1): 0.000063, Ineq Viol (l1): 0.000000, Epoch time: 2.63s
Epoch 243/300, Loss: -3.1374, Obj: -3.5415, Eq Viol (l1): 0.000060, Ineq Viol (l1): 0.000000, Epoch time: 2.63s
Epoch 244/300, Loss: -3.1634, Obj: -3.5608, Eq Viol (l1): 0.000063, Ineq Viol (l1): 0.000000, Epoch time: 2.62s
Epoch 245/300, Loss: -3.1680, Obj: -3.5605, Eq Viol (l1): 0.000063, Ineq Viol (l1): 0.000000, Epoch time: 2.62s
Epoch 246/300, Loss: -3.2146, Obj: -3.5856, Eq Viol (l1): 0.000063, Ineq Viol (l1): 0.000000, Epoch time: 2.62s
Epoch 247/300, Loss: -3.1652, Obj: -3.5449, Eq Viol (l1): 0.000059, Ineq Viol (l1): 0.000000, Epoch time: 2.61s
Epoch 248/300, Loss: -3.2142, Obj: -3.5605, Eq Viol (l1): 0.000059, Ineq Viol (l1): 0.000000, Epoch time: 2.63s
Epoch 249/300, Loss: -3.1823, Obj: -3.5575, Eq Viol (l1): 0.000061, Ineq Viol (l1): 0.000000, Epoch time: 2.63s
Epoch 250/300, Loss: -3.1955, Obj: -3.5624, Eq Viol (l1): 0.000059, Ineq Viol (l1): 0.000000, Epoch time: 2.62s
Epoch 251/300, Loss: -3.2268, Obj: -3.5772, Eq Viol (l1): 0.000057, Ineq Viol (l1): 0.000000, Epoch time: 2.63s

Running validation at epoch 250...

VALIDATION_EPOCH_250 EVALUATION RESULTS:
==================================================
Objective Value:     -3.716472e+00
True Objective:      -2.413704e+00
Optimality Gap:      -5.812939e+00 ± 2.306281e+00
Eq Violation l1:   8.551168e-05 (max: 1.375681e-03)
Ineq Violation l1: 3.401388e-07 (max: 2.073033e-05)
Solution Distance:   1.094545e+02 ± 1.333123e+00
Merit:             -3.715614e+00 ± 3.636939e-02
Avg Inference Time:  0.0734s
==================================================
Epoch 252/300, Loss: -3.1318, Obj: -3.5294, Eq Viol (l1): 0.000056, Ineq Viol (l1): 0.000000, Epoch time: 2.63s
Epoch 253/300, Loss: -3.2056, Obj: -3.5934, Eq Viol (l1): 0.000065, Ineq Viol (l1): 0.000001, Epoch time: 2.63s
Epoch 254/300, Loss: -3.2299, Obj: -3.5806, Eq Viol (l1): 0.000062, Ineq Viol (l1): 0.000001, Epoch time: 2.63s
Epoch 255/300, Loss: -3.1361, Obj: -3.5470, Eq Viol (l1): 0.000054, Ineq Viol (l1): 0.000000, Epoch time: 2.66s
Epoch 256/300, Loss: -3.1256, Obj: -3.5448, Eq Viol (l1): 0.000053, Ineq Viol (l1): 0.000000, Epoch time: 2.66s
Epoch 257/300, Loss: -3.2130, Obj: -3.5785, Eq Viol (l1): 0.000061, Ineq Viol (l1): 0.000000, Epoch time: 2.63s
Epoch 258/300, Loss: -3.2046, Obj: -3.6043, Eq Viol (l1): 0.000064, Ineq Viol (l1): 0.000000, Epoch time: 2.63s
Epoch 259/300, Loss: -3.1750, Obj: -3.5696, Eq Viol (l1): 0.000057, Ineq Viol (l1): 0.000001, Epoch time: 2.64s
Epoch 260/300, Loss: -3.2179, Obj: -3.5881, Eq Viol (l1): 0.000053, Ineq Viol (l1): 0.000000, Epoch time: 2.65s
Epoch 261/300, Loss: -3.1313, Obj: -3.5352, Eq Viol (l1): 0.000054, Ineq Viol (l1): 0.000000, Epoch time: 2.63s

Running validation at epoch 260...

VALIDATION_EPOCH_260 EVALUATION RESULTS:
==================================================
Objective Value:     -3.672903e+00
True Objective:      -2.413704e+00
Optimality Gap:      -5.780536e+00 ± 2.345150e+00
Eq Violation l1:   6.435143e-05 (max: 1.819388e-03)
Ineq Violation l1: 4.736065e-07 (max: 8.112360e-05)
Solution Distance:   1.099487e+02 ± 1.438657e+00
Merit:             -3.672255e+00 ± 2.756394e-02
Avg Inference Time:  0.0736s
==================================================
Epoch 262/300, Loss: -3.1713, Obj: -3.5781, Eq Viol (l1): 0.000058, Ineq Viol (l1): 0.000000, Epoch time: 2.64s
Epoch 263/300, Loss: -3.1888, Obj: -3.5550, Eq Viol (l1): 0.000063, Ineq Viol (l1): 0.000001, Epoch time: 2.63s
Epoch 264/300, Loss: -3.2294, Obj: -3.5977, Eq Viol (l1): 0.000064, Ineq Viol (l1): 0.000000, Epoch time: 2.73s
Epoch 265/300, Loss: -3.1976, Obj: -3.5975, Eq Viol (l1): 0.000059, Ineq Viol (l1): 0.000000, Epoch time: 2.64s
Epoch 266/300, Loss: -3.0992, Obj: -3.5168, Eq Viol (l1): 0.000045, Ineq Viol (l1): 0.000000, Epoch time: 2.68s
Epoch 267/300, Loss: -3.1989, Obj: -3.5678, Eq Viol (l1): 0.000061, Ineq Viol (l1): 0.000000, Epoch time: 2.63s
Epoch 268/300, Loss: -3.1751, Obj: -3.5900, Eq Viol (l1): 0.000061, Ineq Viol (l1): 0.000000, Epoch time: 2.63s
Epoch 269/300, Loss: -3.2010, Obj: -3.5685, Eq Viol (l1): 0.000054, Ineq Viol (l1): 0.000000, Epoch time: 2.64s
Epoch 270/300, Loss: -3.1997, Obj: -3.5672, Eq Viol (l1): 0.000060, Ineq Viol (l1): 0.000000, Epoch time: 2.62s
Epoch 271/300, Loss: -3.2119, Obj: -3.5927, Eq Viol (l1): 0.000055, Ineq Viol (l1): 0.000000, Epoch time: 2.65s

Running validation at epoch 270...

VALIDATION_EPOCH_270 EVALUATION RESULTS:
==================================================
Objective Value:     -3.645002e+00
True Objective:      -2.413704e+00
Optimality Gap:      -5.717022e+00 ± 2.295899e+00
Eq Violation l1:   5.311127e-05 (max: 1.500931e-03)
Ineq Violation l1: 6.092630e-07 (max: 1.093627e-04)
Solution Distance:   1.098271e+02 ± 1.408474e+00
Merit:             -3.644465e+00 ± 2.874239e-02
Avg Inference Time:  0.0746s
==================================================
Epoch 272/300, Loss: -3.2103, Obj: -3.5827, Eq Viol (l1): 0.000050, Ineq Viol (l1): 0.000000, Epoch time: 2.65s
Epoch 273/300, Loss: -3.1813, Obj: -3.5698, Eq Viol (l1): 0.000057, Ineq Viol (l1): 0.000000, Epoch time: 2.63s
Epoch 274/300, Loss: -3.1718, Obj: -3.5623, Eq Viol (l1): 0.000052, Ineq Viol (l1): 0.000000, Epoch time: 2.64s
Epoch 275/300, Loss: -3.2218, Obj: -3.5981, Eq Viol (l1): 0.000061, Ineq Viol (l1): 0.000000, Epoch time: 2.63s
Epoch 276/300, Loss: -3.2296, Obj: -3.5871, Eq Viol (l1): 0.000054, Ineq Viol (l1): 0.000001, Epoch time: 2.65s
Epoch 277/300, Loss: -3.2343, Obj: -3.5708, Eq Viol (l1): 0.000055, Ineq Viol (l1): 0.000000, Epoch time: 2.63s
Epoch 278/300, Loss: -3.1105, Obj: -3.5350, Eq Viol (l1): 0.000061, Ineq Viol (l1): 0.000000, Epoch time: 2.64s
Epoch 279/300, Loss: -3.2107, Obj: -3.6048, Eq Viol (l1): 0.000060, Ineq Viol (l1): 0.000000, Epoch time: 2.63s
Epoch 280/300, Loss: -3.2521, Obj: -3.5966, Eq Viol (l1): 0.000061, Ineq Viol (l1): 0.000001, Epoch time: 2.62s
Epoch 281/300, Loss: -3.2487, Obj: -3.5921, Eq Viol (l1): 0.000059, Ineq Viol (l1): 0.000000, Epoch time: 2.62s

Running validation at epoch 280...

VALIDATION_EPOCH_280 EVALUATION RESULTS:
==================================================
Objective Value:     -3.660279e+00
True Objective:      -2.413704e+00
Optimality Gap:      -5.717887e+00 ± 2.282171e+00
Eq Violation l1:   5.626579e-05 (max: 1.473041e-03)
Ineq Violation l1: 4.178126e-07 (max: 3.173353e-05)
Solution Distance:   1.099382e+02 ± 1.455597e+00
Merit:             -3.659712e+00 ± 3.486463e-02
Avg Inference Time:  0.0723s
==================================================
Epoch 282/300, Loss: -3.2264, Obj: -3.5664, Eq Viol (l1): 0.000048, Ineq Viol (l1): 0.000000, Epoch time: 2.63s
Epoch 283/300, Loss: -3.2617, Obj: -3.6084, Eq Viol (l1): 0.000056, Ineq Viol (l1): 0.000000, Epoch time: 2.64s
Epoch 284/300, Loss: -3.2210, Obj: -3.5982, Eq Viol (l1): 0.000069, Ineq Viol (l1): 0.000000, Epoch time: 2.62s
Epoch 285/300, Loss: -3.2402, Obj: -3.6119, Eq Viol (l1): 0.000059, Ineq Viol (l1): 0.000000, Epoch time: 2.64s
Epoch 286/300, Loss: -3.2370, Obj: -3.5806, Eq Viol (l1): 0.000054, Ineq Viol (l1): 0.000000, Epoch time: 2.63s
Epoch 287/300, Loss: -3.2560, Obj: -3.5934, Eq Viol (l1): 0.000059, Ineq Viol (l1): 0.000000, Epoch time: 2.63s
Epoch 288/300, Loss: -3.2331, Obj: -3.5723, Eq Viol (l1): 0.000058, Ineq Viol (l1): 0.000001, Epoch time: 2.63s
Epoch 289/300, Loss: -3.1619, Obj: -3.5796, Eq Viol (l1): 0.000052, Ineq Viol (l1): 0.000000, Epoch time: 2.67s
Epoch 290/300, Loss: -3.1882, Obj: -3.5531, Eq Viol (l1): 0.000059, Ineq Viol (l1): 0.000000, Epoch time: 2.63s
Epoch 291/300, Loss: -3.1209, Obj: -3.5680, Eq Viol (l1): 0.000059, Ineq Viol (l1): 0.000000, Epoch time: 2.65s

Running validation at epoch 290...

VALIDATION_EPOCH_290 EVALUATION RESULTS:
==================================================
Objective Value:     -3.577299e+00
True Objective:      -2.413704e+00
Optimality Gap:      -5.567777e+00 ± 2.264876e+00
Eq Violation l1:   4.894065e-05 (max: 2.589104e-03)
Ineq Violation l1: 4.913758e-07 (max: 1.055754e-04)
Solution Distance:   1.100249e+02 ± 1.396790e+00
Merit:             -3.576805e+00 ± 1.886688e-02
Avg Inference Time:  0.0748s
==================================================
Epoch 292/300, Loss: -3.1319, Obj: -3.5585, Eq Viol (l1): 0.000067, Ineq Viol (l1): 0.000000, Epoch time: 2.63s
Epoch 293/300, Loss: -3.2122, Obj: -3.5800, Eq Viol (l1): 0.000066, Ineq Viol (l1): 0.000000, Epoch time: 2.62s
Epoch 294/300, Loss: -3.1822, Obj: -3.5924, Eq Viol (l1): 0.000051, Ineq Viol (l1): 0.000000, Epoch time: 2.66s
Epoch 295/300, Loss: -3.1164, Obj: -3.5717, Eq Viol (l1): 0.000059, Ineq Viol (l1): 0.000000, Epoch time: 2.65s
Epoch 296/300, Loss: -3.1598, Obj: -3.5707, Eq Viol (l1): 0.000054, Ineq Viol (l1): 0.000000, Epoch time: 2.65s
Epoch 297/300, Loss: -3.0661, Obj: -3.5038, Eq Viol (l1): 0.000057, Ineq Viol (l1): 0.000000, Epoch time: 2.73s
Epoch 298/300, Loss: -3.1328, Obj: -3.5636, Eq Viol (l1): 0.000067, Ineq Viol (l1): 0.000000, Epoch time: 2.63s
Epoch 299/300, Loss: -3.2098, Obj: -3.5673, Eq Viol (l1): 0.000054, Ineq Viol (l1): 0.000000, Epoch time: 2.64s
Epoch 300/300, Loss: -3.0597, Obj: -3.5457, Eq Viol (l1): 0.000057, Ineq Viol (l1): 0.000000, Epoch time: 2.65s

Training completed in 808.55 seconds.

============================================================
COMPREHENSIVE TEST EVALUATION WITH DETAILED RESULTS
============================================================
Testing with batch sizes: [256, 512]

Evaluating with batch size: 256 (with detailed results)

TEST_BS256 EVALUATION RESULTS:
==================================================
Objective Value:     -3.178394e+00
True Objective:      -2.409220e+00
Optimality Gap:      -7.149468e+00 ± 8.553377e+00
Eq Violation l1:   5.067209e-05 (max: 1.426746e-03)
Ineq Violation l1: 3.192659e-07 (max: 3.962109e-05)
Solution Distance:   1.138965e+02 ± 2.457280e+00
Merit:             -3.177885e+00 ± 6.830544e-02
Avg Inference Time:  0.0594s
==================================================

Evaluating with batch size: 512 (with detailed results)

TEST_BS512 EVALUATION RESULTS:
==================================================
Objective Value:     -3.176576e+00
True Objective:      -2.408634e+00
Optimality Gap:      -7.114617e+00 ± 5.384439e+00
Eq Violation l1:   3.750339e-05 (max: 1.904388e-03)
Ineq Violation l1: 3.527960e-07 (max: 1.042512e-04)
Solution Distance:   1.139553e+02 ± 1.894412e+00
Merit:             -3.176198e+00 ± 4.397434e-02
Avg Inference Time:  0.0691s
==================================================

TEST BATCH SIZE COMPARISON:
================================================================================
Batch Size   Objective    Opt Gap      Eq Viol      Ineq Viol    Time (s)  
--------------------------------------------------------------------------------
256          -3.1784e+00  -7.1495e+00  5.0672e-05   3.1927e-07   0.48      
512          -3.1766e+00  -7.1146e+00  3.7503e-05   3.5280e-07   0.28      
================================================================================

Saving model and results to: results/nonsmooth_nonconvex/socp/SOCPProblem-100-50-50-10000/20260108-020001_MLP_FSNet_seed1_nepochs300_lr0.0002_trainsize7000_finetune_20260108-014039_model_230
✓ Model saved: results/nonsmooth_nonconvex/socp/SOCPProblem-100-50-50-10000/20260108-020001_MLP_FSNet_seed1_nepochs300_lr0.0002_trainsize7000_finetune_20260108-014039_model_230/model.pt
✓ Detailed results saved: results/nonsmooth_nonconvex/socp/SOCPProblem-100-50-50-10000/20260108-020001_MLP_FSNet_seed1_nepochs300_lr0.0002_trainsize7000_finetune_20260108-014039_model_230/results.pkl

Files saved (or attempted):
  - model.pt (model weights and architecture)
  - results.pkl (training history, metrics, detailed test results)
Training and testing completed in 811.02 seconds
Done!!!
============================================================
==========         =====================         ===========
==========   1      =====================         ===========
==========         =====================         ===========
============================================================

======= Running for problem: nonsmooth_nonconvex/socp =======

Loading problem instance: nonsmooth_nonconvex/socp with size [100, 50, 50, 10000]
Loading  dataset from: datasets/nonsmooth_nonconvex/socp/random2025_socp_dataset_var100_ineq50_eq50_ex10000 

Running on:  cuda
Training model using FSNet method with seed 2 for 300 epochs
Using batch size: 512
Loading model from checkpoint: results/nonsmooth_nonconvex/socp/SOCPProblem-100-50-50-10000/20260108-014039_MLP_sup_pen_seed1_nepochs500_lr0.0002_trainsize7000_subopt_2_1.0/model_230.pt

lr: 0.0002, weight_decay: 0.001, num_epochs: 300

Epoch 1/300, Loss: 23.5331, Obj: 23.4656, Eq Viol (l1): 0.000098, Ineq Viol (l1): 0.000000, Epoch time: 5.95s

Running validation at epoch 0...

VALIDATION_EPOCH_0 EVALUATION RESULTS:
==================================================
Objective Value:     2.315571e+01
True Objective:      -2.413704e+00
Optimality Gap:      4.070588e+01 ± 1.289426e+01
Eq Violation l1:   1.320895e-04 (max: 1.066660e-03)
Ineq Violation l1: 6.152441e-08 (max: 1.757880e-05)
Solution Distance:   2.191958e+02 ± 1.300409e+00
Merit:             2.315703e+01 ± 1.111514e-02
Avg Inference Time:  0.5975s
==================================================
Epoch 2/300, Loss: 22.0039, Obj: 21.7093, Eq Viol (l1): 0.000074, Ineq Viol (l1): 0.000000, Epoch time: 2.33s
Epoch 3/300, Loss: 21.1705, Obj: 20.6425, Eq Viol (l1): 0.000087, Ineq Viol (l1): 0.000000, Epoch time: 2.44s
Epoch 4/300, Loss: 20.5122, Obj: 20.1268, Eq Viol (l1): 0.000071, Ineq Viol (l1): 0.000000, Epoch time: 2.47s
Epoch 5/300, Loss: 19.6059, Obj: 19.2042, Eq Viol (l1): 0.000085, Ineq Viol (l1): 0.000000, Epoch time: 2.49s
Epoch 6/300, Loss: 18.7558, Obj: 18.3874, Eq Viol (l1): 0.000077, Ineq Viol (l1): 0.000000, Epoch time: 2.50s
Epoch 7/300, Loss: 18.0773, Obj: 17.6264, Eq Viol (l1): 0.000074, Ineq Viol (l1): 0.000000, Epoch time: 2.53s
Epoch 8/300, Loss: 17.3295, Obj: 16.8895, Eq Viol (l1): 0.000074, Ineq Viol (l1): 0.000000, Epoch time: 2.59s
Epoch 9/300, Loss: 16.6281, Obj: 16.1377, Eq Viol (l1): 0.000083, Ineq Viol (l1): 0.000000, Epoch time: 2.52s
Epoch 10/300, Loss: 15.5114, Obj: 14.9844, Eq Viol (l1): 0.000080, Ineq Viol (l1): 0.000000, Epoch time: 2.52s
Epoch 11/300, Loss: 14.4848, Obj: 13.9103, Eq Viol (l1): 0.000083, Ineq Viol (l1): 0.000000, Epoch time: 2.48s

Running validation at epoch 10...

VALIDATION_EPOCH_10 EVALUATION RESULTS:
==================================================
Objective Value:     1.367629e+01
True Objective:      -2.413704e+00
Optimality Gap:      2.447777e+01 ± 7.670540e+00
Eq Violation l1:   1.048992e-04 (max: 9.715010e-04)
Ineq Violation l1: 2.522707e-07 (max: 2.458049e-05)
Solution Distance:   1.738661e+02 ± 9.895904e-01
Merit:             1.367735e+01 ± 2.828489e-02
Avg Inference Time:  0.0633s
==================================================
Epoch 12/300, Loss: 13.7229, Obj: 13.1229, Eq Viol (l1): 0.000070, Ineq Viol (l1): 0.000000, Epoch time: 2.52s
Epoch 13/300, Loss: 12.4723, Obj: 11.9447, Eq Viol (l1): 0.000077, Ineq Viol (l1): 0.000000, Epoch time: 2.50s
Epoch 14/300, Loss: 10.8501, Obj: 10.2497, Eq Viol (l1): 0.000089, Ineq Viol (l1): 0.000000, Epoch time: 2.48s
Epoch 15/300, Loss: 9.8592, Obj: 9.2760, Eq Viol (l1): 0.000077, Ineq Viol (l1): 0.000000, Epoch time: 2.59s
Epoch 16/300, Loss: 9.3716, Obj: 8.8398, Eq Viol (l1): 0.000063, Ineq Viol (l1): 0.000000, Epoch time: 2.58s
Epoch 17/300, Loss: 8.9635, Obj: 8.3573, Eq Viol (l1): 0.000061, Ineq Viol (l1): 0.000000, Epoch time: 2.62s
Epoch 18/300, Loss: 8.5400, Obj: 7.8423, Eq Viol (l1): 0.000048, Ineq Viol (l1): 0.000000, Epoch time: 2.68s
Epoch 19/300, Loss: 8.2069, Obj: 7.4883, Eq Viol (l1): 0.000047, Ineq Viol (l1): 0.000000, Epoch time: 2.69s
Epoch 20/300, Loss: 7.7926, Obj: 6.9622, Eq Viol (l1): 0.000055, Ineq Viol (l1): 0.000000, Epoch time: 2.67s
Epoch 21/300, Loss: 6.5876, Obj: 5.9031, Eq Viol (l1): 0.000065, Ineq Viol (l1): 0.000000, Epoch time: 2.64s

Running validation at epoch 20...

VALIDATION_EPOCH_20 EVALUATION RESULTS:
==================================================
Objective Value:     4.816083e+00
True Objective:      -2.413704e+00
Optimality Gap:      8.924431e+00 ± 2.362154e+00
Eq Violation l1:   7.573566e-05 (max: 1.017759e-03)
Ineq Violation l1: 3.173030e-07 (max: 5.347942e-05)
Solution Distance:   1.239684e+02 ± 4.147535e-01
Merit:             4.816844e+00 ± 2.285811e-02
Avg Inference Time:  0.0709s
==================================================
Epoch 22/300, Loss: 4.5775, Obj: 3.8889, Eq Viol (l1): 0.000077, Ineq Viol (l1): 0.000000, Epoch time: 2.59s
Epoch 23/300, Loss: 2.5196, Obj: 1.9360, Eq Viol (l1): 0.000076, Ineq Viol (l1): 0.000000, Epoch time: 2.56s
Epoch 24/300, Loss: 1.8610, Obj: 1.2393, Eq Viol (l1): 0.000066, Ineq Viol (l1): 0.000000, Epoch time: 2.61s
Epoch 25/300, Loss: 1.7168, Obj: 1.1238, Eq Viol (l1): 0.000056, Ineq Viol (l1): 0.000000, Epoch time: 2.62s
Epoch 26/300, Loss: 1.5019, Obj: 1.0007, Eq Viol (l1): 0.000060, Ineq Viol (l1): 0.000000, Epoch time: 2.63s
Epoch 27/300, Loss: 1.6489, Obj: 1.0587, Eq Viol (l1): 0.000054, Ineq Viol (l1): 0.000000, Epoch time: 2.61s
Epoch 28/300, Loss: 1.5497, Obj: 0.9580, Eq Viol (l1): 0.000055, Ineq Viol (l1): 0.000000, Epoch time: 2.63s
Epoch 29/300, Loss: 1.3114, Obj: 0.8205, Eq Viol (l1): 0.000054, Ineq Viol (l1): 0.000000, Epoch time: 2.63s
Epoch 30/300, Loss: 1.4331, Obj: 0.8594, Eq Viol (l1): 0.000058, Ineq Viol (l1): 0.000000, Epoch time: 2.65s
Epoch 31/300, Loss: 1.2110, Obj: 0.7464, Eq Viol (l1): 0.000058, Ineq Viol (l1): 0.000000, Epoch time: 2.63s

Running validation at epoch 30...

VALIDATION_EPOCH_30 EVALUATION RESULTS:
==================================================
Objective Value:     4.861138e-01
True Objective:      -2.413704e+00
Optimality Gap:      1.525534e+00 ± 1.526942e-01
Eq Violation l1:   5.719600e-05 (max: 1.312792e-03)
Ineq Violation l1: 2.762583e-07 (max: 2.495492e-05)
Solution Distance:   1.060612e+02 ± 1.280519e+00
Merit:             4.866885e-01 ± 1.993080e-02
Avg Inference Time:  0.0778s
==================================================
Epoch 32/300, Loss: 1.1965, Obj: 0.6820, Eq Viol (l1): 0.000058, Ineq Viol (l1): 0.000000, Epoch time: 2.75s
Epoch 33/300, Loss: 1.0775, Obj: 0.5893, Eq Viol (l1): 0.000056, Ineq Viol (l1): 0.000000, Epoch time: 2.63s
Epoch 34/300, Loss: 1.2338, Obj: 0.6706, Eq Viol (l1): 0.000056, Ineq Viol (l1): 0.000000, Epoch time: 2.61s
Epoch 35/300, Loss: 1.0425, Obj: 0.5771, Eq Viol (l1): 0.000061, Ineq Viol (l1): 0.000000, Epoch time: 2.62s
Epoch 36/300, Loss: 0.9707, Obj: 0.5214, Eq Viol (l1): 0.000065, Ineq Viol (l1): 0.000000, Epoch time: 2.61s
Epoch 37/300, Loss: 0.9281, Obj: 0.5141, Eq Viol (l1): 0.000066, Ineq Viol (l1): 0.000001, Epoch time: 2.60s
Epoch 38/300, Loss: 0.8560, Obj: 0.4168, Eq Viol (l1): 0.000065, Ineq Viol (l1): 0.000000, Epoch time: 2.61s
Epoch 39/300, Loss: 0.8101, Obj: 0.4052, Eq Viol (l1): 0.000070, Ineq Viol (l1): 0.000000, Epoch time: 2.60s
Epoch 40/300, Loss: 0.7525, Obj: 0.3792, Eq Viol (l1): 0.000077, Ineq Viol (l1): 0.000000, Epoch time: 2.58s
Epoch 41/300, Loss: 0.7832, Obj: 0.3645, Eq Viol (l1): 0.000075, Ineq Viol (l1): 0.000000, Epoch time: 2.59s

Running validation at epoch 40...

VALIDATION_EPOCH_40 EVALUATION RESULTS:
==================================================
Objective Value:     1.778541e-01
True Objective:      -2.413704e+00
Optimality Gap:      9.672272e-01 ± 1.976791e-02
Eq Violation l1:   7.068095e-05 (max: 1.087814e-03)
Ineq Violation l1: 3.330195e-07 (max: 3.444213e-05)
Solution Distance:   1.025421e+02 ± 1.346942e+00
Merit:             1.785642e-01 ± 3.822018e-02
Avg Inference Time:  0.0722s
==================================================
Epoch 42/300, Loss: 0.7789, Obj: 0.3453, Eq Viol (l1): 0.000069, Ineq Viol (l1): 0.000000, Epoch time: 2.59s
Epoch 43/300, Loss: 0.7487, Obj: 0.3044, Eq Viol (l1): 0.000073, Ineq Viol (l1): 0.000000, Epoch time: 2.59s
Epoch 44/300, Loss: 0.7572, Obj: 0.3278, Eq Viol (l1): 0.000068, Ineq Viol (l1): 0.000000, Epoch time: 2.59s
Epoch 45/300, Loss: 0.6857, Obj: 0.2804, Eq Viol (l1): 0.000070, Ineq Viol (l1): 0.000000, Epoch time: 2.58s
Epoch 46/300, Loss: 0.6762, Obj: 0.2167, Eq Viol (l1): 0.000073, Ineq Viol (l1): 0.000000, Epoch time: 2.59s
Epoch 47/300, Loss: 0.6071, Obj: 0.2164, Eq Viol (l1): 0.000068, Ineq Viol (l1): 0.000000, Epoch time: 2.58s
Epoch 48/300, Loss: 0.5520, Obj: 0.1138, Eq Viol (l1): 0.000073, Ineq Viol (l1): 0.000000, Epoch time: 2.60s
Epoch 49/300, Loss: 0.4463, Obj: 0.0460, Eq Viol (l1): 0.000067, Ineq Viol (l1): 0.000000, Epoch time: 2.59s
Epoch 50/300, Loss: 0.3258, Obj: -0.1334, Eq Viol (l1): 0.000074, Ineq Viol (l1): 0.000000, Epoch time: 2.60s
Epoch 51/300, Loss: 0.1990, Obj: -0.2860, Eq Viol (l1): 0.000075, Ineq Viol (l1): 0.000000, Epoch time: 2.61s

Running validation at epoch 50...

VALIDATION_EPOCH_50 EVALUATION RESULTS:
==================================================
Objective Value:     -3.482342e-01
True Objective:      -2.413704e+00
Optimality Gap:      7.572282e-02 ± 4.302428e-01
Eq Violation l1:   5.811394e-05 (max: 1.327534e-03)
Ineq Violation l1: 4.819726e-07 (max: 9.406385e-05)
Solution Distance:   9.364448e+01 ± 1.209956e+00
Merit:             -3.476482e-01 ± 5.411612e-02
Avg Inference Time:  0.0733s
==================================================
Epoch 52/300, Loss: 0.1294, Obj: -0.4540, Eq Viol (l1): 0.000072, Ineq Viol (l1): 0.000001, Epoch time: 2.62s
Epoch 53/300, Loss: 0.0006, Obj: -0.6083, Eq Viol (l1): 0.000062, Ineq Viol (l1): 0.000000, Epoch time: 2.64s
Epoch 54/300, Loss: -0.1895, Obj: -0.8437, Eq Viol (l1): 0.000063, Ineq Viol (l1): 0.000001, Epoch time: 2.66s
Epoch 55/300, Loss: -0.3001, Obj: -0.9109, Eq Viol (l1): 0.000070, Ineq Viol (l1): 0.000001, Epoch time: 2.64s
Epoch 56/300, Loss: -0.3493, Obj: -1.0465, Eq Viol (l1): 0.000068, Ineq Viol (l1): 0.000001, Epoch time: 2.66s
Epoch 57/300, Loss: -0.3326, Obj: -1.1055, Eq Viol (l1): 0.000069, Ineq Viol (l1): 0.000001, Epoch time: 2.67s
Epoch 58/300, Loss: -0.4834, Obj: -1.1891, Eq Viol (l1): 0.000068, Ineq Viol (l1): 0.000001, Epoch time: 2.66s
Epoch 59/300, Loss: -0.4226, Obj: -1.1914, Eq Viol (l1): 0.000064, Ineq Viol (l1): 0.000001, Epoch time: 2.68s
Epoch 60/300, Loss: -0.4732, Obj: -1.1849, Eq Viol (l1): 0.000066, Ineq Viol (l1): 0.000001, Epoch time: 2.66s
Epoch 61/300, Loss: -0.7513, Obj: -1.5033, Eq Viol (l1): 0.000056, Ineq Viol (l1): 0.000001, Epoch time: 2.70s

Running validation at epoch 60...

VALIDATION_EPOCH_60 EVALUATION RESULTS:
==================================================
Objective Value:     -2.019459e+00
True Objective:      -2.413704e+00
Optimality Gap:      -2.747604e+00 ± 1.272510e+00
Eq Violation l1:   7.546162e-05 (max: 1.293342e-03)
Ineq Violation l1: 6.199758e-07 (max: 4.288020e-05)
Solution Distance:   8.408029e+01 ± 1.504122e+00
Merit:             -2.018698e+00 ± 1.148449e-02
Avg Inference Time:  0.0773s
==================================================
Epoch 62/300, Loss: -0.1764, Obj: -1.4631, Eq Viol (l1): 0.000050, Ineq Viol (l1): 0.000001, Epoch time: 2.75s
Epoch 63/300, Loss: -0.9710, Obj: -1.8607, Eq Viol (l1): 0.000038, Ineq Viol (l1): 0.000001, Epoch time: 2.79s
Epoch 64/300, Loss: -0.6096, Obj: -1.7664, Eq Viol (l1): 0.000038, Ineq Viol (l1): 0.000000, Epoch time: 2.81s
Epoch 65/300, Loss: -0.5781, Obj: -1.7726, Eq Viol (l1): 0.000030, Ineq Viol (l1): 0.000000, Epoch time: 2.84s
Epoch 66/300, Loss: -0.8599, Obj: -2.0090, Eq Viol (l1): 0.000027, Ineq Viol (l1): 0.000000, Epoch time: 2.95s
Epoch 67/300, Loss: -0.8806, Obj: -2.1357, Eq Viol (l1): 0.000032, Ineq Viol (l1): 0.000000, Epoch time: 2.87s
Epoch 68/300, Loss: -0.0532, Obj: -1.5497, Eq Viol (l1): 0.000028, Ineq Viol (l1): 0.000001, Epoch time: 2.89s
Epoch 69/300, Loss: 0.0376, Obj: -2.0161, Eq Viol (l1): 0.000030, Ineq Viol (l1): 0.000000, Epoch time: 2.92s
Epoch 70/300, Loss: 1.1797, Obj: -1.4856, Eq Viol (l1): 0.000023, Ineq Viol (l1): 0.000000, Epoch time: 2.97s
Epoch 71/300, Loss: 2.8783, Obj: -0.3920, Eq Viol (l1): 0.000061, Ineq Viol (l1): 0.000006, Epoch time: 3.00s

Running validation at epoch 70...

VALIDATION_EPOCH_70 EVALUATION RESULTS:
==================================================
Objective Value:     -2.102188e+00
True Objective:      -2.413704e+00
Optimality Gap:      -3.133643e+00 ± 1.416368e+00
Eq Violation l1:   1.966802e-05 (max: 3.025682e-03)
Ineq Violation l1: 1.153539e-07 (max: 4.217296e-05)
Solution Distance:   8.561557e+01 ± 1.647791e+00
Merit:             -2.101990e+00 ± 2.376764e-02
Avg Inference Time:  0.0931s
==================================================
Epoch 72/300, Loss: -0.1453, Obj: -1.7548, Eq Viol (l1): 0.000033, Ineq Viol (l1): 0.000001, Epoch time: 2.89s
Epoch 73/300, Loss: -0.4371, Obj: -2.0160, Eq Viol (l1): 0.000022, Ineq Viol (l1): 0.000000, Epoch time: 2.95s
Epoch 74/300, Loss: -0.8809, Obj: -2.0185, Eq Viol (l1): 0.000025, Ineq Viol (l1): 0.000000, Epoch time: 2.96s
Epoch 75/300, Loss: -0.3750, Obj: -1.8192, Eq Viol (l1): 0.000023, Ineq Viol (l1): 0.000000, Epoch time: 2.90s
Epoch 76/300, Loss: -0.1716, Obj: -1.6721, Eq Viol (l1): 0.000025, Ineq Viol (l1): 0.000001, Epoch time: 3.00s
Epoch 77/300, Loss: -0.0450, Obj: -1.8189, Eq Viol (l1): 0.000033, Ineq Viol (l1): 0.000002, Epoch time: 2.89s
Epoch 78/300, Loss: -0.8591, Obj: -2.0834, Eq Viol (l1): 0.000023, Ineq Viol (l1): 0.000000, Epoch time: 2.91s
Epoch 79/300, Loss: -0.6904, Obj: -1.9812, Eq Viol (l1): 0.000021, Ineq Viol (l1): 0.000000, Epoch time: 2.92s
Epoch 80/300, Loss: -0.8116, Obj: -2.0804, Eq Viol (l1): 0.000025, Ineq Viol (l1): 0.000000, Epoch time: 2.97s
Epoch 81/300, Loss: 0.2126, Obj: -1.5668, Eq Viol (l1): 0.000019, Ineq Viol (l1): 0.000000, Epoch time: 3.02s

Running validation at epoch 80...

VALIDATION_EPOCH_80 EVALUATION RESULTS:
==================================================
Objective Value:     -1.984815e+00
True Objective:      -2.413704e+00
Optimality Gap:      -3.007879e+00 ± 1.295735e+00
Eq Violation l1:   1.752071e-05 (max: 2.749752e-03)
Ineq Violation l1: 2.167370e-07 (max: 6.916689e-05)
Solution Distance:   8.540161e+01 ± 1.750487e+00
Merit:             -1.984638e+00 ± 4.362767e-02
Avg Inference Time:  0.0990s
==================================================
Epoch 82/300, Loss: -0.2762, Obj: -1.8419, Eq Viol (l1): 0.000025, Ineq Viol (l1): 0.000000, Epoch time: 2.92s
Epoch 83/300, Loss: -0.4041, Obj: -1.8472, Eq Viol (l1): 0.000020, Ineq Viol (l1): 0.000000, Epoch time: 2.97s
Epoch 84/300, Loss: -0.9157, Obj: -2.0368, Eq Viol (l1): 0.000026, Ineq Viol (l1): 0.000001, Epoch time: 2.96s
Epoch 85/300, Loss: -0.5352, Obj: -1.9760, Eq Viol (l1): 0.000029, Ineq Viol (l1): 0.000000, Epoch time: 2.88s
Epoch 86/300, Loss: -0.4486, Obj: -1.9591, Eq Viol (l1): 0.000025, Ineq Viol (l1): 0.000000, Epoch time: 2.93s
Epoch 87/300, Loss: -0.4813, Obj: -1.9890, Eq Viol (l1): 0.000025, Ineq Viol (l1): 0.000000, Epoch time: 2.92s
Epoch 88/300, Loss: -0.5992, Obj: -2.1676, Eq Viol (l1): 0.000022, Ineq Viol (l1): 0.000000, Epoch time: 2.92s
Epoch 89/300, Loss: -0.7110, Obj: -2.0677, Eq Viol (l1): 0.000023, Ineq Viol (l1): 0.000000, Epoch time: 2.93s
Epoch 90/300, Loss: -1.0532, Obj: -2.1596, Eq Viol (l1): 0.000019, Ineq Viol (l1): 0.000000, Epoch time: 2.94s
Epoch 91/300, Loss: -0.7293, Obj: -2.1091, Eq Viol (l1): 0.000023, Ineq Viol (l1): 0.000000, Epoch time: 2.94s

Running validation at epoch 90...

VALIDATION_EPOCH_90 EVALUATION RESULTS:
==================================================
Objective Value:     -1.846178e+00
True Objective:      -2.413704e+00
Optimality Gap:      -2.340608e+00 ± 9.823106e-01
Eq Violation l1:   1.482887e-05 (max: 3.206207e-03)
Ineq Violation l1: 1.221172e-07 (max: 3.216188e-05)
Solution Distance:   8.943010e+01 ± 1.697319e+00
Merit:             -1.846028e+00 ± 1.771634e-02
Avg Inference Time:  0.0955s
==================================================
Epoch 92/300, Loss: -0.4072, Obj: -1.9963, Eq Viol (l1): 0.000027, Ineq Viol (l1): 0.000000, Epoch time: 2.90s
Epoch 93/300, Loss: -0.0469, Obj: -1.9916, Eq Viol (l1): 0.000031, Ineq Viol (l1): 0.000000, Epoch time: 2.86s
Epoch 94/300, Loss: -0.6711, Obj: -1.9484, Eq Viol (l1): 0.000028, Ineq Viol (l1): 0.000000, Epoch time: 2.86s
Epoch 95/300, Loss: -0.9605, Obj: -2.0242, Eq Viol (l1): 0.000030, Ineq Viol (l1): 0.000000, Epoch time: 2.81s
Epoch 96/300, Loss: -1.1259, Obj: -2.3222, Eq Viol (l1): 0.000029, Ineq Viol (l1): 0.000000, Epoch time: 2.85s
Epoch 97/300, Loss: -0.8265, Obj: -2.2384, Eq Viol (l1): 0.000028, Ineq Viol (l1): 0.000000, Epoch time: 2.88s
Epoch 98/300, Loss: -0.5442, Obj: -1.9918, Eq Viol (l1): 0.000024, Ineq Viol (l1): 0.000000, Epoch time: 3.00s
Epoch 99/300, Loss: -0.5865, Obj: -2.0425, Eq Viol (l1): 0.000033, Ineq Viol (l1): 0.000001, Epoch time: 2.88s
Epoch 100/300, Loss: -0.5583, Obj: -2.0292, Eq Viol (l1): 0.000028, Ineq Viol (l1): 0.000000, Epoch time: 2.91s
Epoch 101/300, Loss: -1.0965, Obj: -2.1122, Eq Viol (l1): 0.000026, Ineq Viol (l1): 0.000000, Epoch time: 2.86s

Running validation at epoch 100...

VALIDATION_EPOCH_100 EVALUATION RESULTS:
==================================================
Objective Value:     -2.371294e+00
True Objective:      -2.413704e+00
Optimality Gap:      -3.507879e+00 ± 1.445558e+00
Eq Violation l1:   1.452012e-05 (max: 3.361472e-03)
Ineq Violation l1: 2.599669e-07 (max: 1.109617e-04)
Solution Distance:   8.818063e+01 ± 1.713743e+00
Merit:             -2.371147e+00 ± 4.780359e-02
Avg Inference Time:  0.0897s
==================================================
Epoch 102/300, Loss: -1.3799, Obj: -2.4100, Eq Viol (l1): 0.000028, Ineq Viol (l1): 0.000000, Epoch time: 2.88s
Epoch 103/300, Loss: -1.3810, Obj: -2.2861, Eq Viol (l1): 0.000025, Ineq Viol (l1): 0.000000, Epoch time: 2.83s
Epoch 104/300, Loss: -1.2056, Obj: -2.3339, Eq Viol (l1): 0.000031, Ineq Viol (l1): 0.000000, Epoch time: 2.83s
Epoch 105/300, Loss: -1.1687, Obj: -2.2969, Eq Viol (l1): 0.000026, Ineq Viol (l1): 0.000000, Epoch time: 2.89s
Epoch 106/300, Loss: -1.2152, Obj: -2.3670, Eq Viol (l1): 0.000037, Ineq Viol (l1): 0.000001, Epoch time: 2.83s
Epoch 107/300, Loss: -1.2831, Obj: -2.2277, Eq Viol (l1): 0.000029, Ineq Viol (l1): 0.000001, Epoch time: 2.87s
Epoch 108/300, Loss: -1.5956, Obj: -2.4873, Eq Viol (l1): 0.000031, Ineq Viol (l1): 0.000000, Epoch time: 2.83s
Epoch 109/300, Loss: -0.9019, Obj: -2.2300, Eq Viol (l1): 0.000039, Ineq Viol (l1): 0.000001, Epoch time: 2.84s
Epoch 110/300, Loss: -1.4715, Obj: -2.4215, Eq Viol (l1): 0.000032, Ineq Viol (l1): 0.000001, Epoch time: 2.87s
Epoch 111/300, Loss: -1.6725, Obj: -2.4824, Eq Viol (l1): 0.000036, Ineq Viol (l1): 0.000001, Epoch time: 2.83s

Running validation at epoch 110...

VALIDATION_EPOCH_110 EVALUATION RESULTS:
==================================================
Objective Value:     -2.680055e+00
True Objective:      -2.413704e+00
Optimality Gap:      -4.082030e+00 ± 1.644860e+00
Eq Violation l1:   1.836822e-05 (max: 2.454487e-03)
Ineq Violation l1: 1.368555e-07 (max: 2.843174e-05)
Solution Distance:   8.817867e+01 ± 1.650811e+00
Merit:             -2.679870e+00 ± 2.877961e-02
Avg Inference Time:  0.0901s
==================================================
Epoch 112/300, Loss: -1.6742, Obj: -2.4985, Eq Viol (l1): 0.000031, Ineq Viol (l1): 0.000000, Epoch time: 2.83s
Epoch 113/300, Loss: -1.5308, Obj: -2.3501, Eq Viol (l1): 0.000027, Ineq Viol (l1): 0.000000, Epoch time: 2.86s
Epoch 114/300, Loss: -1.3097, Obj: -2.5348, Eq Viol (l1): 0.000034, Ineq Viol (l1): 0.000000, Epoch time: 2.86s
Epoch 115/300, Loss: -1.2137, Obj: -2.2118, Eq Viol (l1): 0.000031, Ineq Viol (l1): 0.000000, Epoch time: 2.83s
Epoch 116/300, Loss: -0.4928, Obj: -2.3170, Eq Viol (l1): 0.000027, Ineq Viol (l1): 0.000000, Epoch time: 2.89s
Epoch 117/300, Loss: -0.8625, Obj: -2.1982, Eq Viol (l1): 0.000027, Ineq Viol (l1): 0.000000, Epoch time: 2.86s
Epoch 118/300, Loss: -1.1597, Obj: -2.2632, Eq Viol (l1): 0.000032, Ineq Viol (l1): 0.000001, Epoch time: 2.84s
Epoch 119/300, Loss: -1.2717, Obj: -2.3066, Eq Viol (l1): 0.000029, Ineq Viol (l1): 0.000000, Epoch time: 2.79s
Epoch 120/300, Loss: -1.2443, Obj: -2.3542, Eq Viol (l1): 0.000035, Ineq Viol (l1): 0.000000, Epoch time: 2.81s
Epoch 121/300, Loss: -1.6303, Obj: -2.4961, Eq Viol (l1): 0.000031, Ineq Viol (l1): 0.000000, Epoch time: 2.81s

Running validation at epoch 120...

VALIDATION_EPOCH_120 EVALUATION RESULTS:
==================================================
Objective Value:     -2.436089e+00
True Objective:      -2.413704e+00
Optimality Gap:      -3.608358e+00 ± 1.512516e+00
Eq Violation l1:   1.457239e-05 (max: 2.341544e-03)
Ineq Violation l1: 1.748972e-07 (max: 5.908617e-05)
Solution Distance:   9.117415e+01 ± 1.627998e+00
Merit:             -2.435942e+00 ± 1.607550e-02
Avg Inference Time:  0.0861s
==================================================
Epoch 122/300, Loss: -1.7279, Obj: -2.5003, Eq Viol (l1): 0.000024, Ineq Viol (l1): 0.000000, Epoch time: 2.83s
Epoch 123/300, Loss: -1.8178, Obj: -2.5913, Eq Viol (l1): 0.000032, Ineq Viol (l1): 0.000000, Epoch time: 2.85s
Epoch 124/300, Loss: -1.9355, Obj: -2.6426, Eq Viol (l1): 0.000032, Ineq Viol (l1): 0.000000, Epoch time: 2.79s
Epoch 125/300, Loss: -2.0126, Obj: -2.6227, Eq Viol (l1): 0.000038, Ineq Viol (l1): 0.000000, Epoch time: 2.78s
Epoch 126/300, Loss: -2.0077, Obj: -2.7373, Eq Viol (l1): 0.000046, Ineq Viol (l1): 0.000002, Epoch time: 2.80s
Epoch 127/300, Loss: -1.4840, Obj: -2.4785, Eq Viol (l1): 0.000054, Ineq Viol (l1): 0.000005, Epoch time: 2.82s
Epoch 128/300, Loss: -1.5362, Obj: -2.3785, Eq Viol (l1): 0.000049, Ineq Viol (l1): 0.000002, Epoch time: 2.75s
Epoch 129/300, Loss: -1.8511, Obj: -2.6285, Eq Viol (l1): 0.000035, Ineq Viol (l1): 0.000001, Epoch time: 2.81s
Epoch 130/300, Loss: -1.9443, Obj: -2.5908, Eq Viol (l1): 0.000040, Ineq Viol (l1): 0.000001, Epoch time: 2.76s
Epoch 131/300, Loss: -1.9391, Obj: -2.6965, Eq Viol (l1): 0.000060, Ineq Viol (l1): 0.000007, Epoch time: 2.77s

Running validation at epoch 130...

VALIDATION_EPOCH_130 EVALUATION RESULTS:
==================================================
Objective Value:     -2.821383e+00
True Objective:      -2.413704e+00
Optimality Gap:      -4.252309e+00 ± 1.693324e+00
Eq Violation l1:   1.673692e-05 (max: 2.976207e-03)
Ineq Violation l1: 2.030416e-07 (max: 7.290879e-05)
Solution Distance:   9.050193e+01 ± 1.666176e+00
Merit:             -2.821213e+00 ± 2.415500e-02
Avg Inference Time:  0.0849s
==================================================
Epoch 132/300, Loss: -2.1121, Obj: -2.7108, Eq Viol (l1): 0.000054, Ineq Viol (l1): 0.000004, Epoch time: 2.77s
Epoch 133/300, Loss: -2.0481, Obj: -2.7095, Eq Viol (l1): 0.000050, Ineq Viol (l1): 0.000003, Epoch time: 2.77s
Epoch 134/300, Loss: -1.8961, Obj: -2.6386, Eq Viol (l1): 0.000046, Ineq Viol (l1): 0.000003, Epoch time: 2.80s
Epoch 135/300, Loss: -1.8190, Obj: -2.6525, Eq Viol (l1): 0.000054, Ineq Viol (l1): 0.000003, Epoch time: 2.80s
Epoch 136/300, Loss: -1.9455, Obj: -2.6237, Eq Viol (l1): 0.000029, Ineq Viol (l1): 0.000000, Epoch time: 2.78s
Epoch 137/300, Loss: -1.8993, Obj: -2.7017, Eq Viol (l1): 0.000038, Ineq Viol (l1): 0.000001, Epoch time: 2.81s
Epoch 138/300, Loss: -1.8036, Obj: -2.6786, Eq Viol (l1): 0.000048, Ineq Viol (l1): 0.000005, Epoch time: 2.79s
Epoch 139/300, Loss: -1.6737, Obj: -2.6859, Eq Viol (l1): 0.000038, Ineq Viol (l1): 0.000001, Epoch time: 2.83s
Epoch 140/300, Loss: -1.7581, Obj: -2.6006, Eq Viol (l1): 0.000029, Ineq Viol (l1): 0.000000, Epoch time: 2.83s
Epoch 141/300, Loss: -1.9795, Obj: -2.7260, Eq Viol (l1): 0.000045, Ineq Viol (l1): 0.000001, Epoch time: 2.78s

Running validation at epoch 140...

VALIDATION_EPOCH_140 EVALUATION RESULTS:
==================================================
Objective Value:     -2.750933e+00
True Objective:      -2.413704e+00
Optimality Gap:      -4.025672e+00 ± 1.569528e+00
Eq Violation l1:   2.664902e-05 (max: 2.473878e-03)
Ineq Violation l1: 3.984127e-07 (max: 7.193481e-05)
Solution Distance:   9.156734e+01 ± 1.712477e+00
Merit:             -2.750663e+00 ± 5.468106e-03
Avg Inference Time:  0.0811s
==================================================
Epoch 142/300, Loss: -2.0593, Obj: -2.7082, Eq Viol (l1): 0.000032, Ineq Viol (l1): 0.000000, Epoch time: 2.79s
Epoch 143/300, Loss: -2.2126, Obj: -2.8006, Eq Viol (l1): 0.000039, Ineq Viol (l1): 0.000001, Epoch time: 2.76s
Epoch 144/300, Loss: -2.1164, Obj: -2.7216, Eq Viol (l1): 0.000033, Ineq Viol (l1): 0.000001, Epoch time: 2.78s
Epoch 145/300, Loss: -2.1315, Obj: -2.7474, Eq Viol (l1): 0.000040, Ineq Viol (l1): 0.000000, Epoch time: 2.74s
Epoch 146/300, Loss: -2.1924, Obj: -2.8182, Eq Viol (l1): 0.000031, Ineq Viol (l1): 0.000001, Epoch time: 2.77s
Epoch 147/300, Loss: -2.1899, Obj: -2.7976, Eq Viol (l1): 0.000036, Ineq Viol (l1): 0.000000, Epoch time: 2.70s
Epoch 148/300, Loss: -2.3840, Obj: -2.9153, Eq Viol (l1): 0.000043, Ineq Viol (l1): 0.000000, Epoch time: 2.71s
Epoch 149/300, Loss: -2.3003, Obj: -2.8001, Eq Viol (l1): 0.000026, Ineq Viol (l1): 0.000000, Epoch time: 2.76s
Epoch 150/300, Loss: -2.4280, Obj: -2.9154, Eq Viol (l1): 0.000037, Ineq Viol (l1): 0.000000, Epoch time: 2.71s
Epoch 151/300, Loss: -2.4440, Obj: -2.9662, Eq Viol (l1): 0.000032, Ineq Viol (l1): 0.000000, Epoch time: 2.73s

Running validation at epoch 150...

VALIDATION_EPOCH_150 EVALUATION RESULTS:
==================================================
Objective Value:     -2.991684e+00
True Objective:      -2.413704e+00
Optimality Gap:      -4.602781e+00 ± 1.839591e+00
Eq Violation l1:   4.209689e-05 (max: 2.252727e-03)
Ineq Violation l1: 2.957084e-07 (max: 3.634320e-05)
Solution Distance:   9.746803e+01 ± 1.741749e+00
Merit:             -2.991260e+00 ± 1.155908e-02
Avg Inference Time:  0.0720s
==================================================
Epoch 152/300, Loss: -2.3450, Obj: -2.8567, Eq Viol (l1): 0.000037, Ineq Viol (l1): 0.000000, Epoch time: 2.72s
Epoch 153/300, Loss: -2.4626, Obj: -2.9322, Eq Viol (l1): 0.000034, Ineq Viol (l1): 0.000000, Epoch time: 2.71s
Epoch 154/300, Loss: -2.2918, Obj: -2.9125, Eq Viol (l1): 0.000046, Ineq Viol (l1): 0.000000, Epoch time: 2.69s
Epoch 155/300, Loss: -2.4767, Obj: -2.9839, Eq Viol (l1): 0.000049, Ineq Viol (l1): 0.000000, Epoch time: 2.65s
Epoch 156/300, Loss: -2.6000, Obj: -3.0472, Eq Viol (l1): 0.000045, Ineq Viol (l1): 0.000000, Epoch time: 2.64s
Epoch 157/300, Loss: -2.6666, Obj: -3.1034, Eq Viol (l1): 0.000043, Ineq Viol (l1): 0.000000, Epoch time: 2.65s
Epoch 158/300, Loss: -2.7446, Obj: -3.1465, Eq Viol (l1): 0.000055, Ineq Viol (l1): 0.000000, Epoch time: 2.61s
Epoch 159/300, Loss: -2.7745, Obj: -3.2060, Eq Viol (l1): 0.000064, Ineq Viol (l1): 0.000000, Epoch time: 2.60s
Epoch 160/300, Loss: -2.8633, Obj: -3.2509, Eq Viol (l1): 0.000056, Ineq Viol (l1): 0.000000, Epoch time: 2.62s
Epoch 161/300, Loss: -2.9179, Obj: -3.3037, Eq Viol (l1): 0.000052, Ineq Viol (l1): 0.000000, Epoch time: 2.63s

Running validation at epoch 160...

VALIDATION_EPOCH_160 EVALUATION RESULTS:
==================================================
Objective Value:     -3.309829e+00
True Objective:      -2.413704e+00
Optimality Gap:      -5.247580e+00 ± 2.122891e+00
Eq Violation l1:   5.293371e-05 (max: 1.717163e-03)
Ineq Violation l1: 2.981744e-07 (max: 4.482727e-05)
Solution Distance:   1.068091e+02 ± 1.699284e+00
Merit:             -3.309297e+00 ± 1.845655e-02
Avg Inference Time:  0.0693s
==================================================
Epoch 162/300, Loss: -2.9144, Obj: -3.3174, Eq Viol (l1): 0.000058, Ineq Viol (l1): 0.000000, Epoch time: 2.61s
Epoch 163/300, Loss: -2.9236, Obj: -3.3470, Eq Viol (l1): 0.000054, Ineq Viol (l1): 0.000000, Epoch time: 2.62s
Epoch 164/300, Loss: -2.7859, Obj: -3.2848, Eq Viol (l1): 0.000060, Ineq Viol (l1): 0.000000, Epoch time: 2.61s
Epoch 165/300, Loss: -2.9106, Obj: -3.3449, Eq Viol (l1): 0.000063, Ineq Viol (l1): 0.000000, Epoch time: 2.70s
Epoch 166/300, Loss: -2.9106, Obj: -3.3581, Eq Viol (l1): 0.000064, Ineq Viol (l1): 0.000000, Epoch time: 2.62s
Epoch 167/300, Loss: -3.0181, Obj: -3.3973, Eq Viol (l1): 0.000063, Ineq Viol (l1): 0.000000, Epoch time: 2.60s
Epoch 168/300, Loss: -3.0359, Obj: -3.4157, Eq Viol (l1): 0.000067, Ineq Viol (l1): 0.000000, Epoch time: 2.60s
Epoch 169/300, Loss: -3.0526, Obj: -3.4153, Eq Viol (l1): 0.000068, Ineq Viol (l1): 0.000000, Epoch time: 2.59s
Epoch 170/300, Loss: -3.0504, Obj: -3.4306, Eq Viol (l1): 0.000067, Ineq Viol (l1): 0.000000, Epoch time: 2.61s
Epoch 171/300, Loss: -3.0400, Obj: -3.4382, Eq Viol (l1): 0.000069, Ineq Viol (l1): 0.000000, Epoch time: 2.59s

Running validation at epoch 170...

VALIDATION_EPOCH_170 EVALUATION RESULTS:
==================================================
Objective Value:     -3.602864e+00
True Objective:      -2.413704e+00
Optimality Gap:      -5.707551e+00 ± 2.297154e+00
Eq Violation l1:   7.562162e-05 (max: 1.305149e-03)
Ineq Violation l1: 5.092247e-07 (max: 6.081186e-05)
Solution Distance:   1.086401e+02 ± 1.553226e+00
Merit:             -3.602103e+00 ± 2.939513e-02
Avg Inference Time:  0.0724s
==================================================
Epoch 172/300, Loss: -3.0709, Obj: -3.4533, Eq Viol (l1): 0.000061, Ineq Viol (l1): 0.000000, Epoch time: 2.62s
Epoch 173/300, Loss: -3.0510, Obj: -3.4563, Eq Viol (l1): 0.000062, Ineq Viol (l1): 0.000000, Epoch time: 2.62s
Epoch 174/300, Loss: -3.0514, Obj: -3.4527, Eq Viol (l1): 0.000060, Ineq Viol (l1): 0.000000, Epoch time: 2.62s
Epoch 175/300, Loss: -3.0961, Obj: -3.4803, Eq Viol (l1): 0.000063, Ineq Viol (l1): 0.000000, Epoch time: 2.61s
Epoch 176/300, Loss: -3.1169, Obj: -3.4831, Eq Viol (l1): 0.000062, Ineq Viol (l1): 0.000000, Epoch time: 2.61s
Epoch 177/300, Loss: -3.0470, Obj: -3.4798, Eq Viol (l1): 0.000069, Ineq Viol (l1): 0.000000, Epoch time: 2.62s
Epoch 178/300, Loss: -3.0930, Obj: -3.4887, Eq Viol (l1): 0.000060, Ineq Viol (l1): 0.000000, Epoch time: 2.63s
Epoch 179/300, Loss: -3.0685, Obj: -3.4638, Eq Viol (l1): 0.000065, Ineq Viol (l1): 0.000000, Epoch time: 2.61s
Epoch 180/300, Loss: -3.0637, Obj: -3.4747, Eq Viol (l1): 0.000067, Ineq Viol (l1): 0.000000, Epoch time: 2.60s
Epoch 181/300, Loss: -3.1078, Obj: -3.5029, Eq Viol (l1): 0.000063, Ineq Viol (l1): 0.000000, Epoch time: 2.62s

Running validation at epoch 180...

VALIDATION_EPOCH_180 EVALUATION RESULTS:
==================================================
Objective Value:     -3.590760e+00
True Objective:      -2.413704e+00
Optimality Gap:      -5.609133e+00 ± 2.260136e+00
Eq Violation l1:   6.766189e-05 (max: 1.630267e-03)
Ineq Violation l1: 4.963323e-07 (max: 4.212767e-05)
Solution Distance:   1.086812e+02 ± 1.517536e+00
Merit:             -3.590078e+00 ± 2.276784e-02
Avg Inference Time:  0.0709s
==================================================
Epoch 182/300, Loss: -3.0622, Obj: -3.4662, Eq Viol (l1): 0.000062, Ineq Viol (l1): 0.000000, Epoch time: 2.61s
Epoch 183/300, Loss: -3.1445, Obj: -3.5168, Eq Viol (l1): 0.000058, Ineq Viol (l1): 0.000000, Epoch time: 2.63s
Epoch 184/300, Loss: -3.1824, Obj: -3.5474, Eq Viol (l1): 0.000058, Ineq Viol (l1): 0.000000, Epoch time: 2.62s
Epoch 185/300, Loss: -3.0903, Obj: -3.4944, Eq Viol (l1): 0.000059, Ineq Viol (l1): 0.000000, Epoch time: 2.63s
Epoch 186/300, Loss: -3.0188, Obj: -3.4605, Eq Viol (l1): 0.000066, Ineq Viol (l1): 0.000000, Epoch time: 2.62s
Epoch 187/300, Loss: -3.0509, Obj: -3.4524, Eq Viol (l1): 0.000070, Ineq Viol (l1): 0.000000, Epoch time: 2.60s
Epoch 188/300, Loss: -3.0161, Obj: -3.4762, Eq Viol (l1): 0.000061, Ineq Viol (l1): 0.000000, Epoch time: 2.63s
Epoch 189/300, Loss: -3.0190, Obj: -3.4640, Eq Viol (l1): 0.000058, Ineq Viol (l1): 0.000000, Epoch time: 2.63s
Epoch 190/300, Loss: -3.0851, Obj: -3.4779, Eq Viol (l1): 0.000062, Ineq Viol (l1): 0.000000, Epoch time: 2.62s
Epoch 191/300, Loss: -3.0762, Obj: -3.4612, Eq Viol (l1): 0.000060, Ineq Viol (l1): 0.000000, Epoch time: 2.62s

Running validation at epoch 190...

VALIDATION_EPOCH_190 EVALUATION RESULTS:
==================================================
Objective Value:     -3.591776e+00
True Objective:      -2.413704e+00
Optimality Gap:      -5.619725e+00 ± 2.230621e+00
Eq Violation l1:   7.912665e-05 (max: 2.280680e-03)
Ineq Violation l1: 5.508974e-07 (max: 8.898354e-05)
Solution Distance:   1.106256e+02 ± 1.314055e+00
Merit:             -3.590979e+00 ± 4.055782e-02
Avg Inference Time:  0.0723s
==================================================
Epoch 192/300, Loss: -3.0708, Obj: -3.4772, Eq Viol (l1): 0.000062, Ineq Viol (l1): 0.000000, Epoch time: 2.62s
Epoch 193/300, Loss: -3.0715, Obj: -3.5043, Eq Viol (l1): 0.000055, Ineq Viol (l1): 0.000000, Epoch time: 2.66s
Epoch 194/300, Loss: -3.1141, Obj: -3.5035, Eq Viol (l1): 0.000061, Ineq Viol (l1): 0.000000, Epoch time: 2.62s
Epoch 195/300, Loss: -3.1565, Obj: -3.5367, Eq Viol (l1): 0.000057, Ineq Viol (l1): 0.000000, Epoch time: 2.64s
Epoch 196/300, Loss: -3.1296, Obj: -3.5407, Eq Viol (l1): 0.000059, Ineq Viol (l1): 0.000000, Epoch time: 2.63s
Epoch 197/300, Loss: -3.1045, Obj: -3.5223, Eq Viol (l1): 0.000063, Ineq Viol (l1): 0.000000, Epoch time: 2.62s
Epoch 198/300, Loss: -2.9882, Obj: -3.4118, Eq Viol (l1): 0.000066, Ineq Viol (l1): 0.000000, Epoch time: 2.62s
Epoch 199/300, Loss: -3.0688, Obj: -3.5111, Eq Viol (l1): 0.000061, Ineq Viol (l1): 0.000000, Epoch time: 2.72s
Epoch 200/300, Loss: -3.0958, Obj: -3.5342, Eq Viol (l1): 0.000081, Ineq Viol (l1): 0.000000, Epoch time: 2.61s
Epoch 201/300, Loss: -3.1775, Obj: -3.5364, Eq Viol (l1): 0.000060, Ineq Viol (l1): 0.000000, Epoch time: 2.62s

Running validation at epoch 200...

VALIDATION_EPOCH_200 EVALUATION RESULTS:
==================================================
Objective Value:     -3.564905e+00
True Objective:      -2.413704e+00
Optimality Gap:      -5.623484e+00 ± 2.272450e+00
Eq Violation l1:   5.416313e-05 (max: 1.625613e-03)
Ineq Violation l1: 3.737067e-07 (max: 2.964016e-05)
Solution Distance:   1.103875e+02 ± 1.412903e+00
Merit:             -3.564360e+00 ± 2.853753e-02
Avg Inference Time:  0.0711s
==================================================
Epoch 202/300, Loss: -3.1300, Obj: -3.5128, Eq Viol (l1): 0.000057, Ineq Viol (l1): 0.000001, Epoch time: 2.62s
Epoch 203/300, Loss: -3.1837, Obj: -3.5626, Eq Viol (l1): 0.000063, Ineq Viol (l1): 0.000000, Epoch time: 2.61s
Epoch 204/300, Loss: -3.1284, Obj: -3.5153, Eq Viol (l1): 0.000061, Ineq Viol (l1): 0.000000, Epoch time: 2.62s
Epoch 205/300, Loss: -3.0588, Obj: -3.5022, Eq Viol (l1): 0.000062, Ineq Viol (l1): 0.000000, Epoch time: 2.62s
Epoch 206/300, Loss: -3.1202, Obj: -3.5327, Eq Viol (l1): 0.000057, Ineq Viol (l1): 0.000000, Epoch time: 2.63s
Epoch 207/300, Loss: -3.1541, Obj: -3.5391, Eq Viol (l1): 0.000063, Ineq Viol (l1): 0.000000, Epoch time: 2.62s
Epoch 208/300, Loss: -3.1249, Obj: -3.5230, Eq Viol (l1): 0.000068, Ineq Viol (l1): 0.000000, Epoch time: 2.61s
Epoch 209/300, Loss: -3.1213, Obj: -3.5241, Eq Viol (l1): 0.000057, Ineq Viol (l1): 0.000000, Epoch time: 2.62s
Epoch 210/300, Loss: -3.1104, Obj: -3.5108, Eq Viol (l1): 0.000055, Ineq Viol (l1): 0.000000, Epoch time: 2.62s
Epoch 211/300, Loss: -3.1533, Obj: -3.5440, Eq Viol (l1): 0.000063, Ineq Viol (l1): 0.000001, Epoch time: 2.61s

Running validation at epoch 210...

VALIDATION_EPOCH_210 EVALUATION RESULTS:
==================================================
Objective Value:     -3.664160e+00
True Objective:      -2.413704e+00
Optimality Gap:      -5.701603e+00 ± 2.306969e+00
Eq Violation l1:   7.008985e-05 (max: 1.383078e-03)
Ineq Violation l1: 6.064632e-07 (max: 1.031667e-04)
Solution Distance:   1.101799e+02 ± 1.421539e+00
Merit:             -3.663453e+00 ± 2.531251e-02
Avg Inference Time:  0.0724s
==================================================
Epoch 212/300, Loss: -3.1213, Obj: -3.5124, Eq Viol (l1): 0.000064, Ineq Viol (l1): 0.000000, Epoch time: 2.61s
Epoch 213/300, Loss: -3.0979, Obj: -3.5015, Eq Viol (l1): 0.000061, Ineq Viol (l1): 0.000000, Epoch time: 2.63s
Epoch 214/300, Loss: -3.1794, Obj: -3.5536, Eq Viol (l1): 0.000063, Ineq Viol (l1): 0.000000, Epoch time: 2.62s
Epoch 215/300, Loss: -3.2201, Obj: -3.5614, Eq Viol (l1): 0.000064, Ineq Viol (l1): 0.000000, Epoch time: 2.61s
Epoch 216/300, Loss: -3.1722, Obj: -3.5581, Eq Viol (l1): 0.000067, Ineq Viol (l1): 0.000000, Epoch time: 2.62s
Epoch 217/300, Loss: -3.1561, Obj: -3.5273, Eq Viol (l1): 0.000064, Ineq Viol (l1): 0.000001, Epoch time: 2.61s
Epoch 218/300, Loss: -3.1652, Obj: -3.5280, Eq Viol (l1): 0.000065, Ineq Viol (l1): 0.000001, Epoch time: 2.61s
Epoch 219/300, Loss: -3.1433, Obj: -3.5440, Eq Viol (l1): 0.000064, Ineq Viol (l1): 0.000000, Epoch time: 2.63s
Epoch 220/300, Loss: -3.1556, Obj: -3.5483, Eq Viol (l1): 0.000062, Ineq Viol (l1): 0.000000, Epoch time: 2.63s
Epoch 221/300, Loss: -3.2166, Obj: -3.5729, Eq Viol (l1): 0.000068, Ineq Viol (l1): 0.000001, Epoch time: 2.62s

Running validation at epoch 220...

VALIDATION_EPOCH_220 EVALUATION RESULTS:
==================================================
Objective Value:     -3.606749e+00
True Objective:      -2.413704e+00
Optimality Gap:      -5.651308e+00 ± 2.297610e+00
Eq Violation l1:   7.137522e-05 (max: 1.560870e-03)
Ineq Violation l1: 4.235421e-07 (max: 3.451225e-05)
Solution Distance:   1.108270e+02 ± 1.347602e+00
Merit:             -3.606031e+00 ± 2.926471e-02
Avg Inference Time:  0.0725s
==================================================
Epoch 222/300, Loss: -3.0399, Obj: -3.4804, Eq Viol (l1): 0.000057, Ineq Viol (l1): 0.000000, Epoch time: 2.63s
Epoch 223/300, Loss: -3.1219, Obj: -3.5123, Eq Viol (l1): 0.000059, Ineq Viol (l1): 0.000000, Epoch time: 2.62s
Epoch 224/300, Loss: -2.9948, Obj: -3.5473, Eq Viol (l1): 0.000066, Ineq Viol (l1): 0.000000, Epoch time: 2.65s
Epoch 225/300, Loss: -2.9740, Obj: -3.4374, Eq Viol (l1): 0.000061, Ineq Viol (l1): 0.000000, Epoch time: 2.61s
Epoch 226/300, Loss: -3.1092, Obj: -3.5495, Eq Viol (l1): 0.000062, Ineq Viol (l1): 0.000000, Epoch time: 2.63s
Epoch 227/300, Loss: -3.1958, Obj: -3.5479, Eq Viol (l1): 0.000055, Ineq Viol (l1): 0.000000, Epoch time: 2.64s
Epoch 228/300, Loss: -3.2058, Obj: -3.5560, Eq Viol (l1): 0.000058, Ineq Viol (l1): 0.000000, Epoch time: 2.64s
Epoch 229/300, Loss: -3.1727, Obj: -3.5590, Eq Viol (l1): 0.000063, Ineq Viol (l1): 0.000000, Epoch time: 2.62s
Epoch 230/300, Loss: -3.1985, Obj: -3.5626, Eq Viol (l1): 0.000060, Ineq Viol (l1): 0.000000, Epoch time: 2.62s
Epoch 231/300, Loss: -3.1804, Obj: -3.5505, Eq Viol (l1): 0.000065, Ineq Viol (l1): 0.000001, Epoch time: 2.71s

Running validation at epoch 230...

VALIDATION_EPOCH_230 EVALUATION RESULTS:
==================================================
Objective Value:     -3.496336e+00
True Objective:      -2.413704e+00
Optimality Gap:      -5.445649e+00 ± 2.203212e+00
Eq Violation l1:   5.028621e-05 (max: 1.894865e-03)
Ineq Violation l1: 2.624940e-07 (max: 5.535803e-05)
Solution Distance:   1.115352e+02 ± 1.377043e+00
Merit:             -3.495830e+00 ± 3.039800e-02
Avg Inference Time:  0.0698s
==================================================
Epoch 232/300, Loss: -3.0936, Obj: -3.4931, Eq Viol (l1): 0.000053, Ineq Viol (l1): 0.000000, Epoch time: 2.63s
Epoch 233/300, Loss: -3.0703, Obj: -3.4770, Eq Viol (l1): 0.000056, Ineq Viol (l1): 0.000000, Epoch time: 2.63s
Epoch 234/300, Loss: -3.0872, Obj: -3.5363, Eq Viol (l1): 0.000066, Ineq Viol (l1): 0.000001, Epoch time: 2.62s
Epoch 235/300, Loss: -3.1931, Obj: -3.5794, Eq Viol (l1): 0.000064, Ineq Viol (l1): 0.000000, Epoch time: 2.63s
Epoch 236/300, Loss: -3.2305, Obj: -3.5723, Eq Viol (l1): 0.000070, Ineq Viol (l1): 0.000001, Epoch time: 2.61s
Epoch 237/300, Loss: -3.0651, Obj: -3.5221, Eq Viol (l1): 0.000053, Ineq Viol (l1): 0.000000, Epoch time: 2.64s
Epoch 238/300, Loss: -3.1432, Obj: -3.5648, Eq Viol (l1): 0.000059, Ineq Viol (l1): 0.000000, Epoch time: 2.64s
Epoch 239/300, Loss: -3.1574, Obj: -3.5661, Eq Viol (l1): 0.000061, Ineq Viol (l1): 0.000000, Epoch time: 2.63s
Epoch 240/300, Loss: -3.2025, Obj: -3.5692, Eq Viol (l1): 0.000057, Ineq Viol (l1): 0.000000, Epoch time: 2.63s
Epoch 241/300, Loss: -3.0847, Obj: -3.5154, Eq Viol (l1): 0.000064, Ineq Viol (l1): 0.000000, Epoch time: 2.64s

Running validation at epoch 240...

VALIDATION_EPOCH_240 EVALUATION RESULTS:
==================================================
Objective Value:     -3.400509e+00
True Objective:      -2.413704e+00
Optimality Gap:      -5.171853e+00 ± 2.075265e+00
Eq Violation l1:   3.628621e-05 (max: 2.519590e-03)
Ineq Violation l1: 5.554013e-07 (max: 1.892128e-04)
Solution Distance:   1.113943e+02 ± 1.448493e+00
Merit:             -3.400140e+00 ± 1.999215e-02
Avg Inference Time:  0.0760s
==================================================
Epoch 242/300, Loss: -3.1338, Obj: -3.5441, Eq Viol (l1): 0.000056, Ineq Viol (l1): 0.000000, Epoch time: 2.65s
Epoch 243/300, Loss: -3.2015, Obj: -3.5610, Eq Viol (l1): 0.000061, Ineq Viol (l1): 0.000000, Epoch time: 2.62s
Epoch 244/300, Loss: -3.2069, Obj: -3.5879, Eq Viol (l1): 0.000063, Ineq Viol (l1): 0.000000, Epoch time: 2.63s
Epoch 245/300, Loss: -3.1536, Obj: -3.5014, Eq Viol (l1): 0.000063, Ineq Viol (l1): 0.000000, Epoch time: 2.61s
Epoch 246/300, Loss: -3.1524, Obj: -3.5622, Eq Viol (l1): 0.000059, Ineq Viol (l1): 0.000000, Epoch time: 2.64s
Epoch 247/300, Loss: -3.1968, Obj: -3.5580, Eq Viol (l1): 0.000057, Ineq Viol (l1): 0.000000, Epoch time: 2.62s
Epoch 248/300, Loss: -3.1580, Obj: -3.5506, Eq Viol (l1): 0.000053, Ineq Viol (l1): 0.000000, Epoch time: 2.64s
Epoch 249/300, Loss: -3.2313, Obj: -3.5886, Eq Viol (l1): 0.000071, Ineq Viol (l1): 0.000001, Epoch time: 2.62s
Epoch 250/300, Loss: -3.2180, Obj: -3.5798, Eq Viol (l1): 0.000058, Ineq Viol (l1): 0.000000, Epoch time: 2.63s
Epoch 251/300, Loss: -3.2305, Obj: -3.5777, Eq Viol (l1): 0.000061, Ineq Viol (l1): 0.000000, Epoch time: 2.62s

Running validation at epoch 250...

VALIDATION_EPOCH_250 EVALUATION RESULTS:
==================================================
Objective Value:     -3.586402e+00
True Objective:      -2.413704e+00
Optimality Gap:      -5.607803e+00 ± 2.260035e+00
Eq Violation l1:   4.521525e-05 (max: 1.179656e-03)
Ineq Violation l1: 3.745305e-07 (max: 4.101710e-05)
Solution Distance:   1.094822e+02 ± 1.426777e+00
Merit:             -3.585946e+00 ± 2.749153e-02
Avg Inference Time:  0.0733s
==================================================
Epoch 252/300, Loss: -3.1584, Obj: -3.5328, Eq Viol (l1): 0.000068, Ineq Viol (l1): 0.000000, Epoch time: 2.62s
Epoch 253/300, Loss: -3.1680, Obj: -3.5567, Eq Viol (l1): 0.000060, Ineq Viol (l1): 0.000000, Epoch time: 2.62s
Epoch 254/300, Loss: -3.2028, Obj: -3.5743, Eq Viol (l1): 0.000064, Ineq Viol (l1): 0.000000, Epoch time: 2.61s
Epoch 255/300, Loss: -3.1468, Obj: -3.5635, Eq Viol (l1): 0.000064, Ineq Viol (l1): 0.000000, Epoch time: 2.64s
Epoch 256/300, Loss: -3.1780, Obj: -3.5648, Eq Viol (l1): 0.000053, Ineq Viol (l1): 0.000000, Epoch time: 2.65s
Epoch 257/300, Loss: -3.2165, Obj: -3.5806, Eq Viol (l1): 0.000060, Ineq Viol (l1): 0.000000, Epoch time: 2.63s
Epoch 258/300, Loss: -3.2645, Obj: -3.5966, Eq Viol (l1): 0.000068, Ineq Viol (l1): 0.000001, Epoch time: 2.61s
Epoch 259/300, Loss: -3.2142, Obj: -3.5600, Eq Viol (l1): 0.000059, Ineq Viol (l1): 0.000000, Epoch time: 2.63s
Epoch 260/300, Loss: -3.1950, Obj: -3.5598, Eq Viol (l1): 0.000055, Ineq Viol (l1): 0.000001, Epoch time: 2.63s
Epoch 261/300, Loss: -3.1907, Obj: -3.5660, Eq Viol (l1): 0.000060, Ineq Viol (l1): 0.000000, Epoch time: 2.64s

Running validation at epoch 260...

VALIDATION_EPOCH_260 EVALUATION RESULTS:
==================================================
Objective Value:     -3.671306e+00
True Objective:      -2.413704e+00
Optimality Gap:      -5.749855e+00 ± 2.303834e+00
Eq Violation l1:   6.906318e-05 (max: 1.270611e-03)
Ineq Violation l1: 5.242081e-07 (max: 4.802167e-05)
Solution Distance:   1.095499e+02 ± 1.324840e+00
Merit:             -3.670610e+00 ± 3.534266e-02
Avg Inference Time:  0.0735s
==================================================
Epoch 262/300, Loss: -3.1572, Obj: -3.5531, Eq Viol (l1): 0.000061, Ineq Viol (l1): 0.000000, Epoch time: 2.63s
Epoch 263/300, Loss: -3.2231, Obj: -3.6022, Eq Viol (l1): 0.000065, Ineq Viol (l1): 0.000000, Epoch time: 2.63s
Epoch 264/300, Loss: -3.1548, Obj: -3.5701, Eq Viol (l1): 0.000059, Ineq Viol (l1): 0.000000, Epoch time: 2.64s
Epoch 265/300, Loss: -3.1066, Obj: -3.5068, Eq Viol (l1): 0.000059, Ineq Viol (l1): 0.000000, Epoch time: 2.73s
Epoch 266/300, Loss: -3.0888, Obj: -3.5485, Eq Viol (l1): 0.000066, Ineq Viol (l1): 0.000000, Epoch time: 2.63s
Epoch 267/300, Loss: -3.1401, Obj: -3.5397, Eq Viol (l1): 0.000066, Ineq Viol (l1): 0.000000, Epoch time: 2.61s
Epoch 268/300, Loss: -3.2282, Obj: -3.5752, Eq Viol (l1): 0.000058, Ineq Viol (l1): 0.000000, Epoch time: 2.63s
Epoch 269/300, Loss: -3.1675, Obj: -3.5441, Eq Viol (l1): 0.000059, Ineq Viol (l1): 0.000000, Epoch time: 2.63s
Epoch 270/300, Loss: -3.1763, Obj: -3.5529, Eq Viol (l1): 0.000058, Ineq Viol (l1): 0.000000, Epoch time: 2.63s
Epoch 271/300, Loss: -3.2216, Obj: -3.5859, Eq Viol (l1): 0.000059, Ineq Viol (l1): 0.000001, Epoch time: 2.62s

Running validation at epoch 270...

VALIDATION_EPOCH_270 EVALUATION RESULTS:
==================================================
Objective Value:     -3.703334e+00
True Objective:      -2.413704e+00
Optimality Gap:      -5.817772e+00 ± 2.347761e+00
Eq Violation l1:   4.809083e-05 (max: 1.834610e-03)
Ineq Violation l1: 3.668358e-07 (max: 2.271428e-05)
Solution Distance:   1.098646e+02 ± 1.385988e+00
Merit:             -3.702849e+00 ± 3.170775e-02
Avg Inference Time:  0.0750s
==================================================
Epoch 272/300, Loss: -3.2593, Obj: -3.5971, Eq Viol (l1): 0.000060, Ineq Viol (l1): 0.000001, Epoch time: 2.63s
Epoch 273/300, Loss: -3.1343, Obj: -3.5542, Eq Viol (l1): 0.000057, Ineq Viol (l1): 0.000001, Epoch time: 2.64s
Epoch 274/300, Loss: -3.2179, Obj: -3.5799, Eq Viol (l1): 0.000063, Ineq Viol (l1): 0.000000, Epoch time: 2.62s
Epoch 275/300, Loss: -3.2405, Obj: -3.5940, Eq Viol (l1): 0.000060, Ineq Viol (l1): 0.000001, Epoch time: 2.62s
Epoch 276/300, Loss: -3.2372, Obj: -3.5818, Eq Viol (l1): 0.000062, Ineq Viol (l1): 0.000000, Epoch time: 2.62s
Epoch 277/300, Loss: -3.0703, Obj: -3.5003, Eq Viol (l1): 0.000057, Ineq Viol (l1): 0.000000, Epoch time: 2.64s
Epoch 278/300, Loss: -3.0637, Obj: -3.5392, Eq Viol (l1): 0.000061, Ineq Viol (l1): 0.000000, Epoch time: 2.64s
Epoch 279/300, Loss: -2.9530, Obj: -3.4682, Eq Viol (l1): 0.000054, Ineq Viol (l1): 0.000000, Epoch time: 2.64s
Epoch 280/300, Loss: -3.0942, Obj: -3.5022, Eq Viol (l1): 0.000059, Ineq Viol (l1): 0.000000, Epoch time: 2.63s
Epoch 281/300, Loss: -3.2116, Obj: -3.5754, Eq Viol (l1): 0.000064, Ineq Viol (l1): 0.000001, Epoch time: 2.62s

Running validation at epoch 280...

VALIDATION_EPOCH_280 EVALUATION RESULTS:
==================================================
Objective Value:     -3.547639e+00
True Objective:      -2.413704e+00
Optimality Gap:      -5.528192e+00 ± 2.257786e+00
Eq Violation l1:   4.307439e-05 (max: 2.416891e-03)
Ineq Violation l1: 3.062054e-07 (max: 6.260270e-05)
Solution Distance:   1.109409e+02 ± 1.359228e+00
Merit:             -3.547205e+00 ± 2.803461e-02
Avg Inference Time:  0.0737s
==================================================
Epoch 282/300, Loss: -3.2437, Obj: -3.5928, Eq Viol (l1): 0.000058, Ineq Viol (l1): 0.000000, Epoch time: 2.63s
Epoch 283/300, Loss: -3.2616, Obj: -3.6052, Eq Viol (l1): 0.000058, Ineq Viol (l1): 0.000000, Epoch time: 2.64s
Epoch 284/300, Loss: -3.2325, Obj: -3.6025, Eq Viol (l1): 0.000060, Ineq Viol (l1): 0.000000, Epoch time: 2.64s
Epoch 285/300, Loss: -3.1134, Obj: -3.5324, Eq Viol (l1): 0.000053, Ineq Viol (l1): 0.000000, Epoch time: 2.64s
Epoch 286/300, Loss: -3.1772, Obj: -3.5517, Eq Viol (l1): 0.000054, Ineq Viol (l1): 0.000000, Epoch time: 2.64s
Epoch 287/300, Loss: -3.1829, Obj: -3.5673, Eq Viol (l1): 0.000055, Ineq Viol (l1): 0.000000, Epoch time: 2.63s
Epoch 288/300, Loss: -3.2255, Obj: -3.5731, Eq Viol (l1): 0.000058, Ineq Viol (l1): 0.000000, Epoch time: 2.63s
Epoch 289/300, Loss: -3.2149, Obj: -3.5907, Eq Viol (l1): 0.000057, Ineq Viol (l1): 0.000000, Epoch time: 2.65s
Epoch 290/300, Loss: -3.2311, Obj: -3.5679, Eq Viol (l1): 0.000053, Ineq Viol (l1): 0.000000, Epoch time: 2.64s
Epoch 291/300, Loss: -3.1984, Obj: -3.5605, Eq Viol (l1): 0.000055, Ineq Viol (l1): 0.000000, Epoch time: 2.64s

Running validation at epoch 290...

VALIDATION_EPOCH_290 EVALUATION RESULTS:
==================================================
Objective Value:     -3.698934e+00
True Objective:      -2.413704e+00
Optimality Gap:      -5.793286e+00 ± 2.333605e+00
Eq Violation l1:   7.738206e-05 (max: 1.521289e-03)
Ineq Violation l1: 5.016962e-07 (max: 3.460140e-05)
Solution Distance:   1.096813e+02 ± 1.395054e+00
Merit:             -3.698155e+00 ± 2.957803e-02
Avg Inference Time:  0.0724s
==================================================
Epoch 292/300, Loss: -3.1824, Obj: -3.5567, Eq Viol (l1): 0.000061, Ineq Viol (l1): 0.000001, Epoch time: 2.62s
Epoch 293/300, Loss: -3.2139, Obj: -3.5749, Eq Viol (l1): 0.000062, Ineq Viol (l1): 0.000000, Epoch time: 2.62s
Epoch 294/300, Loss: -3.2277, Obj: -3.5868, Eq Viol (l1): 0.000061, Ineq Viol (l1): 0.000000, Epoch time: 2.64s
Epoch 295/300, Loss: -3.2260, Obj: -3.5878, Eq Viol (l1): 0.000049, Ineq Viol (l1): 0.000000, Epoch time: 2.65s
Epoch 296/300, Loss: -3.1284, Obj: -3.5567, Eq Viol (l1): 0.000051, Ineq Viol (l1): 0.000000, Epoch time: 2.67s
Epoch 297/300, Loss: -3.1384, Obj: -3.5582, Eq Viol (l1): 0.000055, Ineq Viol (l1): 0.000000, Epoch time: 2.64s
Epoch 298/300, Loss: -3.2120, Obj: -3.5875, Eq Viol (l1): 0.000057, Ineq Viol (l1): 0.000000, Epoch time: 2.64s
Epoch 299/300, Loss: -3.2067, Obj: -3.5659, Eq Viol (l1): 0.000065, Ineq Viol (l1): 0.000000, Epoch time: 2.74s
Epoch 300/300, Loss: -3.0929, Obj: -3.5649, Eq Viol (l1): 0.000052, Ineq Viol (l1): 0.000000, Epoch time: 2.66s

Training completed in 816.12 seconds.

============================================================
COMPREHENSIVE TEST EVALUATION WITH DETAILED RESULTS
============================================================
Testing with batch sizes: [256, 512]

Evaluating with batch size: 256 (with detailed results)

TEST_BS256 EVALUATION RESULTS:
==================================================
Objective Value:     -3.629251e+00
True Objective:      -2.409220e+00
Optimality Gap:      -8.208652e+00 ± 9.224559e+00
Eq Violation l1:   4.524404e-05 (max: 1.571640e-03)
Ineq Violation l1: 4.837966e-07 (max: 7.332649e-05)
Solution Distance:   1.111178e+02 ± 2.419585e+00
Merit:             -3.628793e+00 ± 5.922604e-02
Avg Inference Time:  0.0652s
==================================================

Evaluating with batch size: 512 (with detailed results)

TEST_BS512 EVALUATION RESULTS:
==================================================
Objective Value:     -3.628098e+00
True Objective:      -2.408634e+00
Optimality Gap:      -8.169239e+00 ± 5.795675e+00
Eq Violation l1:   4.785926e-05 (max: 2.143880e-03)
Ineq Violation l1: 4.566219e-07 (max: 9.610530e-05)
Solution Distance:   1.111740e+02 ± 1.831770e+00
Merit:             -3.627615e+00 ± 3.855206e-02
Avg Inference Time:  0.0725s
==================================================

TEST BATCH SIZE COMPARISON:
================================================================================
Batch Size   Objective    Opt Gap      Eq Viol      Ineq Viol    Time (s)  
--------------------------------------------------------------------------------
256          -3.6293e+00  -8.2087e+00  4.5244e-05   4.8380e-07   0.52      
512          -3.6281e+00  -8.1692e+00  4.7859e-05   4.5662e-07   0.29      
================================================================================

Saving model and results to: results/nonsmooth_nonconvex/socp/SOCPProblem-100-50-50-10000/20260108-021338_MLP_FSNet_seed2_nepochs300_lr0.0002_trainsize7000_finetune_20260108-014039_model_230
✓ Model saved: results/nonsmooth_nonconvex/socp/SOCPProblem-100-50-50-10000/20260108-021338_MLP_FSNet_seed2_nepochs300_lr0.0002_trainsize7000_finetune_20260108-014039_model_230/model.pt
✓ Detailed results saved: results/nonsmooth_nonconvex/socp/SOCPProblem-100-50-50-10000/20260108-021338_MLP_FSNet_seed2_nepochs300_lr0.0002_trainsize7000_finetune_20260108-014039_model_230/results.pkl

Files saved (or attempted):
  - model.pt (model weights and architecture)
  - results.pkl (training history, metrics, detailed test results)
Training and testing completed in 818.68 seconds
Done!!!
============================================================
==========         =====================         ===========
==========   2      =====================         ===========
==========         =====================         ===========
============================================================

======= Running for problem: nonsmooth_nonconvex/socp =======

Loading problem instance: nonsmooth_nonconvex/socp with size [100, 50, 50, 10000]
Loading  dataset from: datasets/nonsmooth_nonconvex/socp/random2025_socp_dataset_var100_ineq50_eq50_ex10000 

Running on:  cuda
Training model using FSNet method with seed 3 for 300 epochs
Using batch size: 512
Loading model from checkpoint: results/nonsmooth_nonconvex/socp/SOCPProblem-100-50-50-10000/20260108-014039_MLP_sup_pen_seed1_nepochs500_lr0.0002_trainsize7000_subopt_2_1.0/model_230.pt

lr: 0.0002, weight_decay: 0.001, num_epochs: 300

Epoch 1/300, Loss: 23.5324, Obj: 23.4660, Eq Viol (l1): 0.000102, Ineq Viol (l1): 0.000000, Epoch time: 5.85s

Running validation at epoch 0...

VALIDATION_EPOCH_0 EVALUATION RESULTS:
==================================================
Objective Value:     2.315545e+01
True Objective:      -2.413704e+00
Optimality Gap:      4.070528e+01 ± 1.289081e+01
Eq Violation l1:   1.325752e-04 (max: 1.058365e-03)
Ineq Violation l1: 8.262567e-08 (max: 2.197049e-05)
Solution Distance:   2.191962e+02 ± 1.293170e+00
Merit:             2.315678e+01 ± 9.684918e-03
Avg Inference Time:  0.6189s
==================================================
Epoch 2/300, Loss: 22.0038, Obj: 21.7151, Eq Viol (l1): 0.000082, Ineq Viol (l1): 0.000000, Epoch time: 2.29s
Epoch 3/300, Loss: 21.2042, Obj: 20.6638, Eq Viol (l1): 0.000084, Ineq Viol (l1): 0.000000, Epoch time: 2.45s
Epoch 4/300, Loss: 20.5929, Obj: 20.2173, Eq Viol (l1): 0.000081, Ineq Viol (l1): 0.000000, Epoch time: 2.44s
Epoch 5/300, Loss: 19.7767, Obj: 19.3581, Eq Viol (l1): 0.000081, Ineq Viol (l1): 0.000000, Epoch time: 2.52s
Epoch 6/300, Loss: 18.7765, Obj: 18.3905, Eq Viol (l1): 0.000079, Ineq Viol (l1): 0.000000, Epoch time: 2.54s
Epoch 7/300, Loss: 17.9729, Obj: 17.5269, Eq Viol (l1): 0.000088, Ineq Viol (l1): 0.000000, Epoch time: 2.50s
Epoch 8/300, Loss: 17.3138, Obj: 16.8691, Eq Viol (l1): 0.000075, Ineq Viol (l1): 0.000000, Epoch time: 2.54s
Epoch 9/300, Loss: 16.4224, Obj: 15.9999, Eq Viol (l1): 0.000077, Ineq Viol (l1): 0.000000, Epoch time: 2.61s
Epoch 10/300, Loss: 15.2852, Obj: 14.8109, Eq Viol (l1): 0.000083, Ineq Viol (l1): 0.000000, Epoch time: 2.51s
Epoch 11/300, Loss: 14.1609, Obj: 13.6316, Eq Viol (l1): 0.000073, Ineq Viol (l1): 0.000000, Epoch time: 2.52s

Running validation at epoch 10...

VALIDATION_EPOCH_10 EVALUATION RESULTS:
==================================================
Objective Value:     1.287667e+01
True Objective:      -2.413704e+00
Optimality Gap:      2.295757e+01 ± 6.998360e+00
Eq Violation l1:   8.866132e-05 (max: 9.664602e-04)
Ineq Violation l1: 1.538056e-07 (max: 1.159071e-05)
Solution Distance:   1.690266e+02 ± 8.495016e-01
Merit:             1.287756e+01 ± 7.731543e-03
Avg Inference Time:  0.0687s
==================================================
Epoch 12/300, Loss: 13.2928, Obj: 12.7510, Eq Viol (l1): 0.000068, Ineq Viol (l1): 0.000000, Epoch time: 2.52s
Epoch 13/300, Loss: 11.7318, Obj: 11.1781, Eq Viol (l1): 0.000088, Ineq Viol (l1): 0.000000, Epoch time: 2.50s
Epoch 14/300, Loss: 10.5097, Obj: 9.9010, Eq Viol (l1): 0.000082, Ineq Viol (l1): 0.000000, Epoch time: 2.52s
Epoch 15/300, Loss: 10.2179, Obj: 9.4117, Eq Viol (l1): 0.000082, Ineq Viol (l1): 0.000000, Epoch time: 2.52s
Epoch 16/300, Loss: 9.6151, Obj: 8.9663, Eq Viol (l1): 0.000071, Ineq Viol (l1): 0.000000, Epoch time: 2.57s
Epoch 17/300, Loss: 8.9765, Obj: 8.3092, Eq Viol (l1): 0.000052, Ineq Viol (l1): 0.000000, Epoch time: 2.63s
Epoch 18/300, Loss: 8.4090, Obj: 7.6909, Eq Viol (l1): 0.000064, Ineq Viol (l1): 0.000000, Epoch time: 2.60s
Epoch 19/300, Loss: 7.6120, Obj: 6.9466, Eq Viol (l1): 0.000064, Ineq Viol (l1): 0.000000, Epoch time: 2.61s
Epoch 20/300, Loss: 6.7700, Obj: 6.0059, Eq Viol (l1): 0.000067, Ineq Viol (l1): 0.000000, Epoch time: 2.64s
Epoch 21/300, Loss: 5.2687, Obj: 4.5078, Eq Viol (l1): 0.000047, Ineq Viol (l1): 0.000000, Epoch time: 2.69s

Running validation at epoch 20...

VALIDATION_EPOCH_20 EVALUATION RESULTS:
==================================================
Objective Value:     3.273701e+00
True Objective:      -2.413704e+00
Optimality Gap:      6.427773e+00 ± 1.647588e+00
Eq Violation l1:   5.355675e-05 (max: 1.880495e-03)
Ineq Violation l1: 3.895957e-07 (max: 6.707777e-05)
Solution Distance:   1.226228e+02 ± 7.403964e-01
Merit:             3.274241e+00 ± 2.983888e-02
Avg Inference Time:  0.0788s
==================================================
Epoch 22/300, Loss: 3.4450, Obj: 2.6622, Eq Viol (l1): 0.000049, Ineq Viol (l1): 0.000000, Epoch time: 2.67s
Epoch 23/300, Loss: 2.1216, Obj: 1.4082, Eq Viol (l1): 0.000071, Ineq Viol (l1): 0.000000, Epoch time: 2.60s
Epoch 24/300, Loss: 1.8875, Obj: 1.2504, Eq Viol (l1): 0.000060, Ineq Viol (l1): 0.000000, Epoch time: 2.62s
Epoch 25/300, Loss: 1.8578, Obj: 1.2161, Eq Viol (l1): 0.000059, Ineq Viol (l1): 0.000000, Epoch time: 2.60s
Epoch 26/300, Loss: 1.6178, Obj: 1.0262, Eq Viol (l1): 0.000062, Ineq Viol (l1): 0.000000, Epoch time: 2.61s
Epoch 27/300, Loss: 1.4663, Obj: 0.9436, Eq Viol (l1): 0.000049, Ineq Viol (l1): 0.000000, Epoch time: 2.64s
Epoch 28/300, Loss: 1.4481, Obj: 0.8965, Eq Viol (l1): 0.000063, Ineq Viol (l1): 0.000000, Epoch time: 2.61s
Epoch 29/300, Loss: 1.3896, Obj: 0.8318, Eq Viol (l1): 0.000060, Ineq Viol (l1): 0.000000, Epoch time: 2.61s
Epoch 30/300, Loss: 1.4799, Obj: 0.8644, Eq Viol (l1): 0.000050, Ineq Viol (l1): 0.000000, Epoch time: 2.65s
Epoch 31/300, Loss: 1.2153, Obj: 0.7120, Eq Viol (l1): 0.000057, Ineq Viol (l1): 0.000000, Epoch time: 2.63s

Running validation at epoch 30...

VALIDATION_EPOCH_30 EVALUATION RESULTS:
==================================================
Objective Value:     5.690061e-01
True Objective:      -2.413704e+00
Optimality Gap:      1.740238e+00 ± 2.527344e-01
Eq Violation l1:   4.372039e-05 (max: 1.720343e-03)
Ineq Violation l1: 3.499112e-07 (max: 3.110498e-05)
Solution Distance:   1.073823e+02 ± 1.440787e+00
Merit:             5.694468e-01 ± 2.550838e-02
Avg Inference Time:  0.0761s
==================================================
Epoch 32/300, Loss: 1.2933, Obj: 0.7771, Eq Viol (l1): 0.000059, Ineq Viol (l1): 0.000000, Epoch time: 2.73s
Epoch 33/300, Loss: 1.1858, Obj: 0.6473, Eq Viol (l1): 0.000051, Ineq Viol (l1): 0.000000, Epoch time: 2.64s
Epoch 34/300, Loss: 1.0474, Obj: 0.5814, Eq Viol (l1): 0.000060, Ineq Viol (l1): 0.000000, Epoch time: 2.62s
Epoch 35/300, Loss: 1.0453, Obj: 0.5869, Eq Viol (l1): 0.000063, Ineq Viol (l1): 0.000000, Epoch time: 2.60s
Epoch 36/300, Loss: 1.0218, Obj: 0.4946, Eq Viol (l1): 0.000059, Ineq Viol (l1): 0.000000, Epoch time: 2.63s
Epoch 37/300, Loss: 1.0395, Obj: 0.5961, Eq Viol (l1): 0.000066, Ineq Viol (l1): 0.000000, Epoch time: 2.57s
Epoch 38/300, Loss: 1.1081, Obj: 0.4760, Eq Viol (l1): 0.000067, Ineq Viol (l1): 0.000000, Epoch time: 2.61s
Epoch 39/300, Loss: 0.9678, Obj: 0.4716, Eq Viol (l1): 0.000068, Ineq Viol (l1): 0.000000, Epoch time: 2.59s
Epoch 40/300, Loss: 0.8276, Obj: 0.3860, Eq Viol (l1): 0.000079, Ineq Viol (l1): 0.000000, Epoch time: 2.57s
Epoch 41/300, Loss: 0.8757, Obj: 0.4300, Eq Viol (l1): 0.000069, Ineq Viol (l1): 0.000000, Epoch time: 2.57s

Running validation at epoch 40...

VALIDATION_EPOCH_40 EVALUATION RESULTS:
==================================================
Objective Value:     2.605514e-01
True Objective:      -2.413704e+00
Optimality Gap:      1.173935e+00 ± 4.788202e-02
Eq Violation l1:   7.177505e-05 (max: 9.595716e-04)
Ineq Violation l1: 4.045659e-07 (max: 3.972205e-05)
Solution Distance:   1.050369e+02 ± 1.518987e+00
Merit:             2.612732e-01 ± 3.680503e-02
Avg Inference Time:  0.0707s
==================================================
Epoch 42/300, Loss: 0.8778, Obj: 0.3956, Eq Viol (l1): 0.000069, Ineq Viol (l1): 0.000000, Epoch time: 2.58s
Epoch 43/300, Loss: 0.8331, Obj: 0.3830, Eq Viol (l1): 0.000072, Ineq Viol (l1): 0.000000, Epoch time: 2.56s
Epoch 44/300, Loss: 0.6830, Obj: 0.3072, Eq Viol (l1): 0.000077, Ineq Viol (l1): 0.000000, Epoch time: 2.56s
Epoch 45/300, Loss: 0.7524, Obj: 0.2929, Eq Viol (l1): 0.000080, Ineq Viol (l1): 0.000000, Epoch time: 2.56s
Epoch 46/300, Loss: 0.6997, Obj: 0.3271, Eq Viol (l1): 0.000077, Ineq Viol (l1): 0.000000, Epoch time: 2.51s
Epoch 47/300, Loss: 0.6255, Obj: 0.2434, Eq Viol (l1): 0.000079, Ineq Viol (l1): 0.000000, Epoch time: 2.53s
Epoch 48/300, Loss: 0.5776, Obj: 0.1851, Eq Viol (l1): 0.000076, Ineq Viol (l1): 0.000000, Epoch time: 2.54s
Epoch 49/300, Loss: 0.4984, Obj: 0.1260, Eq Viol (l1): 0.000077, Ineq Viol (l1): 0.000000, Epoch time: 2.55s
Epoch 50/300, Loss: 0.4838, Obj: 0.1330, Eq Viol (l1): 0.000081, Ineq Viol (l1): 0.000000, Epoch time: 2.52s
Epoch 51/300, Loss: 0.4946, Obj: 0.1110, Eq Viol (l1): 0.000075, Ineq Viol (l1): 0.000000, Epoch time: 2.53s

Running validation at epoch 50...

VALIDATION_EPOCH_50 EVALUATION RESULTS:
==================================================
Objective Value:     1.610412e-01
True Objective:      -2.413704e+00
Optimality Gap:      8.105498e-01 ± 1.036705e-01
Eq Violation l1:   7.292011e-05 (max: 1.231107e-03)
Ineq Violation l1: 3.277935e-07 (max: 2.476362e-05)
Solution Distance:   1.047913e+02 ± 1.573335e+00
Merit:             1.617736e-01 ± 5.515848e-02
Avg Inference Time:  0.0656s
==================================================
Epoch 52/300, Loss: 0.4361, Obj: 0.0743, Eq Viol (l1): 0.000082, Ineq Viol (l1): 0.000000, Epoch time: 2.53s
Epoch 53/300, Loss: 0.3988, Obj: 0.0316, Eq Viol (l1): 0.000073, Ineq Viol (l1): 0.000000, Epoch time: 2.56s
Epoch 54/300, Loss: 0.4307, Obj: 0.0305, Eq Viol (l1): 0.000076, Ineq Viol (l1): 0.000000, Epoch time: 2.54s
Epoch 55/300, Loss: 0.4450, Obj: -0.0112, Eq Viol (l1): 0.000076, Ineq Viol (l1): 0.000000, Epoch time: 2.57s
Epoch 56/300, Loss: 0.4011, Obj: -0.0665, Eq Viol (l1): 0.000080, Ineq Viol (l1): 0.000001, Epoch time: 2.58s
Epoch 57/300, Loss: 0.3380, Obj: -0.1212, Eq Viol (l1): 0.000068, Ineq Viol (l1): 0.000000, Epoch time: 2.60s
Epoch 58/300, Loss: 0.1286, Obj: -0.3398, Eq Viol (l1): 0.000070, Ineq Viol (l1): 0.000001, Epoch time: 2.63s
Epoch 59/300, Loss: -0.0085, Obj: -0.4535, Eq Viol (l1): 0.000071, Ineq Viol (l1): 0.000001, Epoch time: 2.61s
Epoch 60/300, Loss: 0.0456, Obj: -0.6576, Eq Viol (l1): 0.000077, Ineq Viol (l1): 0.000001, Epoch time: 2.64s
Epoch 61/300, Loss: 0.1258, Obj: -0.6630, Eq Viol (l1): 0.000056, Ineq Viol (l1): 0.000001, Epoch time: 2.68s

Running validation at epoch 60...

VALIDATION_EPOCH_60 EVALUATION RESULTS:
==================================================
Objective Value:     -1.169817e+00
True Objective:      -2.413704e+00
Optimality Gap:      -1.352596e+00 ± 8.627369e-01
Eq Violation l1:   9.009264e-05 (max: 1.137875e-03)
Ineq Violation l1: 5.247033e-07 (max: 4.033396e-05)
Solution Distance:   8.972314e+01 ± 1.361222e+00
Merit:             -1.168910e+00 ± 4.642673e-02
Avg Inference Time:  0.0791s
==================================================
Epoch 62/300, Loss: -0.0930, Obj: -0.8787, Eq Viol (l1): 0.000055, Ineq Viol (l1): 0.000001, Epoch time: 2.69s
Epoch 63/300, Loss: -0.4507, Obj: -1.0759, Eq Viol (l1): 0.000057, Ineq Viol (l1): 0.000001, Epoch time: 2.68s
Epoch 64/300, Loss: -0.4918, Obj: -1.2088, Eq Viol (l1): 0.000055, Ineq Viol (l1): 0.000001, Epoch time: 2.69s
Epoch 65/300, Loss: -0.6209, Obj: -1.3446, Eq Viol (l1): 0.000050, Ineq Viol (l1): 0.000001, Epoch time: 2.71s
Epoch 66/300, Loss: -0.7110, Obj: -1.5030, Eq Viol (l1): 0.000039, Ineq Viol (l1): 0.000000, Epoch time: 2.86s
Epoch 67/300, Loss: -0.7585, Obj: -1.8734, Eq Viol (l1): 0.000035, Ineq Viol (l1): 0.000000, Epoch time: 2.80s
Epoch 68/300, Loss: -0.5545, Obj: -1.6581, Eq Viol (l1): 0.000034, Ineq Viol (l1): 0.000000, Epoch time: 2.81s
Epoch 69/300, Loss: -0.7026, Obj: -1.8982, Eq Viol (l1): 0.000021, Ineq Viol (l1): 0.000000, Epoch time: 2.88s
Epoch 70/300, Loss: -0.6848, Obj: -2.0030, Eq Viol (l1): 0.000023, Ineq Viol (l1): 0.000000, Epoch time: 2.92s
Epoch 71/300, Loss: -0.3016, Obj: -1.8772, Eq Viol (l1): 0.000028, Ineq Viol (l1): 0.000000, Epoch time: 2.84s

Running validation at epoch 70...

VALIDATION_EPOCH_70 EVALUATION RESULTS:
==================================================
Objective Value:     -1.805543e+00
True Objective:      -2.413704e+00
Optimality Gap:      -2.386260e+00 ± 1.022348e+00
Eq Violation l1:   1.340216e-05 (max: 3.434623e-03)
Ineq Violation l1: 9.511295e-08 (max: 2.386651e-05)
Solution Distance:   8.893339e+01 ± 1.470592e+00
Merit:             -1.805408e+00 ± 4.122251e-03
Avg Inference Time:  0.0965s
==================================================
Epoch 72/300, Loss: -0.5544, Obj: -1.7100, Eq Viol (l1): 0.000027, Ineq Viol (l1): 0.000000, Epoch time: 2.82s
Epoch 73/300, Loss: -0.3229, Obj: -1.6755, Eq Viol (l1): 0.000028, Ineq Viol (l1): 0.000000, Epoch time: 2.87s
Epoch 74/300, Loss: 0.1861, Obj: -1.4799, Eq Viol (l1): 0.000027, Ineq Viol (l1): 0.000000, Epoch time: 2.90s
Epoch 75/300, Loss: 0.1816, Obj: -1.7359, Eq Viol (l1): 0.000024, Ineq Viol (l1): 0.000000, Epoch time: 2.90s
Epoch 76/300, Loss: -0.8019, Obj: -2.0996, Eq Viol (l1): 0.000033, Ineq Viol (l1): 0.000000, Epoch time: 2.81s
Epoch 77/300, Loss: -0.7376, Obj: -1.8378, Eq Viol (l1): 0.000028, Ineq Viol (l1): 0.000000, Epoch time: 2.86s
Epoch 78/300, Loss: -0.6713, Obj: -1.9566, Eq Viol (l1): 0.000027, Ineq Viol (l1): 0.000000, Epoch time: 2.92s
Epoch 79/300, Loss: -0.0919, Obj: -1.9125, Eq Viol (l1): 0.000025, Ineq Viol (l1): 0.000000, Epoch time: 2.92s
Epoch 80/300, Loss: -0.8101, Obj: -2.0405, Eq Viol (l1): 0.000027, Ineq Viol (l1): 0.000000, Epoch time: 2.89s
Epoch 81/300, Loss: -1.3278, Obj: -2.2894, Eq Viol (l1): 0.000035, Ineq Viol (l1): 0.000000, Epoch time: 2.83s

Running validation at epoch 80...

VALIDATION_EPOCH_80 EVALUATION RESULTS:
==================================================
Objective Value:     -2.290472e+00
True Objective:      -2.413704e+00
Optimality Gap:      -3.467083e+00 ± 1.519399e+00
Eq Violation l1:   1.267078e-05 (max: 3.714157e-03)
Ineq Violation l1: 2.423088e-08 (max: 3.513312e-06)
Solution Distance:   8.978699e+01 ± 1.663322e+00
Merit:             -2.290345e+00 ± 3.281050e-02
Avg Inference Time:  0.0954s
==================================================
Epoch 82/300, Loss: -1.3622, Obj: -2.4002, Eq Viol (l1): 0.000030, Ineq Viol (l1): 0.000000, Epoch time: 2.87s
Epoch 83/300, Loss: -1.4412, Obj: -2.3455, Eq Viol (l1): 0.000040, Ineq Viol (l1): 0.000001, Epoch time: 2.85s
Epoch 84/300, Loss: -1.2935, Obj: -2.1731, Eq Viol (l1): 0.000028, Ineq Viol (l1): 0.000000, Epoch time: 2.83s
Epoch 85/300, Loss: -1.4663, Obj: -2.3244, Eq Viol (l1): 0.000030, Ineq Viol (l1): 0.000000, Epoch time: 2.80s
Epoch 86/300, Loss: -1.6438, Obj: -2.4638, Eq Viol (l1): 0.000028, Ineq Viol (l1): 0.000000, Epoch time: 2.84s
Epoch 87/300, Loss: -1.7479, Obj: -2.5336, Eq Viol (l1): 0.000026, Ineq Viol (l1): 0.000000, Epoch time: 2.84s
Epoch 88/300, Loss: -1.5699, Obj: -2.4027, Eq Viol (l1): 0.000030, Ineq Viol (l1): 0.000000, Epoch time: 2.84s
Epoch 89/300, Loss: -1.2634, Obj: -2.3034, Eq Viol (l1): 0.000027, Ineq Viol (l1): 0.000000, Epoch time: 2.86s
Epoch 90/300, Loss: -1.3875, Obj: -2.4336, Eq Viol (l1): 0.000032, Ineq Viol (l1): 0.000001, Epoch time: 2.85s
Epoch 91/300, Loss: -1.4196, Obj: -2.3529, Eq Viol (l1): 0.000030, Ineq Viol (l1): 0.000002, Epoch time: 2.86s

Running validation at epoch 90...

VALIDATION_EPOCH_90 EVALUATION RESULTS:
==================================================
Objective Value:     -2.751265e+00
True Objective:      -2.413704e+00
Optimality Gap:      -4.201230e+00 ± 1.719460e+00
Eq Violation l1:   3.008960e-05 (max: 2.829207e-03)
Ineq Violation l1: 4.121248e-07 (max: 1.287050e-04)
Solution Distance:   8.796678e+01 ± 1.542034e+00
Merit:             -2.750960e+00 ± 2.554586e-02
Avg Inference Time:  0.0852s
==================================================
Epoch 92/300, Loss: -1.3255, Obj: -2.2435, Eq Viol (l1): 0.000048, Ineq Viol (l1): 0.000005, Epoch time: 2.86s
Epoch 93/300, Loss: -1.0044, Obj: -2.2951, Eq Viol (l1): 0.000046, Ineq Viol (l1): 0.000001, Epoch time: 2.81s
Epoch 94/300, Loss: -1.6513, Obj: -2.3754, Eq Viol (l1): 0.000040, Ineq Viol (l1): 0.000003, Epoch time: 2.81s
Epoch 95/300, Loss: -1.5020, Obj: -2.4735, Eq Viol (l1): 0.000048, Ineq Viol (l1): 0.000003, Epoch time: 2.80s
Epoch 96/300, Loss: -1.5114, Obj: -2.3241, Eq Viol (l1): 0.000049, Ineq Viol (l1): 0.000002, Epoch time: 2.77s
Epoch 97/300, Loss: -1.8374, Obj: -2.5202, Eq Viol (l1): 0.000058, Ineq Viol (l1): 0.000003, Epoch time: 2.76s
Epoch 98/300, Loss: -1.6133, Obj: -2.4043, Eq Viol (l1): 0.000047, Ineq Viol (l1): 0.000003, Epoch time: 2.81s
Epoch 99/300, Loss: -1.3884, Obj: -2.2958, Eq Viol (l1): 0.000054, Ineq Viol (l1): 0.000003, Epoch time: 2.91s
Epoch 100/300, Loss: -1.4959, Obj: -2.1685, Eq Viol (l1): 0.000032, Ineq Viol (l1): 0.000001, Epoch time: 2.82s
Epoch 101/300, Loss: -1.7297, Obj: -2.5246, Eq Viol (l1): 0.000041, Ineq Viol (l1): 0.000001, Epoch time: 2.80s

Running validation at epoch 100...

VALIDATION_EPOCH_100 EVALUATION RESULTS:
==================================================
Objective Value:     -2.838752e+00
True Objective:      -2.413704e+00
Optimality Gap:      -4.255941e+00 ± 1.681539e+00
Eq Violation l1:   1.835885e-05 (max: 3.291696e-03)
Ineq Violation l1: 3.350504e-07 (max: 9.686019e-05)
Solution Distance:   8.979322e+01 ± 1.578222e+00
Merit:             -2.838565e+00 ± 1.674691e-02
Avg Inference Time:  0.0893s
==================================================
Epoch 102/300, Loss: -1.7762, Obj: -2.5236, Eq Viol (l1): 0.000042, Ineq Viol (l1): 0.000001, Epoch time: 2.77s
Epoch 103/300, Loss: -1.9114, Obj: -2.6019, Eq Viol (l1): 0.000033, Ineq Viol (l1): 0.000000, Epoch time: 2.79s
Epoch 104/300, Loss: -1.7907, Obj: -2.6080, Eq Viol (l1): 0.000036, Ineq Viol (l1): 0.000000, Epoch time: 2.79s
Epoch 105/300, Loss: -1.7460, Obj: -2.6007, Eq Viol (l1): 0.000033, Ineq Viol (l1): 0.000002, Epoch time: 2.84s
Epoch 106/300, Loss: -1.8265, Obj: -2.6056, Eq Viol (l1): 0.000046, Ineq Viol (l1): 0.000002, Epoch time: 2.83s
Epoch 107/300, Loss: -1.6811, Obj: -2.5753, Eq Viol (l1): 0.000031, Ineq Viol (l1): 0.000001, Epoch time: 2.82s
Epoch 108/300, Loss: -1.8338, Obj: -2.5335, Eq Viol (l1): 0.000032, Ineq Viol (l1): 0.000000, Epoch time: 2.78s
Epoch 109/300, Loss: -1.9948, Obj: -2.6482, Eq Viol (l1): 0.000034, Ineq Viol (l1): 0.000000, Epoch time: 2.79s
Epoch 110/300, Loss: -2.0717, Obj: -2.7540, Eq Viol (l1): 0.000035, Ineq Viol (l1): 0.000001, Epoch time: 2.79s
Epoch 111/300, Loss: -2.0830, Obj: -2.7334, Eq Viol (l1): 0.000032, Ineq Viol (l1): 0.000001, Epoch time: 2.81s

Running validation at epoch 110...

VALIDATION_EPOCH_110 EVALUATION RESULTS:
==================================================
Objective Value:     -2.766254e+00
True Objective:      -2.413704e+00
Optimality Gap:      -4.181881e+00 ± 1.623571e+00
Eq Violation l1:   4.149083e-05 (max: 2.181301e-03)
Ineq Violation l1: 3.352672e-07 (max: 5.567514e-05)
Solution Distance:   9.247996e+01 ± 1.644832e+00
Merit:             -2.765836e+00 ± 9.286161e-03
Avg Inference Time:  0.0784s
==================================================
Epoch 112/300, Loss: -1.9475, Obj: -2.5667, Eq Viol (l1): 0.000035, Ineq Viol (l1): 0.000002, Epoch time: 2.80s
Epoch 113/300, Loss: -1.9921, Obj: -2.6974, Eq Viol (l1): 0.000033, Ineq Viol (l1): 0.000000, Epoch time: 2.80s
Epoch 114/300, Loss: -2.0112, Obj: -2.6855, Eq Viol (l1): 0.000040, Ineq Viol (l1): 0.000001, Epoch time: 2.75s
Epoch 115/300, Loss: -2.1125, Obj: -2.6571, Eq Viol (l1): 0.000036, Ineq Viol (l1): 0.000001, Epoch time: 2.74s
Epoch 116/300, Loss: -1.9137, Obj: -2.7252, Eq Viol (l1): 0.000038, Ineq Viol (l1): 0.000000, Epoch time: 2.77s
Epoch 117/300, Loss: -1.9071, Obj: -2.5948, Eq Viol (l1): 0.000036, Ineq Viol (l1): 0.000000, Epoch time: 2.75s
Epoch 118/300, Loss: -2.0962, Obj: -2.7300, Eq Viol (l1): 0.000035, Ineq Viol (l1): 0.000000, Epoch time: 2.73s
Epoch 119/300, Loss: -2.2248, Obj: -2.7967, Eq Viol (l1): 0.000040, Ineq Viol (l1): 0.000000, Epoch time: 2.71s
Epoch 120/300, Loss: -2.2501, Obj: -2.8974, Eq Viol (l1): 0.000040, Ineq Viol (l1): 0.000000, Epoch time: 2.74s
Epoch 121/300, Loss: -2.0732, Obj: -2.6867, Eq Viol (l1): 0.000030, Ineq Viol (l1): 0.000000, Epoch time: 2.75s

Running validation at epoch 120...

VALIDATION_EPOCH_120 EVALUATION RESULTS:
==================================================
Objective Value:     -3.052938e+00
True Objective:      -2.413704e+00
Optimality Gap:      -4.701574e+00 ± 1.876977e+00
Eq Violation l1:   3.266947e-05 (max: 1.397957e-03)
Ineq Violation l1: 3.688595e-07 (max: 5.821908e-05)
Solution Distance:   9.549980e+01 ± 1.594782e+00
Merit:             -3.052608e+00 ± 6.671961e-03
Avg Inference Time:  0.0791s
==================================================
Epoch 122/300, Loss: -2.2664, Obj: -2.8365, Eq Viol (l1): 0.000036, Ineq Viol (l1): 0.000000, Epoch time: 2.72s
Epoch 123/300, Loss: -2.3302, Obj: -2.8741, Eq Viol (l1): 0.000038, Ineq Viol (l1): 0.000000, Epoch time: 2.70s
Epoch 124/300, Loss: -2.4077, Obj: -2.9005, Eq Viol (l1): 0.000032, Ineq Viol (l1): 0.000000, Epoch time: 2.71s
Epoch 125/300, Loss: -2.3606, Obj: -2.8777, Eq Viol (l1): 0.000032, Ineq Viol (l1): 0.000000, Epoch time: 2.72s
Epoch 126/300, Loss: -2.2320, Obj: -2.9237, Eq Viol (l1): 0.000041, Ineq Viol (l1): 0.000000, Epoch time: 2.68s
Epoch 127/300, Loss: -2.4784, Obj: -2.9855, Eq Viol (l1): 0.000042, Ineq Viol (l1): 0.000000, Epoch time: 2.68s
Epoch 128/300, Loss: -2.5699, Obj: -3.0334, Eq Viol (l1): 0.000037, Ineq Viol (l1): 0.000000, Epoch time: 2.67s
Epoch 129/300, Loss: -2.6943, Obj: -3.1131, Eq Viol (l1): 0.000048, Ineq Viol (l1): 0.000000, Epoch time: 2.63s
Epoch 130/300, Loss: -2.6884, Obj: -3.1188, Eq Viol (l1): 0.000050, Ineq Viol (l1): 0.000000, Epoch time: 2.61s
Epoch 131/300, Loss: -2.7108, Obj: -3.1870, Eq Viol (l1): 0.000053, Ineq Viol (l1): 0.000000, Epoch time: 2.63s

Running validation at epoch 130...

VALIDATION_EPOCH_130 EVALUATION RESULTS:
==================================================
Objective Value:     -3.387607e+00
True Objective:      -2.413704e+00
Optimality Gap:      -5.359520e+00 ± 2.168619e+00
Eq Violation l1:   6.217248e-05 (max: 1.620099e-03)
Ineq Violation l1: 4.033672e-07 (max: 9.225868e-05)
Solution Distance:   1.033875e+02 ± 1.564664e+00
Merit:             -3.386981e+00 ± 1.263329e-02
Avg Inference Time:  0.0722s
==================================================
Epoch 132/300, Loss: -2.8009, Obj: -3.2212, Eq Viol (l1): 0.000051, Ineq Viol (l1): 0.000000, Epoch time: 2.73s
Epoch 133/300, Loss: -2.7269, Obj: -3.1927, Eq Viol (l1): 0.000054, Ineq Viol (l1): 0.000000, Epoch time: 2.62s
Epoch 134/300, Loss: -2.8713, Obj: -3.2837, Eq Viol (l1): 0.000054, Ineq Viol (l1): 0.000000, Epoch time: 2.63s
Epoch 135/300, Loss: -2.9089, Obj: -3.3356, Eq Viol (l1): 0.000064, Ineq Viol (l1): 0.000000, Epoch time: 2.61s
Epoch 136/300, Loss: -2.9554, Obj: -3.3562, Eq Viol (l1): 0.000069, Ineq Viol (l1): 0.000000, Epoch time: 2.60s
Epoch 137/300, Loss: -2.9238, Obj: -3.3290, Eq Viol (l1): 0.000073, Ineq Viol (l1): 0.000000, Epoch time: 2.58s
Epoch 138/300, Loss: -2.9945, Obj: -3.3882, Eq Viol (l1): 0.000073, Ineq Viol (l1): 0.000000, Epoch time: 2.59s
Epoch 139/300, Loss: -2.9088, Obj: -3.3337, Eq Viol (l1): 0.000069, Ineq Viol (l1): 0.000000, Epoch time: 2.59s
Epoch 140/300, Loss: -3.0170, Obj: -3.4231, Eq Viol (l1): 0.000063, Ineq Viol (l1): 0.000000, Epoch time: 2.61s
Epoch 141/300, Loss: -3.0071, Obj: -3.4323, Eq Viol (l1): 0.000069, Ineq Viol (l1): 0.000000, Epoch time: 2.60s

Running validation at epoch 140...

VALIDATION_EPOCH_140 EVALUATION RESULTS:
==================================================
Objective Value:     -3.590220e+00
True Objective:      -2.413704e+00
Optimality Gap:      -5.649677e+00 ± 2.237822e+00
Eq Violation l1:   8.954960e-05 (max: 1.509423e-03)
Ineq Violation l1: 4.807879e-07 (max: 3.726112e-05)
Solution Distance:   1.080541e+02 ± 1.424009e+00
Merit:             -3.589320e+00 ± 4.764946e-02
Avg Inference Time:  0.0709s
==================================================
Epoch 142/300, Loss: -3.0143, Obj: -3.4210, Eq Viol (l1): 0.000060, Ineq Viol (l1): 0.000000, Epoch time: 2.60s
Epoch 143/300, Loss: -3.0165, Obj: -3.4308, Eq Viol (l1): 0.000066, Ineq Viol (l1): 0.000000, Epoch time: 2.60s
Epoch 144/300, Loss: -3.0790, Obj: -3.4578, Eq Viol (l1): 0.000071, Ineq Viol (l1): 0.000000, Epoch time: 2.59s
Epoch 145/300, Loss: -3.0618, Obj: -3.4568, Eq Viol (l1): 0.000069, Ineq Viol (l1): 0.000000, Epoch time: 2.61s
Epoch 146/300, Loss: -3.0457, Obj: -3.4514, Eq Viol (l1): 0.000070, Ineq Viol (l1): 0.000000, Epoch time: 2.60s
Epoch 147/300, Loss: -3.0535, Obj: -3.4245, Eq Viol (l1): 0.000065, Ineq Viol (l1): 0.000000, Epoch time: 2.61s
Epoch 148/300, Loss: -3.0796, Obj: -3.4556, Eq Viol (l1): 0.000072, Ineq Viol (l1): 0.000001, Epoch time: 2.60s
Epoch 149/300, Loss: -3.1303, Obj: -3.4908, Eq Viol (l1): 0.000068, Ineq Viol (l1): 0.000001, Epoch time: 2.60s
Epoch 150/300, Loss: -3.0669, Obj: -3.4699, Eq Viol (l1): 0.000075, Ineq Viol (l1): 0.000001, Epoch time: 2.60s
Epoch 151/300, Loss: -3.0309, Obj: -3.4637, Eq Viol (l1): 0.000061, Ineq Viol (l1): 0.000000, Epoch time: 2.61s

Running validation at epoch 150...

VALIDATION_EPOCH_150 EVALUATION RESULTS:
==================================================
Objective Value:     -3.526198e+00
True Objective:      -2.413704e+00
Optimality Gap:      -5.558142e+00 ± 2.259143e+00
Eq Violation l1:   7.739108e-05 (max: 1.530523e-03)
Ineq Violation l1: 3.796933e-07 (max: 3.922152e-05)
Solution Distance:   1.098814e+02 ± 1.476962e+00
Merit:             -3.525420e+00 ± 2.601615e-02
Avg Inference Time:  0.0720s
==================================================
Epoch 152/300, Loss: -3.0387, Obj: -3.4496, Eq Viol (l1): 0.000064, Ineq Viol (l1): 0.000000, Epoch time: 2.62s
Epoch 153/300, Loss: -3.0398, Obj: -3.5125, Eq Viol (l1): 0.000070, Ineq Viol (l1): 0.000000, Epoch time: 2.62s
Epoch 154/300, Loss: -3.0992, Obj: -3.4814, Eq Viol (l1): 0.000064, Ineq Viol (l1): 0.000000, Epoch time: 2.60s
Epoch 155/300, Loss: -3.0838, Obj: -3.4856, Eq Viol (l1): 0.000063, Ineq Viol (l1): 0.000000, Epoch time: 2.61s
Epoch 156/300, Loss: -3.1392, Obj: -3.4982, Eq Viol (l1): 0.000054, Ineq Viol (l1): 0.000000, Epoch time: 2.64s
Epoch 157/300, Loss: -3.0703, Obj: -3.4563, Eq Viol (l1): 0.000063, Ineq Viol (l1): 0.000000, Epoch time: 2.62s
Epoch 158/300, Loss: -3.1087, Obj: -3.4923, Eq Viol (l1): 0.000065, Ineq Viol (l1): 0.000000, Epoch time: 2.63s
Epoch 159/300, Loss: -3.0234, Obj: -3.4669, Eq Viol (l1): 0.000065, Ineq Viol (l1): 0.000000, Epoch time: 2.62s
Epoch 160/300, Loss: -3.0700, Obj: -3.4546, Eq Viol (l1): 0.000055, Ineq Viol (l1): 0.000000, Epoch time: 2.62s
Epoch 161/300, Loss: -3.1550, Obj: -3.5245, Eq Viol (l1): 0.000065, Ineq Viol (l1): 0.000001, Epoch time: 2.61s

Running validation at epoch 160...

VALIDATION_EPOCH_160 EVALUATION RESULTS:
==================================================
Objective Value:     -3.662926e+00
True Objective:      -2.413704e+00
Optimality Gap:      -5.781572e+00 ± 2.319133e+00
Eq Violation l1:   6.890698e-05 (max: 9.342421e-04)
Ineq Violation l1: 4.496121e-07 (max: 2.150462e-05)
Solution Distance:   1.090994e+02 ± 1.471721e+00
Merit:             -3.662233e+00 ± 2.811246e-02
Avg Inference Time:  0.0735s
==================================================
Epoch 162/300, Loss: -3.0358, Obj: -3.4749, Eq Viol (l1): 0.000063, Ineq Viol (l1): 0.000000, Epoch time: 2.61s
Epoch 163/300, Loss: -2.9444, Obj: -3.4102, Eq Viol (l1): 0.000060, Ineq Viol (l1): 0.000000, Epoch time: 2.62s
Epoch 164/300, Loss: -3.0734, Obj: -3.4827, Eq Viol (l1): 0.000065, Ineq Viol (l1): 0.000001, Epoch time: 2.72s
Epoch 165/300, Loss: -3.0595, Obj: -3.5033, Eq Viol (l1): 0.000054, Ineq Viol (l1): 0.000000, Epoch time: 2.64s
Epoch 166/300, Loss: -3.1053, Obj: -3.5020, Eq Viol (l1): 0.000066, Ineq Viol (l1): 0.000001, Epoch time: 2.60s
Epoch 167/300, Loss: -3.1022, Obj: -3.4825, Eq Viol (l1): 0.000056, Ineq Viol (l1): 0.000000, Epoch time: 2.62s
Epoch 168/300, Loss: -3.1105, Obj: -3.5297, Eq Viol (l1): 0.000068, Ineq Viol (l1): 0.000000, Epoch time: 2.63s
Epoch 169/300, Loss: -3.1067, Obj: -3.5081, Eq Viol (l1): 0.000065, Ineq Viol (l1): 0.000000, Epoch time: 2.61s
Epoch 170/300, Loss: -3.0520, Obj: -3.5087, Eq Viol (l1): 0.000065, Ineq Viol (l1): 0.000000, Epoch time: 2.61s
Epoch 171/300, Loss: -3.0628, Obj: -3.4568, Eq Viol (l1): 0.000064, Ineq Viol (l1): 0.000000, Epoch time: 2.61s

Running validation at epoch 170...

VALIDATION_EPOCH_170 EVALUATION RESULTS:
==================================================
Objective Value:     -3.350998e+00
True Objective:      -2.413704e+00
Optimality Gap:      -5.127653e+00 ± 2.122963e+00
Eq Violation l1:   5.369640e-05 (max: 1.278367e-03)
Ineq Violation l1: 3.890046e-07 (max: 3.917076e-05)
Solution Distance:   1.107106e+02 ± 1.456048e+00
Merit:             -3.350457e+00 ± 2.207527e-02
Avg Inference Time:  0.0699s
==================================================
Epoch 172/300, Loss: -3.0867, Obj: -3.5033, Eq Viol (l1): 0.000056, Ineq Viol (l1): 0.000000, Epoch time: 2.63s
Epoch 173/300, Loss: -3.1670, Obj: -3.5103, Eq Viol (l1): 0.000060, Ineq Viol (l1): 0.000001, Epoch time: 2.61s
Epoch 174/300, Loss: -3.0951, Obj: -3.5101, Eq Viol (l1): 0.000063, Ineq Viol (l1): 0.000001, Epoch time: 2.62s
Epoch 175/300, Loss: -3.1060, Obj: -3.5546, Eq Viol (l1): 0.000073, Ineq Viol (l1): 0.000001, Epoch time: 2.61s
Epoch 176/300, Loss: -3.1088, Obj: -3.4968, Eq Viol (l1): 0.000070, Ineq Viol (l1): 0.000001, Epoch time: 2.62s
Epoch 177/300, Loss: -3.0985, Obj: -3.4992, Eq Viol (l1): 0.000064, Ineq Viol (l1): 0.000000, Epoch time: 2.63s
Epoch 178/300, Loss: -3.0517, Obj: -3.4703, Eq Viol (l1): 0.000050, Ineq Viol (l1): 0.000000, Epoch time: 2.64s
Epoch 179/300, Loss: -3.0680, Obj: -3.4631, Eq Viol (l1): 0.000054, Ineq Viol (l1): 0.000000, Epoch time: 2.62s
Epoch 180/300, Loss: -3.1377, Obj: -3.5266, Eq Viol (l1): 0.000063, Ineq Viol (l1): 0.000000, Epoch time: 2.62s
Epoch 181/300, Loss: -3.0085, Obj: -3.5082, Eq Viol (l1): 0.000067, Ineq Viol (l1): 0.000000, Epoch time: 2.63s

Running validation at epoch 180...

VALIDATION_EPOCH_180 EVALUATION RESULTS:
==================================================
Objective Value:     -3.508329e+00
True Objective:      -2.413704e+00
Optimality Gap:      -5.504305e+00 ± 2.239765e+00
Eq Violation l1:   4.545659e-05 (max: 2.434339e-03)
Ineq Violation l1: 9.181776e-07 (max: 3.426707e-04)
Solution Distance:   1.104445e+02 ± 1.534968e+00
Merit:             -3.507865e+00 ± 2.435244e-02
Avg Inference Time:  0.0734s
==================================================
Epoch 182/300, Loss: -3.1256, Obj: -3.5257, Eq Viol (l1): 0.000062, Ineq Viol (l1): 0.000001, Epoch time: 2.63s
Epoch 183/300, Loss: -3.1221, Obj: -3.4942, Eq Viol (l1): 0.000059, Ineq Viol (l1): 0.000000, Epoch time: 2.62s
Epoch 184/300, Loss: -3.1092, Obj: -3.4949, Eq Viol (l1): 0.000057, Ineq Viol (l1): 0.000000, Epoch time: 2.62s
Epoch 185/300, Loss: -3.1397, Obj: -3.5502, Eq Viol (l1): 0.000064, Ineq Viol (l1): 0.000000, Epoch time: 2.63s
Epoch 186/300, Loss: -3.0763, Obj: -3.4771, Eq Viol (l1): 0.000058, Ineq Viol (l1): 0.000000, Epoch time: 2.63s
Epoch 187/300, Loss: -3.0072, Obj: -3.4820, Eq Viol (l1): 0.000062, Ineq Viol (l1): 0.000000, Epoch time: 2.64s
Epoch 188/300, Loss: -3.0234, Obj: -3.4593, Eq Viol (l1): 0.000057, Ineq Viol (l1): 0.000000, Epoch time: 2.64s
Epoch 189/300, Loss: -3.1138, Obj: -3.5113, Eq Viol (l1): 0.000056, Ineq Viol (l1): 0.000001, Epoch time: 2.62s
Epoch 190/300, Loss: -3.1417, Obj: -3.5258, Eq Viol (l1): 0.000066, Ineq Viol (l1): 0.000000, Epoch time: 2.62s
Epoch 191/300, Loss: -3.1051, Obj: -3.5236, Eq Viol (l1): 0.000064, Ineq Viol (l1): 0.000000, Epoch time: 2.63s

Running validation at epoch 190...

VALIDATION_EPOCH_190 EVALUATION RESULTS:
==================================================
Objective Value:     -3.683750e+00
True Objective:      -2.413704e+00
Optimality Gap:      -5.807202e+00 ± 2.337067e+00
Eq Violation l1:   9.284646e-05 (max: 1.115961e-03)
Ineq Violation l1: 7.812905e-07 (max: 5.668559e-05)
Solution Distance:   1.098246e+02 ± 1.407498e+00
Merit:             -3.682814e+00 ± 2.959214e-02
Avg Inference Time:  0.0712s
==================================================
Epoch 192/300, Loss: -3.1483, Obj: -3.5521, Eq Viol (l1): 0.000067, Ineq Viol (l1): 0.000001, Epoch time: 2.61s
Epoch 193/300, Loss: -3.1150, Obj: -3.5249, Eq Viol (l1): 0.000067, Ineq Viol (l1): 0.000000, Epoch time: 2.62s
Epoch 194/300, Loss: -3.1394, Obj: -3.5400, Eq Viol (l1): 0.000063, Ineq Viol (l1): 0.000000, Epoch time: 2.63s
Epoch 195/300, Loss: -3.1231, Obj: -3.5148, Eq Viol (l1): 0.000067, Ineq Viol (l1): 0.000000, Epoch time: 2.62s
Epoch 196/300, Loss: -3.1395, Obj: -3.5081, Eq Viol (l1): 0.000059, Ineq Viol (l1): 0.000000, Epoch time: 2.63s
Epoch 197/300, Loss: -3.2394, Obj: -3.5829, Eq Viol (l1): 0.000062, Ineq Viol (l1): 0.000000, Epoch time: 2.62s
Epoch 198/300, Loss: -3.1837, Obj: -3.5533, Eq Viol (l1): 0.000054, Ineq Viol (l1): 0.000000, Epoch time: 2.74s
Epoch 199/300, Loss: -3.1416, Obj: -3.5251, Eq Viol (l1): 0.000056, Ineq Viol (l1): 0.000000, Epoch time: 2.64s
Epoch 200/300, Loss: -3.0786, Obj: -3.5165, Eq Viol (l1): 0.000060, Ineq Viol (l1): 0.000000, Epoch time: 2.62s
Epoch 201/300, Loss: -3.1470, Obj: -3.5485, Eq Viol (l1): 0.000061, Ineq Viol (l1): 0.000000, Epoch time: 2.63s

Running validation at epoch 200...

VALIDATION_EPOCH_200 EVALUATION RESULTS:
==================================================
Objective Value:     -3.596816e+00
True Objective:      -2.413704e+00
Optimality Gap:      -5.653590e+00 ± 2.289168e+00
Eq Violation l1:   5.645980e-05 (max: 1.420102e-03)
Ineq Violation l1: 4.065021e-07 (max: 8.156282e-05)
Solution Distance:   1.104602e+02 ± 1.437753e+00
Merit:             -3.596247e+00 ± 2.775093e-02
Avg Inference Time:  0.0713s
==================================================
Epoch 202/300, Loss: -3.2121, Obj: -3.5666, Eq Viol (l1): 0.000069, Ineq Viol (l1): 0.000001, Epoch time: 2.62s
Epoch 203/300, Loss: -3.1953, Obj: -3.5577, Eq Viol (l1): 0.000067, Ineq Viol (l1): 0.000000, Epoch time: 2.61s
Epoch 204/300, Loss: -3.1075, Obj: -3.5099, Eq Viol (l1): 0.000067, Ineq Viol (l1): 0.000000, Epoch time: 2.60s
Epoch 205/300, Loss: -3.1383, Obj: -3.5260, Eq Viol (l1): 0.000065, Ineq Viol (l1): 0.000001, Epoch time: 2.62s
Epoch 206/300, Loss: -3.1535, Obj: -3.5359, Eq Viol (l1): 0.000067, Ineq Viol (l1): 0.000000, Epoch time: 2.61s
Epoch 207/300, Loss: -3.1602, Obj: -3.5503, Eq Viol (l1): 0.000066, Ineq Viol (l1): 0.000000, Epoch time: 2.61s
Epoch 208/300, Loss: -3.1370, Obj: -3.5343, Eq Viol (l1): 0.000064, Ineq Viol (l1): 0.000000, Epoch time: 2.63s
Epoch 209/300, Loss: -3.1373, Obj: -3.5442, Eq Viol (l1): 0.000065, Ineq Viol (l1): 0.000000, Epoch time: 2.63s
Epoch 210/300, Loss: -3.2127, Obj: -3.5652, Eq Viol (l1): 0.000060, Ineq Viol (l1): 0.000000, Epoch time: 2.62s
Epoch 211/300, Loss: -3.1714, Obj: -3.5538, Eq Viol (l1): 0.000058, Ineq Viol (l1): 0.000000, Epoch time: 2.63s

Running validation at epoch 210...

VALIDATION_EPOCH_210 EVALUATION RESULTS:
==================================================
Objective Value:     -3.545433e+00
True Objective:      -2.413704e+00
Optimality Gap:      -5.546459e+00 ± 2.230753e+00
Eq Violation l1:   5.182271e-05 (max: 2.074371e-03)
Ineq Violation l1: 6.865534e-07 (max: 1.404649e-04)
Solution Distance:   1.105224e+02 ± 1.439181e+00
Merit:             -3.544908e+00 ± 2.910466e-02
Avg Inference Time:  0.0732s
==================================================
Epoch 212/300, Loss: -3.0591, Obj: -3.5582, Eq Viol (l1): 0.000059, Ineq Viol (l1): 0.000001, Epoch time: 2.65s
Epoch 213/300, Loss: -3.1275, Obj: -3.5338, Eq Viol (l1): 0.000057, Ineq Viol (l1): 0.000000, Epoch time: 2.64s
Epoch 214/300, Loss: -3.1946, Obj: -3.5610, Eq Viol (l1): 0.000064, Ineq Viol (l1): 0.000000, Epoch time: 2.62s
Epoch 215/300, Loss: -3.2031, Obj: -3.5713, Eq Viol (l1): 0.000063, Ineq Viol (l1): 0.000000, Epoch time: 2.62s
Epoch 216/300, Loss: -3.0167, Obj: -3.5722, Eq Viol (l1): 0.000066, Ineq Viol (l1): 0.000000, Epoch time: 2.65s
Epoch 217/300, Loss: -3.0195, Obj: -3.4230, Eq Viol (l1): 0.000057, Ineq Viol (l1): 0.000000, Epoch time: 2.62s
Epoch 218/300, Loss: -3.1452, Obj: -3.5403, Eq Viol (l1): 0.000066, Ineq Viol (l1): 0.000000, Epoch time: 2.61s
Epoch 219/300, Loss: -3.1600, Obj: -3.5406, Eq Viol (l1): 0.000053, Ineq Viol (l1): 0.000000, Epoch time: 2.63s
Epoch 220/300, Loss: -3.1184, Obj: -3.5377, Eq Viol (l1): 0.000069, Ineq Viol (l1): 0.000000, Epoch time: 2.62s
Epoch 221/300, Loss: -3.2225, Obj: -3.5745, Eq Viol (l1): 0.000062, Ineq Viol (l1): 0.000000, Epoch time: 2.61s

Running validation at epoch 220...

VALIDATION_EPOCH_220 EVALUATION RESULTS:
==================================================
Objective Value:     -3.617895e+00
True Objective:      -2.413704e+00
Optimality Gap:      -5.709334e+00 ± 2.322956e+00
Eq Violation l1:   5.558967e-05 (max: 1.897750e-03)
Ineq Violation l1: 3.230554e-07 (max: 3.186791e-05)
Solution Distance:   1.107871e+02 ± 1.409407e+00
Merit:             -3.617336e+00 ± 2.681095e-02
Avg Inference Time:  0.0721s
==================================================
Epoch 222/300, Loss: -3.2018, Obj: -3.5695, Eq Viol (l1): 0.000063, Ineq Viol (l1): 0.000001, Epoch time: 2.63s
Epoch 223/300, Loss: -3.1234, Obj: -3.5337, Eq Viol (l1): 0.000056, Ineq Viol (l1): 0.000000, Epoch time: 2.63s
Epoch 224/300, Loss: -3.1266, Obj: -3.5274, Eq Viol (l1): 0.000061, Ineq Viol (l1): 0.000000, Epoch time: 2.63s
Epoch 225/300, Loss: -3.1295, Obj: -3.5395, Eq Viol (l1): 0.000051, Ineq Viol (l1): 0.000000, Epoch time: 2.67s
Epoch 226/300, Loss: -3.0849, Obj: -3.5500, Eq Viol (l1): 0.000061, Ineq Viol (l1): 0.000000, Epoch time: 2.64s
Epoch 227/300, Loss: -3.1063, Obj: -3.5309, Eq Viol (l1): 0.000063, Ineq Viol (l1): 0.000000, Epoch time: 2.63s
Epoch 228/300, Loss: -3.1356, Obj: -3.5505, Eq Viol (l1): 0.000056, Ineq Viol (l1): 0.000000, Epoch time: 2.64s
Epoch 229/300, Loss: -3.1768, Obj: -3.5685, Eq Viol (l1): 0.000058, Ineq Viol (l1): 0.000000, Epoch time: 2.64s
Epoch 230/300, Loss: -3.1625, Obj: -3.5647, Eq Viol (l1): 0.000063, Ineq Viol (l1): 0.000000, Epoch time: 2.74s
Epoch 231/300, Loss: -3.0161, Obj: -3.4897, Eq Viol (l1): 0.000064, Ineq Viol (l1): 0.000000, Epoch time: 2.62s

Running validation at epoch 230...

VALIDATION_EPOCH_230 EVALUATION RESULTS:
==================================================
Objective Value:     -3.658292e+00
True Objective:      -2.413704e+00
Optimality Gap:      -5.710688e+00 ± 2.296838e+00
Eq Violation l1:   6.387430e-05 (max: 9.042233e-04)
Ineq Violation l1: 3.887116e-07 (max: 2.768305e-05)
Solution Distance:   1.097705e+02 ± 1.418601e+00
Merit:             -3.657649e+00 ± 2.797365e-02
Avg Inference Time:  0.0733s
==================================================
Epoch 232/300, Loss: -3.1161, Obj: -3.5296, Eq Viol (l1): 0.000060, Ineq Viol (l1): 0.000000, Epoch time: 2.63s
Epoch 233/300, Loss: -3.1459, Obj: -3.5545, Eq Viol (l1): 0.000063, Ineq Viol (l1): 0.000000, Epoch time: 2.62s
Epoch 234/300, Loss: -3.1682, Obj: -3.5617, Eq Viol (l1): 0.000056, Ineq Viol (l1): 0.000000, Epoch time: 2.65s
Epoch 235/300, Loss: -3.1037, Obj: -3.5144, Eq Viol (l1): 0.000058, Ineq Viol (l1): 0.000000, Epoch time: 2.62s
Epoch 236/300, Loss: -3.1091, Obj: -3.5215, Eq Viol (l1): 0.000052, Ineq Viol (l1): 0.000000, Epoch time: 2.64s
Epoch 237/300, Loss: -3.1292, Obj: -3.5692, Eq Viol (l1): 0.000066, Ineq Viol (l1): 0.000001, Epoch time: 2.64s
Epoch 238/300, Loss: -3.1495, Obj: -3.5602, Eq Viol (l1): 0.000059, Ineq Viol (l1): 0.000000, Epoch time: 2.65s
Epoch 239/300, Loss: -3.1484, Obj: -3.5362, Eq Viol (l1): 0.000062, Ineq Viol (l1): 0.000000, Epoch time: 2.61s
Epoch 240/300, Loss: -3.1069, Obj: -3.5324, Eq Viol (l1): 0.000056, Ineq Viol (l1): 0.000000, Epoch time: 2.63s
Epoch 241/300, Loss: -3.2459, Obj: -3.5997, Eq Viol (l1): 0.000065, Ineq Viol (l1): 0.000000, Epoch time: 2.63s

Running validation at epoch 240...

VALIDATION_EPOCH_240 EVALUATION RESULTS:
==================================================
Objective Value:     -3.574359e+00
True Objective:      -2.413704e+00
Optimality Gap:      -5.588018e+00 ± 2.281862e+00
Eq Violation l1:   5.263221e-05 (max: 1.340063e-03)
Ineq Violation l1: 3.927728e-07 (max: 4.332172e-05)
Solution Distance:   1.106038e+02 ± 1.412748e+00
Merit:             -3.573829e+00 ± 3.034474e-02
Avg Inference Time:  0.0712s
==================================================
Epoch 242/300, Loss: -3.2124, Obj: -3.5627, Eq Viol (l1): 0.000059, Ineq Viol (l1): 0.000000, Epoch time: 2.64s
Epoch 243/300, Loss: -3.2646, Obj: -3.6000, Eq Viol (l1): 0.000061, Ineq Viol (l1): 0.000000, Epoch time: 2.63s
Epoch 244/300, Loss: -3.1718, Obj: -3.5461, Eq Viol (l1): 0.000063, Ineq Viol (l1): 0.000000, Epoch time: 2.63s
Epoch 245/300, Loss: -3.1927, Obj: -3.5828, Eq Viol (l1): 0.000061, Ineq Viol (l1): 0.000000, Epoch time: 2.64s
Epoch 246/300, Loss: -3.2030, Obj: -3.5665, Eq Viol (l1): 0.000057, Ineq Viol (l1): 0.000000, Epoch time: 2.64s
Epoch 247/300, Loss: -3.2077, Obj: -3.5651, Eq Viol (l1): 0.000058, Ineq Viol (l1): 0.000000, Epoch time: 2.63s
Epoch 248/300, Loss: -3.2066, Obj: -3.5920, Eq Viol (l1): 0.000054, Ineq Viol (l1): 0.000000, Epoch time: 2.66s
Epoch 249/300, Loss: -3.1880, Obj: -3.5685, Eq Viol (l1): 0.000048, Ineq Viol (l1): 0.000000, Epoch time: 2.66s
Epoch 250/300, Loss: -3.2308, Obj: -3.5712, Eq Viol (l1): 0.000060, Ineq Viol (l1): 0.000000, Epoch time: 2.63s
Epoch 251/300, Loss: -3.1775, Obj: -3.5605, Eq Viol (l1): 0.000051, Ineq Viol (l1): 0.000000, Epoch time: 2.66s

Running validation at epoch 250...

VALIDATION_EPOCH_250 EVALUATION RESULTS:
==================================================
Objective Value:     -3.587977e+00
True Objective:      -2.413704e+00
Optimality Gap:      -5.649065e+00 ± 2.287651e+00
Eq Violation l1:   5.807237e-05 (max: 1.645039e-03)
Ineq Violation l1: 8.747159e-07 (max: 1.606131e-04)
Solution Distance:   1.096284e+02 ± 1.448459e+00
Merit:             -3.587387e+00 ± 2.885271e-02
Avg Inference Time:  0.0753s
==================================================
Epoch 252/300, Loss: -3.1168, Obj: -3.5278, Eq Viol (l1): 0.000049, Ineq Viol (l1): 0.000000, Epoch time: 2.65s
Epoch 253/300, Loss: -3.2191, Obj: -3.5942, Eq Viol (l1): 0.000069, Ineq Viol (l1): 0.000001, Epoch time: 2.62s
Epoch 254/300, Loss: -3.2070, Obj: -3.5583, Eq Viol (l1): 0.000059, Ineq Viol (l1): 0.000000, Epoch time: 2.62s
Epoch 255/300, Loss: -3.1230, Obj: -3.4976, Eq Viol (l1): 0.000061, Ineq Viol (l1): 0.000000, Epoch time: 2.62s
Epoch 256/300, Loss: -3.2068, Obj: -3.5904, Eq Viol (l1): 0.000057, Ineq Viol (l1): 0.000000, Epoch time: 2.65s
Epoch 257/300, Loss: -3.1112, Obj: -3.5252, Eq Viol (l1): 0.000052, Ineq Viol (l1): 0.000000, Epoch time: 2.65s
Epoch 258/300, Loss: -3.1605, Obj: -3.5558, Eq Viol (l1): 0.000058, Ineq Viol (l1): 0.000001, Epoch time: 2.64s
Epoch 259/300, Loss: -3.2294, Obj: -3.5775, Eq Viol (l1): 0.000057, Ineq Viol (l1): 0.000000, Epoch time: 2.64s
Epoch 260/300, Loss: -3.2144, Obj: -3.5845, Eq Viol (l1): 0.000058, Ineq Viol (l1): 0.000000, Epoch time: 2.64s
Epoch 261/300, Loss: -3.1437, Obj: -3.5411, Eq Viol (l1): 0.000054, Ineq Viol (l1): 0.000000, Epoch time: 2.66s

Running validation at epoch 260...

VALIDATION_EPOCH_260 EVALUATION RESULTS:
==================================================
Objective Value:     -3.651475e+00
True Objective:      -2.413704e+00
Optimality Gap:      -5.698574e+00 ± 2.310674e+00
Eq Violation l1:   6.117564e-05 (max: 1.789120e-03)
Ineq Violation l1: 5.473159e-07 (max: 5.902545e-05)
Solution Distance:   1.102182e+02 ± 1.399473e+00
Merit:             -3.650858e+00 ± 3.445017e-02
Avg Inference Time:  0.0737s
==================================================
Epoch 262/300, Loss: -3.2214, Obj: -3.5652, Eq Viol (l1): 0.000055, Ineq Viol (l1): 0.000000, Epoch time: 2.73s
Epoch 263/300, Loss: -3.2379, Obj: -3.5822, Eq Viol (l1): 0.000058, Ineq Viol (l1): 0.000000, Epoch time: 2.63s
Epoch 264/300, Loss: -3.1952, Obj: -3.5800, Eq Viol (l1): 0.000063, Ineq Viol (l1): 0.000000, Epoch time: 2.63s
Epoch 265/300, Loss: -3.1259, Obj: -3.5640, Eq Viol (l1): 0.000061, Ineq Viol (l1): 0.000000, Epoch time: 2.63s
Epoch 266/300, Loss: -3.2301, Obj: -3.5727, Eq Viol (l1): 0.000060, Ineq Viol (l1): 0.000001, Epoch time: 2.63s
Epoch 267/300, Loss: -3.2527, Obj: -3.5847, Eq Viol (l1): 0.000052, Ineq Viol (l1): 0.000001, Epoch time: 2.63s
Epoch 268/300, Loss: -3.2270, Obj: -3.5928, Eq Viol (l1): 0.000060, Ineq Viol (l1): 0.000000, Epoch time: 2.64s
Epoch 269/300, Loss: -3.2135, Obj: -3.5973, Eq Viol (l1): 0.000058, Ineq Viol (l1): 0.000000, Epoch time: 2.64s
Epoch 270/300, Loss: -3.1407, Obj: -3.5463, Eq Viol (l1): 0.000064, Ineq Viol (l1): 0.000000, Epoch time: 2.62s
Epoch 271/300, Loss: -3.2169, Obj: -3.5713, Eq Viol (l1): 0.000062, Ineq Viol (l1): 0.000000, Epoch time: 2.63s

Running validation at epoch 270...

VALIDATION_EPOCH_270 EVALUATION RESULTS:
==================================================
Objective Value:     -3.648455e+00
True Objective:      -2.413704e+00
Optimality Gap:      -5.698241e+00 ± 2.283309e+00
Eq Violation l1:   4.428930e-05 (max: 9.088974e-04)
Ineq Violation l1: 2.325391e-07 (max: 3.083675e-05)
Solution Distance:   1.102732e+02 ± 1.468914e+00
Merit:             -3.648009e+00 ± 2.825593e-02
Avg Inference Time:  0.0736s
==================================================
Epoch 272/300, Loss: -3.2420, Obj: -3.6016, Eq Viol (l1): 0.000059, Ineq Viol (l1): 0.000000, Epoch time: 2.63s
Epoch 273/300, Loss: -3.2047, Obj: -3.5849, Eq Viol (l1): 0.000055, Ineq Viol (l1): 0.000001, Epoch time: 2.64s
Epoch 274/300, Loss: -3.2288, Obj: -3.5943, Eq Viol (l1): 0.000053, Ineq Viol (l1): 0.000000, Epoch time: 2.66s
Epoch 275/300, Loss: -3.2227, Obj: -3.5776, Eq Viol (l1): 0.000058, Ineq Viol (l1): 0.000000, Epoch time: 2.63s
Epoch 276/300, Loss: -3.1398, Obj: -3.5482, Eq Viol (l1): 0.000050, Ineq Viol (l1): 0.000001, Epoch time: 2.64s
Epoch 277/300, Loss: -3.1833, Obj: -3.5939, Eq Viol (l1): 0.000059, Ineq Viol (l1): 0.000000, Epoch time: 2.65s
Epoch 278/300, Loss: -3.0578, Obj: -3.5111, Eq Viol (l1): 0.000053, Ineq Viol (l1): 0.000000, Epoch time: 2.65s
Epoch 279/300, Loss: -3.2358, Obj: -3.5909, Eq Viol (l1): 0.000057, Ineq Viol (l1): 0.000001, Epoch time: 2.63s
Epoch 280/300, Loss: -3.2845, Obj: -3.6141, Eq Viol (l1): 0.000059, Ineq Viol (l1): 0.000001, Epoch time: 2.64s
Epoch 281/300, Loss: -3.2812, Obj: -3.6075, Eq Viol (l1): 0.000067, Ineq Viol (l1): 0.000001, Epoch time: 2.62s

Running validation at epoch 280...

VALIDATION_EPOCH_280 EVALUATION RESULTS:
==================================================
Objective Value:     -3.639783e+00
True Objective:      -2.413704e+00
Optimality Gap:      -5.649919e+00 ± 2.264148e+00
Eq Violation l1:   7.284262e-05 (max: 2.122491e-03)
Ineq Violation l1: 5.443041e-07 (max: 9.125422e-05)
Solution Distance:   1.098201e+02 ± 1.392816e+00
Merit:             -3.639049e+00 ± 2.811280e-02
Avg Inference Time:  0.0713s
==================================================
Epoch 282/300, Loss: -3.2635, Obj: -3.5991, Eq Viol (l1): 0.000062, Ineq Viol (l1): 0.000000, Epoch time: 2.63s
Epoch 283/300, Loss: -3.2085, Obj: -3.5716, Eq Viol (l1): 0.000059, Ineq Viol (l1): 0.000000, Epoch time: 2.62s
Epoch 284/300, Loss: -3.2691, Obj: -3.6086, Eq Viol (l1): 0.000061, Ineq Viol (l1): 0.000000, Epoch time: 2.63s
Epoch 285/300, Loss: -3.2559, Obj: -3.6106, Eq Viol (l1): 0.000065, Ineq Viol (l1): 0.000000, Epoch time: 2.62s
Epoch 286/300, Loss: -3.2090, Obj: -3.5864, Eq Viol (l1): 0.000059, Ineq Viol (l1): 0.000000, Epoch time: 2.64s
Epoch 287/300, Loss: -3.2014, Obj: -3.5606, Eq Viol (l1): 0.000059, Ineq Viol (l1): 0.000000, Epoch time: 2.65s
Epoch 288/300, Loss: -3.1712, Obj: -3.5974, Eq Viol (l1): 0.000057, Ineq Viol (l1): 0.000000, Epoch time: 2.64s
Epoch 289/300, Loss: -3.1325, Obj: -3.5380, Eq Viol (l1): 0.000055, Ineq Viol (l1): 0.000000, Epoch time: 2.63s
Epoch 290/300, Loss: -3.2219, Obj: -3.5800, Eq Viol (l1): 0.000058, Ineq Viol (l1): 0.000000, Epoch time: 2.63s
Epoch 291/300, Loss: -3.2438, Obj: -3.5867, Eq Viol (l1): 0.000055, Ineq Viol (l1): 0.000000, Epoch time: 2.64s

Running validation at epoch 290...

VALIDATION_EPOCH_290 EVALUATION RESULTS:
==================================================
Objective Value:     -3.606490e+00
True Objective:      -2.413704e+00
Optimality Gap:      -5.562567e+00 ± 2.237553e+00
Eq Violation l1:   5.366971e-05 (max: 1.318669e-03)
Ineq Violation l1: 3.378036e-07 (max: 2.628537e-05)
Solution Distance:   1.102063e+02 ± 1.381485e+00
Merit:             -3.605950e+00 ± 2.740732e-02
Avg Inference Time:  0.0736s
==================================================
Epoch 292/300, Loss: -3.2090, Obj: -3.5739, Eq Viol (l1): 0.000063, Ineq Viol (l1): 0.000000, Epoch time: 2.64s
Epoch 293/300, Loss: -3.1051, Obj: -3.5270, Eq Viol (l1): 0.000053, Ineq Viol (l1): 0.000000, Epoch time: 2.64s
Epoch 294/300, Loss: -3.1882, Obj: -3.5829, Eq Viol (l1): 0.000057, Ineq Viol (l1): 0.000000, Epoch time: 2.64s
Epoch 295/300, Loss: -3.1958, Obj: -3.5658, Eq Viol (l1): 0.000064, Ineq Viol (l1): 0.000000, Epoch time: 2.63s
Epoch 296/300, Loss: -3.1136, Obj: -3.5629, Eq Viol (l1): 0.000059, Ineq Viol (l1): 0.000000, Epoch time: 2.75s
Epoch 297/300, Loss: -3.1769, Obj: -3.5532, Eq Viol (l1): 0.000053, Ineq Viol (l1): 0.000000, Epoch time: 2.65s
Epoch 298/300, Loss: -3.2246, Obj: -3.5789, Eq Viol (l1): 0.000055, Ineq Viol (l1): 0.000001, Epoch time: 2.64s
Epoch 299/300, Loss: -3.1871, Obj: -3.5619, Eq Viol (l1): 0.000055, Ineq Viol (l1): 0.000000, Epoch time: 2.64s
Epoch 300/300, Loss: -3.2065, Obj: -3.5785, Eq Viol (l1): 0.000054, Ineq Viol (l1): 0.000000, Epoch time: 2.64s

Training completed in 806.20 seconds.

============================================================
COMPREHENSIVE TEST EVALUATION WITH DETAILED RESULTS
============================================================
Testing with batch sizes: [256, 512]

Evaluating with batch size: 256 (with detailed results)

TEST_BS256 EVALUATION RESULTS:
==================================================
Objective Value:     -3.568060e+00
True Objective:      -2.409220e+00
Optimality Gap:      -7.945167e+00 ± 8.712470e+00
Eq Violation l1:   4.378356e-05 (max: 1.531231e-03)
Ineq Violation l1: 4.381966e-07 (max: 6.505550e-05)
Solution Distance:   1.114920e+02 ± 2.461261e+00
Merit:             -3.567618e+00 ± 6.219603e-02
Avg Inference Time:  0.0644s
==================================================

Evaluating with batch size: 512 (with detailed results)

TEST_BS512 EVALUATION RESULTS:
==================================================
Objective Value:     -3.566858e+00
True Objective:      -2.408634e+00
Optimality Gap:      -7.906622e+00 ± 5.451914e+00
Eq Violation l1:   3.792456e-05 (max: 2.169951e-03)
Ineq Violation l1: 4.572059e-07 (max: 1.066229e-04)
Solution Distance:   1.115509e+02 ± 1.805218e+00
Merit:             -3.566474e+00 ± 4.064575e-02
Avg Inference Time:  0.0727s
==================================================

TEST BATCH SIZE COMPARISON:
================================================================================
Batch Size   Objective    Opt Gap      Eq Viol      Ineq Viol    Time (s)  
--------------------------------------------------------------------------------
256          -3.5681e+00  -7.9452e+00  4.3784e-05   4.3820e-07   0.51      
512          -3.5669e+00  -7.9066e+00  3.7925e-05   4.5721e-07   0.29      
================================================================================

Saving model and results to: results/nonsmooth_nonconvex/socp/SOCPProblem-100-50-50-10000/20260108-022723_MLP_FSNet_seed3_nepochs300_lr0.0002_trainsize7000_finetune_20260108-014039_model_230
✓ Model saved: results/nonsmooth_nonconvex/socp/SOCPProblem-100-50-50-10000/20260108-022723_MLP_FSNet_seed3_nepochs300_lr0.0002_trainsize7000_finetune_20260108-014039_model_230/model.pt
✓ Detailed results saved: results/nonsmooth_nonconvex/socp/SOCPProblem-100-50-50-10000/20260108-022723_MLP_FSNet_seed3_nepochs300_lr0.0002_trainsize7000_finetune_20260108-014039_model_230/results.pkl

Files saved (or attempted):
  - model.pt (model weights and architecture)
  - results.pkl (training history, metrics, detailed test results)
Training and testing completed in 808.74 seconds
Done!!!
============================================================
==========         =====================         ===========
==========   3      =====================         ===========
==========         =====================         ===========
============================================================
