==============================================
 Job started at: 2026-01-08 03:22:23
 Job ID: 7809574
 Node: node3008
==============================================

======= Running for problem: nonsmooth_nonconvex/socp =======

Loading problem instance: nonsmooth_nonconvex/socp with size [100, 50, 50, 10000]
Loading  dataset from: datasets/nonsmooth_nonconvex/socp/random2025_socp_dataset_var100_ineq50_eq50_ex10000 

Running on:  cuda
Training model using FSNet method with seed 0 for 300 epochs
Using batch size: 512
Loading model from checkpoint: results/nonsmooth_nonconvex/socp/SOCPProblem-100-50-50-10000/20260108-031455_MLP_sup_pen_seed1_nepochs500_lr0.0002_trainsize1000_subopt_2_1.0/model_470.pt

lr: 0.0002, weight_decay: 0.001, num_epochs: 300

Epoch 1/300, Loss: 26.1870, Obj: 26.1060, Eq Viol (l1): 0.000130, Ineq Viol (l1): 0.000000, Epoch time: 5.80s

Running validation at epoch 0...

VALIDATION_EPOCH_0 EVALUATION RESULTS:
==================================================
Objective Value:     2.580330e+01
True Objective:      -2.413704e+00
Optimality Gap:      4.571167e+01 ± 1.513392e+01
Eq Violation l1:   1.544170e-04 (max: 5.400345e-04)
Ineq Violation l1: 0.000000e+00 (max: 0.000000e+00)
Solution Distance:   2.336015e+02 ± 1.313683e+00
Merit:             2.580484e+01 ± 4.923203e-02
Avg Inference Time:  0.5967s
==================================================
Epoch 2/300, Loss: 24.5711, Obj: 24.2988, Eq Viol (l1): 0.000096, Ineq Viol (l1): 0.000000, Epoch time: 2.14s
Epoch 3/300, Loss: 23.5679, Obj: 23.0630, Eq Viol (l1): 0.000100, Ineq Viol (l1): 0.000000, Epoch time: 2.31s
Epoch 4/300, Loss: 22.7029, Obj: 22.3376, Eq Viol (l1): 0.000102, Ineq Viol (l1): 0.000000, Epoch time: 2.29s
Epoch 5/300, Loss: 21.7730, Obj: 21.4326, Eq Viol (l1): 0.000098, Ineq Viol (l1): 0.000000, Epoch time: 2.32s
Epoch 6/300, Loss: 20.7422, Obj: 20.3629, Eq Viol (l1): 0.000092, Ineq Viol (l1): 0.000000, Epoch time: 2.40s
Epoch 7/300, Loss: 19.4577, Obj: 19.0488, Eq Viol (l1): 0.000085, Ineq Viol (l1): 0.000001, Epoch time: 2.53s
Epoch 8/300, Loss: 17.2862, Obj: 16.7769, Eq Viol (l1): 0.000081, Ineq Viol (l1): 0.000001, Epoch time: 2.61s
Epoch 9/300, Loss: 14.1009, Obj: 13.3625, Eq Viol (l1): 0.000078, Ineq Viol (l1): 0.000000, Epoch time: 2.62s
Epoch 10/300, Loss: 11.1113, Obj: 10.0027, Eq Viol (l1): 0.000039, Ineq Viol (l1): 0.000000, Epoch time: 2.77s
Epoch 11/300, Loss: 7.3967, Obj: 6.2345, Eq Viol (l1): 0.000066, Ineq Viol (l1): 0.000000, Epoch time: 2.63s

Running validation at epoch 10...

VALIDATION_EPOCH_10 EVALUATION RESULTS:
==================================================
Objective Value:     3.025290e+00
True Objective:      -2.413704e+00
Optimality Gap:      6.144896e+00 ± 1.900204e+00
Eq Violation l1:   7.826990e-05 (max: 1.353069e-03)
Ineq Violation l1: 2.041643e-07 (max: 2.409841e-05)
Solution Distance:   1.326351e+02 ± 6.788928e-01
Merit:             3.026075e+00 ± 9.837475e-03
Avg Inference Time:  0.0687s
==================================================
Epoch 12/300, Loss: 2.7639, Obj: 1.9411, Eq Viol (l1): 0.000080, Ineq Viol (l1): 0.000000, Epoch time: 2.50s
Epoch 13/300, Loss: 1.6065, Obj: 0.8187, Eq Viol (l1): 0.000081, Ineq Viol (l1): 0.000000, Epoch time: 2.51s
Epoch 14/300, Loss: 0.9261, Obj: 0.1305, Eq Viol (l1): 0.000078, Ineq Viol (l1): 0.000000, Epoch time: 2.55s
Epoch 15/300, Loss: 1.0119, Obj: 0.1867, Eq Viol (l1): 0.000080, Ineq Viol (l1): 0.000000, Epoch time: 2.49s
Epoch 16/300, Loss: 0.5726, Obj: -0.1122, Eq Viol (l1): 0.000078, Ineq Viol (l1): 0.000000, Epoch time: 2.50s
Epoch 17/300, Loss: 0.5330, Obj: -0.1216, Eq Viol (l1): 0.000075, Ineq Viol (l1): 0.000000, Epoch time: 2.50s
Epoch 18/300, Loss: 0.4381, Obj: -0.1532, Eq Viol (l1): 0.000072, Ineq Viol (l1): 0.000000, Epoch time: 2.49s
Epoch 19/300, Loss: 0.4527, Obj: -0.2278, Eq Viol (l1): 0.000071, Ineq Viol (l1): 0.000000, Epoch time: 2.51s
Epoch 20/300, Loss: 0.1962, Obj: -0.2945, Eq Viol (l1): 0.000079, Ineq Viol (l1): 0.000000, Epoch time: 2.45s
Epoch 21/300, Loss: 0.1821, Obj: -0.3455, Eq Viol (l1): 0.000076, Ineq Viol (l1): 0.000000, Epoch time: 2.50s

Running validation at epoch 20...

VALIDATION_EPOCH_20 EVALUATION RESULTS:
==================================================
Objective Value:     -5.393993e-01
True Objective:      -2.413704e+00
Optimality Gap:      -5.291173e-02 ± 1.460761e-01
Eq Violation l1:   7.266752e-05 (max: 1.255513e-03)
Ineq Violation l1: 5.020643e-07 (max: 3.818526e-05)
Solution Distance:   1.237744e+02 ± 5.740447e-01
Merit:             -5.386676e-01 ± 1.929059e-03
Avg Inference Time:  0.0664s
==================================================
Epoch 22/300, Loss: 0.1453, Obj: -0.3683, Eq Viol (l1): 0.000073, Ineq Viol (l1): 0.000000, Epoch time: 2.47s
Epoch 23/300, Loss: 0.0922, Obj: -0.3904, Eq Viol (l1): 0.000073, Ineq Viol (l1): 0.000000, Epoch time: 2.48s
Epoch 24/300, Loss: 0.0853, Obj: -0.3940, Eq Viol (l1): 0.000074, Ineq Viol (l1): 0.000000, Epoch time: 2.47s
Epoch 25/300, Loss: 0.0862, Obj: -0.4140, Eq Viol (l1): 0.000081, Ineq Viol (l1): 0.000000, Epoch time: 2.43s
Epoch 26/300, Loss: 0.1065, Obj: -0.3534, Eq Viol (l1): 0.000084, Ineq Viol (l1): 0.000001, Epoch time: 2.40s
Epoch 27/300, Loss: 0.1350, Obj: -0.3581, Eq Viol (l1): 0.000073, Ineq Viol (l1): 0.000000, Epoch time: 2.45s
Epoch 28/300, Loss: 0.0471, Obj: -0.4132, Eq Viol (l1): 0.000083, Ineq Viol (l1): 0.000001, Epoch time: 2.43s
Epoch 29/300, Loss: -0.0386, Obj: -0.4909, Eq Viol (l1): 0.000079, Ineq Viol (l1): 0.000001, Epoch time: 2.46s
Epoch 30/300, Loss: 0.0697, Obj: -0.4090, Eq Viol (l1): 0.000083, Ineq Viol (l1): 0.000000, Epoch time: 2.43s
Epoch 31/300, Loss: 0.0825, Obj: -0.4227, Eq Viol (l1): 0.000082, Ineq Viol (l1): 0.000001, Epoch time: 2.48s

Running validation at epoch 30...

VALIDATION_EPOCH_30 EVALUATION RESULTS:
==================================================
Objective Value:     -5.317939e-01
True Objective:      -2.413704e+00
Optimality Gap:      4.501999e-02 ± 1.899720e-02
Eq Violation l1:   7.387204e-05 (max: 1.308398e-03)
Ineq Violation l1: 4.902381e-07 (max: 5.814324e-05)
Solution Distance:   1.242116e+02 ± 5.771998e-01
Merit:             -5.310503e-01 ± 5.106333e-03
Avg Inference Time:  0.0651s
==================================================
Epoch 32/300, Loss: -0.0547, Obj: -0.5045, Eq Viol (l1): 0.000081, Ineq Viol (l1): 0.000001, Epoch time: 2.44s
Epoch 33/300, Loss: -0.0690, Obj: -0.5038, Eq Viol (l1): 0.000082, Ineq Viol (l1): 0.000000, Epoch time: 2.52s
Epoch 34/300, Loss: -0.0899, Obj: -0.5248, Eq Viol (l1): 0.000070, Ineq Viol (l1): 0.000000, Epoch time: 2.51s
Epoch 35/300, Loss: -0.0270, Obj: -0.4893, Eq Viol (l1): 0.000084, Ineq Viol (l1): 0.000000, Epoch time: 2.45s
Epoch 36/300, Loss: -0.1167, Obj: -0.5255, Eq Viol (l1): 0.000077, Ineq Viol (l1): 0.000000, Epoch time: 2.45s
Epoch 37/300, Loss: -0.0573, Obj: -0.5219, Eq Viol (l1): 0.000086, Ineq Viol (l1): 0.000001, Epoch time: 2.44s
Epoch 38/300, Loss: -0.0697, Obj: -0.5002, Eq Viol (l1): 0.000077, Ineq Viol (l1): 0.000000, Epoch time: 2.46s
Epoch 39/300, Loss: -0.0070, Obj: -0.5069, Eq Viol (l1): 0.000081, Ineq Viol (l1): 0.000001, Epoch time: 2.46s
Epoch 40/300, Loss: -0.1143, Obj: -0.5445, Eq Viol (l1): 0.000083, Ineq Viol (l1): 0.000000, Epoch time: 2.43s
Epoch 41/300, Loss: -0.1727, Obj: -0.5960, Eq Viol (l1): 0.000079, Ineq Viol (l1): 0.000001, Epoch time: 2.48s

Running validation at epoch 40...

VALIDATION_EPOCH_40 EVALUATION RESULTS:
==================================================
Objective Value:     -7.365137e-01
True Objective:      -2.413704e+00
Optimality Gap:      -3.877623e-01 ± 2.358893e-01
Eq Violation l1:   9.708546e-05 (max: 1.789718e-03)
Ineq Violation l1: 5.488235e-07 (max: 5.219708e-05)
Solution Distance:   1.230355e+02 ± 5.501730e-01
Merit:             -7.355374e-01 ± 8.871247e-04
Avg Inference Time:  0.0665s
==================================================
Epoch 42/300, Loss: -0.1102, Obj: -0.5258, Eq Viol (l1): 0.000079, Ineq Viol (l1): 0.000001, Epoch time: 2.44s
Epoch 43/300, Loss: -0.0852, Obj: -0.5007, Eq Viol (l1): 0.000079, Ineq Viol (l1): 0.000001, Epoch time: 2.43s
Epoch 44/300, Loss: -0.0390, Obj: -0.5172, Eq Viol (l1): 0.000079, Ineq Viol (l1): 0.000000, Epoch time: 2.43s
Epoch 45/300, Loss: -0.1051, Obj: -0.5456, Eq Viol (l1): 0.000084, Ineq Viol (l1): 0.000001, Epoch time: 2.42s
Epoch 46/300, Loss: -0.2388, Obj: -0.6181, Eq Viol (l1): 0.000079, Ineq Viol (l1): 0.000001, Epoch time: 2.44s
Epoch 47/300, Loss: -0.1133, Obj: -0.5145, Eq Viol (l1): 0.000082, Ineq Viol (l1): 0.000001, Epoch time: 2.42s
Epoch 48/300, Loss: -0.1144, Obj: -0.5515, Eq Viol (l1): 0.000080, Ineq Viol (l1): 0.000001, Epoch time: 2.46s
Epoch 49/300, Loss: -0.1667, Obj: -0.5508, Eq Viol (l1): 0.000083, Ineq Viol (l1): 0.000001, Epoch time: 2.41s
Epoch 50/300, Loss: -0.2032, Obj: -0.5765, Eq Viol (l1): 0.000079, Ineq Viol (l1): 0.000000, Epoch time: 2.44s
Epoch 51/300, Loss: -0.1152, Obj: -0.5228, Eq Viol (l1): 0.000083, Ineq Viol (l1): 0.000001, Epoch time: 2.42s

Running validation at epoch 50...

VALIDATION_EPOCH_50 EVALUATION RESULTS:
==================================================
Objective Value:     -6.007525e-01
True Objective:      -2.413704e+00
Optimality Gap:      -2.553766e-01 ± 2.055203e-01
Eq Violation l1:   8.291816e-05 (max: 2.292907e-03)
Ineq Violation l1: 3.181364e-07 (max: 3.894864e-05)
Solution Distance:   1.246886e+02 ± 6.427545e-01
Merit:             -5.999201e-01 ± 4.649287e-03
Avg Inference Time:  0.0632s
==================================================
Epoch 52/300, Loss: -0.0900, Obj: -0.5291, Eq Viol (l1): 0.000089, Ineq Viol (l1): 0.000001, Epoch time: 2.41s
Epoch 53/300, Loss: -0.1079, Obj: -0.5666, Eq Viol (l1): 0.000092, Ineq Viol (l1): 0.000001, Epoch time: 2.41s
Epoch 54/300, Loss: -0.1349, Obj: -0.5242, Eq Viol (l1): 0.000083, Ineq Viol (l1): 0.000001, Epoch time: 2.41s
Epoch 55/300, Loss: -0.2058, Obj: -0.6313, Eq Viol (l1): 0.000078, Ineq Viol (l1): 0.000000, Epoch time: 2.45s
Epoch 56/300, Loss: 0.0645, Obj: -0.3995, Eq Viol (l1): 0.000082, Ineq Viol (l1): 0.000001, Epoch time: 2.40s
Epoch 57/300, Loss: -0.1962, Obj: -0.6190, Eq Viol (l1): 0.000083, Ineq Viol (l1): 0.000000, Epoch time: 2.44s
Epoch 58/300, Loss: -0.2766, Obj: -0.6036, Eq Viol (l1): 0.000083, Ineq Viol (l1): 0.000001, Epoch time: 2.39s
Epoch 59/300, Loss: -0.1004, Obj: -0.5178, Eq Viol (l1): 0.000077, Ineq Viol (l1): 0.000001, Epoch time: 2.42s
Epoch 60/300, Loss: -0.1678, Obj: -0.5892, Eq Viol (l1): 0.000078, Ineq Viol (l1): 0.000001, Epoch time: 2.46s
Epoch 61/300, Loss: -0.2244, Obj: -0.6109, Eq Viol (l1): 0.000079, Ineq Viol (l1): 0.000000, Epoch time: 2.41s

Running validation at epoch 60...

VALIDATION_EPOCH_60 EVALUATION RESULTS:
==================================================
Objective Value:     -7.711656e-01
True Objective:      -2.413704e+00
Optimality Gap:      -4.679797e-01 ± 2.704405e-01
Eq Violation l1:   8.081107e-05 (max: 1.068007e-03)
Ineq Violation l1: 3.664064e-07 (max: 3.551843e-05)
Solution Distance:   1.235541e+02 ± 6.062480e-01
Merit:             -7.703538e-01 ± 4.210573e-03
Avg Inference Time:  0.0659s
==================================================
Epoch 62/300, Loss: -0.2572, Obj: -0.6262, Eq Viol (l1): 0.000081, Ineq Viol (l1): 0.000001, Epoch time: 2.42s
Epoch 63/300, Loss: -0.2814, Obj: -0.6120, Eq Viol (l1): 0.000075, Ineq Viol (l1): 0.000000, Epoch time: 2.42s
Epoch 64/300, Loss: -0.2865, Obj: -0.6363, Eq Viol (l1): 0.000074, Ineq Viol (l1): 0.000000, Epoch time: 2.44s
Epoch 65/300, Loss: -0.2892, Obj: -0.6394, Eq Viol (l1): 0.000082, Ineq Viol (l1): 0.000001, Epoch time: 2.54s
Epoch 66/300, Loss: -0.2800, Obj: -0.6459, Eq Viol (l1): 0.000080, Ineq Viol (l1): 0.000000, Epoch time: 2.43s
Epoch 67/300, Loss: -0.2768, Obj: -0.6142, Eq Viol (l1): 0.000083, Ineq Viol (l1): 0.000001, Epoch time: 2.40s
Epoch 68/300, Loss: -0.2284, Obj: -0.6095, Eq Viol (l1): 0.000078, Ineq Viol (l1): 0.000001, Epoch time: 2.43s
Epoch 69/300, Loss: -0.2076, Obj: -0.6009, Eq Viol (l1): 0.000092, Ineq Viol (l1): 0.000000, Epoch time: 2.37s
Epoch 70/300, Loss: -0.2556, Obj: -0.6458, Eq Viol (l1): 0.000081, Ineq Viol (l1): 0.000001, Epoch time: 2.43s
Epoch 71/300, Loss: -0.2900, Obj: -0.6319, Eq Viol (l1): 0.000079, Ineq Viol (l1): 0.000001, Epoch time: 2.42s

Running validation at epoch 70...

VALIDATION_EPOCH_70 EVALUATION RESULTS:
==================================================
Objective Value:     -8.213737e-01
True Objective:      -2.413704e+00
Optimality Gap:      -5.961908e-01 ± 3.358611e-01
Eq Violation l1:   8.611145e-05 (max: 1.086692e-03)
Ineq Violation l1: 4.462417e-07 (max: 4.104453e-05)
Solution Distance:   1.229829e+02 ± 6.527859e-01
Merit:             -8.205082e-01 ± 4.030226e-03
Avg Inference Time:  0.0649s
==================================================
Epoch 72/300, Loss: -0.3295, Obj: -0.6497, Eq Viol (l1): 0.000082, Ineq Viol (l1): 0.000000, Epoch time: 2.40s
Epoch 73/300, Loss: -0.1924, Obj: -0.5742, Eq Viol (l1): 0.000090, Ineq Viol (l1): 0.000001, Epoch time: 2.39s
Epoch 74/300, Loss: -0.1855, Obj: -0.5748, Eq Viol (l1): 0.000079, Ineq Viol (l1): 0.000000, Epoch time: 2.41s
Epoch 75/300, Loss: -0.2458, Obj: -0.6268, Eq Viol (l1): 0.000080, Ineq Viol (l1): 0.000001, Epoch time: 2.43s
Epoch 76/300, Loss: -0.2996, Obj: -0.6359, Eq Viol (l1): 0.000079, Ineq Viol (l1): 0.000001, Epoch time: 2.41s
Epoch 77/300, Loss: -0.2369, Obj: -0.6099, Eq Viol (l1): 0.000087, Ineq Viol (l1): 0.000001, Epoch time: 2.38s
Epoch 78/300, Loss: -0.3174, Obj: -0.6407, Eq Viol (l1): 0.000073, Ineq Viol (l1): 0.000000, Epoch time: 2.42s
Epoch 79/300, Loss: -0.3446, Obj: -0.6632, Eq Viol (l1): 0.000082, Ineq Viol (l1): 0.000000, Epoch time: 2.39s
Epoch 80/300, Loss: -0.2667, Obj: -0.6366, Eq Viol (l1): 0.000080, Ineq Viol (l1): 0.000001, Epoch time: 2.42s
Epoch 81/300, Loss: -0.3033, Obj: -0.6636, Eq Viol (l1): 0.000082, Ineq Viol (l1): 0.000000, Epoch time: 2.42s

Running validation at epoch 80...

VALIDATION_EPOCH_80 EVALUATION RESULTS:
==================================================
Objective Value:     -6.197760e-01
True Objective:      -2.413704e+00
Optimality Gap:      -1.778814e-01 ± 1.291916e-01
Eq Violation l1:   7.466853e-05 (max: 1.349290e-03)
Ineq Violation l1: 5.238043e-07 (max: 5.115279e-05)
Solution Distance:   1.237657e+02 ± 5.939649e-01
Merit:             -6.190240e-01 ± 2.510528e-03
Avg Inference Time:  0.0637s
==================================================
Epoch 82/300, Loss: -0.3020, Obj: -0.6456, Eq Viol (l1): 0.000074, Ineq Viol (l1): 0.000001, Epoch time: 2.45s
Epoch 83/300, Loss: -0.2631, Obj: -0.6180, Eq Viol (l1): 0.000089, Ineq Viol (l1): 0.000001, Epoch time: 2.40s
Epoch 84/300, Loss: -0.2604, Obj: -0.6527, Eq Viol (l1): 0.000082, Ineq Viol (l1): 0.000001, Epoch time: 2.46s
Epoch 85/300, Loss: -0.2202, Obj: -0.5970, Eq Viol (l1): 0.000083, Ineq Viol (l1): 0.000001, Epoch time: 2.45s
Epoch 86/300, Loss: -0.2622, Obj: -0.6241, Eq Viol (l1): 0.000081, Ineq Viol (l1): 0.000000, Epoch time: 2.40s
Epoch 87/300, Loss: -0.2612, Obj: -0.6341, Eq Viol (l1): 0.000078, Ineq Viol (l1): 0.000001, Epoch time: 2.42s
Epoch 88/300, Loss: -0.3142, Obj: -0.6660, Eq Viol (l1): 0.000088, Ineq Viol (l1): 0.000000, Epoch time: 2.40s
Epoch 89/300, Loss: -0.3429, Obj: -0.6746, Eq Viol (l1): 0.000085, Ineq Viol (l1): 0.000001, Epoch time: 2.41s
Epoch 90/300, Loss: -0.3509, Obj: -0.6532, Eq Viol (l1): 0.000077, Ineq Viol (l1): 0.000000, Epoch time: 2.41s
Epoch 91/300, Loss: -0.3599, Obj: -0.6771, Eq Viol (l1): 0.000083, Ineq Viol (l1): 0.000001, Epoch time: 2.42s

Running validation at epoch 90...

VALIDATION_EPOCH_90 EVALUATION RESULTS:
==================================================
Objective Value:     -6.733891e-01
True Objective:      -2.413704e+00
Optimality Gap:      -3.872809e-01 ± 2.550105e-01
Eq Violation l1:   6.014150e-05 (max: 1.542307e-03)
Ineq Violation l1: 3.436690e-07 (max: 2.070969e-05)
Solution Distance:   1.237827e+02 ± 6.179437e-01
Merit:             -6.727843e-01 ± 1.152986e-02
Avg Inference Time:  0.0644s
==================================================
Epoch 92/300, Loss: -0.3837, Obj: -0.6883, Eq Viol (l1): 0.000085, Ineq Viol (l1): 0.000001, Epoch time: 2.39s
Epoch 93/300, Loss: -0.3641, Obj: -0.6711, Eq Viol (l1): 0.000080, Ineq Viol (l1): 0.000001, Epoch time: 2.41s
Epoch 94/300, Loss: -0.3202, Obj: -0.6537, Eq Viol (l1): 0.000082, Ineq Viol (l1): 0.000000, Epoch time: 2.40s
Epoch 95/300, Loss: -0.3609, Obj: -0.6717, Eq Viol (l1): 0.000085, Ineq Viol (l1): 0.000001, Epoch time: 2.38s
Epoch 96/300, Loss: -0.2369, Obj: -0.6338, Eq Viol (l1): 0.000081, Ineq Viol (l1): 0.000001, Epoch time: 2.44s
Epoch 97/300, Loss: -0.2725, Obj: -0.6439, Eq Viol (l1): 0.000087, Ineq Viol (l1): 0.000001, Epoch time: 2.40s
Epoch 98/300, Loss: -0.3718, Obj: -0.6851, Eq Viol (l1): 0.000080, Ineq Viol (l1): 0.000000, Epoch time: 2.52s
Epoch 99/300, Loss: -0.3357, Obj: -0.6642, Eq Viol (l1): 0.000082, Ineq Viol (l1): 0.000001, Epoch time: 2.40s
Epoch 100/300, Loss: -0.3415, Obj: -0.6721, Eq Viol (l1): 0.000088, Ineq Viol (l1): 0.000001, Epoch time: 2.39s
Epoch 101/300, Loss: -0.3671, Obj: -0.6772, Eq Viol (l1): 0.000075, Ineq Viol (l1): 0.000000, Epoch time: 2.43s

Running validation at epoch 100...

VALIDATION_EPOCH_100 EVALUATION RESULTS:
==================================================
Objective Value:     -8.218650e-01
True Objective:      -2.413704e+00
Optimality Gap:      -5.735744e-01 ± 3.250921e-01
Eq Violation l1:   8.264555e-05 (max: 1.643081e-03)
Ineq Violation l1: 9.493939e-07 (max: 7.167097e-05)
Solution Distance:   1.226849e+02 ± 6.826494e-01
Merit:             -8.210290e-01 ± 1.077219e-03
Avg Inference Time:  0.0697s
==================================================
Epoch 102/300, Loss: -0.2861, Obj: -0.6350, Eq Viol (l1): 0.000084, Ineq Viol (l1): 0.000001, Epoch time: 2.40s
Epoch 103/300, Loss: -0.3889, Obj: -0.6902, Eq Viol (l1): 0.000078, Ineq Viol (l1): 0.000001, Epoch time: 2.43s
Epoch 104/300, Loss: -0.3036, Obj: -0.6854, Eq Viol (l1): 0.000076, Ineq Viol (l1): 0.000001, Epoch time: 2.48s
Epoch 105/300, Loss: -0.3456, Obj: -0.6749, Eq Viol (l1): 0.000076, Ineq Viol (l1): 0.000001, Epoch time: 2.43s
Epoch 106/300, Loss: -0.3793, Obj: -0.6906, Eq Viol (l1): 0.000080, Ineq Viol (l1): 0.000000, Epoch time: 2.39s
Epoch 107/300, Loss: -0.3559, Obj: -0.6657, Eq Viol (l1): 0.000086, Ineq Viol (l1): 0.000001, Epoch time: 2.39s
Epoch 108/300, Loss: -0.3716, Obj: -0.6805, Eq Viol (l1): 0.000080, Ineq Viol (l1): 0.000001, Epoch time: 2.40s
Epoch 109/300, Loss: -0.3509, Obj: -0.6876, Eq Viol (l1): 0.000083, Ineq Viol (l1): 0.000001, Epoch time: 2.43s
Epoch 110/300, Loss: -0.3679, Obj: -0.6779, Eq Viol (l1): 0.000079, Ineq Viol (l1): 0.000001, Epoch time: 2.40s
Epoch 111/300, Loss: -0.3402, Obj: -0.6646, Eq Viol (l1): 0.000096, Ineq Viol (l1): 0.000001, Epoch time: 2.37s

Running validation at epoch 110...

VALIDATION_EPOCH_110 EVALUATION RESULTS:
==================================================
Objective Value:     -7.057134e-01
True Objective:      -2.413704e+00
Optimality Gap:      -3.379628e-01 ± 2.090352e-01
Eq Violation l1:   6.706682e-05 (max: 1.110468e-03)
Ineq Violation l1: 4.091314e-07 (max: 3.681732e-05)
Solution Distance:   1.236726e+02 ± 6.064356e-01
Merit:             -7.050386e-01 ± 4.075747e-03
Avg Inference Time:  0.0636s
==================================================
Epoch 112/300, Loss: -0.3888, Obj: -0.6813, Eq Viol (l1): 0.000078, Ineq Viol (l1): 0.000001, Epoch time: 2.38s
Epoch 113/300, Loss: -0.3052, Obj: -0.6238, Eq Viol (l1): 0.000089, Ineq Viol (l1): 0.000001, Epoch time: 2.36s
Epoch 114/300, Loss: -0.4029, Obj: -0.7075, Eq Viol (l1): 0.000089, Ineq Viol (l1): 0.000001, Epoch time: 2.39s
Epoch 115/300, Loss: -0.4020, Obj: -0.6940, Eq Viol (l1): 0.000079, Ineq Viol (l1): 0.000001, Epoch time: 2.41s
Epoch 116/300, Loss: -0.3541, Obj: -0.6723, Eq Viol (l1): 0.000079, Ineq Viol (l1): 0.000000, Epoch time: 2.40s
Epoch 117/300, Loss: -0.3725, Obj: -0.6798, Eq Viol (l1): 0.000085, Ineq Viol (l1): 0.000001, Epoch time: 2.40s
Epoch 118/300, Loss: -0.3478, Obj: -0.6730, Eq Viol (l1): 0.000078, Ineq Viol (l1): 0.000001, Epoch time: 2.43s
Epoch 119/300, Loss: -0.4061, Obj: -0.7074, Eq Viol (l1): 0.000079, Ineq Viol (l1): 0.000001, Epoch time: 2.41s
Epoch 120/300, Loss: -0.3696, Obj: -0.6941, Eq Viol (l1): 0.000068, Ineq Viol (l1): 0.000001, Epoch time: 2.47s
Epoch 121/300, Loss: -0.4002, Obj: -0.6813, Eq Viol (l1): 0.000080, Ineq Viol (l1): 0.000000, Epoch time: 2.38s

Running validation at epoch 120...

VALIDATION_EPOCH_120 EVALUATION RESULTS:
==================================================
Objective Value:     -8.466039e-01
True Objective:      -2.413704e+00
Optimality Gap:      -6.186702e-01 ± 3.417233e-01
Eq Violation l1:   8.767202e-05 (max: 1.073061e-03)
Ineq Violation l1: 6.216973e-07 (max: 2.704357e-05)
Solution Distance:   1.228919e+02 ± 6.285314e-01
Merit:             -8.457210e-01 ± 3.803233e-03
Avg Inference Time:  0.0686s
==================================================
Epoch 122/300, Loss: -0.3740, Obj: -0.6985, Eq Viol (l1): 0.000087, Ineq Viol (l1): 0.000001, Epoch time: 2.42s
Epoch 123/300, Loss: -0.3842, Obj: -0.6967, Eq Viol (l1): 0.000083, Ineq Viol (l1): 0.000001, Epoch time: 2.40s
Epoch 124/300, Loss: -0.3069, Obj: -0.6995, Eq Viol (l1): 0.000091, Ineq Viol (l1): 0.000001, Epoch time: 2.40s
Epoch 125/300, Loss: -0.2451, Obj: -0.6048, Eq Viol (l1): 0.000086, Ineq Viol (l1): 0.000001, Epoch time: 2.38s
Epoch 126/300, Loss: -0.3341, Obj: -0.6679, Eq Viol (l1): 0.000086, Ineq Viol (l1): 0.000001, Epoch time: 2.38s
Epoch 127/300, Loss: -0.4071, Obj: -0.7083, Eq Viol (l1): 0.000081, Ineq Viol (l1): 0.000000, Epoch time: 2.41s
Epoch 128/300, Loss: -0.3592, Obj: -0.6885, Eq Viol (l1): 0.000082, Ineq Viol (l1): 0.000001, Epoch time: 2.44s
Epoch 129/300, Loss: -0.3175, Obj: -0.6444, Eq Viol (l1): 0.000083, Ineq Viol (l1): 0.000001, Epoch time: 2.40s
Epoch 130/300, Loss: -0.3593, Obj: -0.6737, Eq Viol (l1): 0.000086, Ineq Viol (l1): 0.000001, Epoch time: 2.40s
Epoch 131/300, Loss: -0.3930, Obj: -0.6969, Eq Viol (l1): 0.000089, Ineq Viol (l1): 0.000001, Epoch time: 2.49s

Running validation at epoch 130...

VALIDATION_EPOCH_130 EVALUATION RESULTS:
==================================================
Objective Value:     -7.248607e-01
True Objective:      -2.413704e+00
Optimality Gap:      -4.223565e-01 ± 3.090503e-01
Eq Violation l1:   8.872987e-05 (max: 1.379658e-03)
Ineq Violation l1: 4.183345e-07 (max: 2.298087e-05)
Solution Distance:   1.239993e+02 ± 5.739294e-01
Merit:             -7.239693e-01 ± 5.824901e-03
Avg Inference Time:  0.0643s
==================================================
Epoch 132/300, Loss: -0.4197, Obj: -0.7049, Eq Viol (l1): 0.000080, Ineq Viol (l1): 0.000001, Epoch time: 2.42s
Epoch 133/300, Loss: -0.4311, Obj: -0.7201, Eq Viol (l1): 0.000087, Ineq Viol (l1): 0.000001, Epoch time: 2.40s
Epoch 134/300, Loss: -0.4019, Obj: -0.6957, Eq Viol (l1): 0.000081, Ineq Viol (l1): 0.000000, Epoch time: 2.41s
Epoch 135/300, Loss: -0.3174, Obj: -0.6621, Eq Viol (l1): 0.000096, Ineq Viol (l1): 0.000001, Epoch time: 2.37s
Epoch 136/300, Loss: -0.3957, Obj: -0.7095, Eq Viol (l1): 0.000081, Ineq Viol (l1): 0.000001, Epoch time: 2.42s
Epoch 137/300, Loss: -0.3456, Obj: -0.6698, Eq Viol (l1): 0.000085, Ineq Viol (l1): 0.000001, Epoch time: 2.39s
Epoch 138/300, Loss: -0.4248, Obj: -0.7164, Eq Viol (l1): 0.000082, Ineq Viol (l1): 0.000001, Epoch time: 2.39s
Epoch 139/300, Loss: -0.4194, Obj: -0.7178, Eq Viol (l1): 0.000081, Ineq Viol (l1): 0.000001, Epoch time: 2.41s
Epoch 140/300, Loss: -0.4463, Obj: -0.7186, Eq Viol (l1): 0.000085, Ineq Viol (l1): 0.000001, Epoch time: 2.37s
Epoch 141/300, Loss: -0.3435, Obj: -0.6749, Eq Viol (l1): 0.000079, Ineq Viol (l1): 0.000001, Epoch time: 2.43s

Running validation at epoch 140...

VALIDATION_EPOCH_140 EVALUATION RESULTS:
==================================================
Objective Value:     -8.516243e-01
True Objective:      -2.413704e+00
Optimality Gap:      -6.283875e-01 ± 3.406272e-01
Eq Violation l1:   8.660487e-05 (max: 8.893984e-04)
Ineq Violation l1: 3.836300e-07 (max: 1.480788e-05)
Solution Distance:   1.225284e+02 ± 6.159245e-01
Merit:             -8.507544e-01 ± 3.034573e-03
Avg Inference Time:  0.0689s
==================================================
Epoch 142/300, Loss: -0.2954, Obj: -0.6433, Eq Viol (l1): 0.000079, Ineq Viol (l1): 0.000000, Epoch time: 2.41s
Epoch 143/300, Loss: -0.3839, Obj: -0.7040, Eq Viol (l1): 0.000082, Ineq Viol (l1): 0.000001, Epoch time: 2.39s
Epoch 144/300, Loss: -0.4200, Obj: -0.7172, Eq Viol (l1): 0.000090, Ineq Viol (l1): 0.000001, Epoch time: 2.37s
Epoch 145/300, Loss: -0.4331, Obj: -0.7120, Eq Viol (l1): 0.000089, Ineq Viol (l1): 0.000000, Epoch time: 2.37s
Epoch 146/300, Loss: -0.3799, Obj: -0.7009, Eq Viol (l1): 0.000085, Ineq Viol (l1): 0.000001, Epoch time: 2.41s
Epoch 147/300, Loss: -0.3984, Obj: -0.7088, Eq Viol (l1): 0.000081, Ineq Viol (l1): 0.000001, Epoch time: 2.40s
Epoch 148/300, Loss: -0.3705, Obj: -0.6811, Eq Viol (l1): 0.000087, Ineq Viol (l1): 0.000000, Epoch time: 2.37s
Epoch 149/300, Loss: -0.4383, Obj: -0.7243, Eq Viol (l1): 0.000082, Ineq Viol (l1): 0.000001, Epoch time: 2.40s
Epoch 150/300, Loss: -0.4194, Obj: -0.7199, Eq Viol (l1): 0.000083, Ineq Viol (l1): 0.000001, Epoch time: 2.39s
Epoch 151/300, Loss: -0.4380, Obj: -0.7164, Eq Viol (l1): 0.000078, Ineq Viol (l1): 0.000000, Epoch time: 2.40s

Running validation at epoch 150...

VALIDATION_EPOCH_150 EVALUATION RESULTS:
==================================================
Objective Value:     -7.805396e-01
True Objective:      -2.413704e+00
Optimality Gap:      -5.408914e-01 ± 3.298923e-01
Eq Violation l1:   9.545271e-05 (max: 1.201934e-03)
Ineq Violation l1: 6.162235e-07 (max: 4.779376e-05)
Solution Distance:   1.228590e+02 ± 6.518625e-01
Merit:             -7.795789e-01 ± 2.413903e-03
Avg Inference Time:  0.0645s
==================================================
Epoch 152/300, Loss: -0.3238, Obj: -0.6643, Eq Viol (l1): 0.000091, Ineq Viol (l1): 0.000001, Epoch time: 2.38s
Epoch 153/300, Loss: -0.3647, Obj: -0.6759, Eq Viol (l1): 0.000084, Ineq Viol (l1): 0.000001, Epoch time: 2.39s
Epoch 154/300, Loss: -0.3488, Obj: -0.6644, Eq Viol (l1): 0.000094, Ineq Viol (l1): 0.000001, Epoch time: 2.36s
Epoch 155/300, Loss: -0.3408, Obj: -0.6400, Eq Viol (l1): 0.000088, Ineq Viol (l1): 0.000001, Epoch time: 2.35s
Epoch 156/300, Loss: -0.3447, Obj: -0.6726, Eq Viol (l1): 0.000077, Ineq Viol (l1): 0.000001, Epoch time: 2.43s
Epoch 157/300, Loss: -0.3816, Obj: -0.7147, Eq Viol (l1): 0.000085, Ineq Viol (l1): 0.000001, Epoch time: 2.42s
Epoch 158/300, Loss: -0.4104, Obj: -0.7042, Eq Viol (l1): 0.000086, Ineq Viol (l1): 0.000001, Epoch time: 2.38s
Epoch 159/300, Loss: -0.3170, Obj: -0.6884, Eq Viol (l1): 0.000076, Ineq Viol (l1): 0.000001, Epoch time: 2.43s
Epoch 160/300, Loss: -0.4248, Obj: -0.7337, Eq Viol (l1): 0.000086, Ineq Viol (l1): 0.000001, Epoch time: 2.40s
Epoch 161/300, Loss: -0.3307, Obj: -0.6734, Eq Viol (l1): 0.000088, Ineq Viol (l1): 0.000001, Epoch time: 2.37s

Running validation at epoch 160...

VALIDATION_EPOCH_160 EVALUATION RESULTS:
==================================================
Objective Value:     -8.407909e-01
True Objective:      -2.413704e+00
Optimality Gap:      -6.029632e-01 ± 3.310146e-01
Eq Violation l1:   1.004974e-04 (max: 8.049753e-04)
Ineq Violation l1: 6.551580e-07 (max: 4.118273e-05)
Solution Distance:   1.229150e+02 ± 5.929648e-01
Merit:             -8.397794e-01 ± 8.143302e-03
Avg Inference Time:  0.0659s
==================================================
Epoch 162/300, Loss: -0.3839, Obj: -0.6876, Eq Viol (l1): 0.000091, Ineq Viol (l1): 0.000001, Epoch time: 2.37s
Epoch 163/300, Loss: -0.3477, Obj: -0.6469, Eq Viol (l1): 0.000088, Ineq Viol (l1): 0.000001, Epoch time: 2.46s
Epoch 164/300, Loss: -0.4357, Obj: -0.7117, Eq Viol (l1): 0.000085, Ineq Viol (l1): 0.000001, Epoch time: 2.39s
Epoch 165/300, Loss: -0.4590, Obj: -0.7478, Eq Viol (l1): 0.000082, Ineq Viol (l1): 0.000001, Epoch time: 2.42s
Epoch 166/300, Loss: -0.4396, Obj: -0.7247, Eq Viol (l1): 0.000077, Ineq Viol (l1): 0.000001, Epoch time: 2.42s
Epoch 167/300, Loss: -0.4057, Obj: -0.6913, Eq Viol (l1): 0.000078, Ineq Viol (l1): 0.000001, Epoch time: 2.42s
Epoch 168/300, Loss: -0.4270, Obj: -0.7260, Eq Viol (l1): 0.000089, Ineq Viol (l1): 0.000001, Epoch time: 2.39s
Epoch 169/300, Loss: -0.4316, Obj: -0.7122, Eq Viol (l1): 0.000086, Ineq Viol (l1): 0.000001, Epoch time: 2.38s
Epoch 170/300, Loss: -0.4170, Obj: -0.7126, Eq Viol (l1): 0.000082, Ineq Viol (l1): 0.000001, Epoch time: 2.40s
Epoch 171/300, Loss: -0.4290, Obj: -0.7115, Eq Viol (l1): 0.000076, Ineq Viol (l1): 0.000001, Epoch time: 2.42s

Running validation at epoch 170...

VALIDATION_EPOCH_170 EVALUATION RESULTS:
==================================================
Objective Value:     -8.509165e-01
True Objective:      -2.413704e+00
Optimality Gap:      -6.283279e-01 ± 3.475532e-01
Eq Violation l1:   8.716978e-05 (max: 1.373069e-03)
Ineq Violation l1: 5.859583e-07 (max: 2.598174e-05)
Solution Distance:   1.228678e+02 ± 6.146029e-01
Merit:             -8.500390e-01 ± 8.599791e-03
Avg Inference Time:  0.0672s
==================================================
Epoch 172/300, Loss: -0.4511, Obj: -0.7434, Eq Viol (l1): 0.000083, Ineq Viol (l1): 0.000001, Epoch time: 2.40s
Epoch 173/300, Loss: -0.4173, Obj: -0.7124, Eq Viol (l1): 0.000087, Ineq Viol (l1): 0.000001, Epoch time: 2.39s
Epoch 174/300, Loss: -0.3532, Obj: -0.6814, Eq Viol (l1): 0.000078, Ineq Viol (l1): 0.000001, Epoch time: 2.45s
Epoch 175/300, Loss: -0.4510, Obj: -0.7275, Eq Viol (l1): 0.000082, Ineq Viol (l1): 0.000001, Epoch time: 2.40s
Epoch 176/300, Loss: -0.4578, Obj: -0.7338, Eq Viol (l1): 0.000080, Ineq Viol (l1): 0.000001, Epoch time: 2.42s
Epoch 177/300, Loss: -0.4210, Obj: -0.7199, Eq Viol (l1): 0.000076, Ineq Viol (l1): 0.000001, Epoch time: 2.43s
Epoch 178/300, Loss: -0.4271, Obj: -0.7286, Eq Viol (l1): 0.000084, Ineq Viol (l1): 0.000001, Epoch time: 2.39s
Epoch 179/300, Loss: -0.4728, Obj: -0.7443, Eq Viol (l1): 0.000088, Ineq Viol (l1): 0.000001, Epoch time: 2.38s
Epoch 180/300, Loss: -0.4679, Obj: -0.7337, Eq Viol (l1): 0.000084, Ineq Viol (l1): 0.000001, Epoch time: 2.38s
Epoch 181/300, Loss: -0.4421, Obj: -0.7277, Eq Viol (l1): 0.000082, Ineq Viol (l1): 0.000001, Epoch time: 2.40s

Running validation at epoch 180...

VALIDATION_EPOCH_180 EVALUATION RESULTS:
==================================================
Objective Value:     -7.643202e-01
True Objective:      -2.413704e+00
Optimality Gap:      -4.926941e-01 ± 3.092655e-01
Eq Violation l1:   7.923147e-05 (max: 1.316399e-03)
Ineq Violation l1: 5.161377e-07 (max: 4.172325e-05)
Solution Distance:   1.233049e+02 ± 6.612719e-01
Merit:             -7.635227e-01 ± 1.233654e-03
Avg Inference Time:  0.0659s
==================================================
Epoch 182/300, Loss: -0.3943, Obj: -0.7003, Eq Viol (l1): 0.000085, Ineq Viol (l1): 0.000001, Epoch time: 2.40s
Epoch 183/300, Loss: -0.4400, Obj: -0.7158, Eq Viol (l1): 0.000080, Ineq Viol (l1): 0.000001, Epoch time: 2.41s
Epoch 184/300, Loss: -0.4525, Obj: -0.7327, Eq Viol (l1): 0.000083, Ineq Viol (l1): 0.000001, Epoch time: 2.41s
Epoch 185/300, Loss: -0.4404, Obj: -0.7330, Eq Viol (l1): 0.000092, Ineq Viol (l1): 0.000001, Epoch time: 2.38s
Epoch 186/300, Loss: -0.4162, Obj: -0.7023, Eq Viol (l1): 0.000086, Ineq Viol (l1): 0.000001, Epoch time: 2.40s
Epoch 187/300, Loss: -0.3771, Obj: -0.7149, Eq Viol (l1): 0.000082, Ineq Viol (l1): 0.000000, Epoch time: 2.42s
Epoch 188/300, Loss: -0.3979, Obj: -0.7095, Eq Viol (l1): 0.000086, Ineq Viol (l1): 0.000000, Epoch time: 2.37s
Epoch 189/300, Loss: -0.4198, Obj: -0.7171, Eq Viol (l1): 0.000084, Ineq Viol (l1): 0.000001, Epoch time: 2.39s
Epoch 190/300, Loss: -0.4474, Obj: -0.7394, Eq Viol (l1): 0.000086, Ineq Viol (l1): 0.000001, Epoch time: 2.40s
Epoch 191/300, Loss: -0.4783, Obj: -0.7333, Eq Viol (l1): 0.000082, Ineq Viol (l1): 0.000001, Epoch time: 2.38s

Running validation at epoch 190...

VALIDATION_EPOCH_190 EVALUATION RESULTS:
==================================================
Objective Value:     -8.477531e-01
True Objective:      -2.413704e+00
Optimality Gap:      -6.187713e-01 ± 3.370612e-01
Eq Violation l1:   9.410058e-05 (max: 1.183661e-03)
Ineq Violation l1: 8.553852e-07 (max: 3.592723e-05)
Solution Distance:   1.225593e+02 ± 6.489833e-01
Merit:             -8.468035e-01 ± 5.617152e-03
Avg Inference Time:  0.0674s
==================================================
Epoch 192/300, Loss: -0.4079, Obj: -0.7093, Eq Viol (l1): 0.000084, Ineq Viol (l1): 0.000001, Epoch time: 2.40s
Epoch 193/300, Loss: -0.4385, Obj: -0.7313, Eq Viol (l1): 0.000086, Ineq Viol (l1): 0.000001, Epoch time: 2.41s
Epoch 194/300, Loss: -0.4471, Obj: -0.7244, Eq Viol (l1): 0.000083, Ineq Viol (l1): 0.000000, Epoch time: 2.38s
Epoch 195/300, Loss: -0.4663, Obj: -0.7568, Eq Viol (l1): 0.000088, Ineq Viol (l1): 0.000001, Epoch time: 2.40s
Epoch 196/300, Loss: -0.4528, Obj: -0.7286, Eq Viol (l1): 0.000082, Ineq Viol (l1): 0.000001, Epoch time: 2.51s
Epoch 197/300, Loss: -0.4355, Obj: -0.7220, Eq Viol (l1): 0.000081, Ineq Viol (l1): 0.000001, Epoch time: 2.40s
Epoch 198/300, Loss: -0.4455, Obj: -0.7288, Eq Viol (l1): 0.000079, Ineq Viol (l1): 0.000001, Epoch time: 2.42s
Epoch 199/300, Loss: -0.4432, Obj: -0.7398, Eq Viol (l1): 0.000076, Ineq Viol (l1): 0.000001, Epoch time: 2.43s
Epoch 200/300, Loss: -0.4248, Obj: -0.7046, Eq Viol (l1): 0.000080, Ineq Viol (l1): 0.000001, Epoch time: 2.38s
Epoch 201/300, Loss: -0.4256, Obj: -0.7297, Eq Viol (l1): 0.000092, Ineq Viol (l1): 0.000001, Epoch time: 2.37s

Running validation at epoch 200...

VALIDATION_EPOCH_200 EVALUATION RESULTS:
==================================================
Objective Value:     -8.218693e-01
True Objective:      -2.413704e+00
Optimality Gap:      -6.077847e-01 ± 3.529771e-01
Eq Violation l1:   6.695888e-05 (max: 1.149597e-03)
Ineq Violation l1: 4.138416e-07 (max: 5.180162e-05)
Solution Distance:   1.231514e+02 ± 6.778346e-01
Merit:             -8.211955e-01 ± 3.278577e-03
Avg Inference Time:  0.0657s
==================================================
Epoch 202/300, Loss: -0.4600, Obj: -0.7504, Eq Viol (l1): 0.000085, Ineq Viol (l1): 0.000001, Epoch time: 2.40s
Epoch 203/300, Loss: -0.4642, Obj: -0.7361, Eq Viol (l1): 0.000075, Ineq Viol (l1): 0.000001, Epoch time: 2.43s
Epoch 204/300, Loss: -0.3877, Obj: -0.7130, Eq Viol (l1): 0.000080, Ineq Viol (l1): 0.000001, Epoch time: 2.40s
Epoch 205/300, Loss: -0.4752, Obj: -0.7400, Eq Viol (l1): 0.000084, Ineq Viol (l1): 0.000001, Epoch time: 2.38s
Epoch 206/300, Loss: -0.4290, Obj: -0.7231, Eq Viol (l1): 0.000085, Ineq Viol (l1): 0.000001, Epoch time: 2.41s
Epoch 207/300, Loss: -0.3997, Obj: -0.7284, Eq Viol (l1): 0.000089, Ineq Viol (l1): 0.000001, Epoch time: 2.40s
Epoch 208/300, Loss: -0.4000, Obj: -0.7062, Eq Viol (l1): 0.000081, Ineq Viol (l1): 0.000001, Epoch time: 2.41s
Epoch 209/300, Loss: -0.4508, Obj: -0.7190, Eq Viol (l1): 0.000081, Ineq Viol (l1): 0.000001, Epoch time: 2.39s
Epoch 210/300, Loss: -0.3950, Obj: -0.7083, Eq Viol (l1): 0.000091, Ineq Viol (l1): 0.000001, Epoch time: 2.35s
Epoch 211/300, Loss: -0.3676, Obj: -0.6964, Eq Viol (l1): 0.000080, Ineq Viol (l1): 0.000000, Epoch time: 2.40s

Running validation at epoch 210...

VALIDATION_EPOCH_210 EVALUATION RESULTS:
==================================================
Objective Value:     -8.209395e-01
True Objective:      -2.413704e+00
Optimality Gap:      -5.890072e-01 ± 3.220646e-01
Eq Violation l1:   6.786492e-05 (max: 1.375064e-03)
Ineq Violation l1: 4.810170e-07 (max: 9.107005e-05)
Solution Distance:   1.229580e+02 ± 6.418242e-01
Merit:             -8.202561e-01 ± 3.307031e-03
Avg Inference Time:  0.0662s
==================================================
Epoch 212/300, Loss: -0.4546, Obj: -0.7509, Eq Viol (l1): 0.000084, Ineq Viol (l1): 0.000001, Epoch time: 2.40s
Epoch 213/300, Loss: -0.3900, Obj: -0.7109, Eq Viol (l1): 0.000084, Ineq Viol (l1): 0.000001, Epoch time: 2.40s
Epoch 214/300, Loss: -0.4465, Obj: -0.7225, Eq Viol (l1): 0.000075, Ineq Viol (l1): 0.000000, Epoch time: 2.39s
Epoch 215/300, Loss: -0.4942, Obj: -0.7596, Eq Viol (l1): 0.000082, Ineq Viol (l1): 0.000001, Epoch time: 2.40s
Epoch 216/300, Loss: -0.4593, Obj: -0.7364, Eq Viol (l1): 0.000087, Ineq Viol (l1): 0.000001, Epoch time: 2.37s
Epoch 217/300, Loss: -0.4731, Obj: -0.7568, Eq Viol (l1): 0.000084, Ineq Viol (l1): 0.000001, Epoch time: 2.42s
Epoch 218/300, Loss: -0.4031, Obj: -0.6944, Eq Viol (l1): 0.000083, Ineq Viol (l1): 0.000000, Epoch time: 2.39s
Epoch 219/300, Loss: -0.4054, Obj: -0.7084, Eq Viol (l1): 0.000089, Ineq Viol (l1): 0.000001, Epoch time: 2.38s
Epoch 220/300, Loss: -0.4822, Obj: -0.7305, Eq Viol (l1): 0.000078, Ineq Viol (l1): 0.000001, Epoch time: 2.40s
Epoch 221/300, Loss: -0.4475, Obj: -0.7299, Eq Viol (l1): 0.000090, Ineq Viol (l1): 0.000001, Epoch time: 2.39s

Running validation at epoch 220...

VALIDATION_EPOCH_220 EVALUATION RESULTS:
==================================================
Objective Value:     -8.229944e-01
True Objective:      -2.413704e+00
Optimality Gap:      -5.665879e-01 ± 3.124094e-01
Eq Violation l1:   8.804607e-05 (max: 7.089617e-04)
Ineq Violation l1: 5.298206e-07 (max: 5.210611e-05)
Solution Distance:   1.228707e+02 ± 6.130681e-01
Merit:             -8.221087e-01 ± 2.815320e-03
Avg Inference Time:  0.0659s
==================================================
Epoch 222/300, Loss: -0.3975, Obj: -0.7173, Eq Viol (l1): 0.000086, Ineq Viol (l1): 0.000001, Epoch time: 2.40s
Epoch 223/300, Loss: -0.4261, Obj: -0.7002, Eq Viol (l1): 0.000082, Ineq Viol (l1): 0.000001, Epoch time: 2.37s
Epoch 224/300, Loss: -0.4313, Obj: -0.7240, Eq Viol (l1): 0.000095, Ineq Viol (l1): 0.000001, Epoch time: 2.35s
Epoch 225/300, Loss: -0.4489, Obj: -0.7389, Eq Viol (l1): 0.000082, Ineq Viol (l1): 0.000001, Epoch time: 2.41s
Epoch 226/300, Loss: -0.5113, Obj: -0.7618, Eq Viol (l1): 0.000080, Ineq Viol (l1): 0.000001, Epoch time: 2.40s
Epoch 227/300, Loss: -0.4987, Obj: -0.7542, Eq Viol (l1): 0.000078, Ineq Viol (l1): 0.000001, Epoch time: 2.39s
Epoch 228/300, Loss: -0.4756, Obj: -0.7473, Eq Viol (l1): 0.000078, Ineq Viol (l1): 0.000001, Epoch time: 2.40s
Epoch 229/300, Loss: -0.4004, Obj: -0.7311, Eq Viol (l1): 0.000083, Ineq Viol (l1): 0.000001, Epoch time: 2.52s
Epoch 230/300, Loss: -0.3611, Obj: -0.6718, Eq Viol (l1): 0.000085, Ineq Viol (l1): 0.000001, Epoch time: 2.39s
Epoch 231/300, Loss: -0.4101, Obj: -0.7154, Eq Viol (l1): 0.000078, Ineq Viol (l1): 0.000001, Epoch time: 2.42s

Running validation at epoch 230...

VALIDATION_EPOCH_230 EVALUATION RESULTS:
==================================================
Objective Value:     -8.053031e-01
True Objective:      -2.413704e+00
Optimality Gap:      -5.367847e-01 ± 2.966847e-01
Eq Violation l1:   1.014656e-04 (max: 9.613354e-04)
Ineq Violation l1: 7.787495e-07 (max: 3.000027e-05)
Solution Distance:   1.233744e+02 ± 5.981085e-01
Merit:             -8.042806e-01 ± 2.714466e-03
Avg Inference Time:  0.0632s
==================================================
Epoch 232/300, Loss: -0.4783, Obj: -0.7453, Eq Viol (l1): 0.000084, Ineq Viol (l1): 0.000001, Epoch time: 2.39s
Epoch 233/300, Loss: -0.4581, Obj: -0.7373, Eq Viol (l1): 0.000079, Ineq Viol (l1): 0.000001, Epoch time: 2.41s
Epoch 234/300, Loss: -0.4660, Obj: -0.7380, Eq Viol (l1): 0.000082, Ineq Viol (l1): 0.000001, Epoch time: 2.39s
Epoch 235/300, Loss: -0.4311, Obj: -0.7214, Eq Viol (l1): 0.000088, Ineq Viol (l1): 0.000001, Epoch time: 2.38s
Epoch 236/300, Loss: -0.4752, Obj: -0.7526, Eq Viol (l1): 0.000085, Ineq Viol (l1): 0.000001, Epoch time: 2.39s
Epoch 237/300, Loss: -0.4400, Obj: -0.7169, Eq Viol (l1): 0.000081, Ineq Viol (l1): 0.000001, Epoch time: 2.40s
Epoch 238/300, Loss: -0.4755, Obj: -0.7451, Eq Viol (l1): 0.000084, Ineq Viol (l1): 0.000001, Epoch time: 2.39s
Epoch 239/300, Loss: -0.5100, Obj: -0.7699, Eq Viol (l1): 0.000083, Ineq Viol (l1): 0.000001, Epoch time: 2.39s
Epoch 240/300, Loss: -0.4683, Obj: -0.7587, Eq Viol (l1): 0.000081, Ineq Viol (l1): 0.000001, Epoch time: 2.42s
Epoch 241/300, Loss: -0.4487, Obj: -0.7246, Eq Viol (l1): 0.000087, Ineq Viol (l1): 0.000001, Epoch time: 2.38s

Running validation at epoch 240...

VALIDATION_EPOCH_240 EVALUATION RESULTS:
==================================================
Objective Value:     -7.749094e-01
True Objective:      -2.413704e+00
Optimality Gap:      -4.860299e-01 ± 2.819934e-01
Eq Violation l1:   9.672333e-05 (max: 1.057937e-03)
Ineq Violation l1: 5.569651e-07 (max: 3.579534e-05)
Solution Distance:   1.233736e+02 ± 6.124752e-01
Merit:             -7.739366e-01 ± 4.481730e-03
Avg Inference Time:  0.0633s
==================================================
Epoch 242/300, Loss: -0.4651, Obj: -0.7308, Eq Viol (l1): 0.000081, Ineq Viol (l1): 0.000001, Epoch time: 2.40s
Epoch 243/300, Loss: -0.4742, Obj: -0.7389, Eq Viol (l1): 0.000085, Ineq Viol (l1): 0.000001, Epoch time: 2.37s
Epoch 244/300, Loss: -0.4793, Obj: -0.7500, Eq Viol (l1): 0.000082, Ineq Viol (l1): 0.000001, Epoch time: 2.41s
Epoch 245/300, Loss: -0.4853, Obj: -0.7450, Eq Viol (l1): 0.000082, Ineq Viol (l1): 0.000001, Epoch time: 2.39s
Epoch 246/300, Loss: -0.4614, Obj: -0.7494, Eq Viol (l1): 0.000085, Ineq Viol (l1): 0.000001, Epoch time: 2.39s
Epoch 247/300, Loss: -0.4902, Obj: -0.7451, Eq Viol (l1): 0.000082, Ineq Viol (l1): 0.000001, Epoch time: 2.39s
Epoch 248/300, Loss: -0.4406, Obj: -0.7403, Eq Viol (l1): 0.000082, Ineq Viol (l1): 0.000001, Epoch time: 2.40s
Epoch 249/300, Loss: -0.4250, Obj: -0.7215, Eq Viol (l1): 0.000086, Ineq Viol (l1): 0.000001, Epoch time: 2.38s
Epoch 250/300, Loss: -0.4796, Obj: -0.7409, Eq Viol (l1): 0.000084, Ineq Viol (l1): 0.000001, Epoch time: 2.36s
Epoch 251/300, Loss: -0.4346, Obj: -0.7321, Eq Viol (l1): 0.000078, Ineq Viol (l1): 0.000001, Epoch time: 2.41s

Running validation at epoch 250...

VALIDATION_EPOCH_250 EVALUATION RESULTS:
==================================================
Objective Value:     -6.690253e-01
True Objective:      -2.413704e+00
Optimality Gap:      -3.457988e-01 ± 2.827934e-01
Eq Violation l1:   7.604748e-05 (max: 1.160406e-03)
Ineq Violation l1: 3.061513e-07 (max: 1.932408e-05)
Solution Distance:   1.239792e+02 ± 5.886891e-01
Merit:             -6.682617e-01 ± 1.009330e-02
Avg Inference Time:  0.0619s
==================================================
Epoch 252/300, Loss: -0.4855, Obj: -0.7371, Eq Viol (l1): 0.000083, Ineq Viol (l1): 0.000001, Epoch time: 2.37s
Epoch 253/300, Loss: -0.4655, Obj: -0.7507, Eq Viol (l1): 0.000087, Ineq Viol (l1): 0.000001, Epoch time: 2.40s
Epoch 254/300, Loss: -0.4206, Obj: -0.7276, Eq Viol (l1): 0.000086, Ineq Viol (l1): 0.000001, Epoch time: 2.41s
Epoch 255/300, Loss: -0.4920, Obj: -0.7539, Eq Viol (l1): 0.000087, Ineq Viol (l1): 0.000001, Epoch time: 2.36s
Epoch 256/300, Loss: -0.5120, Obj: -0.7667, Eq Viol (l1): 0.000086, Ineq Viol (l1): 0.000001, Epoch time: 2.40s
Epoch 257/300, Loss: -0.4997, Obj: -0.7525, Eq Viol (l1): 0.000084, Ineq Viol (l1): 0.000001, Epoch time: 2.38s
Epoch 258/300, Loss: -0.4857, Obj: -0.7518, Eq Viol (l1): 0.000085, Ineq Viol (l1): 0.000001, Epoch time: 2.40s
Epoch 259/300, Loss: -0.4733, Obj: -0.7458, Eq Viol (l1): 0.000081, Ineq Viol (l1): 0.000001, Epoch time: 2.41s
Epoch 260/300, Loss: -0.4381, Obj: -0.7337, Eq Viol (l1): 0.000077, Ineq Viol (l1): 0.000001, Epoch time: 2.43s
Epoch 261/300, Loss: -0.4782, Obj: -0.7469, Eq Viol (l1): 0.000085, Ineq Viol (l1): 0.000001, Epoch time: 2.38s

Running validation at epoch 260...

VALIDATION_EPOCH_260 EVALUATION RESULTS:
==================================================
Objective Value:     -8.602759e-01
True Objective:      -2.413704e+00
Optimality Gap:      -6.414320e-01 ± 3.475947e-01
Eq Violation l1:   8.112931e-05 (max: 1.058946e-03)
Ineq Violation l1: 6.460221e-07 (max: 2.220724e-05)
Solution Distance:   1.229348e+02 ± 6.171988e-01
Merit:             -8.594582e-01 ± 5.186994e-03
Avg Inference Time:  0.0663s
==================================================
Epoch 262/300, Loss: -0.4450, Obj: -0.7424, Eq Viol (l1): 0.000089, Ineq Viol (l1): 0.000001, Epoch time: 2.50s
Epoch 263/300, Loss: -0.4764, Obj: -0.7446, Eq Viol (l1): 0.000086, Ineq Viol (l1): 0.000001, Epoch time: 2.37s
Epoch 264/300, Loss: -0.4823, Obj: -0.7669, Eq Viol (l1): 0.000077, Ineq Viol (l1): 0.000001, Epoch time: 2.45s
Epoch 265/300, Loss: -0.4800, Obj: -0.7294, Eq Viol (l1): 0.000084, Ineq Viol (l1): 0.000001, Epoch time: 2.36s
Epoch 266/300, Loss: -0.5024, Obj: -0.7665, Eq Viol (l1): 0.000081, Ineq Viol (l1): 0.000001, Epoch time: 2.39s
Epoch 267/300, Loss: -0.5295, Obj: -0.7719, Eq Viol (l1): 0.000085, Ineq Viol (l1): 0.000001, Epoch time: 2.38s
Epoch 268/300, Loss: -0.5134, Obj: -0.7618, Eq Viol (l1): 0.000084, Ineq Viol (l1): 0.000001, Epoch time: 2.39s
Epoch 269/300, Loss: -0.4930, Obj: -0.7523, Eq Viol (l1): 0.000084, Ineq Viol (l1): 0.000001, Epoch time: 2.38s
Epoch 270/300, Loss: -0.5195, Obj: -0.7708, Eq Viol (l1): 0.000084, Ineq Viol (l1): 0.000001, Epoch time: 2.40s
Epoch 271/300, Loss: -0.4855, Obj: -0.7581, Eq Viol (l1): 0.000078, Ineq Viol (l1): 0.000001, Epoch time: 2.42s

Running validation at epoch 270...

VALIDATION_EPOCH_270 EVALUATION RESULTS:
==================================================
Objective Value:     -8.268422e-01
True Objective:      -2.413704e+00
Optimality Gap:      -5.766860e-01 ± 3.166379e-01
Eq Violation l1:   7.094175e-05 (max: 1.164107e-03)
Ineq Violation l1: 5.035346e-07 (max: 4.267801e-05)
Solution Distance:   1.230283e+02 ± 6.550194e-01
Merit:             -8.261277e-01 ± 2.069530e-03
Avg Inference Time:  0.0661s
==================================================
Epoch 272/300, Loss: -0.4897, Obj: -0.7557, Eq Viol (l1): 0.000082, Ineq Viol (l1): 0.000001, Epoch time: 2.39s
Epoch 273/300, Loss: -0.4980, Obj: -0.7582, Eq Viol (l1): 0.000080, Ineq Viol (l1): 0.000001, Epoch time: 2.40s
Epoch 274/300, Loss: -0.4407, Obj: -0.7226, Eq Viol (l1): 0.000085, Ineq Viol (l1): 0.000001, Epoch time: 2.39s
Epoch 275/300, Loss: -0.4248, Obj: -0.7250, Eq Viol (l1): 0.000084, Ineq Viol (l1): 0.000001, Epoch time: 2.39s
Epoch 276/300, Loss: -0.4845, Obj: -0.7489, Eq Viol (l1): 0.000087, Ineq Viol (l1): 0.000001, Epoch time: 2.38s
Epoch 277/300, Loss: -0.4988, Obj: -0.7625, Eq Viol (l1): 0.000076, Ineq Viol (l1): 0.000001, Epoch time: 2.41s
Epoch 278/300, Loss: -0.4835, Obj: -0.7554, Eq Viol (l1): 0.000081, Ineq Viol (l1): 0.000001, Epoch time: 2.40s
Epoch 279/300, Loss: -0.4212, Obj: -0.7078, Eq Viol (l1): 0.000082, Ineq Viol (l1): 0.000000, Epoch time: 2.39s
Epoch 280/300, Loss: -0.5001, Obj: -0.7571, Eq Viol (l1): 0.000078, Ineq Viol (l1): 0.000001, Epoch time: 2.40s
Epoch 281/300, Loss: -0.4906, Obj: -0.7528, Eq Viol (l1): 0.000086, Ineq Viol (l1): 0.000001, Epoch time: 2.38s

Running validation at epoch 280...

VALIDATION_EPOCH_280 EVALUATION RESULTS:
==================================================
Objective Value:     -8.256204e-01
True Objective:      -2.413704e+00
Optimality Gap:      -6.183211e-01 ± 3.511692e-01
Eq Violation l1:   6.357868e-05 (max: 1.973845e-03)
Ineq Violation l1: 3.372452e-07 (max: 2.092742e-05)
Solution Distance:   1.233355e+02 ± 6.533853e-01
Merit:             -8.249812e-01 ± 3.926637e-05
Avg Inference Time:  0.0680s
==================================================
Epoch 282/300, Loss: -0.4968, Obj: -0.7683, Eq Viol (l1): 0.000081, Ineq Viol (l1): 0.000001, Epoch time: 2.40s
Epoch 283/300, Loss: -0.4852, Obj: -0.7529, Eq Viol (l1): 0.000084, Ineq Viol (l1): 0.000001, Epoch time: 2.37s
Epoch 284/300, Loss: -0.4670, Obj: -0.7408, Eq Viol (l1): 0.000088, Ineq Viol (l1): 0.000001, Epoch time: 2.38s
Epoch 285/300, Loss: -0.4383, Obj: -0.7459, Eq Viol (l1): 0.000087, Ineq Viol (l1): 0.000001, Epoch time: 2.40s
Epoch 286/300, Loss: -0.4537, Obj: -0.7321, Eq Viol (l1): 0.000080, Ineq Viol (l1): 0.000001, Epoch time: 2.42s
Epoch 287/300, Loss: -0.4921, Obj: -0.7645, Eq Viol (l1): 0.000082, Ineq Viol (l1): 0.000001, Epoch time: 2.40s
Epoch 288/300, Loss: -0.4109, Obj: -0.7282, Eq Viol (l1): 0.000085, Ineq Viol (l1): 0.000001, Epoch time: 2.41s
Epoch 289/300, Loss: -0.4746, Obj: -0.7469, Eq Viol (l1): 0.000088, Ineq Viol (l1): 0.000001, Epoch time: 2.39s
Epoch 290/300, Loss: -0.4235, Obj: -0.7249, Eq Viol (l1): 0.000089, Ineq Viol (l1): 0.000001, Epoch time: 2.37s
Epoch 291/300, Loss: -0.4662, Obj: -0.7413, Eq Viol (l1): 0.000084, Ineq Viol (l1): 0.000001, Epoch time: 2.39s

Running validation at epoch 290...

VALIDATION_EPOCH_290 EVALUATION RESULTS:
==================================================
Objective Value:     -8.100915e-01
True Objective:      -2.413704e+00
Optimality Gap:      -5.615612e-01 ± 3.256137e-01
Eq Violation l1:   1.072089e-04 (max: 1.295585e-03)
Ineq Violation l1: 5.901022e-07 (max: 4.936876e-05)
Solution Distance:   1.232890e+02 ± 6.261555e-01
Merit:             -8.090135e-01 ± 1.896001e-03
Avg Inference Time:  0.0632s
==================================================
Epoch 292/300, Loss: -0.4940, Obj: -0.7524, Eq Viol (l1): 0.000075, Ineq Viol (l1): 0.000000, Epoch time: 2.41s
Epoch 293/300, Loss: -0.4834, Obj: -0.7466, Eq Viol (l1): 0.000076, Ineq Viol (l1): 0.000000, Epoch time: 2.41s
Epoch 294/300, Loss: -0.4720, Obj: -0.7493, Eq Viol (l1): 0.000084, Ineq Viol (l1): 0.000001, Epoch time: 2.37s
Epoch 295/300, Loss: -0.4325, Obj: -0.7349, Eq Viol (l1): 0.000087, Ineq Viol (l1): 0.000001, Epoch time: 2.49s
Epoch 296/300, Loss: -0.4410, Obj: -0.7385, Eq Viol (l1): 0.000087, Ineq Viol (l1): 0.000001, Epoch time: 2.40s
Epoch 297/300, Loss: -0.5176, Obj: -0.7728, Eq Viol (l1): 0.000084, Ineq Viol (l1): 0.000001, Epoch time: 2.39s
Epoch 298/300, Loss: -0.5092, Obj: -0.7560, Eq Viol (l1): 0.000082, Ineq Viol (l1): 0.000001, Epoch time: 2.39s
Epoch 299/300, Loss: -0.5178, Obj: -0.7675, Eq Viol (l1): 0.000086, Ineq Viol (l1): 0.000001, Epoch time: 2.38s
Epoch 300/300, Loss: -0.5148, Obj: -0.7710, Eq Viol (l1): 0.000085, Ineq Viol (l1): 0.000001, Epoch time: 2.38s

Training completed in 732.55 seconds.

============================================================
COMPREHENSIVE TEST EVALUATION WITH DETAILED RESULTS
============================================================
Testing with batch sizes: [256, 512]

Evaluating with batch size: 256 (with detailed results)

TEST_BS256 EVALUATION RESULTS:
==================================================
Objective Value:     -8.345602e-01
True Objective:      -2.409220e+00
Optimality Gap:      -4.040630e-01 ± 1.628371e+00
Eq Violation l1:   8.845691e-05 (max: 9.016579e-04)
Ineq Violation l1: 7.519679e-07 (max: 2.720239e-05)
Solution Distance:   1.244806e+02 ± 1.989536e+00
Merit:             -8.336682e-01 ± 5.674674e-02
Avg Inference Time:  0.0566s
==================================================

Evaluating with batch size: 512 (with detailed results)

TEST_BS512 EVALUATION RESULTS:
==================================================
Objective Value:     -8.346667e-01
True Objective:      -2.408634e+00
Optimality Gap:      -4.138391e-01 ± 1.199165e+00
Eq Violation l1:   9.221533e-05 (max: 1.363686e-03)
Ineq Violation l1: 7.484256e-07 (max: 3.226603e-05)
Solution Distance:   1.244350e+02 ± 1.262776e+00
Merit:             -8.337370e-01 ± 5.131064e-02
Avg Inference Time:  0.0637s
==================================================

TEST BATCH SIZE COMPARISON:
================================================================================
Batch Size   Objective    Opt Gap      Eq Viol      Ineq Viol    Time (s)  
--------------------------------------------------------------------------------
256          -8.3456e-01  -4.0406e-01  8.8457e-05   7.5197e-07   0.45      
512          -8.3467e-01  -4.1384e-01  9.2215e-05   7.4843e-07   0.25      
================================================================================

Saving model and results to: results/nonsmooth_nonconvex/socp/SOCPProblem-100-50-50-10000/20260108-032228_MLP_FSNet_seed0_nepochs300_lr0.0002_trainsize7000_finetune_20260108-031455_model_470
✓ Model saved: results/nonsmooth_nonconvex/socp/SOCPProblem-100-50-50-10000/20260108-032228_MLP_FSNet_seed0_nepochs300_lr0.0002_trainsize7000_finetune_20260108-031455_model_470/model.pt
✓ Detailed results saved: results/nonsmooth_nonconvex/socp/SOCPProblem-100-50-50-10000/20260108-032228_MLP_FSNet_seed0_nepochs300_lr0.0002_trainsize7000_finetune_20260108-031455_model_470/results.pkl

Files saved (or attempted):
  - model.pt (model weights and architecture)
  - results.pkl (training history, metrics, detailed test results)
Training and testing completed in 734.90 seconds
Done!!!
============================================================
==========         =====================         ===========
==========   0      =====================         ===========
==========         =====================         ===========
============================================================

======= Running for problem: nonsmooth_nonconvex/socp =======

Loading problem instance: nonsmooth_nonconvex/socp with size [100, 50, 50, 10000]
Loading  dataset from: datasets/nonsmooth_nonconvex/socp/random2025_socp_dataset_var100_ineq50_eq50_ex10000 

Running on:  cuda
Training model using FSNet method with seed 1 for 300 epochs
Using batch size: 512
Loading model from checkpoint: results/nonsmooth_nonconvex/socp/SOCPProblem-100-50-50-10000/20260108-031455_MLP_sup_pen_seed1_nepochs500_lr0.0002_trainsize1000_subopt_2_1.0/model_470.pt

lr: 0.0002, weight_decay: 0.001, num_epochs: 300

Epoch 1/300, Loss: 26.1862, Obj: 26.1050, Eq Viol (l1): 0.000129, Ineq Viol (l1): 0.000000, Epoch time: 5.78s

Running validation at epoch 0...

VALIDATION_EPOCH_0 EVALUATION RESULTS:
==================================================
Objective Value:     2.580188e+01
True Objective:      -2.413704e+00
Optimality Gap:      4.571214e+01 ± 1.513871e+01
Eq Violation l1:   1.524515e-04 (max: 5.394866e-04)
Ineq Violation l1: 0.000000e+00 (max: 0.000000e+00)
Solution Distance:   2.335934e+02 ± 1.312058e+00
Merit:             2.580340e+01 ± 4.894863e-02
Avg Inference Time:  0.5931s
==================================================
Epoch 2/300, Loss: 24.5574, Obj: 24.2973, Eq Viol (l1): 0.000096, Ineq Viol (l1): 0.000000, Epoch time: 2.14s
Epoch 3/300, Loss: 23.5906, Obj: 23.0600, Eq Viol (l1): 0.000096, Ineq Viol (l1): 0.000000, Epoch time: 2.32s
Epoch 4/300, Loss: 22.7102, Obj: 22.3534, Eq Viol (l1): 0.000096, Ineq Viol (l1): 0.000000, Epoch time: 2.31s
Epoch 5/300, Loss: 21.7221, Obj: 21.3769, Eq Viol (l1): 0.000092, Ineq Viol (l1): 0.000000, Epoch time: 2.34s
Epoch 6/300, Loss: 20.7662, Obj: 20.3758, Eq Viol (l1): 0.000091, Ineq Viol (l1): 0.000000, Epoch time: 2.41s
Epoch 7/300, Loss: 19.5920, Obj: 19.1729, Eq Viol (l1): 0.000090, Ineq Viol (l1): 0.000001, Epoch time: 2.49s
Epoch 8/300, Loss: 17.3466, Obj: 16.8599, Eq Viol (l1): 0.000083, Ineq Viol (l1): 0.000001, Epoch time: 2.60s
Epoch 9/300, Loss: 13.6871, Obj: 12.9663, Eq Viol (l1): 0.000071, Ineq Viol (l1): 0.000001, Epoch time: 2.64s
Epoch 10/300, Loss: 11.1549, Obj: 9.8961, Eq Viol (l1): 0.000040, Ineq Viol (l1): 0.000000, Epoch time: 2.78s
Epoch 11/300, Loss: 7.2247, Obj: 5.7465, Eq Viol (l1): 0.000078, Ineq Viol (l1): 0.000000, Epoch time: 2.54s

Running validation at epoch 10...

VALIDATION_EPOCH_10 EVALUATION RESULTS:
==================================================
Objective Value:     3.560268e+00
True Objective:      -2.413704e+00
Optimality Gap:      6.984925e+00 ± 2.132395e+00
Eq Violation l1:   8.740266e-05 (max: 1.139999e-03)
Ineq Violation l1: 1.306111e-07 (max: 1.610499e-05)
Solution Distance:   1.353112e+02 ± 6.414555e-01
Merit:             3.561143e+00 ± 1.558996e-02
Avg Inference Time:  0.0660s
==================================================
Epoch 12/300, Loss: 3.1944, Obj: 2.2551, Eq Viol (l1): 0.000096, Ineq Viol (l1): 0.000000, Epoch time: 2.43s
Epoch 13/300, Loss: 1.7493, Obj: 0.9516, Eq Viol (l1): 0.000086, Ineq Viol (l1): 0.000000, Epoch time: 2.48s
Epoch 14/300, Loss: 1.0129, Obj: 0.2379, Eq Viol (l1): 0.000066, Ineq Viol (l1): 0.000000, Epoch time: 2.55s
Epoch 15/300, Loss: 0.8569, Obj: 0.0968, Eq Viol (l1): 0.000073, Ineq Viol (l1): 0.000000, Epoch time: 2.52s
Epoch 16/300, Loss: 0.6767, Obj: 0.0232, Eq Viol (l1): 0.000078, Ineq Viol (l1): 0.000000, Epoch time: 2.50s
Epoch 17/300, Loss: 0.6648, Obj: -0.1014, Eq Viol (l1): 0.000077, Ineq Viol (l1): 0.000001, Epoch time: 2.52s
Epoch 18/300, Loss: 0.4796, Obj: -0.1850, Eq Viol (l1): 0.000078, Ineq Viol (l1): 0.000000, Epoch time: 2.52s
Epoch 19/300, Loss: 0.4389, Obj: -0.1591, Eq Viol (l1): 0.000074, Ineq Viol (l1): 0.000000, Epoch time: 2.50s
Epoch 20/300, Loss: 0.3817, Obj: -0.2559, Eq Viol (l1): 0.000078, Ineq Viol (l1): 0.000000, Epoch time: 2.48s
Epoch 21/300, Loss: 0.2495, Obj: -0.2739, Eq Viol (l1): 0.000066, Ineq Viol (l1): 0.000000, Epoch time: 2.51s

Running validation at epoch 20...

VALIDATION_EPOCH_20 EVALUATION RESULTS:
==================================================
Objective Value:     -3.556458e-01
True Objective:      -2.413704e+00
Optimality Gap:      2.572443e-01 ± 3.276442e-02
Eq Violation l1:   7.767889e-05 (max: 1.625466e-03)
Ineq Violation l1: 4.035979e-07 (max: 6.259928e-05)
Solution Distance:   1.237896e+02 ± 5.041694e-01
Merit:             -3.548650e-01 ± 2.612147e-02
Avg Inference Time:  0.0636s
==================================================
Epoch 22/300, Loss: 0.1932, Obj: -0.3406, Eq Viol (l1): 0.000071, Ineq Viol (l1): 0.000000, Epoch time: 2.49s
Epoch 23/300, Loss: 0.1600, Obj: -0.3184, Eq Viol (l1): 0.000076, Ineq Viol (l1): 0.000000, Epoch time: 2.44s
Epoch 24/300, Loss: 0.0983, Obj: -0.3674, Eq Viol (l1): 0.000073, Ineq Viol (l1): 0.000000, Epoch time: 2.46s
Epoch 25/300, Loss: 0.2261, Obj: -0.3272, Eq Viol (l1): 0.000083, Ineq Viol (l1): 0.000000, Epoch time: 2.46s
Epoch 26/300, Loss: 0.2001, Obj: -0.2985, Eq Viol (l1): 0.000080, Ineq Viol (l1): 0.000000, Epoch time: 2.45s
Epoch 27/300, Loss: 0.0473, Obj: -0.4424, Eq Viol (l1): 0.000073, Ineq Viol (l1): 0.000000, Epoch time: 2.49s
Epoch 28/300, Loss: 0.0378, Obj: -0.4365, Eq Viol (l1): 0.000075, Ineq Viol (l1): 0.000000, Epoch time: 2.48s
Epoch 29/300, Loss: 0.0617, Obj: -0.4158, Eq Viol (l1): 0.000077, Ineq Viol (l1): 0.000001, Epoch time: 2.45s
Epoch 30/300, Loss: 0.0688, Obj: -0.4257, Eq Viol (l1): 0.000077, Ineq Viol (l1): 0.000000, Epoch time: 2.46s
Epoch 31/300, Loss: -0.0267, Obj: -0.4896, Eq Viol (l1): 0.000077, Ineq Viol (l1): 0.000000, Epoch time: 2.47s

Running validation at epoch 30...

VALIDATION_EPOCH_30 EVALUATION RESULTS:
==================================================
Objective Value:     -4.956748e-01
True Objective:      -2.413704e+00
Optimality Gap:      1.083009e-01 ± 3.889024e-02
Eq Violation l1:   9.099329e-05 (max: 8.914004e-04)
Ineq Violation l1: 5.673500e-07 (max: 3.383997e-05)
Solution Distance:   1.244609e+02 ± 7.127374e-01
Merit:             -4.947591e-01 ± 1.427213e-02
Avg Inference Time:  0.0633s
==================================================
Epoch 32/300, Loss: -0.0057, Obj: -0.4713, Eq Viol (l1): 0.000071, Ineq Viol (l1): 0.000000, Epoch time: 2.48s
Epoch 33/300, Loss: 0.2120, Obj: -0.3260, Eq Viol (l1): 0.000084, Ineq Viol (l1): 0.000001, Epoch time: 2.52s
Epoch 34/300, Loss: 0.0121, Obj: -0.4873, Eq Viol (l1): 0.000081, Ineq Viol (l1): 0.000000, Epoch time: 2.46s
Epoch 35/300, Loss: -0.0710, Obj: -0.4921, Eq Viol (l1): 0.000084, Ineq Viol (l1): 0.000001, Epoch time: 2.44s
Epoch 36/300, Loss: -0.0963, Obj: -0.5362, Eq Viol (l1): 0.000074, Ineq Viol (l1): 0.000001, Epoch time: 2.47s
Epoch 37/300, Loss: -0.0167, Obj: -0.4768, Eq Viol (l1): 0.000084, Ineq Viol (l1): 0.000001, Epoch time: 2.42s
Epoch 38/300, Loss: -0.0023, Obj: -0.4748, Eq Viol (l1): 0.000079, Ineq Viol (l1): 0.000001, Epoch time: 2.45s
Epoch 39/300, Loss: -0.0503, Obj: -0.5142, Eq Viol (l1): 0.000086, Ineq Viol (l1): 0.000001, Epoch time: 2.42s
Epoch 40/300, Loss: -0.1149, Obj: -0.5025, Eq Viol (l1): 0.000080, Ineq Viol (l1): 0.000000, Epoch time: 2.42s
Epoch 41/300, Loss: -0.1390, Obj: -0.5503, Eq Viol (l1): 0.000074, Ineq Viol (l1): 0.000000, Epoch time: 2.45s

Running validation at epoch 40...

VALIDATION_EPOCH_40 EVALUATION RESULTS:
==================================================
Objective Value:     -7.673995e-01
True Objective:      -2.413704e+00
Optimality Gap:      -4.748854e-01 ± 2.811673e-01
Eq Violation l1:   8.994303e-05 (max: 9.567978e-04)
Ineq Violation l1: 5.704069e-07 (max: 4.039637e-05)
Solution Distance:   1.231125e+02 ± 5.938386e-01
Merit:             -7.664943e-01 ± 1.168373e-03
Avg Inference Time:  0.0663s
==================================================
Epoch 42/300, Loss: -0.1297, Obj: -0.5659, Eq Viol (l1): 0.000077, Ineq Viol (l1): 0.000000, Epoch time: 2.43s
Epoch 43/300, Loss: -0.1190, Obj: -0.4856, Eq Viol (l1): 0.000076, Ineq Viol (l1): 0.000000, Epoch time: 2.41s
Epoch 44/300, Loss: -0.1891, Obj: -0.5915, Eq Viol (l1): 0.000083, Ineq Viol (l1): 0.000001, Epoch time: 2.44s
Epoch 45/300, Loss: -0.1224, Obj: -0.5434, Eq Viol (l1): 0.000082, Ineq Viol (l1): 0.000000, Epoch time: 2.42s
Epoch 46/300, Loss: -0.1171, Obj: -0.5628, Eq Viol (l1): 0.000088, Ineq Viol (l1): 0.000001, Epoch time: 2.41s
Epoch 47/300, Loss: -0.1698, Obj: -0.5382, Eq Viol (l1): 0.000075, Ineq Viol (l1): 0.000001, Epoch time: 2.45s
Epoch 48/300, Loss: -0.2252, Obj: -0.6394, Eq Viol (l1): 0.000083, Ineq Viol (l1): 0.000001, Epoch time: 2.46s
Epoch 49/300, Loss: -0.0846, Obj: -0.4917, Eq Viol (l1): 0.000087, Ineq Viol (l1): 0.000000, Epoch time: 2.39s
Epoch 50/300, Loss: -0.1261, Obj: -0.5358, Eq Viol (l1): 0.000085, Ineq Viol (l1): 0.000000, Epoch time: 2.40s
Epoch 51/300, Loss: -0.2594, Obj: -0.6169, Eq Viol (l1): 0.000085, Ineq Viol (l1): 0.000001, Epoch time: 2.41s

Running validation at epoch 50...

VALIDATION_EPOCH_50 EVALUATION RESULTS:
==================================================
Objective Value:     -7.005937e-01
True Objective:      -2.413704e+00
Optimality Gap:      -3.598855e-01 ± 2.748349e-01
Eq Violation l1:   9.126319e-05 (max: 1.123791e-03)
Ineq Violation l1: 4.855295e-07 (max: 6.156465e-05)
Solution Distance:   1.237241e+02 ± 5.947897e-01
Merit:             -6.996762e-01 ± 7.537544e-03
Avg Inference Time:  0.0633s
==================================================
Epoch 52/300, Loss: -0.2090, Obj: -0.6458, Eq Viol (l1): 0.000085, Ineq Viol (l1): 0.000001, Epoch time: 2.45s
Epoch 53/300, Loss: -0.2750, Obj: -0.6265, Eq Viol (l1): 0.000084, Ineq Viol (l1): 0.000001, Epoch time: 2.39s
Epoch 54/300, Loss: -0.2733, Obj: -0.6161, Eq Viol (l1): 0.000088, Ineq Viol (l1): 0.000001, Epoch time: 2.39s
Epoch 55/300, Loss: -0.2632, Obj: -0.6254, Eq Viol (l1): 0.000086, Ineq Viol (l1): 0.000001, Epoch time: 2.41s
Epoch 56/300, Loss: -0.2223, Obj: -0.6059, Eq Viol (l1): 0.000083, Ineq Viol (l1): 0.000001, Epoch time: 2.41s
Epoch 57/300, Loss: -0.1965, Obj: -0.5683, Eq Viol (l1): 0.000072, Ineq Viol (l1): 0.000000, Epoch time: 2.43s
Epoch 58/300, Loss: -0.2500, Obj: -0.5956, Eq Viol (l1): 0.000080, Ineq Viol (l1): 0.000001, Epoch time: 2.39s
Epoch 59/300, Loss: -0.0887, Obj: -0.5323, Eq Viol (l1): 0.000090, Ineq Viol (l1): 0.000000, Epoch time: 2.37s
Epoch 60/300, Loss: -0.0870, Obj: -0.5114, Eq Viol (l1): 0.000088, Ineq Viol (l1): 0.000001, Epoch time: 2.40s
Epoch 61/300, Loss: -0.1764, Obj: -0.5895, Eq Viol (l1): 0.000083, Ineq Viol (l1): 0.000001, Epoch time: 2.44s

Running validation at epoch 60...

VALIDATION_EPOCH_60 EVALUATION RESULTS:
==================================================
Objective Value:     -7.094869e-01
True Objective:      -2.413704e+00
Optimality Gap:      -4.457715e-01 ± 3.269834e-01
Eq Violation l1:   1.030719e-04 (max: 1.722818e-03)
Ineq Violation l1: 6.369915e-07 (max: 4.022177e-05)
Solution Distance:   1.236024e+02 ± 6.066435e-01
Merit:             -7.084499e-01 ± 7.406773e-04
Avg Inference Time:  0.0631s
==================================================
Epoch 62/300, Loss: -0.1544, Obj: -0.5447, Eq Viol (l1): 0.000082, Ineq Viol (l1): 0.000000, Epoch time: 2.38s
Epoch 63/300, Loss: -0.2131, Obj: -0.5690, Eq Viol (l1): 0.000084, Ineq Viol (l1): 0.000001, Epoch time: 2.40s
Epoch 64/300, Loss: -0.2543, Obj: -0.6187, Eq Viol (l1): 0.000081, Ineq Viol (l1): 0.000001, Epoch time: 2.43s
Epoch 65/300, Loss: -0.2809, Obj: -0.6333, Eq Viol (l1): 0.000079, Ineq Viol (l1): 0.000001, Epoch time: 2.51s
Epoch 66/300, Loss: -0.3102, Obj: -0.6357, Eq Viol (l1): 0.000083, Ineq Viol (l1): 0.000001, Epoch time: 2.40s
Epoch 67/300, Loss: -0.3199, Obj: -0.6493, Eq Viol (l1): 0.000083, Ineq Viol (l1): 0.000001, Epoch time: 2.40s
Epoch 68/300, Loss: -0.2925, Obj: -0.6235, Eq Viol (l1): 0.000077, Ineq Viol (l1): 0.000001, Epoch time: 2.44s
Epoch 69/300, Loss: -0.2800, Obj: -0.6325, Eq Viol (l1): 0.000083, Ineq Viol (l1): 0.000001, Epoch time: 2.42s
Epoch 70/300, Loss: -0.2130, Obj: -0.6149, Eq Viol (l1): 0.000084, Ineq Viol (l1): 0.000001, Epoch time: 2.42s
Epoch 71/300, Loss: -0.2220, Obj: -0.6148, Eq Viol (l1): 0.000082, Ineq Viol (l1): 0.000001, Epoch time: 2.43s

Running validation at epoch 70...

VALIDATION_EPOCH_70 EVALUATION RESULTS:
==================================================
Objective Value:     -6.985554e-01
True Objective:      -2.413704e+00
Optimality Gap:      -3.639546e-01 ± 2.633909e-01
Eq Violation l1:   9.356580e-05 (max: 1.043611e-03)
Ineq Violation l1: 5.471126e-07 (max: 3.762285e-05)
Solution Distance:   1.239052e+02 ± 6.378097e-01
Merit:             -6.976143e-01 ± 1.068398e-03
Avg Inference Time:  0.0622s
==================================================
Epoch 72/300, Loss: -0.3002, Obj: -0.6372, Eq Viol (l1): 0.000080, Ineq Viol (l1): 0.000000, Epoch time: 2.39s
Epoch 73/300, Loss: -0.3347, Obj: -0.6529, Eq Viol (l1): 0.000079, Ineq Viol (l1): 0.000000, Epoch time: 2.39s
Epoch 74/300, Loss: -0.2594, Obj: -0.6347, Eq Viol (l1): 0.000082, Ineq Viol (l1): 0.000001, Epoch time: 2.42s
Epoch 75/300, Loss: -0.2110, Obj: -0.5950, Eq Viol (l1): 0.000081, Ineq Viol (l1): 0.000001, Epoch time: 2.42s
Epoch 76/300, Loss: -0.1301, Obj: -0.5448, Eq Viol (l1): 0.000084, Ineq Viol (l1): 0.000000, Epoch time: 2.39s
Epoch 77/300, Loss: -0.2702, Obj: -0.6351, Eq Viol (l1): 0.000080, Ineq Viol (l1): 0.000000, Epoch time: 2.41s
Epoch 78/300, Loss: -0.3420, Obj: -0.6492, Eq Viol (l1): 0.000084, Ineq Viol (l1): 0.000001, Epoch time: 2.38s
Epoch 79/300, Loss: -0.3679, Obj: -0.6895, Eq Viol (l1): 0.000081, Ineq Viol (l1): 0.000001, Epoch time: 2.42s
Epoch 80/300, Loss: -0.3260, Obj: -0.6475, Eq Viol (l1): 0.000081, Ineq Viol (l1): 0.000000, Epoch time: 2.40s
Epoch 81/300, Loss: -0.3232, Obj: -0.6447, Eq Viol (l1): 0.000090, Ineq Viol (l1): 0.000001, Epoch time: 2.37s

Running validation at epoch 80...

VALIDATION_EPOCH_80 EVALUATION RESULTS:
==================================================
Objective Value:     -8.238831e-01
True Objective:      -2.413704e+00
Optimality Gap:      -5.823335e-01 ± 3.363450e-01
Eq Violation l1:   8.236674e-05 (max: 7.620810e-04)
Ineq Violation l1: 4.559490e-07 (max: 2.715873e-05)
Solution Distance:   1.225583e+02 ± 5.945882e-01
Merit:             -8.230548e-01 ± 5.291561e-03
Avg Inference Time:  0.0673s
==================================================
Epoch 82/300, Loss: -0.2452, Obj: -0.6120, Eq Viol (l1): 0.000081, Ineq Viol (l1): 0.000001, Epoch time: 2.42s
Epoch 83/300, Loss: -0.3143, Obj: -0.6468, Eq Viol (l1): 0.000084, Ineq Viol (l1): 0.000001, Epoch time: 2.40s
Epoch 84/300, Loss: -0.3074, Obj: -0.6433, Eq Viol (l1): 0.000079, Ineq Viol (l1): 0.000000, Epoch time: 2.42s
Epoch 85/300, Loss: -0.3107, Obj: -0.6749, Eq Viol (l1): 0.000090, Ineq Viol (l1): 0.000001, Epoch time: 2.40s
Epoch 86/300, Loss: -0.3610, Obj: -0.6579, Eq Viol (l1): 0.000080, Ineq Viol (l1): 0.000001, Epoch time: 2.40s
Epoch 87/300, Loss: -0.3128, Obj: -0.6577, Eq Viol (l1): 0.000076, Ineq Viol (l1): 0.000001, Epoch time: 2.43s
Epoch 88/300, Loss: -0.3378, Obj: -0.6562, Eq Viol (l1): 0.000086, Ineq Viol (l1): 0.000001, Epoch time: 2.40s
Epoch 89/300, Loss: -0.3566, Obj: -0.6776, Eq Viol (l1): 0.000083, Ineq Viol (l1): 0.000001, Epoch time: 2.41s
Epoch 90/300, Loss: -0.3669, Obj: -0.6794, Eq Viol (l1): 0.000080, Ineq Viol (l1): 0.000000, Epoch time: 2.40s
Epoch 91/300, Loss: -0.3260, Obj: -0.6602, Eq Viol (l1): 0.000084, Ineq Viol (l1): 0.000001, Epoch time: 2.39s

Running validation at epoch 90...

VALIDATION_EPOCH_90 EVALUATION RESULTS:
==================================================
Objective Value:     -8.073571e-01
True Objective:      -2.413704e+00
Optimality Gap:      -5.646984e-01 ± 3.325022e-01
Eq Violation l1:   1.111914e-04 (max: 1.213125e-03)
Ineq Violation l1: 8.252301e-07 (max: 4.524242e-05)
Solution Distance:   1.231947e+02 ± 6.089011e-01
Merit:             -8.062369e-01 ± 2.780862e-03
Avg Inference Time:  0.0656s
==================================================
Epoch 92/300, Loss: -0.2790, Obj: -0.6538, Eq Viol (l1): 0.000087, Ineq Viol (l1): 0.000001, Epoch time: 2.44s
Epoch 93/300, Loss: -0.3026, Obj: -0.6537, Eq Viol (l1): 0.000080, Ineq Viol (l1): 0.000000, Epoch time: 2.41s
Epoch 94/300, Loss: -0.2946, Obj: -0.6450, Eq Viol (l1): 0.000082, Ineq Viol (l1): 0.000001, Epoch time: 2.42s
Epoch 95/300, Loss: -0.3290, Obj: -0.6752, Eq Viol (l1): 0.000088, Ineq Viol (l1): 0.000001, Epoch time: 2.40s
Epoch 96/300, Loss: -0.3618, Obj: -0.6854, Eq Viol (l1): 0.000080, Ineq Viol (l1): 0.000001, Epoch time: 2.42s
Epoch 97/300, Loss: -0.3493, Obj: -0.6541, Eq Viol (l1): 0.000085, Ineq Viol (l1): 0.000001, Epoch time: 2.37s
Epoch 98/300, Loss: -0.3370, Obj: -0.6808, Eq Viol (l1): 0.000080, Ineq Viol (l1): 0.000001, Epoch time: 2.54s
Epoch 99/300, Loss: -0.3575, Obj: -0.6704, Eq Viol (l1): 0.000084, Ineq Viol (l1): 0.000001, Epoch time: 2.39s
Epoch 100/300, Loss: -0.3694, Obj: -0.6815, Eq Viol (l1): 0.000086, Ineq Viol (l1): 0.000001, Epoch time: 2.38s
Epoch 101/300, Loss: -0.3358, Obj: -0.6318, Eq Viol (l1): 0.000083, Ineq Viol (l1): 0.000001, Epoch time: 2.38s

Running validation at epoch 100...

VALIDATION_EPOCH_100 EVALUATION RESULTS:
==================================================
Objective Value:     -8.110413e-01
True Objective:      -2.413704e+00
Optimality Gap:      -5.697560e-01 ± 3.335080e-01
Eq Violation l1:   8.566841e-05 (max: 1.659387e-03)
Ineq Violation l1: 7.857616e-07 (max: 5.492516e-05)
Solution Distance:   1.221472e+02 ± 6.232048e-01
Merit:             -8.101768e-01 ± 4.256515e-03
Avg Inference Time:  0.0675s
==================================================
Epoch 102/300, Loss: -0.3571, Obj: -0.6807, Eq Viol (l1): 0.000084, Ineq Viol (l1): 0.000001, Epoch time: 2.38s
Epoch 103/300, Loss: -0.3455, Obj: -0.6649, Eq Viol (l1): 0.000087, Ineq Viol (l1): 0.000001, Epoch time: 2.38s
Epoch 104/300, Loss: -0.3629, Obj: -0.6776, Eq Viol (l1): 0.000075, Ineq Viol (l1): 0.000000, Epoch time: 2.44s
Epoch 105/300, Loss: -0.3796, Obj: -0.6984, Eq Viol (l1): 0.000079, Ineq Viol (l1): 0.000000, Epoch time: 2.41s
Epoch 106/300, Loss: -0.3646, Obj: -0.6857, Eq Viol (l1): 0.000077, Ineq Viol (l1): 0.000001, Epoch time: 2.42s
Epoch 107/300, Loss: -0.3869, Obj: -0.6963, Eq Viol (l1): 0.000080, Ineq Viol (l1): 0.000001, Epoch time: 2.40s
Epoch 108/300, Loss: -0.3686, Obj: -0.6790, Eq Viol (l1): 0.000086, Ineq Viol (l1): 0.000001, Epoch time: 2.37s
Epoch 109/300, Loss: -0.2956, Obj: -0.6624, Eq Viol (l1): 0.000077, Ineq Viol (l1): 0.000000, Epoch time: 2.44s
Epoch 110/300, Loss: -0.3369, Obj: -0.6799, Eq Viol (l1): 0.000081, Ineq Viol (l1): 0.000001, Epoch time: 2.41s
Epoch 111/300, Loss: -0.3405, Obj: -0.6747, Eq Viol (l1): 0.000083, Ineq Viol (l1): 0.000001, Epoch time: 2.41s

Running validation at epoch 110...

VALIDATION_EPOCH_110 EVALUATION RESULTS:
==================================================
Objective Value:     -8.030566e-01
True Objective:      -2.413704e+00
Optimality Gap:      -5.570828e-01 ± 3.373243e-01
Eq Violation l1:   5.938244e-05 (max: 1.904041e-03)
Ineq Violation l1: 3.657176e-07 (max: 3.456426e-05)
Solution Distance:   1.232629e+02 ± 6.386210e-01
Merit:             -8.024591e-01 ± 1.488294e-03
Avg Inference Time:  0.0680s
==================================================
Epoch 112/300, Loss: -0.3624, Obj: -0.6760, Eq Viol (l1): 0.000086, Ineq Viol (l1): 0.000001, Epoch time: 2.38s
Epoch 113/300, Loss: -0.3222, Obj: -0.6573, Eq Viol (l1): 0.000080, Ineq Viol (l1): 0.000001, Epoch time: 2.42s
Epoch 114/300, Loss: -0.3768, Obj: -0.6893, Eq Viol (l1): 0.000091, Ineq Viol (l1): 0.000000, Epoch time: 2.36s
Epoch 115/300, Loss: -0.3645, Obj: -0.6980, Eq Viol (l1): 0.000087, Ineq Viol (l1): 0.000001, Epoch time: 2.40s
Epoch 116/300, Loss: -0.3143, Obj: -0.6558, Eq Viol (l1): 0.000078, Ineq Viol (l1): 0.000001, Epoch time: 2.41s
Epoch 117/300, Loss: -0.3199, Obj: -0.6591, Eq Viol (l1): 0.000088, Ineq Viol (l1): 0.000000, Epoch time: 2.39s
Epoch 118/300, Loss: -0.4052, Obj: -0.7032, Eq Viol (l1): 0.000089, Ineq Viol (l1): 0.000001, Epoch time: 2.36s
Epoch 119/300, Loss: -0.4137, Obj: -0.6972, Eq Viol (l1): 0.000082, Ineq Viol (l1): 0.000000, Epoch time: 2.40s
Epoch 120/300, Loss: -0.3474, Obj: -0.6824, Eq Viol (l1): 0.000083, Ineq Viol (l1): 0.000001, Epoch time: 2.41s
Epoch 121/300, Loss: -0.3514, Obj: -0.6765, Eq Viol (l1): 0.000078, Ineq Viol (l1): 0.000001, Epoch time: 2.44s

Running validation at epoch 120...

VALIDATION_EPOCH_120 EVALUATION RESULTS:
==================================================
Objective Value:     -7.643488e-01
True Objective:      -2.413704e+00
Optimality Gap:      -4.936303e-01 ± 3.021006e-01
Eq Violation l1:   1.051071e-04 (max: 1.390084e-03)
Ineq Violation l1: 5.337203e-07 (max: 2.058229e-05)
Solution Distance:   1.231246e+02 ± 5.748871e-01
Merit:             -7.632924e-01 ± 6.974785e-03
Avg Inference Time:  0.0633s
==================================================
Epoch 122/300, Loss: -0.3823, Obj: -0.6733, Eq Viol (l1): 0.000083, Ineq Viol (l1): 0.000001, Epoch time: 2.38s
Epoch 123/300, Loss: -0.2634, Obj: -0.6423, Eq Viol (l1): 0.000075, Ineq Viol (l1): 0.000000, Epoch time: 2.45s
Epoch 124/300, Loss: -0.3782, Obj: -0.6918, Eq Viol (l1): 0.000084, Ineq Viol (l1): 0.000001, Epoch time: 2.39s
Epoch 125/300, Loss: -0.3588, Obj: -0.6746, Eq Viol (l1): 0.000085, Ineq Viol (l1): 0.000001, Epoch time: 2.39s
Epoch 126/300, Loss: -0.2818, Obj: -0.6479, Eq Viol (l1): 0.000085, Ineq Viol (l1): 0.000001, Epoch time: 2.41s
Epoch 127/300, Loss: -0.2318, Obj: -0.6453, Eq Viol (l1): 0.000081, Ineq Viol (l1): 0.000001, Epoch time: 2.44s
Epoch 128/300, Loss: -0.3545, Obj: -0.6747, Eq Viol (l1): 0.000081, Ineq Viol (l1): 0.000001, Epoch time: 2.39s
Epoch 129/300, Loss: -0.3859, Obj: -0.7011, Eq Viol (l1): 0.000080, Ineq Viol (l1): 0.000001, Epoch time: 2.41s
Epoch 130/300, Loss: -0.4340, Obj: -0.7212, Eq Viol (l1): 0.000080, Ineq Viol (l1): 0.000000, Epoch time: 2.41s
Epoch 131/300, Loss: -0.3825, Obj: -0.7168, Eq Viol (l1): 0.000089, Ineq Viol (l1): 0.000001, Epoch time: 2.51s

Running validation at epoch 130...

VALIDATION_EPOCH_130 EVALUATION RESULTS:
==================================================
Objective Value:     -7.306717e-01
True Objective:      -2.413704e+00
Optimality Gap:      -4.342842e-01 ± 2.944143e-01
Eq Violation l1:   8.422715e-05 (max: 2.025231e-03)
Ineq Violation l1: 5.476648e-07 (max: 3.461186e-05)
Solution Distance:   1.233968e+02 ± 6.209748e-01
Merit:             -7.298240e-01 ± 4.969434e-04
Avg Inference Time:  0.0632s
==================================================
Epoch 132/300, Loss: -0.4133, Obj: -0.7105, Eq Viol (l1): 0.000089, Ineq Viol (l1): 0.000001, Epoch time: 2.39s
Epoch 133/300, Loss: -0.3971, Obj: -0.7014, Eq Viol (l1): 0.000087, Ineq Viol (l1): 0.000001, Epoch time: 2.37s
Epoch 134/300, Loss: -0.3570, Obj: -0.6664, Eq Viol (l1): 0.000083, Ineq Viol (l1): 0.000001, Epoch time: 2.39s
Epoch 135/300, Loss: -0.3823, Obj: -0.7134, Eq Viol (l1): 0.000083, Ineq Viol (l1): 0.000001, Epoch time: 2.39s
Epoch 136/300, Loss: -0.3672, Obj: -0.6636, Eq Viol (l1): 0.000082, Ineq Viol (l1): 0.000000, Epoch time: 2.37s
Epoch 137/300, Loss: -0.4099, Obj: -0.7117, Eq Viol (l1): 0.000077, Ineq Viol (l1): 0.000000, Epoch time: 2.43s
Epoch 138/300, Loss: -0.3148, Obj: -0.6643, Eq Viol (l1): 0.000089, Ineq Viol (l1): 0.000000, Epoch time: 2.37s
Epoch 139/300, Loss: -0.3801, Obj: -0.6900, Eq Viol (l1): 0.000082, Ineq Viol (l1): 0.000001, Epoch time: 2.40s
Epoch 140/300, Loss: -0.3999, Obj: -0.6991, Eq Viol (l1): 0.000080, Ineq Viol (l1): 0.000001, Epoch time: 2.41s
Epoch 141/300, Loss: -0.3605, Obj: -0.6849, Eq Viol (l1): 0.000082, Ineq Viol (l1): 0.000001, Epoch time: 2.40s

Running validation at epoch 140...

VALIDATION_EPOCH_140 EVALUATION RESULTS:
==================================================
Objective Value:     -6.842419e-01
True Objective:      -2.413704e+00
Optimality Gap:      -1.381097e-01 ± 8.239487e-02
Eq Violation l1:   8.514533e-05 (max: 1.520240e-03)
Ineq Violation l1: 4.531428e-07 (max: 4.033885e-05)
Solution Distance:   1.241558e+02 ± 6.396498e-01
Merit:             -6.833860e-01 ± 7.446285e-05
Avg Inference Time:  0.0644s
==================================================
Epoch 142/300, Loss: -0.3669, Obj: -0.6889, Eq Viol (l1): 0.000081, Ineq Viol (l1): 0.000000, Epoch time: 2.41s
Epoch 143/300, Loss: -0.4162, Obj: -0.7184, Eq Viol (l1): 0.000074, Ineq Viol (l1): 0.000001, Epoch time: 2.44s
Epoch 144/300, Loss: -0.4395, Obj: -0.7194, Eq Viol (l1): 0.000084, Ineq Viol (l1): 0.000001, Epoch time: 2.38s
Epoch 145/300, Loss: -0.4631, Obj: -0.7375, Eq Viol (l1): 0.000079, Ineq Viol (l1): 0.000001, Epoch time: 2.40s
Epoch 146/300, Loss: -0.4179, Obj: -0.6992, Eq Viol (l1): 0.000088, Ineq Viol (l1): 0.000001, Epoch time: 2.36s
Epoch 147/300, Loss: -0.3935, Obj: -0.7107, Eq Viol (l1): 0.000084, Ineq Viol (l1): 0.000001, Epoch time: 2.39s
Epoch 148/300, Loss: -0.4334, Obj: -0.7218, Eq Viol (l1): 0.000083, Ineq Viol (l1): 0.000001, Epoch time: 2.40s
Epoch 149/300, Loss: -0.3873, Obj: -0.6934, Eq Viol (l1): 0.000076, Ineq Viol (l1): 0.000001, Epoch time: 2.43s
Epoch 150/300, Loss: -0.3483, Obj: -0.6732, Eq Viol (l1): 0.000087, Ineq Viol (l1): 0.000001, Epoch time: 2.38s
Epoch 151/300, Loss: -0.4021, Obj: -0.6954, Eq Viol (l1): 0.000081, Ineq Viol (l1): 0.000000, Epoch time: 2.38s

Running validation at epoch 150...

VALIDATION_EPOCH_150 EVALUATION RESULTS:
==================================================
Objective Value:     -7.674731e-01
True Objective:      -2.413704e+00
Optimality Gap:      -5.163313e-01 ± 3.444164e-01
Eq Violation l1:   6.557202e-05 (max: 1.231101e-03)
Ineq Violation l1: 6.051815e-07 (max: 5.349606e-05)
Solution Distance:   1.234737e+02 ± 5.568629e-01
Merit:             -7.668113e-01 ± 7.307299e-03
Avg Inference Time:  0.0658s
==================================================
Epoch 152/300, Loss: -0.4346, Obj: -0.7211, Eq Viol (l1): 0.000079, Ineq Viol (l1): 0.000001, Epoch time: 2.42s
Epoch 153/300, Loss: -0.3199, Obj: -0.6470, Eq Viol (l1): 0.000085, Ineq Viol (l1): 0.000001, Epoch time: 2.39s
Epoch 154/300, Loss: -0.3569, Obj: -0.6940, Eq Viol (l1): 0.000089, Ineq Viol (l1): 0.000001, Epoch time: 2.39s
Epoch 155/300, Loss: -0.4406, Obj: -0.7449, Eq Viol (l1): 0.000087, Ineq Viol (l1): 0.000001, Epoch time: 2.41s
Epoch 156/300, Loss: -0.4202, Obj: -0.7110, Eq Viol (l1): 0.000086, Ineq Viol (l1): 0.000001, Epoch time: 2.38s
Epoch 157/300, Loss: -0.4438, Obj: -0.7355, Eq Viol (l1): 0.000085, Ineq Viol (l1): 0.000001, Epoch time: 2.40s
Epoch 158/300, Loss: -0.4017, Obj: -0.7182, Eq Viol (l1): 0.000089, Ineq Viol (l1): 0.000001, Epoch time: 2.39s
Epoch 159/300, Loss: -0.2972, Obj: -0.7053, Eq Viol (l1): 0.000083, Ineq Viol (l1): 0.000001, Epoch time: 2.45s
Epoch 160/300, Loss: -0.2695, Obj: -0.6495, Eq Viol (l1): 0.000076, Ineq Viol (l1): 0.000001, Epoch time: 2.46s
Epoch 161/300, Loss: -0.3636, Obj: -0.6930, Eq Viol (l1): 0.000077, Ineq Viol (l1): 0.000001, Epoch time: 2.44s

Running validation at epoch 160...

VALIDATION_EPOCH_160 EVALUATION RESULTS:
==================================================
Objective Value:     -7.998855e-01
True Objective:      -2.413704e+00
Optimality Gap:      -5.483358e-01 ± 3.294843e-01
Eq Violation l1:   7.401841e-05 (max: 9.925506e-04)
Ineq Violation l1: 6.742794e-07 (max: 6.407029e-05)
Solution Distance:   1.231089e+02 ± 6.979199e-01
Merit:             -7.991385e-01 ± 1.865956e-03
Avg Inference Time:  0.0656s
==================================================
Epoch 162/300, Loss: -0.4639, Obj: -0.7312, Eq Viol (l1): 0.000084, Ineq Viol (l1): 0.000001, Epoch time: 2.39s
Epoch 163/300, Loss: -0.4553, Obj: -0.7432, Eq Viol (l1): 0.000079, Ineq Viol (l1): 0.000001, Epoch time: 2.51s
Epoch 164/300, Loss: -0.3951, Obj: -0.6957, Eq Viol (l1): 0.000087, Ineq Viol (l1): 0.000001, Epoch time: 2.38s
Epoch 165/300, Loss: -0.3863, Obj: -0.7145, Eq Viol (l1): 0.000094, Ineq Viol (l1): 0.000001, Epoch time: 2.38s
Epoch 166/300, Loss: -0.4199, Obj: -0.7138, Eq Viol (l1): 0.000087, Ineq Viol (l1): 0.000001, Epoch time: 2.40s
Epoch 167/300, Loss: -0.4407, Obj: -0.7133, Eq Viol (l1): 0.000091, Ineq Viol (l1): 0.000001, Epoch time: 2.37s
Epoch 168/300, Loss: -0.4360, Obj: -0.7251, Eq Viol (l1): 0.000086, Ineq Viol (l1): 0.000001, Epoch time: 2.40s
Epoch 169/300, Loss: -0.4203, Obj: -0.7111, Eq Viol (l1): 0.000078, Ineq Viol (l1): 0.000001, Epoch time: 2.42s
Epoch 170/300, Loss: -0.4327, Obj: -0.7179, Eq Viol (l1): 0.000076, Ineq Viol (l1): 0.000001, Epoch time: 2.43s
Epoch 171/300, Loss: -0.4105, Obj: -0.7017, Eq Viol (l1): 0.000088, Ineq Viol (l1): 0.000001, Epoch time: 2.37s

Running validation at epoch 170...

VALIDATION_EPOCH_170 EVALUATION RESULTS:
==================================================
Objective Value:     -8.063483e-01
True Objective:      -2.413704e+00
Optimality Gap:      -5.390387e-01 ± 2.877740e-01
Eq Violation l1:   8.340436e-05 (max: 1.883759e-03)
Ineq Violation l1: 7.001800e-07 (max: 5.004852e-05)
Solution Distance:   1.230368e+02 ± 6.206477e-01
Merit:             -8.055073e-01 ± 1.011044e-02
Avg Inference Time:  0.0645s
==================================================
Epoch 172/300, Loss: -0.4402, Obj: -0.7398, Eq Viol (l1): 0.000081, Ineq Viol (l1): 0.000001, Epoch time: 2.41s
Epoch 173/300, Loss: -0.4510, Obj: -0.7278, Eq Viol (l1): 0.000084, Ineq Viol (l1): 0.000001, Epoch time: 2.37s
Epoch 174/300, Loss: -0.3630, Obj: -0.6917, Eq Viol (l1): 0.000083, Ineq Viol (l1): 0.000001, Epoch time: 2.38s
Epoch 175/300, Loss: -0.4291, Obj: -0.7216, Eq Viol (l1): 0.000079, Ineq Viol (l1): 0.000001, Epoch time: 2.42s
Epoch 176/300, Loss: -0.4468, Obj: -0.7339, Eq Viol (l1): 0.000089, Ineq Viol (l1): 0.000001, Epoch time: 2.38s
Epoch 177/300, Loss: -0.4422, Obj: -0.7107, Eq Viol (l1): 0.000084, Ineq Viol (l1): 0.000001, Epoch time: 2.37s
Epoch 178/300, Loss: -0.4092, Obj: -0.7107, Eq Viol (l1): 0.000090, Ineq Viol (l1): 0.000001, Epoch time: 2.39s
Epoch 179/300, Loss: -0.4705, Obj: -0.7312, Eq Viol (l1): 0.000082, Ineq Viol (l1): 0.000001, Epoch time: 2.39s
Epoch 180/300, Loss: -0.4397, Obj: -0.7317, Eq Viol (l1): 0.000088, Ineq Viol (l1): 0.000001, Epoch time: 2.38s
Epoch 181/300, Loss: -0.4840, Obj: -0.7512, Eq Viol (l1): 0.000080, Ineq Viol (l1): 0.000001, Epoch time: 2.41s

Running validation at epoch 180...

VALIDATION_EPOCH_180 EVALUATION RESULTS:
==================================================
Objective Value:     -7.586926e-01
True Objective:      -2.413704e+00
Optimality Gap:      -4.110599e-01 ± 2.631397e-01
Eq Violation l1:   9.659398e-05 (max: 1.697027e-03)
Ineq Violation l1: 5.269906e-07 (max: 4.259031e-05)
Solution Distance:   1.239467e+02 ± 6.069907e-01
Merit:             -7.577214e-01 ± 1.639103e-03
Avg Inference Time:  0.0632s
==================================================
Epoch 182/300, Loss: -0.4538, Obj: -0.7148, Eq Viol (l1): 0.000084, Ineq Viol (l1): 0.000001, Epoch time: 2.36s
Epoch 183/300, Loss: -0.4330, Obj: -0.7403, Eq Viol (l1): 0.000083, Ineq Viol (l1): 0.000001, Epoch time: 2.41s
Epoch 184/300, Loss: -0.4105, Obj: -0.7375, Eq Viol (l1): 0.000079, Ineq Viol (l1): 0.000001, Epoch time: 2.42s
Epoch 185/300, Loss: -0.4298, Obj: -0.7282, Eq Viol (l1): 0.000087, Ineq Viol (l1): 0.000001, Epoch time: 2.39s
Epoch 186/300, Loss: -0.4619, Obj: -0.7483, Eq Viol (l1): 0.000079, Ineq Viol (l1): 0.000001, Epoch time: 2.43s
Epoch 187/300, Loss: -0.4840, Obj: -0.7401, Eq Viol (l1): 0.000084, Ineq Viol (l1): 0.000001, Epoch time: 2.37s
Epoch 188/300, Loss: -0.4917, Obj: -0.7512, Eq Viol (l1): 0.000083, Ineq Viol (l1): 0.000001, Epoch time: 2.40s
Epoch 189/300, Loss: -0.4583, Obj: -0.7294, Eq Viol (l1): 0.000078, Ineq Viol (l1): 0.000001, Epoch time: 2.40s
Epoch 190/300, Loss: -0.4725, Obj: -0.7423, Eq Viol (l1): 0.000081, Ineq Viol (l1): 0.000001, Epoch time: 2.39s
Epoch 191/300, Loss: -0.4390, Obj: -0.7020, Eq Viol (l1): 0.000085, Ineq Viol (l1): 0.000001, Epoch time: 2.36s

Running validation at epoch 190...

VALIDATION_EPOCH_190 EVALUATION RESULTS:
==================================================
Objective Value:     -8.586806e-01
True Objective:      -2.413704e+00
Optimality Gap:      -6.535487e-01 ± 3.487136e-01
Eq Violation l1:   1.122489e-04 (max: 1.101149e-03)
Ineq Violation l1: 8.182294e-07 (max: 3.934395e-05)
Solution Distance:   1.226075e+02 ± 5.916343e-01
Merit:             -8.575500e-01 ± 3.694134e-03
Avg Inference Time:  0.0635s
==================================================
Epoch 192/300, Loss: -0.4744, Obj: -0.7605, Eq Viol (l1): 0.000083, Ineq Viol (l1): 0.000001, Epoch time: 2.43s
Epoch 193/300, Loss: -0.4262, Obj: -0.7324, Eq Viol (l1): 0.000081, Ineq Viol (l1): 0.000001, Epoch time: 2.41s
Epoch 194/300, Loss: -0.4110, Obj: -0.6986, Eq Viol (l1): 0.000089, Ineq Viol (l1): 0.000001, Epoch time: 2.36s
Epoch 195/300, Loss: -0.4821, Obj: -0.7405, Eq Viol (l1): 0.000082, Ineq Viol (l1): 0.000001, Epoch time: 2.39s
Epoch 196/300, Loss: -0.4749, Obj: -0.7403, Eq Viol (l1): 0.000084, Ineq Viol (l1): 0.000001, Epoch time: 2.48s
Epoch 197/300, Loss: -0.4529, Obj: -0.7304, Eq Viol (l1): 0.000085, Ineq Viol (l1): 0.000001, Epoch time: 2.39s
Epoch 198/300, Loss: -0.4853, Obj: -0.7464, Eq Viol (l1): 0.000083, Ineq Viol (l1): 0.000001, Epoch time: 2.38s
Epoch 199/300, Loss: -0.4274, Obj: -0.7291, Eq Viol (l1): 0.000082, Ineq Viol (l1): 0.000001, Epoch time: 2.39s
Epoch 200/300, Loss: -0.4643, Obj: -0.7390, Eq Viol (l1): 0.000085, Ineq Viol (l1): 0.000001, Epoch time: 2.39s
Epoch 201/300, Loss: -0.4703, Obj: -0.7427, Eq Viol (l1): 0.000083, Ineq Viol (l1): 0.000001, Epoch time: 2.39s

Running validation at epoch 200...

VALIDATION_EPOCH_200 EVALUATION RESULTS:
==================================================
Objective Value:     -6.563419e-01
True Objective:      -2.413704e+00
Optimality Gap:      -2.990085e-01 ± 2.461964e-01
Eq Violation l1:   7.876073e-05 (max: 1.288890e-03)
Ineq Violation l1: 2.198217e-07 (max: 1.623355e-05)
Solution Distance:   1.243283e+02 ± 5.911796e-01
Merit:             -6.555521e-01 ± 6.649323e-03
Avg Inference Time:  0.0609s
==================================================
Epoch 202/300, Loss: -0.4447, Obj: -0.7200, Eq Viol (l1): 0.000088, Ineq Viol (l1): 0.000001, Epoch time: 2.38s
Epoch 203/300, Loss: -0.4564, Obj: -0.7281, Eq Viol (l1): 0.000084, Ineq Viol (l1): 0.000001, Epoch time: 2.39s
Epoch 204/300, Loss: -0.4851, Obj: -0.7551, Eq Viol (l1): 0.000086, Ineq Viol (l1): 0.000001, Epoch time: 2.38s
Epoch 205/300, Loss: -0.4690, Obj: -0.7295, Eq Viol (l1): 0.000081, Ineq Viol (l1): 0.000001, Epoch time: 2.39s
Epoch 206/300, Loss: -0.4515, Obj: -0.7299, Eq Viol (l1): 0.000082, Ineq Viol (l1): 0.000001, Epoch time: 2.40s
Epoch 207/300, Loss: -0.4577, Obj: -0.7336, Eq Viol (l1): 0.000083, Ineq Viol (l1): 0.000001, Epoch time: 2.38s
Epoch 208/300, Loss: -0.4754, Obj: -0.7457, Eq Viol (l1): 0.000083, Ineq Viol (l1): 0.000001, Epoch time: 2.39s
Epoch 209/300, Loss: -0.4030, Obj: -0.6986, Eq Viol (l1): 0.000080, Ineq Viol (l1): 0.000000, Epoch time: 2.37s
Epoch 210/300, Loss: -0.4610, Obj: -0.7279, Eq Viol (l1): 0.000086, Ineq Viol (l1): 0.000001, Epoch time: 2.36s
Epoch 211/300, Loss: -0.4103, Obj: -0.7182, Eq Viol (l1): 0.000091, Ineq Viol (l1): 0.000001, Epoch time: 2.38s

Running validation at epoch 210...

VALIDATION_EPOCH_210 EVALUATION RESULTS:
==================================================
Objective Value:     -7.821465e-01
True Objective:      -2.413704e+00
Optimality Gap:      -5.399583e-01 ± 3.305978e-01
Eq Violation l1:   1.075106e-04 (max: 9.461014e-04)
Ineq Violation l1: 8.607367e-07 (max: 7.309606e-05)
Solution Distance:   1.234352e+02 ± 6.615472e-01
Merit:             -7.810628e-01 ± 5.225530e-03
Avg Inference Time:  0.0631s
==================================================
Epoch 212/300, Loss: -0.4760, Obj: -0.7499, Eq Viol (l1): 0.000075, Ineq Viol (l1): 0.000000, Epoch time: 2.41s
Epoch 213/300, Loss: -0.4692, Obj: -0.7326, Eq Viol (l1): 0.000081, Ineq Viol (l1): 0.000001, Epoch time: 2.39s
Epoch 214/300, Loss: -0.4217, Obj: -0.7285, Eq Viol (l1): 0.000085, Ineq Viol (l1): 0.000001, Epoch time: 2.41s
Epoch 215/300, Loss: -0.4660, Obj: -0.7361, Eq Viol (l1): 0.000080, Ineq Viol (l1): 0.000000, Epoch time: 2.38s
Epoch 216/300, Loss: -0.4125, Obj: -0.7075, Eq Viol (l1): 0.000080, Ineq Viol (l1): 0.000001, Epoch time: 2.41s
Epoch 217/300, Loss: -0.4542, Obj: -0.7354, Eq Viol (l1): 0.000088, Ineq Viol (l1): 0.000001, Epoch time: 2.38s
Epoch 218/300, Loss: -0.4612, Obj: -0.7184, Eq Viol (l1): 0.000081, Ineq Viol (l1): 0.000001, Epoch time: 2.40s
Epoch 219/300, Loss: -0.4537, Obj: -0.7453, Eq Viol (l1): 0.000083, Ineq Viol (l1): 0.000001, Epoch time: 2.42s
Epoch 220/300, Loss: -0.4685, Obj: -0.7397, Eq Viol (l1): 0.000081, Ineq Viol (l1): 0.000001, Epoch time: 2.40s
Epoch 221/300, Loss: -0.4485, Obj: -0.7307, Eq Viol (l1): 0.000082, Ineq Viol (l1): 0.000001, Epoch time: 2.39s

Running validation at epoch 220...

VALIDATION_EPOCH_220 EVALUATION RESULTS:
==================================================
Objective Value:     -8.244931e-01
True Objective:      -2.413704e+00
Optimality Gap:      -5.906530e-01 ± 3.352328e-01
Eq Violation l1:   8.523150e-05 (max: 1.123544e-03)
Ineq Violation l1: 4.659032e-07 (max: 4.595813e-05)
Solution Distance:   1.231306e+02 ± 6.539323e-01
Merit:             -8.236361e-01 ± 9.568356e-04
Avg Inference Time:  0.0642s
==================================================
Epoch 222/300, Loss: -0.4741, Obj: -0.7433, Eq Viol (l1): 0.000080, Ineq Viol (l1): 0.000001, Epoch time: 2.41s
Epoch 223/300, Loss: -0.4831, Obj: -0.7479, Eq Viol (l1): 0.000085, Ineq Viol (l1): 0.000001, Epoch time: 2.37s
Epoch 224/300, Loss: -0.4344, Obj: -0.7199, Eq Viol (l1): 0.000077, Ineq Viol (l1): 0.000001, Epoch time: 2.40s
Epoch 225/300, Loss: -0.4503, Obj: -0.7411, Eq Viol (l1): 0.000087, Ineq Viol (l1): 0.000001, Epoch time: 2.39s
Epoch 226/300, Loss: -0.5235, Obj: -0.7675, Eq Viol (l1): 0.000087, Ineq Viol (l1): 0.000001, Epoch time: 2.37s
Epoch 227/300, Loss: -0.4680, Obj: -0.7536, Eq Viol (l1): 0.000082, Ineq Viol (l1): 0.000001, Epoch time: 2.42s
Epoch 228/300, Loss: -0.4329, Obj: -0.7267, Eq Viol (l1): 0.000087, Ineq Viol (l1): 0.000001, Epoch time: 2.39s
Epoch 229/300, Loss: -0.4302, Obj: -0.7140, Eq Viol (l1): 0.000091, Ineq Viol (l1): 0.000001, Epoch time: 2.48s
Epoch 230/300, Loss: -0.4100, Obj: -0.7208, Eq Viol (l1): 0.000085, Ineq Viol (l1): 0.000000, Epoch time: 2.39s
Epoch 231/300, Loss: -0.4981, Obj: -0.7583, Eq Viol (l1): 0.000090, Ineq Viol (l1): 0.000001, Epoch time: 2.37s

Running validation at epoch 230...

VALIDATION_EPOCH_230 EVALUATION RESULTS:
==================================================
Objective Value:     -8.478603e-01
True Objective:      -2.413704e+00
Optimality Gap:      -6.255698e-01 ± 3.416021e-01
Eq Violation l1:   1.006904e-04 (max: 1.443280e-03)
Ineq Violation l1: 8.134305e-07 (max: 5.937101e-05)
Solution Distance:   1.230872e+02 ± 6.572599e-01
Merit:             -8.468453e-01 ± 2.061900e-03
Avg Inference Time:  0.0632s
==================================================
Epoch 232/300, Loss: -0.4843, Obj: -0.7472, Eq Viol (l1): 0.000082, Ineq Viol (l1): 0.000001, Epoch time: 2.38s
Epoch 233/300, Loss: -0.5080, Obj: -0.7676, Eq Viol (l1): 0.000080, Ineq Viol (l1): 0.000001, Epoch time: 2.39s
Epoch 234/300, Loss: -0.5127, Obj: -0.7628, Eq Viol (l1): 0.000083, Ineq Viol (l1): 0.000000, Epoch time: 2.37s
Epoch 235/300, Loss: -0.4509, Obj: -0.7357, Eq Viol (l1): 0.000090, Ineq Viol (l1): 0.000001, Epoch time: 2.38s
Epoch 236/300, Loss: -0.4712, Obj: -0.7529, Eq Viol (l1): 0.000088, Ineq Viol (l1): 0.000001, Epoch time: 2.38s
Epoch 237/300, Loss: -0.4422, Obj: -0.7006, Eq Viol (l1): 0.000086, Ineq Viol (l1): 0.000001, Epoch time: 2.36s
Epoch 238/300, Loss: -0.4373, Obj: -0.7328, Eq Viol (l1): 0.000076, Ineq Viol (l1): 0.000001, Epoch time: 2.42s
Epoch 239/300, Loss: -0.4891, Obj: -0.7519, Eq Viol (l1): 0.000079, Ineq Viol (l1): 0.000001, Epoch time: 2.39s
Epoch 240/300, Loss: -0.4617, Obj: -0.7421, Eq Viol (l1): 0.000091, Ineq Viol (l1): 0.000001, Epoch time: 2.37s
Epoch 241/300, Loss: -0.4977, Obj: -0.7494, Eq Viol (l1): 0.000087, Ineq Viol (l1): 0.000001, Epoch time: 2.37s

Running validation at epoch 240...

VALIDATION_EPOCH_240 EVALUATION RESULTS:
==================================================
Objective Value:     -8.485909e-01
True Objective:      -2.413704e+00
Optimality Gap:      -6.283563e-01 ± 3.494930e-01
Eq Violation l1:   8.739592e-05 (max: 7.799963e-04)
Ineq Violation l1: 6.827105e-07 (max: 4.278145e-05)
Solution Distance:   1.230204e+02 ± 6.185969e-01
Merit:             -8.477101e-01 ± 1.461302e-03
Avg Inference Time:  0.0658s
==================================================
Epoch 242/300, Loss: -0.5050, Obj: -0.7714, Eq Viol (l1): 0.000089, Ineq Viol (l1): 0.000001, Epoch time: 2.37s
Epoch 243/300, Loss: -0.3947, Obj: -0.7180, Eq Viol (l1): 0.000085, Ineq Viol (l1): 0.000001, Epoch time: 2.41s
Epoch 244/300, Loss: -0.4282, Obj: -0.7022, Eq Viol (l1): 0.000083, Ineq Viol (l1): 0.000001, Epoch time: 2.38s
Epoch 245/300, Loss: -0.4461, Obj: -0.7273, Eq Viol (l1): 0.000082, Ineq Viol (l1): 0.000001, Epoch time: 2.40s
Epoch 246/300, Loss: -0.4353, Obj: -0.7307, Eq Viol (l1): 0.000077, Ineq Viol (l1): 0.000000, Epoch time: 2.43s
Epoch 247/300, Loss: -0.4881, Obj: -0.7446, Eq Viol (l1): 0.000081, Ineq Viol (l1): 0.000001, Epoch time: 2.40s
Epoch 248/300, Loss: -0.4432, Obj: -0.7233, Eq Viol (l1): 0.000092, Ineq Viol (l1): 0.000001, Epoch time: 2.35s
Epoch 249/300, Loss: -0.4366, Obj: -0.7193, Eq Viol (l1): 0.000088, Ineq Viol (l1): 0.000001, Epoch time: 2.38s
Epoch 250/300, Loss: -0.3994, Obj: -0.7162, Eq Viol (l1): 0.000085, Ineq Viol (l1): 0.000001, Epoch time: 2.42s
Epoch 251/300, Loss: -0.4900, Obj: -0.7540, Eq Viol (l1): 0.000083, Ineq Viol (l1): 0.000001, Epoch time: 2.38s

Running validation at epoch 250...

VALIDATION_EPOCH_250 EVALUATION RESULTS:
==================================================
Objective Value:     -7.346335e-01
True Objective:      -2.413704e+00
Optimality Gap:      -4.554312e-01 ± 3.176348e-01
Eq Violation l1:   7.191238e-05 (max: 1.212924e-03)
Ineq Violation l1: 3.867126e-07 (max: 6.152075e-05)
Solution Distance:   1.233665e+02 ± 6.261613e-01
Merit:             -7.339105e-01 ± 2.824015e-03
Avg Inference Time:  0.0630s
==================================================
Epoch 252/300, Loss: -0.4471, Obj: -0.7346, Eq Viol (l1): 0.000086, Ineq Viol (l1): 0.000001, Epoch time: 2.38s
Epoch 253/300, Loss: -0.4446, Obj: -0.7341, Eq Viol (l1): 0.000087, Ineq Viol (l1): 0.000001, Epoch time: 2.37s
Epoch 254/300, Loss: -0.4693, Obj: -0.7555, Eq Viol (l1): 0.000084, Ineq Viol (l1): 0.000001, Epoch time: 2.41s
Epoch 255/300, Loss: -0.4670, Obj: -0.7397, Eq Viol (l1): 0.000082, Ineq Viol (l1): 0.000001, Epoch time: 2.40s
Epoch 256/300, Loss: -0.4948, Obj: -0.7513, Eq Viol (l1): 0.000086, Ineq Viol (l1): 0.000001, Epoch time: 2.37s
Epoch 257/300, Loss: -0.3860, Obj: -0.6939, Eq Viol (l1): 0.000085, Ineq Viol (l1): 0.000001, Epoch time: 2.40s
Epoch 258/300, Loss: -0.3963, Obj: -0.7186, Eq Viol (l1): 0.000089, Ineq Viol (l1): 0.000001, Epoch time: 2.38s
Epoch 259/300, Loss: -0.4436, Obj: -0.7283, Eq Viol (l1): 0.000077, Ineq Viol (l1): 0.000000, Epoch time: 2.40s
Epoch 260/300, Loss: -0.4909, Obj: -0.7548, Eq Viol (l1): 0.000081, Ineq Viol (l1): 0.000001, Epoch time: 2.41s
Epoch 261/300, Loss: -0.5048, Obj: -0.7585, Eq Viol (l1): 0.000082, Ineq Viol (l1): 0.000001, Epoch time: 2.39s

Running validation at epoch 260...

VALIDATION_EPOCH_260 EVALUATION RESULTS:
==================================================
Objective Value:     -7.118999e-01
True Objective:      -2.413704e+00
Optimality Gap:      -4.103420e-01 ± 2.784249e-01
Eq Violation l1:   8.713208e-05 (max: 1.707342e-03)
Ineq Violation l1: 5.371619e-07 (max: 3.942451e-05)
Solution Distance:   1.237263e+02 ± 6.646324e-01
Merit:             -7.110232e-01 ± 8.922943e-04
Avg Inference Time:  0.0606s
==================================================
Epoch 262/300, Loss: -0.4866, Obj: -0.7430, Eq Viol (l1): 0.000079, Ineq Viol (l1): 0.000001, Epoch time: 2.50s
Epoch 263/300, Loss: -0.4511, Obj: -0.7537, Eq Viol (l1): 0.000081, Ineq Viol (l1): 0.000001, Epoch time: 2.41s
Epoch 264/300, Loss: -0.4583, Obj: -0.7267, Eq Viol (l1): 0.000078, Ineq Viol (l1): 0.000000, Epoch time: 2.40s
Epoch 265/300, Loss: -0.5098, Obj: -0.7710, Eq Viol (l1): 0.000081, Ineq Viol (l1): 0.000001, Epoch time: 2.41s
Epoch 266/300, Loss: -0.4965, Obj: -0.7384, Eq Viol (l1): 0.000088, Ineq Viol (l1): 0.000001, Epoch time: 2.36s
Epoch 267/300, Loss: -0.5130, Obj: -0.7583, Eq Viol (l1): 0.000083, Ineq Viol (l1): 0.000001, Epoch time: 2.37s
Epoch 268/300, Loss: -0.4866, Obj: -0.7402, Eq Viol (l1): 0.000076, Ineq Viol (l1): 0.000000, Epoch time: 2.41s
Epoch 269/300, Loss: -0.4628, Obj: -0.7343, Eq Viol (l1): 0.000082, Ineq Viol (l1): 0.000001, Epoch time: 2.39s
Epoch 270/300, Loss: -0.4973, Obj: -0.7549, Eq Viol (l1): 0.000083, Ineq Viol (l1): 0.000001, Epoch time: 2.38s
Epoch 271/300, Loss: -0.4907, Obj: -0.7530, Eq Viol (l1): 0.000080, Ineq Viol (l1): 0.000001, Epoch time: 2.40s

Running validation at epoch 270...

VALIDATION_EPOCH_270 EVALUATION RESULTS:
==================================================
Objective Value:     -8.368869e-01
True Objective:      -2.413704e+00
Optimality Gap:      -6.184260e-01 ± 3.573821e-01
Eq Violation l1:   7.722933e-05 (max: 1.151049e-03)
Ineq Violation l1: 4.897466e-07 (max: 3.596786e-05)
Solution Distance:   1.232153e+02 ± 6.634924e-01
Merit:             -8.361097e-01 ± 7.139862e-04
Avg Inference Time:  0.0669s
==================================================
Epoch 272/300, Loss: -0.4440, Obj: -0.7232, Eq Viol (l1): 0.000085, Ineq Viol (l1): 0.000001, Epoch time: 2.39s
Epoch 273/300, Loss: -0.5062, Obj: -0.7803, Eq Viol (l1): 0.000086, Ineq Viol (l1): 0.000001, Epoch time: 2.38s
Epoch 274/300, Loss: -0.4629, Obj: -0.7388, Eq Viol (l1): 0.000079, Ineq Viol (l1): 0.000000, Epoch time: 2.38s
Epoch 275/300, Loss: -0.4682, Obj: -0.7370, Eq Viol (l1): 0.000088, Ineq Viol (l1): 0.000001, Epoch time: 2.37s
Epoch 276/300, Loss: -0.4540, Obj: -0.7487, Eq Viol (l1): 0.000071, Ineq Viol (l1): 0.000000, Epoch time: 2.43s
Epoch 277/300, Loss: -0.4851, Obj: -0.7552, Eq Viol (l1): 0.000083, Ineq Viol (l1): 0.000001, Epoch time: 2.39s
Epoch 278/300, Loss: -0.5260, Obj: -0.7746, Eq Viol (l1): 0.000077, Ineq Viol (l1): 0.000001, Epoch time: 2.42s
Epoch 279/300, Loss: -0.4856, Obj: -0.7678, Eq Viol (l1): 0.000084, Ineq Viol (l1): 0.000001, Epoch time: 2.40s
Epoch 280/300, Loss: -0.4990, Obj: -0.7476, Eq Viol (l1): 0.000087, Ineq Viol (l1): 0.000001, Epoch time: 2.37s
Epoch 281/300, Loss: -0.4980, Obj: -0.7555, Eq Viol (l1): 0.000088, Ineq Viol (l1): 0.000001, Epoch time: 2.37s

Running validation at epoch 280...

VALIDATION_EPOCH_280 EVALUATION RESULTS:
==================================================
Objective Value:     -8.516395e-01
True Objective:      -2.413704e+00
Optimality Gap:      -6.333022e-01 ± 3.461673e-01
Eq Violation l1:   1.033057e-04 (max: 1.255908e-03)
Ineq Violation l1: 1.089658e-06 (max: 9.375205e-05)
Solution Distance:   1.227491e+02 ± 6.132933e-01
Merit:             -8.505955e-01 ± 3.509029e-03
Avg Inference Time:  0.0656s
==================================================
Epoch 282/300, Loss: -0.4313, Obj: -0.7408, Eq Viol (l1): 0.000086, Ineq Viol (l1): 0.000001, Epoch time: 2.40s
Epoch 283/300, Loss: -0.4542, Obj: -0.7392, Eq Viol (l1): 0.000085, Ineq Viol (l1): 0.000001, Epoch time: 2.40s
Epoch 284/300, Loss: -0.4685, Obj: -0.7537, Eq Viol (l1): 0.000084, Ineq Viol (l1): 0.000001, Epoch time: 2.42s
Epoch 285/300, Loss: -0.4888, Obj: -0.7539, Eq Viol (l1): 0.000084, Ineq Viol (l1): 0.000001, Epoch time: 2.38s
Epoch 286/300, Loss: -0.4664, Obj: -0.7397, Eq Viol (l1): 0.000085, Ineq Viol (l1): 0.000001, Epoch time: 2.40s
Epoch 287/300, Loss: -0.4525, Obj: -0.7298, Eq Viol (l1): 0.000078, Ineq Viol (l1): 0.000001, Epoch time: 2.44s
Epoch 288/300, Loss: -0.4761, Obj: -0.7460, Eq Viol (l1): 0.000089, Ineq Viol (l1): 0.000001, Epoch time: 2.39s
Epoch 289/300, Loss: -0.4839, Obj: -0.7613, Eq Viol (l1): 0.000086, Ineq Viol (l1): 0.000001, Epoch time: 2.39s
Epoch 290/300, Loss: -0.5207, Obj: -0.7615, Eq Viol (l1): 0.000082, Ineq Viol (l1): 0.000001, Epoch time: 2.38s
Epoch 291/300, Loss: -0.4851, Obj: -0.7571, Eq Viol (l1): 0.000087, Ineq Viol (l1): 0.000001, Epoch time: 2.38s

Running validation at epoch 290...

VALIDATION_EPOCH_290 EVALUATION RESULTS:
==================================================
Objective Value:     -7.950554e-01
True Objective:      -2.413704e+00
Optimality Gap:      -5.078681e-01 ± 3.116703e-01
Eq Violation l1:   7.434641e-05 (max: 1.106092e-03)
Ineq Violation l1: 5.422696e-07 (max: 3.344974e-05)
Solution Distance:   1.236267e+02 ± 6.860021e-01
Merit:             -7.943066e-01 ± 5.483308e-04
Avg Inference Time:  0.0644s
==================================================
Epoch 292/300, Loss: -0.4695, Obj: -0.7353, Eq Viol (l1): 0.000087, Ineq Viol (l1): 0.000001, Epoch time: 2.37s
Epoch 293/300, Loss: -0.4390, Obj: -0.7305, Eq Viol (l1): 0.000084, Ineq Viol (l1): 0.000000, Epoch time: 2.38s
Epoch 294/300, Loss: -0.4760, Obj: -0.7516, Eq Viol (l1): 0.000083, Ineq Viol (l1): 0.000001, Epoch time: 2.38s
Epoch 295/300, Loss: -0.4913, Obj: -0.7520, Eq Viol (l1): 0.000091, Ineq Viol (l1): 0.000001, Epoch time: 2.46s
Epoch 296/300, Loss: -0.4994, Obj: -0.7732, Eq Viol (l1): 0.000083, Ineq Viol (l1): 0.000001, Epoch time: 2.40s
Epoch 297/300, Loss: -0.4786, Obj: -0.7369, Eq Viol (l1): 0.000091, Ineq Viol (l1): 0.000001, Epoch time: 2.34s
Epoch 298/300, Loss: -0.5085, Obj: -0.7596, Eq Viol (l1): 0.000074, Ineq Viol (l1): 0.000001, Epoch time: 2.42s
Epoch 299/300, Loss: -0.4677, Obj: -0.7489, Eq Viol (l1): 0.000084, Ineq Viol (l1): 0.000001, Epoch time: 2.39s
Epoch 300/300, Loss: -0.5061, Obj: -0.7620, Eq Viol (l1): 0.000083, Ineq Viol (l1): 0.000001, Epoch time: 2.40s

Training completed in 731.43 seconds.

============================================================
COMPREHENSIVE TEST EVALUATION WITH DETAILED RESULTS
============================================================
Testing with batch sizes: [256, 512]

Evaluating with batch size: 256 (with detailed results)

TEST_BS256 EVALUATION RESULTS:
==================================================
Objective Value:     -8.455399e-01
True Objective:      -2.409220e+00
Optimality Gap:      -4.309079e-01 ± 1.629238e+00
Eq Violation l1:   8.178246e-05 (max: 7.900353e-04)
Ineq Violation l1: 4.725796e-07 (max: 1.793159e-05)
Solution Distance:   1.242566e+02 ± 2.001853e+00
Merit:             -8.447173e-01 ± 5.600267e-02
Avg Inference Time:  0.0569s
==================================================

Evaluating with batch size: 512 (with detailed results)

TEST_BS512 EVALUATION RESULTS:
==================================================
Objective Value:     -8.444800e-01
True Objective:      -2.408634e+00
Optimality Gap:      -4.387394e-01 ± 1.199306e+00
Eq Violation l1:   8.952933e-05 (max: 1.017311e-03)
Ineq Violation l1: 5.939494e-07 (max: 3.027119e-05)
Solution Distance:   1.242137e+02 ± 1.253700e+00
Merit:             -8.435788e-01 ± 5.137387e-02
Avg Inference Time:  0.0640s
==================================================

TEST BATCH SIZE COMPARISON:
================================================================================
Batch Size   Objective    Opt Gap      Eq Viol      Ineq Viol    Time (s)  
--------------------------------------------------------------------------------
256          -8.4554e-01  -4.3091e-01  8.1782e-05   4.7258e-07   0.46      
512          -8.4448e-01  -4.3874e-01  8.9529e-05   5.9395e-07   0.26      
================================================================================

Saving model and results to: results/nonsmooth_nonconvex/socp/SOCPProblem-100-50-50-10000/20260108-033449_MLP_FSNet_seed1_nepochs300_lr0.0002_trainsize7000_finetune_20260108-031455_model_470
✓ Model saved: results/nonsmooth_nonconvex/socp/SOCPProblem-100-50-50-10000/20260108-033449_MLP_FSNet_seed1_nepochs300_lr0.0002_trainsize7000_finetune_20260108-031455_model_470/model.pt
✓ Detailed results saved: results/nonsmooth_nonconvex/socp/SOCPProblem-100-50-50-10000/20260108-033449_MLP_FSNet_seed1_nepochs300_lr0.0002_trainsize7000_finetune_20260108-031455_model_470/results.pkl

Files saved (or attempted):
  - model.pt (model weights and architecture)
  - results.pkl (training history, metrics, detailed test results)
Training and testing completed in 733.86 seconds
Done!!!
============================================================
==========         =====================         ===========
==========   1      =====================         ===========
==========         =====================         ===========
============================================================

======= Running for problem: nonsmooth_nonconvex/socp =======

Loading problem instance: nonsmooth_nonconvex/socp with size [100, 50, 50, 10000]
Loading  dataset from: datasets/nonsmooth_nonconvex/socp/random2025_socp_dataset_var100_ineq50_eq50_ex10000 

Running on:  cuda
Training model using FSNet method with seed 2 for 300 epochs
Using batch size: 512
Loading model from checkpoint: results/nonsmooth_nonconvex/socp/SOCPProblem-100-50-50-10000/20260108-031455_MLP_sup_pen_seed1_nepochs500_lr0.0002_trainsize1000_subopt_2_1.0/model_470.pt

lr: 0.0002, weight_decay: 0.001, num_epochs: 300

Epoch 1/300, Loss: 26.1694, Obj: 26.0879, Eq Viol (l1): 0.000117, Ineq Viol (l1): 0.000000, Epoch time: 5.93s

Running validation at epoch 0...

VALIDATION_EPOCH_0 EVALUATION RESULTS:
==================================================
Objective Value:     2.580302e+01
True Objective:      -2.413704e+00
Optimality Gap:      4.571544e+01 ± 1.514054e+01
Eq Violation l1:   1.531841e-04 (max: 5.494758e-04)
Ineq Violation l1: 0.000000e+00 (max: 0.000000e+00)
Solution Distance:   2.336000e+02 ± 1.315116e+00
Merit:             2.580455e+01 ± 4.948179e-02
Avg Inference Time:  0.5910s
==================================================
Epoch 2/300, Loss: 24.5827, Obj: 24.3148, Eq Viol (l1): 0.000100, Ineq Viol (l1): 0.000000, Epoch time: 2.13s
Epoch 3/300, Loss: 23.5884, Obj: 23.0568, Eq Viol (l1): 0.000097, Ineq Viol (l1): 0.000000, Epoch time: 2.32s
Epoch 4/300, Loss: 22.7013, Obj: 22.3316, Eq Viol (l1): 0.000098, Ineq Viol (l1): 0.000000, Epoch time: 2.30s
Epoch 5/300, Loss: 21.7786, Obj: 21.4388, Eq Viol (l1): 0.000085, Ineq Viol (l1): 0.000000, Epoch time: 2.34s
Epoch 6/300, Loss: 20.7446, Obj: 20.3678, Eq Viol (l1): 0.000091, Ineq Viol (l1): 0.000000, Epoch time: 2.40s
Epoch 7/300, Loss: 19.5306, Obj: 19.1095, Eq Viol (l1): 0.000087, Ineq Viol (l1): 0.000000, Epoch time: 2.53s
Epoch 8/300, Loss: 17.2354, Obj: 16.7623, Eq Viol (l1): 0.000079, Ineq Viol (l1): 0.000001, Epoch time: 2.61s
Epoch 9/300, Loss: 13.7642, Obj: 13.0190, Eq Viol (l1): 0.000071, Ineq Viol (l1): 0.000000, Epoch time: 2.64s
Epoch 10/300, Loss: 10.5152, Obj: 9.4757, Eq Viol (l1): 0.000046, Ineq Viol (l1): 0.000000, Epoch time: 2.73s
Epoch 11/300, Loss: 5.8116, Obj: 4.8448, Eq Viol (l1): 0.000076, Ineq Viol (l1): 0.000000, Epoch time: 2.53s

Running validation at epoch 10...

VALIDATION_EPOCH_10 EVALUATION RESULTS:
==================================================
Objective Value:     2.328802e+00
True Objective:      -2.413704e+00
Optimality Gap:      4.995630e+00 ± 1.561876e+00
Eq Violation l1:   1.073125e-04 (max: 8.303170e-04)
Ineq Violation l1: 2.663093e-07 (max: 2.887184e-05)
Solution Distance:   1.296047e+02 ± 5.250062e-01
Merit:             2.329878e+00 ± 1.393896e-02
Avg Inference Time:  0.0646s
==================================================
Epoch 12/300, Loss: 2.5196, Obj: 1.6369, Eq Viol (l1): 0.000084, Ineq Viol (l1): 0.000000, Epoch time: 2.49s
Epoch 13/300, Loss: 1.6058, Obj: 0.6914, Eq Viol (l1): 0.000074, Ineq Viol (l1): 0.000000, Epoch time: 2.55s
Epoch 14/300, Loss: 1.0908, Obj: 0.2131, Eq Viol (l1): 0.000075, Ineq Viol (l1): 0.000000, Epoch time: 2.52s
Epoch 15/300, Loss: 1.0030, Obj: 0.2040, Eq Viol (l1): 0.000077, Ineq Viol (l1): 0.000000, Epoch time: 2.50s
Epoch 16/300, Loss: 0.7811, Obj: -0.0431, Eq Viol (l1): 0.000081, Ineq Viol (l1): 0.000000, Epoch time: 2.49s
Epoch 17/300, Loss: 0.5216, Obj: -0.0980, Eq Viol (l1): 0.000076, Ineq Viol (l1): 0.000000, Epoch time: 2.49s
Epoch 18/300, Loss: 0.5041, Obj: -0.1395, Eq Viol (l1): 0.000080, Ineq Viol (l1): 0.000000, Epoch time: 2.50s
Epoch 19/300, Loss: 0.3773, Obj: -0.1970, Eq Viol (l1): 0.000072, Ineq Viol (l1): 0.000000, Epoch time: 2.48s
Epoch 20/300, Loss: 0.5666, Obj: -0.1459, Eq Viol (l1): 0.000073, Ineq Viol (l1): 0.000000, Epoch time: 2.48s
Epoch 21/300, Loss: 0.3014, Obj: -0.2816, Eq Viol (l1): 0.000080, Ineq Viol (l1): 0.000000, Epoch time: 2.47s

Running validation at epoch 20...

VALIDATION_EPOCH_20 EVALUATION RESULTS:
==================================================
Objective Value:     -5.090789e-01
True Objective:      -2.413704e+00
Optimality Gap:      -4.827217e-02 ± 1.538104e-01
Eq Violation l1:   5.358917e-05 (max: 2.131011e-03)
Ineq Violation l1: 3.409535e-07 (max: 3.888904e-05)
Solution Distance:   1.234934e+02 ± 6.075438e-01
Merit:             -5.085396e-01 ± 2.941035e-03
Avg Inference Time:  0.0674s
==================================================
Epoch 22/300, Loss: 0.1677, Obj: -0.3349, Eq Viol (l1): 0.000079, Ineq Viol (l1): 0.000001, Epoch time: 2.46s
Epoch 23/300, Loss: 0.0904, Obj: -0.4161, Eq Viol (l1): 0.000073, Ineq Viol (l1): 0.000000, Epoch time: 2.50s
Epoch 24/300, Loss: 0.0876, Obj: -0.3806, Eq Viol (l1): 0.000074, Ineq Viol (l1): 0.000000, Epoch time: 2.47s
Epoch 25/300, Loss: 0.0314, Obj: -0.4380, Eq Viol (l1): 0.000079, Ineq Viol (l1): 0.000000, Epoch time: 2.46s
Epoch 26/300, Loss: 0.0913, Obj: -0.3804, Eq Viol (l1): 0.000072, Ineq Viol (l1): 0.000000, Epoch time: 2.47s
Epoch 27/300, Loss: 0.0665, Obj: -0.4402, Eq Viol (l1): 0.000082, Ineq Viol (l1): 0.000001, Epoch time: 2.49s
Epoch 28/300, Loss: 0.0326, Obj: -0.4247, Eq Viol (l1): 0.000086, Ineq Viol (l1): 0.000001, Epoch time: 2.43s
Epoch 29/300, Loss: 0.0079, Obj: -0.4520, Eq Viol (l1): 0.000077, Ineq Viol (l1): 0.000000, Epoch time: 2.45s
Epoch 30/300, Loss: 0.1086, Obj: -0.3908, Eq Viol (l1): 0.000085, Ineq Viol (l1): 0.000000, Epoch time: 2.44s
Epoch 31/300, Loss: -0.0596, Obj: -0.4669, Eq Viol (l1): 0.000092, Ineq Viol (l1): 0.000001, Epoch time: 2.40s

Running validation at epoch 30...

VALIDATION_EPOCH_30 EVALUATION RESULTS:
==================================================
Objective Value:     -7.063260e-01
True Objective:      -2.413704e+00
Optimality Gap:      -3.432632e-01 ± 2.373384e-01
Eq Violation l1:   8.590858e-05 (max: 1.095292e-03)
Ineq Violation l1: 5.182449e-07 (max: 2.977522e-05)
Solution Distance:   1.228752e+02 ± 6.450930e-01
Merit:             -7.054617e-01 ± 7.378005e-04
Avg Inference Time:  0.0665s
==================================================
Epoch 32/300, Loss: 0.0343, Obj: -0.4570, Eq Viol (l1): 0.000085, Ineq Viol (l1): 0.000000, Epoch time: 2.45s
Epoch 33/300, Loss: -0.0173, Obj: -0.5168, Eq Viol (l1): 0.000079, Ineq Viol (l1): 0.000001, Epoch time: 2.56s
Epoch 34/300, Loss: 0.1706, Obj: -0.4234, Eq Viol (l1): 0.000080, Ineq Viol (l1): 0.000000, Epoch time: 2.46s
Epoch 35/300, Loss: -0.0122, Obj: -0.4568, Eq Viol (l1): 0.000078, Ineq Viol (l1): 0.000000, Epoch time: 2.43s
Epoch 36/300, Loss: -0.0269, Obj: -0.4710, Eq Viol (l1): 0.000090, Ineq Viol (l1): 0.000000, Epoch time: 2.41s
Epoch 37/300, Loss: -0.0262, Obj: -0.5438, Eq Viol (l1): 0.000086, Ineq Viol (l1): 0.000000, Epoch time: 2.40s
Epoch 38/300, Loss: 0.0373, Obj: -0.4552, Eq Viol (l1): 0.000084, Ineq Viol (l1): 0.000000, Epoch time: 2.39s
Epoch 39/300, Loss: -0.1275, Obj: -0.5596, Eq Viol (l1): 0.000083, Ineq Viol (l1): 0.000001, Epoch time: 2.43s
Epoch 40/300, Loss: -0.0397, Obj: -0.4722, Eq Viol (l1): 0.000081, Ineq Viol (l1): 0.000001, Epoch time: 2.41s
Epoch 41/300, Loss: -0.0898, Obj: -0.4959, Eq Viol (l1): 0.000076, Ineq Viol (l1): 0.000000, Epoch time: 2.41s

Running validation at epoch 40...

VALIDATION_EPOCH_40 EVALUATION RESULTS:
==================================================
Objective Value:     -7.958720e-01
True Objective:      -2.413704e+00
Optimality Gap:      -5.401343e-01 ± 3.259631e-01
Eq Violation l1:   8.830641e-05 (max: 8.926649e-04)
Ineq Violation l1: 3.206375e-07 (max: 2.515151e-05)
Solution Distance:   1.227381e+02 ± 5.794009e-01
Merit:             -7.949857e-01 ± 5.727360e-03
Avg Inference Time:  0.0663s
==================================================
Epoch 42/300, Loss: -0.1366, Obj: -0.5521, Eq Viol (l1): 0.000081, Ineq Viol (l1): 0.000001, Epoch time: 2.43s
Epoch 43/300, Loss: -0.1771, Obj: -0.5661, Eq Viol (l1): 0.000082, Ineq Viol (l1): 0.000001, Epoch time: 2.44s
Epoch 44/300, Loss: -0.1753, Obj: -0.5557, Eq Viol (l1): 0.000087, Ineq Viol (l1): 0.000001, Epoch time: 2.41s
Epoch 45/300, Loss: -0.1617, Obj: -0.5817, Eq Viol (l1): 0.000081, Ineq Viol (l1): 0.000001, Epoch time: 2.45s
Epoch 46/300, Loss: -0.2046, Obj: -0.5797, Eq Viol (l1): 0.000077, Ineq Viol (l1): 0.000000, Epoch time: 2.45s
Epoch 47/300, Loss: -0.1675, Obj: -0.5695, Eq Viol (l1): 0.000084, Ineq Viol (l1): 0.000000, Epoch time: 2.41s
Epoch 48/300, Loss: -0.1659, Obj: -0.5588, Eq Viol (l1): 0.000080, Ineq Viol (l1): 0.000001, Epoch time: 2.42s
Epoch 49/300, Loss: -0.1788, Obj: -0.5779, Eq Viol (l1): 0.000080, Ineq Viol (l1): 0.000000, Epoch time: 2.42s
Epoch 50/300, Loss: -0.2606, Obj: -0.6103, Eq Viol (l1): 0.000083, Ineq Viol (l1): 0.000000, Epoch time: 2.40s
Epoch 51/300, Loss: -0.2478, Obj: -0.6147, Eq Viol (l1): 0.000076, Ineq Viol (l1): 0.000001, Epoch time: 2.44s

Running validation at epoch 50...

VALIDATION_EPOCH_50 EVALUATION RESULTS:
==================================================
Objective Value:     -6.765396e-01
True Objective:      -2.413704e+00
Optimality Gap:      -4.005163e-01 ± 2.759240e-01
Eq Violation l1:   8.401060e-05 (max: 1.439898e-03)
Ineq Violation l1: 8.709357e-07 (max: 6.422426e-05)
Solution Distance:   1.235064e+02 ± 5.944492e-01
Merit:             -6.756908e-01 ± 4.370268e-03
Avg Inference Time:  0.0663s
==================================================
Epoch 52/300, Loss: -0.1803, Obj: -0.5646, Eq Viol (l1): 0.000085, Ineq Viol (l1): 0.000001, Epoch time: 2.40s
Epoch 53/300, Loss: -0.2106, Obj: -0.5954, Eq Viol (l1): 0.000082, Ineq Viol (l1): 0.000001, Epoch time: 2.42s
Epoch 54/300, Loss: -0.2365, Obj: -0.6059, Eq Viol (l1): 0.000085, Ineq Viol (l1): 0.000001, Epoch time: 2.42s
Epoch 55/300, Loss: -0.2205, Obj: -0.5881, Eq Viol (l1): 0.000084, Ineq Viol (l1): 0.000001, Epoch time: 2.40s
Epoch 56/300, Loss: -0.1221, Obj: -0.5843, Eq Viol (l1): 0.000084, Ineq Viol (l1): 0.000001, Epoch time: 2.47s
Epoch 57/300, Loss: -0.1957, Obj: -0.5636, Eq Viol (l1): 0.000086, Ineq Viol (l1): 0.000001, Epoch time: 2.39s
Epoch 58/300, Loss: -0.1997, Obj: -0.6010, Eq Viol (l1): 0.000086, Ineq Viol (l1): 0.000000, Epoch time: 2.39s
Epoch 59/300, Loss: -0.2481, Obj: -0.6054, Eq Viol (l1): 0.000081, Ineq Viol (l1): 0.000000, Epoch time: 2.44s
Epoch 60/300, Loss: -0.2255, Obj: -0.5953, Eq Viol (l1): 0.000087, Ineq Viol (l1): 0.000001, Epoch time: 2.38s
Epoch 61/300, Loss: -0.2520, Obj: -0.6190, Eq Viol (l1): 0.000079, Ineq Viol (l1): 0.000001, Epoch time: 2.42s

Running validation at epoch 60...

VALIDATION_EPOCH_60 EVALUATION RESULTS:
==================================================
Objective Value:     -8.131587e-01
True Objective:      -2.413704e+00
Optimality Gap:      -5.812750e-01 ± 3.314136e-01
Eq Violation l1:   1.055054e-04 (max: 9.874086e-04)
Ineq Violation l1: 5.501747e-07 (max: 3.346319e-05)
Solution Distance:   1.227828e+02 ± 6.285040e-01
Merit:             -8.120982e-01 ± 2.961696e-03
Avg Inference Time:  0.0664s
==================================================
Epoch 62/300, Loss: -0.2747, Obj: -0.6480, Eq Viol (l1): 0.000086, Ineq Viol (l1): 0.000001, Epoch time: 2.44s
Epoch 63/300, Loss: -0.2135, Obj: -0.5914, Eq Viol (l1): 0.000081, Ineq Viol (l1): 0.000001, Epoch time: 2.43s
Epoch 64/300, Loss: -0.2527, Obj: -0.6063, Eq Viol (l1): 0.000077, Ineq Viol (l1): 0.000001, Epoch time: 2.43s
Epoch 65/300, Loss: -0.2222, Obj: -0.6400, Eq Viol (l1): 0.000082, Ineq Viol (l1): 0.000001, Epoch time: 2.54s
Epoch 66/300, Loss: -0.2671, Obj: -0.6282, Eq Viol (l1): 0.000093, Ineq Viol (l1): 0.000001, Epoch time: 2.40s
Epoch 67/300, Loss: -0.2250, Obj: -0.6039, Eq Viol (l1): 0.000080, Ineq Viol (l1): 0.000000, Epoch time: 2.42s
Epoch 68/300, Loss: -0.1831, Obj: -0.5526, Eq Viol (l1): 0.000086, Ineq Viol (l1): 0.000001, Epoch time: 2.39s
Epoch 69/300, Loss: -0.2627, Obj: -0.6263, Eq Viol (l1): 0.000083, Ineq Viol (l1): 0.000001, Epoch time: 2.42s
Epoch 70/300, Loss: -0.3019, Obj: -0.6355, Eq Viol (l1): 0.000084, Ineq Viol (l1): 0.000001, Epoch time: 2.40s
Epoch 71/300, Loss: -0.3082, Obj: -0.6226, Eq Viol (l1): 0.000086, Ineq Viol (l1): 0.000001, Epoch time: 2.37s

Running validation at epoch 70...

VALIDATION_EPOCH_70 EVALUATION RESULTS:
==================================================
Objective Value:     -7.884191e-01
True Objective:      -2.413704e+00
Optimality Gap:      -5.351619e-01 ± 3.304350e-01
Eq Violation l1:   7.455975e-05 (max: 1.027566e-03)
Ineq Violation l1: 5.038199e-07 (max: 4.952418e-05)
Solution Distance:   1.235255e+02 ± 6.138402e-01
Merit:             -7.876685e-01 ± 6.119336e-04
Avg Inference Time:  0.0657s
==================================================
Epoch 72/300, Loss: -0.2806, Obj: -0.6352, Eq Viol (l1): 0.000077, Ineq Viol (l1): 0.000001, Epoch time: 2.42s
Epoch 73/300, Loss: -0.2637, Obj: -0.5959, Eq Viol (l1): 0.000082, Ineq Viol (l1): 0.000000, Epoch time: 2.40s
Epoch 74/300, Loss: -0.2896, Obj: -0.6469, Eq Viol (l1): 0.000083, Ineq Viol (l1): 0.000001, Epoch time: 2.40s
Epoch 75/300, Loss: -0.2699, Obj: -0.6186, Eq Viol (l1): 0.000085, Ineq Viol (l1): 0.000001, Epoch time: 2.40s
Epoch 76/300, Loss: -0.2733, Obj: -0.6113, Eq Viol (l1): 0.000078, Ineq Viol (l1): 0.000001, Epoch time: 2.41s
Epoch 77/300, Loss: -0.3128, Obj: -0.6601, Eq Viol (l1): 0.000084, Ineq Viol (l1): 0.000001, Epoch time: 2.38s
Epoch 78/300, Loss: -0.3294, Obj: -0.6516, Eq Viol (l1): 0.000086, Ineq Viol (l1): 0.000001, Epoch time: 2.38s
Epoch 79/300, Loss: -0.2389, Obj: -0.6020, Eq Viol (l1): 0.000085, Ineq Viol (l1): 0.000001, Epoch time: 2.41s
Epoch 80/300, Loss: -0.1838, Obj: -0.5772, Eq Viol (l1): 0.000089, Ineq Viol (l1): 0.000001, Epoch time: 2.38s
Epoch 81/300, Loss: -0.2809, Obj: -0.6374, Eq Viol (l1): 0.000081, Ineq Viol (l1): 0.000001, Epoch time: 2.42s

Running validation at epoch 80...

VALIDATION_EPOCH_80 EVALUATION RESULTS:
==================================================
Objective Value:     -8.087519e-01
True Objective:      -2.413704e+00
Optimality Gap:      -5.435651e-01 ± 3.107879e-01
Eq Violation l1:   6.575495e-05 (max: 1.270866e-03)
Ineq Violation l1: 4.012987e-07 (max: 3.919095e-05)
Solution Distance:   1.226155e+02 ± 6.368178e-01
Merit:             -8.080903e-01 ± 1.085121e-03
Avg Inference Time:  0.0684s
==================================================
Epoch 82/300, Loss: -0.2856, Obj: -0.6397, Eq Viol (l1): 0.000080, Ineq Viol (l1): 0.000001, Epoch time: 2.42s
Epoch 83/300, Loss: -0.2374, Obj: -0.6242, Eq Viol (l1): 0.000080, Ineq Viol (l1): 0.000001, Epoch time: 2.42s
Epoch 84/300, Loss: -0.0985, Obj: -0.5522, Eq Viol (l1): 0.000082, Ineq Viol (l1): 0.000001, Epoch time: 2.41s
Epoch 85/300, Loss: -0.2279, Obj: -0.6033, Eq Viol (l1): 0.000083, Ineq Viol (l1): 0.000001, Epoch time: 2.39s
Epoch 86/300, Loss: -0.2907, Obj: -0.6390, Eq Viol (l1): 0.000075, Ineq Viol (l1): 0.000001, Epoch time: 2.45s
Epoch 87/300, Loss: -0.3226, Obj: -0.6555, Eq Viol (l1): 0.000087, Ineq Viol (l1): 0.000001, Epoch time: 2.38s
Epoch 88/300, Loss: -0.2918, Obj: -0.6571, Eq Viol (l1): 0.000086, Ineq Viol (l1): 0.000001, Epoch time: 2.40s
Epoch 89/300, Loss: -0.3163, Obj: -0.6259, Eq Viol (l1): 0.000079, Ineq Viol (l1): 0.000001, Epoch time: 2.40s
Epoch 90/300, Loss: -0.2832, Obj: -0.6542, Eq Viol (l1): 0.000080, Ineq Viol (l1): 0.000000, Epoch time: 2.42s
Epoch 91/300, Loss: -0.3758, Obj: -0.6890, Eq Viol (l1): 0.000082, Ineq Viol (l1): 0.000001, Epoch time: 2.39s

Running validation at epoch 90...

VALIDATION_EPOCH_90 EVALUATION RESULTS:
==================================================
Objective Value:     -7.491870e-01
True Objective:      -2.413704e+00
Optimality Gap:      -4.455143e-01 ± 2.783749e-01
Eq Violation l1:   8.168110e-05 (max: 1.168296e-03)
Ineq Violation l1: 5.738694e-07 (max: 5.465143e-05)
Solution Distance:   1.235762e+02 ± 6.299450e-01
Merit:             -7.483644e-01 ± 4.121703e-03
Avg Inference Time:  0.0644s
==================================================
Epoch 92/300, Loss: -0.3475, Obj: -0.6735, Eq Viol (l1): 0.000086, Ineq Viol (l1): 0.000001, Epoch time: 2.39s
Epoch 93/300, Loss: -0.3796, Obj: -0.6723, Eq Viol (l1): 0.000082, Ineq Viol (l1): 0.000001, Epoch time: 2.39s
Epoch 94/300, Loss: -0.3464, Obj: -0.6555, Eq Viol (l1): 0.000080, Ineq Viol (l1): 0.000001, Epoch time: 2.41s
Epoch 95/300, Loss: -0.3202, Obj: -0.6624, Eq Viol (l1): 0.000089, Ineq Viol (l1): 0.000001, Epoch time: 2.39s
Epoch 96/300, Loss: -0.2634, Obj: -0.5946, Eq Viol (l1): 0.000080, Ineq Viol (l1): 0.000001, Epoch time: 2.42s
Epoch 97/300, Loss: -0.3166, Obj: -0.6453, Eq Viol (l1): 0.000081, Ineq Viol (l1): 0.000000, Epoch time: 2.43s
Epoch 98/300, Loss: -0.3292, Obj: -0.6517, Eq Viol (l1): 0.000080, Ineq Viol (l1): 0.000000, Epoch time: 2.50s
Epoch 99/300, Loss: -0.3285, Obj: -0.6563, Eq Viol (l1): 0.000082, Ineq Viol (l1): 0.000001, Epoch time: 2.40s
Epoch 100/300, Loss: -0.3285, Obj: -0.6520, Eq Viol (l1): 0.000078, Ineq Viol (l1): 0.000001, Epoch time: 2.41s
Epoch 101/300, Loss: -0.3225, Obj: -0.6504, Eq Viol (l1): 0.000087, Ineq Viol (l1): 0.000001, Epoch time: 2.37s

Running validation at epoch 100...

VALIDATION_EPOCH_100 EVALUATION RESULTS:
==================================================
Objective Value:     -7.865732e-01
True Objective:      -2.413704e+00
Optimality Gap:      -4.979157e-01 ± 2.848559e-01
Eq Violation l1:   9.311317e-05 (max: 1.216240e-03)
Ineq Violation l1: 5.895194e-07 (max: 4.582492e-05)
Solution Distance:   1.232808e+02 ± 6.417550e-01
Merit:             -7.856362e-01 ± 5.832888e-03
Avg Inference Time:  0.0660s
==================================================
Epoch 102/300, Loss: -0.3317, Obj: -0.6778, Eq Viol (l1): 0.000094, Ineq Viol (l1): 0.000001, Epoch time: 2.37s
Epoch 103/300, Loss: -0.3720, Obj: -0.6759, Eq Viol (l1): 0.000089, Ineq Viol (l1): 0.000001, Epoch time: 2.37s
Epoch 104/300, Loss: -0.3446, Obj: -0.6663, Eq Viol (l1): 0.000088, Ineq Viol (l1): 0.000001, Epoch time: 2.37s
Epoch 105/300, Loss: -0.2602, Obj: -0.6392, Eq Viol (l1): 0.000079, Ineq Viol (l1): 0.000001, Epoch time: 2.44s
Epoch 106/300, Loss: -0.3024, Obj: -0.6329, Eq Viol (l1): 0.000086, Ineq Viol (l1): 0.000001, Epoch time: 2.38s
Epoch 107/300, Loss: -0.4082, Obj: -0.6915, Eq Viol (l1): 0.000081, Ineq Viol (l1): 0.000001, Epoch time: 2.40s
Epoch 108/300, Loss: -0.3486, Obj: -0.6676, Eq Viol (l1): 0.000083, Ineq Viol (l1): 0.000001, Epoch time: 2.39s
Epoch 109/300, Loss: -0.3522, Obj: -0.6772, Eq Viol (l1): 0.000090, Ineq Viol (l1): 0.000001, Epoch time: 2.39s
Epoch 110/300, Loss: -0.3698, Obj: -0.6757, Eq Viol (l1): 0.000075, Ineq Viol (l1): 0.000001, Epoch time: 2.43s
Epoch 111/300, Loss: -0.3475, Obj: -0.6828, Eq Viol (l1): 0.000080, Ineq Viol (l1): 0.000001, Epoch time: 2.42s

Running validation at epoch 110...

VALIDATION_EPOCH_110 EVALUATION RESULTS:
==================================================
Objective Value:     -8.157990e-01
True Objective:      -2.413704e+00
Optimality Gap:      -5.652526e-01 ± 3.123939e-01
Eq Violation l1:   7.311199e-05 (max: 1.222537e-03)
Ineq Violation l1: 6.532728e-07 (max: 4.844203e-05)
Solution Distance:   1.232167e+02 ± 6.281424e-01
Merit:             -8.150613e-01 ± 2.732844e-03
Avg Inference Time:  0.0671s
==================================================
Epoch 112/300, Loss: -0.3720, Obj: -0.6847, Eq Viol (l1): 0.000085, Ineq Viol (l1): 0.000001, Epoch time: 2.39s
Epoch 113/300, Loss: -0.3592, Obj: -0.6851, Eq Viol (l1): 0.000085, Ineq Viol (l1): 0.000001, Epoch time: 2.39s
Epoch 114/300, Loss: -0.3997, Obj: -0.6935, Eq Viol (l1): 0.000084, Ineq Viol (l1): 0.000001, Epoch time: 2.40s
Epoch 115/300, Loss: -0.3504, Obj: -0.6979, Eq Viol (l1): 0.000081, Ineq Viol (l1): 0.000001, Epoch time: 2.44s
Epoch 116/300, Loss: -0.3011, Obj: -0.6642, Eq Viol (l1): 0.000080, Ineq Viol (l1): 0.000001, Epoch time: 2.40s
Epoch 117/300, Loss: -0.4149, Obj: -0.7045, Eq Viol (l1): 0.000076, Ineq Viol (l1): 0.000001, Epoch time: 2.43s
Epoch 118/300, Loss: -0.4174, Obj: -0.7047, Eq Viol (l1): 0.000092, Ineq Viol (l1): 0.000001, Epoch time: 2.39s
Epoch 119/300, Loss: -0.3219, Obj: -0.6721, Eq Viol (l1): 0.000075, Ineq Viol (l1): 0.000001, Epoch time: 2.46s
Epoch 120/300, Loss: -0.4110, Obj: -0.7108, Eq Viol (l1): 0.000077, Ineq Viol (l1): 0.000000, Epoch time: 2.43s
Epoch 121/300, Loss: -0.3991, Obj: -0.6892, Eq Viol (l1): 0.000084, Ineq Viol (l1): 0.000001, Epoch time: 2.38s

Running validation at epoch 120...

VALIDATION_EPOCH_120 EVALUATION RESULTS:
==================================================
Objective Value:     -7.632371e-01
True Objective:      -2.413704e+00
Optimality Gap:      -5.105485e-01 ± 3.094987e-01
Eq Violation l1:   9.080107e-05 (max: 1.081369e-03)
Ineq Violation l1: 7.032346e-07 (max: 3.321684e-05)
Solution Distance:   1.232569e+02 ± 6.149872e-01
Merit:             -7.623220e-01 ± 4.226226e-03
Avg Inference Time:  0.0647s
==================================================
Epoch 122/300, Loss: -0.3872, Obj: -0.7136, Eq Viol (l1): 0.000085, Ineq Viol (l1): 0.000001, Epoch time: 2.41s
Epoch 123/300, Loss: -0.3786, Obj: -0.6805, Eq Viol (l1): 0.000079, Ineq Viol (l1): 0.000001, Epoch time: 2.39s
Epoch 124/300, Loss: -0.3864, Obj: -0.6795, Eq Viol (l1): 0.000074, Ineq Viol (l1): 0.000000, Epoch time: 2.41s
Epoch 125/300, Loss: -0.3541, Obj: -0.6794, Eq Viol (l1): 0.000089, Ineq Viol (l1): 0.000001, Epoch time: 2.40s
Epoch 126/300, Loss: -0.3367, Obj: -0.6702, Eq Viol (l1): 0.000083, Ineq Viol (l1): 0.000001, Epoch time: 2.38s
Epoch 127/300, Loss: -0.4037, Obj: -0.6928, Eq Viol (l1): 0.000084, Ineq Viol (l1): 0.000001, Epoch time: 2.41s
Epoch 128/300, Loss: -0.3430, Obj: -0.6604, Eq Viol (l1): 0.000075, Ineq Viol (l1): 0.000000, Epoch time: 2.41s
Epoch 129/300, Loss: -0.3850, Obj: -0.6970, Eq Viol (l1): 0.000084, Ineq Viol (l1): 0.000001, Epoch time: 2.41s
Epoch 130/300, Loss: -0.3245, Obj: -0.6790, Eq Viol (l1): 0.000088, Ineq Viol (l1): 0.000001, Epoch time: 2.43s
Epoch 131/300, Loss: -0.3208, Obj: -0.6500, Eq Viol (l1): 0.000081, Ineq Viol (l1): 0.000001, Epoch time: 2.51s

Running validation at epoch 130...

VALIDATION_EPOCH_130 EVALUATION RESULTS:
==================================================
Objective Value:     -6.576078e-01
True Objective:      -2.413704e+00
Optimality Gap:      -3.511398e-01 ± 2.493598e-01
Eq Violation l1:   9.163226e-05 (max: 1.647533e-03)
Ineq Violation l1: 5.196008e-07 (max: 6.547485e-05)
Solution Distance:   1.235327e+02 ± 7.047050e-01
Merit:             -6.566863e-01 ± 5.286059e-03
Avg Inference Time:  0.0631s
==================================================
Epoch 132/300, Loss: -0.3694, Obj: -0.6917, Eq Viol (l1): 0.000089, Ineq Viol (l1): 0.000001, Epoch time: 2.39s
Epoch 133/300, Loss: -0.4075, Obj: -0.6926, Eq Viol (l1): 0.000083, Ineq Viol (l1): 0.000001, Epoch time: 2.38s
Epoch 134/300, Loss: -0.4244, Obj: -0.7144, Eq Viol (l1): 0.000081, Ineq Viol (l1): 0.000001, Epoch time: 2.41s
Epoch 135/300, Loss: -0.4163, Obj: -0.7143, Eq Viol (l1): 0.000087, Ineq Viol (l1): 0.000001, Epoch time: 2.39s
Epoch 136/300, Loss: -0.4161, Obj: -0.6980, Eq Viol (l1): 0.000076, Ineq Viol (l1): 0.000001, Epoch time: 2.41s
Epoch 137/300, Loss: -0.2348, Obj: -0.5868, Eq Viol (l1): 0.000087, Ineq Viol (l1): 0.000000, Epoch time: 2.34s
Epoch 138/300, Loss: -0.3123, Obj: -0.6499, Eq Viol (l1): 0.000087, Ineq Viol (l1): 0.000001, Epoch time: 2.38s
Epoch 139/300, Loss: -0.3163, Obj: -0.6699, Eq Viol (l1): 0.000086, Ineq Viol (l1): 0.000001, Epoch time: 2.40s
Epoch 140/300, Loss: -0.4483, Obj: -0.7300, Eq Viol (l1): 0.000086, Ineq Viol (l1): 0.000001, Epoch time: 2.38s
Epoch 141/300, Loss: -0.4297, Obj: -0.7068, Eq Viol (l1): 0.000087, Ineq Viol (l1): 0.000001, Epoch time: 2.36s

Running validation at epoch 140...

VALIDATION_EPOCH_140 EVALUATION RESULTS:
==================================================
Objective Value:     -8.147993e-01
True Objective:      -2.413704e+00
Optimality Gap:      -5.850424e-01 ± 3.230179e-01
Eq Violation l1:   9.467864e-05 (max: 1.223673e-03)
Ineq Violation l1: 6.931572e-07 (max: 3.634419e-05)
Solution Distance:   1.233535e+02 ± 6.487271e-01
Merit:             -8.138456e-01 ± 2.046375e-03
Avg Inference Time:  0.0643s
==================================================
Epoch 142/300, Loss: -0.3920, Obj: -0.7253, Eq Viol (l1): 0.000082, Ineq Viol (l1): 0.000001, Epoch time: 2.40s
Epoch 143/300, Loss: -0.4469, Obj: -0.7203, Eq Viol (l1): 0.000084, Ineq Viol (l1): 0.000001, Epoch time: 2.38s
Epoch 144/300, Loss: -0.3992, Obj: -0.7003, Eq Viol (l1): 0.000078, Ineq Viol (l1): 0.000001, Epoch time: 2.41s
Epoch 145/300, Loss: -0.4309, Obj: -0.7108, Eq Viol (l1): 0.000074, Ineq Viol (l1): 0.000000, Epoch time: 2.41s
Epoch 146/300, Loss: -0.4133, Obj: -0.7008, Eq Viol (l1): 0.000078, Ineq Viol (l1): 0.000001, Epoch time: 2.39s
Epoch 147/300, Loss: -0.4277, Obj: -0.7278, Eq Viol (l1): 0.000089, Ineq Viol (l1): 0.000001, Epoch time: 2.38s
Epoch 148/300, Loss: -0.3852, Obj: -0.7020, Eq Viol (l1): 0.000087, Ineq Viol (l1): 0.000001, Epoch time: 2.37s
Epoch 149/300, Loss: -0.3747, Obj: -0.6919, Eq Viol (l1): 0.000090, Ineq Viol (l1): 0.000001, Epoch time: 2.38s
Epoch 150/300, Loss: -0.3956, Obj: -0.7169, Eq Viol (l1): 0.000079, Ineq Viol (l1): 0.000001, Epoch time: 2.43s
Epoch 151/300, Loss: -0.3994, Obj: -0.6946, Eq Viol (l1): 0.000080, Ineq Viol (l1): 0.000000, Epoch time: 2.39s

Running validation at epoch 150...

VALIDATION_EPOCH_150 EVALUATION RESULTS:
==================================================
Objective Value:     -8.342256e-01
True Objective:      -2.413704e+00
Optimality Gap:      -5.795382e-01 ± 3.223289e-01
Eq Violation l1:   8.568955e-05 (max: 1.232413e-03)
Ineq Violation l1: 6.351716e-07 (max: 4.424202e-05)
Solution Distance:   1.229833e+02 ± 6.380119e-01
Merit:             -8.333624e-01 ± 4.794619e-03
Avg Inference Time:  0.0661s
==================================================
Epoch 152/300, Loss: -0.4266, Obj: -0.7253, Eq Viol (l1): 0.000084, Ineq Viol (l1): 0.000001, Epoch time: 2.41s
Epoch 153/300, Loss: -0.3331, Obj: -0.6493, Eq Viol (l1): 0.000087, Ineq Viol (l1): 0.000001, Epoch time: 2.35s
Epoch 154/300, Loss: -0.3365, Obj: -0.6707, Eq Viol (l1): 0.000085, Ineq Viol (l1): 0.000001, Epoch time: 2.42s
Epoch 155/300, Loss: -0.3120, Obj: -0.6555, Eq Viol (l1): 0.000079, Ineq Viol (l1): 0.000001, Epoch time: 2.42s
Epoch 156/300, Loss: -0.3640, Obj: -0.6877, Eq Viol (l1): 0.000086, Ineq Viol (l1): 0.000001, Epoch time: 2.39s
Epoch 157/300, Loss: -0.4402, Obj: -0.7246, Eq Viol (l1): 0.000085, Ineq Viol (l1): 0.000001, Epoch time: 2.38s
Epoch 158/300, Loss: -0.4278, Obj: -0.7174, Eq Viol (l1): 0.000084, Ineq Viol (l1): 0.000001, Epoch time: 2.37s
Epoch 159/300, Loss: -0.4387, Obj: -0.7230, Eq Viol (l1): 0.000082, Ineq Viol (l1): 0.000001, Epoch time: 2.40s
Epoch 160/300, Loss: -0.4211, Obj: -0.7041, Eq Viol (l1): 0.000086, Ineq Viol (l1): 0.000001, Epoch time: 2.38s
Epoch 161/300, Loss: -0.4323, Obj: -0.7189, Eq Viol (l1): 0.000082, Ineq Viol (l1): 0.000001, Epoch time: 2.40s

Running validation at epoch 160...

VALIDATION_EPOCH_160 EVALUATION RESULTS:
==================================================
Objective Value:     -7.120794e-01
True Objective:      -2.413704e+00
Optimality Gap:      -4.108767e-01 ± 2.776139e-01
Eq Violation l1:   5.017837e-05 (max: 1.331035e-03)
Ineq Violation l1: 3.225814e-07 (max: 5.050535e-05)
Solution Distance:   1.237622e+02 ± 6.332386e-01
Merit:             -7.115744e-01 ± 4.236705e-03
Avg Inference Time:  0.0658s
==================================================
Epoch 162/300, Loss: -0.3879, Obj: -0.7044, Eq Viol (l1): 0.000082, Ineq Viol (l1): 0.000001, Epoch time: 2.42s
Epoch 163/300, Loss: -0.4273, Obj: -0.7228, Eq Viol (l1): 0.000085, Ineq Viol (l1): 0.000001, Epoch time: 2.49s
Epoch 164/300, Loss: -0.4748, Obj: -0.7382, Eq Viol (l1): 0.000081, Ineq Viol (l1): 0.000001, Epoch time: 2.38s
Epoch 165/300, Loss: -0.4414, Obj: -0.7216, Eq Viol (l1): 0.000077, Ineq Viol (l1): 0.000001, Epoch time: 2.40s
Epoch 166/300, Loss: -0.4637, Obj: -0.7383, Eq Viol (l1): 0.000091, Ineq Viol (l1): 0.000001, Epoch time: 2.36s
Epoch 167/300, Loss: -0.4549, Obj: -0.7297, Eq Viol (l1): 0.000079, Ineq Viol (l1): 0.000001, Epoch time: 2.41s
Epoch 168/300, Loss: -0.4585, Obj: -0.7350, Eq Viol (l1): 0.000086, Ineq Viol (l1): 0.000001, Epoch time: 2.39s
Epoch 169/300, Loss: -0.4416, Obj: -0.7251, Eq Viol (l1): 0.000088, Ineq Viol (l1): 0.000001, Epoch time: 2.37s
Epoch 170/300, Loss: -0.3616, Obj: -0.6921, Eq Viol (l1): 0.000082, Ineq Viol (l1): 0.000001, Epoch time: 2.41s
Epoch 171/300, Loss: -0.4142, Obj: -0.7160, Eq Viol (l1): 0.000094, Ineq Viol (l1): 0.000001, Epoch time: 2.37s

Running validation at epoch 170...

VALIDATION_EPOCH_170 EVALUATION RESULTS:
==================================================
Objective Value:     -8.244790e-01
True Objective:      -2.413704e+00
Optimality Gap:      -5.881496e-01 ± 3.061048e-01
Eq Violation l1:   7.154570e-05 (max: 1.558480e-03)
Ineq Violation l1: 4.258811e-07 (max: 4.458119e-05)
Solution Distance:   1.229400e+02 ± 5.591702e-01
Merit:             -8.237593e-01 ± 2.246586e-02
Avg Inference Time:  0.0670s
==================================================
Epoch 172/300, Loss: -0.3487, Obj: -0.6900, Eq Viol (l1): 0.000083, Ineq Viol (l1): 0.000001, Epoch time: 2.41s
Epoch 173/300, Loss: -0.4461, Obj: -0.7412, Eq Viol (l1): 0.000082, Ineq Viol (l1): 0.000001, Epoch time: 2.42s
Epoch 174/300, Loss: -0.4466, Obj: -0.7046, Eq Viol (l1): 0.000082, Ineq Viol (l1): 0.000001, Epoch time: 2.37s
Epoch 175/300, Loss: -0.4747, Obj: -0.7652, Eq Viol (l1): 0.000082, Ineq Viol (l1): 0.000001, Epoch time: 2.42s
Epoch 176/300, Loss: -0.4609, Obj: -0.7219, Eq Viol (l1): 0.000076, Ineq Viol (l1): 0.000001, Epoch time: 2.39s
Epoch 177/300, Loss: -0.4608, Obj: -0.7418, Eq Viol (l1): 0.000083, Ineq Viol (l1): 0.000001, Epoch time: 2.39s
Epoch 178/300, Loss: -0.4457, Obj: -0.7238, Eq Viol (l1): 0.000081, Ineq Viol (l1): 0.000001, Epoch time: 2.41s
Epoch 179/300, Loss: -0.4639, Obj: -0.7319, Eq Viol (l1): 0.000079, Ineq Viol (l1): 0.000000, Epoch time: 2.39s
Epoch 180/300, Loss: -0.4673, Obj: -0.7307, Eq Viol (l1): 0.000083, Ineq Viol (l1): 0.000001, Epoch time: 2.38s
Epoch 181/300, Loss: -0.4139, Obj: -0.7140, Eq Viol (l1): 0.000091, Ineq Viol (l1): 0.000001, Epoch time: 2.38s

Running validation at epoch 180...

VALIDATION_EPOCH_180 EVALUATION RESULTS:
==================================================
Objective Value:     -8.381043e-01
True Objective:      -2.413704e+00
Optimality Gap:      -6.132559e-01 ± 3.376679e-01
Eq Violation l1:   7.351841e-05 (max: 1.206569e-03)
Ineq Violation l1: 4.968787e-07 (max: 6.035949e-05)
Solution Distance:   1.228842e+02 ± 6.379544e-01
Merit:             -8.373642e-01 ± 1.588200e-03
Avg Inference Time:  0.0656s
==================================================
Epoch 182/300, Loss: -0.4426, Obj: -0.7156, Eq Viol (l1): 0.000079, Ineq Viol (l1): 0.000001, Epoch time: 2.41s
Epoch 183/300, Loss: -0.4628, Obj: -0.7251, Eq Viol (l1): 0.000082, Ineq Viol (l1): 0.000001, Epoch time: 2.38s
Epoch 184/300, Loss: -0.4571, Obj: -0.7235, Eq Viol (l1): 0.000084, Ineq Viol (l1): 0.000001, Epoch time: 2.37s
Epoch 185/300, Loss: -0.3922, Obj: -0.6500, Eq Viol (l1): 0.000084, Ineq Viol (l1): 0.000000, Epoch time: 2.33s
Epoch 186/300, Loss: -0.4199, Obj: -0.7209, Eq Viol (l1): 0.000092, Ineq Viol (l1): 0.000001, Epoch time: 2.37s
Epoch 187/300, Loss: -0.4584, Obj: -0.7356, Eq Viol (l1): 0.000086, Ineq Viol (l1): 0.000001, Epoch time: 2.38s
Epoch 188/300, Loss: -0.3921, Obj: -0.7140, Eq Viol (l1): 0.000087, Ineq Viol (l1): 0.000001, Epoch time: 2.41s
Epoch 189/300, Loss: -0.4545, Obj: -0.7442, Eq Viol (l1): 0.000089, Ineq Viol (l1): 0.000001, Epoch time: 2.37s
Epoch 190/300, Loss: -0.4297, Obj: -0.7207, Eq Viol (l1): 0.000083, Ineq Viol (l1): 0.000001, Epoch time: 2.41s
Epoch 191/300, Loss: -0.3971, Obj: -0.7079, Eq Viol (l1): 0.000084, Ineq Viol (l1): 0.000001, Epoch time: 2.39s

Running validation at epoch 190...

VALIDATION_EPOCH_190 EVALUATION RESULTS:
==================================================
Objective Value:     -8.158467e-01
True Objective:      -2.413704e+00
Optimality Gap:      -5.910586e-01 ± 3.521963e-01
Eq Violation l1:   9.432845e-05 (max: 1.340725e-03)
Ineq Violation l1: 5.418091e-07 (max: 3.431735e-05)
Solution Distance:   1.230311e+02 ± 6.218482e-01
Merit:             -8.148980e-01 ± 1.470715e-03
Avg Inference Time:  0.0660s
==================================================
Epoch 192/300, Loss: -0.3853, Obj: -0.7357, Eq Viol (l1): 0.000084, Ineq Viol (l1): 0.000000, Epoch time: 2.41s
Epoch 193/300, Loss: -0.3194, Obj: -0.6716, Eq Viol (l1): 0.000085, Ineq Viol (l1): 0.000001, Epoch time: 2.42s
Epoch 194/300, Loss: -0.4344, Obj: -0.7189, Eq Viol (l1): 0.000085, Ineq Viol (l1): 0.000000, Epoch time: 2.36s
Epoch 195/300, Loss: -0.4302, Obj: -0.7192, Eq Viol (l1): 0.000085, Ineq Viol (l1): 0.000000, Epoch time: 2.37s
Epoch 196/300, Loss: -0.4238, Obj: -0.6926, Eq Viol (l1): 0.000085, Ineq Viol (l1): 0.000001, Epoch time: 2.47s
Epoch 197/300, Loss: -0.4679, Obj: -0.7567, Eq Viol (l1): 0.000078, Ineq Viol (l1): 0.000001, Epoch time: 2.44s
Epoch 198/300, Loss: -0.5117, Obj: -0.7601, Eq Viol (l1): 0.000081, Ineq Viol (l1): 0.000001, Epoch time: 2.39s
Epoch 199/300, Loss: -0.4603, Obj: -0.7330, Eq Viol (l1): 0.000085, Ineq Viol (l1): 0.000001, Epoch time: 2.38s
Epoch 200/300, Loss: -0.4520, Obj: -0.7311, Eq Viol (l1): 0.000084, Ineq Viol (l1): 0.000001, Epoch time: 2.37s
Epoch 201/300, Loss: -0.4800, Obj: -0.7527, Eq Viol (l1): 0.000082, Ineq Viol (l1): 0.000001, Epoch time: 2.38s

Running validation at epoch 200...

VALIDATION_EPOCH_200 EVALUATION RESULTS:
==================================================
Objective Value:     -8.092660e-01
True Objective:      -2.413704e+00
Optimality Gap:      -5.889404e-01 ± 3.255088e-01
Eq Violation l1:   8.244058e-05 (max: 1.622488e-03)
Ineq Violation l1: 8.148166e-07 (max: 5.447844e-05)
Solution Distance:   1.231704e+02 ± 6.385201e-01
Merit:             -8.084334e-01 ± 8.349304e-03
Avg Inference Time:  0.0649s
==================================================
Epoch 202/300, Loss: -0.4673, Obj: -0.7352, Eq Viol (l1): 0.000089, Ineq Viol (l1): 0.000001, Epoch time: 2.37s
Epoch 203/300, Loss: -0.4328, Obj: -0.7395, Eq Viol (l1): 0.000084, Ineq Viol (l1): 0.000001, Epoch time: 2.40s
Epoch 204/300, Loss: -0.4372, Obj: -0.7314, Eq Viol (l1): 0.000083, Ineq Viol (l1): 0.000001, Epoch time: 2.41s
Epoch 205/300, Loss: -0.4256, Obj: -0.7309, Eq Viol (l1): 0.000081, Ineq Viol (l1): 0.000001, Epoch time: 2.41s
Epoch 206/300, Loss: -0.4653, Obj: -0.7386, Eq Viol (l1): 0.000083, Ineq Viol (l1): 0.000001, Epoch time: 2.37s
Epoch 207/300, Loss: -0.5085, Obj: -0.7735, Eq Viol (l1): 0.000087, Ineq Viol (l1): 0.000001, Epoch time: 2.37s
Epoch 208/300, Loss: -0.4700, Obj: -0.7255, Eq Viol (l1): 0.000085, Ineq Viol (l1): 0.000001, Epoch time: 2.36s
Epoch 209/300, Loss: -0.4991, Obj: -0.7526, Eq Viol (l1): 0.000081, Ineq Viol (l1): 0.000001, Epoch time: 2.39s
Epoch 210/300, Loss: -0.4901, Obj: -0.7446, Eq Viol (l1): 0.000078, Ineq Viol (l1): 0.000001, Epoch time: 2.40s
Epoch 211/300, Loss: -0.4931, Obj: -0.7600, Eq Viol (l1): 0.000086, Ineq Viol (l1): 0.000001, Epoch time: 2.40s

Running validation at epoch 210...

VALIDATION_EPOCH_210 EVALUATION RESULTS:
==================================================
Objective Value:     -8.534672e-01
True Objective:      -2.413704e+00
Optimality Gap:      -6.339338e-01 ± 3.505378e-01
Eq Violation l1:   9.598236e-05 (max: 1.179642e-03)
Ineq Violation l1: 7.701705e-07 (max: 4.775861e-05)
Solution Distance:   1.229749e+02 ± 6.247522e-01
Merit:             -8.524997e-01 ± 3.505358e-03
Avg Inference Time:  0.0656s
==================================================
Epoch 212/300, Loss: -0.4283, Obj: -0.7356, Eq Viol (l1): 0.000079, Ineq Viol (l1): 0.000001, Epoch time: 2.43s
Epoch 213/300, Loss: -0.3970, Obj: -0.6972, Eq Viol (l1): 0.000084, Ineq Viol (l1): 0.000001, Epoch time: 2.39s
Epoch 214/300, Loss: -0.4450, Obj: -0.7309, Eq Viol (l1): 0.000084, Ineq Viol (l1): 0.000001, Epoch time: 2.40s
Epoch 215/300, Loss: -0.4945, Obj: -0.7488, Eq Viol (l1): 0.000084, Ineq Viol (l1): 0.000001, Epoch time: 2.37s
Epoch 216/300, Loss: -0.4638, Obj: -0.7309, Eq Viol (l1): 0.000081, Ineq Viol (l1): 0.000001, Epoch time: 2.39s
Epoch 217/300, Loss: -0.4723, Obj: -0.7388, Eq Viol (l1): 0.000086, Ineq Viol (l1): 0.000001, Epoch time: 2.39s
Epoch 218/300, Loss: -0.4535, Obj: -0.7344, Eq Viol (l1): 0.000084, Ineq Viol (l1): 0.000001, Epoch time: 2.38s
Epoch 219/300, Loss: -0.3825, Obj: -0.7148, Eq Viol (l1): 0.000079, Ineq Viol (l1): 0.000001, Epoch time: 2.41s
Epoch 220/300, Loss: -0.3595, Obj: -0.6914, Eq Viol (l1): 0.000088, Ineq Viol (l1): 0.000001, Epoch time: 2.39s
Epoch 221/300, Loss: -0.4208, Obj: -0.7113, Eq Viol (l1): 0.000088, Ineq Viol (l1): 0.000001, Epoch time: 2.37s

Running validation at epoch 220...

VALIDATION_EPOCH_220 EVALUATION RESULTS:
==================================================
Objective Value:     -8.496441e-01
True Objective:      -2.413704e+00
Optimality Gap:      -6.454637e-01 ± 3.567606e-01
Eq Violation l1:   8.551962e-05 (max: 1.165527e-03)
Ineq Violation l1: 9.284717e-07 (max: 1.122429e-04)
Solution Distance:   1.228315e+02 ± 6.348150e-01
Merit:             -8.487796e-01 ± 2.967181e-03
Avg Inference Time:  0.0668s
==================================================
Epoch 222/300, Loss: -0.4741, Obj: -0.7520, Eq Viol (l1): 0.000082, Ineq Viol (l1): 0.000001, Epoch time: 2.39s
Epoch 223/300, Loss: -0.4991, Obj: -0.7506, Eq Viol (l1): 0.000085, Ineq Viol (l1): 0.000001, Epoch time: 2.37s
Epoch 224/300, Loss: -0.4625, Obj: -0.7398, Eq Viol (l1): 0.000084, Ineq Viol (l1): 0.000001, Epoch time: 2.37s
Epoch 225/300, Loss: -0.4793, Obj: -0.7250, Eq Viol (l1): 0.000093, Ineq Viol (l1): 0.000001, Epoch time: 2.34s
Epoch 226/300, Loss: -0.4865, Obj: -0.7561, Eq Viol (l1): 0.000084, Ineq Viol (l1): 0.000001, Epoch time: 2.39s
Epoch 227/300, Loss: -0.4072, Obj: -0.7271, Eq Viol (l1): 0.000088, Ineq Viol (l1): 0.000001, Epoch time: 2.39s
Epoch 228/300, Loss: -0.4107, Obj: -0.7014, Eq Viol (l1): 0.000079, Ineq Viol (l1): 0.000000, Epoch time: 2.39s
Epoch 229/300, Loss: -0.4255, Obj: -0.7366, Eq Viol (l1): 0.000093, Ineq Viol (l1): 0.000001, Epoch time: 2.46s
Epoch 230/300, Loss: -0.4086, Obj: -0.7191, Eq Viol (l1): 0.000076, Ineq Viol (l1): 0.000001, Epoch time: 2.47s
Epoch 231/300, Loss: -0.4206, Obj: -0.7092, Eq Viol (l1): 0.000089, Ineq Viol (l1): 0.000001, Epoch time: 2.36s

Running validation at epoch 230...

VALIDATION_EPOCH_230 EVALUATION RESULTS:
==================================================
Objective Value:     -8.075363e-01
True Objective:      -2.413704e+00
Optimality Gap:      -5.765488e-01 ± 3.441368e-01
Eq Violation l1:   8.177819e-05 (max: 1.138564e-03)
Ineq Violation l1: 6.442320e-07 (max: 7.835593e-05)
Solution Distance:   1.231641e+02 ± 6.241618e-01
Merit:             -8.067120e-01 ± 6.932568e-03
Avg Inference Time:  0.0671s
==================================================
Epoch 232/300, Loss: -0.4725, Obj: -0.7397, Eq Viol (l1): 0.000086, Ineq Viol (l1): 0.000001, Epoch time: 2.38s
Epoch 233/300, Loss: -0.4867, Obj: -0.7558, Eq Viol (l1): 0.000081, Ineq Viol (l1): 0.000001, Epoch time: 2.39s
Epoch 234/300, Loss: -0.4897, Obj: -0.7603, Eq Viol (l1): 0.000081, Ineq Viol (l1): 0.000001, Epoch time: 2.39s
Epoch 235/300, Loss: -0.4437, Obj: -0.7243, Eq Viol (l1): 0.000086, Ineq Viol (l1): 0.000001, Epoch time: 2.39s
Epoch 236/300, Loss: -0.4700, Obj: -0.7440, Eq Viol (l1): 0.000078, Ineq Viol (l1): 0.000001, Epoch time: 2.40s
Epoch 237/300, Loss: -0.4979, Obj: -0.7627, Eq Viol (l1): 0.000076, Ineq Viol (l1): 0.000001, Epoch time: 2.42s
Epoch 238/300, Loss: -0.4656, Obj: -0.7455, Eq Viol (l1): 0.000076, Ineq Viol (l1): 0.000001, Epoch time: 2.42s
Epoch 239/300, Loss: -0.3570, Obj: -0.6835, Eq Viol (l1): 0.000086, Ineq Viol (l1): 0.000001, Epoch time: 2.37s
Epoch 240/300, Loss: -0.3703, Obj: -0.7108, Eq Viol (l1): 0.000088, Ineq Viol (l1): 0.000001, Epoch time: 2.39s
Epoch 241/300, Loss: -0.4573, Obj: -0.7421, Eq Viol (l1): 0.000083, Ineq Viol (l1): 0.000001, Epoch time: 2.39s

Running validation at epoch 240...

VALIDATION_EPOCH_240 EVALUATION RESULTS:
==================================================
Objective Value:     -8.536958e-01
True Objective:      -2.413704e+00
Optimality Gap:      -5.907015e-01 ± 2.947277e-01
Eq Violation l1:   7.409432e-05 (max: 1.074563e-03)
Ineq Violation l1: 5.757465e-07 (max: 3.472313e-05)
Solution Distance:   1.223198e+02 ± 6.199477e-01
Merit:             -8.529491e-01 ± 9.339809e-03
Avg Inference Time:  0.0657s
==================================================
Epoch 242/300, Loss: -0.4629, Obj: -0.7445, Eq Viol (l1): 0.000082, Ineq Viol (l1): 0.000001, Epoch time: 2.39s
Epoch 243/300, Loss: -0.5015, Obj: -0.7629, Eq Viol (l1): 0.000088, Ineq Viol (l1): 0.000001, Epoch time: 2.38s
Epoch 244/300, Loss: -0.4957, Obj: -0.7632, Eq Viol (l1): 0.000080, Ineq Viol (l1): 0.000000, Epoch time: 2.39s
Epoch 245/300, Loss: -0.4759, Obj: -0.7438, Eq Viol (l1): 0.000081, Ineq Viol (l1): 0.000001, Epoch time: 2.39s
Epoch 246/300, Loss: -0.4094, Obj: -0.7057, Eq Viol (l1): 0.000082, Ineq Viol (l1): 0.000001, Epoch time: 2.41s
Epoch 247/300, Loss: -0.4742, Obj: -0.7540, Eq Viol (l1): 0.000078, Ineq Viol (l1): 0.000001, Epoch time: 2.42s
Epoch 248/300, Loss: -0.4739, Obj: -0.7579, Eq Viol (l1): 0.000091, Ineq Viol (l1): 0.000001, Epoch time: 2.37s
Epoch 249/300, Loss: -0.3144, Obj: -0.6694, Eq Viol (l1): 0.000083, Ineq Viol (l1): 0.000001, Epoch time: 2.40s
Epoch 250/300, Loss: -0.3280, Obj: -0.7004, Eq Viol (l1): 0.000094, Ineq Viol (l1): 0.000001, Epoch time: 2.39s
Epoch 251/300, Loss: -0.4610, Obj: -0.7391, Eq Viol (l1): 0.000081, Ineq Viol (l1): 0.000001, Epoch time: 2.42s

Running validation at epoch 250...

VALIDATION_EPOCH_250 EVALUATION RESULTS:
==================================================
Objective Value:     -8.385534e-01
True Objective:      -2.413704e+00
Optimality Gap:      -6.294863e-01 ± 3.569383e-01
Eq Violation l1:   9.024971e-05 (max: 1.975506e-03)
Ineq Violation l1: 6.283586e-07 (max: 4.860459e-05)
Solution Distance:   1.231884e+02 ± 5.857243e-01
Merit:             -8.376447e-01 ± 4.203823e-03
Avg Inference Time:  0.0661s
==================================================
Epoch 252/300, Loss: -0.4809, Obj: -0.7553, Eq Viol (l1): 0.000085, Ineq Viol (l1): 0.000001, Epoch time: 2.37s
Epoch 253/300, Loss: -0.4523, Obj: -0.7505, Eq Viol (l1): 0.000082, Ineq Viol (l1): 0.000001, Epoch time: 2.41s
Epoch 254/300, Loss: -0.4653, Obj: -0.7373, Eq Viol (l1): 0.000082, Ineq Viol (l1): 0.000001, Epoch time: 2.39s
Epoch 255/300, Loss: -0.4248, Obj: -0.7314, Eq Viol (l1): 0.000082, Ineq Viol (l1): 0.000001, Epoch time: 2.42s
Epoch 256/300, Loss: -0.4475, Obj: -0.7268, Eq Viol (l1): 0.000080, Ineq Viol (l1): 0.000001, Epoch time: 2.38s
Epoch 257/300, Loss: -0.4815, Obj: -0.7537, Eq Viol (l1): 0.000078, Ineq Viol (l1): 0.000001, Epoch time: 2.41s
Epoch 258/300, Loss: -0.4811, Obj: -0.7437, Eq Viol (l1): 0.000088, Ineq Viol (l1): 0.000001, Epoch time: 2.38s
Epoch 259/300, Loss: -0.4477, Obj: -0.7358, Eq Viol (l1): 0.000080, Ineq Viol (l1): 0.000000, Epoch time: 2.39s
Epoch 260/300, Loss: -0.5124, Obj: -0.7655, Eq Viol (l1): 0.000080, Ineq Viol (l1): 0.000001, Epoch time: 2.40s
Epoch 261/300, Loss: -0.4538, Obj: -0.7403, Eq Viol (l1): 0.000083, Ineq Viol (l1): 0.000001, Epoch time: 2.39s

Running validation at epoch 260...

VALIDATION_EPOCH_260 EVALUATION RESULTS:
==================================================
Objective Value:     -7.253932e-01
True Objective:      -2.413704e+00
Optimality Gap:      -4.134850e-01 ± 2.692866e-01
Eq Violation l1:   6.226688e-05 (max: 1.850880e-03)
Ineq Violation l1: 5.774369e-07 (max: 5.726464e-05)
Solution Distance:   1.237740e+02 ± 6.107520e-01
Merit:             -7.247647e-01 ± 2.568952e-03
Avg Inference Time:  0.0655s
==================================================
Epoch 262/300, Loss: -0.4338, Obj: -0.7188, Eq Viol (l1): 0.000083, Ineq Viol (l1): 0.000001, Epoch time: 2.46s
Epoch 263/300, Loss: -0.4596, Obj: -0.7449, Eq Viol (l1): 0.000088, Ineq Viol (l1): 0.000001, Epoch time: 2.39s
Epoch 264/300, Loss: -0.4828, Obj: -0.7620, Eq Viol (l1): 0.000085, Ineq Viol (l1): 0.000001, Epoch time: 2.42s
Epoch 265/300, Loss: -0.4153, Obj: -0.7278, Eq Viol (l1): 0.000080, Ineq Viol (l1): 0.000001, Epoch time: 2.41s
Epoch 266/300, Loss: -0.4794, Obj: -0.7402, Eq Viol (l1): 0.000088, Ineq Viol (l1): 0.000001, Epoch time: 2.36s
Epoch 267/300, Loss: -0.4964, Obj: -0.7675, Eq Viol (l1): 0.000081, Ineq Viol (l1): 0.000001, Epoch time: 2.41s
Epoch 268/300, Loss: -0.4631, Obj: -0.7439, Eq Viol (l1): 0.000089, Ineq Viol (l1): 0.000001, Epoch time: 2.39s
Epoch 269/300, Loss: -0.4686, Obj: -0.7434, Eq Viol (l1): 0.000083, Ineq Viol (l1): 0.000001, Epoch time: 2.40s
Epoch 270/300, Loss: -0.4951, Obj: -0.7608, Eq Viol (l1): 0.000081, Ineq Viol (l1): 0.000001, Epoch time: 2.39s
Epoch 271/300, Loss: -0.4461, Obj: -0.7323, Eq Viol (l1): 0.000086, Ineq Viol (l1): 0.000001, Epoch time: 2.40s

Running validation at epoch 270...

VALIDATION_EPOCH_270 EVALUATION RESULTS:
==================================================
Objective Value:     -7.705765e-01
True Objective:      -2.413704e+00
Optimality Gap:      -5.041562e-01 ± 3.081288e-01
Eq Violation l1:   8.918676e-05 (max: 8.008519e-04)
Ineq Violation l1: 2.486791e-07 (max: 1.670752e-05)
Solution Distance:   1.233428e+02 ± 6.787181e-01
Merit:             -7.696822e-01 ± 3.885573e-03
Avg Inference Time:  0.0622s
==================================================
Epoch 272/300, Loss: -0.5028, Obj: -0.7576, Eq Viol (l1): 0.000090, Ineq Viol (l1): 0.000001, Epoch time: 2.36s
Epoch 273/300, Loss: -0.5095, Obj: -0.7673, Eq Viol (l1): 0.000082, Ineq Viol (l1): 0.000001, Epoch time: 2.39s
Epoch 274/300, Loss: -0.4938, Obj: -0.7485, Eq Viol (l1): 0.000084, Ineq Viol (l1): 0.000001, Epoch time: 2.36s
Epoch 275/300, Loss: -0.4777, Obj: -0.7390, Eq Viol (l1): 0.000081, Ineq Viol (l1): 0.000001, Epoch time: 2.40s
Epoch 276/300, Loss: -0.5163, Obj: -0.7634, Eq Viol (l1): 0.000085, Ineq Viol (l1): 0.000001, Epoch time: 2.37s
Epoch 277/300, Loss: -0.5086, Obj: -0.7572, Eq Viol (l1): 0.000081, Ineq Viol (l1): 0.000001, Epoch time: 2.40s
Epoch 278/300, Loss: -0.4863, Obj: -0.7536, Eq Viol (l1): 0.000085, Ineq Viol (l1): 0.000001, Epoch time: 2.37s
Epoch 279/300, Loss: -0.5162, Obj: -0.7682, Eq Viol (l1): 0.000082, Ineq Viol (l1): 0.000001, Epoch time: 2.39s
Epoch 280/300, Loss: -0.4901, Obj: -0.7531, Eq Viol (l1): 0.000093, Ineq Viol (l1): 0.000001, Epoch time: 2.36s
Epoch 281/300, Loss: -0.4804, Obj: -0.7635, Eq Viol (l1): 0.000085, Ineq Viol (l1): 0.000001, Epoch time: 2.42s

Running validation at epoch 280...

VALIDATION_EPOCH_280 EVALUATION RESULTS:
==================================================
Objective Value:     -8.601246e-01
True Objective:      -2.413704e+00
Optimality Gap:      -6.489925e-01 ± 3.500833e-01
Eq Violation l1:   8.439084e-05 (max: 1.267873e-03)
Ineq Violation l1: 6.524347e-07 (max: 2.808288e-05)
Solution Distance:   1.233283e+02 ± 6.343655e-01
Merit:             -8.592742e-01 ± 4.633232e-03
Avg Inference Time:  0.0656s
==================================================
Epoch 282/300, Loss: -0.4971, Obj: -0.7547, Eq Viol (l1): 0.000083, Ineq Viol (l1): 0.000001, Epoch time: 2.37s
Epoch 283/300, Loss: -0.4811, Obj: -0.7443, Eq Viol (l1): 0.000085, Ineq Viol (l1): 0.000001, Epoch time: 2.37s
Epoch 284/300, Loss: -0.5039, Obj: -0.7585, Eq Viol (l1): 0.000083, Ineq Viol (l1): 0.000001, Epoch time: 2.40s
Epoch 285/300, Loss: -0.5242, Obj: -0.7689, Eq Viol (l1): 0.000092, Ineq Viol (l1): 0.000001, Epoch time: 2.33s
Epoch 286/300, Loss: -0.5304, Obj: -0.7810, Eq Viol (l1): 0.000083, Ineq Viol (l1): 0.000001, Epoch time: 2.40s
Epoch 287/300, Loss: -0.5390, Obj: -0.7971, Eq Viol (l1): 0.000088, Ineq Viol (l1): 0.000001, Epoch time: 2.41s
Epoch 288/300, Loss: -0.4843, Obj: -0.7539, Eq Viol (l1): 0.000080, Ineq Viol (l1): 0.000001, Epoch time: 2.42s
Epoch 289/300, Loss: -0.5018, Obj: -0.7631, Eq Viol (l1): 0.000075, Ineq Viol (l1): 0.000001, Epoch time: 2.42s
Epoch 290/300, Loss: -0.4857, Obj: -0.7573, Eq Viol (l1): 0.000079, Ineq Viol (l1): 0.000001, Epoch time: 2.42s
Epoch 291/300, Loss: -0.4409, Obj: -0.7201, Eq Viol (l1): 0.000085, Ineq Viol (l1): 0.000001, Epoch time: 2.37s

Running validation at epoch 290...

VALIDATION_EPOCH_290 EVALUATION RESULTS:
==================================================
Objective Value:     -8.515916e-01
True Objective:      -2.413704e+00
Optimality Gap:      -6.493003e-01 ± 3.596467e-01
Eq Violation l1:   9.343136e-05 (max: 1.060290e-03)
Ineq Violation l1: 4.922729e-07 (max: 3.239870e-05)
Solution Distance:   1.226086e+02 ± 6.109617e-01
Merit:             -8.506524e-01 ± 3.639977e-03
Avg Inference Time:  0.0675s
==================================================
Epoch 292/300, Loss: -0.4341, Obj: -0.7503, Eq Viol (l1): 0.000086, Ineq Viol (l1): 0.000001, Epoch time: 2.40s
Epoch 293/300, Loss: -0.4858, Obj: -0.7429, Eq Viol (l1): 0.000073, Ineq Viol (l1): 0.000000, Epoch time: 2.42s
Epoch 294/300, Loss: -0.4953, Obj: -0.7630, Eq Viol (l1): 0.000085, Ineq Viol (l1): 0.000001, Epoch time: 2.40s
Epoch 295/300, Loss: -0.4815, Obj: -0.7549, Eq Viol (l1): 0.000086, Ineq Viol (l1): 0.000001, Epoch time: 2.50s
Epoch 296/300, Loss: -0.4672, Obj: -0.7534, Eq Viol (l1): 0.000083, Ineq Viol (l1): 0.000001, Epoch time: 2.41s
Epoch 297/300, Loss: -0.4748, Obj: -0.7357, Eq Viol (l1): 0.000082, Ineq Viol (l1): 0.000001, Epoch time: 2.35s
Epoch 298/300, Loss: -0.4981, Obj: -0.7584, Eq Viol (l1): 0.000087, Ineq Viol (l1): 0.000001, Epoch time: 2.39s
Epoch 299/300, Loss: -0.4325, Obj: -0.7331, Eq Viol (l1): 0.000088, Ineq Viol (l1): 0.000001, Epoch time: 2.40s
Epoch 300/300, Loss: -0.4676, Obj: -0.7512, Eq Viol (l1): 0.000089, Ineq Viol (l1): 0.000001, Epoch time: 2.38s

Training completed in 731.20 seconds.

============================================================
COMPREHENSIVE TEST EVALUATION WITH DETAILED RESULTS
============================================================
Testing with batch sizes: [256, 512]

Evaluating with batch size: 256 (with detailed results)

TEST_BS256 EVALUATION RESULTS:
==================================================
Objective Value:     -8.503148e-01
True Objective:      -2.409220e+00
Optimality Gap:      -4.087502e-01 ± 1.528850e+00
Eq Violation l1:   8.608286e-05 (max: 9.341009e-04)
Ineq Violation l1: 6.862933e-07 (max: 3.916587e-05)
Solution Distance:   1.241223e+02 ± 1.985193e+00
Merit:             -8.494471e-01 ± 5.770368e-02
Avg Inference Time:  0.0570s
==================================================

Evaluating with batch size: 512 (with detailed results)

TEST_BS512 EVALUATION RESULTS:
==================================================
Objective Value:     -8.494754e-01
True Objective:      -2.408634e+00
Optimality Gap:      -4.163584e-01 ± 1.129180e+00
Eq Violation l1:   8.936534e-05 (max: 1.074344e-03)
Ineq Violation l1: 7.447205e-07 (max: 5.931236e-05)
Solution Distance:   1.240775e+02 ± 1.250337e+00
Merit:             -8.485743e-01 ± 5.277333e-02
Avg Inference Time:  0.0643s
==================================================

TEST BATCH SIZE COMPARISON:
================================================================================
Batch Size   Objective    Opt Gap      Eq Viol      Ineq Viol    Time (s)  
--------------------------------------------------------------------------------
256          -8.5031e-01  -4.0875e-01  8.6083e-05   6.8629e-07   0.46      
512          -8.4948e-01  -4.1636e-01  8.9365e-05   7.4472e-07   0.26      
================================================================================

Saving model and results to: results/nonsmooth_nonconvex/socp/SOCPProblem-100-50-50-10000/20260108-034708_MLP_FSNet_seed2_nepochs300_lr0.0002_trainsize7000_finetune_20260108-031455_model_470
✓ Model saved: results/nonsmooth_nonconvex/socp/SOCPProblem-100-50-50-10000/20260108-034708_MLP_FSNet_seed2_nepochs300_lr0.0002_trainsize7000_finetune_20260108-031455_model_470/model.pt
✓ Detailed results saved: results/nonsmooth_nonconvex/socp/SOCPProblem-100-50-50-10000/20260108-034708_MLP_FSNet_seed2_nepochs300_lr0.0002_trainsize7000_finetune_20260108-031455_model_470/results.pkl

Files saved (or attempted):
  - model.pt (model weights and architecture)
  - results.pkl (training history, metrics, detailed test results)
Training and testing completed in 733.54 seconds
Done!!!
============================================================
==========         =====================         ===========
==========   2      =====================         ===========
==========         =====================         ===========
============================================================

======= Running for problem: nonsmooth_nonconvex/socp =======

Loading problem instance: nonsmooth_nonconvex/socp with size [100, 50, 50, 10000]
Loading  dataset from: datasets/nonsmooth_nonconvex/socp/random2025_socp_dataset_var100_ineq50_eq50_ex10000 

Running on:  cuda
Training model using FSNet method with seed 3 for 300 epochs
Using batch size: 512
Loading model from checkpoint: results/nonsmooth_nonconvex/socp/SOCPProblem-100-50-50-10000/20260108-031455_MLP_sup_pen_seed1_nepochs500_lr0.0002_trainsize1000_subopt_2_1.0/model_470.pt

lr: 0.0002, weight_decay: 0.001, num_epochs: 300

Epoch 1/300, Loss: 26.1609, Obj: 26.0803, Eq Viol (l1): 0.000124, Ineq Viol (l1): 0.000000, Epoch time: 5.68s

Running validation at epoch 0...

VALIDATION_EPOCH_0 EVALUATION RESULTS:
==================================================
Objective Value:     2.580231e+01
True Objective:      -2.413704e+00
Optimality Gap:      4.571003e+01 ± 1.513404e+01
Eq Violation l1:   1.532468e-04 (max: 5.335886e-04)
Ineq Violation l1: 0.000000e+00 (max: 0.000000e+00)
Solution Distance:   2.335965e+02 ± 1.311347e+00
Merit:             2.580384e+01 ± 4.881914e-02
Avg Inference Time:  0.5930s
==================================================
Epoch 2/300, Loss: 24.5845, Obj: 24.3101, Eq Viol (l1): 0.000099, Ineq Viol (l1): 0.000000, Epoch time: 2.14s
Epoch 3/300, Loss: 23.6016, Obj: 23.0654, Eq Viol (l1): 0.000093, Ineq Viol (l1): 0.000000, Epoch time: 2.33s
Epoch 4/300, Loss: 22.7395, Obj: 22.3766, Eq Viol (l1): 0.000101, Ineq Viol (l1): 0.000000, Epoch time: 2.30s
Epoch 5/300, Loss: 21.7653, Obj: 21.4128, Eq Viol (l1): 0.000091, Ineq Viol (l1): 0.000000, Epoch time: 2.35s
Epoch 6/300, Loss: 20.7671, Obj: 20.3879, Eq Viol (l1): 0.000082, Ineq Viol (l1): 0.000000, Epoch time: 2.44s
Epoch 7/300, Loss: 19.5883, Obj: 19.1661, Eq Viol (l1): 0.000085, Ineq Viol (l1): 0.000001, Epoch time: 2.53s
Epoch 8/300, Loss: 17.4868, Obj: 17.0254, Eq Viol (l1): 0.000083, Ineq Viol (l1): 0.000001, Epoch time: 2.59s
Epoch 9/300, Loss: 13.9218, Obj: 13.2338, Eq Viol (l1): 0.000066, Ineq Viol (l1): 0.000000, Epoch time: 2.64s
Epoch 10/300, Loss: 10.1116, Obj: 9.1489, Eq Viol (l1): 0.000047, Ineq Viol (l1): 0.000000, Epoch time: 2.70s
Epoch 11/300, Loss: 4.5438, Obj: 3.6438, Eq Viol (l1): 0.000085, Ineq Viol (l1): 0.000000, Epoch time: 2.51s

Running validation at epoch 10...

VALIDATION_EPOCH_10 EVALUATION RESULTS:
==================================================
Objective Value:     1.635584e+00
True Objective:      -2.413704e+00
Optimality Gap:      3.705229e+00 ± 1.054278e+00
Eq Violation l1:   9.390567e-05 (max: 1.477264e-03)
Ineq Violation l1: 1.925697e-07 (max: 2.722935e-05)
Solution Distance:   1.256292e+02 ± 4.009589e-01
Merit:             1.636525e+00 ± 1.339253e-02
Avg Inference Time:  0.0661s
==================================================
Epoch 12/300, Loss: 2.1871, Obj: 1.3064, Eq Viol (l1): 0.000088, Ineq Viol (l1): 0.000000, Epoch time: 2.51s
Epoch 13/300, Loss: 1.2423, Obj: 0.4636, Eq Viol (l1): 0.000076, Ineq Viol (l1): 0.000000, Epoch time: 2.52s
Epoch 14/300, Loss: 0.9589, Obj: 0.1491, Eq Viol (l1): 0.000075, Ineq Viol (l1): 0.000000, Epoch time: 2.52s
Epoch 15/300, Loss: 0.7514, Obj: 0.0945, Eq Viol (l1): 0.000077, Ineq Viol (l1): 0.000000, Epoch time: 2.46s
Epoch 16/300, Loss: 0.9700, Obj: 0.0981, Eq Viol (l1): 0.000083, Ineq Viol (l1): 0.000001, Epoch time: 2.46s
Epoch 17/300, Loss: 0.5211, Obj: -0.1324, Eq Viol (l1): 0.000079, Ineq Viol (l1): 0.000000, Epoch time: 2.49s
Epoch 18/300, Loss: 0.4284, Obj: -0.1553, Eq Viol (l1): 0.000071, Ineq Viol (l1): 0.000000, Epoch time: 2.51s
Epoch 19/300, Loss: 0.3686, Obj: -0.1913, Eq Viol (l1): 0.000071, Ineq Viol (l1): 0.000000, Epoch time: 2.51s
Epoch 20/300, Loss: 0.2498, Obj: -0.2765, Eq Viol (l1): 0.000073, Ineq Viol (l1): 0.000000, Epoch time: 2.51s
Epoch 21/300, Loss: 0.2729, Obj: -0.2752, Eq Viol (l1): 0.000073, Ineq Viol (l1): 0.000000, Epoch time: 2.49s

Running validation at epoch 20...

VALIDATION_EPOCH_20 EVALUATION RESULTS:
==================================================
Objective Value:     -3.616928e-01
True Objective:      -2.413704e+00
Optimality Gap:      2.442553e-01 ± 9.900412e-02
Eq Violation l1:   6.640768e-05 (max: 1.539170e-03)
Ineq Violation l1: 2.867587e-07 (max: 1.314058e-05)
Solution Distance:   1.243371e+02 ± 6.550045e-01
Merit:             -3.610258e-01 ± 7.749837e-03
Avg Inference Time:  0.0672s
==================================================
Epoch 22/300, Loss: 0.1900, Obj: -0.3369, Eq Viol (l1): 0.000076, Ineq Viol (l1): 0.000000, Epoch time: 2.46s
Epoch 23/300, Loss: 0.1759, Obj: -0.3676, Eq Viol (l1): 0.000075, Ineq Viol (l1): 0.000001, Epoch time: 2.51s
Epoch 24/300, Loss: 0.0705, Obj: -0.4236, Eq Viol (l1): 0.000075, Ineq Viol (l1): 0.000001, Epoch time: 2.48s
Epoch 25/300, Loss: 0.1988, Obj: -0.2705, Eq Viol (l1): 0.000077, Ineq Viol (l1): 0.000000, Epoch time: 2.43s
Epoch 26/300, Loss: 0.0853, Obj: -0.4333, Eq Viol (l1): 0.000080, Ineq Viol (l1): 0.000001, Epoch time: 2.46s
Epoch 27/300, Loss: 0.0088, Obj: -0.4429, Eq Viol (l1): 0.000082, Ineq Viol (l1): 0.000001, Epoch time: 2.43s
Epoch 28/300, Loss: 0.0613, Obj: -0.4096, Eq Viol (l1): 0.000077, Ineq Viol (l1): 0.000001, Epoch time: 2.48s
Epoch 29/300, Loss: -0.0011, Obj: -0.4825, Eq Viol (l1): 0.000080, Ineq Viol (l1): 0.000000, Epoch time: 2.43s
Epoch 30/300, Loss: 0.0111, Obj: -0.4604, Eq Viol (l1): 0.000081, Ineq Viol (l1): 0.000001, Epoch time: 2.44s
Epoch 31/300, Loss: 0.0651, Obj: -0.4357, Eq Viol (l1): 0.000078, Ineq Viol (l1): 0.000000, Epoch time: 2.47s

Running validation at epoch 30...

VALIDATION_EPOCH_30 EVALUATION RESULTS:
==================================================
Objective Value:     -6.385589e-01
True Objective:      -2.413704e+00
Optimality Gap:      -2.451054e-01 ± 1.762926e-01
Eq Violation l1:   9.291824e-05 (max: 1.356974e-03)
Ineq Violation l1: 5.273999e-07 (max: 5.475671e-05)
Solution Distance:   1.239289e+02 ± 5.985008e-01
Merit:             -6.376245e-01 ± 8.686101e-03
Avg Inference Time:  0.0663s
==================================================
Epoch 32/300, Loss: -0.0303, Obj: -0.4888, Eq Viol (l1): 0.000084, Ineq Viol (l1): 0.000001, Epoch time: 2.42s
Epoch 33/300, Loss: -0.0973, Obj: -0.4796, Eq Viol (l1): 0.000071, Ineq Viol (l1): 0.000000, Epoch time: 2.56s
Epoch 34/300, Loss: -0.0963, Obj: -0.4969, Eq Viol (l1): 0.000075, Ineq Viol (l1): 0.000000, Epoch time: 2.48s
Epoch 35/300, Loss: -0.0128, Obj: -0.4991, Eq Viol (l1): 0.000077, Ineq Viol (l1): 0.000001, Epoch time: 2.46s
Epoch 36/300, Loss: -0.0290, Obj: -0.4867, Eq Viol (l1): 0.000079, Ineq Viol (l1): 0.000001, Epoch time: 2.45s
Epoch 37/300, Loss: -0.1096, Obj: -0.5209, Eq Viol (l1): 0.000090, Ineq Viol (l1): 0.000001, Epoch time: 2.39s
Epoch 38/300, Loss: -0.0510, Obj: -0.4886, Eq Viol (l1): 0.000088, Ineq Viol (l1): 0.000001, Epoch time: 2.42s
Epoch 39/300, Loss: -0.0951, Obj: -0.5349, Eq Viol (l1): 0.000081, Ineq Viol (l1): 0.000000, Epoch time: 2.42s
Epoch 40/300, Loss: -0.1241, Obj: -0.5413, Eq Viol (l1): 0.000077, Ineq Viol (l1): 0.000000, Epoch time: 2.47s
Epoch 41/300, Loss: -0.0459, Obj: -0.5352, Eq Viol (l1): 0.000079, Ineq Viol (l1): 0.000000, Epoch time: 2.44s

Running validation at epoch 40...

VALIDATION_EPOCH_40 EVALUATION RESULTS:
==================================================
Objective Value:     -6.509828e-01
True Objective:      -2.413704e+00
Optimality Gap:      -3.435543e-01 ± 2.798815e-01
Eq Violation l1:   8.018283e-05 (max: 1.322266e-03)
Ineq Violation l1: 5.940341e-07 (max: 4.976889e-05)
Solution Distance:   1.235062e+02 ± 6.343946e-01
Merit:             -6.501751e-01 ± 1.582477e-03
Avg Inference Time:  0.0639s
==================================================
Epoch 42/300, Loss: -0.1477, Obj: -0.5554, Eq Viol (l1): 0.000083, Ineq Viol (l1): 0.000001, Epoch time: 2.42s
Epoch 43/300, Loss: -0.0851, Obj: -0.5076, Eq Viol (l1): 0.000082, Ineq Viol (l1): 0.000001, Epoch time: 2.41s
Epoch 44/300, Loss: -0.0386, Obj: -0.5369, Eq Viol (l1): 0.000091, Ineq Viol (l1): 0.000001, Epoch time: 2.43s
Epoch 45/300, Loss: -0.1294, Obj: -0.5489, Eq Viol (l1): 0.000084, Ineq Viol (l1): 0.000001, Epoch time: 2.43s
Epoch 46/300, Loss: -0.2390, Obj: -0.5900, Eq Viol (l1): 0.000079, Ineq Viol (l1): 0.000000, Epoch time: 2.41s
Epoch 47/300, Loss: -0.2302, Obj: -0.5943, Eq Viol (l1): 0.000073, Ineq Viol (l1): 0.000000, Epoch time: 2.45s
Epoch 48/300, Loss: -0.1591, Obj: -0.5354, Eq Viol (l1): 0.000083, Ineq Viol (l1): 0.000001, Epoch time: 2.40s
Epoch 49/300, Loss: -0.2592, Obj: -0.6283, Eq Viol (l1): 0.000083, Ineq Viol (l1): 0.000001, Epoch time: 2.43s
Epoch 50/300, Loss: -0.1991, Obj: -0.5710, Eq Viol (l1): 0.000082, Ineq Viol (l1): 0.000000, Epoch time: 2.41s
Epoch 51/300, Loss: -0.2215, Obj: -0.5870, Eq Viol (l1): 0.000083, Ineq Viol (l1): 0.000000, Epoch time: 2.40s

Running validation at epoch 50...

VALIDATION_EPOCH_50 EVALUATION RESULTS:
==================================================
Objective Value:     -8.207852e-01
True Objective:      -2.413704e+00
Optimality Gap:      -5.735130e-01 ± 3.179962e-01
Eq Violation l1:   6.937102e-05 (max: 2.157759e-03)
Ineq Violation l1: 5.223196e-07 (max: 1.199113e-04)
Solution Distance:   1.228801e+02 ± 5.982012e-01
Merit:             -8.200863e-01 ± 4.938197e-03
Avg Inference Time:  0.0671s
==================================================
Epoch 52/300, Loss: -0.2274, Obj: -0.6125, Eq Viol (l1): 0.000090, Ineq Viol (l1): 0.000001, Epoch time: 2.38s
Epoch 53/300, Loss: -0.2288, Obj: -0.6029, Eq Viol (l1): 0.000084, Ineq Viol (l1): 0.000001, Epoch time: 2.40s
Epoch 54/300, Loss: -0.1712, Obj: -0.5623, Eq Viol (l1): 0.000078, Ineq Viol (l1): 0.000000, Epoch time: 2.41s
Epoch 55/300, Loss: -0.1217, Obj: -0.5266, Eq Viol (l1): 0.000081, Ineq Viol (l1): 0.000001, Epoch time: 2.43s
Epoch 56/300, Loss: -0.1101, Obj: -0.5553, Eq Viol (l1): 0.000086, Ineq Viol (l1): 0.000000, Epoch time: 2.40s
Epoch 57/300, Loss: -0.0766, Obj: -0.5583, Eq Viol (l1): 0.000080, Ineq Viol (l1): 0.000001, Epoch time: 2.47s
Epoch 58/300, Loss: -0.0925, Obj: -0.5349, Eq Viol (l1): 0.000078, Ineq Viol (l1): 0.000001, Epoch time: 2.48s
Epoch 59/300, Loss: -0.1786, Obj: -0.5638, Eq Viol (l1): 0.000087, Ineq Viol (l1): 0.000001, Epoch time: 2.42s
Epoch 60/300, Loss: -0.2051, Obj: -0.6149, Eq Viol (l1): 0.000083, Ineq Viol (l1): 0.000000, Epoch time: 2.46s
Epoch 61/300, Loss: -0.2496, Obj: -0.6048, Eq Viol (l1): 0.000078, Ineq Viol (l1): 0.000000, Epoch time: 2.44s

Running validation at epoch 60...

VALIDATION_EPOCH_60 EVALUATION RESULTS:
==================================================
Objective Value:     -4.882260e-01
True Objective:      -2.413704e+00
Optimality Gap:      -1.105765e-01 ± 2.251708e-01
Eq Violation l1:   6.930523e-05 (max: 1.788396e-03)
Ineq Violation l1: 2.978499e-07 (max: 7.674211e-05)
Solution Distance:   1.250007e+02 ± 6.410774e-01
Merit:             -4.875300e-01 ± 2.106249e-03
Avg Inference Time:  0.0609s
==================================================
Epoch 62/300, Loss: -0.2019, Obj: -0.5570, Eq Viol (l1): 0.000083, Ineq Viol (l1): 0.000000, Epoch time: 2.39s
Epoch 63/300, Loss: 0.0504, Obj: -0.5277, Eq Viol (l1): 0.000091, Ineq Viol (l1): 0.000001, Epoch time: 2.42s
Epoch 64/300, Loss: -0.0658, Obj: -0.5052, Eq Viol (l1): 0.000086, Ineq Viol (l1): 0.000001, Epoch time: 2.40s
Epoch 65/300, Loss: -0.2157, Obj: -0.5970, Eq Viol (l1): 0.000081, Ineq Viol (l1): 0.000001, Epoch time: 2.52s
Epoch 66/300, Loss: -0.2121, Obj: -0.6048, Eq Viol (l1): 0.000078, Ineq Viol (l1): 0.000000, Epoch time: 2.43s
Epoch 67/300, Loss: -0.2679, Obj: -0.6226, Eq Viol (l1): 0.000085, Ineq Viol (l1): 0.000001, Epoch time: 2.41s
Epoch 68/300, Loss: -0.2628, Obj: -0.6275, Eq Viol (l1): 0.000085, Ineq Viol (l1): 0.000000, Epoch time: 2.40s
Epoch 69/300, Loss: -0.1850, Obj: -0.5685, Eq Viol (l1): 0.000084, Ineq Viol (l1): 0.000001, Epoch time: 2.41s
Epoch 70/300, Loss: -0.2518, Obj: -0.5967, Eq Viol (l1): 0.000079, Ineq Viol (l1): 0.000000, Epoch time: 2.41s
Epoch 71/300, Loss: -0.2563, Obj: -0.6166, Eq Viol (l1): 0.000085, Ineq Viol (l1): 0.000001, Epoch time: 2.41s

Running validation at epoch 70...

VALIDATION_EPOCH_70 EVALUATION RESULTS:
==================================================
Objective Value:     -7.899179e-01
True Objective:      -2.413704e+00
Optimality Gap:      -5.065096e-01 ± 2.830418e-01
Eq Violation l1:   8.889510e-05 (max: 1.672586e-03)
Ineq Violation l1: 9.320601e-07 (max: 1.845369e-04)
Solution Distance:   1.231219e+02 ± 6.051342e-01
Merit:             -7.890196e-01 ± 9.609070e-04
Avg Inference Time:  0.0659s
==================================================
Epoch 72/300, Loss: -0.2692, Obj: -0.6136, Eq Viol (l1): 0.000081, Ineq Viol (l1): 0.000001, Epoch time: 2.42s
Epoch 73/300, Loss: -0.2948, Obj: -0.6350, Eq Viol (l1): 0.000083, Ineq Viol (l1): 0.000001, Epoch time: 2.39s
Epoch 74/300, Loss: -0.3187, Obj: -0.6583, Eq Viol (l1): 0.000081, Ineq Viol (l1): 0.000000, Epoch time: 2.42s
Epoch 75/300, Loss: -0.2784, Obj: -0.6133, Eq Viol (l1): 0.000083, Ineq Viol (l1): 0.000001, Epoch time: 2.40s
Epoch 76/300, Loss: -0.3342, Obj: -0.6486, Eq Viol (l1): 0.000077, Ineq Viol (l1): 0.000000, Epoch time: 2.40s
Epoch 77/300, Loss: -0.3166, Obj: -0.6514, Eq Viol (l1): 0.000084, Ineq Viol (l1): 0.000001, Epoch time: 2.41s
Epoch 78/300, Loss: -0.3181, Obj: -0.6461, Eq Viol (l1): 0.000079, Ineq Viol (l1): 0.000000, Epoch time: 2.40s
Epoch 79/300, Loss: -0.2983, Obj: -0.6478, Eq Viol (l1): 0.000086, Ineq Viol (l1): 0.000001, Epoch time: 2.40s
Epoch 80/300, Loss: -0.2074, Obj: -0.6073, Eq Viol (l1): 0.000085, Ineq Viol (l1): 0.000001, Epoch time: 2.44s
Epoch 81/300, Loss: -0.3113, Obj: -0.6539, Eq Viol (l1): 0.000077, Ineq Viol (l1): 0.000000, Epoch time: 2.45s

Running validation at epoch 80...

VALIDATION_EPOCH_80 EVALUATION RESULTS:
==================================================
Objective Value:     -6.080138e-01
True Objective:      -2.413704e+00
Optimality Gap:      -3.200107e-01 ± 2.841690e-01
Eq Violation l1:   7.516442e-05 (max: 1.638976e-03)
Ineq Violation l1: 5.032416e-07 (max: 3.208624e-05)
Solution Distance:   1.241967e+02 ± 6.479376e-01
Merit:             -6.072571e-01 ± 4.941816e-03
Avg Inference Time:  0.0632s
==================================================
Epoch 82/300, Loss: -0.3314, Obj: -0.6616, Eq Viol (l1): 0.000079, Ineq Viol (l1): 0.000001, Epoch time: 2.41s
Epoch 83/300, Loss: -0.3227, Obj: -0.6640, Eq Viol (l1): 0.000079, Ineq Viol (l1): 0.000001, Epoch time: 2.44s
Epoch 84/300, Loss: -0.3250, Obj: -0.6416, Eq Viol (l1): 0.000083, Ineq Viol (l1): 0.000001, Epoch time: 2.40s
Epoch 85/300, Loss: -0.3305, Obj: -0.6945, Eq Viol (l1): 0.000082, Ineq Viol (l1): 0.000001, Epoch time: 2.43s
Epoch 86/300, Loss: -0.3061, Obj: -0.6456, Eq Viol (l1): 0.000086, Ineq Viol (l1): 0.000001, Epoch time: 2.40s
Epoch 87/300, Loss: -0.3084, Obj: -0.6501, Eq Viol (l1): 0.000084, Ineq Viol (l1): 0.000000, Epoch time: 2.39s
Epoch 88/300, Loss: -0.3267, Obj: -0.6471, Eq Viol (l1): 0.000087, Ineq Viol (l1): 0.000001, Epoch time: 2.39s
Epoch 89/300, Loss: -0.3370, Obj: -0.6657, Eq Viol (l1): 0.000079, Ineq Viol (l1): 0.000001, Epoch time: 2.43s
Epoch 90/300, Loss: -0.3719, Obj: -0.6836, Eq Viol (l1): 0.000081, Ineq Viol (l1): 0.000001, Epoch time: 2.42s
Epoch 91/300, Loss: -0.4082, Obj: -0.7110, Eq Viol (l1): 0.000077, Ineq Viol (l1): 0.000001, Epoch time: 2.43s

Running validation at epoch 90...

VALIDATION_EPOCH_90 EVALUATION RESULTS:
==================================================
Objective Value:     -8.051201e-01
True Objective:      -2.413704e+00
Optimality Gap:      -5.086652e-01 ± 2.581401e-01
Eq Violation l1:   6.701184e-05 (max: 1.207774e-03)
Ineq Violation l1: 4.116251e-07 (max: 2.688558e-05)
Solution Distance:   1.230491e+02 ± 6.347641e-01
Merit:             -8.044459e-01 ± 6.104181e-03
Avg Inference Time:  0.0672s
==================================================
Epoch 92/300, Loss: -0.3194, Obj: -0.6570, Eq Viol (l1): 0.000091, Ineq Viol (l1): 0.000001, Epoch time: 2.38s
Epoch 93/300, Loss: -0.3271, Obj: -0.6651, Eq Viol (l1): 0.000082, Ineq Viol (l1): 0.000000, Epoch time: 2.39s
Epoch 94/300, Loss: -0.3470, Obj: -0.6746, Eq Viol (l1): 0.000084, Ineq Viol (l1): 0.000001, Epoch time: 2.40s
Epoch 95/300, Loss: -0.3230, Obj: -0.6465, Eq Viol (l1): 0.000088, Ineq Viol (l1): 0.000001, Epoch time: 2.37s
Epoch 96/300, Loss: -0.3449, Obj: -0.6661, Eq Viol (l1): 0.000074, Ineq Viol (l1): 0.000001, Epoch time: 2.43s
Epoch 97/300, Loss: -0.3610, Obj: -0.6878, Eq Viol (l1): 0.000079, Ineq Viol (l1): 0.000000, Epoch time: 2.43s
Epoch 98/300, Loss: -0.2946, Obj: -0.6424, Eq Viol (l1): 0.000072, Ineq Viol (l1): 0.000000, Epoch time: 2.55s
Epoch 99/300, Loss: -0.3569, Obj: -0.6526, Eq Viol (l1): 0.000090, Ineq Viol (l1): 0.000001, Epoch time: 2.36s
Epoch 100/300, Loss: -0.3630, Obj: -0.6795, Eq Viol (l1): 0.000074, Ineq Viol (l1): 0.000000, Epoch time: 2.44s
Epoch 101/300, Loss: -0.3628, Obj: -0.6903, Eq Viol (l1): 0.000077, Ineq Viol (l1): 0.000001, Epoch time: 2.43s

Running validation at epoch 100...

VALIDATION_EPOCH_100 EVALUATION RESULTS:
==================================================
Objective Value:     -8.207118e-01
True Objective:      -2.413704e+00
Optimality Gap:      -5.966399e-01 ± 3.500092e-01
Eq Violation l1:   8.281182e-05 (max: 1.519842e-03)
Ineq Violation l1: 4.885326e-07 (max: 3.075170e-05)
Solution Distance:   1.229406e+02 ± 6.485224e-01
Merit:             -8.198788e-01 ± 1.199858e-04
Avg Inference Time:  0.0657s
==================================================
Epoch 102/300, Loss: -0.3866, Obj: -0.7002, Eq Viol (l1): 0.000087, Ineq Viol (l1): 0.000001, Epoch time: 2.38s
Epoch 103/300, Loss: -0.3762, Obj: -0.6845, Eq Viol (l1): 0.000083, Ineq Viol (l1): 0.000001, Epoch time: 2.41s
Epoch 104/300, Loss: -0.2873, Obj: -0.6546, Eq Viol (l1): 0.000076, Ineq Viol (l1): 0.000000, Epoch time: 2.43s
Epoch 105/300, Loss: -0.3368, Obj: -0.6617, Eq Viol (l1): 0.000081, Ineq Viol (l1): 0.000001, Epoch time: 2.42s
Epoch 106/300, Loss: -0.3696, Obj: -0.6732, Eq Viol (l1): 0.000083, Ineq Viol (l1): 0.000001, Epoch time: 2.39s
Epoch 107/300, Loss: -0.2994, Obj: -0.6871, Eq Viol (l1): 0.000085, Ineq Viol (l1): 0.000001, Epoch time: 2.42s
Epoch 108/300, Loss: -0.3797, Obj: -0.6687, Eq Viol (l1): 0.000083, Ineq Viol (l1): 0.000001, Epoch time: 2.39s
Epoch 109/300, Loss: -0.3392, Obj: -0.6621, Eq Viol (l1): 0.000087, Ineq Viol (l1): 0.000001, Epoch time: 2.40s
Epoch 110/300, Loss: -0.4037, Obj: -0.6992, Eq Viol (l1): 0.000084, Ineq Viol (l1): 0.000001, Epoch time: 2.42s
Epoch 111/300, Loss: -0.4053, Obj: -0.7045, Eq Viol (l1): 0.000077, Ineq Viol (l1): 0.000001, Epoch time: 2.42s

Running validation at epoch 110...

VALIDATION_EPOCH_110 EVALUATION RESULTS:
==================================================
Objective Value:     -7.919274e-01
True Objective:      -2.413704e+00
Optimality Gap:      -5.402536e-01 ± 3.294806e-01
Eq Violation l1:   8.707172e-05 (max: 1.463883e-03)
Ineq Violation l1: 4.812557e-07 (max: 4.344526e-05)
Solution Distance:   1.234177e+02 ± 6.250368e-01
Merit:             -7.910519e-01 ± 5.626631e-04
Avg Inference Time:  0.0635s
==================================================
Epoch 112/300, Loss: -0.3413, Obj: -0.6691, Eq Viol (l1): 0.000069, Ineq Viol (l1): 0.000000, Epoch time: 2.44s
Epoch 113/300, Loss: -0.3636, Obj: -0.6876, Eq Viol (l1): 0.000081, Ineq Viol (l1): 0.000001, Epoch time: 2.43s
Epoch 114/300, Loss: -0.3450, Obj: -0.6689, Eq Viol (l1): 0.000082, Ineq Viol (l1): 0.000001, Epoch time: 2.41s
Epoch 115/300, Loss: -0.3687, Obj: -0.6787, Eq Viol (l1): 0.000084, Ineq Viol (l1): 0.000001, Epoch time: 2.39s
Epoch 116/300, Loss: -0.4240, Obj: -0.7010, Eq Viol (l1): 0.000082, Ineq Viol (l1): 0.000000, Epoch time: 2.40s
Epoch 117/300, Loss: -0.4120, Obj: -0.6913, Eq Viol (l1): 0.000084, Ineq Viol (l1): 0.000001, Epoch time: 2.40s
Epoch 118/300, Loss: -0.3751, Obj: -0.6941, Eq Viol (l1): 0.000079, Ineq Viol (l1): 0.000000, Epoch time: 2.42s
Epoch 119/300, Loss: -0.3472, Obj: -0.6831, Eq Viol (l1): 0.000085, Ineq Viol (l1): 0.000001, Epoch time: 2.42s
Epoch 120/300, Loss: -0.3388, Obj: -0.6644, Eq Viol (l1): 0.000083, Ineq Viol (l1): 0.000001, Epoch time: 2.41s
Epoch 121/300, Loss: -0.2552, Obj: -0.6142, Eq Viol (l1): 0.000085, Ineq Viol (l1): 0.000001, Epoch time: 2.39s

Running validation at epoch 120...

VALIDATION_EPOCH_120 EVALUATION RESULTS:
==================================================
Objective Value:     -7.362366e-01
True Objective:      -2.413704e+00
Optimality Gap:      -3.597512e-01 ± 2.119009e-01
Eq Violation l1:   6.156320e-05 (max: 9.813803e-04)
Ineq Violation l1: 3.500696e-07 (max: 2.711817e-05)
Solution Distance:   1.236262e+02 ± 6.725831e-01
Merit:             -7.356175e-01 ± 2.606051e-03
Avg Inference Time:  0.0657s
==================================================
Epoch 122/300, Loss: -0.3673, Obj: -0.7040, Eq Viol (l1): 0.000081, Ineq Viol (l1): 0.000001, Epoch time: 2.44s
Epoch 123/300, Loss: -0.3496, Obj: -0.6895, Eq Viol (l1): 0.000082, Ineq Viol (l1): 0.000001, Epoch time: 2.42s
Epoch 124/300, Loss: -0.3843, Obj: -0.6984, Eq Viol (l1): 0.000075, Ineq Viol (l1): 0.000001, Epoch time: 2.45s
Epoch 125/300, Loss: -0.3602, Obj: -0.6627, Eq Viol (l1): 0.000081, Ineq Viol (l1): 0.000001, Epoch time: 2.38s
Epoch 126/300, Loss: -0.3056, Obj: -0.6752, Eq Viol (l1): 0.000089, Ineq Viol (l1): 0.000001, Epoch time: 2.43s
Epoch 127/300, Loss: -0.3147, Obj: -0.6566, Eq Viol (l1): 0.000087, Ineq Viol (l1): 0.000001, Epoch time: 2.39s
Epoch 128/300, Loss: -0.3686, Obj: -0.6793, Eq Viol (l1): 0.000088, Ineq Viol (l1): 0.000000, Epoch time: 2.39s
Epoch 129/300, Loss: -0.3993, Obj: -0.7093, Eq Viol (l1): 0.000078, Ineq Viol (l1): 0.000001, Epoch time: 2.41s
Epoch 130/300, Loss: -0.4351, Obj: -0.7181, Eq Viol (l1): 0.000071, Ineq Viol (l1): 0.000000, Epoch time: 2.43s
Epoch 131/300, Loss: -0.4383, Obj: -0.7363, Eq Viol (l1): 0.000089, Ineq Viol (l1): 0.000001, Epoch time: 2.49s

Running validation at epoch 130...

VALIDATION_EPOCH_130 EVALUATION RESULTS:
==================================================
Objective Value:     -8.207383e-01
True Objective:      -2.413704e+00
Optimality Gap:      -5.892118e-01 ± 3.375667e-01
Eq Violation l1:   1.154103e-04 (max: 1.050454e-03)
Ineq Violation l1: 3.778426e-07 (max: 2.598468e-05)
Solution Distance:   1.225595e+02 ± 6.565811e-01
Merit:             -8.195804e-01 ± 4.166319e-03
Avg Inference Time:  0.0633s
==================================================
Epoch 132/300, Loss: -0.3661, Obj: -0.6833, Eq Viol (l1): 0.000085, Ineq Viol (l1): 0.000001, Epoch time: 2.40s
Epoch 133/300, Loss: -0.4162, Obj: -0.7082, Eq Viol (l1): 0.000087, Ineq Viol (l1): 0.000001, Epoch time: 2.38s
Epoch 134/300, Loss: -0.4507, Obj: -0.7259, Eq Viol (l1): 0.000084, Ineq Viol (l1): 0.000001, Epoch time: 2.41s
Epoch 135/300, Loss: -0.3964, Obj: -0.6686, Eq Viol (l1): 0.000082, Ineq Viol (l1): 0.000000, Epoch time: 2.37s
Epoch 136/300, Loss: -0.3501, Obj: -0.6769, Eq Viol (l1): 0.000083, Ineq Viol (l1): 0.000001, Epoch time: 2.41s
Epoch 137/300, Loss: -0.3355, Obj: -0.6871, Eq Viol (l1): 0.000087, Ineq Viol (l1): 0.000001, Epoch time: 2.42s
Epoch 138/300, Loss: -0.3898, Obj: -0.6936, Eq Viol (l1): 0.000083, Ineq Viol (l1): 0.000001, Epoch time: 2.39s
Epoch 139/300, Loss: -0.4252, Obj: -0.7213, Eq Viol (l1): 0.000081, Ineq Viol (l1): 0.000001, Epoch time: 2.41s
Epoch 140/300, Loss: -0.4022, Obj: -0.7143, Eq Viol (l1): 0.000076, Ineq Viol (l1): 0.000001, Epoch time: 2.43s
Epoch 141/300, Loss: -0.4021, Obj: -0.7036, Eq Viol (l1): 0.000080, Ineq Viol (l1): 0.000001, Epoch time: 2.39s

Running validation at epoch 140...

VALIDATION_EPOCH_140 EVALUATION RESULTS:
==================================================
Objective Value:     -8.185854e-01
True Objective:      -2.413704e+00
Optimality Gap:      -5.460729e-01 ± 3.025212e-01
Eq Violation l1:   7.546008e-05 (max: 1.304621e-03)
Ineq Violation l1: 5.940601e-07 (max: 7.862579e-05)
Solution Distance:   1.231513e+02 ± 6.397269e-01
Merit:             -8.178248e-01 ± 3.673213e-03
Avg Inference Time:  0.0660s
==================================================
Epoch 142/300, Loss: -0.4336, Obj: -0.7216, Eq Viol (l1): 0.000082, Ineq Viol (l1): 0.000000, Epoch time: 2.39s
Epoch 143/300, Loss: -0.3122, Obj: -0.7174, Eq Viol (l1): 0.000088, Ineq Viol (l1): 0.000001, Epoch time: 2.41s
Epoch 144/300, Loss: -0.2076, Obj: -0.5453, Eq Viol (l1): 0.000088, Ineq Viol (l1): 0.000001, Epoch time: 2.35s
Epoch 145/300, Loss: -0.3749, Obj: -0.6680, Eq Viol (l1): 0.000078, Ineq Viol (l1): 0.000000, Epoch time: 2.40s
Epoch 146/300, Loss: -0.3967, Obj: -0.7260, Eq Viol (l1): 0.000083, Ineq Viol (l1): 0.000000, Epoch time: 2.42s
Epoch 147/300, Loss: -0.4349, Obj: -0.7199, Eq Viol (l1): 0.000086, Ineq Viol (l1): 0.000000, Epoch time: 2.38s
Epoch 148/300, Loss: -0.4409, Obj: -0.7068, Eq Viol (l1): 0.000085, Ineq Viol (l1): 0.000001, Epoch time: 2.37s
Epoch 149/300, Loss: -0.4183, Obj: -0.7156, Eq Viol (l1): 0.000080, Ineq Viol (l1): 0.000000, Epoch time: 2.40s
Epoch 150/300, Loss: -0.4563, Obj: -0.7165, Eq Viol (l1): 0.000082, Ineq Viol (l1): 0.000001, Epoch time: 2.37s
Epoch 151/300, Loss: -0.3288, Obj: -0.6643, Eq Viol (l1): 0.000091, Ineq Viol (l1): 0.000001, Epoch time: 2.37s

Running validation at epoch 150...

VALIDATION_EPOCH_150 EVALUATION RESULTS:
==================================================
Objective Value:     -8.312433e-01
True Objective:      -2.413704e+00
Optimality Gap:      -6.013475e-01 ± 3.314157e-01
Eq Violation l1:   9.973587e-05 (max: 8.899481e-04)
Ineq Violation l1: 9.313755e-07 (max: 2.449041e-05)
Solution Distance:   1.230303e+02 ± 6.423976e-01
Merit:             -8.302366e-01 ± 1.949120e-03
Avg Inference Time:  0.0656s
==================================================
Epoch 152/300, Loss: -0.3909, Obj: -0.6995, Eq Viol (l1): 0.000084, Ineq Viol (l1): 0.000001, Epoch time: 2.41s
Epoch 153/300, Loss: -0.4502, Obj: -0.7204, Eq Viol (l1): 0.000083, Ineq Viol (l1): 0.000001, Epoch time: 2.40s
Epoch 154/300, Loss: -0.4649, Obj: -0.7453, Eq Viol (l1): 0.000083, Ineq Viol (l1): 0.000001, Epoch time: 2.41s
Epoch 155/300, Loss: -0.3284, Obj: -0.6818, Eq Viol (l1): 0.000085, Ineq Viol (l1): 0.000001, Epoch time: 2.40s
Epoch 156/300, Loss: -0.3326, Obj: -0.6894, Eq Viol (l1): 0.000089, Ineq Viol (l1): 0.000001, Epoch time: 2.38s
Epoch 157/300, Loss: -0.4216, Obj: -0.7228, Eq Viol (l1): 0.000083, Ineq Viol (l1): 0.000000, Epoch time: 2.38s
Epoch 158/300, Loss: -0.4087, Obj: -0.7015, Eq Viol (l1): 0.000089, Ineq Viol (l1): 0.000001, Epoch time: 2.36s
Epoch 159/300, Loss: -0.3961, Obj: -0.6905, Eq Viol (l1): 0.000087, Ineq Viol (l1): 0.000001, Epoch time: 2.38s
Epoch 160/300, Loss: -0.4476, Obj: -0.7430, Eq Viol (l1): 0.000083, Ineq Viol (l1): 0.000001, Epoch time: 2.41s
Epoch 161/300, Loss: -0.4568, Obj: -0.7318, Eq Viol (l1): 0.000081, Ineq Viol (l1): 0.000001, Epoch time: 2.39s

Running validation at epoch 160...

VALIDATION_EPOCH_160 EVALUATION RESULTS:
==================================================
Objective Value:     -7.999492e-01
True Objective:      -2.413704e+00
Optimality Gap:      -5.478533e-01 ± 3.190256e-01
Eq Violation l1:   7.539633e-05 (max: 1.519675e-03)
Ineq Violation l1: 4.499169e-07 (max: 4.001128e-05)
Solution Distance:   1.233420e+02 ± 6.369386e-01
Merit:             -7.991907e-01 ± 4.768039e-03
Avg Inference Time:  0.0657s
==================================================
Epoch 162/300, Loss: -0.3851, Obj: -0.6912, Eq Viol (l1): 0.000078, Ineq Viol (l1): 0.000001, Epoch time: 2.41s
Epoch 163/300, Loss: -0.3929, Obj: -0.6926, Eq Viol (l1): 0.000082, Ineq Viol (l1): 0.000000, Epoch time: 2.49s
Epoch 164/300, Loss: -0.4198, Obj: -0.7213, Eq Viol (l1): 0.000079, Ineq Viol (l1): 0.000001, Epoch time: 2.42s
Epoch 165/300, Loss: -0.4076, Obj: -0.6920, Eq Viol (l1): 0.000085, Ineq Viol (l1): 0.000001, Epoch time: 2.39s
Epoch 166/300, Loss: -0.4190, Obj: -0.7119, Eq Viol (l1): 0.000087, Ineq Viol (l1): 0.000001, Epoch time: 2.38s
Epoch 167/300, Loss: -0.4125, Obj: -0.7107, Eq Viol (l1): 0.000083, Ineq Viol (l1): 0.000001, Epoch time: 2.38s
Epoch 168/300, Loss: -0.4097, Obj: -0.7108, Eq Viol (l1): 0.000084, Ineq Viol (l1): 0.000001, Epoch time: 2.39s
Epoch 169/300, Loss: -0.4054, Obj: -0.7013, Eq Viol (l1): 0.000082, Ineq Viol (l1): 0.000001, Epoch time: 2.41s
Epoch 170/300, Loss: -0.4183, Obj: -0.7108, Eq Viol (l1): 0.000085, Ineq Viol (l1): 0.000001, Epoch time: 2.38s
Epoch 171/300, Loss: -0.3948, Obj: -0.7170, Eq Viol (l1): 0.000085, Ineq Viol (l1): 0.000001, Epoch time: 2.41s

Running validation at epoch 170...

VALIDATION_EPOCH_170 EVALUATION RESULTS:
==================================================
Objective Value:     -8.232702e-01
True Objective:      -2.413704e+00
Optimality Gap:      -6.018017e-01 ± 3.408597e-01
Eq Violation l1:   1.041581e-04 (max: 1.017911e-03)
Ineq Violation l1: 6.594350e-07 (max: 4.878104e-05)
Solution Distance:   1.230597e+02 ± 6.668599e-01
Merit:             -8.222220e-01 ± 1.888929e-03
Avg Inference Time:  0.0639s
==================================================
Epoch 172/300, Loss: -0.4793, Obj: -0.7547, Eq Viol (l1): 0.000082, Ineq Viol (l1): 0.000001, Epoch time: 2.40s
Epoch 173/300, Loss: -0.4061, Obj: -0.7151, Eq Viol (l1): 0.000088, Ineq Viol (l1): 0.000001, Epoch time: 2.41s
Epoch 174/300, Loss: -0.4559, Obj: -0.7308, Eq Viol (l1): 0.000083, Ineq Viol (l1): 0.000001, Epoch time: 2.39s
Epoch 175/300, Loss: -0.4408, Obj: -0.7184, Eq Viol (l1): 0.000090, Ineq Viol (l1): 0.000001, Epoch time: 2.40s
Epoch 176/300, Loss: -0.3893, Obj: -0.6852, Eq Viol (l1): 0.000091, Ineq Viol (l1): 0.000001, Epoch time: 2.36s
Epoch 177/300, Loss: -0.4176, Obj: -0.7147, Eq Viol (l1): 0.000084, Ineq Viol (l1): 0.000001, Epoch time: 2.41s
Epoch 178/300, Loss: -0.4548, Obj: -0.7368, Eq Viol (l1): 0.000085, Ineq Viol (l1): 0.000001, Epoch time: 2.39s
Epoch 179/300, Loss: -0.4388, Obj: -0.7341, Eq Viol (l1): 0.000082, Ineq Viol (l1): 0.000001, Epoch time: 2.43s
Epoch 180/300, Loss: -0.3914, Obj: -0.6866, Eq Viol (l1): 0.000080, Ineq Viol (l1): 0.000001, Epoch time: 2.42s
Epoch 181/300, Loss: -0.2741, Obj: -0.6550, Eq Viol (l1): 0.000086, Ineq Viol (l1): 0.000001, Epoch time: 2.41s

Running validation at epoch 180...

VALIDATION_EPOCH_180 EVALUATION RESULTS:
==================================================
Objective Value:     -7.614706e-01
True Objective:      -2.413704e+00
Optimality Gap:      -4.836566e-01 ± 3.032364e-01
Eq Violation l1:   9.322002e-05 (max: 9.691098e-04)
Ineq Violation l1: 4.689436e-07 (max: 2.583329e-05)
Solution Distance:   1.230812e+02 ± 6.347828e-01
Merit:             -7.605337e-01 ± 1.519702e-03
Avg Inference Time:  0.0647s
==================================================
Epoch 182/300, Loss: -0.3939, Obj: -0.7006, Eq Viol (l1): 0.000077, Ineq Viol (l1): 0.000001, Epoch time: 2.41s
Epoch 183/300, Loss: -0.4150, Obj: -0.7212, Eq Viol (l1): 0.000086, Ineq Viol (l1): 0.000001, Epoch time: 2.40s
Epoch 184/300, Loss: -0.4170, Obj: -0.7034, Eq Viol (l1): 0.000086, Ineq Viol (l1): 0.000001, Epoch time: 2.39s
Epoch 185/300, Loss: -0.4089, Obj: -0.7115, Eq Viol (l1): 0.000081, Ineq Viol (l1): 0.000001, Epoch time: 2.41s
Epoch 186/300, Loss: -0.4378, Obj: -0.7321, Eq Viol (l1): 0.000090, Ineq Viol (l1): 0.000001, Epoch time: 2.39s
Epoch 187/300, Loss: -0.4193, Obj: -0.7116, Eq Viol (l1): 0.000093, Ineq Viol (l1): 0.000001, Epoch time: 2.36s
Epoch 188/300, Loss: -0.4443, Obj: -0.7410, Eq Viol (l1): 0.000077, Ineq Viol (l1): 0.000001, Epoch time: 2.45s
Epoch 189/300, Loss: -0.4246, Obj: -0.7166, Eq Viol (l1): 0.000081, Ineq Viol (l1): 0.000001, Epoch time: 2.40s
Epoch 190/300, Loss: -0.4705, Obj: -0.7358, Eq Viol (l1): 0.000083, Ineq Viol (l1): 0.000001, Epoch time: 2.40s
Epoch 191/300, Loss: -0.4842, Obj: -0.7450, Eq Viol (l1): 0.000084, Ineq Viol (l1): 0.000001, Epoch time: 2.40s

Running validation at epoch 190...

VALIDATION_EPOCH_190 EVALUATION RESULTS:
==================================================
Objective Value:     -8.613291e-01
True Objective:      -2.413704e+00
Optimality Gap:      -6.609726e-01 ± 3.629417e-01
Eq Violation l1:   8.175953e-05 (max: 1.061194e-03)
Ineq Violation l1: 5.909552e-07 (max: 3.456009e-05)
Solution Distance:   1.227414e+02 ± 6.686273e-01
Merit:             -8.605056e-01 ± 3.242150e-03
Avg Inference Time:  0.0688s
==================================================
Epoch 192/300, Loss: -0.4907, Obj: -0.7636, Eq Viol (l1): 0.000077, Ineq Viol (l1): 0.000001, Epoch time: 2.43s
Epoch 193/300, Loss: -0.4508, Obj: -0.7190, Eq Viol (l1): 0.000084, Ineq Viol (l1): 0.000001, Epoch time: 2.38s
Epoch 194/300, Loss: -0.3926, Obj: -0.6831, Eq Viol (l1): 0.000080, Ineq Viol (l1): 0.000000, Epoch time: 2.40s
Epoch 195/300, Loss: -0.4801, Obj: -0.7494, Eq Viol (l1): 0.000080, Ineq Viol (l1): 0.000001, Epoch time: 2.41s
Epoch 196/300, Loss: -0.4884, Obj: -0.7478, Eq Viol (l1): 0.000085, Ineq Viol (l1): 0.000001, Epoch time: 2.49s
Epoch 197/300, Loss: -0.4922, Obj: -0.7448, Eq Viol (l1): 0.000079, Ineq Viol (l1): 0.000001, Epoch time: 2.40s
Epoch 198/300, Loss: -0.4682, Obj: -0.7636, Eq Viol (l1): 0.000075, Ineq Viol (l1): 0.000000, Epoch time: 2.44s
Epoch 199/300, Loss: -0.4417, Obj: -0.7194, Eq Viol (l1): 0.000089, Ineq Viol (l1): 0.000001, Epoch time: 2.37s
Epoch 200/300, Loss: -0.3637, Obj: -0.7232, Eq Viol (l1): 0.000083, Ineq Viol (l1): 0.000001, Epoch time: 2.44s
Epoch 201/300, Loss: -0.2928, Obj: -0.6685, Eq Viol (l1): 0.000080, Ineq Viol (l1): 0.000000, Epoch time: 2.41s

Running validation at epoch 200...

VALIDATION_EPOCH_200 EVALUATION RESULTS:
==================================================
Objective Value:     -7.459096e-01
True Objective:      -2.413704e+00
Optimality Gap:      -4.533250e-01 ± 3.066656e-01
Eq Violation l1:   1.096532e-04 (max: 9.350798e-04)
Ineq Violation l1: 7.526420e-07 (max: 3.619101e-05)
Solution Distance:   1.237057e+02 ± 6.718374e-01
Merit:             -7.448055e-01 ± 2.604957e-04
Avg Inference Time:  0.0632s
==================================================
Epoch 202/300, Loss: -0.4443, Obj: -0.7162, Eq Viol (l1): 0.000085, Ineq Viol (l1): 0.000001, Epoch time: 2.38s
Epoch 203/300, Loss: -0.4782, Obj: -0.7406, Eq Viol (l1): 0.000078, Ineq Viol (l1): 0.000001, Epoch time: 2.42s
Epoch 204/300, Loss: -0.4733, Obj: -0.7458, Eq Viol (l1): 0.000077, Ineq Viol (l1): 0.000001, Epoch time: 2.41s
Epoch 205/300, Loss: -0.4795, Obj: -0.7436, Eq Viol (l1): 0.000087, Ineq Viol (l1): 0.000001, Epoch time: 2.38s
Epoch 206/300, Loss: -0.4732, Obj: -0.7316, Eq Viol (l1): 0.000082, Ineq Viol (l1): 0.000001, Epoch time: 2.39s
Epoch 207/300, Loss: -0.4716, Obj: -0.7324, Eq Viol (l1): 0.000076, Ineq Viol (l1): 0.000001, Epoch time: 2.40s
Epoch 208/300, Loss: -0.4635, Obj: -0.7449, Eq Viol (l1): 0.000087, Ineq Viol (l1): 0.000001, Epoch time: 2.40s
Epoch 209/300, Loss: -0.4584, Obj: -0.7231, Eq Viol (l1): 0.000093, Ineq Viol (l1): 0.000001, Epoch time: 2.36s
Epoch 210/300, Loss: -0.4951, Obj: -0.7592, Eq Viol (l1): 0.000084, Ineq Viol (l1): 0.000001, Epoch time: 2.39s
Epoch 211/300, Loss: -0.4890, Obj: -0.7338, Eq Viol (l1): 0.000079, Ineq Viol (l1): 0.000001, Epoch time: 2.39s

Running validation at epoch 210...

VALIDATION_EPOCH_210 EVALUATION RESULTS:
==================================================
Objective Value:     -8.013054e-01
True Objective:      -2.413704e+00
Optimality Gap:      -5.776726e-01 ± 3.461206e-01
Eq Violation l1:   8.570152e-05 (max: 1.577995e-03)
Ineq Violation l1: 6.066441e-07 (max: 7.798892e-05)
Solution Distance:   1.233517e+02 ± 6.504145e-01
Merit:             -8.004423e-01 ± 1.552290e-03
Avg Inference Time:  0.0632s
==================================================
Epoch 212/300, Loss: -0.4873, Obj: -0.7405, Eq Viol (l1): 0.000091, Ineq Viol (l1): 0.000001, Epoch time: 2.35s
Epoch 213/300, Loss: -0.4034, Obj: -0.7013, Eq Viol (l1): 0.000090, Ineq Viol (l1): 0.000001, Epoch time: 2.39s
Epoch 214/300, Loss: -0.4925, Obj: -0.7541, Eq Viol (l1): 0.000079, Ineq Viol (l1): 0.000001, Epoch time: 2.41s
Epoch 215/300, Loss: -0.5057, Obj: -0.7618, Eq Viol (l1): 0.000078, Ineq Viol (l1): 0.000001, Epoch time: 2.41s
Epoch 216/300, Loss: -0.4948, Obj: -0.7458, Eq Viol (l1): 0.000085, Ineq Viol (l1): 0.000001, Epoch time: 2.39s
Epoch 217/300, Loss: -0.4668, Obj: -0.7432, Eq Viol (l1): 0.000082, Ineq Viol (l1): 0.000001, Epoch time: 2.41s
Epoch 218/300, Loss: -0.3527, Obj: -0.7090, Eq Viol (l1): 0.000086, Ineq Viol (l1): 0.000001, Epoch time: 2.43s
Epoch 219/300, Loss: -0.4420, Obj: -0.7239, Eq Viol (l1): 0.000084, Ineq Viol (l1): 0.000001, Epoch time: 2.39s
Epoch 220/300, Loss: -0.4678, Obj: -0.7378, Eq Viol (l1): 0.000083, Ineq Viol (l1): 0.000001, Epoch time: 2.38s
Epoch 221/300, Loss: -0.4768, Obj: -0.7472, Eq Viol (l1): 0.000079, Ineq Viol (l1): 0.000001, Epoch time: 2.41s

Running validation at epoch 220...

VALIDATION_EPOCH_220 EVALUATION RESULTS:
==================================================
Objective Value:     -8.278044e-01
True Objective:      -2.413704e+00
Optimality Gap:      -6.051012e-01 ± 3.365022e-01
Eq Violation l1:   7.372181e-05 (max: 1.670378e-03)
Ineq Violation l1: 8.144246e-07 (max: 2.248858e-04)
Solution Distance:   1.232224e+02 ± 6.414242e-01
Merit:             -8.270591e-01 ± 9.282869e-04
Avg Inference Time:  0.0658s
==================================================
Epoch 222/300, Loss: -0.5126, Obj: -0.7598, Eq Viol (l1): 0.000083, Ineq Viol (l1): 0.000001, Epoch time: 2.38s
Epoch 223/300, Loss: -0.4913, Obj: -0.7561, Eq Viol (l1): 0.000085, Ineq Viol (l1): 0.000001, Epoch time: 2.40s
Epoch 224/300, Loss: -0.4689, Obj: -0.7454, Eq Viol (l1): 0.000085, Ineq Viol (l1): 0.000001, Epoch time: 2.39s
Epoch 225/300, Loss: -0.4818, Obj: -0.7515, Eq Viol (l1): 0.000082, Ineq Viol (l1): 0.000001, Epoch time: 2.41s
Epoch 226/300, Loss: -0.4756, Obj: -0.7431, Eq Viol (l1): 0.000085, Ineq Viol (l1): 0.000001, Epoch time: 2.37s
Epoch 227/300, Loss: -0.4838, Obj: -0.7505, Eq Viol (l1): 0.000083, Ineq Viol (l1): 0.000001, Epoch time: 2.40s
Epoch 228/300, Loss: -0.5072, Obj: -0.7630, Eq Viol (l1): 0.000075, Ineq Viol (l1): 0.000001, Epoch time: 2.42s
Epoch 229/300, Loss: -0.4929, Obj: -0.7528, Eq Viol (l1): 0.000081, Ineq Viol (l1): 0.000001, Epoch time: 2.51s
Epoch 230/300, Loss: -0.4878, Obj: -0.7512, Eq Viol (l1): 0.000086, Ineq Viol (l1): 0.000001, Epoch time: 2.38s
Epoch 231/300, Loss: -0.4924, Obj: -0.7505, Eq Viol (l1): 0.000080, Ineq Viol (l1): 0.000001, Epoch time: 2.41s

Running validation at epoch 230...

VALIDATION_EPOCH_230 EVALUATION RESULTS:
==================================================
Objective Value:     -7.672967e-01
True Objective:      -2.413704e+00
Optimality Gap:      -4.923980e-01 ± 3.061108e-01
Eq Violation l1:   7.946515e-05 (max: 1.193283e-03)
Ineq Violation l1: 4.829411e-07 (max: 2.573287e-05)
Solution Distance:   1.236049e+02 ± 6.270738e-01
Merit:             -7.664973e-01 ± 2.583631e-03
Avg Inference Time:  0.0641s
==================================================
Epoch 232/300, Loss: -0.4892, Obj: -0.7483, Eq Viol (l1): 0.000090, Ineq Viol (l1): 0.000001, Epoch time: 2.37s
Epoch 233/300, Loss: -0.4722, Obj: -0.7328, Eq Viol (l1): 0.000082, Ineq Viol (l1): 0.000001, Epoch time: 2.38s
Epoch 234/300, Loss: -0.4536, Obj: -0.7402, Eq Viol (l1): 0.000089, Ineq Viol (l1): 0.000001, Epoch time: 2.42s
Epoch 235/300, Loss: -0.4012, Obj: -0.7397, Eq Viol (l1): 0.000098, Ineq Viol (l1): 0.000001, Epoch time: 2.36s
Epoch 236/300, Loss: -0.4694, Obj: -0.7330, Eq Viol (l1): 0.000083, Ineq Viol (l1): 0.000001, Epoch time: 2.39s
Epoch 237/300, Loss: -0.4681, Obj: -0.7396, Eq Viol (l1): 0.000086, Ineq Viol (l1): 0.000001, Epoch time: 2.38s
Epoch 238/300, Loss: -0.4741, Obj: -0.7546, Eq Viol (l1): 0.000075, Ineq Viol (l1): 0.000001, Epoch time: 2.44s
Epoch 239/300, Loss: -0.5075, Obj: -0.7505, Eq Viol (l1): 0.000081, Ineq Viol (l1): 0.000001, Epoch time: 2.38s
Epoch 240/300, Loss: -0.5114, Obj: -0.7671, Eq Viol (l1): 0.000086, Ineq Viol (l1): 0.000001, Epoch time: 2.39s
Epoch 241/300, Loss: -0.4937, Obj: -0.7614, Eq Viol (l1): 0.000083, Ineq Viol (l1): 0.000001, Epoch time: 2.39s

Running validation at epoch 240...

VALIDATION_EPOCH_240 EVALUATION RESULTS:
==================================================
Objective Value:     -8.320314e-01
True Objective:      -2.413704e+00
Optimality Gap:      -6.066628e-01 ± 3.614725e-01
Eq Violation l1:   7.694034e-05 (max: 9.226151e-04)
Ineq Violation l1: 5.284838e-07 (max: 2.680920e-05)
Solution Distance:   1.232809e+02 ± 6.404327e-01
Merit:             -8.312567e-01 ± 5.571401e-04
Avg Inference Time:  0.0662s
==================================================
Epoch 242/300, Loss: -0.4573, Obj: -0.7397, Eq Viol (l1): 0.000090, Ineq Viol (l1): 0.000001, Epoch time: 2.37s
Epoch 243/300, Loss: -0.4521, Obj: -0.7319, Eq Viol (l1): 0.000088, Ineq Viol (l1): 0.000001, Epoch time: 2.37s
Epoch 244/300, Loss: -0.4493, Obj: -0.7284, Eq Viol (l1): 0.000081, Ineq Viol (l1): 0.000001, Epoch time: 2.40s
Epoch 245/300, Loss: -0.4543, Obj: -0.7379, Eq Viol (l1): 0.000085, Ineq Viol (l1): 0.000001, Epoch time: 2.39s
Epoch 246/300, Loss: -0.5011, Obj: -0.7577, Eq Viol (l1): 0.000083, Ineq Viol (l1): 0.000001, Epoch time: 2.40s
Epoch 247/300, Loss: -0.4698, Obj: -0.7513, Eq Viol (l1): 0.000088, Ineq Viol (l1): 0.000001, Epoch time: 2.39s
Epoch 248/300, Loss: -0.4877, Obj: -0.7554, Eq Viol (l1): 0.000090, Ineq Viol (l1): 0.000001, Epoch time: 2.37s
Epoch 249/300, Loss: -0.4958, Obj: -0.7624, Eq Viol (l1): 0.000085, Ineq Viol (l1): 0.000001, Epoch time: 2.39s
Epoch 250/300, Loss: -0.4810, Obj: -0.7480, Eq Viol (l1): 0.000082, Ineq Viol (l1): 0.000001, Epoch time: 2.40s
Epoch 251/300, Loss: -0.4814, Obj: -0.7559, Eq Viol (l1): 0.000083, Ineq Viol (l1): 0.000001, Epoch time: 2.42s

Running validation at epoch 250...

VALIDATION_EPOCH_250 EVALUATION RESULTS:
==================================================
Objective Value:     -7.546517e-01
True Objective:      -2.413704e+00
Optimality Gap:      -4.428781e-01 ± 2.755221e-01
Eq Violation l1:   7.724596e-05 (max: 1.432813e-03)
Ineq Violation l1: 3.869237e-07 (max: 4.937825e-05)
Solution Distance:   1.232111e+02 ± 6.560300e-01
Merit:             -7.538754e-01 ± 1.469172e-03
Avg Inference Time:  0.0644s
==================================================
Epoch 252/300, Loss: -0.4782, Obj: -0.7466, Eq Viol (l1): 0.000077, Ineq Viol (l1): 0.000001, Epoch time: 2.39s
Epoch 253/300, Loss: -0.4907, Obj: -0.7490, Eq Viol (l1): 0.000080, Ineq Viol (l1): 0.000001, Epoch time: 2.40s
Epoch 254/300, Loss: -0.4595, Obj: -0.7182, Eq Viol (l1): 0.000073, Ineq Viol (l1): 0.000001, Epoch time: 2.40s
Epoch 255/300, Loss: -0.4696, Obj: -0.7429, Eq Viol (l1): 0.000087, Ineq Viol (l1): 0.000001, Epoch time: 2.38s
Epoch 256/300, Loss: -0.4283, Obj: -0.7475, Eq Viol (l1): 0.000089, Ineq Viol (l1): 0.000001, Epoch time: 2.40s
Epoch 257/300, Loss: -0.5124, Obj: -0.7640, Eq Viol (l1): 0.000086, Ineq Viol (l1): 0.000001, Epoch time: 2.36s
Epoch 258/300, Loss: -0.4463, Obj: -0.7347, Eq Viol (l1): 0.000079, Ineq Viol (l1): 0.000001, Epoch time: 2.42s
Epoch 259/300, Loss: -0.4960, Obj: -0.7663, Eq Viol (l1): 0.000085, Ineq Viol (l1): 0.000001, Epoch time: 2.39s
Epoch 260/300, Loss: -0.4665, Obj: -0.7569, Eq Viol (l1): 0.000087, Ineq Viol (l1): 0.000001, Epoch time: 2.40s
Epoch 261/300, Loss: -0.4476, Obj: -0.7274, Eq Viol (l1): 0.000079, Ineq Viol (l1): 0.000001, Epoch time: 2.39s

Running validation at epoch 260...

VALIDATION_EPOCH_260 EVALUATION RESULTS:
==================================================
Objective Value:     -8.361294e-01
True Objective:      -2.413704e+00
Optimality Gap:      -6.200959e-01 ± 3.531265e-01
Eq Violation l1:   7.245363e-05 (max: 2.209675e-03)
Ineq Violation l1: 6.554570e-07 (max: 9.589542e-05)
Solution Distance:   1.230737e+02 ± 6.298598e-01
Merit:             -8.353983e-01 ± 2.659720e-03
Avg Inference Time:  0.0671s
==================================================
Epoch 262/300, Loss: -0.4633, Obj: -0.7589, Eq Viol (l1): 0.000086, Ineq Viol (l1): 0.000001, Epoch time: 2.47s
Epoch 263/300, Loss: -0.4432, Obj: -0.7305, Eq Viol (l1): 0.000080, Ineq Viol (l1): 0.000001, Epoch time: 2.42s
Epoch 264/300, Loss: -0.4619, Obj: -0.7444, Eq Viol (l1): 0.000084, Ineq Viol (l1): 0.000001, Epoch time: 2.41s
Epoch 265/300, Loss: -0.4646, Obj: -0.7345, Eq Viol (l1): 0.000083, Ineq Viol (l1): 0.000001, Epoch time: 2.38s
Epoch 266/300, Loss: -0.4630, Obj: -0.7387, Eq Viol (l1): 0.000080, Ineq Viol (l1): 0.000001, Epoch time: 2.41s
Epoch 267/300, Loss: -0.4148, Obj: -0.7350, Eq Viol (l1): 0.000080, Ineq Viol (l1): 0.000001, Epoch time: 2.40s
Epoch 268/300, Loss: -0.4368, Obj: -0.7292, Eq Viol (l1): 0.000086, Ineq Viol (l1): 0.000001, Epoch time: 2.38s
Epoch 269/300, Loss: -0.5129, Obj: -0.7738, Eq Viol (l1): 0.000081, Ineq Viol (l1): 0.000001, Epoch time: 2.40s
Epoch 270/300, Loss: -0.5387, Obj: -0.7726, Eq Viol (l1): 0.000085, Ineq Viol (l1): 0.000001, Epoch time: 2.39s
Epoch 271/300, Loss: -0.5106, Obj: -0.7628, Eq Viol (l1): 0.000089, Ineq Viol (l1): 0.000001, Epoch time: 2.38s

Running validation at epoch 270...

VALIDATION_EPOCH_270 EVALUATION RESULTS:
==================================================
Objective Value:     -8.191578e-01
True Objective:      -2.413704e+00
Optimality Gap:      -5.845498e-01 ± 3.340366e-01
Eq Violation l1:   9.669980e-05 (max: 6.599958e-04)
Ineq Violation l1: 4.430356e-07 (max: 2.823634e-05)
Solution Distance:   1.232078e+02 ± 6.361156e-01
Merit:             -8.181863e-01 ± 2.593246e-03
Avg Inference Time:  0.0633s
==================================================
Epoch 272/300, Loss: -0.5021, Obj: -0.7610, Eq Viol (l1): 0.000082, Ineq Viol (l1): 0.000001, Epoch time: 2.39s
Epoch 273/300, Loss: -0.5298, Obj: -0.7701, Eq Viol (l1): 0.000089, Ineq Viol (l1): 0.000001, Epoch time: 2.38s
Epoch 274/300, Loss: -0.3685, Obj: -0.6904, Eq Viol (l1): 0.000091, Ineq Viol (l1): 0.000001, Epoch time: 2.36s
Epoch 275/300, Loss: -0.5002, Obj: -0.7604, Eq Viol (l1): 0.000079, Ineq Viol (l1): 0.000001, Epoch time: 2.41s
Epoch 276/300, Loss: -0.4935, Obj: -0.7652, Eq Viol (l1): 0.000083, Ineq Viol (l1): 0.000001, Epoch time: 2.41s
Epoch 277/300, Loss: -0.4884, Obj: -0.7550, Eq Viol (l1): 0.000081, Ineq Viol (l1): 0.000001, Epoch time: 2.39s
Epoch 278/300, Loss: -0.4626, Obj: -0.7372, Eq Viol (l1): 0.000085, Ineq Viol (l1): 0.000001, Epoch time: 2.40s
Epoch 279/300, Loss: -0.4457, Obj: -0.7406, Eq Viol (l1): 0.000080, Ineq Viol (l1): 0.000001, Epoch time: 2.41s
Epoch 280/300, Loss: -0.4604, Obj: -0.7494, Eq Viol (l1): 0.000082, Ineq Viol (l1): 0.000001, Epoch time: 2.41s
Epoch 281/300, Loss: -0.4854, Obj: -0.7401, Eq Viol (l1): 0.000090, Ineq Viol (l1): 0.000001, Epoch time: 2.36s

Running validation at epoch 280...

VALIDATION_EPOCH_280 EVALUATION RESULTS:
==================================================
Objective Value:     -8.184381e-01
True Objective:      -2.413704e+00
Optimality Gap:      -5.934972e-01 ± 3.424374e-01
Eq Violation l1:   5.119323e-05 (max: 1.445745e-03)
Ineq Violation l1: 3.584574e-07 (max: 5.748488e-05)
Solution Distance:   1.232224e+02 ± 6.363980e-01
Merit:             -8.179225e-01 ± 5.745998e-03
Avg Inference Time:  0.0672s
==================================================
Epoch 282/300, Loss: -0.4574, Obj: -0.7455, Eq Viol (l1): 0.000091, Ineq Viol (l1): 0.000001, Epoch time: 2.38s
Epoch 283/300, Loss: -0.4350, Obj: -0.7441, Eq Viol (l1): 0.000082, Ineq Viol (l1): 0.000001, Epoch time: 2.43s
Epoch 284/300, Loss: -0.4815, Obj: -0.7534, Eq Viol (l1): 0.000083, Ineq Viol (l1): 0.000001, Epoch time: 2.40s
Epoch 285/300, Loss: -0.4912, Obj: -0.7686, Eq Viol (l1): 0.000081, Ineq Viol (l1): 0.000001, Epoch time: 2.41s
Epoch 286/300, Loss: -0.4998, Obj: -0.7645, Eq Viol (l1): 0.000077, Ineq Viol (l1): 0.000001, Epoch time: 2.42s
Epoch 287/300, Loss: -0.4394, Obj: -0.7492, Eq Viol (l1): 0.000084, Ineq Viol (l1): 0.000001, Epoch time: 2.41s
Epoch 288/300, Loss: -0.4785, Obj: -0.7417, Eq Viol (l1): 0.000084, Ineq Viol (l1): 0.000001, Epoch time: 2.38s
Epoch 289/300, Loss: -0.4811, Obj: -0.7619, Eq Viol (l1): 0.000089, Ineq Viol (l1): 0.000001, Epoch time: 2.37s
Epoch 290/300, Loss: -0.4829, Obj: -0.7411, Eq Viol (l1): 0.000086, Ineq Viol (l1): 0.000001, Epoch time: 2.38s
Epoch 291/300, Loss: -0.4865, Obj: -0.7580, Eq Viol (l1): 0.000087, Ineq Viol (l1): 0.000001, Epoch time: 2.37s

Running validation at epoch 290...

VALIDATION_EPOCH_290 EVALUATION RESULTS:
==================================================
Objective Value:     -8.503306e-01
True Objective:      -2.413704e+00
Optimality Gap:      -6.138639e-01 ± 3.264962e-01
Eq Violation l1:   8.814819e-05 (max: 8.143076e-04)
Ineq Violation l1: 8.224933e-07 (max: 6.573469e-05)
Solution Distance:   1.228810e+02 ± 6.373864e-01
Merit:             -8.494409e-01 ± 1.097025e-02
Avg Inference Time:  0.0659s
==================================================
Epoch 292/300, Loss: -0.4038, Obj: -0.7236, Eq Viol (l1): 0.000092, Ineq Viol (l1): 0.000001, Epoch time: 2.36s
Epoch 293/300, Loss: -0.4165, Obj: -0.7463, Eq Viol (l1): 0.000078, Ineq Viol (l1): 0.000001, Epoch time: 2.44s
Epoch 294/300, Loss: -0.3433, Obj: -0.6604, Eq Viol (l1): 0.000077, Ineq Viol (l1): 0.000000, Epoch time: 2.42s
Epoch 295/300, Loss: -0.4467, Obj: -0.7466, Eq Viol (l1): 0.000091, Ineq Viol (l1): 0.000001, Epoch time: 2.46s
Epoch 296/300, Loss: -0.4894, Obj: -0.7615, Eq Viol (l1): 0.000081, Ineq Viol (l1): 0.000001, Epoch time: 2.42s
Epoch 297/300, Loss: -0.4737, Obj: -0.7326, Eq Viol (l1): 0.000084, Ineq Viol (l1): 0.000001, Epoch time: 2.36s
Epoch 298/300, Loss: -0.4857, Obj: -0.7620, Eq Viol (l1): 0.000085, Ineq Viol (l1): 0.000001, Epoch time: 2.40s
Epoch 299/300, Loss: -0.5084, Obj: -0.7618, Eq Viol (l1): 0.000079, Ineq Viol (l1): 0.000001, Epoch time: 2.41s
Epoch 300/300, Loss: -0.4852, Obj: -0.7558, Eq Viol (l1): 0.000086, Ineq Viol (l1): 0.000001, Epoch time: 2.38s

Training completed in 732.38 seconds.

============================================================
COMPREHENSIVE TEST EVALUATION WITH DETAILED RESULTS
============================================================
Testing with batch sizes: [256, 512]

Evaluating with batch size: 256 (with detailed results)

TEST_BS256 EVALUATION RESULTS:
==================================================
Objective Value:     -7.704246e-01
True Objective:      -2.409220e+00
Optimality Gap:      -3.117416e-01 ± 1.555125e+00
Eq Violation l1:   7.814798e-05 (max: 1.007045e-03)
Ineq Violation l1: 5.395943e-07 (max: 2.626722e-05)
Solution Distance:   1.243470e+02 ± 1.961167e+00
Merit:             -7.696377e-01 ± 5.744457e-02
Avg Inference Time:  0.0549s
==================================================

Evaluating with batch size: 512 (with detailed results)

TEST_BS512 EVALUATION RESULTS:
==================================================
Objective Value:     -7.668786e-01
True Objective:      -2.408634e+00
Optimality Gap:      -3.159202e-01 ± 1.125519e+00
Eq Violation l1:   8.254157e-05 (max: 1.361979e-03)
Ineq Violation l1: 6.265915e-07 (max: 5.580314e-05)
Solution Distance:   1.243105e+02 ± 1.249030e+00
Merit:             -7.660470e-01 ± 4.960029e-02
Avg Inference Time:  0.0618s
==================================================

TEST BATCH SIZE COMPARISON:
================================================================================
Batch Size   Objective    Opt Gap      Eq Viol      Ineq Viol    Time (s)  
--------------------------------------------------------------------------------
256          -7.7042e-01  -3.1174e-01  7.8148e-05   5.3959e-07   0.44      
512          -7.6688e-01  -3.1592e-01  8.2542e-05   6.2659e-07   0.25      
================================================================================

Saving model and results to: results/nonsmooth_nonconvex/socp/SOCPProblem-100-50-50-10000/20260108-035928_MLP_FSNet_seed3_nepochs300_lr0.0002_trainsize7000_finetune_20260108-031455_model_470
✓ Model saved: results/nonsmooth_nonconvex/socp/SOCPProblem-100-50-50-10000/20260108-035928_MLP_FSNet_seed3_nepochs300_lr0.0002_trainsize7000_finetune_20260108-031455_model_470/model.pt
✓ Detailed results saved: results/nonsmooth_nonconvex/socp/SOCPProblem-100-50-50-10000/20260108-035928_MLP_FSNet_seed3_nepochs300_lr0.0002_trainsize7000_finetune_20260108-031455_model_470/results.pkl

Files saved (or attempted):
  - model.pt (model weights and architecture)
  - results.pkl (training history, metrics, detailed test results)
Training and testing completed in 734.68 seconds
Done!!!
============================================================
==========         =====================         ===========
==========   3      =====================         ===========
==========         =====================         ===========
============================================================

======= Running for problem: nonsmooth_nonconvex/socp =======

Loading problem instance: nonsmooth_nonconvex/socp with size [100, 50, 50, 10000]
Loading  dataset from: datasets/nonsmooth_nonconvex/socp/random2025_socp_dataset_var100_ineq50_eq50_ex10000 

Running on:  cuda
Training model using FSNet method with seed 0 for 300 epochs
Using batch size: 512
Loading model from checkpoint: results/nonsmooth_nonconvex/socp/SOCPProblem-100-50-50-10000/20260108-031328_MLP_sup_seed1_nepochs500_lr0.0005_trainsize1000_subopt_2_1.0/model_280.pt

lr: 0.0002, weight_decay: 0.001, num_epochs: 300

Epoch 1/300, Loss: 38.0975, Obj: 25.4562, Eq Viol (l1): 0.000039, Ineq Viol (l1): 0.000000, Epoch time: 6.81s

Running validation at epoch 0...

VALIDATION_EPOCH_0 EVALUATION RESULTS:
==================================================
Objective Value:     2.554900e+01
True Objective:      -2.413704e+00
Optimality Gap:      4.276421e+01 ± 1.273450e+01
Eq Violation l1:   3.832016e-05 (max: 1.733443e-03)
Ineq Violation l1: 3.815434e-07 (max: 8.131411e-05)
Solution Distance:   1.792816e+02 ± 4.347710e-02
Merit:             2.554939e+01 ± 4.658722e-02
Avg Inference Time:  0.6198s
==================================================
Epoch 2/300, Loss: 35.7925, Obj: 25.4530, Eq Viol (l1): 0.000042, Ineq Viol (l1): 0.000000, Epoch time: 2.86s
Epoch 3/300, Loss: 32.1339, Obj: 25.4597, Eq Viol (l1): 0.000040, Ineq Viol (l1): 0.000000, Epoch time: 2.83s
Epoch 4/300, Loss: 28.7243, Obj: 24.3860, Eq Viol (l1): 0.000036, Ineq Viol (l1): 0.000000, Epoch time: 2.78s
Epoch 5/300, Loss: 25.5290, Obj: 22.0964, Eq Viol (l1): 0.000040, Ineq Viol (l1): 0.000000, Epoch time: 2.72s
Epoch 6/300, Loss: 22.6664, Obj: 19.8905, Eq Viol (l1): 0.000048, Ineq Viol (l1): 0.000000, Epoch time: 2.69s
Epoch 7/300, Loss: 19.7002, Obj: 17.2792, Eq Viol (l1): 0.000065, Ineq Viol (l1): 0.000000, Epoch time: 2.65s
Epoch 8/300, Loss: 17.2546, Obj: 15.1345, Eq Viol (l1): 0.000063, Ineq Viol (l1): 0.000000, Epoch time: 2.70s
Epoch 9/300, Loss: 14.9014, Obj: 13.0030, Eq Viol (l1): 0.000055, Ineq Viol (l1): 0.000000, Epoch time: 2.67s
Epoch 10/300, Loss: 9.6553, Obj: 7.9341, Eq Viol (l1): 0.000054, Ineq Viol (l1): 0.000000, Epoch time: 2.65s
Epoch 11/300, Loss: 5.4039, Obj: 3.7673, Eq Viol (l1): 0.000046, Ineq Viol (l1): 0.000000, Epoch time: 2.63s

Running validation at epoch 10...

VALIDATION_EPOCH_10 EVALUATION RESULTS:
==================================================
Objective Value:     2.392123e+00
True Objective:      -2.413704e+00
Optimality Gap:      5.143730e+00 ± 1.324412e+00
Eq Violation l1:   8.239212e-05 (max: 1.121617e-03)
Ineq Violation l1: 2.289850e-07 (max: 4.908274e-05)
Solution Distance:   9.450530e+01 ± 1.135603e+00
Merit:             2.392949e+00 ± 1.515701e-02
Avg Inference Time:  0.0698s
==================================================
Epoch 12/300, Loss: 3.5416, Obj: 2.0329, Eq Viol (l1): 0.000057, Ineq Viol (l1): 0.000000, Epoch time: 2.66s
Epoch 13/300, Loss: 2.4386, Obj: 1.1421, Eq Viol (l1): 0.000066, Ineq Viol (l1): 0.000000, Epoch time: 2.62s
Epoch 14/300, Loss: 1.8032, Obj: 0.6641, Eq Viol (l1): 0.000075, Ineq Viol (l1): 0.000000, Epoch time: 2.57s
Epoch 15/300, Loss: 1.3938, Obj: 0.3623, Eq Viol (l1): 0.000095, Ineq Viol (l1): 0.000000, Epoch time: 2.53s
Epoch 16/300, Loss: 1.1225, Obj: 0.2109, Eq Viol (l1): 0.000088, Ineq Viol (l1): 0.000000, Epoch time: 2.54s
Epoch 17/300, Loss: 1.0354, Obj: 0.0938, Eq Viol (l1): 0.000095, Ineq Viol (l1): 0.000001, Epoch time: 2.54s
Epoch 18/300, Loss: 0.9315, Obj: 0.0077, Eq Viol (l1): 0.000091, Ineq Viol (l1): 0.000001, Epoch time: 2.56s
Epoch 19/300, Loss: 0.8184, Obj: -0.0297, Eq Viol (l1): 0.000093, Ineq Viol (l1): 0.000000, Epoch time: 2.55s
Epoch 20/300, Loss: 0.6184, Obj: -0.1557, Eq Viol (l1): 0.000093, Ineq Viol (l1): 0.000001, Epoch time: 2.56s
Epoch 21/300, Loss: 0.5772, Obj: -0.2105, Eq Viol (l1): 0.000089, Ineq Viol (l1): 0.000001, Epoch time: 2.56s

Running validation at epoch 20...

VALIDATION_EPOCH_20 EVALUATION RESULTS:
==================================================
Objective Value:     -3.967681e-01
True Objective:      -2.413704e+00
Optimality Gap:      3.485762e-01 ± 1.707592e-01
Eq Violation l1:   1.045885e-04 (max: 8.466828e-04)
Ineq Violation l1: 5.972893e-07 (max: 4.227969e-05)
Solution Distance:   8.333631e+01 ± 2.048805e-01
Merit:             -3.957162e-01 ± 2.879226e-03
Avg Inference Time:  0.0686s
==================================================
Epoch 22/300, Loss: 0.5073, Obj: -0.2642, Eq Viol (l1): 0.000088, Ineq Viol (l1): 0.000001, Epoch time: 2.57s
Epoch 23/300, Loss: 0.5725, Obj: -0.2299, Eq Viol (l1): 0.000087, Ineq Viol (l1): 0.000001, Epoch time: 2.58s
Epoch 24/300, Loss: 0.5153, Obj: -0.3045, Eq Viol (l1): 0.000092, Ineq Viol (l1): 0.000001, Epoch time: 2.57s
Epoch 25/300, Loss: 0.6056, Obj: -0.2923, Eq Viol (l1): 0.000086, Ineq Viol (l1): 0.000001, Epoch time: 2.59s
Epoch 26/300, Loss: 0.5298, Obj: -0.3546, Eq Viol (l1): 0.000083, Ineq Viol (l1): 0.000001, Epoch time: 2.59s
Epoch 27/300, Loss: 0.3213, Obj: -0.4364, Eq Viol (l1): 0.000083, Ineq Viol (l1): 0.000001, Epoch time: 2.59s
Epoch 28/300, Loss: 0.3727, Obj: -0.4515, Eq Viol (l1): 0.000088, Ineq Viol (l1): 0.000001, Epoch time: 2.60s
Epoch 29/300, Loss: 0.2822, Obj: -0.5512, Eq Viol (l1): 0.000086, Ineq Viol (l1): 0.000001, Epoch time: 2.61s
Epoch 30/300, Loss: 0.2585, Obj: -0.5854, Eq Viol (l1): 0.000077, Ineq Viol (l1): 0.000001, Epoch time: 2.62s
Epoch 31/300, Loss: 0.2919, Obj: -0.6718, Eq Viol (l1): 0.000079, Ineq Viol (l1): 0.000001, Epoch time: 2.63s

Running validation at epoch 30...

VALIDATION_EPOCH_30 EVALUATION RESULTS:
==================================================
Objective Value:     -5.130523e-01
True Objective:      -2.413704e+00
Optimality Gap:      4.471126e-02 ± 3.613318e-01
Eq Violation l1:   8.674823e-05 (max: 1.692199e-03)
Ineq Violation l1: 6.248004e-07 (max: 9.795103e-05)
Solution Distance:   7.818154e+01 ± 4.485245e-01
Merit:             -5.121786e-01 ± 8.285137e-04
Avg Inference Time:  0.0688s
==================================================
Epoch 32/300, Loss: 0.3741, Obj: -0.6143, Eq Viol (l1): 0.000073, Ineq Viol (l1): 0.000001, Epoch time: 2.65s
Epoch 33/300, Loss: 0.1810, Obj: -0.6895, Eq Viol (l1): 0.000084, Ineq Viol (l1): 0.000001, Epoch time: 2.62s
Epoch 34/300, Loss: 0.1018, Obj: -0.7575, Eq Viol (l1): 0.000080, Ineq Viol (l1): 0.000001, Epoch time: 2.73s
Epoch 35/300, Loss: 0.0019, Obj: -0.7989, Eq Viol (l1): 0.000076, Ineq Viol (l1): 0.000001, Epoch time: 2.63s
Epoch 36/300, Loss: 0.0147, Obj: -0.8754, Eq Viol (l1): 0.000077, Ineq Viol (l1): 0.000001, Epoch time: 2.65s
Epoch 37/300, Loss: 0.0540, Obj: -0.8732, Eq Viol (l1): 0.000078, Ineq Viol (l1): 0.000001, Epoch time: 2.65s
Epoch 38/300, Loss: -0.0174, Obj: -0.8870, Eq Viol (l1): 0.000074, Ineq Viol (l1): 0.000001, Epoch time: 2.62s
Epoch 39/300, Loss: -0.0431, Obj: -0.9395, Eq Viol (l1): 0.000078, Ineq Viol (l1): 0.000001, Epoch time: 2.64s
Epoch 40/300, Loss: 0.0377, Obj: -1.0580, Eq Viol (l1): 0.000078, Ineq Viol (l1): 0.000001, Epoch time: 2.66s
Epoch 41/300, Loss: 0.0269, Obj: -0.9739, Eq Viol (l1): 0.000072, Ineq Viol (l1): 0.000001, Epoch time: 2.66s

Running validation at epoch 40...

VALIDATION_EPOCH_40 EVALUATION RESULTS:
==================================================
Objective Value:     -1.260466e+00
True Objective:      -2.413704e+00
Optimality Gap:      -1.148242e+00 ± 7.351803e-01
Eq Violation l1:   6.922954e-05 (max: 9.244547e-04)
Ineq Violation l1: 6.391967e-07 (max: 3.489874e-05)
Solution Distance:   7.360044e+01 ± 1.003062e+00
Merit:             -1.259768e+00 ± 2.872264e-02
Avg Inference Time:  0.0793s
==================================================
Epoch 42/300, Loss: -0.2014, Obj: -1.1466, Eq Viol (l1): 0.000068, Ineq Viol (l1): 0.000001, Epoch time: 2.68s
Epoch 43/300, Loss: -0.0946, Obj: -1.1672, Eq Viol (l1): 0.000063, Ineq Viol (l1): 0.000001, Epoch time: 2.67s
Epoch 44/300, Loss: -0.3554, Obj: -1.3978, Eq Viol (l1): 0.000067, Ineq Viol (l1): 0.000001, Epoch time: 2.66s
Epoch 45/300, Loss: -0.4146, Obj: -1.6132, Eq Viol (l1): 0.000055, Ineq Viol (l1): 0.000000, Epoch time: 2.69s
Epoch 46/300, Loss: -0.8014, Obj: -1.7654, Eq Viol (l1): 0.000055, Ineq Viol (l1): 0.000000, Epoch time: 2.67s
Epoch 47/300, Loss: -1.0186, Obj: -1.9481, Eq Viol (l1): 0.000055, Ineq Viol (l1): 0.000001, Epoch time: 2.66s
Epoch 48/300, Loss: -1.0601, Obj: -2.1368, Eq Viol (l1): 0.000065, Ineq Viol (l1): 0.000000, Epoch time: 2.67s
Epoch 49/300, Loss: -1.0921, Obj: -2.1234, Eq Viol (l1): 0.000055, Ineq Viol (l1): 0.000000, Epoch time: 2.69s
Epoch 50/300, Loss: -0.7382, Obj: -1.9795, Eq Viol (l1): 0.000059, Ineq Viol (l1): 0.000000, Epoch time: 2.68s
Epoch 51/300, Loss: -1.0206, Obj: -2.0298, Eq Viol (l1): 0.000058, Ineq Viol (l1): 0.000000, Epoch time: 2.67s

Running validation at epoch 50...

VALIDATION_EPOCH_50 EVALUATION RESULTS:
==================================================
Objective Value:     -2.289418e+00
True Objective:      -2.413704e+00
Optimality Gap:      -3.226008e+00 ± 1.520792e+00
Eq Violation l1:   4.550562e-05 (max: 2.261776e-03)
Ineq Violation l1: 5.472916e-07 (max: 1.744053e-04)
Solution Distance:   7.389680e+01 ± 1.679885e+00
Merit:             -2.288958e+00 ± 5.240696e-02
Avg Inference Time:  0.0762s
==================================================
Epoch 52/300, Loss: -1.2825, Obj: -2.1801, Eq Viol (l1): 0.000054, Ineq Viol (l1): 0.000000, Epoch time: 2.69s
Epoch 53/300, Loss: -1.1557, Obj: -2.1386, Eq Viol (l1): 0.000049, Ineq Viol (l1): 0.000000, Epoch time: 2.73s
Epoch 54/300, Loss: -1.2299, Obj: -2.2417, Eq Viol (l1): 0.000045, Ineq Viol (l1): 0.000000, Epoch time: 2.73s
Epoch 55/300, Loss: -0.9982, Obj: -2.2653, Eq Viol (l1): 0.000055, Ineq Viol (l1): 0.000000, Epoch time: 2.68s
Epoch 56/300, Loss: -1.2996, Obj: -2.2756, Eq Viol (l1): 0.000050, Ineq Viol (l1): 0.000000, Epoch time: 2.73s
Epoch 57/300, Loss: -1.3830, Obj: -2.3153, Eq Viol (l1): 0.000060, Ineq Viol (l1): 0.000000, Epoch time: 2.69s
Epoch 58/300, Loss: -1.4076, Obj: -2.3294, Eq Viol (l1): 0.000058, Ineq Viol (l1): 0.000000, Epoch time: 2.68s
Epoch 59/300, Loss: -1.5495, Obj: -2.4413, Eq Viol (l1): 0.000050, Ineq Viol (l1): 0.000000, Epoch time: 2.71s
Epoch 60/300, Loss: -1.1158, Obj: -2.2411, Eq Viol (l1): 0.000058, Ineq Viol (l1): 0.000000, Epoch time: 2.73s
Epoch 61/300, Loss: -1.2374, Obj: -2.2984, Eq Viol (l1): 0.000055, Ineq Viol (l1): 0.000000, Epoch time: 2.69s

Running validation at epoch 60...

VALIDATION_EPOCH_60 EVALUATION RESULTS:
==================================================
Objective Value:     -2.584106e+00
True Objective:      -2.413704e+00
Optimality Gap:      -3.796736e+00 ± 1.777400e+00
Eq Violation l1:   7.852563e-05 (max: 1.284945e-03)
Ineq Violation l1: 8.465577e-07 (max: 6.866440e-05)
Solution Distance:   7.430420e+01 ± 1.799882e+00
Merit:             -2.583312e+00 ± 5.446882e-02
Avg Inference Time:  0.0766s
==================================================
Epoch 62/300, Loss: -1.2776, Obj: -2.3548, Eq Viol (l1): 0.000051, Ineq Viol (l1): 0.000000, Epoch time: 2.71s
Epoch 63/300, Loss: -1.1926, Obj: -2.3105, Eq Viol (l1): 0.000048, Ineq Viol (l1): 0.000000, Epoch time: 2.73s
Epoch 64/300, Loss: -1.2907, Obj: -2.2599, Eq Viol (l1): 0.000041, Ineq Viol (l1): 0.000000, Epoch time: 2.73s
Epoch 65/300, Loss: -0.8607, Obj: -2.2723, Eq Viol (l1): 0.000042, Ineq Viol (l1): 0.000000, Epoch time: 2.80s
Epoch 66/300, Loss: -0.7025, Obj: -2.2075, Eq Viol (l1): 0.000040, Ineq Viol (l1): 0.000000, Epoch time: 2.82s
Epoch 67/300, Loss: -1.1316, Obj: -2.3343, Eq Viol (l1): 0.000045, Ineq Viol (l1): 0.000000, Epoch time: 2.88s
Epoch 68/300, Loss: -1.4252, Obj: -2.3621, Eq Viol (l1): 0.000043, Ineq Viol (l1): 0.000000, Epoch time: 2.73s
Epoch 69/300, Loss: -1.2667, Obj: -2.4144, Eq Viol (l1): 0.000037, Ineq Viol (l1): 0.000000, Epoch time: 2.77s
Epoch 70/300, Loss: -1.3132, Obj: -2.3592, Eq Viol (l1): 0.000033, Ineq Viol (l1): 0.000000, Epoch time: 2.82s
Epoch 71/300, Loss: -1.0833, Obj: -2.3470, Eq Viol (l1): 0.000037, Ineq Viol (l1): 0.000000, Epoch time: 2.78s

Running validation at epoch 70...

VALIDATION_EPOCH_70 EVALUATION RESULTS:
==================================================
Objective Value:     -2.623176e+00
True Objective:      -2.413704e+00
Optimality Gap:      -3.921771e+00 ± 1.679615e+00
Eq Violation l1:   5.555277e-05 (max: 1.393486e-03)
Ineq Violation l1: 4.919928e-07 (max: 3.867532e-05)
Solution Distance:   7.543112e+01 ± 1.686993e+00
Merit:             -2.622616e+00 ± 6.040147e-02
Avg Inference Time:  0.0818s
==================================================
Epoch 72/300, Loss: -1.1745, Obj: -2.3740, Eq Viol (l1): 0.000035, Ineq Viol (l1): 0.000000, Epoch time: 2.80s
Epoch 73/300, Loss: -0.6714, Obj: -2.3320, Eq Viol (l1): 0.000034, Ineq Viol (l1): 0.000000, Epoch time: 2.90s
Epoch 74/300, Loss: -0.5910, Obj: -2.0551, Eq Viol (l1): 0.000036, Ineq Viol (l1): 0.000000, Epoch time: 2.81s
Epoch 75/300, Loss: -1.0204, Obj: -2.2827, Eq Viol (l1): 0.000043, Ineq Viol (l1): 0.000000, Epoch time: 2.77s
Epoch 76/300, Loss: -0.8628, Obj: -2.1058, Eq Viol (l1): 0.000035, Ineq Viol (l1): 0.000000, Epoch time: 2.80s
Epoch 77/300, Loss: 0.2356, Obj: -2.1670, Eq Viol (l1): 0.000029, Ineq Viol (l1): 0.000000, Epoch time: 2.87s
Epoch 78/300, Loss: -0.5894, Obj: -2.0518, Eq Viol (l1): 0.000036, Ineq Viol (l1): 0.000000, Epoch time: 2.81s
Epoch 79/300, Loss: -0.5102, Obj: -2.1591, Eq Viol (l1): 0.000030, Ineq Viol (l1): 0.000000, Epoch time: 2.85s
Epoch 80/300, Loss: -0.3228, Obj: -2.0396, Eq Viol (l1): 0.000034, Ineq Viol (l1): 0.000000, Epoch time: 2.86s
Epoch 81/300, Loss: 0.6350, Obj: -1.9298, Eq Viol (l1): 0.000044, Ineq Viol (l1): 0.000000, Epoch time: 2.82s

Running validation at epoch 80...

VALIDATION_EPOCH_80 EVALUATION RESULTS:
==================================================
Objective Value:     -1.331545e+00
True Objective:      -2.413704e+00
Optimality Gap:      -1.641631e+00 ± 9.204598e-01
Eq Violation l1:   2.580968e-05 (max: 1.833340e-03)
Ineq Violation l1: 3.210224e-07 (max: 9.071041e-05)
Solution Distance:   7.869817e+01 ± 1.759273e+00
Merit:             -1.331284e+00 ± 6.224507e-02
Avg Inference Time:  0.0824s
==================================================
Epoch 82/300, Loss: -0.4312, Obj: -2.1009, Eq Viol (l1): 0.000044, Ineq Viol (l1): 0.000000, Epoch time: 2.79s
Epoch 83/300, Loss: -0.9601, Obj: -2.2123, Eq Viol (l1): 0.000038, Ineq Viol (l1): 0.000000, Epoch time: 2.79s
Epoch 84/300, Loss: -0.8847, Obj: -2.2874, Eq Viol (l1): 0.000038, Ineq Viol (l1): 0.000000, Epoch time: 2.81s
Epoch 85/300, Loss: -0.9287, Obj: -2.1927, Eq Viol (l1): 0.000031, Ineq Viol (l1): 0.000000, Epoch time: 2.83s
Epoch 86/300, Loss: -0.6099, Obj: -2.1791, Eq Viol (l1): 0.000035, Ineq Viol (l1): 0.000000, Epoch time: 2.79s
Epoch 87/300, Loss: -0.8372, Obj: -2.3426, Eq Viol (l1): 0.000032, Ineq Viol (l1): 0.000000, Epoch time: 2.84s
Epoch 88/300, Loss: -0.3174, Obj: -2.1821, Eq Viol (l1): 0.000114, Ineq Viol (l1): 0.000032, Epoch time: 2.89s
Epoch 89/300, Loss: 0.1684, Obj: -2.1825, Eq Viol (l1): 0.000025, Ineq Viol (l1): 0.000000, Epoch time: 2.90s
Epoch 90/300, Loss: 0.0499, Obj: -1.9712, Eq Viol (l1): 0.000020, Ineq Viol (l1): 0.000000, Epoch time: 2.97s
Epoch 91/300, Loss: 0.2405, Obj: -1.9129, Eq Viol (l1): 0.000030, Ineq Viol (l1): 0.000000, Epoch time: 2.88s

Running validation at epoch 90...

VALIDATION_EPOCH_90 EVALUATION RESULTS:
==================================================
Objective Value:     -1.608070e+00
True Objective:      -2.413704e+00
Optimality Gap:      -2.316159e+00 ± 1.357923e+00
Eq Violation l1:   2.195993e-05 (max: 2.798201e-03)
Ineq Violation l1: 5.148711e-07 (max: 2.102798e-04)
Solution Distance:   8.024438e+01 ± 1.761107e+00
Merit:             -1.607845e+00 ± 8.480411e-02
Avg Inference Time:  0.0911s
==================================================
Epoch 92/300, Loss: 0.5994, Obj: -1.8678, Eq Viol (l1): 0.000027, Ineq Viol (l1): 0.000000, Epoch time: 2.96s
Epoch 93/300, Loss: 1.0227, Obj: -1.8417, Eq Viol (l1): 0.000024, Ineq Viol (l1): 0.000001, Epoch time: 3.05s
Epoch 94/300, Loss: 0.3535, Obj: -1.6129, Eq Viol (l1): 0.000048, Ineq Viol (l1): 0.000003, Epoch time: 3.04s
Epoch 95/300, Loss: 0.7709, Obj: -1.6821, Eq Viol (l1): 0.000064, Ineq Viol (l1): 0.000009, Epoch time: 3.16s
Epoch 96/300, Loss: 2.8251, Obj: -0.7156, Eq Viol (l1): 0.000109, Ineq Viol (l1): 0.000015, Epoch time: 3.14s
Epoch 97/300, Loss: 1.1289, Obj: -1.5231, Eq Viol (l1): 0.000021, Ineq Viol (l1): 0.000000, Epoch time: 3.00s
Epoch 98/300, Loss: 0.3670, Obj: -1.7629, Eq Viol (l1): 0.000015, Ineq Viol (l1): 0.000000, Epoch time: 3.09s
Epoch 99/300, Loss: 1.1032, Obj: -1.7484, Eq Viol (l1): 0.000038, Ineq Viol (l1): 0.000006, Epoch time: 3.08s
Epoch 100/300, Loss: 1.8136, Obj: -1.3138, Eq Viol (l1): 0.000057, Ineq Viol (l1): 0.000008, Epoch time: 3.11s
Epoch 101/300, Loss: 0.2947, Obj: -1.6996, Eq Viol (l1): 0.000025, Ineq Viol (l1): 0.000001, Epoch time: 3.13s

Running validation at epoch 100...

VALIDATION_EPOCH_100 EVALUATION RESULTS:
==================================================
Objective Value:     -2.116095e+00
True Objective:      -2.413704e+00
Optimality Gap:      -3.045845e+00 ± 1.432864e+00
Eq Violation l1:   2.143331e-05 (max: 1.971687e-03)
Ineq Violation l1: 1.658795e-07 (max: 2.871812e-05)
Solution Distance:   7.794491e+01 ± 1.666393e+00
Merit:             -2.115879e+00 ± 6.085709e-02
Avg Inference Time:  0.0903s
==================================================
Epoch 102/300, Loss: 0.5328, Obj: -1.5086, Eq Viol (l1): 0.000015, Ineq Viol (l1): 0.000000, Epoch time: 3.10s
Epoch 103/300, Loss: 0.7545, Obj: -1.9573, Eq Viol (l1): 0.000023, Ineq Viol (l1): 0.000000, Epoch time: 3.10s
Epoch 104/300, Loss: 2.7062, Obj: -1.8249, Eq Viol (l1): 0.000028, Ineq Viol (l1): 0.000004, Epoch time: 3.12s
Epoch 105/300, Loss: 1.8390, Obj: -1.3642, Eq Viol (l1): 0.000016, Ineq Viol (l1): 0.000000, Epoch time: 3.11s
Epoch 106/300, Loss: 2.2493, Obj: -0.9726, Eq Viol (l1): 0.000022, Ineq Viol (l1): 0.000001, Epoch time: 3.12s
Epoch 107/300, Loss: 1.5169, Obj: -1.5819, Eq Viol (l1): 0.000024, Ineq Viol (l1): 0.000000, Epoch time: 3.00s
Epoch 108/300, Loss: 1.1119, Obj: -1.3441, Eq Viol (l1): 0.000014, Ineq Viol (l1): 0.000000, Epoch time: 3.08s
Epoch 109/300, Loss: 0.8079, Obj: -1.9056, Eq Viol (l1): 0.000019, Ineq Viol (l1): 0.000000, Epoch time: 3.03s
Epoch 110/300, Loss: 1.2393, Obj: -1.6114, Eq Viol (l1): 0.000024, Ineq Viol (l1): 0.000000, Epoch time: 2.98s
Epoch 111/300, Loss: 0.7442, Obj: -1.8632, Eq Viol (l1): 0.000022, Ineq Viol (l1): 0.000000, Epoch time: 3.03s

Running validation at epoch 110...

VALIDATION_EPOCH_110 EVALUATION RESULTS:
==================================================
Objective Value:     -1.527323e+00
True Objective:      -2.413704e+00
Optimality Gap:      -2.117934e+00 ± 1.184965e+00
Eq Violation l1:   2.990836e-05 (max: 2.267819e-03)
Ineq Violation l1: 2.625289e-07 (max: 5.427176e-05)
Solution Distance:   8.269743e+01 ± 1.915815e+00
Merit:             -1.527022e+00 ± 5.092197e-02
Avg Inference Time:  0.0880s
==================================================
Epoch 112/300, Loss: 0.6346, Obj: -1.6997, Eq Viol (l1): 0.000020, Ineq Viol (l1): 0.000000, Epoch time: 3.01s
Epoch 113/300, Loss: 0.9449, Obj: -1.3758, Eq Viol (l1): 0.000023, Ineq Viol (l1): 0.000001, Epoch time: 3.08s
Epoch 114/300, Loss: 1.3392, Obj: -1.5638, Eq Viol (l1): 0.000023, Ineq Viol (l1): 0.000001, Epoch time: 3.15s
Epoch 115/300, Loss: 1.1923, Obj: -1.4055, Eq Viol (l1): 0.000020, Ineq Viol (l1): 0.000001, Epoch time: 3.10s
Epoch 116/300, Loss: 1.8216, Obj: -1.6616, Eq Viol (l1): 0.000019, Ineq Viol (l1): 0.000000, Epoch time: 3.10s
Epoch 117/300, Loss: 2.0576, Obj: -1.2515, Eq Viol (l1): 0.000023, Ineq Viol (l1): 0.000001, Epoch time: 3.10s
Epoch 118/300, Loss: 2.9665, Obj: -1.1433, Eq Viol (l1): 0.000024, Ineq Viol (l1): 0.000001, Epoch time: 3.08s
Epoch 119/300, Loss: 1.2558, Obj: -1.8327, Eq Viol (l1): 0.000020, Ineq Viol (l1): 0.000001, Epoch time: 3.05s
Epoch 120/300, Loss: 2.7826, Obj: -1.5577, Eq Viol (l1): 0.000026, Ineq Viol (l1): 0.000001, Epoch time: 3.20s
Epoch 121/300, Loss: 3.0877, Obj: -1.0582, Eq Viol (l1): 0.000028, Ineq Viol (l1): 0.000001, Epoch time: 3.11s

Running validation at epoch 120...

VALIDATION_EPOCH_120 EVALUATION RESULTS:
==================================================
Objective Value:     -1.057577e+00
True Objective:      -2.413704e+00
Optimality Gap:      -1.349881e+00 ± 1.010052e+00
Eq Violation l1:   2.287203e-05 (max: 2.689903e-03)
Ineq Violation l1: 6.156165e-07 (max: 2.251497e-04)
Solution Distance:   8.349919e+01 ± 1.724681e+00
Merit:             -1.057342e+00 ± 6.468226e-02
Avg Inference Time:  0.0974s
==================================================
Epoch 122/300, Loss: 3.2135, Obj: -0.9363, Eq Viol (l1): 0.000018, Ineq Viol (l1): 0.000000, Epoch time: 3.00s
Epoch 123/300, Loss: 2.2540, Obj: -1.6039, Eq Viol (l1): 0.000031, Ineq Viol (l1): 0.000000, Epoch time: 2.93s
Epoch 124/300, Loss: 0.7278, Obj: -1.6047, Eq Viol (l1): 0.000032, Ineq Viol (l1): 0.000001, Epoch time: 2.93s
Epoch 125/300, Loss: -0.0873, Obj: -1.9920, Eq Viol (l1): 0.000027, Ineq Viol (l1): 0.000001, Epoch time: 2.93s
Epoch 126/300, Loss: 0.6999, Obj: -2.1344, Eq Viol (l1): 0.000022, Ineq Viol (l1): 0.000000, Epoch time: 3.01s
Epoch 127/300, Loss: 0.9098, Obj: -1.5906, Eq Viol (l1): 0.000020, Ineq Viol (l1): 0.000000, Epoch time: 3.02s
Epoch 128/300, Loss: 0.2636, Obj: -1.7544, Eq Viol (l1): 0.000017, Ineq Viol (l1): 0.000000, Epoch time: 3.02s
Epoch 129/300, Loss: -0.0427, Obj: -1.8002, Eq Viol (l1): 0.000026, Ineq Viol (l1): 0.000000, Epoch time: 2.85s
Epoch 130/300, Loss: -0.0733, Obj: -1.9857, Eq Viol (l1): 0.000026, Ineq Viol (l1): 0.000000, Epoch time: 2.88s
Epoch 131/300, Loss: 0.2930, Obj: -1.7099, Eq Viol (l1): 0.000024, Ineq Viol (l1): 0.000000, Epoch time: 2.95s

Running validation at epoch 130...

VALIDATION_EPOCH_130 EVALUATION RESULTS:
==================================================
Objective Value:     -2.354750e+00
True Objective:      -2.413704e+00
Optimality Gap:      -3.443754e+00 ± 1.522429e+00
Eq Violation l1:   3.901673e-05 (max: 2.097639e-03)
Ineq Violation l1: 4.557204e-07 (max: 6.412601e-05)
Solution Distance:   7.963829e+01 ± 1.707649e+00
Merit:             -2.354355e+00 ± 6.033226e-02
Avg Inference Time:  0.0878s
==================================================
Epoch 132/300, Loss: 0.0845, Obj: -1.8761, Eq Viol (l1): 0.000025, Ineq Viol (l1): 0.000000, Epoch time: 2.93s
Epoch 133/300, Loss: 0.6385, Obj: -1.8108, Eq Viol (l1): 0.000029, Ineq Viol (l1): 0.000000, Epoch time: 2.94s
Epoch 134/300, Loss: 0.6042, Obj: -1.4409, Eq Viol (l1): 0.000017, Ineq Viol (l1): 0.000000, Epoch time: 3.03s
Epoch 135/300, Loss: -0.2789, Obj: -1.9497, Eq Viol (l1): 0.000020, Ineq Viol (l1): 0.000000, Epoch time: 3.02s
Epoch 136/300, Loss: 1.5452, Obj: -1.8319, Eq Viol (l1): 0.000021, Ineq Viol (l1): 0.000000, Epoch time: 3.06s
Epoch 137/300, Loss: 0.2571, Obj: -1.8235, Eq Viol (l1): 0.000022, Ineq Viol (l1): 0.000000, Epoch time: 2.91s
Epoch 138/300, Loss: -0.0303, Obj: -2.0476, Eq Viol (l1): 0.000019, Ineq Viol (l1): 0.000000, Epoch time: 2.96s
Epoch 139/300, Loss: 0.8623, Obj: -1.5130, Eq Viol (l1): 0.000025, Ineq Viol (l1): 0.000000, Epoch time: 2.89s
Epoch 140/300, Loss: -0.0440, Obj: -1.9598, Eq Viol (l1): 0.000022, Ineq Viol (l1): 0.000000, Epoch time: 2.95s
Epoch 141/300, Loss: -0.4672, Obj: -2.0634, Eq Viol (l1): 0.000023, Ineq Viol (l1): 0.000000, Epoch time: 2.90s

Running validation at epoch 140...

VALIDATION_EPOCH_140 EVALUATION RESULTS:
==================================================
Objective Value:     -2.344853e+00
True Objective:      -2.413704e+00
Optimality Gap:      -3.521299e+00 ± 1.624875e+00
Eq Violation l1:   3.428216e-05 (max: 2.299564e-03)
Ineq Violation l1: 4.121546e-07 (max: 8.110730e-05)
Solution Distance:   8.041400e+01 ± 1.759555e+00
Merit:             -2.344506e+00 ± 5.358525e-02
Avg Inference Time:  0.0868s
==================================================
Epoch 142/300, Loss: -0.4439, Obj: -2.1892, Eq Viol (l1): 0.000029, Ineq Viol (l1): 0.000000, Epoch time: 2.92s
Epoch 143/300, Loss: -0.6787, Obj: -2.2010, Eq Viol (l1): 0.000021, Ineq Viol (l1): 0.000000, Epoch time: 2.92s
Epoch 144/300, Loss: -0.7830, Obj: -2.3665, Eq Viol (l1): 0.000027, Ineq Viol (l1): 0.000000, Epoch time: 2.92s
Epoch 145/300, Loss: -0.8487, Obj: -2.2720, Eq Viol (l1): 0.000026, Ineq Viol (l1): 0.000000, Epoch time: 2.90s
Epoch 146/300, Loss: -0.2140, Obj: -2.1716, Eq Viol (l1): 0.000020, Ineq Viol (l1): 0.000000, Epoch time: 2.95s
Epoch 147/300, Loss: 0.1813, Obj: -2.3244, Eq Viol (l1): 0.000020, Ineq Viol (l1): 0.000000, Epoch time: 3.00s
Epoch 148/300, Loss: 0.0702, Obj: -2.0948, Eq Viol (l1): 0.000026, Ineq Viol (l1): 0.000000, Epoch time: 2.93s
Epoch 149/300, Loss: 0.6613, Obj: -1.4274, Eq Viol (l1): 0.000016, Ineq Viol (l1): 0.000000, Epoch time: 3.01s
Epoch 150/300, Loss: 0.1192, Obj: -2.0406, Eq Viol (l1): 0.000021, Ineq Viol (l1): 0.000000, Epoch time: 3.00s
Epoch 151/300, Loss: -0.0520, Obj: -1.9444, Eq Viol (l1): 0.000020, Ineq Viol (l1): 0.000000, Epoch time: 3.01s

Running validation at epoch 150...

VALIDATION_EPOCH_150 EVALUATION RESULTS:
==================================================
Objective Value:     -2.291522e+00
True Objective:      -2.413704e+00
Optimality Gap:      -3.327376e+00 ± 1.424242e+00
Eq Violation l1:   2.346914e-05 (max: 2.186113e-03)
Ineq Violation l1: 2.664812e-07 (max: 7.842715e-05)
Solution Distance:   8.214909e+01 ± 1.779469e+00
Merit:             -2.291285e+00 ± 5.042130e-02
Avg Inference Time:  0.0891s
==================================================
Epoch 152/300, Loss: -0.3776, Obj: -2.2402, Eq Viol (l1): 0.000018, Ineq Viol (l1): 0.000000, Epoch time: 3.05s
Epoch 153/300, Loss: 1.5386, Obj: -1.8515, Eq Viol (l1): 0.000020, Ineq Viol (l1): 0.000000, Epoch time: 3.04s
Epoch 154/300, Loss: -0.1930, Obj: -2.0717, Eq Viol (l1): 0.000018, Ineq Viol (l1): 0.000000, Epoch time: 3.03s
Epoch 155/300, Loss: -0.2886, Obj: -2.3118, Eq Viol (l1): 0.000022, Ineq Viol (l1): 0.000000, Epoch time: 2.97s
Epoch 156/300, Loss: 0.6588, Obj: -1.8867, Eq Viol (l1): 0.000029, Ineq Viol (l1): 0.000000, Epoch time: 3.02s
Epoch 157/300, Loss: -0.2984, Obj: -2.0681, Eq Viol (l1): 0.000019, Ineq Viol (l1): 0.000000, Epoch time: 2.97s
Epoch 158/300, Loss: -0.5056, Obj: -2.0548, Eq Viol (l1): 0.000022, Ineq Viol (l1): 0.000000, Epoch time: 2.99s
Epoch 159/300, Loss: -0.4408, Obj: -2.2259, Eq Viol (l1): 0.000021, Ineq Viol (l1): 0.000000, Epoch time: 3.02s
Epoch 160/300, Loss: -0.3495, Obj: -2.0891, Eq Viol (l1): 0.000019, Ineq Viol (l1): 0.000000, Epoch time: 2.98s
Epoch 161/300, Loss: 1.0252, Obj: -1.3170, Eq Viol (l1): 0.000029, Ineq Viol (l1): 0.000002, Epoch time: 3.02s

Running validation at epoch 160...

VALIDATION_EPOCH_160 EVALUATION RESULTS:
==================================================
Objective Value:     -1.915518e+00
True Objective:      -2.413704e+00
Optimality Gap:      -2.807924e+00 ± 1.347804e+00
Eq Violation l1:   2.971518e-05 (max: 2.288358e-03)
Ineq Violation l1: 6.383321e-07 (max: 1.940773e-04)
Solution Distance:   8.348065e+01 ± 1.813458e+00
Merit:             -1.915215e+00 ± 5.393178e-02
Avg Inference Time:  0.0905s
==================================================
Epoch 162/300, Loss: 0.2600, Obj: -1.8833, Eq Viol (l1): 0.000025, Ineq Viol (l1): 0.000001, Epoch time: 3.06s
Epoch 163/300, Loss: -0.2865, Obj: -2.1995, Eq Viol (l1): 0.000047, Ineq Viol (l1): 0.000007, Epoch time: 3.00s
Epoch 164/300, Loss: -0.6917, Obj: -2.4587, Eq Viol (l1): 0.000029, Ineq Viol (l1): 0.000001, Epoch time: 2.95s
Epoch 165/300, Loss: 0.3836, Obj: -1.9113, Eq Viol (l1): 0.000018, Ineq Viol (l1): 0.000000, Epoch time: 3.07s
Epoch 166/300, Loss: 4.4417, Obj: -1.3928, Eq Viol (l1): 0.000025, Ineq Viol (l1): 0.000001, Epoch time: 3.15s
Epoch 167/300, Loss: 5.3220, Obj: 0.6328, Eq Viol (l1): 0.000065, Ineq Viol (l1): 0.000009, Epoch time: 3.21s
Epoch 168/300, Loss: 3.5543, Obj: -1.0804, Eq Viol (l1): 0.000032, Ineq Viol (l1): 0.000003, Epoch time: 3.21s
Epoch 169/300, Loss: 5.5288, Obj: -1.1323, Eq Viol (l1): 0.000093, Ineq Viol (l1): 0.000012, Epoch time: 3.32s
Epoch 170/300, Loss: 2.1028, Obj: -0.6856, Eq Viol (l1): 0.000041, Ineq Viol (l1): 0.000003, Epoch time: 3.19s
Epoch 171/300, Loss: 2.4059, Obj: -1.6419, Eq Viol (l1): 0.000078, Ineq Viol (l1): 0.000013, Epoch time: 3.13s

Running validation at epoch 170...

VALIDATION_EPOCH_170 EVALUATION RESULTS:
==================================================
Objective Value:     -1.279613e+00
True Objective:      -2.413704e+00
Optimality Gap:      -1.676231e+00 ± 1.080523e+00
Eq Violation l1:   2.129182e-05 (max: 2.038131e-03)
Ineq Violation l1: 3.374676e-07 (max: 5.954991e-05)
Solution Distance:   8.338851e+01 ± 1.904234e+00
Merit:             -1.279397e+00 ± 9.343617e-02
Avg Inference Time:  0.0961s
==================================================
Epoch 172/300, Loss: 1.8992, Obj: -1.4663, Eq Viol (l1): 0.000129, Ineq Viol (l1): 0.000019, Epoch time: 3.20s
Epoch 173/300, Loss: 2.2221, Obj: -1.4418, Eq Viol (l1): 0.000204, Ineq Viol (l1): 0.000035, Epoch time: 3.06s
Epoch 174/300, Loss: 1.2522, Obj: -1.5325, Eq Viol (l1): 0.000153, Ineq Viol (l1): 0.000025, Epoch time: 3.14s
Epoch 175/300, Loss: 1.6317, Obj: -1.7026, Eq Viol (l1): 0.000096, Ineq Viol (l1): 0.000011, Epoch time: 3.13s
Epoch 176/300, Loss: 2.0862, Obj: -1.1068, Eq Viol (l1): 0.000019, Ineq Viol (l1): 0.000000, Epoch time: 3.10s
Epoch 177/300, Loss: 2.0890, Obj: -1.2018, Eq Viol (l1): 0.000038, Ineq Viol (l1): 0.000003, Epoch time: 3.14s
Epoch 178/300, Loss: 1.6020, Obj: -1.0493, Eq Viol (l1): 0.000018, Ineq Viol (l1): 0.000001, Epoch time: 3.18s
Epoch 179/300, Loss: 0.3757, Obj: -1.8478, Eq Viol (l1): 0.000019, Ineq Viol (l1): 0.000000, Epoch time: 3.01s
Epoch 180/300, Loss: 0.3289, Obj: -2.0119, Eq Viol (l1): 0.000024, Ineq Viol (l1): 0.000000, Epoch time: 3.00s
Epoch 181/300, Loss: 0.9746, Obj: -1.6503, Eq Viol (l1): 0.000026, Ineq Viol (l1): 0.000000, Epoch time: 2.98s

Running validation at epoch 180...

VALIDATION_EPOCH_180 EVALUATION RESULTS:
==================================================
Objective Value:     -2.157171e+00
True Objective:      -2.413704e+00
Optimality Gap:      -3.286519e+00 ± 1.547405e+00
Eq Violation l1:   3.162207e-05 (max: 2.363663e-03)
Ineq Violation l1: 4.920911e-07 (max: 8.363040e-05)
Solution Distance:   8.356146e+01 ± 1.732284e+00
Merit:             -2.156850e+00 ± 5.585568e-02
Avg Inference Time:  0.0877s
==================================================
Epoch 182/300, Loss: 0.6161, Obj: -1.8666, Eq Viol (l1): 0.000020, Ineq Viol (l1): 0.000000, Epoch time: 3.03s
Epoch 183/300, Loss: 0.6140, Obj: -2.1147, Eq Viol (l1): 0.000020, Ineq Viol (l1): 0.000001, Epoch time: 3.09s
Epoch 184/300, Loss: 1.8566, Obj: -1.5639, Eq Viol (l1): 0.000023, Ineq Viol (l1): 0.000001, Epoch time: 3.11s
Epoch 185/300, Loss: 1.2389, Obj: -1.4168, Eq Viol (l1): 0.000021, Ineq Viol (l1): 0.000001, Epoch time: 3.02s
Epoch 186/300, Loss: 0.3169, Obj: -2.1222, Eq Viol (l1): 0.000021, Ineq Viol (l1): 0.000001, Epoch time: 3.08s
Epoch 187/300, Loss: -0.0354, Obj: -1.8915, Eq Viol (l1): 0.000024, Ineq Viol (l1): 0.000000, Epoch time: 2.96s
Epoch 188/300, Loss: -0.4467, Obj: -2.0650, Eq Viol (l1): 0.000021, Ineq Viol (l1): 0.000000, Epoch time: 2.94s
Epoch 189/300, Loss: -0.4365, Obj: -2.2128, Eq Viol (l1): 0.000027, Ineq Viol (l1): 0.000002, Epoch time: 3.01s
Epoch 190/300, Loss: -0.7993, Obj: -2.2871, Eq Viol (l1): 0.000021, Ineq Viol (l1): 0.000000, Epoch time: 2.96s
Epoch 191/300, Loss: -0.9968, Obj: -2.3369, Eq Viol (l1): 0.000019, Ineq Viol (l1): 0.000000, Epoch time: 3.01s

Running validation at epoch 190...

VALIDATION_EPOCH_190 EVALUATION RESULTS:
==================================================
Objective Value:     -2.159418e+00
True Objective:      -2.413704e+00
Optimality Gap:      -3.178289e+00 ± 1.520064e+00
Eq Violation l1:   2.568003e-05 (max: 2.050260e-03)
Ineq Violation l1: 2.515729e-07 (max: 3.826583e-05)
Solution Distance:   8.195743e+01 ± 1.789476e+00
Merit:             -2.159159e+00 ± 5.707461e-02
Avg Inference Time:  0.0844s
==================================================
Epoch 192/300, Loss: -0.7772, Obj: -2.2837, Eq Viol (l1): 0.000023, Ineq Viol (l1): 0.000001, Epoch time: 2.98s
Epoch 193/300, Loss: -1.1041, Obj: -2.4079, Eq Viol (l1): 0.000029, Ineq Viol (l1): 0.000000, Epoch time: 2.91s
Epoch 194/300, Loss: -0.1494, Obj: -2.3379, Eq Viol (l1): 0.000023, Ineq Viol (l1): 0.000000, Epoch time: 2.97s
Epoch 195/300, Loss: 0.3363, Obj: -2.0751, Eq Viol (l1): 0.000029, Ineq Viol (l1): 0.000000, Epoch time: 2.96s
Epoch 196/300, Loss: -0.4434, Obj: -2.2167, Eq Viol (l1): 0.000026, Ineq Viol (l1): 0.000000, Epoch time: 2.90s
Epoch 197/300, Loss: -0.6963, Obj: -2.2281, Eq Viol (l1): 0.000028, Ineq Viol (l1): 0.000000, Epoch time: 2.90s
Epoch 198/300, Loss: -0.3998, Obj: -1.8243, Eq Viol (l1): 0.000021, Ineq Viol (l1): 0.000000, Epoch time: 2.96s
Epoch 199/300, Loss: 0.9486, Obj: -2.1456, Eq Viol (l1): 0.000028, Ineq Viol (l1): 0.000002, Epoch time: 3.08s
Epoch 200/300, Loss: 0.2391, Obj: -1.6262, Eq Viol (l1): 0.000016, Ineq Viol (l1): 0.000001, Epoch time: 3.14s
Epoch 201/300, Loss: 1.3188, Obj: -2.1217, Eq Viol (l1): 0.000026, Ineq Viol (l1): 0.000000, Epoch time: 2.98s

Running validation at epoch 200...

VALIDATION_EPOCH_200 EVALUATION RESULTS:
==================================================
Objective Value:     -1.801173e+00
True Objective:      -2.413704e+00
Optimality Gap:      -2.553839e+00 ± 1.236133e+00
Eq Violation l1:   3.332844e-05 (max: 2.883679e-03)
Ineq Violation l1: 3.835836e-07 (max: 9.374042e-05)
Solution Distance:   8.242387e+01 ± 1.805608e+00
Merit:             -1.800835e+00 ± 5.750269e-02
Avg Inference Time:  0.0908s
==================================================
Epoch 202/300, Loss: 0.5039, Obj: -1.8496, Eq Viol (l1): 0.000023, Ineq Viol (l1): 0.000001, Epoch time: 3.17s
Epoch 203/300, Loss: -0.0303, Obj: -2.0002, Eq Viol (l1): 0.000018, Ineq Viol (l1): 0.000000, Epoch time: 3.03s
Epoch 204/300, Loss: -0.0572, Obj: -1.8584, Eq Viol (l1): 0.000041, Ineq Viol (l1): 0.000006, Epoch time: 3.08s
Epoch 205/300, Loss: 0.0490, Obj: -2.1869, Eq Viol (l1): 0.000045, Ineq Viol (l1): 0.000003, Epoch time: 3.04s
Epoch 206/300, Loss: 0.1851, Obj: -1.7745, Eq Viol (l1): 0.000029, Ineq Viol (l1): 0.000001, Epoch time: 2.97s
Epoch 207/300, Loss: -0.5504, Obj: -2.3157, Eq Viol (l1): 0.000030, Ineq Viol (l1): 0.000002, Epoch time: 3.03s
Epoch 208/300, Loss: -0.3523, Obj: -2.1958, Eq Viol (l1): 0.000024, Ineq Viol (l1): 0.000001, Epoch time: 3.00s
Epoch 209/300, Loss: -0.3909, Obj: -2.1671, Eq Viol (l1): 0.000029, Ineq Viol (l1): 0.000003, Epoch time: 3.02s
Epoch 210/300, Loss: -0.7290, Obj: -2.2092, Eq Viol (l1): 0.000022, Ineq Viol (l1): 0.000001, Epoch time: 3.02s
Epoch 211/300, Loss: -0.7577, Obj: -2.3648, Eq Viol (l1): 0.000023, Ineq Viol (l1): 0.000001, Epoch time: 3.00s

Running validation at epoch 210...

VALIDATION_EPOCH_210 EVALUATION RESULTS:
==================================================
Objective Value:     -2.478000e+00
True Objective:      -2.413704e+00
Optimality Gap:      -3.800463e+00 ± 1.675010e+00
Eq Violation l1:   2.340241e-05 (max: 2.264468e-03)
Ineq Violation l1: 2.949520e-07 (max: 1.022717e-04)
Solution Distance:   8.323259e+01 ± 1.829819e+00
Merit:             -2.477764e+00 ± 4.859881e-02
Avg Inference Time:  0.0920s
==================================================
Epoch 212/300, Loss: -0.8115, Obj: -2.2974, Eq Viol (l1): 0.000017, Ineq Viol (l1): 0.000000, Epoch time: 2.99s
Epoch 213/300, Loss: -0.6242, Obj: -2.5105, Eq Viol (l1): 0.000023, Ineq Viol (l1): 0.000000, Epoch time: 2.95s
Epoch 214/300, Loss: -0.2270, Obj: -2.1233, Eq Viol (l1): 0.000019, Ineq Viol (l1): 0.000000, Epoch time: 2.98s
Epoch 215/300, Loss: -0.7352, Obj: -2.1986, Eq Viol (l1): 0.000027, Ineq Viol (l1): 0.000000, Epoch time: 2.91s
Epoch 216/300, Loss: -0.9268, Obj: -2.4800, Eq Viol (l1): 0.000029, Ineq Viol (l1): 0.000000, Epoch time: 2.96s
Epoch 217/300, Loss: -0.8316, Obj: -2.4856, Eq Viol (l1): 0.000024, Ineq Viol (l1): 0.000000, Epoch time: 2.96s
Epoch 218/300, Loss: -0.8789, Obj: -2.4120, Eq Viol (l1): 0.000025, Ineq Viol (l1): 0.000000, Epoch time: 2.90s
Epoch 219/300, Loss: -0.9720, Obj: -2.5590, Eq Viol (l1): 0.000020, Ineq Viol (l1): 0.000000, Epoch time: 2.97s
Epoch 220/300, Loss: -0.8876, Obj: -2.3628, Eq Viol (l1): 0.000021, Ineq Viol (l1): 0.000000, Epoch time: 2.96s
Epoch 221/300, Loss: -1.0088, Obj: -2.4102, Eq Viol (l1): 0.000028, Ineq Viol (l1): 0.000000, Epoch time: 2.85s

Running validation at epoch 220...

VALIDATION_EPOCH_220 EVALUATION RESULTS:
==================================================
Objective Value:     -2.632589e+00
True Objective:      -2.413704e+00
Optimality Gap:      -4.029536e+00 ± 1.700234e+00
Eq Violation l1:   2.986319e-05 (max: 3.108052e-03)
Ineq Violation l1: 2.682676e-07 (max: 3.734110e-05)
Solution Distance:   8.049336e+01 ± 1.756705e+00
Merit:             -2.632288e+00 ± 4.612649e-02
Avg Inference Time:  0.0909s
==================================================
Epoch 222/300, Loss: -0.8120, Obj: -2.4403, Eq Viol (l1): 0.000021, Ineq Viol (l1): 0.000000, Epoch time: 2.96s
Epoch 223/300, Loss: 0.8879, Obj: -2.5740, Eq Viol (l1): 0.000023, Ineq Viol (l1): 0.000000, Epoch time: 3.04s
Epoch 224/300, Loss: 0.1109, Obj: -2.1659, Eq Viol (l1): 0.000021, Ineq Viol (l1): 0.000000, Epoch time: 2.96s
Epoch 225/300, Loss: -1.2285, Obj: -2.5783, Eq Viol (l1): 0.000022, Ineq Viol (l1): 0.000000, Epoch time: 2.93s
Epoch 226/300, Loss: -0.8542, Obj: -2.4553, Eq Viol (l1): 0.000028, Ineq Viol (l1): 0.000000, Epoch time: 2.87s
Epoch 227/300, Loss: -1.0712, Obj: -2.4047, Eq Viol (l1): 0.000028, Ineq Viol (l1): 0.000000, Epoch time: 2.87s
Epoch 228/300, Loss: -1.0519, Obj: -2.4962, Eq Viol (l1): 0.000023, Ineq Viol (l1): 0.000000, Epoch time: 2.91s
Epoch 229/300, Loss: -0.7467, Obj: -2.4765, Eq Viol (l1): 0.000027, Ineq Viol (l1): 0.000000, Epoch time: 2.93s
Epoch 230/300, Loss: -0.9528, Obj: -2.2556, Eq Viol (l1): 0.000025, Ineq Viol (l1): 0.000000, Epoch time: 2.92s
Epoch 231/300, Loss: -0.6095, Obj: -2.4494, Eq Viol (l1): 0.000020, Ineq Viol (l1): 0.000000, Epoch time: 2.96s

Running validation at epoch 230...

VALIDATION_EPOCH_230 EVALUATION RESULTS:
==================================================
Objective Value:     -2.530838e+00
True Objective:      -2.413704e+00
Optimality Gap:      -3.835335e+00 ± 1.666785e+00
Eq Violation l1:   3.144868e-05 (max: 2.095914e-03)
Ineq Violation l1: 3.249984e-07 (max: 4.977450e-05)
Solution Distance:   8.059179e+01 ± 1.807911e+00
Merit:             -2.530521e+00 ± 4.890019e-02
Avg Inference Time:  0.0839s
==================================================
Epoch 232/300, Loss: -0.6541, Obj: -2.4187, Eq Viol (l1): 0.000026, Ineq Viol (l1): 0.000000, Epoch time: 2.88s
Epoch 233/300, Loss: 0.0362, Obj: -2.4972, Eq Viol (l1): 0.000025, Ineq Viol (l1): 0.000000, Epoch time: 2.93s
Epoch 234/300, Loss: -0.2364, Obj: -2.0161, Eq Viol (l1): 0.000023, Ineq Viol (l1): 0.000000, Epoch time: 2.95s
Epoch 235/300, Loss: -0.9781, Obj: -2.4727, Eq Viol (l1): 0.000026, Ineq Viol (l1): 0.000000, Epoch time: 3.03s
Epoch 236/300, Loss: -0.7864, Obj: -2.3886, Eq Viol (l1): 0.000030, Ineq Viol (l1): 0.000000, Epoch time: 2.92s
Epoch 237/300, Loss: -0.6662, Obj: -2.3248, Eq Viol (l1): 0.000027, Ineq Viol (l1): 0.000000, Epoch time: 2.89s
Epoch 238/300, Loss: -0.6735, Obj: -2.4045, Eq Viol (l1): 0.000025, Ineq Viol (l1): 0.000000, Epoch time: 2.89s
Epoch 239/300, Loss: -1.1696, Obj: -2.5018, Eq Viol (l1): 0.000026, Ineq Viol (l1): 0.000000, Epoch time: 2.86s
Epoch 240/300, Loss: -1.5100, Obj: -2.6483, Eq Viol (l1): 0.000028, Ineq Viol (l1): 0.000000, Epoch time: 2.88s
Epoch 241/300, Loss: -1.2789, Obj: -2.4452, Eq Viol (l1): 0.000023, Ineq Viol (l1): 0.000000, Epoch time: 2.89s

Running validation at epoch 240...

VALIDATION_EPOCH_240 EVALUATION RESULTS:
==================================================
Objective Value:     -2.738102e+00
True Objective:      -2.413704e+00
Optimality Gap:      -4.252210e+00 ± 1.825697e+00
Eq Violation l1:   4.293208e-05 (max: 1.994074e-03)
Ineq Violation l1: 4.163109e-07 (max: 3.940601e-05)
Solution Distance:   8.164209e+01 ± 1.841002e+00
Merit:             -2.737668e+00 ± 5.158145e-02
Avg Inference Time:  0.0858s
==================================================
Epoch 242/300, Loss: -1.0272, Obj: -2.6277, Eq Viol (l1): 0.000025, Ineq Viol (l1): 0.000000, Epoch time: 2.99s
Epoch 243/300, Loss: -0.5256, Obj: -2.2826, Eq Viol (l1): 0.000021, Ineq Viol (l1): 0.000000, Epoch time: 2.96s
Epoch 244/300, Loss: -0.8719, Obj: -2.4184, Eq Viol (l1): 0.000025, Ineq Viol (l1): 0.000000, Epoch time: 2.92s
Epoch 245/300, Loss: -1.1375, Obj: -2.5161, Eq Viol (l1): 0.000025, Ineq Viol (l1): 0.000000, Epoch time: 2.91s
Epoch 246/300, Loss: -1.1398, Obj: -2.5707, Eq Viol (l1): 0.000024, Ineq Viol (l1): 0.000000, Epoch time: 2.99s
Epoch 247/300, Loss: 0.5948, Obj: -2.0221, Eq Viol (l1): 0.000020, Ineq Viol (l1): 0.000001, Epoch time: 3.02s
Epoch 248/300, Loss: -0.4363, Obj: -2.2032, Eq Viol (l1): 0.000017, Ineq Viol (l1): 0.000000, Epoch time: 3.04s
Epoch 249/300, Loss: 0.1738, Obj: -2.4367, Eq Viol (l1): 0.000017, Ineq Viol (l1): 0.000000, Epoch time: 3.12s
Epoch 250/300, Loss: 2.6134, Obj: -1.9341, Eq Viol (l1): 0.000018, Ineq Viol (l1): 0.000000, Epoch time: 3.08s
Epoch 251/300, Loss: -0.2411, Obj: -2.1598, Eq Viol (l1): 0.000019, Ineq Viol (l1): 0.000000, Epoch time: 2.98s

Running validation at epoch 250...

VALIDATION_EPOCH_250 EVALUATION RESULTS:
==================================================
Objective Value:     -2.290563e+00
True Objective:      -2.413704e+00
Optimality Gap:      -3.405680e+00 ± 1.448213e+00
Eq Violation l1:   1.621000e-05 (max: 2.539098e-03)
Ineq Violation l1: 8.292069e-08 (max: 1.950399e-05)
Solution Distance:   8.329632e+01 ± 1.870248e+00
Merit:             -2.290400e+00 ± 2.936620e-02
Avg Inference Time:  0.0934s
==================================================
Epoch 252/300, Loss: -0.3904, Obj: -2.1182, Eq Viol (l1): 0.000022, Ineq Viol (l1): 0.000000, Epoch time: 2.98s
Epoch 253/300, Loss: 0.6248, Obj: -2.0529, Eq Viol (l1): 0.000023, Ineq Viol (l1): 0.000000, Epoch time: 3.04s
Epoch 254/300, Loss: 1.4454, Obj: -1.3171, Eq Viol (l1): 0.000019, Ineq Viol (l1): 0.000000, Epoch time: 3.10s
Epoch 255/300, Loss: 1.1620, Obj: -1.7425, Eq Viol (l1): 0.000026, Ineq Viol (l1): 0.000001, Epoch time: 3.11s
Epoch 256/300, Loss: -0.2526, Obj: -2.1320, Eq Viol (l1): 0.000030, Ineq Viol (l1): 0.000000, Epoch time: 2.87s
Epoch 257/300, Loss: -0.2367, Obj: -2.2773, Eq Viol (l1): 0.000024, Ineq Viol (l1): 0.000000, Epoch time: 2.94s
Epoch 258/300, Loss: -0.2557, Obj: -2.2312, Eq Viol (l1): 0.000025, Ineq Viol (l1): 0.000000, Epoch time: 2.94s
Epoch 259/300, Loss: -0.8119, Obj: -2.3313, Eq Viol (l1): 0.000025, Ineq Viol (l1): 0.000000, Epoch time: 2.96s
Epoch 260/300, Loss: 0.1543, Obj: -2.2503, Eq Viol (l1): 0.000021, Ineq Viol (l1): 0.000000, Epoch time: 3.00s
Epoch 261/300, Loss: -0.5291, Obj: -2.1444, Eq Viol (l1): 0.000023, Ineq Viol (l1): 0.000000, Epoch time: 2.94s

Running validation at epoch 260...

VALIDATION_EPOCH_260 EVALUATION RESULTS:
==================================================
Objective Value:     -2.052104e+00
True Objective:      -2.413704e+00
Optimality Gap:      -2.970485e+00 ± 1.366451e+00
Eq Violation l1:   1.593876e-05 (max: 1.764741e-03)
Ineq Violation l1: 3.124968e-07 (max: 1.042452e-04)
Solution Distance:   8.302614e+01 ± 1.862041e+00
Merit:             -2.051942e+00 ± 5.053162e-02
Avg Inference Time:  0.0938s
==================================================
Epoch 262/300, Loss: -0.6793, Obj: -2.2857, Eq Viol (l1): 0.000027, Ineq Viol (l1): 0.000000, Epoch time: 2.93s
Epoch 263/300, Loss: -0.4036, Obj: -2.2216, Eq Viol (l1): 0.000029, Ineq Viol (l1): 0.000000, Epoch time: 2.93s
Epoch 264/300, Loss: -0.2178, Obj: -2.1675, Eq Viol (l1): 0.000021, Ineq Viol (l1): 0.000000, Epoch time: 2.98s
Epoch 265/300, Loss: -0.4483, Obj: -2.2690, Eq Viol (l1): 0.000021, Ineq Viol (l1): 0.000001, Epoch time: 3.01s
Epoch 266/300, Loss: -0.6564, Obj: -2.1351, Eq Viol (l1): 0.000023, Ineq Viol (l1): 0.000000, Epoch time: 2.99s
Epoch 267/300, Loss: -0.6324, Obj: -2.3539, Eq Viol (l1): 0.000018, Ineq Viol (l1): 0.000000, Epoch time: 3.05s
Epoch 268/300, Loss: -0.5203, Obj: -2.1056, Eq Viol (l1): 0.000021, Ineq Viol (l1): 0.000000, Epoch time: 3.01s
Epoch 269/300, Loss: -0.7259, Obj: -2.3365, Eq Viol (l1): 0.000019, Ineq Viol (l1): 0.000000, Epoch time: 3.11s
Epoch 270/300, Loss: -1.0958, Obj: -2.5015, Eq Viol (l1): 0.000023, Ineq Viol (l1): 0.000001, Epoch time: 3.02s
Epoch 271/300, Loss: -0.0437, Obj: -1.6654, Eq Viol (l1): 0.000023, Ineq Viol (l1): 0.000001, Epoch time: 3.10s

Running validation at epoch 270...

VALIDATION_EPOCH_270 EVALUATION RESULTS:
==================================================
Objective Value:     -2.279198e+00
True Objective:      -2.413704e+00
Optimality Gap:      -3.272439e+00 ± 1.455511e+00
Eq Violation l1:   2.390441e-05 (max: 2.012384e-03)
Ineq Violation l1: 3.898614e-07 (max: 1.074502e-04)
Solution Distance:   8.266926e+01 ± 1.952981e+00
Merit:             -2.278955e+00 ± 4.867409e-02
Avg Inference Time:  0.0958s
==================================================
Epoch 272/300, Loss: -0.0383, Obj: -2.1683, Eq Viol (l1): 0.000031, Ineq Viol (l1): 0.000000, Epoch time: 2.97s
Epoch 273/300, Loss: -1.0452, Obj: -2.3713, Eq Viol (l1): 0.000028, Ineq Viol (l1): 0.000000, Epoch time: 2.91s
Epoch 274/300, Loss: -1.3020, Obj: -2.3968, Eq Viol (l1): 0.000024, Ineq Viol (l1): 0.000000, Epoch time: 2.94s
Epoch 275/300, Loss: -1.3313, Obj: -2.4336, Eq Viol (l1): 0.000021, Ineq Viol (l1): 0.000000, Epoch time: 2.92s
Epoch 276/300, Loss: -1.1525, Obj: -2.5620, Eq Viol (l1): 0.000028, Ineq Viol (l1): 0.000000, Epoch time: 2.86s
Epoch 277/300, Loss: -1.0883, Obj: -2.4786, Eq Viol (l1): 0.000023, Ineq Viol (l1): 0.000000, Epoch time: 2.89s
Epoch 278/300, Loss: -1.2048, Obj: -2.5589, Eq Viol (l1): 0.000031, Ineq Viol (l1): 0.000001, Epoch time: 2.92s
Epoch 279/300, Loss: -0.3639, Obj: -2.0640, Eq Viol (l1): 0.000023, Ineq Viol (l1): 0.000000, Epoch time: 2.98s
Epoch 280/300, Loss: -0.3310, Obj: -2.1659, Eq Viol (l1): 0.000027, Ineq Viol (l1): 0.000001, Epoch time: 3.06s
Epoch 281/300, Loss: 0.0147, Obj: -2.4354, Eq Viol (l1): 0.000040, Ineq Viol (l1): 0.000002, Epoch time: 3.02s

Running validation at epoch 280...

VALIDATION_EPOCH_280 EVALUATION RESULTS:
==================================================
Objective Value:     -2.515620e+00
True Objective:      -2.413704e+00
Optimality Gap:      -3.744702e+00 ± 1.653414e+00
Eq Violation l1:   4.864385e-05 (max: 2.309176e-03)
Ineq Violation l1: 5.517148e-07 (max: 1.016563e-04)
Solution Distance:   8.113743e+01 ± 2.085175e+00
Merit:             -2.515128e+00 ± 5.087420e-02
Avg Inference Time:  0.0895s
==================================================
Epoch 282/300, Loss: 0.4905, Obj: -2.1546, Eq Viol (l1): 0.000020, Ineq Viol (l1): 0.000000, Epoch time: 3.04s
Epoch 283/300, Loss: -0.3856, Obj: -2.2280, Eq Viol (l1): 0.000018, Ineq Viol (l1): 0.000000, Epoch time: 3.03s
Epoch 284/300, Loss: -0.7648, Obj: -2.5641, Eq Viol (l1): 0.000024, Ineq Viol (l1): 0.000000, Epoch time: 3.02s
Epoch 285/300, Loss: -0.5604, Obj: -2.5058, Eq Viol (l1): 0.000024, Ineq Viol (l1): 0.000001, Epoch time: 3.05s
Epoch 286/300, Loss: 1.4695, Obj: -1.3519, Eq Viol (l1): 0.000018, Ineq Viol (l1): 0.000000, Epoch time: 3.10s
Epoch 287/300, Loss: 1.5596, Obj: -1.8261, Eq Viol (l1): 0.000020, Ineq Viol (l1): 0.000001, Epoch time: 3.12s
Epoch 288/300, Loss: 0.5778, Obj: -1.6355, Eq Viol (l1): 0.000022, Ineq Viol (l1): 0.000001, Epoch time: 3.14s
Epoch 289/300, Loss: -0.1579, Obj: -2.1326, Eq Viol (l1): 0.000045, Ineq Viol (l1): 0.000004, Epoch time: 3.09s
Epoch 290/300, Loss: -0.1910, Obj: -2.0980, Eq Viol (l1): 0.000034, Ineq Viol (l1): 0.000002, Epoch time: 3.04s
Epoch 291/300, Loss: -0.3103, Obj: -2.3957, Eq Viol (l1): 0.000029, Ineq Viol (l1): 0.000001, Epoch time: 3.04s

Running validation at epoch 290...

VALIDATION_EPOCH_290 EVALUATION RESULTS:
==================================================
Objective Value:     -2.498455e+00
True Objective:      -2.413704e+00
Optimality Gap:      -3.819126e+00 ± 1.702729e+00
Eq Violation l1:   3.359186e-05 (max: 1.758248e-03)
Ineq Violation l1: 3.026324e-07 (max: 4.573479e-05)
Solution Distance:   8.314290e+01 ± 1.856322e+00
Merit:             -2.498116e+00 ± 5.210874e-02
Avg Inference Time:  0.0894s
==================================================
Epoch 292/300, Loss: 0.0170, Obj: -2.1285, Eq Viol (l1): 0.000021, Ineq Viol (l1): 0.000000, Epoch time: 3.04s
Epoch 293/300, Loss: -0.3514, Obj: -2.2315, Eq Viol (l1): 0.000019, Ineq Viol (l1): 0.000000, Epoch time: 3.03s
Epoch 294/300, Loss: -0.6528, Obj: -2.3155, Eq Viol (l1): 0.000021, Ineq Viol (l1): 0.000000, Epoch time: 2.95s
Epoch 295/300, Loss: 1.6267, Obj: -1.9872, Eq Viol (l1): 0.000031, Ineq Viol (l1): 0.000002, Epoch time: 3.13s
Epoch 296/300, Loss: 1.0788, Obj: -1.0239, Eq Viol (l1): 0.000035, Ineq Viol (l1): 0.000003, Epoch time: 3.09s
Epoch 297/300, Loss: 2.0285, Obj: -1.9922, Eq Viol (l1): 0.000030, Ineq Viol (l1): 0.000001, Epoch time: 3.14s
Epoch 298/300, Loss: 0.7353, Obj: -1.3736, Eq Viol (l1): 0.000042, Ineq Viol (l1): 0.000003, Epoch time: 3.09s
Epoch 299/300, Loss: 1.2637, Obj: -1.4733, Eq Viol (l1): 0.000032, Ineq Viol (l1): 0.000001, Epoch time: 3.04s
Epoch 300/300, Loss: 0.8344, Obj: -1.9671, Eq Viol (l1): 0.000021, Ineq Viol (l1): 0.000001, Epoch time: 3.14s

Training completed in 886.35 seconds.

============================================================
COMPREHENSIVE TEST EVALUATION WITH DETAILED RESULTS
============================================================
Testing with batch sizes: [256, 512]

Evaluating with batch size: 256 (with detailed results)

TEST_BS256 EVALUATION RESULTS:
==================================================
Objective Value:     -1.962384e+00
True Objective:      -2.409220e+00
Optimality Gap:      -3.941789e+00 ± 5.258438e+00
Eq Violation l1:   2.887527e-05 (max: 4.690765e-03)
Ineq Violation l1: 6.307236e-07 (max: 1.453627e-04)
Solution Distance:   8.628767e+01 ± 2.176133e+00
Merit:             -1.962089e+00 ± 7.589862e-02
Avg Inference Time:  0.0875s
==================================================

Evaluating with batch size: 512 (with detailed results)

TEST_BS512 EVALUATION RESULTS:
==================================================
Objective Value:     -1.955511e+00
True Objective:      -2.408634e+00
Optimality Gap:      -3.920527e+00 ± 3.418341e+00
Eq Violation l1:   2.494588e-05 (max: 8.149665e-03)
Ineq Violation l1: 5.092912e-07 (max: 2.415641e-04)
Solution Distance:   8.633490e+01 ± 1.371915e+00
Merit:             -1.955256e+00 ± 5.075825e-02
Avg Inference Time:  0.1047s
==================================================

TEST BATCH SIZE COMPARISON:
================================================================================
Batch Size   Objective    Opt Gap      Eq Viol      Ineq Viol    Time (s)  
--------------------------------------------------------------------------------
256          -1.9624e+00  -3.9418e+00  2.8875e-05   6.3072e-07   0.70      
512          -1.9555e+00  -3.9205e+00  2.4946e-05   5.0929e-07   0.42      
================================================================================

Saving model and results to: results/nonsmooth_nonconvex/socp/SOCPProblem-100-50-50-10000/20260108-041148_MLP_FSNet_seed0_nepochs300_lr0.0002_trainsize7000_finetune_20260108-031328_model_280
✓ Model saved: results/nonsmooth_nonconvex/socp/SOCPProblem-100-50-50-10000/20260108-041148_MLP_FSNet_seed0_nepochs300_lr0.0002_trainsize7000_finetune_20260108-031328_model_280/model.pt
✓ Detailed results saved: results/nonsmooth_nonconvex/socp/SOCPProblem-100-50-50-10000/20260108-041148_MLP_FSNet_seed0_nepochs300_lr0.0002_trainsize7000_finetune_20260108-031328_model_280/results.pkl

Files saved (or attempted):
  - model.pt (model weights and architecture)
  - results.pkl (training history, metrics, detailed test results)
Training and testing completed in 889.11 seconds
Done!!!
============================================================
==========         =====================         ===========
==========   0      =====================         ===========
==========         =====================         ===========
============================================================

======= Running for problem: nonsmooth_nonconvex/socp =======

Loading problem instance: nonsmooth_nonconvex/socp with size [100, 50, 50, 10000]
Loading  dataset from: datasets/nonsmooth_nonconvex/socp/random2025_socp_dataset_var100_ineq50_eq50_ex10000 

Running on:  cuda
Training model using FSNet method with seed 1 for 300 epochs
Using batch size: 512
Loading model from checkpoint: results/nonsmooth_nonconvex/socp/SOCPProblem-100-50-50-10000/20260108-031328_MLP_sup_seed1_nepochs500_lr0.0005_trainsize1000_subopt_2_1.0/model_280.pt

lr: 0.0002, weight_decay: 0.001, num_epochs: 300

Epoch 1/300, Loss: 38.3058, Obj: 25.4591, Eq Viol (l1): 0.000042, Ineq Viol (l1): 0.000000, Epoch time: 6.85s

Running validation at epoch 0...

VALIDATION_EPOCH_0 EVALUATION RESULTS:
==================================================
Objective Value:     2.555470e+01
True Objective:      -2.413704e+00
Optimality Gap:      4.277156e+01 ± 1.273625e+01
Eq Violation l1:   3.297897e-05 (max: 2.087958e-03)
Ineq Violation l1: 2.299138e-07 (max: 3.637794e-05)
Solution Distance:   1.792852e+02 ± 3.997080e-02
Merit:             2.555503e+01 ± 4.592936e-02
Avg Inference Time:  0.6509s
==================================================
Epoch 2/300, Loss: 35.8368, Obj: 25.4887, Eq Viol (l1): 0.000030, Ineq Viol (l1): 0.000000, Epoch time: 2.93s
Epoch 3/300, Loss: 31.9673, Obj: 25.4308, Eq Viol (l1): 0.000044, Ineq Viol (l1): 0.000000, Epoch time: 2.79s
Epoch 4/300, Loss: 28.8254, Obj: 24.5299, Eq Viol (l1): 0.000038, Ineq Viol (l1): 0.000000, Epoch time: 2.78s
Epoch 5/300, Loss: 25.9282, Obj: 22.4383, Eq Viol (l1): 0.000033, Ineq Viol (l1): 0.000000, Epoch time: 2.77s
Epoch 6/300, Loss: 23.2405, Obj: 20.2989, Eq Viol (l1): 0.000047, Ineq Viol (l1): 0.000000, Epoch time: 2.69s
Epoch 7/300, Loss: 20.7446, Obj: 18.1192, Eq Viol (l1): 0.000060, Ineq Viol (l1): 0.000000, Epoch time: 2.69s
Epoch 8/300, Loss: 18.4475, Obj: 16.1913, Eq Viol (l1): 0.000070, Ineq Viol (l1): 0.000000, Epoch time: 2.65s
Epoch 9/300, Loss: 16.2582, Obj: 14.2198, Eq Viol (l1): 0.000063, Ineq Viol (l1): 0.000000, Epoch time: 2.69s
Epoch 10/300, Loss: 12.2857, Obj: 10.4340, Eq Viol (l1): 0.000045, Ineq Viol (l1): 0.000000, Epoch time: 2.66s
Epoch 11/300, Loss: 7.3719, Obj: 5.5772, Eq Viol (l1): 0.000041, Ineq Viol (l1): 0.000000, Epoch time: 2.70s

Running validation at epoch 10...

VALIDATION_EPOCH_10 EVALUATION RESULTS:
==================================================
Objective Value:     3.448140e+00
True Objective:      -2.413704e+00
Optimality Gap:      7.279656e+00 ± 1.808304e+00
Eq Violation l1:   6.619332e-05 (max: 1.340301e-03)
Ineq Violation l1: 1.180541e-07 (max: 1.904321e-05)
Solution Distance:   1.026929e+02 ± 1.077694e+00
Merit:             3.448803e+00 ± 4.920123e-02
Avg Inference Time:  0.0698s
==================================================
Epoch 12/300, Loss: 4.2663, Obj: 2.6945, Eq Viol (l1): 0.000117, Ineq Viol (l1): 0.000007, Epoch time: 2.64s
Epoch 13/300, Loss: 3.0247, Obj: 1.6670, Eq Viol (l1): 0.000063, Ineq Viol (l1): 0.000000, Epoch time: 2.60s
Epoch 14/300, Loss: 2.0550, Obj: 0.8842, Eq Viol (l1): 0.000076, Ineq Viol (l1): 0.000000, Epoch time: 2.59s
Epoch 15/300, Loss: 1.5609, Obj: 0.5500, Eq Viol (l1): 0.000096, Ineq Viol (l1): 0.000000, Epoch time: 2.48s
Epoch 16/300, Loss: 1.2129, Obj: 0.3164, Eq Viol (l1): 0.000089, Ineq Viol (l1): 0.000000, Epoch time: 2.51s
Epoch 17/300, Loss: 0.9681, Obj: 0.1161, Eq Viol (l1): 0.000093, Ineq Viol (l1): 0.000000, Epoch time: 2.53s
Epoch 18/300, Loss: 0.8297, Obj: 0.0139, Eq Viol (l1): 0.000094, Ineq Viol (l1): 0.000000, Epoch time: 2.54s
Epoch 19/300, Loss: 0.6739, Obj: -0.0816, Eq Viol (l1): 0.000097, Ineq Viol (l1): 0.000001, Epoch time: 2.54s
Epoch 20/300, Loss: 0.6288, Obj: -0.1494, Eq Viol (l1): 0.000086, Ineq Viol (l1): 0.000000, Epoch time: 2.56s
Epoch 21/300, Loss: 0.5759, Obj: -0.2148, Eq Viol (l1): 0.000087, Ineq Viol (l1): 0.000001, Epoch time: 2.57s

Running validation at epoch 20...

VALIDATION_EPOCH_20 EVALUATION RESULTS:
==================================================
Objective Value:     -3.346920e-01
True Objective:      -2.413704e+00
Optimality Gap:      4.206973e-01 ± 1.680999e-01
Eq Violation l1:   7.722676e-05 (max: 1.146028e-03)
Ineq Violation l1: 6.088928e-07 (max: 5.393238e-05)
Solution Distance:   8.356041e+01 ± 3.004657e-01
Merit:             -3.339136e-01 ± 9.411420e-03
Avg Inference Time:  0.0684s
==================================================
Epoch 22/300, Loss: 0.4575, Obj: -0.2613, Eq Viol (l1): 0.000084, Ineq Viol (l1): 0.000001, Epoch time: 2.57s
Epoch 23/300, Loss: 0.4990, Obj: -0.2704, Eq Viol (l1): 0.000094, Ineq Viol (l1): 0.000001, Epoch time: 2.56s
Epoch 24/300, Loss: 0.5281, Obj: -0.2830, Eq Viol (l1): 0.000091, Ineq Viol (l1): 0.000001, Epoch time: 2.58s
Epoch 25/300, Loss: 0.3679, Obj: -0.3738, Eq Viol (l1): 0.000086, Ineq Viol (l1): 0.000001, Epoch time: 2.58s
Epoch 26/300, Loss: 0.3519, Obj: -0.4146, Eq Viol (l1): 0.000090, Ineq Viol (l1): 0.000001, Epoch time: 2.58s
Epoch 27/300, Loss: 0.3212, Obj: -0.4564, Eq Viol (l1): 0.000087, Ineq Viol (l1): 0.000001, Epoch time: 2.61s
Epoch 28/300, Loss: 0.3709, Obj: -0.4606, Eq Viol (l1): 0.000083, Ineq Viol (l1): 0.000001, Epoch time: 2.60s
Epoch 29/300, Loss: 0.2860, Obj: -0.5043, Eq Viol (l1): 0.000084, Ineq Viol (l1): 0.000001, Epoch time: 2.60s
Epoch 30/300, Loss: 0.2715, Obj: -0.5809, Eq Viol (l1): 0.000085, Ineq Viol (l1): 0.000001, Epoch time: 2.61s
Epoch 31/300, Loss: 0.3350, Obj: -0.5522, Eq Viol (l1): 0.000083, Ineq Viol (l1): 0.000001, Epoch time: 2.62s

Running validation at epoch 30...

VALIDATION_EPOCH_30 EVALUATION RESULTS:
==================================================
Objective Value:     -4.883504e-01
True Objective:      -2.413704e+00
Optimality Gap:      3.042414e-01 ± 1.365389e-01
Eq Violation l1:   6.187940e-05 (max: 1.367830e-03)
Ineq Violation l1: 6.139285e-07 (max: 2.983154e-05)
Solution Distance:   7.889124e+01 ± 3.664326e-01
Merit:             -4.877255e-01 ± 4.450211e-03
Avg Inference Time:  0.0729s
==================================================
Epoch 32/300, Loss: 0.3044, Obj: -0.5963, Eq Viol (l1): 0.000077, Ineq Viol (l1): 0.000001, Epoch time: 2.61s
Epoch 33/300, Loss: 0.2609, Obj: -0.6165, Eq Viol (l1): 0.000077, Ineq Viol (l1): 0.000001, Epoch time: 2.62s
Epoch 34/300, Loss: 0.1591, Obj: -0.6994, Eq Viol (l1): 0.000083, Ineq Viol (l1): 0.000001, Epoch time: 2.73s
Epoch 35/300, Loss: 0.1054, Obj: -0.7276, Eq Viol (l1): 0.000083, Ineq Viol (l1): 0.000001, Epoch time: 2.63s
Epoch 36/300, Loss: -0.0209, Obj: -0.8109, Eq Viol (l1): 0.000072, Ineq Viol (l1): 0.000001, Epoch time: 2.64s
Epoch 37/300, Loss: -0.1072, Obj: -0.8925, Eq Viol (l1): 0.000074, Ineq Viol (l1): 0.000001, Epoch time: 2.65s
Epoch 38/300, Loss: -0.0661, Obj: -0.8640, Eq Viol (l1): 0.000069, Ineq Viol (l1): 0.000001, Epoch time: 2.64s
Epoch 39/300, Loss: -0.0706, Obj: -0.9259, Eq Viol (l1): 0.000076, Ineq Viol (l1): 0.000001, Epoch time: 2.64s
Epoch 40/300, Loss: 0.1312, Obj: -0.8085, Eq Viol (l1): 0.000080, Ineq Viol (l1): 0.000001, Epoch time: 2.64s
Epoch 41/300, Loss: 0.1491, Obj: -0.8641, Eq Viol (l1): 0.000079, Ineq Viol (l1): 0.000001, Epoch time: 2.64s

Running validation at epoch 40...

VALIDATION_EPOCH_40 EVALUATION RESULTS:
==================================================
Objective Value:     -1.041746e+00
True Objective:      -2.413704e+00
Optimality Gap:      -8.089335e-01 ± 6.777043e-01
Eq Violation l1:   8.164520e-05 (max: 9.930702e-04)
Ineq Violation l1: 6.897447e-07 (max: 4.778206e-05)
Solution Distance:   7.596727e+01 ± 8.905684e-01
Merit:             -1.040923e+00 ± 2.150756e-02
Avg Inference Time:  0.0737s
==================================================
Epoch 42/300, Loss: 0.1321, Obj: -0.9939, Eq Viol (l1): 0.000076, Ineq Viol (l1): 0.000001, Epoch time: 2.66s
Epoch 43/300, Loss: -0.1239, Obj: -0.9742, Eq Viol (l1): 0.000067, Ineq Viol (l1): 0.000001, Epoch time: 2.65s
Epoch 44/300, Loss: -0.0061, Obj: -1.0435, Eq Viol (l1): 0.000069, Ineq Viol (l1): 0.000001, Epoch time: 2.67s
Epoch 45/300, Loss: -0.0057, Obj: -1.0624, Eq Viol (l1): 0.000080, Ineq Viol (l1): 0.000001, Epoch time: 2.66s
Epoch 46/300, Loss: -0.0202, Obj: -1.0747, Eq Viol (l1): 0.000075, Ineq Viol (l1): 0.000001, Epoch time: 2.66s
Epoch 47/300, Loss: -0.1624, Obj: -1.1950, Eq Viol (l1): 0.000065, Ineq Viol (l1): 0.000001, Epoch time: 2.67s
Epoch 48/300, Loss: 0.0154, Obj: -1.2711, Eq Viol (l1): 0.000066, Ineq Viol (l1): 0.000001, Epoch time: 2.70s
Epoch 49/300, Loss: -0.2155, Obj: -1.4428, Eq Viol (l1): 0.000061, Ineq Viol (l1): 0.000001, Epoch time: 2.71s
Epoch 50/300, Loss: 0.0156, Obj: -1.4644, Eq Viol (l1): 0.000051, Ineq Viol (l1): 0.000001, Epoch time: 2.72s
Epoch 51/300, Loss: -0.5513, Obj: -1.6681, Eq Viol (l1): 0.000056, Ineq Viol (l1): 0.000000, Epoch time: 2.69s

Running validation at epoch 50...

VALIDATION_EPOCH_50 EVALUATION RESULTS:
==================================================
Objective Value:     -1.881199e+00
True Objective:      -2.413704e+00
Optimality Gap:      -2.480663e+00 ± 1.322005e+00
Eq Violation l1:   5.397453e-05 (max: 1.433011e-03)
Ineq Violation l1: 5.469477e-07 (max: 5.267976e-05)
Solution Distance:   7.392948e+01 ± 1.423529e+00
Merit:             -1.880654e+00 ± 4.708697e-02
Avg Inference Time:  0.0798s
==================================================
Epoch 52/300, Loss: -0.6210, Obj: -1.7706, Eq Viol (l1): 0.000045, Ineq Viol (l1): 0.000000, Epoch time: 2.70s
Epoch 53/300, Loss: -0.8912, Obj: -1.9880, Eq Viol (l1): 0.000049, Ineq Viol (l1): 0.000001, Epoch time: 2.72s
Epoch 54/300, Loss: -1.0441, Obj: -2.0895, Eq Viol (l1): 0.000049, Ineq Viol (l1): 0.000000, Epoch time: 2.71s
Epoch 55/300, Loss: -1.2168, Obj: -2.1488, Eq Viol (l1): 0.000044, Ineq Viol (l1): 0.000000, Epoch time: 2.73s
Epoch 56/300, Loss: -1.0469, Obj: -2.1778, Eq Viol (l1): 0.000058, Ineq Viol (l1): 0.000000, Epoch time: 2.72s
Epoch 57/300, Loss: -0.9136, Obj: -1.9555, Eq Viol (l1): 0.000042, Ineq Viol (l1): 0.000000, Epoch time: 2.75s
Epoch 58/300, Loss: -0.7720, Obj: -2.1672, Eq Viol (l1): 0.000052, Ineq Viol (l1): 0.000000, Epoch time: 2.73s
Epoch 59/300, Loss: -1.0336, Obj: -2.1254, Eq Viol (l1): 0.000044, Ineq Viol (l1): 0.000000, Epoch time: 2.74s
Epoch 60/300, Loss: -0.8680, Obj: -2.1957, Eq Viol (l1): 0.000048, Ineq Viol (l1): 0.000000, Epoch time: 2.73s
Epoch 61/300, Loss: -1.1550, Obj: -2.2750, Eq Viol (l1): 0.000049, Ineq Viol (l1): 0.000000, Epoch time: 2.72s

Running validation at epoch 60...

VALIDATION_EPOCH_60 EVALUATION RESULTS:
==================================================
Objective Value:     -1.666700e+00
True Objective:      -2.413704e+00
Optimality Gap:      -2.123307e+00 ± 1.131831e+00
Eq Violation l1:   4.227487e-05 (max: 1.942046e-03)
Ineq Violation l1: 1.475370e-07 (max: 3.999782e-05)
Solution Distance:   7.620422e+01 ± 1.722057e+00
Merit:             -1.666275e+00 ± 4.650789e-02
Avg Inference Time:  0.0751s
==================================================
Epoch 62/300, Loss: -0.8579, Obj: -1.9801, Eq Viol (l1): 0.000033, Ineq Viol (l1): 0.000000, Epoch time: 2.76s
Epoch 63/300, Loss: -1.2337, Obj: -2.2963, Eq Viol (l1): 0.000045, Ineq Viol (l1): 0.000000, Epoch time: 2.73s
Epoch 64/300, Loss: -1.3671, Obj: -2.3662, Eq Viol (l1): 0.000039, Ineq Viol (l1): 0.000000, Epoch time: 2.76s
Epoch 65/300, Loss: -1.4203, Obj: -2.3244, Eq Viol (l1): 0.000047, Ineq Viol (l1): 0.000000, Epoch time: 2.73s
Epoch 66/300, Loss: -1.4020, Obj: -2.3277, Eq Viol (l1): 0.000043, Ineq Viol (l1): 0.000000, Epoch time: 2.73s
Epoch 67/300, Loss: -1.3942, Obj: -2.3804, Eq Viol (l1): 0.000042, Ineq Viol (l1): 0.000000, Epoch time: 2.85s
Epoch 68/300, Loss: -1.4035, Obj: -2.3491, Eq Viol (l1): 0.000041, Ineq Viol (l1): 0.000000, Epoch time: 2.75s
Epoch 69/300, Loss: -1.2083, Obj: -2.4239, Eq Viol (l1): 0.000040, Ineq Viol (l1): 0.000001, Epoch time: 2.80s
Epoch 70/300, Loss: -1.3857, Obj: -2.3310, Eq Viol (l1): 0.000035, Ineq Viol (l1): 0.000000, Epoch time: 2.75s
Epoch 71/300, Loss: -1.4014, Obj: -2.4103, Eq Viol (l1): 0.000040, Ineq Viol (l1): 0.000000, Epoch time: 2.77s

Running validation at epoch 70...

VALIDATION_EPOCH_70 EVALUATION RESULTS:
==================================================
Objective Value:     -2.264701e+00
True Objective:      -2.413704e+00
Optimality Gap:      -3.274881e+00 ± 1.609300e+00
Eq Violation l1:   4.921462e-05 (max: 2.224639e-03)
Ineq Violation l1: 4.012483e-07 (max: 5.268765e-05)
Solution Distance:   7.505352e+01 ± 1.798122e+00
Merit:             -2.264204e+00 ± 6.642355e-02
Avg Inference Time:  0.0765s
==================================================
Epoch 72/300, Loss: -1.2346, Obj: -2.3255, Eq Viol (l1): 0.000048, Ineq Viol (l1): 0.000001, Epoch time: 2.72s
Epoch 73/300, Loss: -1.3905, Obj: -2.3844, Eq Viol (l1): 0.000052, Ineq Viol (l1): 0.000000, Epoch time: 2.72s
Epoch 74/300, Loss: -1.4088, Obj: -2.4040, Eq Viol (l1): 0.000048, Ineq Viol (l1): 0.000000, Epoch time: 2.72s
Epoch 75/300, Loss: -1.4340, Obj: -2.4473, Eq Viol (l1): 0.000049, Ineq Viol (l1): 0.000000, Epoch time: 2.74s
Epoch 76/300, Loss: -1.3253, Obj: -2.4507, Eq Viol (l1): 0.000047, Ineq Viol (l1): 0.000000, Epoch time: 2.76s
Epoch 77/300, Loss: -1.3114, Obj: -2.3626, Eq Viol (l1): 0.000041, Ineq Viol (l1): 0.000000, Epoch time: 2.74s
Epoch 78/300, Loss: -1.3974, Obj: -2.4579, Eq Viol (l1): 0.000041, Ineq Viol (l1): 0.000000, Epoch time: 2.76s
Epoch 79/300, Loss: -1.0656, Obj: -2.3876, Eq Viol (l1): 0.000038, Ineq Viol (l1): 0.000001, Epoch time: 2.79s
Epoch 80/300, Loss: -1.2286, Obj: -2.3660, Eq Viol (l1): 0.000043, Ineq Viol (l1): 0.000000, Epoch time: 2.78s
Epoch 81/300, Loss: -1.3281, Obj: -2.3453, Eq Viol (l1): 0.000042, Ineq Viol (l1): 0.000000, Epoch time: 2.74s

Running validation at epoch 80...

VALIDATION_EPOCH_80 EVALUATION RESULTS:
==================================================
Objective Value:     -2.149308e+00
True Objective:      -2.413704e+00
Optimality Gap:      -3.033232e+00 ± 1.409730e+00
Eq Violation l1:   6.586502e-05 (max: 1.314820e-03)
Ineq Violation l1: 4.837028e-07 (max: 4.345483e-05)
Solution Distance:   7.564517e+01 ± 1.865449e+00
Merit:             -2.148645e+00 ± 5.938403e-02
Avg Inference Time:  0.0733s
==================================================
Epoch 82/300, Loss: -0.9530, Obj: -2.0829, Eq Viol (l1): 0.000030, Ineq Viol (l1): 0.000000, Epoch time: 2.79s
Epoch 83/300, Loss: -0.9998, Obj: -2.2513, Eq Viol (l1): 0.000055, Ineq Viol (l1): 0.000000, Epoch time: 2.72s
Epoch 84/300, Loss: -0.8945, Obj: -2.2209, Eq Viol (l1): 0.000047, Ineq Viol (l1): 0.000000, Epoch time: 2.76s
Epoch 85/300, Loss: -0.6898, Obj: -2.2161, Eq Viol (l1): 0.000035, Ineq Viol (l1): 0.000001, Epoch time: 2.81s
Epoch 86/300, Loss: -1.0287, Obj: -2.3055, Eq Viol (l1): 0.000041, Ineq Viol (l1): 0.000000, Epoch time: 2.79s
Epoch 87/300, Loss: -1.2813, Obj: -2.3172, Eq Viol (l1): 0.000043, Ineq Viol (l1): 0.000000, Epoch time: 2.74s
Epoch 88/300, Loss: -1.1499, Obj: -2.3137, Eq Viol (l1): 0.000035, Ineq Viol (l1): 0.000000, Epoch time: 2.78s
Epoch 89/300, Loss: -1.2423, Obj: -2.3498, Eq Viol (l1): 0.000027, Ineq Viol (l1): 0.000000, Epoch time: 2.83s
Epoch 90/300, Loss: -1.4607, Obj: -2.4095, Eq Viol (l1): 0.000042, Ineq Viol (l1): 0.000000, Epoch time: 2.77s
Epoch 91/300, Loss: -1.0365, Obj: -2.4452, Eq Viol (l1): 0.000035, Ineq Viol (l1): 0.000000, Epoch time: 2.84s

Running validation at epoch 90...

VALIDATION_EPOCH_90 EVALUATION RESULTS:
==================================================
Objective Value:     -2.564371e+00
True Objective:      -2.413704e+00
Optimality Gap:      -3.758448e+00 ± 1.617983e+00
Eq Violation l1:   3.666666e-05 (max: 1.636599e-03)
Ineq Violation l1: 4.184310e-07 (max: 8.351265e-05)
Solution Distance:   7.671231e+01 ± 1.824303e+00
Merit:             -2.564000e+00 ± 6.254732e-02
Avg Inference Time:  0.0877s
==================================================
Epoch 92/300, Loss: 0.7780, Obj: -2.0074, Eq Viol (l1): 0.000040, Ineq Viol (l1): 0.000000, Epoch time: 2.90s
Epoch 93/300, Loss: 0.4892, Obj: -1.7457, Eq Viol (l1): 0.000028, Ineq Viol (l1): 0.000000, Epoch time: 2.88s
Epoch 94/300, Loss: -0.6757, Obj: -2.3029, Eq Viol (l1): 0.000035, Ineq Viol (l1): 0.000000, Epoch time: 2.83s
Epoch 95/300, Loss: -0.9315, Obj: -2.2454, Eq Viol (l1): 0.000033, Ineq Viol (l1): 0.000000, Epoch time: 2.80s
Epoch 96/300, Loss: -0.5121, Obj: -2.3687, Eq Viol (l1): 0.000032, Ineq Viol (l1): 0.000000, Epoch time: 2.84s
Epoch 97/300, Loss: -0.7533, Obj: -2.1864, Eq Viol (l1): 0.000029, Ineq Viol (l1): 0.000000, Epoch time: 2.85s
Epoch 98/300, Loss: -1.1029, Obj: -2.2403, Eq Viol (l1): 0.000023, Ineq Viol (l1): 0.000000, Epoch time: 2.85s
Epoch 99/300, Loss: -1.2374, Obj: -2.4099, Eq Viol (l1): 0.000035, Ineq Viol (l1): 0.000000, Epoch time: 2.82s
Epoch 100/300, Loss: -1.0385, Obj: -2.5093, Eq Viol (l1): 0.000026, Ineq Viol (l1): 0.000000, Epoch time: 2.87s
Epoch 101/300, Loss: -0.7438, Obj: -2.2903, Eq Viol (l1): 0.000030, Ineq Viol (l1): 0.000000, Epoch time: 2.98s

Running validation at epoch 100...

VALIDATION_EPOCH_100 EVALUATION RESULTS:
==================================================
Objective Value:     -2.201161e+00
True Objective:      -2.413704e+00
Optimality Gap:      -3.245109e+00 ± 1.496771e+00
Eq Violation l1:   1.914735e-05 (max: 2.126004e-03)
Ineq Violation l1: 4.099828e-07 (max: 1.180543e-04)
Solution Distance:   7.757913e+01 ± 1.853522e+00
Merit:             -2.200965e+00 ± 5.895163e-02
Avg Inference Time:  0.0848s
==================================================
Epoch 102/300, Loss: -1.2993, Obj: -2.4380, Eq Viol (l1): 0.000027, Ineq Viol (l1): 0.000000, Epoch time: 2.87s
Epoch 103/300, Loss: -0.6236, Obj: -2.2557, Eq Viol (l1): 0.000039, Ineq Viol (l1): 0.000001, Epoch time: 2.86s
Epoch 104/300, Loss: -0.6747, Obj: -2.1322, Eq Viol (l1): 0.000042, Ineq Viol (l1): 0.000000, Epoch time: 2.75s
Epoch 105/300, Loss: -1.3172, Obj: -2.4158, Eq Viol (l1): 0.000032, Ineq Viol (l1): 0.000000, Epoch time: 2.81s
Epoch 106/300, Loss: -1.3358, Obj: -2.4841, Eq Viol (l1): 0.000027, Ineq Viol (l1): 0.000000, Epoch time: 2.86s
Epoch 107/300, Loss: -0.7040, Obj: -2.1689, Eq Viol (l1): 0.000023, Ineq Viol (l1): 0.000000, Epoch time: 2.92s
Epoch 108/300, Loss: -0.7211, Obj: -2.2664, Eq Viol (l1): 0.000022, Ineq Viol (l1): 0.000000, Epoch time: 2.93s
Epoch 109/300, Loss: -0.7994, Obj: -2.3127, Eq Viol (l1): 0.000030, Ineq Viol (l1): 0.000000, Epoch time: 2.82s
Epoch 110/300, Loss: -0.1801, Obj: -1.9592, Eq Viol (l1): 0.000033, Ineq Viol (l1): 0.000000, Epoch time: 2.85s
Epoch 111/300, Loss: -0.6685, Obj: -2.0930, Eq Viol (l1): 0.000027, Ineq Viol (l1): 0.000000, Epoch time: 2.88s

Running validation at epoch 110...

VALIDATION_EPOCH_110 EVALUATION RESULTS:
==================================================
Objective Value:     -1.893329e+00
True Objective:      -2.413704e+00
Optimality Gap:      -2.832162e+00 ± 1.384678e+00
Eq Violation l1:   2.694432e-05 (max: 2.587067e-03)
Ineq Violation l1: 4.668434e-07 (max: 1.329284e-04)
Solution Distance:   7.970697e+01 ± 1.912135e+00
Merit:             -1.893055e+00 ± 7.326194e-02
Avg Inference Time:  0.0907s
==================================================
Epoch 112/300, Loss: -0.4636, Obj: -2.0234, Eq Viol (l1): 0.000024, Ineq Viol (l1): 0.000000, Epoch time: 2.94s
Epoch 113/300, Loss: -0.4540, Obj: -2.2863, Eq Viol (l1): 0.000032, Ineq Viol (l1): 0.000000, Epoch time: 2.92s
Epoch 114/300, Loss: -0.2118, Obj: -2.1337, Eq Viol (l1): 0.000027, Ineq Viol (l1): 0.000000, Epoch time: 2.90s
Epoch 115/300, Loss: 0.0653, Obj: -2.2497, Eq Viol (l1): 0.000023, Ineq Viol (l1): 0.000000, Epoch time: 2.97s
Epoch 116/300, Loss: 0.1476, Obj: -2.0963, Eq Viol (l1): 0.000023, Ineq Viol (l1): 0.000000, Epoch time: 2.96s
Epoch 117/300, Loss: -0.2189, Obj: -2.1708, Eq Viol (l1): 0.000032, Ineq Viol (l1): 0.000002, Epoch time: 3.00s
Epoch 118/300, Loss: 0.3866, Obj: -2.0840, Eq Viol (l1): 0.000043, Ineq Viol (l1): 0.000005, Epoch time: 3.01s
Epoch 119/300, Loss: -0.3372, Obj: -2.1252, Eq Viol (l1): 0.000037, Ineq Viol (l1): 0.000004, Epoch time: 2.97s
Epoch 120/300, Loss: -0.2535, Obj: -2.1983, Eq Viol (l1): 0.000020, Ineq Viol (l1): 0.000000, Epoch time: 3.06s
Epoch 121/300, Loss: 0.9061, Obj: -1.9148, Eq Viol (l1): 0.000024, Ineq Viol (l1): 0.000000, Epoch time: 2.99s

Running validation at epoch 120...

VALIDATION_EPOCH_120 EVALUATION RESULTS:
==================================================
Objective Value:     -2.183537e+00
True Objective:      -2.413704e+00
Optimality Gap:      -3.192165e+00 ± 1.414033e+00
Eq Violation l1:   3.799512e-05 (max: 1.835927e-03)
Ineq Violation l1: 4.195767e-07 (max: 6.936771e-05)
Solution Distance:   7.780217e+01 ± 1.837230e+00
Merit:             -2.183153e+00 ± 7.326609e-02
Avg Inference Time:  0.0843s
==================================================
Epoch 122/300, Loss: -0.4305, Obj: -2.0427, Eq Viol (l1): 0.000030, Ineq Viol (l1): 0.000000, Epoch time: 2.83s
Epoch 123/300, Loss: -0.6065, Obj: -2.2370, Eq Viol (l1): 0.000023, Ineq Viol (l1): 0.000000, Epoch time: 2.92s
Epoch 124/300, Loss: -0.4419, Obj: -2.2506, Eq Viol (l1): 0.000023, Ineq Viol (l1): 0.000000, Epoch time: 2.94s
Epoch 125/300, Loss: -0.8021, Obj: -2.3574, Eq Viol (l1): 0.000024, Ineq Viol (l1): 0.000000, Epoch time: 2.97s
Epoch 126/300, Loss: -0.1373, Obj: -2.0190, Eq Viol (l1): 0.000022, Ineq Viol (l1): 0.000000, Epoch time: 2.94s
Epoch 127/300, Loss: -0.3758, Obj: -2.2591, Eq Viol (l1): 0.000023, Ineq Viol (l1): 0.000000, Epoch time: 2.98s
Epoch 128/300, Loss: 0.7185, Obj: -1.7611, Eq Viol (l1): 0.000018, Ineq Viol (l1): 0.000000, Epoch time: 3.04s
Epoch 129/300, Loss: 0.6142, Obj: -1.7818, Eq Viol (l1): 0.000018, Ineq Viol (l1): 0.000001, Epoch time: 3.19s
Epoch 130/300, Loss: 0.5470, Obj: -1.8603, Eq Viol (l1): 0.000025, Ineq Viol (l1): 0.000002, Epoch time: 3.12s
Epoch 131/300, Loss: 0.5758, Obj: -2.0373, Eq Viol (l1): 0.000019, Ineq Viol (l1): 0.000000, Epoch time: 3.07s

Running validation at epoch 130...

VALIDATION_EPOCH_130 EVALUATION RESULTS:
==================================================
Objective Value:     -2.117115e+00
True Objective:      -2.413704e+00
Optimality Gap:      -3.047372e+00 ± 1.409765e+00
Eq Violation l1:   2.338308e-05 (max: 2.400547e-03)
Ineq Violation l1: 2.153596e-07 (max: 5.649846e-05)
Solution Distance:   8.107313e+01 ± 1.932191e+00
Merit:             -2.116879e+00 ± 5.476927e-02
Avg Inference Time:  0.0941s
==================================================
Epoch 132/300, Loss: 1.0809, Obj: -1.5560, Eq Viol (l1): 0.000034, Ineq Viol (l1): 0.000004, Epoch time: 3.17s
Epoch 133/300, Loss: 0.7287, Obj: -1.5894, Eq Viol (l1): 0.000024, Ineq Viol (l1): 0.000001, Epoch time: 3.21s
Epoch 134/300, Loss: 0.3050, Obj: -1.8423, Eq Viol (l1): 0.000020, Ineq Viol (l1): 0.000001, Epoch time: 3.13s
Epoch 135/300, Loss: 3.0500, Obj: -1.8842, Eq Viol (l1): 0.000037, Ineq Viol (l1): 0.000005, Epoch time: 3.17s
Epoch 136/300, Loss: 2.9545, Obj: -0.6770, Eq Viol (l1): 0.000050, Ineq Viol (l1): 0.000006, Epoch time: 3.21s
Epoch 137/300, Loss: 5.7812, Obj: -0.8120, Eq Viol (l1): 0.000043, Ineq Viol (l1): 0.000001, Epoch time: 3.16s
Epoch 138/300, Loss: 2.8672, Obj: -1.2130, Eq Viol (l1): 0.000059, Ineq Viol (l1): 0.000004, Epoch time: 3.07s
Epoch 139/300, Loss: 1.7073, Obj: -1.3807, Eq Viol (l1): 0.000059, Ineq Viol (l1): 0.000005, Epoch time: 3.01s
Epoch 140/300, Loss: 0.8954, Obj: -1.5388, Eq Viol (l1): 0.000056, Ineq Viol (l1): 0.000007, Epoch time: 3.03s
Epoch 141/300, Loss: 1.3859, Obj: -1.4490, Eq Viol (l1): 0.000054, Ineq Viol (l1): 0.000009, Epoch time: 3.05s

Running validation at epoch 140...

VALIDATION_EPOCH_140 EVALUATION RESULTS:
==================================================
Objective Value:     -9.372284e-01
True Objective:      -2.413704e+00
Optimality Gap:      -1.048961e+00 ± 7.004687e-01
Eq Violation l1:   1.567110e-05 (max: 2.285433e-03)
Ineq Violation l1: 2.520032e-07 (max: 1.084403e-04)
Solution Distance:   8.340003e+01 ± 1.934983e+00
Merit:             -9.370692e-01 ± 4.716313e-02
Avg Inference Time:  0.0913s
==================================================
Epoch 142/300, Loss: 0.4186, Obj: -1.8033, Eq Viol (l1): 0.000060, Ineq Viol (l1): 0.000009, Epoch time: 3.04s
Epoch 143/300, Loss: -0.0829, Obj: -1.9904, Eq Viol (l1): 0.000073, Ineq Viol (l1): 0.000013, Epoch time: 3.05s
Epoch 144/300, Loss: 0.4708, Obj: -1.8911, Eq Viol (l1): 0.000098, Ineq Viol (l1): 0.000011, Epoch time: 3.13s
Epoch 145/300, Loss: 0.4533, Obj: -1.8613, Eq Viol (l1): 0.000074, Ineq Viol (l1): 0.000011, Epoch time: 3.10s
Epoch 146/300, Loss: 0.6065, Obj: -2.0772, Eq Viol (l1): 0.000051, Ineq Viol (l1): 0.000004, Epoch time: 3.02s
Epoch 147/300, Loss: 1.3260, Obj: -1.9178, Eq Viol (l1): 0.000032, Ineq Viol (l1): 0.000004, Epoch time: 3.06s
Epoch 148/300, Loss: 1.4691, Obj: -1.5037, Eq Viol (l1): 0.000049, Ineq Viol (l1): 0.000007, Epoch time: 3.02s
Epoch 149/300, Loss: 0.8465, Obj: -2.1691, Eq Viol (l1): 0.000032, Ineq Viol (l1): 0.000004, Epoch time: 3.05s
Epoch 150/300, Loss: 1.9671, Obj: -1.1044, Eq Viol (l1): 0.000048, Ineq Viol (l1): 0.000006, Epoch time: 3.11s
Epoch 151/300, Loss: 0.9185, Obj: -1.6230, Eq Viol (l1): 0.000031, Ineq Viol (l1): 0.000001, Epoch time: 3.01s

Running validation at epoch 150...

VALIDATION_EPOCH_150 EVALUATION RESULTS:
==================================================
Objective Value:     -1.559074e+00
True Objective:      -2.413704e+00
Optimality Gap:      -1.900185e+00 ± 8.576789e-01
Eq Violation l1:   2.239558e-05 (max: 2.057017e-03)
Ineq Violation l1: 1.587715e-07 (max: 2.663381e-05)
Solution Distance:   8.386532e+01 ± 1.821819e+00
Merit:             -1.558849e+00 ± 4.572585e-02
Avg Inference Time:  0.0851s
==================================================
Epoch 152/300, Loss: -0.3878, Obj: -2.0484, Eq Viol (l1): 0.000036, Ineq Viol (l1): 0.000002, Epoch time: 2.95s
Epoch 153/300, Loss: -0.2875, Obj: -2.1523, Eq Viol (l1): 0.000024, Ineq Viol (l1): 0.000002, Epoch time: 3.03s
Epoch 154/300, Loss: 0.6432, Obj: -1.9260, Eq Viol (l1): 0.000062, Ineq Viol (l1): 0.000007, Epoch time: 3.02s
Epoch 155/300, Loss: 0.7091, Obj: -1.7175, Eq Viol (l1): 0.000119, Ineq Viol (l1): 0.000020, Epoch time: 3.05s
Epoch 156/300, Loss: 0.9745, Obj: -1.2850, Eq Viol (l1): 0.000110, Ineq Viol (l1): 0.000017, Epoch time: 3.08s
Epoch 157/300, Loss: 0.8660, Obj: -1.6874, Eq Viol (l1): 0.000049, Ineq Viol (l1): 0.000004, Epoch time: 3.12s
Epoch 158/300, Loss: -0.0696, Obj: -2.1427, Eq Viol (l1): 0.000038, Ineq Viol (l1): 0.000004, Epoch time: 3.02s
Epoch 159/300, Loss: 2.0355, Obj: -1.8025, Eq Viol (l1): 0.000036, Ineq Viol (l1): 0.000003, Epoch time: 3.06s
Epoch 160/300, Loss: 0.9757, Obj: -1.9792, Eq Viol (l1): 0.000027, Ineq Viol (l1): 0.000000, Epoch time: 2.97s
Epoch 161/300, Loss: 0.9238, Obj: -1.8244, Eq Viol (l1): 0.000028, Ineq Viol (l1): 0.000001, Epoch time: 3.00s

Running validation at epoch 160...

VALIDATION_EPOCH_160 EVALUATION RESULTS:
==================================================
Objective Value:     -1.526039e+00
True Objective:      -2.413704e+00
Optimality Gap:      -2.081973e+00 ± 1.096600e+00
Eq Violation l1:   2.874346e-05 (max: 2.830240e-03)
Ineq Violation l1: 4.304026e-07 (max: 1.199655e-04)
Solution Distance:   8.290230e+01 ± 1.898015e+00
Merit:             -1.525747e+00 ± 5.779392e-02
Avg Inference Time:  0.0865s
==================================================
Epoch 162/300, Loss: 1.3115, Obj: -1.4458, Eq Viol (l1): 0.000023, Ineq Viol (l1): 0.000000, Epoch time: 3.00s
Epoch 163/300, Loss: 1.3104, Obj: -1.7240, Eq Viol (l1): 0.000033, Ineq Viol (l1): 0.000001, Epoch time: 3.02s
Epoch 164/300, Loss: 1.3514, Obj: -1.8594, Eq Viol (l1): 0.000034, Ineq Viol (l1): 0.000004, Epoch time: 3.08s
Epoch 165/300, Loss: 0.8619, Obj: -1.5927, Eq Viol (l1): 0.000020, Ineq Viol (l1): 0.000001, Epoch time: 3.10s
Epoch 166/300, Loss: 0.9235, Obj: -1.4917, Eq Viol (l1): 0.000025, Ineq Viol (l1): 0.000001, Epoch time: 3.20s
Epoch 167/300, Loss: 0.1535, Obj: -1.8663, Eq Viol (l1): 0.000036, Ineq Viol (l1): 0.000004, Epoch time: 3.06s
Epoch 168/300, Loss: 0.0193, Obj: -1.9628, Eq Viol (l1): 0.000032, Ineq Viol (l1): 0.000003, Epoch time: 3.02s
Epoch 169/300, Loss: 0.1325, Obj: -1.8189, Eq Viol (l1): 0.000024, Ineq Viol (l1): 0.000001, Epoch time: 3.01s
Epoch 170/300, Loss: -0.3394, Obj: -2.1966, Eq Viol (l1): 0.000025, Ineq Viol (l1): 0.000001, Epoch time: 3.00s
Epoch 171/300, Loss: -0.7448, Obj: -2.2799, Eq Viol (l1): 0.000026, Ineq Viol (l1): 0.000001, Epoch time: 3.00s

Running validation at epoch 170...

VALIDATION_EPOCH_170 EVALUATION RESULTS:
==================================================
Objective Value:     -2.608784e+00
True Objective:      -2.413704e+00
Optimality Gap:      -3.871102e+00 ± 1.725231e+00
Eq Violation l1:   4.320931e-05 (max: 1.225030e-03)
Ineq Violation l1: 6.313438e-07 (max: 7.242718e-05)
Solution Distance:   7.952255e+01 ± 1.840302e+00
Merit:             -2.608345e+00 ± 5.475200e-02
Avg Inference Time:  0.0870s
==================================================
Epoch 172/300, Loss: -0.7035, Obj: -2.2417, Eq Viol (l1): 0.000030, Ineq Viol (l1): 0.000001, Epoch time: 3.03s
Epoch 173/300, Loss: -0.7907, Obj: -2.3322, Eq Viol (l1): 0.000022, Ineq Viol (l1): 0.000000, Epoch time: 3.00s
Epoch 174/300, Loss: -0.3622, Obj: -2.2647, Eq Viol (l1): 0.000030, Ineq Viol (l1): 0.000001, Epoch time: 3.05s
Epoch 175/300, Loss: 0.1573, Obj: -2.1304, Eq Viol (l1): 0.000018, Ineq Viol (l1): 0.000000, Epoch time: 3.07s
Epoch 176/300, Loss: 0.8422, Obj: -2.0332, Eq Viol (l1): 0.000055, Ineq Viol (l1): 0.000006, Epoch time: 3.09s
Epoch 177/300, Loss: 0.8568, Obj: -1.8564, Eq Viol (l1): 0.000024, Ineq Viol (l1): 0.000001, Epoch time: 3.03s
Epoch 178/300, Loss: 0.5904, Obj: -1.6319, Eq Viol (l1): 0.000021, Ineq Viol (l1): 0.000000, Epoch time: 3.08s
Epoch 179/300, Loss: 1.2186, Obj: -1.8550, Eq Viol (l1): 0.000024, Ineq Viol (l1): 0.000001, Epoch time: 3.09s
Epoch 180/300, Loss: 0.1712, Obj: -1.8818, Eq Viol (l1): 0.000026, Ineq Viol (l1): 0.000002, Epoch time: 3.06s
Epoch 181/300, Loss: 1.0673, Obj: -1.5779, Eq Viol (l1): 0.000024, Ineq Viol (l1): 0.000001, Epoch time: 3.10s

Running validation at epoch 180...

VALIDATION_EPOCH_180 EVALUATION RESULTS:
==================================================
Objective Value:     -2.123221e+00
True Objective:      -2.413704e+00
Optimality Gap:      -3.089121e+00 ± 1.391349e+00
Eq Violation l1:   5.376365e-05 (max: 2.070849e-03)
Ineq Violation l1: 4.264339e-07 (max: 4.126147e-05)
Solution Distance:   8.074780e+01 ± 1.855331e+00
Merit:             -2.122679e+00 ± 5.991562e-02
Avg Inference Time:  0.0873s
==================================================
Epoch 182/300, Loss: 1.8023, Obj: -1.4734, Eq Viol (l1): 0.000034, Ineq Viol (l1): 0.000005, Epoch time: 3.07s
Epoch 183/300, Loss: 1.0477, Obj: -1.1913, Eq Viol (l1): 0.000057, Ineq Viol (l1): 0.000008, Epoch time: 2.92s
Epoch 184/300, Loss: 1.0249, Obj: -1.6571, Eq Viol (l1): 0.000027, Ineq Viol (l1): 0.000001, Epoch time: 3.00s
Epoch 185/300, Loss: 0.6988, Obj: -1.8665, Eq Viol (l1): 0.000025, Ineq Viol (l1): 0.000000, Epoch time: 2.91s
Epoch 186/300, Loss: -0.1833, Obj: -2.1683, Eq Viol (l1): 0.000023, Ineq Viol (l1): 0.000000, Epoch time: 3.01s
Epoch 187/300, Loss: 0.5810, Obj: -1.9110, Eq Viol (l1): 0.000054, Ineq Viol (l1): 0.000005, Epoch time: 3.05s
Epoch 188/300, Loss: 0.4720, Obj: -1.9199, Eq Viol (l1): 0.000029, Ineq Viol (l1): 0.000003, Epoch time: 3.10s
Epoch 189/300, Loss: 0.2128, Obj: -2.0292, Eq Viol (l1): 0.000021, Ineq Viol (l1): 0.000000, Epoch time: 3.04s
Epoch 190/300, Loss: -0.1385, Obj: -2.0685, Eq Viol (l1): 0.000018, Ineq Viol (l1): 0.000000, Epoch time: 3.01s
Epoch 191/300, Loss: 0.4705, Obj: -2.0526, Eq Viol (l1): 0.000026, Ineq Viol (l1): 0.000001, Epoch time: 3.12s

Running validation at epoch 190...

VALIDATION_EPOCH_190 EVALUATION RESULTS:
==================================================
Objective Value:     -2.006204e+00
True Objective:      -2.413704e+00
Optimality Gap:      -2.909688e+00 ± 1.364540e+00
Eq Violation l1:   1.607752e-05 (max: 2.812450e-03)
Ineq Violation l1: 2.327020e-07 (max: 5.898644e-05)
Solution Distance:   8.134056e+01 ± 1.861460e+00
Merit:             -2.006041e+00 ± 5.185707e-02
Avg Inference Time:  0.0967s
==================================================
Epoch 192/300, Loss: -0.0290, Obj: -2.1965, Eq Viol (l1): 0.000026, Ineq Viol (l1): 0.000002, Epoch time: 2.99s
Epoch 193/300, Loss: -0.5203, Obj: -2.2546, Eq Viol (l1): 0.000019, Ineq Viol (l1): 0.000000, Epoch time: 3.00s
Epoch 194/300, Loss: 0.6313, Obj: -1.9963, Eq Viol (l1): 0.000023, Ineq Viol (l1): 0.000001, Epoch time: 3.12s
Epoch 195/300, Loss: 3.1653, Obj: -0.8489, Eq Viol (l1): 0.000114, Ineq Viol (l1): 0.000014, Epoch time: 3.25s
Epoch 196/300, Loss: 2.4649, Obj: -1.1316, Eq Viol (l1): 0.000064, Ineq Viol (l1): 0.000009, Epoch time: 3.26s
Epoch 197/300, Loss: 1.5534, Obj: -1.6345, Eq Viol (l1): 0.000064, Ineq Viol (l1): 0.000007, Epoch time: 3.06s
Epoch 198/300, Loss: 0.2851, Obj: -1.9222, Eq Viol (l1): 0.000022, Ineq Viol (l1): 0.000001, Epoch time: 3.07s
Epoch 199/300, Loss: 0.6346, Obj: -1.8533, Eq Viol (l1): 0.000028, Ineq Viol (l1): 0.000001, Epoch time: 3.05s
Epoch 200/300, Loss: 0.4920, Obj: -2.0563, Eq Viol (l1): 0.000043, Ineq Viol (l1): 0.000005, Epoch time: 3.28s
Epoch 201/300, Loss: 3.3733, Obj: -1.0316, Eq Viol (l1): 0.000066, Ineq Viol (l1): 0.000008, Epoch time: 3.28s

Running validation at epoch 200...

VALIDATION_EPOCH_200 EVALUATION RESULTS:
==================================================
Objective Value:     -1.213222e+00
True Objective:      -2.413704e+00
Optimality Gap:      -1.456831e+00 ± 8.714832e-01
Eq Violation l1:   1.681451e-05 (max: 2.903459e-03)
Ineq Violation l1: 2.983935e-07 (max: 1.047043e-04)
Solution Distance:   8.603516e+01 ± 1.944780e+00
Merit:             -1.213051e+00 ± 5.529629e-02
Avg Inference Time:  0.1064s
==================================================
Epoch 202/300, Loss: 2.3233, Obj: -1.5536, Eq Viol (l1): 0.000031, Ineq Viol (l1): 0.000003, Epoch time: 3.15s
Epoch 203/300, Loss: 0.2701, Obj: -1.9484, Eq Viol (l1): 0.000025, Ineq Viol (l1): 0.000002, Epoch time: 3.09s
Epoch 204/300, Loss: -0.1112, Obj: -2.0105, Eq Viol (l1): 0.000022, Ineq Viol (l1): 0.000000, Epoch time: 3.08s
Epoch 205/300, Loss: -0.2274, Obj: -2.0675, Eq Viol (l1): 0.000026, Ineq Viol (l1): 0.000001, Epoch time: 3.01s
Epoch 206/300, Loss: -0.2623, Obj: -2.0240, Eq Viol (l1): 0.000019, Ineq Viol (l1): 0.000000, Epoch time: 3.06s
Epoch 207/300, Loss: -0.6180, Obj: -2.1484, Eq Viol (l1): 0.000021, Ineq Viol (l1): 0.000001, Epoch time: 3.02s
Epoch 208/300, Loss: -0.6330, Obj: -2.3104, Eq Viol (l1): 0.000021, Ineq Viol (l1): 0.000000, Epoch time: 3.00s
Epoch 209/300, Loss: -0.7113, Obj: -2.2896, Eq Viol (l1): 0.000020, Ineq Viol (l1): 0.000000, Epoch time: 2.99s
Epoch 210/300, Loss: -0.5688, Obj: -2.1430, Eq Viol (l1): 0.000023, Ineq Viol (l1): 0.000000, Epoch time: 2.97s
Epoch 211/300, Loss: -0.6613, Obj: -2.3584, Eq Viol (l1): 0.000024, Ineq Viol (l1): 0.000001, Epoch time: 3.01s

Running validation at epoch 210...

VALIDATION_EPOCH_210 EVALUATION RESULTS:
==================================================
Objective Value:     -2.204086e+00
True Objective:      -2.413704e+00
Optimality Gap:      -3.281878e+00 ± 1.583985e+00
Eq Violation l1:   2.994643e-05 (max: 2.969129e-03)
Ineq Violation l1: 1.946360e-07 (max: 3.580149e-05)
Solution Distance:   8.253876e+01 ± 2.086711e+00
Merit:             -2.203785e+00 ± 5.833305e-02
Avg Inference Time:  0.0879s
==================================================
Epoch 212/300, Loss: -0.3124, Obj: -2.2208, Eq Viol (l1): 0.000040, Ineq Viol (l1): 0.000003, Epoch time: 2.99s
Epoch 213/300, Loss: 0.3508, Obj: -2.1612, Eq Viol (l1): 0.000031, Ineq Viol (l1): 0.000002, Epoch time: 3.08s
Epoch 214/300, Loss: 0.3220, Obj: -1.7464, Eq Viol (l1): 0.000024, Ineq Viol (l1): 0.000001, Epoch time: 3.11s
Epoch 215/300, Loss: 0.6645, Obj: -2.2819, Eq Viol (l1): 0.000041, Ineq Viol (l1): 0.000004, Epoch time: 3.05s
Epoch 216/300, Loss: -0.0225, Obj: -2.3259, Eq Viol (l1): 0.000036, Ineq Viol (l1): 0.000002, Epoch time: 2.96s
Epoch 217/300, Loss: -0.0818, Obj: -2.2752, Eq Viol (l1): 0.000021, Ineq Viol (l1): 0.000000, Epoch time: 3.04s
Epoch 218/300, Loss: 0.1358, Obj: -1.8187, Eq Viol (l1): 0.000021, Ineq Viol (l1): 0.000001, Epoch time: 3.05s
Epoch 219/300, Loss: -0.1749, Obj: -2.3241, Eq Viol (l1): 0.000040, Ineq Viol (l1): 0.000005, Epoch time: 3.09s
Epoch 220/300, Loss: 0.1151, Obj: -2.1398, Eq Viol (l1): 0.000022, Ineq Viol (l1): 0.000000, Epoch time: 3.06s
Epoch 221/300, Loss: -0.0179, Obj: -1.8138, Eq Viol (l1): 0.000021, Ineq Viol (l1): 0.000001, Epoch time: 2.99s

Running validation at epoch 220...

VALIDATION_EPOCH_220 EVALUATION RESULTS:
==================================================
Objective Value:     -2.308033e+00
True Objective:      -2.413704e+00
Optimality Gap:      -3.415004e+00 ± 1.544682e+00
Eq Violation l1:   1.510299e-05 (max: 2.333718e-03)
Ineq Violation l1: 4.040181e-07 (max: 1.401196e-04)
Solution Distance:   8.254938e+01 ± 1.754503e+00
Merit:             -2.307878e+00 ± 5.286373e-02
Avg Inference Time:  0.0957s
==================================================
Epoch 222/300, Loss: -0.1978, Obj: -2.2189, Eq Viol (l1): 0.000022, Ineq Viol (l1): 0.000000, Epoch time: 2.99s
Epoch 223/300, Loss: -0.4992, Obj: -2.1263, Eq Viol (l1): 0.000028, Ineq Viol (l1): 0.000000, Epoch time: 2.95s
Epoch 224/300, Loss: -1.1000, Obj: -2.3621, Eq Viol (l1): 0.000030, Ineq Viol (l1): 0.000002, Epoch time: 2.92s
Epoch 225/300, Loss: -1.0640, Obj: -2.5159, Eq Viol (l1): 0.000025, Ineq Viol (l1): 0.000001, Epoch time: 2.93s
Epoch 226/300, Loss: -1.1423, Obj: -2.4426, Eq Viol (l1): 0.000025, Ineq Viol (l1): 0.000001, Epoch time: 2.95s
Epoch 227/300, Loss: -1.2241, Obj: -2.5132, Eq Viol (l1): 0.000023, Ineq Viol (l1): 0.000000, Epoch time: 2.94s
Epoch 228/300, Loss: 0.1902, Obj: -2.5964, Eq Viol (l1): 0.000038, Ineq Viol (l1): 0.000000, Epoch time: 2.98s
Epoch 229/300, Loss: 3.0327, Obj: -1.3426, Eq Viol (l1): 0.000020, Ineq Viol (l1): 0.000001, Epoch time: 3.11s
Epoch 230/300, Loss: 0.2326, Obj: -1.9287, Eq Viol (l1): 0.000020, Ineq Viol (l1): 0.000000, Epoch time: 3.03s
Epoch 231/300, Loss: -0.3458, Obj: -2.1358, Eq Viol (l1): 0.000019, Ineq Viol (l1): 0.000000, Epoch time: 3.05s

Running validation at epoch 230...

VALIDATION_EPOCH_230 EVALUATION RESULTS:
==================================================
Objective Value:     -2.389324e+00
True Objective:      -2.413704e+00
Optimality Gap:      -3.542036e+00 ± 1.584325e+00
Eq Violation l1:   3.609534e-05 (max: 1.625227e-03)
Ineq Violation l1: 2.999332e-07 (max: 3.015529e-05)
Solution Distance:   8.291683e+01 ± 2.027176e+00
Merit:             -2.388960e+00 ± 6.795815e-02
Avg Inference Time:  0.0837s
==================================================
Epoch 232/300, Loss: -0.4931, Obj: -2.2846, Eq Viol (l1): 0.000028, Ineq Viol (l1): 0.000001, Epoch time: 3.00s
Epoch 233/300, Loss: -0.9401, Obj: -2.3305, Eq Viol (l1): 0.000026, Ineq Viol (l1): 0.000001, Epoch time: 3.10s
Epoch 234/300, Loss: -0.8968, Obj: -2.3647, Eq Viol (l1): 0.000026, Ineq Viol (l1): 0.000001, Epoch time: 3.04s
Epoch 235/300, Loss: -0.1854, Obj: -2.2974, Eq Viol (l1): 0.000026, Ineq Viol (l1): 0.000001, Epoch time: 3.06s
Epoch 236/300, Loss: 0.9923, Obj: -2.3936, Eq Viol (l1): 0.000021, Ineq Viol (l1): 0.000000, Epoch time: 3.03s
Epoch 237/300, Loss: 1.3995, Obj: -1.5088, Eq Viol (l1): 0.000036, Ineq Viol (l1): 0.000003, Epoch time: 3.05s
Epoch 238/300, Loss: 2.0162, Obj: -1.0904, Eq Viol (l1): 0.000142, Ineq Viol (l1): 0.000019, Epoch time: 3.10s
Epoch 239/300, Loss: 3.5762, Obj: -0.2701, Eq Viol (l1): 0.000219, Ineq Viol (l1): 0.000033, Epoch time: 3.19s
Epoch 240/300, Loss: 1.5808, Obj: -1.1053, Eq Viol (l1): 0.000153, Ineq Viol (l1): 0.000022, Epoch time: 3.18s
Epoch 241/300, Loss: 0.2864, Obj: -1.4417, Eq Viol (l1): 0.000040, Ineq Viol (l1): 0.000004, Epoch time: 3.04s

Running validation at epoch 240...

VALIDATION_EPOCH_240 EVALUATION RESULTS:
==================================================
Objective Value:     -2.667044e+00
True Objective:      -2.413704e+00
Optimality Gap:      -4.064443e+00 ± 1.754305e+00
Eq Violation l1:   2.663474e-05 (max: 3.483697e-03)
Ineq Violation l1: 4.974469e-07 (max: 1.128323e-04)
Solution Distance:   8.236954e+01 ± 1.964732e+00
Merit:             -2.666772e+00 ± 6.630187e-02
Avg Inference Time:  0.0956s
==================================================
Epoch 242/300, Loss: 1.1896, Obj: -2.3659, Eq Viol (l1): 0.000027, Ineq Viol (l1): 0.000001, Epoch time: 3.08s
Epoch 243/300, Loss: 1.9167, Obj: -1.3250, Eq Viol (l1): 0.000025, Ineq Viol (l1): 0.000001, Epoch time: 3.12s
Epoch 244/300, Loss: 3.6606, Obj: -1.5317, Eq Viol (l1): 0.000047, Ineq Viol (l1): 0.000005, Epoch time: 3.12s
Epoch 245/300, Loss: 1.3629, Obj: -1.1219, Eq Viol (l1): 0.000064, Ineq Viol (l1): 0.000005, Epoch time: 3.13s
Epoch 246/300, Loss: 1.6851, Obj: -1.9956, Eq Viol (l1): 0.000133, Ineq Viol (l1): 0.000018, Epoch time: 3.17s
Epoch 247/300, Loss: 1.6410, Obj: -1.6623, Eq Viol (l1): 0.000159, Ineq Viol (l1): 0.000025, Epoch time: 3.23s
Epoch 248/300, Loss: 1.8038, Obj: -1.4013, Eq Viol (l1): 0.000145, Ineq Viol (l1): 0.000026, Epoch time: 3.21s
Epoch 249/300, Loss: 2.9524, Obj: -1.0679, Eq Viol (l1): 0.000055, Ineq Viol (l1): 0.000004, Epoch time: 3.22s
Epoch 250/300, Loss: 2.3705, Obj: -1.2964, Eq Viol (l1): 0.000055, Ineq Viol (l1): 0.000005, Epoch time: 3.20s
Epoch 251/300, Loss: 1.8000, Obj: -1.3150, Eq Viol (l1): 0.000147, Ineq Viol (l1): 0.000034, Epoch time: 3.19s

Running validation at epoch 250...

VALIDATION_EPOCH_250 EVALUATION RESULTS:
==================================================
Objective Value:     -1.811606e+00
True Objective:      -2.413704e+00
Optimality Gap:      -2.621139e+00 ± 1.218694e+00
Eq Violation l1:   1.586337e-05 (max: 2.984287e-03)
Ineq Violation l1: 2.958741e-07 (max: 1.227019e-04)
Solution Distance:   8.289644e+01 ± 1.894531e+00
Merit:             -1.811445e+00 ± 4.257363e-02
Avg Inference Time:  0.1005s
==================================================
Epoch 252/300, Loss: 3.0546, Obj: -1.4360, Eq Viol (l1): 0.000113, Ineq Viol (l1): 0.000020, Epoch time: 3.21s
Epoch 253/300, Loss: 2.8716, Obj: -1.1713, Eq Viol (l1): 0.000035, Ineq Viol (l1): 0.000003, Epoch time: 3.16s
Epoch 254/300, Loss: 1.9726, Obj: -1.4064, Eq Viol (l1): 0.000023, Ineq Viol (l1): 0.000001, Epoch time: 3.15s
Epoch 255/300, Loss: 1.1350, Obj: -1.6042, Eq Viol (l1): 0.000016, Ineq Viol (l1): 0.000000, Epoch time: 3.08s
Epoch 256/300, Loss: 0.2969, Obj: -1.8441, Eq Viol (l1): 0.000016, Ineq Viol (l1): 0.000000, Epoch time: 3.15s
Epoch 257/300, Loss: 0.1208, Obj: -1.9564, Eq Viol (l1): 0.000023, Ineq Viol (l1): 0.000001, Epoch time: 3.11s
Epoch 258/300, Loss: 0.4741, Obj: -1.8797, Eq Viol (l1): 0.000019, Ineq Viol (l1): 0.000000, Epoch time: 3.16s
Epoch 259/300, Loss: 0.1143, Obj: -2.0260, Eq Viol (l1): 0.000030, Ineq Viol (l1): 0.000002, Epoch time: 3.16s
Epoch 260/300, Loss: 0.3150, Obj: -1.9210, Eq Viol (l1): 0.000024, Ineq Viol (l1): 0.000002, Epoch time: 3.09s
Epoch 261/300, Loss: -0.2137, Obj: -2.1000, Eq Viol (l1): 0.000021, Ineq Viol (l1): 0.000001, Epoch time: 3.11s

Running validation at epoch 260...

VALIDATION_EPOCH_260 EVALUATION RESULTS:
==================================================
Objective Value:     -2.226459e+00
True Objective:      -2.413704e+00
Optimality Gap:      -3.460218e+00 ± 1.699113e+00
Eq Violation l1:   1.666238e-05 (max: 2.371350e-03)
Ineq Violation l1: 2.587904e-07 (max: 6.570193e-05)
Solution Distance:   8.449264e+01 ± 2.017563e+00
Merit:             -2.226289e+00 ± 4.750827e-02
Avg Inference Time:  0.0953s
==================================================
Epoch 262/300, Loss: 0.5428, Obj: -2.1751, Eq Viol (l1): 0.000020, Ineq Viol (l1): 0.000001, Epoch time: 3.13s
Epoch 263/300, Loss: 1.1066, Obj: -1.6973, Eq Viol (l1): 0.000021, Ineq Viol (l1): 0.000001, Epoch time: 3.14s
Epoch 264/300, Loss: -0.0951, Obj: -2.0186, Eq Viol (l1): 0.000039, Ineq Viol (l1): 0.000002, Epoch time: 3.04s
Epoch 265/300, Loss: -0.3218, Obj: -2.3000, Eq Viol (l1): 0.000015, Ineq Viol (l1): 0.000000, Epoch time: 3.12s
Epoch 266/300, Loss: 0.2758, Obj: -1.9273, Eq Viol (l1): 0.000024, Ineq Viol (l1): 0.000001, Epoch time: 3.06s
Epoch 267/300, Loss: -0.3562, Obj: -2.1860, Eq Viol (l1): 0.000022, Ineq Viol (l1): 0.000001, Epoch time: 3.10s
Epoch 268/300, Loss: -0.8532, Obj: -2.3765, Eq Viol (l1): 0.000027, Ineq Viol (l1): 0.000000, Epoch time: 2.97s
Epoch 269/300, Loss: 0.3897, Obj: -2.0175, Eq Viol (l1): 0.000031, Ineq Viol (l1): 0.000002, Epoch time: 3.05s
Epoch 270/300, Loss: -0.0902, Obj: -2.1302, Eq Viol (l1): 0.029696, Ineq Viol (l1): 0.011121, Epoch time: 2.97s
Epoch 271/300, Loss: 0.1598, Obj: -1.9618, Eq Viol (l1): 0.033149, Ineq Viol (l1): 0.014479, Epoch time: 3.08s

Running validation at epoch 270...

VALIDATION_EPOCH_270 EVALUATION RESULTS:
==================================================
Objective Value:     -2.404718e+00
True Objective:      -2.413704e+00
Optimality Gap:      -3.734259e+00 ± 1.741661e+00
Eq Violation l1:   1.267458e-05 (max: 2.689181e-03)
Ineq Violation l1: 3.487949e-07 (max: 1.165647e-04)
Solution Distance:   8.217446e+01 ± 1.900176e+00
Merit:             -2.404588e+00 ± 5.742121e-02
Avg Inference Time:  0.1022s
==================================================
Epoch 272/300, Loss: 0.4715, Obj: -2.3265, Eq Viol (l1): 0.036571, Ineq Viol (l1): 0.020339, Epoch time: 3.27s
Epoch 273/300, Loss: 2.4861, Obj: -1.5019, Eq Viol (l1): 0.028163, Ineq Viol (l1): 0.009374, Epoch time: 3.16s
Epoch 274/300, Loss: 0.1107, Obj: -1.8246, Eq Viol (l1): 0.042059, Ineq Viol (l1): 0.021607, Epoch time: 3.10s
Epoch 275/300, Loss: 0.9518, Obj: -1.8594, Eq Viol (l1): 0.004966, Ineq Viol (l1): 0.000995, Epoch time: 3.00s
Epoch 276/300, Loss: -0.2263, Obj: -2.2826, Eq Viol (l1): 0.030838, Ineq Viol (l1): 0.014407, Epoch time: 3.02s
Epoch 277/300, Loss: 0.6004, Obj: -2.1826, Eq Viol (l1): 0.003187, Ineq Viol (l1): 0.000655, Epoch time: 3.06s
Epoch 278/300, Loss: 1.1323, Obj: -2.1843, Eq Viol (l1): 0.011715, Ineq Viol (l1): 0.002628, Epoch time: 3.14s
Epoch 279/300, Loss: 3.1336, Obj: -1.8183, Eq Viol (l1): 0.012911, Ineq Viol (l1): 0.004177, Epoch time: 3.21s
Epoch 280/300, Loss: 5.1969, Obj: -1.8914, Eq Viol (l1): 0.093378, Ineq Viol (l1): 0.025990, Epoch time: 3.24s
Epoch 281/300, Loss: 41.7773, Obj: 1.4597, Eq Viol (l1): 2.958828, Ineq Viol (l1): 1.159733, Epoch time: 3.57s

Running validation at epoch 280...

VALIDATION_EPOCH_280 EVALUATION RESULTS:
==================================================
Objective Value:     6.050121e+00
True Objective:      -2.413704e+00
Optimality Gap:      1.529675e+01 ± 5.326346e+00
Eq Violation l1:   8.462083e+00 (max: 3.397257e+02)
Ineq Violation l1: 3.999886e+00 (max: 1.679884e+02)
Solution Distance:   1.693562e+02 ± 2.643231e+01
Merit:             1.306698e+02 ± 4.631769e+01
Avg Inference Time:  0.1351s
==================================================
Epoch 282/300, Loss: 4637.6070, Obj: 7.8330, Eq Viol (l1): 9.254161, Ineq Viol (l1): 3.829571, Epoch time: 3.85s
Epoch 283/300, Loss: 19301.7265, Obj: 19.6137, Eq Viol (l1): 20.534798, Ineq Viol (l1): 8.703752, Epoch time: 4.05s
Epoch 284/300, Loss: 41549.9586, Obj: 154.1848, Eq Viol (l1): 27.783253, Ineq Viol (l1): 17.525760, Epoch time: 4.15s
Epoch 285/300, Loss: 34307.7182, Obj: 25.5339, Eq Viol (l1): 21.182199, Ineq Viol (l1): 8.126967, Epoch time: 4.15s
Epoch 286/300, Loss: 32097.1379, Obj: 21.4070, Eq Viol (l1): 19.075683, Ineq Viol (l1): 6.546745, Epoch time: 4.20s
Epoch 287/300, Loss: 52940.9743, Obj: 477.9244, Eq Viol (l1): 34.777340, Ineq Viol (l1): 17.004655, Epoch time: 4.14s
Epoch 288/300, Loss: 37203.3329, Obj: 22.9566, Eq Viol (l1): 17.173562, Ineq Viol (l1): 6.443308, Epoch time: 4.07s
Epoch 289/300, Loss: 36884.2657, Obj: 21.7485, Eq Viol (l1): 16.475246, Ineq Viol (l1): 5.747846, Epoch time: 4.10s
Epoch 290/300, Loss: 29672.3544, Obj: 17.6169, Eq Viol (l1): 13.416003, Ineq Viol (l1): 4.606200, Epoch time: 4.07s
Epoch 291/300, Loss: 19902.9299, Obj: 13.5831, Eq Viol (l1): 8.788829, Ineq Viol (l1): 3.286817, Epoch time: 3.81s

Running validation at epoch 290...

VALIDATION_EPOCH_290 EVALUATION RESULTS:
==================================================
Objective Value:     1.067631e+01
True Objective:      -2.413704e+00
Optimality Gap:      1.157450e+01 ± 5.224583e-01
Eq Violation l1:   6.850447e+00 (max: 2.755787e+02)
Ineq Violation l1: 2.196550e+00 (max: 1.178907e+02)
Solution Distance:   2.209668e+02 ± 6.170767e+00
Merit:             1.011463e+02 ± 8.808576e+00
Avg Inference Time:  0.1400s
==================================================
Epoch 292/300, Loss: 13021.8576, Obj: 11.7450, Eq Viol (l1): 8.213906, Ineq Viol (l1): 2.782850, Epoch time: 3.83s
Epoch 293/300, Loss: 18777.0898, Obj: 13.3321, Eq Viol (l1): 8.568357, Ineq Viol (l1): 3.203292, Epoch time: 3.93s
Epoch 294/300, Loss: 15181.0808, Obj: 12.7068, Eq Viol (l1): 8.026766, Ineq Viol (l1): 2.932701, Epoch time: 3.87s
Epoch 295/300, Loss: 10869.1951, Obj: 10.6052, Eq Viol (l1): 6.946903, Ineq Viol (l1): 2.397702, Epoch time: 3.84s
Epoch 296/300, Loss: 20845.0714, Obj: 20.2533, Eq Viol (l1): 9.596132, Ineq Viol (l1): 4.410175, Epoch time: 3.91s
Epoch 297/300, Loss: 25312.7100, Obj: 19.6903, Eq Viol (l1): 14.749717, Ineq Viol (l1): 5.812066, Epoch time: 4.06s
Epoch 298/300, Loss: 24731.0483, Obj: 18.8073, Eq Viol (l1): 14.316057, Ineq Viol (l1): 5.859581, Epoch time: 4.06s
Epoch 299/300, Loss: 25163.4624, Obj: 23.6029, Eq Viol (l1): 12.222301, Ineq Viol (l1): 5.217020, Epoch time: 4.08s
Epoch 300/300, Loss: 25786.3877, Obj: 25.5052, Eq Viol (l1): 10.665459, Ineq Viol (l1): 4.695977, Epoch time: 4.07s

Training completed in 910.66 seconds.

============================================================
COMPREHENSIVE TEST EVALUATION WITH DETAILED RESULTS
============================================================
Testing with batch sizes: [256, 512]

Evaluating with batch size: 256 (with detailed results)

TEST_BS256 EVALUATION RESULTS:
==================================================
Objective Value:     1.716438e+01
True Objective:      -2.409220e+00
Optimality Gap:      2.759233e+01 ± 1.386977e+01
Eq Violation l1:   8.860227e+00 (max: 2.562598e+02)
Ineq Violation l1: 2.849263e+00 (max: 1.069608e+02)
Solution Distance:   2.813016e+02 ± 3.559090e+01
Merit:             1.342593e+02 ± 3.318792e+01
Avg Inference Time:  0.1285s
==================================================

Evaluating with batch size: 512 (with detailed results)

TEST_BS512 EVALUATION RESULTS:
==================================================
Objective Value:     1.759557e+01
True Objective:      -2.408634e+00
Optimality Gap:      2.828851e+01 ± 8.165366e+00
Eq Violation l1:   9.908723e+00 (max: 2.788795e+02)
Ineq Violation l1: 3.191468e+00 (max: 1.308505e+02)
Solution Distance:   2.857982e+02 ± 1.272648e+01
Merit:             1.485975e+02 ± 5.134217e+00
Avg Inference Time:  0.1530s
==================================================

TEST BATCH SIZE COMPARISON:
================================================================================
Batch Size   Objective    Opt Gap      Eq Viol      Ineq Viol    Time (s)  
--------------------------------------------------------------------------------
256          1.7164e+01   2.7592e+01   8.8602e+00   2.8493e+00   1.03      
512          1.7596e+01   2.8289e+01   9.9087e+00   3.1915e+00   0.61      
================================================================================

Saving model and results to: results/nonsmooth_nonconvex/socp/SOCPProblem-100-50-50-10000/20260108-042644_MLP_FSNet_seed1_nepochs300_lr0.0002_trainsize7000_finetune_20260108-031328_model_280
✓ Model saved: results/nonsmooth_nonconvex/socp/SOCPProblem-100-50-50-10000/20260108-042644_MLP_FSNet_seed1_nepochs300_lr0.0002_trainsize7000_finetune_20260108-031328_model_280/model.pt
✓ Detailed results saved: results/nonsmooth_nonconvex/socp/SOCPProblem-100-50-50-10000/20260108-042644_MLP_FSNet_seed1_nepochs300_lr0.0002_trainsize7000_finetune_20260108-031328_model_280/results.pkl

Files saved (or attempted):
  - model.pt (model weights and architecture)
  - results.pkl (training history, metrics, detailed test results)
Training and testing completed in 913.99 seconds
Done!!!
============================================================
==========         =====================         ===========
==========   1      =====================         ===========
==========         =====================         ===========
============================================================

======= Running for problem: nonsmooth_nonconvex/socp =======

Loading problem instance: nonsmooth_nonconvex/socp with size [100, 50, 50, 10000]
Loading  dataset from: datasets/nonsmooth_nonconvex/socp/random2025_socp_dataset_var100_ineq50_eq50_ex10000 

Running on:  cuda
Training model using FSNet method with seed 2 for 300 epochs
Using batch size: 512
Loading model from checkpoint: results/nonsmooth_nonconvex/socp/SOCPProblem-100-50-50-10000/20260108-031328_MLP_sup_seed1_nepochs500_lr0.0005_trainsize1000_subopt_2_1.0/model_280.pt

lr: 0.0002, weight_decay: 0.001, num_epochs: 300

Epoch 1/300, Loss: 38.1973, Obj: 25.4535, Eq Viol (l1): 0.000039, Ineq Viol (l1): 0.000000, Epoch time: 6.75s

Running validation at epoch 0...

VALIDATION_EPOCH_0 EVALUATION RESULTS:
==================================================
Objective Value:     2.554669e+01
True Objective:      -2.413704e+00
Optimality Gap:      4.275783e+01 ± 1.272946e+01
Eq Violation l1:   3.563338e-05 (max: 2.628764e-03)
Ineq Violation l1: 3.145287e-07 (max: 6.166374e-05)
Solution Distance:   1.792847e+02 ± 4.171057e-02
Merit:             2.554705e+01 ± 4.668560e-02
Avg Inference Time:  0.6204s
==================================================
Epoch 2/300, Loss: 35.5888, Obj: 25.4926, Eq Viol (l1): 0.000032, Ineq Viol (l1): 0.000000, Epoch time: 2.90s
Epoch 3/300, Loss: 31.9295, Obj: 25.5408, Eq Viol (l1): 0.000040, Ineq Viol (l1): 0.000000, Epoch time: 2.80s
Epoch 4/300, Loss: 28.7055, Obj: 24.4648, Eq Viol (l1): 0.000038, Ineq Viol (l1): 0.000000, Epoch time: 2.76s
Epoch 5/300, Loss: 25.5018, Obj: 22.1171, Eq Viol (l1): 0.000041, Ineq Viol (l1): 0.000000, Epoch time: 2.73s
Epoch 6/300, Loss: 22.5577, Obj: 19.8082, Eq Viol (l1): 0.000054, Ineq Viol (l1): 0.000000, Epoch time: 2.66s
Epoch 7/300, Loss: 19.8416, Obj: 17.3599, Eq Viol (l1): 0.000057, Ineq Viol (l1): 0.000000, Epoch time: 2.67s
Epoch 8/300, Loss: 17.4578, Obj: 15.2965, Eq Viol (l1): 0.000064, Ineq Viol (l1): 0.000000, Epoch time: 2.69s
Epoch 9/300, Loss: 15.0551, Obj: 13.1055, Eq Viol (l1): 0.000056, Ineq Viol (l1): 0.000000, Epoch time: 2.68s
Epoch 10/300, Loss: 10.4771, Obj: 8.7055, Eq Viol (l1): 0.000051, Ineq Viol (l1): 0.000000, Epoch time: 2.68s
Epoch 11/300, Loss: 5.5641, Obj: 3.9710, Eq Viol (l1): 0.000063, Ineq Viol (l1): 0.000000, Epoch time: 2.60s

Running validation at epoch 10...

VALIDATION_EPOCH_10 EVALUATION RESULTS:
==================================================
Objective Value:     2.370928e+00
True Objective:      -2.413704e+00
Optimality Gap:      5.175573e+00 ± 1.412275e+00
Eq Violation l1:   7.489500e-05 (max: 1.681444e-03)
Ineq Violation l1: 7.507751e-08 (max: 8.458011e-06)
Solution Distance:   9.409106e+01 ± 1.242394e+00
Merit:             2.371678e+00 ± 2.030518e-02
Avg Inference Time:  0.0711s
==================================================
Epoch 12/300, Loss: 3.4892, Obj: 1.9334, Eq Viol (l1): 0.000067, Ineq Viol (l1): 0.000000, Epoch time: 2.60s
Epoch 13/300, Loss: 2.2633, Obj: 1.0014, Eq Viol (l1): 0.000078, Ineq Viol (l1): 0.000000, Epoch time: 2.57s
Epoch 14/300, Loss: 1.6669, Obj: 0.5721, Eq Viol (l1): 0.000092, Ineq Viol (l1): 0.000000, Epoch time: 2.52s
Epoch 15/300, Loss: 1.3293, Obj: 0.3116, Eq Viol (l1): 0.000097, Ineq Viol (l1): 0.000000, Epoch time: 2.52s
Epoch 16/300, Loss: 1.0695, Obj: 0.1701, Eq Viol (l1): 0.000090, Ineq Viol (l1): 0.000000, Epoch time: 2.55s
Epoch 17/300, Loss: 0.8949, Obj: 0.0290, Eq Viol (l1): 0.000087, Ineq Viol (l1): 0.000000, Epoch time: 2.55s
Epoch 18/300, Loss: 0.7883, Obj: -0.0620, Eq Viol (l1): 0.000094, Ineq Viol (l1): 0.000001, Epoch time: 2.55s
Epoch 19/300, Loss: 0.6705, Obj: -0.1405, Eq Viol (l1): 0.000098, Ineq Viol (l1): 0.000001, Epoch time: 2.55s
Epoch 20/300, Loss: 0.6388, Obj: -0.1479, Eq Viol (l1): 0.000090, Ineq Viol (l1): 0.000001, Epoch time: 2.56s
Epoch 21/300, Loss: 0.6676, Obj: -0.1833, Eq Viol (l1): 0.000096, Ineq Viol (l1): 0.000001, Epoch time: 2.56s

Running validation at epoch 20...

VALIDATION_EPOCH_20 EVALUATION RESULTS:
==================================================
Objective Value:     -3.068374e-01
True Objective:      -2.413704e+00
Optimality Gap:      4.574754e-01 ± 1.820959e-01
Eq Violation l1:   7.568204e-05 (max: 1.216180e-03)
Ineq Violation l1: 3.514185e-07 (max: 1.773360e-05)
Solution Distance:   8.358253e+01 ± 2.827555e-01
Merit:             -3.060771e-01 ± 1.333535e-02
Avg Inference Time:  0.0686s
==================================================
Epoch 22/300, Loss: 0.6847, Obj: -0.1909, Eq Viol (l1): 0.000099, Ineq Viol (l1): 0.000001, Epoch time: 2.55s
Epoch 23/300, Loss: 0.5679, Obj: -0.2478, Eq Viol (l1): 0.000093, Ineq Viol (l1): 0.000001, Epoch time: 2.56s
Epoch 24/300, Loss: 0.6276, Obj: -0.2904, Eq Viol (l1): 0.000084, Ineq Viol (l1): 0.000001, Epoch time: 2.58s
Epoch 25/300, Loss: 0.4849, Obj: -0.3392, Eq Viol (l1): 0.000092, Ineq Viol (l1): 0.000001, Epoch time: 2.57s
Epoch 26/300, Loss: 0.4126, Obj: -0.3518, Eq Viol (l1): 0.000090, Ineq Viol (l1): 0.000001, Epoch time: 2.57s
Epoch 27/300, Loss: 0.3560, Obj: -0.4202, Eq Viol (l1): 0.000088, Ineq Viol (l1): 0.000001, Epoch time: 2.59s
Epoch 28/300, Loss: 0.3071, Obj: -0.4716, Eq Viol (l1): 0.000085, Ineq Viol (l1): 0.000001, Epoch time: 2.60s
Epoch 29/300, Loss: 0.2500, Obj: -0.4947, Eq Viol (l1): 0.000088, Ineq Viol (l1): 0.000001, Epoch time: 2.59s
Epoch 30/300, Loss: 0.2381, Obj: -0.5230, Eq Viol (l1): 0.000079, Ineq Viol (l1): 0.000001, Epoch time: 2.62s
Epoch 31/300, Loss: 0.2425, Obj: -0.5424, Eq Viol (l1): 0.000078, Ineq Viol (l1): 0.000001, Epoch time: 2.62s

Running validation at epoch 30...

VALIDATION_EPOCH_30 EVALUATION RESULTS:
==================================================
Objective Value:     -6.959599e-01
True Objective:      -2.413704e+00
Optimality Gap:      -1.803437e-01 ± 3.698992e-01
Eq Violation l1:   8.325346e-05 (max: 1.434378e-03)
Ineq Violation l1: 6.422891e-07 (max: 6.291592e-05)
Solution Distance:   7.859617e+01 ± 3.463849e-01
Merit:             -6.951209e-01 ± 1.082917e-03
Avg Inference Time:  0.0711s
==================================================
Epoch 32/300, Loss: 0.0956, Obj: -0.6448, Eq Viol (l1): 0.000087, Ineq Viol (l1): 0.000001, Epoch time: 2.60s
Epoch 33/300, Loss: 0.1682, Obj: -0.6351, Eq Viol (l1): 0.000084, Ineq Viol (l1): 0.000001, Epoch time: 2.60s
Epoch 34/300, Loss: 0.1447, Obj: -0.6917, Eq Viol (l1): 0.000082, Ineq Viol (l1): 0.000001, Epoch time: 2.72s
Epoch 35/300, Loss: 0.2179, Obj: -0.7065, Eq Viol (l1): 0.000073, Ineq Viol (l1): 0.000001, Epoch time: 2.63s
Epoch 36/300, Loss: 0.1428, Obj: -0.7475, Eq Viol (l1): 0.000077, Ineq Viol (l1): 0.000001, Epoch time: 2.62s
Epoch 37/300, Loss: 0.2228, Obj: -0.7623, Eq Viol (l1): 0.000081, Ineq Viol (l1): 0.000001, Epoch time: 2.60s
Epoch 38/300, Loss: 0.0220, Obj: -0.8590, Eq Viol (l1): 0.000073, Ineq Viol (l1): 0.000001, Epoch time: 2.64s
Epoch 39/300, Loss: 0.0817, Obj: -0.8219, Eq Viol (l1): 0.000076, Ineq Viol (l1): 0.000001, Epoch time: 2.63s
Epoch 40/300, Loss: 0.2263, Obj: -0.8073, Eq Viol (l1): 0.000070, Ineq Viol (l1): 0.000001, Epoch time: 2.64s
Epoch 41/300, Loss: 0.1141, Obj: -0.8684, Eq Viol (l1): 0.000072, Ineq Viol (l1): 0.000001, Epoch time: 2.65s

Running validation at epoch 40...

VALIDATION_EPOCH_40 EVALUATION RESULTS:
==================================================
Objective Value:     -1.003049e+00
True Objective:      -2.413704e+00
Optimality Gap:      -6.845993e-01 ± 6.040574e-01
Eq Violation l1:   6.954765e-05 (max: 1.132322e-03)
Ineq Violation l1: 6.737625e-07 (max: 4.065104e-05)
Solution Distance:   7.532746e+01 ± 9.046069e-01
Merit:             -1.002347e+00 ± 2.480051e-02
Avg Inference Time:  0.0747s
==================================================
Epoch 42/300, Loss: -0.0436, Obj: -0.9495, Eq Viol (l1): 0.000074, Ineq Viol (l1): 0.000001, Epoch time: 2.65s
Epoch 43/300, Loss: 0.0662, Obj: -0.9612, Eq Viol (l1): 0.000067, Ineq Viol (l1): 0.000001, Epoch time: 2.66s
Epoch 44/300, Loss: -0.1132, Obj: -1.0298, Eq Viol (l1): 0.000070, Ineq Viol (l1): 0.000001, Epoch time: 2.65s
Epoch 45/300, Loss: -0.2451, Obj: -1.1463, Eq Viol (l1): 0.000070, Ineq Viol (l1): 0.000001, Epoch time: 2.67s
Epoch 46/300, Loss: 0.1626, Obj: -1.2296, Eq Viol (l1): 0.000073, Ineq Viol (l1): 0.000001, Epoch time: 2.71s
Epoch 47/300, Loss: -0.1810, Obj: -1.2944, Eq Viol (l1): 0.000065, Ineq Viol (l1): 0.000001, Epoch time: 2.66s
Epoch 48/300, Loss: -0.1635, Obj: -1.3578, Eq Viol (l1): 0.000076, Ineq Viol (l1): 0.000001, Epoch time: 2.64s
Epoch 49/300, Loss: -0.4622, Obj: -1.6147, Eq Viol (l1): 0.000063, Ineq Viol (l1): 0.000001, Epoch time: 2.67s
Epoch 50/300, Loss: -0.6967, Obj: -1.7814, Eq Viol (l1): 0.000058, Ineq Viol (l1): 0.000000, Epoch time: 2.65s
Epoch 51/300, Loss: -0.7880, Obj: -1.9780, Eq Viol (l1): 0.000057, Ineq Viol (l1): 0.000000, Epoch time: 2.71s

Running validation at epoch 50...

VALIDATION_EPOCH_50 EVALUATION RESULTS:
==================================================
Objective Value:     -2.193658e+00
True Objective:      -2.413704e+00
Optimality Gap:      -2.988685e+00 ± 1.451267e+00
Eq Violation l1:   1.016177e-04 (max: 1.413406e-03)
Ineq Violation l1: 5.696426e-07 (max: 4.958631e-05)
Solution Distance:   7.253959e+01 ± 1.420282e+00
Merit:             -2.192636e+00 ± 4.291219e-02
Avg Inference Time:  0.0759s
==================================================
Epoch 52/300, Loss: -0.6666, Obj: -1.8927, Eq Viol (l1): 0.000055, Ineq Viol (l1): 0.000000, Epoch time: 2.66s
Epoch 53/300, Loss: -1.0100, Obj: -2.0642, Eq Viol (l1): 0.000071, Ineq Viol (l1): 0.000001, Epoch time: 2.71s
Epoch 54/300, Loss: -1.0043, Obj: -2.0972, Eq Viol (l1): 0.000050, Ineq Viol (l1): 0.000000, Epoch time: 2.69s
Epoch 55/300, Loss: -1.2286, Obj: -2.1448, Eq Viol (l1): 0.000051, Ineq Viol (l1): 0.000000, Epoch time: 2.68s
Epoch 56/300, Loss: -1.3924, Obj: -2.2482, Eq Viol (l1): 0.000050, Ineq Viol (l1): 0.000000, Epoch time: 2.71s
Epoch 57/300, Loss: -1.3535, Obj: -2.2679, Eq Viol (l1): 0.000055, Ineq Viol (l1): 0.000000, Epoch time: 2.71s
Epoch 58/300, Loss: -1.4061, Obj: -2.3676, Eq Viol (l1): 0.000063, Ineq Viol (l1): 0.000001, Epoch time: 2.68s
Epoch 59/300, Loss: -1.1524, Obj: -2.1305, Eq Viol (l1): 0.000057, Ineq Viol (l1): 0.000000, Epoch time: 2.70s
Epoch 60/300, Loss: -1.2798, Obj: -2.2801, Eq Viol (l1): 0.000057, Ineq Viol (l1): 0.000000, Epoch time: 2.69s
Epoch 61/300, Loss: -1.3198, Obj: -2.3424, Eq Viol (l1): 0.000055, Ineq Viol (l1): 0.000000, Epoch time: 2.70s

Running validation at epoch 60...

VALIDATION_EPOCH_60 EVALUATION RESULTS:
==================================================
Objective Value:     -2.576993e+00
True Objective:      -2.413704e+00
Optimality Gap:      -3.766530e+00 ± 1.768395e+00
Eq Violation l1:   7.567247e-05 (max: 1.066045e-03)
Ineq Violation l1: 3.948675e-07 (max: 3.673648e-05)
Solution Distance:   7.365996e+01 ± 1.702796e+00
Merit:             -2.576232e+00 ± 4.500248e-02
Avg Inference Time:  0.0791s
==================================================
Epoch 62/300, Loss: -1.3112, Obj: -2.3118, Eq Viol (l1): 0.000065, Ineq Viol (l1): 0.000000, Epoch time: 2.67s
Epoch 63/300, Loss: -1.5212, Obj: -2.4200, Eq Viol (l1): 0.000049, Ineq Viol (l1): 0.000000, Epoch time: 2.72s
Epoch 64/300, Loss: -1.5565, Obj: -2.4246, Eq Viol (l1): 0.000051, Ineq Viol (l1): 0.000000, Epoch time: 2.71s
Epoch 65/300, Loss: -1.4746, Obj: -2.4479, Eq Viol (l1): 0.000050, Ineq Viol (l1): 0.000000, Epoch time: 2.72s
Epoch 66/300, Loss: -1.6054, Obj: -2.4375, Eq Viol (l1): 0.000044, Ineq Viol (l1): 0.000000, Epoch time: 2.75s
Epoch 67/300, Loss: -1.4428, Obj: -2.3864, Eq Viol (l1): 0.000048, Ineq Viol (l1): 0.000000, Epoch time: 2.81s
Epoch 68/300, Loss: -1.5248, Obj: -2.4074, Eq Viol (l1): 0.000044, Ineq Viol (l1): 0.000000, Epoch time: 2.74s
Epoch 69/300, Loss: -1.4962, Obj: -2.3969, Eq Viol (l1): 0.000048, Ineq Viol (l1): 0.000000, Epoch time: 2.69s
Epoch 70/300, Loss: -1.0341, Obj: -2.3197, Eq Viol (l1): 0.000046, Ineq Viol (l1): 0.000000, Epoch time: 2.72s
Epoch 71/300, Loss: -1.2469, Obj: -2.3713, Eq Viol (l1): 0.000053, Ineq Viol (l1): 0.000001, Epoch time: 2.71s

Running validation at epoch 70...

VALIDATION_EPOCH_70 EVALUATION RESULTS:
==================================================
Objective Value:     -2.548863e+00
True Objective:      -2.413704e+00
Optimality Gap:      -3.735536e+00 ± 1.699018e+00
Eq Violation l1:   5.606834e-05 (max: 2.407576e-03)
Ineq Violation l1: 5.732932e-07 (max: 1.173789e-04)
Solution Distance:   7.502190e+01 ± 1.772890e+00
Merit:             -2.548296e+00 ± 4.964371e-02
Avg Inference Time:  0.0788s
==================================================
Epoch 72/300, Loss: -1.0261, Obj: -2.2554, Eq Viol (l1): 0.000036, Ineq Viol (l1): 0.000000, Epoch time: 2.77s
Epoch 73/300, Loss: -1.1019, Obj: -2.4001, Eq Viol (l1): 0.000044, Ineq Viol (l1): 0.000000, Epoch time: 2.74s
Epoch 74/300, Loss: -1.1535, Obj: -2.3153, Eq Viol (l1): 0.000044, Ineq Viol (l1): 0.000000, Epoch time: 2.74s
Epoch 75/300, Loss: -1.4468, Obj: -2.4781, Eq Viol (l1): 0.000036, Ineq Viol (l1): 0.000000, Epoch time: 2.78s
Epoch 76/300, Loss: -1.3448, Obj: -2.3716, Eq Viol (l1): 0.000039, Ineq Viol (l1): 0.000000, Epoch time: 2.75s
Epoch 77/300, Loss: -1.2240, Obj: -2.2908, Eq Viol (l1): 0.000036, Ineq Viol (l1): 0.000000, Epoch time: 2.82s
Epoch 78/300, Loss: -0.6000, Obj: -2.0287, Eq Viol (l1): 0.000038, Ineq Viol (l1): 0.000000, Epoch time: 2.77s
Epoch 79/300, Loss: -0.9375, Obj: -2.2654, Eq Viol (l1): 0.000036, Ineq Viol (l1): 0.000000, Epoch time: 2.79s
Epoch 80/300, Loss: -0.4315, Obj: -2.1379, Eq Viol (l1): 0.000036, Ineq Viol (l1): 0.000000, Epoch time: 2.82s
Epoch 81/300, Loss: -0.6853, Obj: -2.2330, Eq Viol (l1): 0.000035, Ineq Viol (l1): 0.000000, Epoch time: 2.81s

Running validation at epoch 80...

VALIDATION_EPOCH_80 EVALUATION RESULTS:
==================================================
Objective Value:     -2.435589e+00
True Objective:      -2.413704e+00
Optimality Gap:      -3.549684e+00 ± 1.588163e+00
Eq Violation l1:   6.463990e-05 (max: 1.304911e-03)
Ineq Violation l1: 3.571190e-07 (max: 3.494203e-05)
Solution Distance:   7.565069e+01 ± 1.873233e+00
Merit:             -2.434939e+00 ± 6.914127e-02
Avg Inference Time:  0.0771s
==================================================
Epoch 82/300, Loss: -0.9322, Obj: -2.3037, Eq Viol (l1): 0.000038, Ineq Viol (l1): 0.000000, Epoch time: 2.77s
Epoch 83/300, Loss: -1.2092, Obj: -2.3785, Eq Viol (l1): 0.000034, Ineq Viol (l1): 0.000000, Epoch time: 2.80s
Epoch 84/300, Loss: -0.9319, Obj: -2.2999, Eq Viol (l1): 0.000031, Ineq Viol (l1): 0.000000, Epoch time: 2.82s
Epoch 85/300, Loss: -0.5279, Obj: -2.0475, Eq Viol (l1): 0.000024, Ineq Viol (l1): 0.000000, Epoch time: 2.91s
Epoch 86/300, Loss: -0.3803, Obj: -2.0471, Eq Viol (l1): 0.000024, Ineq Viol (l1): 0.000000, Epoch time: 2.91s
Epoch 87/300, Loss: -0.7323, Obj: -2.0858, Eq Viol (l1): 0.000031, Ineq Viol (l1): 0.000001, Epoch time: 2.88s
Epoch 88/300, Loss: -1.0100, Obj: -2.3223, Eq Viol (l1): 0.000025, Ineq Viol (l1): 0.000000, Epoch time: 2.89s
Epoch 89/300, Loss: -0.2692, Obj: -1.9259, Eq Viol (l1): 0.000025, Ineq Viol (l1): 0.000000, Epoch time: 2.94s
Epoch 90/300, Loss: -0.8599, Obj: -2.3285, Eq Viol (l1): 0.000034, Ineq Viol (l1): 0.000000, Epoch time: 2.83s
Epoch 91/300, Loss: 0.3230, Obj: -1.8052, Eq Viol (l1): 0.000024, Ineq Viol (l1): 0.000000, Epoch time: 2.96s

Running validation at epoch 90...

VALIDATION_EPOCH_90 EVALUATION RESULTS:
==================================================
Objective Value:     -1.434734e+00
True Objective:      -2.413704e+00
Optimality Gap:      -1.845826e+00 ± 1.054886e+00
Eq Violation l1:   1.241632e-05 (max: 2.357312e-03)
Ineq Violation l1: 2.791817e-07 (max: 8.908457e-05)
Solution Distance:   8.026869e+01 ± 1.860970e+00
Merit:             -1.434607e+00 ± 6.213164e-02
Avg Inference Time:  0.0951s
==================================================
Epoch 92/300, Loss: 0.1517, Obj: -1.7196, Eq Viol (l1): 0.000016, Ineq Viol (l1): 0.000000, Epoch time: 2.98s
Epoch 93/300, Loss: -0.6542, Obj: -2.2275, Eq Viol (l1): 0.000031, Ineq Viol (l1): 0.000000, Epoch time: 2.89s
Epoch 94/300, Loss: -0.4813, Obj: -2.0715, Eq Viol (l1): 0.000021, Ineq Viol (l1): 0.000000, Epoch time: 2.97s
Epoch 95/300, Loss: -0.3959, Obj: -1.9676, Eq Viol (l1): 0.000021, Ineq Viol (l1): 0.000000, Epoch time: 2.90s
Epoch 96/300, Loss: -0.5450, Obj: -2.1569, Eq Viol (l1): 0.000024, Ineq Viol (l1): 0.000000, Epoch time: 2.92s
Epoch 97/300, Loss: -0.6870, Obj: -2.1698, Eq Viol (l1): 0.000019, Ineq Viol (l1): 0.000000, Epoch time: 2.95s
Epoch 98/300, Loss: 0.2599, Obj: -2.1367, Eq Viol (l1): 0.000034, Ineq Viol (l1): 0.000002, Epoch time: 3.02s
Epoch 99/300, Loss: 0.0261, Obj: -1.9269, Eq Viol (l1): 0.000018, Ineq Viol (l1): 0.000000, Epoch time: 3.07s
Epoch 100/300, Loss: 1.5843, Obj: -2.0494, Eq Viol (l1): 0.000023, Ineq Viol (l1): 0.000000, Epoch time: 3.07s
Epoch 101/300, Loss: 0.9322, Obj: -1.8471, Eq Viol (l1): 0.000025, Ineq Viol (l1): 0.000001, Epoch time: 3.13s

Running validation at epoch 100...

VALIDATION_EPOCH_100 EVALUATION RESULTS:
==================================================
Objective Value:     -1.908637e+00
True Objective:      -2.413704e+00
Optimality Gap:      -2.783780e+00 ± 1.252736e+00
Eq Violation l1:   2.165917e-05 (max: 2.750310e-03)
Ineq Violation l1: 1.563921e-07 (max: 2.706046e-05)
Solution Distance:   7.826344e+01 ± 1.732465e+00
Merit:             -1.908419e+00 ± 8.736041e-02
Avg Inference Time:  0.0902s
==================================================
Epoch 102/300, Loss: 1.0272, Obj: -1.9590, Eq Viol (l1): 0.000024, Ineq Viol (l1): 0.000000, Epoch time: 2.99s
Epoch 103/300, Loss: 0.7788, Obj: -1.4862, Eq Viol (l1): 0.000015, Ineq Viol (l1): 0.000000, Epoch time: 3.08s
Epoch 104/300, Loss: 0.5159, Obj: -2.0418, Eq Viol (l1): 0.000025, Ineq Viol (l1): 0.000001, Epoch time: 3.03s
Epoch 105/300, Loss: 2.7613, Obj: -1.5534, Eq Viol (l1): 0.000019, Ineq Viol (l1): 0.000000, Epoch time: 3.10s
Epoch 106/300, Loss: 1.6398, Obj: -1.6914, Eq Viol (l1): 0.000023, Ineq Viol (l1): 0.000001, Epoch time: 3.09s
Epoch 107/300, Loss: 1.5821, Obj: -1.4289, Eq Viol (l1): 0.000070, Ineq Viol (l1): 0.000004, Epoch time: 3.01s
Epoch 108/300, Loss: 0.4401, Obj: -1.5831, Eq Viol (l1): 0.000102, Ineq Viol (l1): 0.000019, Epoch time: 3.02s
Epoch 109/300, Loss: 0.1907, Obj: -1.9874, Eq Viol (l1): 0.000079, Ineq Viol (l1): 0.000013, Epoch time: 3.04s
Epoch 110/300, Loss: 0.2070, Obj: -2.0057, Eq Viol (l1): 0.000057, Ineq Viol (l1): 0.000003, Epoch time: 3.07s
Epoch 111/300, Loss: 0.6098, Obj: -1.7908, Eq Viol (l1): 0.000019, Ineq Viol (l1): 0.000001, Epoch time: 3.03s

Running validation at epoch 110...

VALIDATION_EPOCH_110 EVALUATION RESULTS:
==================================================
Objective Value:     -1.708541e+00
True Objective:      -2.413704e+00
Optimality Gap:      -2.432188e+00 ± 1.222686e+00
Eq Violation l1:   1.658021e-05 (max: 2.539113e-03)
Ineq Violation l1: 2.480265e-07 (max: 6.583172e-05)
Solution Distance:   8.117173e+01 ± 1.809877e+00
Merit:             -1.708373e+00 ± 5.069164e-02
Avg Inference Time:  0.0859s
==================================================
Epoch 112/300, Loss: 0.3124, Obj: -2.2562, Eq Viol (l1): 0.000024, Ineq Viol (l1): 0.000000, Epoch time: 3.04s
Epoch 113/300, Loss: -0.5092, Obj: -2.1049, Eq Viol (l1): 0.000036, Ineq Viol (l1): 0.000003, Epoch time: 2.97s
Epoch 114/300, Loss: 0.6450, Obj: -2.2506, Eq Viol (l1): 0.000036, Ineq Viol (l1): 0.000001, Epoch time: 2.96s
Epoch 115/300, Loss: 0.7697, Obj: -1.6370, Eq Viol (l1): 0.000031, Ineq Viol (l1): 0.000000, Epoch time: 3.01s
Epoch 116/300, Loss: 0.3335, Obj: -1.9569, Eq Viol (l1): 0.000025, Ineq Viol (l1): 0.000000, Epoch time: 2.98s
Epoch 117/300, Loss: 0.8266, Obj: -1.3953, Eq Viol (l1): 0.000023, Ineq Viol (l1): 0.000001, Epoch time: 3.01s
Epoch 118/300, Loss: 0.1142, Obj: -1.8626, Eq Viol (l1): 0.000024, Ineq Viol (l1): 0.000000, Epoch time: 3.00s
Epoch 119/300, Loss: -0.2194, Obj: -1.9807, Eq Viol (l1): 0.000032, Ineq Viol (l1): 0.000001, Epoch time: 2.91s
Epoch 120/300, Loss: -0.2285, Obj: -2.1261, Eq Viol (l1): 0.000030, Ineq Viol (l1): 0.000001, Epoch time: 2.98s
Epoch 121/300, Loss: -0.4466, Obj: -2.0532, Eq Viol (l1): 0.000037, Ineq Viol (l1): 0.000002, Epoch time: 2.94s

Running validation at epoch 120...

VALIDATION_EPOCH_120 EVALUATION RESULTS:
==================================================
Objective Value:     -2.266074e+00
True Objective:      -2.413704e+00
Optimality Gap:      -3.331794e+00 ± 1.502453e+00
Eq Violation l1:   2.870523e-05 (max: 1.982259e-03)
Ineq Violation l1: 3.161696e-07 (max: 6.523757e-05)
Solution Distance:   7.903434e+01 ± 1.628750e+00
Merit:             -2.265784e+00 ± 4.255721e-02
Avg Inference Time:  0.0852s
==================================================
Epoch 122/300, Loss: -0.7104, Obj: -2.2352, Eq Viol (l1): 0.000023, Ineq Viol (l1): 0.000001, Epoch time: 3.02s
Epoch 123/300, Loss: -0.6055, Obj: -1.9592, Eq Viol (l1): 0.000024, Ineq Viol (l1): 0.000000, Epoch time: 2.89s
Epoch 124/300, Loss: -0.1455, Obj: -2.1133, Eq Viol (l1): 0.000043, Ineq Viol (l1): 0.000003, Epoch time: 3.03s
Epoch 125/300, Loss: 0.8303, Obj: -1.4444, Eq Viol (l1): 0.000050, Ineq Viol (l1): 0.000006, Epoch time: 3.11s
Epoch 126/300, Loss: 2.8236, Obj: -0.4969, Eq Viol (l1): 0.000097, Ineq Viol (l1): 0.000015, Epoch time: 3.20s
Epoch 127/300, Loss: 2.7499, Obj: -0.8275, Eq Viol (l1): 0.000030, Ineq Viol (l1): 0.000002, Epoch time: 3.19s
Epoch 128/300, Loss: 4.5893, Obj: -1.3758, Eq Viol (l1): 0.000157, Ineq Viol (l1): 0.000014, Epoch time: 3.23s
Epoch 129/300, Loss: 7.7349, Obj: -1.5407, Eq Viol (l1): 0.000206, Ineq Viol (l1): 0.000029, Epoch time: 3.27s
Epoch 130/300, Loss: 9.5351, Obj: -1.2785, Eq Viol (l1): 0.000157, Ineq Viol (l1): 0.000031, Epoch time: 3.28s
Epoch 131/300, Loss: 11.5619, Obj: -0.2802, Eq Viol (l1): 0.000127, Ineq Viol (l1): 0.000017, Epoch time: 3.34s

Running validation at epoch 130...

VALIDATION_EPOCH_130 EVALUATION RESULTS:
==================================================
Objective Value:     3.807974e-01
True Objective:      -2.413704e+00
Optimality Gap:      1.453921e+00 ± 1.588969e-01
Eq Violation l1:   6.875581e-05 (max: 2.657186e-02)
Ineq Violation l1: 5.116880e-06 (max: 2.221470e-03)
Solution Distance:   8.843154e+01 ± 2.082202e+00
Merit:             3.815361e-01 ± 8.245389e-02
Avg Inference Time:  0.1150s
==================================================
Epoch 132/300, Loss: 14.1577, Obj: 0.3473, Eq Viol (l1): 0.000108, Ineq Viol (l1): 0.000014, Epoch time: 3.29s
Epoch 133/300, Loss: 19.8487, Obj: 0.1319, Eq Viol (l1): 0.000379, Ineq Viol (l1): 0.000063, Epoch time: 3.35s
Epoch 134/300, Loss: 13.6908, Obj: 0.7702, Eq Viol (l1): 0.000205, Ineq Viol (l1): 0.000031, Epoch time: 3.45s
Epoch 135/300, Loss: 10.7214, Obj: 0.8410, Eq Viol (l1): 0.000168, Ineq Viol (l1): 0.000030, Epoch time: 3.30s
Epoch 136/300, Loss: 15.1706, Obj: 0.8268, Eq Viol (l1): 0.000132, Ineq Viol (l1): 0.000015, Epoch time: 3.36s
Epoch 137/300, Loss: 9.7358, Obj: 0.9607, Eq Viol (l1): 0.000370, Ineq Viol (l1): 0.000055, Epoch time: 3.32s
Epoch 138/300, Loss: 10.0650, Obj: 0.6953, Eq Viol (l1): 0.000229, Ineq Viol (l1): 0.000029, Epoch time: 3.29s
Epoch 139/300, Loss: 5.9950, Obj: -0.7157, Eq Viol (l1): 0.000115, Ineq Viol (l1): 0.000013, Epoch time: 3.24s
Epoch 140/300, Loss: 5.9606, Obj: -0.7708, Eq Viol (l1): 0.000189, Ineq Viol (l1): 0.000030, Epoch time: 3.25s
Epoch 141/300, Loss: 6.0668, Obj: -1.0065, Eq Viol (l1): 0.000212, Ineq Viol (l1): 0.000033, Epoch time: 3.30s

Running validation at epoch 140...

VALIDATION_EPOCH_140 EVALUATION RESULTS:
==================================================
Objective Value:     -6.343952e-01
True Objective:      -2.413704e+00
Optimality Gap:      -1.906619e-01 ± 2.018572e-01
Eq Violation l1:   2.239358e-05 (max: 6.307661e-03)
Ineq Violation l1: 1.302465e-06 (max: 5.003426e-04)
Solution Distance:   8.747060e+01 ± 2.084085e+00
Merit:             -6.341583e-01 ± 9.497547e-02
Avg Inference Time:  0.1129s
==================================================
Epoch 142/300, Loss: 5.0007, Obj: -0.2842, Eq Viol (l1): 0.000113, Ineq Viol (l1): 0.000014, Epoch time: 3.28s
Epoch 143/300, Loss: 3.8990, Obj: -0.7216, Eq Viol (l1): 0.000110, Ineq Viol (l1): 0.000014, Epoch time: 3.22s
Epoch 144/300, Loss: 3.9794, Obj: -1.1481, Eq Viol (l1): 0.000067, Ineq Viol (l1): 0.000008, Epoch time: 3.17s
Epoch 145/300, Loss: 3.7627, Obj: -0.9999, Eq Viol (l1): 0.000185, Ineq Viol (l1): 0.000026, Epoch time: 3.24s
Epoch 146/300, Loss: 4.6794, Obj: -0.6418, Eq Viol (l1): 0.000297, Ineq Viol (l1): 0.000040, Epoch time: 3.20s
Epoch 147/300, Loss: 7.5671, Obj: 0.1899, Eq Viol (l1): 0.000264, Ineq Viol (l1): 0.000039, Epoch time: 3.27s
Epoch 148/300, Loss: 9.1435, Obj: -0.1977, Eq Viol (l1): 0.000288, Ineq Viol (l1): 0.000048, Epoch time: 3.27s
Epoch 149/300, Loss: 8.9155, Obj: 0.1957, Eq Viol (l1): 0.000211, Ineq Viol (l1): 0.000022, Epoch time: 3.30s
Epoch 150/300, Loss: 4.3253, Obj: -0.6752, Eq Viol (l1): 0.000113, Ineq Viol (l1): 0.000014, Epoch time: 3.24s
Epoch 151/300, Loss: 2.7646, Obj: -0.5448, Eq Viol (l1): 0.000100, Ineq Viol (l1): 0.000018, Epoch time: 3.18s

Running validation at epoch 150...

VALIDATION_EPOCH_150 EVALUATION RESULTS:
==================================================
Objective Value:     -8.899445e-01
True Objective:      -2.413704e+00
Optimality Gap:      -1.137415e+00 ± 1.016569e+00
Eq Violation l1:   9.339566e-06 (max: 2.548895e-03)
Ineq Violation l1: 1.919751e-07 (max: 8.518592e-05)
Solution Distance:   8.334868e+01 ± 1.694334e+00
Merit:             -8.898492e-01 ± 4.953160e-02
Avg Inference Time:  0.1149s
==================================================
Epoch 152/300, Loss: 4.8877, Obj: -1.1976, Eq Viol (l1): 0.000078, Ineq Viol (l1): 0.000011, Epoch time: 3.18s
Epoch 153/300, Loss: 4.8470, Obj: 0.3793, Eq Viol (l1): 0.000128, Ineq Viol (l1): 0.000019, Epoch time: 3.26s
Epoch 154/300, Loss: 3.7797, Obj: -0.5975, Eq Viol (l1): 0.000156, Ineq Viol (l1): 0.000020, Epoch time: 3.23s
Epoch 155/300, Loss: 4.8287, Obj: -0.3495, Eq Viol (l1): 0.000148, Ineq Viol (l1): 0.000018, Epoch time: 3.22s
Epoch 156/300, Loss: 3.9328, Obj: -0.5609, Eq Viol (l1): 0.000060, Ineq Viol (l1): 0.000007, Epoch time: 3.23s
Epoch 157/300, Loss: 3.3824, Obj: -0.4787, Eq Viol (l1): 0.000033, Ineq Viol (l1): 0.000002, Epoch time: 3.18s
Epoch 158/300, Loss: 5.0191, Obj: 0.2866, Eq Viol (l1): 0.000033, Ineq Viol (l1): 0.000002, Epoch time: 3.14s
Epoch 159/300, Loss: 1.7391, Obj: -1.2080, Eq Viol (l1): 0.000031, Ineq Viol (l1): 0.000001, Epoch time: 3.04s
Epoch 160/300, Loss: 2.8197, Obj: -1.2541, Eq Viol (l1): 0.000025, Ineq Viol (l1): 0.000001, Epoch time: 3.17s
Epoch 161/300, Loss: 5.4395, Obj: -0.9322, Eq Viol (l1): 0.000031, Ineq Viol (l1): 0.000001, Epoch time: 3.19s

Running validation at epoch 160...

VALIDATION_EPOCH_160 EVALUATION RESULTS:
==================================================
Objective Value:     -6.280873e-01
True Objective:      -2.413704e+00
Optimality Gap:      -2.877809e-01 ± 2.997106e-01
Eq Violation l1:   1.558517e-05 (max: 2.775665e-03)
Ineq Violation l1: 1.596097e-07 (max: 5.951482e-05)
Solution Distance:   8.669374e+01 ± 1.714247e+00
Merit:             -6.279299e-01 ± 3.091400e-02
Avg Inference Time:  0.1063s
==================================================
Epoch 162/300, Loss: 2.7692, Obj: -1.1795, Eq Viol (l1): 0.000046, Ineq Viol (l1): 0.000003, Epoch time: 3.13s
Epoch 163/300, Loss: 3.5538, Obj: 0.0389, Eq Viol (l1): 0.000070, Ineq Viol (l1): 0.000010, Epoch time: 3.23s
Epoch 164/300, Loss: 2.1779, Obj: -1.3027, Eq Viol (l1): 0.000056, Ineq Viol (l1): 0.000005, Epoch time: 3.13s
Epoch 165/300, Loss: 1.8112, Obj: -1.3199, Eq Viol (l1): 0.000068, Ineq Viol (l1): 0.000012, Epoch time: 3.21s
Epoch 166/300, Loss: 2.0141, Obj: -1.3408, Eq Viol (l1): 0.000044, Ineq Viol (l1): 0.000003, Epoch time: 3.14s
Epoch 167/300, Loss: 2.3050, Obj: -1.5996, Eq Viol (l1): 0.000054, Ineq Viol (l1): 0.000005, Epoch time: 3.21s
Epoch 168/300, Loss: 3.5601, Obj: -1.1500, Eq Viol (l1): 0.000027, Ineq Viol (l1): 0.000002, Epoch time: 3.27s
Epoch 169/300, Loss: 2.5823, Obj: -0.2943, Eq Viol (l1): 0.000016, Ineq Viol (l1): 0.000000, Epoch time: 3.08s
Epoch 170/300, Loss: 0.7553, Obj: -1.6621, Eq Viol (l1): 0.000019, Ineq Viol (l1): 0.000001, Epoch time: 3.10s
Epoch 171/300, Loss: 0.9860, Obj: -1.6353, Eq Viol (l1): 0.000022, Ineq Viol (l1): 0.000001, Epoch time: 3.13s

Running validation at epoch 170...

VALIDATION_EPOCH_170 EVALUATION RESULTS:
==================================================
Objective Value:     -1.855606e+00
True Objective:      -2.413704e+00
Optimality Gap:      -2.737735e+00 ± 1.318032e+00
Eq Violation l1:   1.505261e-05 (max: 3.803902e-03)
Ineq Violation l1: 2.772946e-07 (max: 1.254852e-04)
Solution Distance:   8.361821e+01 ± 1.789703e+00
Merit:             -1.855452e+00 ± 4.541621e-02
Avg Inference Time:  0.0970s
==================================================
Epoch 172/300, Loss: 0.4593, Obj: -2.0035, Eq Viol (l1): 0.000023, Ineq Viol (l1): 0.000000, Epoch time: 3.02s
Epoch 173/300, Loss: 1.1739, Obj: -1.8209, Eq Viol (l1): 0.000024, Ineq Viol (l1): 0.000001, Epoch time: 3.09s
Epoch 174/300, Loss: 0.4911, Obj: -1.7078, Eq Viol (l1): 0.000018, Ineq Viol (l1): 0.000000, Epoch time: 3.05s
Epoch 175/300, Loss: 0.2976, Obj: -2.1126, Eq Viol (l1): 0.000025, Ineq Viol (l1): 0.000001, Epoch time: 3.07s
Epoch 176/300, Loss: 2.7666, Obj: -1.2622, Eq Viol (l1): 0.000046, Ineq Viol (l1): 0.000004, Epoch time: 3.07s
Epoch 177/300, Loss: 2.3425, Obj: -1.0715, Eq Viol (l1): 0.000022, Ineq Viol (l1): 0.000001, Epoch time: 3.11s
Epoch 178/300, Loss: 0.8820, Obj: -1.7395, Eq Viol (l1): 0.000022, Ineq Viol (l1): 0.000001, Epoch time: 3.11s
Epoch 179/300, Loss: 0.7082, Obj: -1.5809, Eq Viol (l1): 0.000027, Ineq Viol (l1): 0.000001, Epoch time: 3.08s
Epoch 180/300, Loss: 0.9932, Obj: -1.7356, Eq Viol (l1): 0.000019, Ineq Viol (l1): 0.000000, Epoch time: 3.04s
Epoch 181/300, Loss: 0.5425, Obj: -1.7880, Eq Viol (l1): 0.000022, Ineq Viol (l1): 0.000001, Epoch time: 3.09s

Running validation at epoch 180...

VALIDATION_EPOCH_180 EVALUATION RESULTS:
==================================================
Objective Value:     -1.717830e+00
True Objective:      -2.413704e+00
Optimality Gap:      -2.607906e+00 ± 1.438615e+00
Eq Violation l1:   1.593142e-05 (max: 2.100415e-03)
Ineq Violation l1: 1.383665e-07 (max: 5.334219e-05)
Solution Distance:   8.234132e+01 ± 1.818413e+00
Merit:             -1.717669e+00 ± 4.687258e-02
Avg Inference Time:  0.0945s
==================================================
Epoch 182/300, Loss: 1.0854, Obj: -1.4785, Eq Viol (l1): 0.000064, Ineq Viol (l1): 0.000010, Epoch time: 3.12s
Epoch 183/300, Loss: 0.8345, Obj: -1.6352, Eq Viol (l1): 0.000075, Ineq Viol (l1): 0.000012, Epoch time: 3.13s
Epoch 184/300, Loss: 0.1493, Obj: -1.8334, Eq Viol (l1): 0.000023, Ineq Viol (l1): 0.000001, Epoch time: 3.02s
Epoch 185/300, Loss: 0.1339, Obj: -1.8503, Eq Viol (l1): 0.000019, Ineq Viol (l1): 0.000001, Epoch time: 3.04s
Epoch 186/300, Loss: -0.0031, Obj: -2.1250, Eq Viol (l1): 0.000020, Ineq Viol (l1): 0.000000, Epoch time: 3.07s
Epoch 187/300, Loss: 0.4109, Obj: -1.8071, Eq Viol (l1): 0.000026, Ineq Viol (l1): 0.000002, Epoch time: 3.11s
Epoch 188/300, Loss: 0.7243, Obj: -1.6546, Eq Viol (l1): 0.000032, Ineq Viol (l1): 0.000001, Epoch time: 3.04s
Epoch 189/300, Loss: -0.2242, Obj: -2.0070, Eq Viol (l1): 0.000022, Ineq Viol (l1): 0.000000, Epoch time: 3.04s
Epoch 190/300, Loss: 0.7504, Obj: -1.7251, Eq Viol (l1): 0.000049, Ineq Viol (l1): 0.000005, Epoch time: 3.08s
Epoch 191/300, Loss: 1.3094, Obj: -1.7916, Eq Viol (l1): 0.000078, Ineq Viol (l1): 0.000011, Epoch time: 3.12s

Running validation at epoch 190...

VALIDATION_EPOCH_190 EVALUATION RESULTS:
==================================================
Objective Value:     -1.009243e+00
True Objective:      -2.413704e+00
Optimality Gap:      -1.475618e+00 ± 1.046985e+00
Eq Violation l1:   1.080716e-05 (max: 2.195781e-03)
Ineq Violation l1: 1.457695e-07 (max: 6.090154e-05)
Solution Distance:   8.553544e+01 ± 1.873374e+00
Merit:             -1.009133e+00 ± 5.777949e-02
Avg Inference Time:  0.0981s
==================================================
Epoch 192/300, Loss: 0.4670, Obj: -1.6689, Eq Viol (l1): 0.000039, Ineq Viol (l1): 0.000003, Epoch time: 3.19s
Epoch 193/300, Loss: 0.2578, Obj: -1.8812, Eq Viol (l1): 0.000085, Ineq Viol (l1): 0.000010, Epoch time: 3.08s
Epoch 194/300, Loss: 0.5216, Obj: -1.8644, Eq Viol (l1): 0.000049, Ineq Viol (l1): 0.000006, Epoch time: 3.03s
Epoch 195/300, Loss: 1.1376, Obj: -2.1302, Eq Viol (l1): 0.000059, Ineq Viol (l1): 0.000009, Epoch time: 3.09s
Epoch 196/300, Loss: 1.1148, Obj: -1.9273, Eq Viol (l1): 0.000044, Ineq Viol (l1): 0.000003, Epoch time: 2.98s
Epoch 197/300, Loss: -0.1822, Obj: -1.9659, Eq Viol (l1): 0.000049, Ineq Viol (l1): 0.000004, Epoch time: 2.98s
Epoch 198/300, Loss: -0.3678, Obj: -2.0045, Eq Viol (l1): 0.000060, Ineq Viol (l1): 0.000008, Epoch time: 3.13s
Epoch 199/300, Loss: 0.9119, Obj: -1.4845, Eq Viol (l1): 0.000104, Ineq Viol (l1): 0.000014, Epoch time: 3.14s
Epoch 200/300, Loss: 1.0792, Obj: -1.6489, Eq Viol (l1): 0.000214, Ineq Viol (l1): 0.000039, Epoch time: 3.20s
Epoch 201/300, Loss: 1.7602, Obj: -1.4185, Eq Viol (l1): 0.000250, Ineq Viol (l1): 0.000031, Epoch time: 3.23s

Running validation at epoch 200...

VALIDATION_EPOCH_200 EVALUATION RESULTS:
==================================================
Objective Value:     -1.523989e+00
True Objective:      -2.413704e+00
Optimality Gap:      -2.268947e+00 ± 1.337234e+00
Eq Violation l1:   1.723379e-05 (max: 5.330451e-03)
Ineq Violation l1: 3.372128e-07 (max: 1.479911e-04)
Solution Distance:   8.280825e+01 ± 1.839089e+00
Merit:             -1.523813e+00 ± 7.759765e-02
Avg Inference Time:  0.1094s
==================================================
Epoch 202/300, Loss: 1.1166, Obj: -1.6235, Eq Viol (l1): 0.000089, Ineq Viol (l1): 0.000013, Epoch time: 3.27s
Epoch 203/300, Loss: -0.2682, Obj: -2.0392, Eq Viol (l1): 0.000061, Ineq Viol (l1): 0.000007, Epoch time: 3.05s
Epoch 204/300, Loss: -0.3224, Obj: -2.1963, Eq Viol (l1): 0.000142, Ineq Viol (l1): 0.000019, Epoch time: 3.00s
Epoch 205/300, Loss: 0.2456, Obj: -1.8053, Eq Viol (l1): 0.000179, Ineq Viol (l1): 0.000028, Epoch time: 3.13s
Epoch 206/300, Loss: 0.1529, Obj: -1.8886, Eq Viol (l1): 0.000100, Ineq Viol (l1): 0.000013, Epoch time: 3.11s
Epoch 207/300, Loss: 0.8704, Obj: -1.6830, Eq Viol (l1): 0.000095, Ineq Viol (l1): 0.000008, Epoch time: 3.11s
Epoch 208/300, Loss: 1.2281, Obj: -1.6717, Eq Viol (l1): 0.000106, Ineq Viol (l1): 0.000014, Epoch time: 3.11s
Epoch 209/300, Loss: 1.7935, Obj: -0.7606, Eq Viol (l1): 0.000096, Ineq Viol (l1): 0.000011, Epoch time: 3.01s
Epoch 210/300, Loss: 1.3301, Obj: -1.6390, Eq Viol (l1): 0.000078, Ineq Viol (l1): 0.000009, Epoch time: 3.09s
Epoch 211/300, Loss: 1.1234, Obj: -1.9027, Eq Viol (l1): 0.000104, Ineq Viol (l1): 0.000015, Epoch time: 3.12s

Running validation at epoch 210...

VALIDATION_EPOCH_210 EVALUATION RESULTS:
==================================================
Objective Value:     -2.202077e+00
True Objective:      -2.413704e+00
Optimality Gap:      -3.380553e+00 ± 1.621500e+00
Eq Violation l1:   2.471095e-05 (max: 2.512601e-03)
Ineq Violation l1: 5.793269e-07 (max: 2.016477e-04)
Solution Distance:   8.253556e+01 ± 1.918156e+00
Merit:             -2.201824e+00 ± 5.414785e-02
Avg Inference Time:  0.0901s
==================================================
Epoch 212/300, Loss: 0.2759, Obj: -1.9358, Eq Viol (l1): 0.000108, Ineq Viol (l1): 0.000016, Epoch time: 3.02s
Epoch 213/300, Loss: 0.6741, Obj: -1.8398, Eq Viol (l1): 0.000106, Ineq Viol (l1): 0.000016, Epoch time: 3.06s
Epoch 214/300, Loss: 1.7699, Obj: -1.8987, Eq Viol (l1): 0.000117, Ineq Viol (l1): 0.000016, Epoch time: 3.11s
Epoch 215/300, Loss: 0.5407, Obj: -1.7827, Eq Viol (l1): 0.000125, Ineq Viol (l1): 0.000019, Epoch time: 3.00s
Epoch 216/300, Loss: 0.6453, Obj: -1.9017, Eq Viol (l1): 0.000046, Ineq Viol (l1): 0.000007, Epoch time: 3.09s
Epoch 217/300, Loss: 0.3310, Obj: -1.9378, Eq Viol (l1): 0.000035, Ineq Viol (l1): 0.000002, Epoch time: 3.00s
Epoch 218/300, Loss: -0.2310, Obj: -1.9343, Eq Viol (l1): 0.000014, Ineq Viol (l1): 0.000000, Epoch time: 3.07s
Epoch 219/300, Loss: -0.3444, Obj: -2.1256, Eq Viol (l1): 0.000021, Ineq Viol (l1): 0.000000, Epoch time: 2.99s
Epoch 220/300, Loss: -0.1051, Obj: -1.9699, Eq Viol (l1): 0.000020, Ineq Viol (l1): 0.000000, Epoch time: 2.95s
Epoch 221/300, Loss: 0.3404, Obj: -2.2792, Eq Viol (l1): 0.000021, Ineq Viol (l1): 0.000000, Epoch time: 3.04s

Running validation at epoch 220...

VALIDATION_EPOCH_220 EVALUATION RESULTS:
==================================================
Objective Value:     -2.302980e+00
True Objective:      -2.413704e+00
Optimality Gap:      -3.262746e+00 ± 1.421097e+00
Eq Violation l1:   3.191752e-05 (max: 1.768560e-03)
Ineq Violation l1: 2.446119e-07 (max: 2.929019e-05)
Solution Distance:   8.204068e+01 ± 1.915809e+00
Merit:             -2.302659e+00 ± 5.020962e-02
Avg Inference Time:  0.0902s
==================================================
Epoch 222/300, Loss: 0.6974, Obj: -1.9355, Eq Viol (l1): 0.000075, Ineq Viol (l1): 0.000011, Epoch time: 3.13s
Epoch 223/300, Loss: 0.4886, Obj: -1.8891, Eq Viol (l1): 0.000124, Ineq Viol (l1): 0.000016, Epoch time: 3.07s
Epoch 224/300, Loss: 1.8516, Obj: -1.3848, Eq Viol (l1): 0.000021, Ineq Viol (l1): 0.000000, Epoch time: 3.01s
Epoch 225/300, Loss: 1.3296, Obj: -2.0216, Eq Viol (l1): 0.000028, Ineq Viol (l1): 0.000001, Epoch time: 3.02s
Epoch 226/300, Loss: 0.3128, Obj: -1.8905, Eq Viol (l1): 0.000020, Ineq Viol (l1): 0.000000, Epoch time: 3.01s
Epoch 227/300, Loss: 0.7394, Obj: -1.9167, Eq Viol (l1): 0.000016, Ineq Viol (l1): 0.000000, Epoch time: 3.05s
Epoch 228/300, Loss: 0.6446, Obj: -1.6076, Eq Viol (l1): 0.000024, Ineq Viol (l1): 0.000000, Epoch time: 3.01s
Epoch 229/300, Loss: -0.1436, Obj: -1.9993, Eq Viol (l1): 0.000024, Ineq Viol (l1): 0.000000, Epoch time: 2.92s
Epoch 230/300, Loss: -0.3162, Obj: -2.1459, Eq Viol (l1): 0.000022, Ineq Viol (l1): 0.000001, Epoch time: 2.97s
Epoch 231/300, Loss: -0.1726, Obj: -2.2583, Eq Viol (l1): 0.000017, Ineq Viol (l1): 0.000000, Epoch time: 3.06s

Running validation at epoch 230...

VALIDATION_EPOCH_230 EVALUATION RESULTS:
==================================================
Objective Value:     -1.993099e+00
True Objective:      -2.413704e+00
Optimality Gap:      -2.780260e+00 ± 1.283788e+00
Eq Violation l1:   1.443386e-05 (max: 3.001512e-03)
Ineq Violation l1: 2.078597e-07 (max: 4.829624e-05)
Solution Distance:   8.516945e+01 ± 1.895810e+00
Merit:             -1.992952e+00 ± 5.423533e-02
Avg Inference Time:  0.1036s
==================================================
Epoch 232/300, Loss: 0.4477, Obj: -1.8710, Eq Viol (l1): 0.000051, Ineq Viol (l1): 0.000007, Epoch time: 3.15s
Epoch 233/300, Loss: 0.6330, Obj: -1.8580, Eq Viol (l1): 0.000030, Ineq Viol (l1): 0.000002, Epoch time: 3.05s
Epoch 234/300, Loss: 0.0882, Obj: -2.1937, Eq Viol (l1): 0.000025, Ineq Viol (l1): 0.000001, Epoch time: 3.05s
Epoch 235/300, Loss: -0.0288, Obj: -2.2250, Eq Viol (l1): 0.000027, Ineq Viol (l1): 0.000001, Epoch time: 3.03s
Epoch 236/300, Loss: -0.1102, Obj: -2.0776, Eq Viol (l1): 0.000020, Ineq Viol (l1): 0.000000, Epoch time: 3.04s
Epoch 237/300, Loss: 0.6140, Obj: -1.8183, Eq Viol (l1): 0.000016, Ineq Viol (l1): 0.000000, Epoch time: 3.23s
Epoch 238/300, Loss: 1.0143, Obj: -2.0557, Eq Viol (l1): 0.000024, Ineq Viol (l1): 0.000001, Epoch time: 3.13s
Epoch 239/300, Loss: 1.5606, Obj: -1.5156, Eq Viol (l1): 0.000183, Ineq Viol (l1): 0.000025, Epoch time: 3.19s
Epoch 240/300, Loss: 2.3931, Obj: -1.1650, Eq Viol (l1): 0.000194, Ineq Viol (l1): 0.000025, Epoch time: 3.17s
Epoch 241/300, Loss: 2.9657, Obj: -1.4909, Eq Viol (l1): 0.000203, Ineq Viol (l1): 0.000028, Epoch time: 3.18s

Running validation at epoch 240...

VALIDATION_EPOCH_240 EVALUATION RESULTS:
==================================================
Objective Value:     -1.568040e+00
True Objective:      -2.413704e+00
Optimality Gap:      -2.073406e+00 ± 1.164066e+00
Eq Violation l1:   1.098996e-05 (max: 2.947192e-03)
Ineq Violation l1: 2.419560e-07 (max: 1.130298e-04)
Solution Distance:   8.538423e+01 ± 1.786819e+00
Merit:             -1.567927e+00 ± 3.423991e-02
Avg Inference Time:  0.1094s
==================================================
Epoch 242/300, Loss: 2.7887, Obj: -1.3998, Eq Viol (l1): 0.000127, Ineq Viol (l1): 0.000014, Epoch time: 3.21s
Epoch 243/300, Loss: 2.5667, Obj: -1.2150, Eq Viol (l1): 0.000171, Ineq Viol (l1): 0.000033, Epoch time: 3.25s
Epoch 244/300, Loss: 1.4967, Obj: -1.2738, Eq Viol (l1): 0.000103, Ineq Viol (l1): 0.000018, Epoch time: 3.08s
Epoch 245/300, Loss: 1.8206, Obj: -1.6044, Eq Viol (l1): 0.000105, Ineq Viol (l1): 0.000013, Epoch time: 3.04s
Epoch 246/300, Loss: 0.5218, Obj: -1.7860, Eq Viol (l1): 0.000021, Ineq Viol (l1): 0.000000, Epoch time: 2.97s
Epoch 247/300, Loss: 0.3791, Obj: -2.1722, Eq Viol (l1): 0.000022, Ineq Viol (l1): 0.000000, Epoch time: 2.98s
Epoch 248/300, Loss: -0.0679, Obj: -2.1259, Eq Viol (l1): 0.000020, Ineq Viol (l1): 0.000000, Epoch time: 3.04s
Epoch 249/300, Loss: 0.8599, Obj: -1.4118, Eq Viol (l1): 0.000019, Ineq Viol (l1): 0.000000, Epoch time: 3.02s
Epoch 250/300, Loss: 0.3708, Obj: -1.9961, Eq Viol (l1): 0.000026, Ineq Viol (l1): 0.000000, Epoch time: 2.98s
Epoch 251/300, Loss: 0.6593, Obj: -1.9669, Eq Viol (l1): 0.000026, Ineq Viol (l1): 0.000000, Epoch time: 2.99s

Running validation at epoch 250...

VALIDATION_EPOCH_250 EVALUATION RESULTS:
==================================================
Objective Value:     -1.525976e+00
True Objective:      -2.413704e+00
Optimality Gap:      -1.939142e+00 ± 9.275938e-01
Eq Violation l1:   1.455179e-05 (max: 3.660349e-03)
Ineq Violation l1: 2.615381e-07 (max: 1.196645e-04)
Solution Distance:   8.695690e+01 ± 1.824350e+00
Merit:             -1.525828e+00 ± 4.576273e-02
Avg Inference Time:  0.0921s
==================================================
Epoch 252/300, Loss: 0.4261, Obj: -1.9587, Eq Viol (l1): 0.000017, Ineq Viol (l1): 0.000000, Epoch time: 2.97s
Epoch 253/300, Loss: 0.3182, Obj: -1.6195, Eq Viol (l1): 0.000026, Ineq Viol (l1): 0.000000, Epoch time: 2.96s
Epoch 254/300, Loss: -0.4364, Obj: -2.1700, Eq Viol (l1): 0.000020, Ineq Viol (l1): 0.000000, Epoch time: 3.00s
Epoch 255/300, Loss: -0.1379, Obj: -1.9063, Eq Viol (l1): 0.000017, Ineq Viol (l1): 0.000000, Epoch time: 3.05s
Epoch 256/300, Loss: 1.4057, Obj: -2.1575, Eq Viol (l1): 0.000027, Ineq Viol (l1): 0.000000, Epoch time: 3.03s
Epoch 257/300, Loss: 0.7718, Obj: -1.7496, Eq Viol (l1): 0.000023, Ineq Viol (l1): 0.000001, Epoch time: 3.05s
Epoch 258/300, Loss: 2.0514, Obj: -1.5213, Eq Viol (l1): 0.000015, Ineq Viol (l1): 0.000000, Epoch time: 3.11s
Epoch 259/300, Loss: 1.2934, Obj: -1.7957, Eq Viol (l1): 0.000014, Ineq Viol (l1): 0.000000, Epoch time: 3.15s
Epoch 260/300, Loss: 2.6950, Obj: -0.4249, Eq Viol (l1): 0.000014, Ineq Viol (l1): 0.000000, Epoch time: 3.13s
Epoch 261/300, Loss: 1.1823, Obj: -1.7297, Eq Viol (l1): 0.000040, Ineq Viol (l1): 0.000006, Epoch time: 3.14s

Running validation at epoch 260...

VALIDATION_EPOCH_260 EVALUATION RESULTS:
==================================================
Objective Value:     -1.652348e+00
True Objective:      -2.413704e+00
Optimality Gap:      -2.019783e+00 ± 1.085982e+00
Eq Violation l1:   1.573221e-05 (max: 2.163038e-03)
Ineq Violation l1: 2.623917e-07 (max: 8.354367e-05)
Solution Distance:   8.520657e+01 ± 1.992895e+00
Merit:             -1.652188e+00 ± 7.758032e-02
Avg Inference Time:  0.0914s
==================================================
Epoch 262/300, Loss: 0.7428, Obj: -1.7342, Eq Viol (l1): 0.000035, Ineq Viol (l1): 0.000002, Epoch time: 3.13s
Epoch 263/300, Loss: 0.3247, Obj: -2.0623, Eq Viol (l1): 0.000020, Ineq Viol (l1): 0.000001, Epoch time: 3.12s
Epoch 264/300, Loss: -0.2971, Obj: -1.9500, Eq Viol (l1): 0.000027, Ineq Viol (l1): 0.000001, Epoch time: 3.08s
Epoch 265/300, Loss: -0.3146, Obj: -2.1723, Eq Viol (l1): 0.000022, Ineq Viol (l1): 0.000000, Epoch time: 3.02s
Epoch 266/300, Loss: 0.0278, Obj: -2.0956, Eq Viol (l1): 0.000029, Ineq Viol (l1): 0.000002, Epoch time: 3.11s
Epoch 267/300, Loss: 0.3077, Obj: -1.7678, Eq Viol (l1): 0.000025, Ineq Viol (l1): 0.000001, Epoch time: 3.07s
Epoch 268/300, Loss: -0.0486, Obj: -2.1026, Eq Viol (l1): 0.000020, Ineq Viol (l1): 0.000000, Epoch time: 2.98s
Epoch 269/300, Loss: 0.4196, Obj: -2.0105, Eq Viol (l1): 0.000030, Ineq Viol (l1): 0.000001, Epoch time: 2.98s
Epoch 270/300, Loss: -0.5543, Obj: -2.3043, Eq Viol (l1): 0.000023, Ineq Viol (l1): 0.000001, Epoch time: 3.09s
Epoch 271/300, Loss: -0.7877, Obj: -2.3787, Eq Viol (l1): 0.000025, Ineq Viol (l1): 0.000000, Epoch time: 2.97s

Running validation at epoch 270...

VALIDATION_EPOCH_270 EVALUATION RESULTS:
==================================================
Objective Value:     -2.327915e+00
True Objective:      -2.413704e+00
Optimality Gap:      -3.497030e+00 ± 1.506927e+00
Eq Violation l1:   2.681872e-05 (max: 2.240549e-03)
Ineq Violation l1: 3.142578e-07 (max: 1.105610e-04)
Solution Distance:   8.306821e+01 ± 1.782662e+00
Merit:             -2.327643e+00 ± 5.288666e-02
Avg Inference Time:  0.0865s
==================================================
Epoch 272/300, Loss: -0.8955, Obj: -2.4054, Eq Viol (l1): 0.000027, Ineq Viol (l1): 0.000000, Epoch time: 2.95s
Epoch 273/300, Loss: -0.7860, Obj: -2.2931, Eq Viol (l1): 0.000021, Ineq Viol (l1): 0.000000, Epoch time: 3.00s
Epoch 274/300, Loss: -0.5404, Obj: -2.2992, Eq Viol (l1): 0.000064, Ineq Viol (l1): 0.000011, Epoch time: 3.02s
Epoch 275/300, Loss: -0.3784, Obj: -2.3233, Eq Viol (l1): 0.000027, Ineq Viol (l1): 0.000000, Epoch time: 2.96s
Epoch 276/300, Loss: -0.9066, Obj: -2.4262, Eq Viol (l1): 0.000023, Ineq Viol (l1): 0.000000, Epoch time: 2.90s
Epoch 277/300, Loss: -0.8824, Obj: -2.4217, Eq Viol (l1): 0.000026, Ineq Viol (l1): 0.000000, Epoch time: 2.90s
Epoch 278/300, Loss: -1.0002, Obj: -2.4736, Eq Viol (l1): 0.000029, Ineq Viol (l1): 0.000000, Epoch time: 2.88s
Epoch 279/300, Loss: -0.7341, Obj: -2.5256, Eq Viol (l1): 0.000024, Ineq Viol (l1): 0.000000, Epoch time: 2.93s
Epoch 280/300, Loss: -0.4555, Obj: -2.3630, Eq Viol (l1): 0.000027, Ineq Viol (l1): 0.000000, Epoch time: 2.98s
Epoch 281/300, Loss: 0.2008, Obj: -1.9616, Eq Viol (l1): 0.000020, Ineq Viol (l1): 0.000000, Epoch time: 2.97s

Running validation at epoch 280...

VALIDATION_EPOCH_280 EVALUATION RESULTS:
==================================================
Objective Value:     -2.233126e+00
True Objective:      -2.413704e+00
Optimality Gap:      -3.234122e+00 ± 1.412389e+00
Eq Violation l1:   2.421201e-05 (max: 3.453921e-03)
Ineq Violation l1: 5.053461e-07 (max: 1.909382e-04)
Solution Distance:   8.320194e+01 ± 1.832856e+00
Merit:             -2.232879e+00 ± 3.289429e-02
Avg Inference Time:  0.0881s
==================================================
Epoch 282/300, Loss: -0.5448, Obj: -2.2323, Eq Viol (l1): 0.000023, Ineq Viol (l1): 0.000000, Epoch time: 2.95s
Epoch 283/300, Loss: -0.6702, Obj: -2.4339, Eq Viol (l1): 0.000029, Ineq Viol (l1): 0.000000, Epoch time: 2.93s
Epoch 284/300, Loss: -0.7549, Obj: -2.4336, Eq Viol (l1): 0.000028, Ineq Viol (l1): 0.000000, Epoch time: 2.98s
Epoch 285/300, Loss: 0.0509, Obj: -2.0072, Eq Viol (l1): 0.000017, Ineq Viol (l1): 0.000000, Epoch time: 3.06s
Epoch 286/300, Loss: 0.7121, Obj: -2.0996, Eq Viol (l1): 0.000027, Ineq Viol (l1): 0.000000, Epoch time: 3.00s
Epoch 287/300, Loss: 0.5723, Obj: -1.5043, Eq Viol (l1): 0.000018, Ineq Viol (l1): 0.000000, Epoch time: 3.04s
Epoch 288/300, Loss: -0.3457, Obj: -2.1856, Eq Viol (l1): 0.000020, Ineq Viol (l1): 0.000000, Epoch time: 2.95s
Epoch 289/300, Loss: -0.7869, Obj: -2.3714, Eq Viol (l1): 0.000021, Ineq Viol (l1): 0.000000, Epoch time: 2.94s
Epoch 290/300, Loss: -0.7016, Obj: -2.2877, Eq Viol (l1): 0.000026, Ineq Viol (l1): 0.000000, Epoch time: 2.95s
Epoch 291/300, Loss: -1.0286, Obj: -2.3407, Eq Viol (l1): 0.000025, Ineq Viol (l1): 0.000000, Epoch time: 2.93s

Running validation at epoch 290...

VALIDATION_EPOCH_290 EVALUATION RESULTS:
==================================================
Objective Value:     -2.619336e+00
True Objective:      -2.413704e+00
Optimality Gap:      -3.813768e+00 ± 1.537554e+00
Eq Violation l1:   2.988164e-05 (max: 1.910369e-03)
Ineq Violation l1: 3.826904e-07 (max: 5.563188e-05)
Solution Distance:   8.147788e+01 ± 1.792793e+00
Merit:             -2.619033e+00 ± 2.449638e-02
Avg Inference Time:  0.0863s
==================================================
Epoch 292/300, Loss: -1.1677, Obj: -2.5206, Eq Viol (l1): 0.000022, Ineq Viol (l1): 0.000000, Epoch time: 2.93s
Epoch 293/300, Loss: -0.6227, Obj: -2.3098, Eq Viol (l1): 0.000025, Ineq Viol (l1): 0.000000, Epoch time: 2.85s
Epoch 294/300, Loss: -0.8544, Obj: -2.3675, Eq Viol (l1): 0.000023, Ineq Viol (l1): 0.000000, Epoch time: 2.95s
Epoch 295/300, Loss: -0.2710, Obj: -2.5332, Eq Viol (l1): 0.000024, Ineq Viol (l1): 0.000000, Epoch time: 3.03s
Epoch 296/300, Loss: 0.4711, Obj: -2.0095, Eq Viol (l1): 0.000019, Ineq Viol (l1): 0.000000, Epoch time: 3.00s
Epoch 297/300, Loss: -0.2306, Obj: -2.2151, Eq Viol (l1): 0.000020, Ineq Viol (l1): 0.000000, Epoch time: 2.97s
Epoch 298/300, Loss: -0.5732, Obj: -2.2130, Eq Viol (l1): 0.000018, Ineq Viol (l1): 0.000000, Epoch time: 3.01s
Epoch 299/300, Loss: -0.8486, Obj: -2.4879, Eq Viol (l1): 0.000025, Ineq Viol (l1): 0.000000, Epoch time: 2.95s
Epoch 300/300, Loss: -1.0812, Obj: -2.4430, Eq Viol (l1): 0.000023, Ineq Viol (l1): 0.000000, Epoch time: 2.96s

Training completed in 899.27 seconds.

============================================================
COMPREHENSIVE TEST EVALUATION WITH DETAILED RESULTS
============================================================
Testing with batch sizes: [256, 512]

Evaluating with batch size: 256 (with detailed results)

TEST_BS256 EVALUATION RESULTS:
==================================================
Objective Value:     -2.644641e+00
True Objective:      -2.409220e+00
Optimality Gap:      -5.968556e+00 ± 7.423409e+00
Eq Violation l1:   1.748860e-05 (max: 1.689842e-03)
Ineq Violation l1: 4.457523e-07 (max: 7.892370e-05)
Solution Distance:   8.436748e+01 ± 2.110321e+00
Merit:             -2.644462e+00 ± 5.912825e-02
Avg Inference Time:  0.0841s
==================================================

Evaluating with batch size: 512 (with detailed results)

TEST_BS512 EVALUATION RESULTS:
==================================================
Objective Value:     -2.643568e+00
True Objective:      -2.408634e+00
Optimality Gap:      -5.945754e+00 ± 4.687983e+00
Eq Violation l1:   1.773858e-05 (max: 3.296710e-03)
Ineq Violation l1: 3.602094e-07 (max: 1.417035e-04)
Solution Distance:   8.440011e+01 ± 1.245523e+00
Merit:             -2.643387e+00 ± 3.575508e-02
Avg Inference Time:  0.0953s
==================================================

TEST BATCH SIZE COMPARISON:
================================================================================
Batch Size   Objective    Opt Gap      Eq Viol      Ineq Viol    Time (s)  
--------------------------------------------------------------------------------
256          -2.6446e+00  -5.9686e+00  1.7489e-05   4.4575e-07   0.67      
512          -2.6436e+00  -5.9458e+00  1.7739e-05   3.6021e-07   0.38      
================================================================================

Saving model and results to: results/nonsmooth_nonconvex/socp/SOCPProblem-100-50-50-10000/20260108-044204_MLP_FSNet_seed2_nepochs300_lr0.0002_trainsize7000_finetune_20260108-031328_model_280
✓ Model saved: results/nonsmooth_nonconvex/socp/SOCPProblem-100-50-50-10000/20260108-044204_MLP_FSNet_seed2_nepochs300_lr0.0002_trainsize7000_finetune_20260108-031328_model_280/model.pt
✓ Detailed results saved: results/nonsmooth_nonconvex/socp/SOCPProblem-100-50-50-10000/20260108-044204_MLP_FSNet_seed2_nepochs300_lr0.0002_trainsize7000_finetune_20260108-031328_model_280/results.pkl

Files saved (or attempted):
  - model.pt (model weights and architecture)
  - results.pkl (training history, metrics, detailed test results)
Training and testing completed in 901.97 seconds
Done!!!
============================================================
==========         =====================         ===========
==========   2      =====================         ===========
==========         =====================         ===========
============================================================

======= Running for problem: nonsmooth_nonconvex/socp =======

Loading problem instance: nonsmooth_nonconvex/socp with size [100, 50, 50, 10000]
Loading  dataset from: datasets/nonsmooth_nonconvex/socp/random2025_socp_dataset_var100_ineq50_eq50_ex10000 

Running on:  cuda
Training model using FSNet method with seed 3 for 300 epochs
Using batch size: 512
Loading model from checkpoint: results/nonsmooth_nonconvex/socp/SOCPProblem-100-50-50-10000/20260108-031328_MLP_sup_seed1_nepochs500_lr0.0005_trainsize1000_subopt_2_1.0/model_280.pt

lr: 0.0002, weight_decay: 0.001, num_epochs: 300

Epoch 1/300, Loss: 38.0944, Obj: 25.4596, Eq Viol (l1): 0.000037, Ineq Viol (l1): 0.000000, Epoch time: 6.82s

Running validation at epoch 0...

VALIDATION_EPOCH_0 EVALUATION RESULTS:
==================================================
Objective Value:     2.555409e+01
True Objective:      -2.413704e+00
Optimality Gap:      4.277003e+01 ± 1.273260e+01
Eq Violation l1:   3.675091e-05 (max: 2.410000e-03)
Ineq Violation l1: 2.577691e-07 (max: 4.195918e-05)
Solution Distance:   1.792818e+02 ± 3.995286e-02
Merit:             2.555446e+01 ± 4.645169e-02
Avg Inference Time:  0.6199s
==================================================
Epoch 2/300, Loss: 35.6716, Obj: 25.4996, Eq Viol (l1): 0.000041, Ineq Viol (l1): 0.000000, Epoch time: 2.88s
Epoch 3/300, Loss: 32.1110, Obj: 25.5380, Eq Viol (l1): 0.000044, Ineq Viol (l1): 0.000000, Epoch time: 2.83s
Epoch 4/300, Loss: 28.7126, Obj: 24.4836, Eq Viol (l1): 0.000035, Ineq Viol (l1): 0.000000, Epoch time: 2.78s
Epoch 5/300, Loss: 25.7960, Obj: 22.4393, Eq Viol (l1): 0.000044, Ineq Viol (l1): 0.000000, Epoch time: 2.72s
Epoch 6/300, Loss: 23.2673, Obj: 20.5193, Eq Viol (l1): 0.000054, Ineq Viol (l1): 0.000000, Epoch time: 2.67s
Epoch 7/300, Loss: 20.7356, Obj: 18.1104, Eq Viol (l1): 0.000060, Ineq Viol (l1): 0.000000, Epoch time: 2.68s
Epoch 8/300, Loss: 18.5086, Obj: 16.1251, Eq Viol (l1): 0.000063, Ineq Viol (l1): 0.000000, Epoch time: 2.66s
Epoch 9/300, Loss: 16.0397, Obj: 14.0301, Eq Viol (l1): 0.000058, Ineq Viol (l1): 0.000000, Epoch time: 2.68s
Epoch 10/300, Loss: 12.8062, Obj: 11.0196, Eq Viol (l1): 0.000061, Ineq Viol (l1): 0.000000, Epoch time: 2.64s
Epoch 11/300, Loss: 7.0495, Obj: 5.2528, Eq Viol (l1): 0.000041, Ineq Viol (l1): 0.000000, Epoch time: 2.71s

Running validation at epoch 10...

VALIDATION_EPOCH_10 EVALUATION RESULTS:
==================================================
Objective Value:     3.383357e+00
True Objective:      -2.413704e+00
Optimality Gap:      6.938037e+00 ± 1.835848e+00
Eq Violation l1:   8.458870e-05 (max: 1.365404e-03)
Ineq Violation l1: 1.619638e-07 (max: 2.610957e-05)
Solution Distance:   1.009508e+02 ± 1.186317e+00
Merit:             3.384205e+00 ± 4.608355e-02
Avg Inference Time:  0.0672s
==================================================
Epoch 12/300, Loss: 4.3250, Obj: 2.6717, Eq Viol (l1): 0.000048, Ineq Viol (l1): 0.000000, Epoch time: 2.66s
Epoch 13/300, Loss: 2.8464, Obj: 1.5272, Eq Viol (l1): 0.000067, Ineq Viol (l1): 0.000000, Epoch time: 2.59s
Epoch 14/300, Loss: 2.0091, Obj: 0.8095, Eq Viol (l1): 0.000069, Ineq Viol (l1): 0.000000, Epoch time: 2.60s
Epoch 15/300, Loss: 1.6196, Obj: 0.5387, Eq Viol (l1): 0.000082, Ineq Viol (l1): 0.000000, Epoch time: 2.54s
Epoch 16/300, Loss: 1.3145, Obj: 0.3148, Eq Viol (l1): 0.000084, Ineq Viol (l1): 0.000000, Epoch time: 2.55s
Epoch 17/300, Loss: 1.0684, Obj: 0.1558, Eq Viol (l1): 0.000078, Ineq Viol (l1): 0.000000, Epoch time: 2.57s
Epoch 18/300, Loss: 0.9816, Obj: 0.0451, Eq Viol (l1): 0.000079, Ineq Viol (l1): 0.000000, Epoch time: 2.58s
Epoch 19/300, Loss: 0.8051, Obj: -0.0571, Eq Viol (l1): 0.000085, Ineq Viol (l1): 0.000001, Epoch time: 2.57s
Epoch 20/300, Loss: 0.7196, Obj: -0.0941, Eq Viol (l1): 0.000085, Ineq Viol (l1): 0.000001, Epoch time: 2.58s
Epoch 21/300, Loss: 0.6478, Obj: -0.1444, Eq Viol (l1): 0.000087, Ineq Viol (l1): 0.000001, Epoch time: 2.57s

Running validation at epoch 20...

VALIDATION_EPOCH_20 EVALUATION RESULTS:
==================================================
Objective Value:     -2.875940e-01
True Objective:      -2.413704e+00
Optimality Gap:      4.879280e-01 ± 1.667880e-01
Eq Violation l1:   9.206986e-05 (max: 1.736563e-03)
Ineq Violation l1: 3.592404e-07 (max: 2.470814e-05)
Solution Distance:   8.379959e+01 ± 2.327180e-01
Merit:             -2.866697e-01 ± 3.194528e-03
Avg Inference Time:  0.0686s
==================================================
Epoch 22/300, Loss: 0.6097, Obj: -0.2089, Eq Viol (l1): 0.000089, Ineq Viol (l1): 0.000001, Epoch time: 2.57s
Epoch 23/300, Loss: 0.4833, Obj: -0.3090, Eq Viol (l1): 0.000088, Ineq Viol (l1): 0.000001, Epoch time: 2.58s
Epoch 24/300, Loss: 0.5348, Obj: -0.2924, Eq Viol (l1): 0.000084, Ineq Viol (l1): 0.000001, Epoch time: 2.58s
Epoch 25/300, Loss: 0.4896, Obj: -0.3203, Eq Viol (l1): 0.000091, Ineq Viol (l1): 0.000001, Epoch time: 2.58s
Epoch 26/300, Loss: 0.4601, Obj: -0.3550, Eq Viol (l1): 0.000094, Ineq Viol (l1): 0.000001, Epoch time: 2.58s
Epoch 27/300, Loss: 0.4033, Obj: -0.3671, Eq Viol (l1): 0.000093, Ineq Viol (l1): 0.000001, Epoch time: 2.58s
Epoch 28/300, Loss: 0.3903, Obj: -0.4705, Eq Viol (l1): 0.000091, Ineq Viol (l1): 0.000001, Epoch time: 2.61s
Epoch 29/300, Loss: 0.3477, Obj: -0.5291, Eq Viol (l1): 0.000074, Ineq Viol (l1): 0.000001, Epoch time: 2.63s
Epoch 30/300, Loss: 0.2371, Obj: -0.5942, Eq Viol (l1): 0.000078, Ineq Viol (l1): 0.000001, Epoch time: 2.63s
Epoch 31/300, Loss: 0.2700, Obj: -0.6009, Eq Viol (l1): 0.000084, Ineq Viol (l1): 0.000001, Epoch time: 2.62s

Running validation at epoch 30...

VALIDATION_EPOCH_30 EVALUATION RESULTS:
==================================================
Objective Value:     -5.697468e-01
True Objective:      -2.413704e+00
Optimality Gap:      1.159270e-01 ± 2.590190e-01
Eq Violation l1:   7.756306e-05 (max: 1.495620e-03)
Ineq Violation l1: 5.747504e-07 (max: 3.928279e-05)
Solution Distance:   7.787274e+01 ± 4.303653e-01
Merit:             -5.689654e-01 ± 1.431569e-02
Avg Inference Time:  0.0724s
==================================================
Epoch 32/300, Loss: 0.3601, Obj: -0.5928, Eq Viol (l1): 0.000077, Ineq Viol (l1): 0.000001, Epoch time: 2.63s
Epoch 33/300, Loss: 0.2989, Obj: -0.6226, Eq Viol (l1): 0.000076, Ineq Viol (l1): 0.000001, Epoch time: 2.62s
Epoch 34/300, Loss: 0.1581, Obj: -0.6643, Eq Viol (l1): 0.000079, Ineq Viol (l1): 0.000001, Epoch time: 2.72s
Epoch 35/300, Loss: 0.0365, Obj: -0.8013, Eq Viol (l1): 0.000075, Ineq Viol (l1): 0.000001, Epoch time: 2.64s
Epoch 36/300, Loss: 0.0853, Obj: -0.8239, Eq Viol (l1): 0.000079, Ineq Viol (l1): 0.000001, Epoch time: 2.64s
Epoch 37/300, Loss: 0.2036, Obj: -0.7829, Eq Viol (l1): 0.000081, Ineq Viol (l1): 0.000001, Epoch time: 2.64s
Epoch 38/300, Loss: 0.2562, Obj: -0.8028, Eq Viol (l1): 0.000080, Ineq Viol (l1): 0.000001, Epoch time: 2.65s
Epoch 39/300, Loss: 0.3544, Obj: -0.7649, Eq Viol (l1): 0.000075, Ineq Viol (l1): 0.000001, Epoch time: 2.65s
Epoch 40/300, Loss: 0.4515, Obj: -0.8230, Eq Viol (l1): 0.000075, Ineq Viol (l1): 0.000001, Epoch time: 2.65s
Epoch 41/300, Loss: -0.0515, Obj: -0.9299, Eq Viol (l1): 0.000071, Ineq Viol (l1): 0.000001, Epoch time: 2.66s

Running validation at epoch 40...

VALIDATION_EPOCH_40 EVALUATION RESULTS:
==================================================
Objective Value:     -1.166225e+00
True Objective:      -2.413704e+00
Optimality Gap:      -9.896330e-01 ± 6.658726e-01
Eq Violation l1:   8.091197e-05 (max: 1.002345e-03)
Ineq Violation l1: 7.138703e-07 (max: 3.753862e-05)
Solution Distance:   7.496353e+01 ± 9.021376e-01
Merit:             -1.165409e+00 ± 2.607361e-02
Avg Inference Time:  0.0761s
==================================================
Epoch 42/300, Loss: -0.0242, Obj: -1.0076, Eq Viol (l1): 0.000078, Ineq Viol (l1): 0.000001, Epoch time: 2.67s
Epoch 43/300, Loss: -0.2170, Obj: -1.0593, Eq Viol (l1): 0.000065, Ineq Viol (l1): 0.000001, Epoch time: 2.67s
Epoch 44/300, Loss: -0.0679, Obj: -1.0715, Eq Viol (l1): 0.000076, Ineq Viol (l1): 0.000001, Epoch time: 2.67s
Epoch 45/300, Loss: -0.0436, Obj: -1.1375, Eq Viol (l1): 0.000075, Ineq Viol (l1): 0.000001, Epoch time: 2.67s
Epoch 46/300, Loss: -0.0359, Obj: -1.2146, Eq Viol (l1): 0.000065, Ineq Viol (l1): 0.000001, Epoch time: 2.69s
Epoch 47/300, Loss: 0.4409, Obj: -1.2314, Eq Viol (l1): 0.000077, Ineq Viol (l1): 0.000001, Epoch time: 2.71s
Epoch 48/300, Loss: -0.0812, Obj: -1.2854, Eq Viol (l1): 0.000073, Ineq Viol (l1): 0.000001, Epoch time: 2.66s
Epoch 49/300, Loss: -0.4396, Obj: -1.4778, Eq Viol (l1): 0.000063, Ineq Viol (l1): 0.000001, Epoch time: 2.68s
Epoch 50/300, Loss: -0.7476, Obj: -1.7346, Eq Viol (l1): 0.000064, Ineq Viol (l1): 0.000001, Epoch time: 2.68s
Epoch 51/300, Loss: -1.0729, Obj: -1.9022, Eq Viol (l1): 0.000065, Ineq Viol (l1): 0.000000, Epoch time: 2.64s

Running validation at epoch 50...

VALIDATION_EPOCH_50 EVALUATION RESULTS:
==================================================
Objective Value:     -2.142757e+00
True Objective:      -2.413704e+00
Optimality Gap:      -3.019323e+00 ± 1.500351e+00
Eq Violation l1:   5.287628e-05 (max: 2.071906e-03)
Ineq Violation l1: 5.277035e-07 (max: 3.807656e-05)
Solution Distance:   7.306242e+01 ± 1.528817e+00
Merit:             -2.142223e+00 ± 4.701034e-02
Avg Inference Time:  0.0773s
==================================================
Epoch 52/300, Loss: -0.8672, Obj: -1.9900, Eq Viol (l1): 0.000066, Ineq Viol (l1): 0.000000, Epoch time: 2.67s
Epoch 53/300, Loss: -1.1100, Obj: -2.0655, Eq Viol (l1): 0.000066, Ineq Viol (l1): 0.000000, Epoch time: 2.65s
Epoch 54/300, Loss: -1.2054, Obj: -2.1827, Eq Viol (l1): 0.000064, Ineq Viol (l1): 0.000000, Epoch time: 2.66s
Epoch 55/300, Loss: -1.3150, Obj: -2.2509, Eq Viol (l1): 0.000058, Ineq Viol (l1): 0.000001, Epoch time: 2.68s
Epoch 56/300, Loss: -1.1342, Obj: -2.1189, Eq Viol (l1): 0.000067, Ineq Viol (l1): 0.000000, Epoch time: 2.64s
Epoch 57/300, Loss: -1.2249, Obj: -2.1753, Eq Viol (l1): 0.000068, Ineq Viol (l1): 0.000000, Epoch time: 2.66s
Epoch 58/300, Loss: -1.3625, Obj: -2.2152, Eq Viol (l1): 0.000064, Ineq Viol (l1): 0.000000, Epoch time: 2.66s
Epoch 59/300, Loss: -1.4333, Obj: -2.3215, Eq Viol (l1): 0.000055, Ineq Viol (l1): 0.000000, Epoch time: 2.68s
Epoch 60/300, Loss: -1.1548, Obj: -2.3150, Eq Viol (l1): 0.000064, Ineq Viol (l1): 0.000000, Epoch time: 2.70s
Epoch 61/300, Loss: -1.3737, Obj: -2.2454, Eq Viol (l1): 0.000057, Ineq Viol (l1): 0.000000, Epoch time: 2.67s

Running validation at epoch 60...

VALIDATION_EPOCH_60 EVALUATION RESULTS:
==================================================
Objective Value:     -2.439430e+00
True Objective:      -2.413704e+00
Optimality Gap:      -3.549030e+00 ± 1.675954e+00
Eq Violation l1:   6.623062e-05 (max: 1.593187e-03)
Ineq Violation l1: 4.223383e-07 (max: 4.234765e-05)
Solution Distance:   7.410604e+01 ± 1.681826e+00
Merit:             -2.438763e+00 ± 4.756103e-02
Avg Inference Time:  0.0763s
==================================================
Epoch 62/300, Loss: -1.4166, Obj: -2.3641, Eq Viol (l1): 0.000070, Ineq Viol (l1): 0.000000, Epoch time: 2.66s
Epoch 63/300, Loss: -1.5354, Obj: -2.3699, Eq Viol (l1): 0.000062, Ineq Viol (l1): 0.000000, Epoch time: 2.68s
Epoch 64/300, Loss: -1.4297, Obj: -2.3651, Eq Viol (l1): 0.000056, Ineq Viol (l1): 0.000001, Epoch time: 2.69s
Epoch 65/300, Loss: -1.5187, Obj: -2.3217, Eq Viol (l1): 0.000061, Ineq Viol (l1): 0.000000, Epoch time: 2.67s
Epoch 66/300, Loss: -1.2838, Obj: -2.3890, Eq Viol (l1): 0.000064, Ineq Viol (l1): 0.000000, Epoch time: 2.72s
Epoch 67/300, Loss: -1.2954, Obj: -2.3231, Eq Viol (l1): 0.000047, Ineq Viol (l1): 0.000000, Epoch time: 2.79s
Epoch 68/300, Loss: -1.5357, Obj: -2.4526, Eq Viol (l1): 0.000053, Ineq Viol (l1): 0.000000, Epoch time: 2.71s
Epoch 69/300, Loss: -1.4472, Obj: -2.4030, Eq Viol (l1): 0.000053, Ineq Viol (l1): 0.000000, Epoch time: 2.71s
Epoch 70/300, Loss: -1.3832, Obj: -2.3027, Eq Viol (l1): 0.000057, Ineq Viol (l1): 0.000000, Epoch time: 2.69s
Epoch 71/300, Loss: -1.3360, Obj: -2.3344, Eq Viol (l1): 0.000057, Ineq Viol (l1): 0.000001, Epoch time: 2.68s

Running validation at epoch 70...

VALIDATION_EPOCH_70 EVALUATION RESULTS:
==================================================
Objective Value:     -2.544736e+00
True Objective:      -2.413704e+00
Optimality Gap:      -3.677962e+00 ± 1.696354e+00
Eq Violation l1:   6.514830e-05 (max: 1.697210e-03)
Ineq Violation l1: 9.372957e-07 (max: 5.849540e-05)
Solution Distance:   7.428727e+01 ± 1.693350e+00
Merit:             -2.544075e+00 ± 4.686561e-02
Avg Inference Time:  0.0779s
==================================================
Epoch 72/300, Loss: -1.2823, Obj: -2.3544, Eq Viol (l1): 0.000057, Ineq Viol (l1): 0.000001, Epoch time: 2.69s
Epoch 73/300, Loss: -1.4390, Obj: -2.3573, Eq Viol (l1): 0.000055, Ineq Viol (l1): 0.000000, Epoch time: 2.68s
Epoch 74/300, Loss: -1.3228, Obj: -2.4637, Eq Viol (l1): 0.000051, Ineq Viol (l1): 0.000000, Epoch time: 2.73s
Epoch 75/300, Loss: -0.7580, Obj: -2.1549, Eq Viol (l1): 0.000046, Ineq Viol (l1): 0.000000, Epoch time: 2.76s
Epoch 76/300, Loss: -1.4924, Obj: -2.3905, Eq Viol (l1): 0.000049, Ineq Viol (l1): 0.000000, Epoch time: 2.71s
Epoch 77/300, Loss: -1.2001, Obj: -2.3223, Eq Viol (l1): 0.000038, Ineq Viol (l1): 0.000001, Epoch time: 2.78s
Epoch 78/300, Loss: -1.2284, Obj: -2.4028, Eq Viol (l1): 0.000039, Ineq Viol (l1): 0.000000, Epoch time: 2.79s
Epoch 79/300, Loss: -1.4046, Obj: -2.3236, Eq Viol (l1): 0.000041, Ineq Viol (l1): 0.000000, Epoch time: 2.73s
Epoch 80/300, Loss: -1.0434, Obj: -2.4533, Eq Viol (l1): 0.000040, Ineq Viol (l1): 0.000000, Epoch time: 2.79s
Epoch 81/300, Loss: -1.1375, Obj: -2.3125, Eq Viol (l1): 0.000038, Ineq Viol (l1): 0.000000, Epoch time: 2.76s

Running validation at epoch 80...

VALIDATION_EPOCH_80 EVALUATION RESULTS:
==================================================
Objective Value:     -2.349359e+00
True Objective:      -2.413704e+00
Optimality Gap:      -3.386868e+00 ± 1.621324e+00
Eq Violation l1:   3.358900e-05 (max: 3.143087e-03)
Ineq Violation l1: 3.999459e-07 (max: 1.235684e-04)
Solution Distance:   7.507989e+01 ± 1.751897e+00
Merit:             -2.349019e+00 ± 5.176585e-02
Avg Inference Time:  0.0761s
==================================================
Epoch 82/300, Loss: -1.3253, Obj: -2.3653, Eq Viol (l1): 0.000047, Ineq Viol (l1): 0.000000, Epoch time: 2.76s
Epoch 83/300, Loss: -1.2673, Obj: -2.4338, Eq Viol (l1): 0.000034, Ineq Viol (l1): 0.000000, Epoch time: 2.80s
Epoch 84/300, Loss: -1.3364, Obj: -2.3908, Eq Viol (l1): 0.000047, Ineq Viol (l1): 0.000000, Epoch time: 2.74s
Epoch 85/300, Loss: -1.3974, Obj: -2.4752, Eq Viol (l1): 0.000043, Ineq Viol (l1): 0.000001, Epoch time: 2.76s
Epoch 86/300, Loss: -1.2176, Obj: -2.3617, Eq Viol (l1): 0.000036, Ineq Viol (l1): 0.000000, Epoch time: 2.79s
Epoch 87/300, Loss: -1.1106, Obj: -2.3621, Eq Viol (l1): 0.000041, Ineq Viol (l1): 0.000000, Epoch time: 2.80s
Epoch 88/300, Loss: -0.8518, Obj: -2.2097, Eq Viol (l1): 0.000039, Ineq Viol (l1): 0.000000, Epoch time: 2.80s
Epoch 89/300, Loss: -0.8169, Obj: -2.2229, Eq Viol (l1): 0.000042, Ineq Viol (l1): 0.000000, Epoch time: 2.76s
Epoch 90/300, Loss: -0.8907, Obj: -2.2322, Eq Viol (l1): 0.000034, Ineq Viol (l1): 0.000000, Epoch time: 2.82s
Epoch 91/300, Loss: -0.3131, Obj: -2.0062, Eq Viol (l1): 0.000033, Ineq Viol (l1): 0.000000, Epoch time: 2.91s

Running validation at epoch 90...

VALIDATION_EPOCH_90 EVALUATION RESULTS:
==================================================
Objective Value:     -2.134755e+00
True Objective:      -2.413704e+00
Optimality Gap:      -3.200450e+00 ± 1.533155e+00
Eq Violation l1:   2.365361e-05 (max: 1.778503e-03)
Ineq Violation l1: 2.157019e-07 (max: 3.777820e-05)
Solution Distance:   7.857178e+01 ± 1.743742e+00
Merit:             -2.134516e+00 ± 4.690335e-02
Avg Inference Time:  0.0852s
==================================================
Epoch 92/300, Loss: -0.8167, Obj: -2.1925, Eq Viol (l1): 0.000031, Ineq Viol (l1): 0.000000, Epoch time: 2.83s
Epoch 93/300, Loss: 0.0793, Obj: -1.8996, Eq Viol (l1): 0.000034, Ineq Viol (l1): 0.000000, Epoch time: 2.88s
Epoch 94/300, Loss: -0.5470, Obj: -2.0908, Eq Viol (l1): 0.000040, Ineq Viol (l1): 0.000000, Epoch time: 2.85s
Epoch 95/300, Loss: 0.0569, Obj: -1.9223, Eq Viol (l1): 0.000029, Ineq Viol (l1): 0.000000, Epoch time: 2.97s
Epoch 96/300, Loss: 0.7160, Obj: -1.6980, Eq Viol (l1): 0.000024, Ineq Viol (l1): 0.000000, Epoch time: 3.00s
Epoch 97/300, Loss: 1.2325, Obj: -1.5960, Eq Viol (l1): 0.000029, Ineq Viol (l1): 0.000000, Epoch time: 2.84s
Epoch 98/300, Loss: 1.1394, Obj: -1.8953, Eq Viol (l1): 0.000033, Ineq Viol (l1): 0.000002, Epoch time: 2.98s
Epoch 99/300, Loss: 1.3495, Obj: -1.4141, Eq Viol (l1): 0.000029, Ineq Viol (l1): 0.000001, Epoch time: 3.02s
Epoch 100/300, Loss: 1.1045, Obj: -1.5740, Eq Viol (l1): 0.000024, Ineq Viol (l1): 0.000000, Epoch time: 2.99s
Epoch 101/300, Loss: 0.2254, Obj: -1.9707, Eq Viol (l1): 0.000027, Ineq Viol (l1): 0.000000, Epoch time: 3.02s

Running validation at epoch 100...

VALIDATION_EPOCH_100 EVALUATION RESULTS:
==================================================
Objective Value:     -1.706700e+00
True Objective:      -2.413704e+00
Optimality Gap:      -2.572637e+00 ± 1.428615e+00
Eq Violation l1:   2.568776e-05 (max: 2.064901e-03)
Ineq Violation l1: 3.292652e-07 (max: 7.895404e-05)
Solution Distance:   7.758486e+01 ± 1.716834e+00
Merit:             -1.706440e+00 ± 7.977692e-02
Avg Inference Time:  0.0840s
==================================================
Epoch 102/300, Loss: -0.7444, Obj: -2.1188, Eq Viol (l1): 0.000025, Ineq Viol (l1): 0.000000, Epoch time: 2.86s
Epoch 103/300, Loss: -0.9795, Obj: -2.3744, Eq Viol (l1): 0.000027, Ineq Viol (l1): 0.000000, Epoch time: 2.89s
Epoch 104/300, Loss: 0.1864, Obj: -1.7958, Eq Viol (l1): 0.000023, Ineq Viol (l1): 0.000000, Epoch time: 3.01s
Epoch 105/300, Loss: 1.6279, Obj: -1.4069, Eq Viol (l1): 0.000022, Ineq Viol (l1): 0.000000, Epoch time: 3.11s
Epoch 106/300, Loss: 1.1553, Obj: -1.7442, Eq Viol (l1): 0.000020, Ineq Viol (l1): 0.000000, Epoch time: 3.01s
Epoch 107/300, Loss: 0.7690, Obj: -1.8638, Eq Viol (l1): 0.000021, Ineq Viol (l1): 0.000000, Epoch time: 3.00s
Epoch 108/300, Loss: 2.2310, Obj: -1.4661, Eq Viol (l1): 0.000027, Ineq Viol (l1): 0.000000, Epoch time: 2.91s
Epoch 109/300, Loss: 0.4059, Obj: -1.4463, Eq Viol (l1): 0.000021, Ineq Viol (l1): 0.000000, Epoch time: 2.91s
Epoch 110/300, Loss: -0.4569, Obj: -2.2098, Eq Viol (l1): 0.000028, Ineq Viol (l1): 0.000000, Epoch time: 2.89s
Epoch 111/300, Loss: 0.4260, Obj: -1.9830, Eq Viol (l1): 0.000020, Ineq Viol (l1): 0.000000, Epoch time: 2.99s

Running validation at epoch 110...

VALIDATION_EPOCH_110 EVALUATION RESULTS:
==================================================
Objective Value:     -1.774653e+00
True Objective:      -2.413704e+00
Optimality Gap:      -2.352738e+00 ± 9.555487e-01
Eq Violation l1:   1.255101e-05 (max: 2.794351e-03)
Ineq Violation l1: 3.719533e-07 (max: 1.573965e-04)
Solution Distance:   8.055226e+01 ± 1.476101e+00
Merit:             -1.774524e+00 ± 7.477238e-02
Avg Inference Time:  0.1033s
==================================================
Epoch 112/300, Loss: 2.7801, Obj: -1.2813, Eq Viol (l1): 0.000041, Ineq Viol (l1): 0.000004, Epoch time: 3.14s
Epoch 113/300, Loss: 1.5359, Obj: -1.3366, Eq Viol (l1): 0.000029, Ineq Viol (l1): 0.000001, Epoch time: 3.13s
Epoch 114/300, Loss: 0.5202, Obj: -1.9632, Eq Viol (l1): 0.000018, Ineq Viol (l1): 0.000000, Epoch time: 3.09s
Epoch 115/300, Loss: 0.7336, Obj: -1.6848, Eq Viol (l1): 0.000019, Ineq Viol (l1): 0.000000, Epoch time: 2.99s
Epoch 116/300, Loss: 0.6346, Obj: -2.0192, Eq Viol (l1): 0.000023, Ineq Viol (l1): 0.000000, Epoch time: 2.99s
Epoch 117/300, Loss: -0.6653, Obj: -2.1407, Eq Viol (l1): 0.000019, Ineq Viol (l1): 0.000000, Epoch time: 2.95s
Epoch 118/300, Loss: 0.3957, Obj: -2.2112, Eq Viol (l1): 0.000026, Ineq Viol (l1): 0.000000, Epoch time: 2.98s
Epoch 119/300, Loss: 0.2382, Obj: -2.1066, Eq Viol (l1): 0.000039, Ineq Viol (l1): 0.000005, Epoch time: 3.07s
Epoch 120/300, Loss: 0.5618, Obj: -1.8094, Eq Viol (l1): 0.000020, Ineq Viol (l1): 0.000000, Epoch time: 3.03s
Epoch 121/300, Loss: 0.5271, Obj: -1.6146, Eq Viol (l1): 0.000016, Ineq Viol (l1): 0.000000, Epoch time: 3.09s

Running validation at epoch 120...

VALIDATION_EPOCH_120 EVALUATION RESULTS:
==================================================
Objective Value:     -2.065378e+00
True Objective:      -2.413704e+00
Optimality Gap:      -2.969309e+00 ± 1.422006e+00
Eq Violation l1:   2.210143e-05 (max: 2.484625e-03)
Ineq Violation l1: 4.951376e-07 (max: 1.457738e-04)
Solution Distance:   8.162595e+01 ± 1.778301e+00
Merit:             -2.065152e+00 ± 5.521346e-02
Avg Inference Time:  0.0982s
==================================================
Epoch 122/300, Loss: 4.7300, Obj: -1.2842, Eq Viol (l1): 0.000032, Ineq Viol (l1): 0.000002, Epoch time: 3.23s
Epoch 123/300, Loss: 5.7465, Obj: -0.9839, Eq Viol (l1): 0.000022, Ineq Viol (l1): 0.000000, Epoch time: 3.19s
Epoch 124/300, Loss: 9.0482, Obj: -0.2913, Eq Viol (l1): 0.000042, Ineq Viol (l1): 0.000002, Epoch time: 3.28s
Epoch 125/300, Loss: 9.4895, Obj: 0.2355, Eq Viol (l1): 0.000077, Ineq Viol (l1): 0.000010, Epoch time: 3.34s
Epoch 126/300, Loss: 9.1434, Obj: -0.7304, Eq Viol (l1): 0.000045, Ineq Viol (l1): 0.000004, Epoch time: 3.31s
Epoch 127/300, Loss: 6.4281, Obj: -0.2711, Eq Viol (l1): 0.000024, Ineq Viol (l1): 0.000001, Epoch time: 3.27s
Epoch 128/300, Loss: 6.9576, Obj: -0.2829, Eq Viol (l1): 0.000212, Ineq Viol (l1): 0.000024, Epoch time: 3.30s
Epoch 129/300, Loss: 7.2716, Obj: 0.0681, Eq Viol (l1): 0.000169, Ineq Viol (l1): 0.000026, Epoch time: 3.35s
Epoch 130/300, Loss: 5.6610, Obj: -0.6203, Eq Viol (l1): 0.000139, Ineq Viol (l1): 0.000020, Epoch time: 3.20s
Epoch 131/300, Loss: 4.5363, Obj: -0.3549, Eq Viol (l1): 0.000145, Ineq Viol (l1): 0.000024, Epoch time: 3.25s

Running validation at epoch 130...

VALIDATION_EPOCH_130 EVALUATION RESULTS:
==================================================
Objective Value:     -3.926197e-01
True Objective:      -2.413704e+00
Optimality Gap:      -2.585869e-01 ± 5.206561e-01
Eq Violation l1:   2.506028e-05 (max: 8.987499e-03)
Ineq Violation l1: 1.330094e-06 (max: 6.298251e-04)
Solution Distance:   8.672145e+01 ± 1.536939e+00
Merit:             -3.923558e-01 ± 3.160558e-02
Avg Inference Time:  0.1144s
==================================================
Epoch 132/300, Loss: 3.5765, Obj: -0.7888, Eq Viol (l1): 0.000089, Ineq Viol (l1): 0.000013, Epoch time: 3.23s
Epoch 133/300, Loss: 3.9089, Obj: -1.4066, Eq Viol (l1): 0.000021, Ineq Viol (l1): 0.000001, Epoch time: 3.31s
Epoch 134/300, Loss: 6.0393, Obj: -0.7000, Eq Viol (l1): 0.000076, Ineq Viol (l1): 0.000010, Epoch time: 3.25s
Epoch 135/300, Loss: 8.2109, Obj: 0.1399, Eq Viol (l1): 0.000031, Ineq Viol (l1): 0.000001, Epoch time: 3.26s
Epoch 136/300, Loss: 2.8610, Obj: -0.9600, Eq Viol (l1): 0.000021, Ineq Viol (l1): 0.000000, Epoch time: 3.13s
Epoch 137/300, Loss: 2.5193, Obj: -1.1739, Eq Viol (l1): 0.000071, Ineq Viol (l1): 0.000008, Epoch time: 3.12s
Epoch 138/300, Loss: 3.8248, Obj: -1.2397, Eq Viol (l1): 0.000099, Ineq Viol (l1): 0.000014, Epoch time: 3.22s
Epoch 139/300, Loss: 3.2204, Obj: -0.9634, Eq Viol (l1): 0.000046, Ineq Viol (l1): 0.000005, Epoch time: 3.24s
Epoch 140/300, Loss: 8.0923, Obj: 0.9813, Eq Viol (l1): 0.000057, Ineq Viol (l1): 0.000004, Epoch time: 3.25s
Epoch 141/300, Loss: 7.9909, Obj: 0.3392, Eq Viol (l1): 0.000056, Ineq Viol (l1): 0.000006, Epoch time: 3.23s

Running validation at epoch 140...

VALIDATION_EPOCH_140 EVALUATION RESULTS:
==================================================
Objective Value:     -1.769387e-01
True Objective:      -2.413704e+00
Optimality Gap:      2.251284e-01 ± 4.706528e-01
Eq Violation l1:   1.931833e-05 (max: 2.530628e-03)
Ineq Violation l1: 6.404812e-07 (max: 2.220342e-04)
Solution Distance:   8.593454e+01 ± 1.838892e+00
Merit:             -1.767392e-01 ± 6.030411e-02
Avg Inference Time:  0.1028s
==================================================
Epoch 142/300, Loss: 4.7240, Obj: -1.0005, Eq Viol (l1): 0.000038, Ineq Viol (l1): 0.000004, Epoch time: 3.19s
Epoch 143/300, Loss: 3.8433, Obj: -0.7184, Eq Viol (l1): 0.000022, Ineq Viol (l1): 0.000001, Epoch time: 3.21s
Epoch 144/300, Loss: 3.2549, Obj: -0.7008, Eq Viol (l1): 0.000018, Ineq Viol (l1): 0.000001, Epoch time: 3.19s
Epoch 145/300, Loss: 3.7320, Obj: -0.3288, Eq Viol (l1): 0.000018, Ineq Viol (l1): 0.000001, Epoch time: 3.12s
Epoch 146/300, Loss: 3.8038, Obj: -0.6611, Eq Viol (l1): 0.000016, Ineq Viol (l1): 0.000000, Epoch time: 3.15s
Epoch 147/300, Loss: 4.1641, Obj: -0.6050, Eq Viol (l1): 0.000015, Ineq Viol (l1): 0.000001, Epoch time: 3.19s
Epoch 148/300, Loss: 3.9403, Obj: -0.1996, Eq Viol (l1): 0.000014, Ineq Viol (l1): 0.000000, Epoch time: 3.17s
Epoch 149/300, Loss: 1.6188, Obj: -1.3065, Eq Viol (l1): 0.000027, Ineq Viol (l1): 0.000003, Epoch time: 3.08s
Epoch 150/300, Loss: 2.9838, Obj: -0.9588, Eq Viol (l1): 0.000019, Ineq Viol (l1): 0.000000, Epoch time: 3.05s
Epoch 151/300, Loss: 5.3061, Obj: 0.7955, Eq Viol (l1): 0.000055, Ineq Viol (l1): 0.000005, Epoch time: 3.17s

Running validation at epoch 150...

VALIDATION_EPOCH_150 EVALUATION RESULTS:
==================================================
Objective Value:     1.578327e-01
True Objective:      -2.413704e+00
Optimality Gap:      8.555274e-01 ± 1.132088e-01
Eq Violation l1:   2.585408e-05 (max: 2.478166e-03)
Ineq Violation l1: 5.649861e-07 (max: 2.481491e-04)
Solution Distance:   8.658791e+01 ± 1.584371e+00
Merit:             1.580969e-01 ± 3.484353e-02
Avg Inference Time:  0.0967s
==================================================
Epoch 152/300, Loss: 4.6649, Obj: -0.4827, Eq Viol (l1): 0.000098, Ineq Viol (l1): 0.000009, Epoch time: 3.18s
Epoch 153/300, Loss: 3.0498, Obj: -0.9878, Eq Viol (l1): 0.000022, Ineq Viol (l1): 0.000001, Epoch time: 3.12s
Epoch 154/300, Loss: 1.1753, Obj: -1.4469, Eq Viol (l1): 0.000017, Ineq Viol (l1): 0.000000, Epoch time: 3.08s
Epoch 155/300, Loss: 0.7518, Obj: -1.8051, Eq Viol (l1): 0.000019, Ineq Viol (l1): 0.000000, Epoch time: 3.02s
Epoch 156/300, Loss: 1.2381, Obj: -1.5985, Eq Viol (l1): 0.000018, Ineq Viol (l1): 0.000000, Epoch time: 3.13s
Epoch 157/300, Loss: 1.3730, Obj: -1.0597, Eq Viol (l1): 0.000021, Ineq Viol (l1): 0.000001, Epoch time: 3.09s
Epoch 158/300, Loss: 0.4396, Obj: -1.4371, Eq Viol (l1): 0.000019, Ineq Viol (l1): 0.000000, Epoch time: 3.04s
Epoch 159/300, Loss: 2.2879, Obj: -1.8582, Eq Viol (l1): 0.000017, Ineq Viol (l1): 0.000000, Epoch time: 3.11s
Epoch 160/300, Loss: 3.6656, Obj: -0.6291, Eq Viol (l1): 0.000030, Ineq Viol (l1): 0.000001, Epoch time: 3.08s
Epoch 161/300, Loss: 2.9519, Obj: -1.3959, Eq Viol (l1): 0.000029, Ineq Viol (l1): 0.000002, Epoch time: 3.04s

Running validation at epoch 160...

VALIDATION_EPOCH_160 EVALUATION RESULTS:
==================================================
Objective Value:     -1.506109e+00
True Objective:      -2.413704e+00
Optimality Gap:      -1.775359e+00 ± 8.994098e-01
Eq Violation l1:   1.500409e-05 (max: 2.305625e-03)
Ineq Violation l1: 2.277046e-07 (max: 8.569747e-05)
Solution Distance:   8.496226e+01 ± 1.772659e+00
Merit:             -1.505957e+00 ± 3.240855e-02
Avg Inference Time:  0.0944s
==================================================
Epoch 162/300, Loss: 1.4676, Obj: -1.2117, Eq Viol (l1): 0.000018, Ineq Viol (l1): 0.000000, Epoch time: 3.01s
Epoch 163/300, Loss: 0.8290, Obj: -1.6969, Eq Viol (l1): 0.000015, Ineq Viol (l1): 0.000000, Epoch time: 3.03s
Epoch 164/300, Loss: 1.3124, Obj: -1.3261, Eq Viol (l1): 0.000019, Ineq Viol (l1): 0.000000, Epoch time: 3.03s
Epoch 165/300, Loss: 1.5229, Obj: -1.3341, Eq Viol (l1): 0.000031, Ineq Viol (l1): 0.000001, Epoch time: 3.03s
Epoch 166/300, Loss: 1.0711, Obj: -1.6257, Eq Viol (l1): 0.000025, Ineq Viol (l1): 0.000000, Epoch time: 3.05s
Epoch 167/300, Loss: 0.8593, Obj: -1.6467, Eq Viol (l1): 0.000020, Ineq Viol (l1): 0.000000, Epoch time: 3.11s
Epoch 168/300, Loss: 0.5686, Obj: -1.8689, Eq Viol (l1): 0.000021, Ineq Viol (l1): 0.000000, Epoch time: 2.99s
Epoch 169/300, Loss: 1.9279, Obj: -1.6594, Eq Viol (l1): 0.000021, Ineq Viol (l1): 0.000000, Epoch time: 3.01s
Epoch 170/300, Loss: 1.2867, Obj: -1.8229, Eq Viol (l1): 0.000019, Ineq Viol (l1): 0.000000, Epoch time: 3.02s
Epoch 171/300, Loss: 0.2172, Obj: -1.8038, Eq Viol (l1): 0.000025, Ineq Viol (l1): 0.000002, Epoch time: 3.03s

Running validation at epoch 170...

VALIDATION_EPOCH_170 EVALUATION RESULTS:
==================================================
Objective Value:     -2.203159e+00
True Objective:      -2.413704e+00
Optimality Gap:      -3.340902e+00 ± 1.649442e+00
Eq Violation l1:   2.187654e-05 (max: 2.622660e-03)
Ineq Violation l1: 2.194840e-07 (max: 7.084653e-05)
Solution Distance:   8.181023e+01 ± 1.787561e+00
Merit:             -2.202938e+00 ± 3.785348e-02
Avg Inference Time:  0.0926s
==================================================
Epoch 172/300, Loss: 1.4665, Obj: -1.9824, Eq Viol (l1): 0.000025, Ineq Viol (l1): 0.000000, Epoch time: 3.00s
Epoch 173/300, Loss: 2.0059, Obj: -1.8058, Eq Viol (l1): 0.000025, Ineq Viol (l1): 0.000001, Epoch time: 3.11s
Epoch 174/300, Loss: 2.0052, Obj: -1.5409, Eq Viol (l1): 0.000031, Ineq Viol (l1): 0.000002, Epoch time: 3.14s
Epoch 175/300, Loss: 3.0022, Obj: -1.3486, Eq Viol (l1): 0.000020, Ineq Viol (l1): 0.000000, Epoch time: 3.10s
Epoch 176/300, Loss: 2.7710, Obj: -1.2927, Eq Viol (l1): 0.000019, Ineq Viol (l1): 0.000001, Epoch time: 3.12s
Epoch 177/300, Loss: 1.2421, Obj: -1.7388, Eq Viol (l1): 0.000028, Ineq Viol (l1): 0.000001, Epoch time: 3.06s
Epoch 178/300, Loss: 0.9270, Obj: -1.4805, Eq Viol (l1): 0.000028, Ineq Viol (l1): 0.000000, Epoch time: 3.05s
Epoch 179/300, Loss: 2.2091, Obj: -1.5548, Eq Viol (l1): 0.000024, Ineq Viol (l1): 0.000000, Epoch time: 3.05s
Epoch 180/300, Loss: 1.5536, Obj: -1.3759, Eq Viol (l1): 0.000023, Ineq Viol (l1): 0.000001, Epoch time: 3.05s
Epoch 181/300, Loss: 0.8152, Obj: -1.6375, Eq Viol (l1): 0.000017, Ineq Viol (l1): 0.000000, Epoch time: 2.99s

Running validation at epoch 180...

VALIDATION_EPOCH_180 EVALUATION RESULTS:
==================================================
Objective Value:     -2.468617e+00
True Objective:      -2.413704e+00
Optimality Gap:      -3.757259e+00 ± 1.586212e+00
Eq Violation l1:   5.027273e-05 (max: 2.560108e-03)
Ineq Violation l1: 3.952976e-07 (max: 4.617991e-05)
Solution Distance:   8.005903e+01 ± 1.853497e+00
Merit:             -2.468110e+00 ± 2.146965e-02
Avg Inference Time:  0.0863s
==================================================
Epoch 182/300, Loss: 1.0177, Obj: -1.6509, Eq Viol (l1): 0.000025, Ineq Viol (l1): 0.000000, Epoch time: 3.00s
Epoch 183/300, Loss: 0.3466, Obj: -2.0873, Eq Viol (l1): 0.000027, Ineq Viol (l1): 0.000001, Epoch time: 3.00s
Epoch 184/300, Loss: 0.4756, Obj: -1.5088, Eq Viol (l1): 0.000029, Ineq Viol (l1): 0.000001, Epoch time: 3.08s
Epoch 185/300, Loss: 0.6913, Obj: -1.4626, Eq Viol (l1): 0.000019, Ineq Viol (l1): 0.000000, Epoch time: 3.06s
Epoch 186/300, Loss: 0.5491, Obj: -1.7767, Eq Viol (l1): 0.000034, Ineq Viol (l1): 0.000003, Epoch time: 3.05s
Epoch 187/300, Loss: 0.2698, Obj: -2.0098, Eq Viol (l1): 0.000023, Ineq Viol (l1): 0.000001, Epoch time: 3.02s
Epoch 188/300, Loss: 0.3573, Obj: -1.9323, Eq Viol (l1): 0.000070, Ineq Viol (l1): 0.000009, Epoch time: 3.08s
Epoch 189/300, Loss: 0.8995, Obj: -1.9684, Eq Viol (l1): 0.000055, Ineq Viol (l1): 0.000005, Epoch time: 3.05s
Epoch 190/300, Loss: 1.6322, Obj: -1.9950, Eq Viol (l1): 0.000056, Ineq Viol (l1): 0.000008, Epoch time: 3.13s
Epoch 191/300, Loss: 0.9514, Obj: -1.7682, Eq Viol (l1): 0.000042, Ineq Viol (l1): 0.000004, Epoch time: 3.10s

Running validation at epoch 190...

VALIDATION_EPOCH_190 EVALUATION RESULTS:
==================================================
Objective Value:     -1.767495e+00
True Objective:      -2.413704e+00
Optimality Gap:      -2.554635e+00 ± 1.212710e+00
Eq Violation l1:   2.464822e-05 (max: 2.366866e-03)
Ineq Violation l1: 1.940236e-07 (max: 3.318973e-05)
Solution Distance:   8.139155e+01 ± 1.787238e+00
Merit:             -1.767246e+00 ± 3.628843e-02
Avg Inference Time:  0.0932s
==================================================
Epoch 192/300, Loss: 2.0976, Obj: -1.4546, Eq Viol (l1): 0.000023, Ineq Viol (l1): 0.000003, Epoch time: 3.13s
Epoch 193/300, Loss: 0.8612, Obj: -1.9288, Eq Viol (l1): 0.000033, Ineq Viol (l1): 0.000002, Epoch time: 3.03s
Epoch 194/300, Loss: 1.4171, Obj: -1.6821, Eq Viol (l1): 0.000067, Ineq Viol (l1): 0.000007, Epoch time: 3.05s
Epoch 195/300, Loss: 2.0110, Obj: -0.9235, Eq Viol (l1): 0.000071, Ineq Viol (l1): 0.000009, Epoch time: 3.11s
Epoch 196/300, Loss: 1.2180, Obj: -1.8131, Eq Viol (l1): 0.000054, Ineq Viol (l1): 0.000006, Epoch time: 3.06s
Epoch 197/300, Loss: 0.5403, Obj: -1.6971, Eq Viol (l1): 0.000056, Ineq Viol (l1): 0.000007, Epoch time: 2.98s
Epoch 198/300, Loss: 0.3366, Obj: -1.7063, Eq Viol (l1): 0.000050, Ineq Viol (l1): 0.000005, Epoch time: 3.01s
Epoch 199/300, Loss: -0.0650, Obj: -1.8501, Eq Viol (l1): 0.000035, Ineq Viol (l1): 0.000004, Epoch time: 3.03s
Epoch 200/300, Loss: -0.2685, Obj: -2.1551, Eq Viol (l1): 0.000024, Ineq Viol (l1): 0.000001, Epoch time: 3.06s
Epoch 201/300, Loss: 0.4318, Obj: -1.7535, Eq Viol (l1): 0.000036, Ineq Viol (l1): 0.000003, Epoch time: 3.24s

Running validation at epoch 200...

VALIDATION_EPOCH_200 EVALUATION RESULTS:
==================================================
Objective Value:     -1.585445e+00
True Objective:      -2.413704e+00
Optimality Gap:      -2.214378e+00 ± 1.090964e+00
Eq Violation l1:   4.383209e-05 (max: 1.176925e-03)
Ineq Violation l1: 4.701467e-07 (max: 5.460794e-05)
Solution Distance:   8.315860e+01 ± 1.750679e+00
Merit:             -1.585002e+00 ± 5.340365e-02
Avg Inference Time:  0.0856s
==================================================
Epoch 202/300, Loss: 1.7481, Obj: -1.2606, Eq Viol (l1): 0.000027, Ineq Viol (l1): 0.000001, Epoch time: 3.09s
Epoch 203/300, Loss: 0.5558, Obj: -1.7884, Eq Viol (l1): 0.000019, Ineq Viol (l1): 0.000000, Epoch time: 3.07s
Epoch 204/300, Loss: 0.2770, Obj: -1.8168, Eq Viol (l1): 0.000026, Ineq Viol (l1): 0.000001, Epoch time: 3.00s
Epoch 205/300, Loss: -0.0780, Obj: -2.0426, Eq Viol (l1): 0.000020, Ineq Viol (l1): 0.000000, Epoch time: 2.95s
Epoch 206/300, Loss: 0.5285, Obj: -1.8676, Eq Viol (l1): 0.000083, Ineq Viol (l1): 0.000011, Epoch time: 3.03s
Epoch 207/300, Loss: 1.1386, Obj: -1.7650, Eq Viol (l1): 0.000058, Ineq Viol (l1): 0.000007, Epoch time: 3.10s
Epoch 208/300, Loss: 0.6578, Obj: -1.8462, Eq Viol (l1): 0.000096, Ineq Viol (l1): 0.000014, Epoch time: 3.12s
Epoch 209/300, Loss: 0.5602, Obj: -1.9855, Eq Viol (l1): 0.000092, Ineq Viol (l1): 0.000012, Epoch time: 3.06s
Epoch 210/300, Loss: 0.6408, Obj: -1.8527, Eq Viol (l1): 0.000053, Ineq Viol (l1): 0.000007, Epoch time: 3.08s
Epoch 211/300, Loss: 0.3793, Obj: -1.8059, Eq Viol (l1): 0.000074, Ineq Viol (l1): 0.000011, Epoch time: 3.04s

Running validation at epoch 210...

VALIDATION_EPOCH_210 EVALUATION RESULTS:
==================================================
Objective Value:     -1.709951e+00
True Objective:      -2.413704e+00
Optimality Gap:      -2.370769e+00 ± 1.194117e+00
Eq Violation l1:   1.724093e-05 (max: 2.418489e-03)
Ineq Violation l1: 1.767699e-07 (max: 4.266372e-05)
Solution Distance:   8.430856e+01 ± 1.841900e+00
Merit:             -1.709777e+00 ± 5.170047e-02
Avg Inference Time:  0.0957s
==================================================
Epoch 212/300, Loss: 0.4829, Obj: -1.9248, Eq Viol (l1): 0.000084, Ineq Viol (l1): 0.000014, Epoch time: 3.04s
Epoch 213/300, Loss: 0.1103, Obj: -1.7846, Eq Viol (l1): 0.000052, Ineq Viol (l1): 0.000006, Epoch time: 3.00s
Epoch 214/300, Loss: 0.6262, Obj: -1.4917, Eq Viol (l1): 0.000137, Ineq Viol (l1): 0.000022, Epoch time: 3.05s
Epoch 215/300, Loss: 0.2864, Obj: -2.0366, Eq Viol (l1): 0.000083, Ineq Viol (l1): 0.000012, Epoch time: 3.05s
Epoch 216/300, Loss: 0.1234, Obj: -2.1316, Eq Viol (l1): 0.000064, Ineq Viol (l1): 0.000011, Epoch time: 3.06s
Epoch 217/300, Loss: 1.5780, Obj: -1.6380, Eq Viol (l1): 0.000119, Ineq Viol (l1): 0.000014, Epoch time: 3.01s
Epoch 218/300, Loss: 0.0942, Obj: -1.8045, Eq Viol (l1): 0.000057, Ineq Viol (l1): 0.000004, Epoch time: 3.03s
Epoch 219/300, Loss: -0.0458, Obj: -2.2383, Eq Viol (l1): 0.000044, Ineq Viol (l1): 0.000009, Epoch time: 2.98s
Epoch 220/300, Loss: 0.1306, Obj: -2.0450, Eq Viol (l1): 0.000021, Ineq Viol (l1): 0.000001, Epoch time: 2.97s
Epoch 221/300, Loss: -0.4988, Obj: -2.2585, Eq Viol (l1): 0.000070, Ineq Viol (l1): 0.000008, Epoch time: 2.98s

Running validation at epoch 220...

VALIDATION_EPOCH_220 EVALUATION RESULTS:
==================================================
Objective Value:     -2.247306e+00
True Objective:      -2.413704e+00
Optimality Gap:      -3.253360e+00 ± 1.441339e+00
Eq Violation l1:   2.681038e-05 (max: 2.393877e-03)
Ineq Violation l1: 3.495789e-07 (max: 9.492106e-05)
Solution Distance:   8.286052e+01 ± 1.957915e+00
Merit:             -2.247034e+00 ± 4.928099e-02
Avg Inference Time:  0.0861s
==================================================
Epoch 222/300, Loss: -0.8410, Obj: -2.4376, Eq Viol (l1): 0.000035, Ineq Viol (l1): 0.000002, Epoch time: 3.03s
Epoch 223/300, Loss: -0.1578, Obj: -2.1261, Eq Viol (l1): 0.000050, Ineq Viol (l1): 0.000004, Epoch time: 2.98s
Epoch 224/300, Loss: -0.6978, Obj: -2.1299, Eq Viol (l1): 0.000028, Ineq Viol (l1): 0.000001, Epoch time: 2.96s
Epoch 225/300, Loss: -0.6527, Obj: -2.2412, Eq Viol (l1): 0.000026, Ineq Viol (l1): 0.000000, Epoch time: 2.99s
Epoch 226/300, Loss: -0.8045, Obj: -2.3354, Eq Viol (l1): 0.000025, Ineq Viol (l1): 0.000002, Epoch time: 2.98s
Epoch 227/300, Loss: -1.1618, Obj: -2.4951, Eq Viol (l1): 0.000023, Ineq Viol (l1): 0.000000, Epoch time: 3.00s
Epoch 228/300, Loss: -1.0570, Obj: -2.4810, Eq Viol (l1): 0.000016, Ineq Viol (l1): 0.000000, Epoch time: 3.08s
Epoch 229/300, Loss: -0.2168, Obj: -2.1290, Eq Viol (l1): 0.000022, Ineq Viol (l1): 0.000001, Epoch time: 3.04s
Epoch 230/300, Loss: -0.3141, Obj: -2.1294, Eq Viol (l1): 0.000038, Ineq Viol (l1): 0.000004, Epoch time: 3.02s
Epoch 231/300, Loss: -0.0758, Obj: -1.9758, Eq Viol (l1): 0.000027, Ineq Viol (l1): 0.000001, Epoch time: 3.02s

Running validation at epoch 230...

VALIDATION_EPOCH_230 EVALUATION RESULTS:
==================================================
Objective Value:     -2.219039e+00
True Objective:      -2.413704e+00
Optimality Gap:      -3.471057e+00 ± 1.628408e+00
Eq Violation l1:   2.264927e-05 (max: 2.079250e-03)
Ineq Violation l1: 1.833499e-07 (max: 1.771818e-05)
Solution Distance:   8.244209e+01 ± 1.875806e+00
Merit:             -2.218811e+00 ± 4.850232e-02
Avg Inference Time:  0.0950s
==================================================
Epoch 232/300, Loss: -0.5818, Obj: -2.3692, Eq Viol (l1): 0.000024, Ineq Viol (l1): 0.000001, Epoch time: 3.04s
Epoch 233/300, Loss: -0.8760, Obj: -2.4260, Eq Viol (l1): 0.000018, Ineq Viol (l1): 0.000000, Epoch time: 3.03s
Epoch 234/300, Loss: -0.2224, Obj: -2.3366, Eq Viol (l1): 0.000021, Ineq Viol (l1): 0.000000, Epoch time: 3.05s
Epoch 235/300, Loss: 0.0446, Obj: -1.8991, Eq Viol (l1): 0.000023, Ineq Viol (l1): 0.000001, Epoch time: 3.15s
Epoch 236/300, Loss: 3.2026, Obj: -2.1423, Eq Viol (l1): 0.005030, Ineq Viol (l1): 0.002126, Epoch time: 3.08s
Epoch 237/300, Loss: 1.8136, Obj: -1.5400, Eq Viol (l1): 0.000019, Ineq Viol (l1): 0.000000, Epoch time: 3.05s
Epoch 238/300, Loss: 0.6790, Obj: -1.7956, Eq Viol (l1): 0.000017, Ineq Viol (l1): 0.000000, Epoch time: 3.01s
Epoch 239/300, Loss: 0.1154, Obj: -2.0164, Eq Viol (l1): 0.000017, Ineq Viol (l1): 0.000000, Epoch time: 3.04s
Epoch 240/300, Loss: 0.1642, Obj: -2.0943, Eq Viol (l1): 0.000021, Ineq Viol (l1): 0.000000, Epoch time: 2.99s
Epoch 241/300, Loss: 0.6438, Obj: -2.0204, Eq Viol (l1): 0.000019, Ineq Viol (l1): 0.000000, Epoch time: 3.04s

Running validation at epoch 240...

VALIDATION_EPOCH_240 EVALUATION RESULTS:
==================================================
Objective Value:     -2.309487e+00
True Objective:      -2.413704e+00
Optimality Gap:      -3.487789e+00 ± 1.492781e+00
Eq Violation l1:   2.020338e-05 (max: 2.684653e-03)
Ineq Violation l1: 1.828105e-07 (max: 6.489535e-05)
Solution Distance:   8.167808e+01 ± 1.956183e+00
Merit:             -2.309283e+00 ± 6.293527e-02
Avg Inference Time:  0.0945s
==================================================
Epoch 242/300, Loss: 0.1978, Obj: -1.9916, Eq Viol (l1): 0.000025, Ineq Viol (l1): 0.000000, Epoch time: 2.96s
Epoch 243/300, Loss: -0.1852, Obj: -2.1253, Eq Viol (l1): 0.000019, Ineq Viol (l1): 0.000000, Epoch time: 3.01s
Epoch 244/300, Loss: 0.7037, Obj: -2.0185, Eq Viol (l1): 0.000019, Ineq Viol (l1): 0.000001, Epoch time: 3.17s
Epoch 245/300, Loss: 0.6832, Obj: -1.9003, Eq Viol (l1): 0.000038, Ineq Viol (l1): 0.000003, Epoch time: 3.13s
Epoch 246/300, Loss: -0.4142, Obj: -2.2446, Eq Viol (l1): 0.000045, Ineq Viol (l1): 0.000005, Epoch time: 3.06s
Epoch 247/300, Loss: 0.2690, Obj: -2.4390, Eq Viol (l1): 0.000026, Ineq Viol (l1): 0.000003, Epoch time: 3.15s
Epoch 248/300, Loss: -0.1321, Obj: -1.9455, Eq Viol (l1): 0.000019, Ineq Viol (l1): 0.000001, Epoch time: 3.06s
Epoch 249/300, Loss: -0.3345, Obj: -2.1365, Eq Viol (l1): 0.000029, Ineq Viol (l1): 0.000002, Epoch time: 3.06s
Epoch 250/300, Loss: 0.3768, Obj: -2.2713, Eq Viol (l1): 0.000025, Ineq Viol (l1): 0.000001, Epoch time: 3.01s
Epoch 251/300, Loss: 0.7392, Obj: -2.3632, Eq Viol (l1): 0.000029, Ineq Viol (l1): 0.000002, Epoch time: 3.10s

Running validation at epoch 250...

VALIDATION_EPOCH_250 EVALUATION RESULTS:
==================================================
Objective Value:     -2.369132e+00
True Objective:      -2.413704e+00
Optimality Gap:      -3.571772e+00 ± 1.625935e+00
Eq Violation l1:   2.516011e-05 (max: 2.386903e-03)
Ineq Violation l1: 3.680260e-07 (max: 6.729762e-05)
Solution Distance:   8.077170e+01 ± 1.945930e+00
Merit:             -2.368877e+00 ± 5.324011e-02
Avg Inference Time:  0.0969s
==================================================
Epoch 252/300, Loss: 1.6204, Obj: -1.8526, Eq Viol (l1): 0.000030, Ineq Viol (l1): 0.000001, Epoch time: 3.09s
Epoch 253/300, Loss: -0.1651, Obj: -2.1543, Eq Viol (l1): 0.000017, Ineq Viol (l1): 0.000000, Epoch time: 3.08s
Epoch 254/300, Loss: 0.0652, Obj: -2.4090, Eq Viol (l1): 0.000024, Ineq Viol (l1): 0.000000, Epoch time: 3.04s
Epoch 255/300, Loss: -0.1169, Obj: -2.0370, Eq Viol (l1): 0.000016, Ineq Viol (l1): 0.000000, Epoch time: 3.04s
Epoch 256/300, Loss: 0.4993, Obj: -2.1132, Eq Viol (l1): 0.000019, Ineq Viol (l1): 0.000000, Epoch time: 3.04s
Epoch 257/300, Loss: 0.5548, Obj: -2.2719, Eq Viol (l1): 0.000024, Ineq Viol (l1): 0.000001, Epoch time: 3.01s
Epoch 258/300, Loss: 0.4250, Obj: -1.7489, Eq Viol (l1): 0.000021, Ineq Viol (l1): 0.000000, Epoch time: 3.01s
Epoch 259/300, Loss: 0.3140, Obj: -1.9094, Eq Viol (l1): 0.000020, Ineq Viol (l1): 0.000000, Epoch time: 3.00s
Epoch 260/300, Loss: 0.2965, Obj: -2.3725, Eq Viol (l1): 0.000023, Ineq Viol (l1): 0.000000, Epoch time: 2.97s
Epoch 261/300, Loss: -0.4590, Obj: -2.2528, Eq Viol (l1): 0.000026, Ineq Viol (l1): 0.000001, Epoch time: 3.03s

Running validation at epoch 260...

VALIDATION_EPOCH_260 EVALUATION RESULTS:
==================================================
Objective Value:     -2.177558e+00
True Objective:      -2.413704e+00
Optimality Gap:      -3.264522e+00 ± 1.482173e+00
Eq Violation l1:   2.576908e-05 (max: 2.582898e-03)
Ineq Violation l1: 5.018334e-07 (max: 1.002679e-04)
Solution Distance:   8.251709e+01 ± 1.947028e+00
Merit:             -2.177296e+00 ± 3.837044e-02
Avg Inference Time:  0.0918s
==================================================
Epoch 262/300, Loss: -0.5488, Obj: -2.2336, Eq Viol (l1): 0.000029, Ineq Viol (l1): 0.000001, Epoch time: 2.96s
Epoch 263/300, Loss: -0.4731, Obj: -2.1494, Eq Viol (l1): 0.000020, Ineq Viol (l1): 0.000001, Epoch time: 3.08s
Epoch 264/300, Loss: 0.2587, Obj: -2.0438, Eq Viol (l1): 0.000016, Ineq Viol (l1): 0.000001, Epoch time: 3.11s
Epoch 265/300, Loss: -0.1839, Obj: -1.9908, Eq Viol (l1): 0.000020, Ineq Viol (l1): 0.000001, Epoch time: 3.03s
Epoch 266/300, Loss: -0.0184, Obj: -2.1458, Eq Viol (l1): 0.000031, Ineq Viol (l1): 0.000002, Epoch time: 3.05s
Epoch 267/300, Loss: 1.5664, Obj: -2.4562, Eq Viol (l1): 0.000021, Ineq Viol (l1): 0.000001, Epoch time: 3.09s
Epoch 268/300, Loss: 1.1115, Obj: -1.8531, Eq Viol (l1): 0.000019, Ineq Viol (l1): 0.000000, Epoch time: 3.20s
Epoch 269/300, Loss: -0.1401, Obj: -2.2267, Eq Viol (l1): 0.000021, Ineq Viol (l1): 0.000001, Epoch time: 3.03s
Epoch 270/300, Loss: -0.2168, Obj: -2.0856, Eq Viol (l1): 0.000019, Ineq Viol (l1): 0.000000, Epoch time: 3.05s
Epoch 271/300, Loss: 0.0166, Obj: -2.2179, Eq Viol (l1): 0.000018, Ineq Viol (l1): 0.000000, Epoch time: 3.05s

Running validation at epoch 270...

VALIDATION_EPOCH_270 EVALUATION RESULTS:
==================================================
Objective Value:     -2.077222e+00
True Objective:      -2.413704e+00
Optimality Gap:      -3.019653e+00 ± 1.367593e+00
Eq Violation l1:   1.359089e-05 (max: 3.326611e-03)
Ineq Violation l1: 4.330697e-07 (max: 1.374102e-04)
Solution Distance:   8.360585e+01 ± 1.788612e+00
Merit:             -2.077082e+00 ± 5.068726e-02
Avg Inference Time:  0.1032s
==================================================
Epoch 272/300, Loss: 0.6223, Obj: -2.1327, Eq Viol (l1): 0.000021, Ineq Viol (l1): 0.000000, Epoch time: 3.06s
Epoch 273/300, Loss: 4.8111, Obj: -1.6922, Eq Viol (l1): 0.000021, Ineq Viol (l1): 0.000000, Epoch time: 3.10s
Epoch 274/300, Loss: 2.5180, Obj: -0.7245, Eq Viol (l1): 0.000013, Ineq Viol (l1): 0.000000, Epoch time: 3.10s
Epoch 275/300, Loss: 0.6641, Obj: -2.1342, Eq Viol (l1): 0.000021, Ineq Viol (l1): 0.000000, Epoch time: 3.03s
Epoch 276/300, Loss: 0.3392, Obj: -2.0008, Eq Viol (l1): 0.000024, Ineq Viol (l1): 0.000001, Epoch time: 3.04s
Epoch 277/300, Loss: 0.4729, Obj: -2.2441, Eq Viol (l1): 0.000018, Ineq Viol (l1): 0.000000, Epoch time: 3.03s
Epoch 278/300, Loss: 0.3002, Obj: -2.2517, Eq Viol (l1): 0.000018, Ineq Viol (l1): 0.000000, Epoch time: 3.05s
Epoch 279/300, Loss: 0.5881, Obj: -1.7944, Eq Viol (l1): 0.000023, Ineq Viol (l1): 0.000000, Epoch time: 3.03s
Epoch 280/300, Loss: 3.4587, Obj: -1.7902, Eq Viol (l1): 0.000015, Ineq Viol (l1): 0.000000, Epoch time: 3.19s
Epoch 281/300, Loss: 5.2650, Obj: -1.7206, Eq Viol (l1): 0.000017, Ineq Viol (l1): 0.000000, Epoch time: 3.18s

Running validation at epoch 280...

VALIDATION_EPOCH_280 EVALUATION RESULTS:
==================================================
Objective Value:     -9.253125e-01
True Objective:      -2.413704e+00
Optimality Gap:      -1.421831e+00 ± 9.405277e-01
Eq Violation l1:   2.272887e-05 (max: 2.266113e-03)
Ineq Violation l1: 3.603270e-07 (max: 6.815329e-05)
Solution Distance:   8.732037e+01 ± 2.008035e+00
Merit:             -9.250816e-01 ± 5.135157e-02
Avg Inference Time:  0.0951s
==================================================
Epoch 282/300, Loss: 2.3982, Obj: -0.6320, Eq Viol (l1): 0.000016, Ineq Viol (l1): 0.000000, Epoch time: 3.15s
Epoch 283/300, Loss: 2.1222, Obj: -1.8782, Eq Viol (l1): 0.000021, Ineq Viol (l1): 0.000001, Epoch time: 3.08s
Epoch 284/300, Loss: 0.7870, Obj: -1.7040, Eq Viol (l1): 0.000024, Ineq Viol (l1): 0.000000, Epoch time: 2.97s
Epoch 285/300, Loss: 0.0609, Obj: -2.1094, Eq Viol (l1): 0.000019, Ineq Viol (l1): 0.000000, Epoch time: 3.01s
Epoch 286/300, Loss: -0.6151, Obj: -2.2863, Eq Viol (l1): 0.000018, Ineq Viol (l1): 0.000001, Epoch time: 3.04s
Epoch 287/300, Loss: 0.2477, Obj: -2.1634, Eq Viol (l1): 0.000027, Ineq Viol (l1): 0.000000, Epoch time: 2.95s
Epoch 288/300, Loss: 0.4410, Obj: -2.3380, Eq Viol (l1): 0.000026, Ineq Viol (l1): 0.000000, Epoch time: 3.01s
Epoch 289/300, Loss: -0.1979, Obj: -2.0865, Eq Viol (l1): 0.000021, Ineq Viol (l1): 0.000001, Epoch time: 2.99s
Epoch 290/300, Loss: -0.3228, Obj: -2.2670, Eq Viol (l1): 0.000022, Ineq Viol (l1): 0.000000, Epoch time: 3.00s
Epoch 291/300, Loss: -0.2544, Obj: -2.2384, Eq Viol (l1): 0.000018, Ineq Viol (l1): 0.000000, Epoch time: 3.03s

Running validation at epoch 290...

VALIDATION_EPOCH_290 EVALUATION RESULTS:
==================================================
Objective Value:     -2.007768e+00
True Objective:      -2.413704e+00
Optimality Gap:      -2.842133e+00 ± 1.341583e+00
Eq Violation l1:   1.383566e-05 (max: 2.948853e-03)
Ineq Violation l1: 1.667536e-07 (max: 5.342665e-05)
Solution Distance:   8.363670e+01 ± 1.911259e+00
Merit:             -2.007628e+00 ± 6.611813e-02
Avg Inference Time:  0.0930s
==================================================
Epoch 292/300, Loss: -0.4092, Obj: -2.1566, Eq Viol (l1): 0.000019, Ineq Viol (l1): 0.000000, Epoch time: 2.97s
Epoch 293/300, Loss: -0.5823, Obj: -2.2436, Eq Viol (l1): 0.000019, Ineq Viol (l1): 0.000000, Epoch time: 2.96s
Epoch 294/300, Loss: -0.7094, Obj: -2.3616, Eq Viol (l1): 0.000026, Ineq Viol (l1): 0.000000, Epoch time: 2.91s
Epoch 295/300, Loss: -0.7457, Obj: -2.2457, Eq Viol (l1): 0.000024, Ineq Viol (l1): 0.000000, Epoch time: 2.92s
Epoch 296/300, Loss: -0.6136, Obj: -2.3878, Eq Viol (l1): 0.000025, Ineq Viol (l1): 0.000000, Epoch time: 2.92s
Epoch 297/300, Loss: -0.6019, Obj: -2.2681, Eq Viol (l1): 0.000022, Ineq Viol (l1): 0.000000, Epoch time: 2.91s
Epoch 298/300, Loss: 1.6325, Obj: -2.2042, Eq Viol (l1): 0.000028, Ineq Viol (l1): 0.000000, Epoch time: 2.98s
Epoch 299/300, Loss: -0.2029, Obj: -2.0221, Eq Viol (l1): 0.000024, Ineq Viol (l1): 0.000000, Epoch time: 2.93s
Epoch 300/300, Loss: -0.6518, Obj: -2.4286, Eq Viol (l1): 0.000027, Ineq Viol (l1): 0.000000, Epoch time: 2.88s

Training completed in 894.09 seconds.

============================================================
COMPREHENSIVE TEST EVALUATION WITH DETAILED RESULTS
============================================================
Testing with batch sizes: [256, 512]

Evaluating with batch size: 256 (with detailed results)

TEST_BS256 EVALUATION RESULTS:
==================================================
Objective Value:     -2.347347e+00
True Objective:      -2.409220e+00
Optimality Gap:      -5.071849e+00 ± 6.533059e+00
Eq Violation l1:   7.549862e-05 (max: 1.572587e-02)
Ineq Violation l1: 9.601820e-06 (max: 2.433075e-03)
Solution Distance:   8.524497e+01 ± 2.134537e+00
Merit:             -2.346496e+00 ± 6.402705e-02
Avg Inference Time:  0.0868s
==================================================

Evaluating with batch size: 512 (with detailed results)

TEST_BS512 EVALUATION RESULTS:
==================================================
Objective Value:     -2.345067e+00
True Objective:      -2.408634e+00
Optimality Gap:      -5.050732e+00 ± 4.187445e+00
Eq Violation l1:   7.046170e-05 (max: 3.057598e-02)
Ineq Violation l1: 9.668603e-06 (max: 4.898724e-03)
Solution Distance:   8.528110e+01 ± 1.268949e+00
Merit:             -2.344266e+00 ± 4.134070e-02
Avg Inference Time:  0.1026s
==================================================

TEST BATCH SIZE COMPARISON:
================================================================================
Batch Size   Objective    Opt Gap      Eq Viol      Ineq Viol    Time (s)  
--------------------------------------------------------------------------------
256          -2.3473e+00  -5.0718e+00  7.5499e-05   9.6018e-06   0.69      
512          -2.3451e+00  -5.0507e+00  7.0462e-05   9.6686e-06   0.41      
================================================================================

Saving model and results to: results/nonsmooth_nonconvex/socp/SOCPProblem-100-50-50-10000/20260108-045711_MLP_FSNet_seed3_nepochs300_lr0.0002_trainsize7000_finetune_20260108-031328_model_280
✓ Model saved: results/nonsmooth_nonconvex/socp/SOCPProblem-100-50-50-10000/20260108-045711_MLP_FSNet_seed3_nepochs300_lr0.0002_trainsize7000_finetune_20260108-031328_model_280/model.pt
✓ Detailed results saved: results/nonsmooth_nonconvex/socp/SOCPProblem-100-50-50-10000/20260108-045711_MLP_FSNet_seed3_nepochs300_lr0.0002_trainsize7000_finetune_20260108-031328_model_280/results.pkl

Files saved (or attempted):
  - model.pt (model weights and architecture)
  - results.pkl (training history, metrics, detailed test results)
Training and testing completed in 896.79 seconds
Done!!!
============================================================
==========         =====================         ===========
==========   3      =====================         ===========
==========         =====================         ===========
============================================================
