==============================================
 Job started at: 2026-01-08 00:30:23
 Job ID: 7806888
 Node: node3008
==============================================

======= Running for problem: nonsmooth_nonconvex/socp =======

Loading problem instance: nonsmooth_nonconvex/socp with size [100, 50, 50, 10000]
Loading  dataset from: datasets/nonsmooth_nonconvex/socp/random2025_socp_dataset_var100_ineq50_eq50_ex10000 

Running on:  cuda
Training model using FSNet method with seed 3 for 300 epochs
Using batch size: 512
Loading model from checkpoint: results/nonsmooth_nonconvex/socp/SOCPProblem-100-50-50-10000/20260106-202959_MLP_sup_seed1_dropout0.05_subopt_2_-10.0/model_60.pt

lr: 0.0002, weight_decay: 0.001, num_epochs: 300

Epoch 1/300, Loss: 27.1800, Obj: 2.0331, Eq Viol (l1): 0.000028, Ineq Viol (l1): 0.000001, Epoch time: 8.97s

Running validation at epoch 0...

VALIDATION_EPOCH_0 EVALUATION RESULTS:
==================================================
Objective Value:     2.128969e+00
True Objective:      -2.413704e+00
Optimality Gap:      5.923528e+00 ± 2.322039e+00
Eq Violation l1:   5.083720e-05 (max: 1.722105e-02)
Ineq Violation l1: 8.139925e-06 (max: 3.515274e-03)
Solution Distance:   7.145041e+01 ± 9.276336e-01
Merit:             2.129558e+00 ± 9.419540e-02
Avg Inference Time:  0.6603s
==================================================
Epoch 2/300, Loss: 26.2865, Obj: 2.0111, Eq Viol (l1): 0.000090, Ineq Viol (l1): 0.000014, Epoch time: 3.38s
Epoch 3/300, Loss: 24.2549, Obj: 2.0162, Eq Viol (l1): 0.000031, Ineq Viol (l1): 0.000002, Epoch time: 3.30s
Epoch 4/300, Loss: 21.2602, Obj: 2.1349, Eq Viol (l1): 0.000018, Ineq Viol (l1): 0.000000, Epoch time: 3.26s
Epoch 5/300, Loss: 18.5466, Obj: 2.4951, Eq Viol (l1): 0.000029, Ineq Viol (l1): 0.000002, Epoch time: 3.27s
Epoch 6/300, Loss: 16.3990, Obj: 3.1874, Eq Viol (l1): 0.000019, Ineq Viol (l1): 0.000000, Epoch time: 3.23s
Epoch 7/300, Loss: 15.5133, Obj: 3.3849, Eq Viol (l1): 0.000038, Ineq Viol (l1): 0.000004, Epoch time: 3.27s
Epoch 8/300, Loss: 15.7905, Obj: 3.6343, Eq Viol (l1): 0.000092, Ineq Viol (l1): 0.000007, Epoch time: 3.24s
Epoch 9/300, Loss: 15.6712, Obj: 4.0834, Eq Viol (l1): 0.000025, Ineq Viol (l1): 0.000001, Epoch time: 3.26s
Epoch 10/300, Loss: 16.0918, Obj: 4.4357, Eq Viol (l1): 0.000063, Ineq Viol (l1): 0.000005, Epoch time: 3.16s
Epoch 11/300, Loss: 13.5682, Obj: 3.7610, Eq Viol (l1): 0.000021, Ineq Viol (l1): 0.000001, Epoch time: 3.18s

Running validation at epoch 10...

VALIDATION_EPOCH_10 EVALUATION RESULTS:
==================================================
Objective Value:     3.124545e+00
True Objective:      -2.413704e+00
Optimality Gap:      8.329528e+00 ± 3.297651e+00
Eq Violation l1:   2.785988e-05 (max: 2.023471e-03)
Ineq Violation l1: 5.057510e-07 (max: 8.623805e-05)
Solution Distance:   7.718593e+01 ± 9.956276e-01
Merit:             3.124829e+00 ± 3.675171e-02
Avg Inference Time:  0.0942s
==================================================
Epoch 12/300, Loss: 11.2084, Obj: 2.8985, Eq Viol (l1): 0.000021, Ineq Viol (l1): 0.000000, Epoch time: 3.08s
Epoch 13/300, Loss: 9.2989, Obj: 2.3690, Eq Viol (l1): 0.000021, Ineq Viol (l1): 0.000000, Epoch time: 2.98s
Epoch 14/300, Loss: 5.4994, Obj: 1.2060, Eq Viol (l1): 0.000037, Ineq Viol (l1): 0.000000, Epoch time: 2.77s
Epoch 15/300, Loss: 2.8216, Obj: -0.0826, Eq Viol (l1): 0.000045, Ineq Viol (l1): 0.000000, Epoch time: 2.72s
Epoch 16/300, Loss: 1.5604, Obj: -0.7883, Eq Viol (l1): 0.000068, Ineq Viol (l1): 0.000000, Epoch time: 2.60s
Epoch 17/300, Loss: 0.5551, Obj: -1.3160, Eq Viol (l1): 0.000072, Ineq Viol (l1): 0.000000, Epoch time: 2.59s
Epoch 18/300, Loss: 0.0046, Obj: -1.5453, Eq Viol (l1): 0.000076, Ineq Viol (l1): 0.000000, Epoch time: 2.58s
Epoch 19/300, Loss: -0.1879, Obj: -1.6565, Eq Viol (l1): 0.000081, Ineq Viol (l1): 0.000000, Epoch time: 2.56s
Epoch 20/300, Loss: -0.2349, Obj: -1.7629, Eq Viol (l1): 0.000075, Ineq Viol (l1): 0.000000, Epoch time: 2.58s
Epoch 21/300, Loss: -0.4354, Obj: -1.8424, Eq Viol (l1): 0.000081, Ineq Viol (l1): 0.000000, Epoch time: 2.57s

Running validation at epoch 20...

VALIDATION_EPOCH_20 EVALUATION RESULTS:
==================================================
Objective Value:     -2.198784e+00
True Objective:      -2.413704e+00
Optimality Gap:      -3.063102e+00 ± 1.493913e+00
Eq Violation l1:   7.398510e-05 (max: 1.402730e-03)
Ineq Violation l1: 4.226323e-07 (max: 3.256343e-05)
Solution Distance:   7.489638e+01 ± 1.807619e+00
Merit:             -2.198040e+00 ± 5.255569e-04
Avg Inference Time:  0.0724s
==================================================
Epoch 22/300, Loss: -0.4791, Obj: -1.9091, Eq Viol (l1): 0.000078, Ineq Viol (l1): 0.000000, Epoch time: 2.58s
Epoch 23/300, Loss: -0.7919, Obj: -2.0905, Eq Viol (l1): 0.000073, Ineq Viol (l1): 0.000000, Epoch time: 2.59s
Epoch 24/300, Loss: -0.7271, Obj: -2.1159, Eq Viol (l1): 0.000068, Ineq Viol (l1): 0.000000, Epoch time: 2.59s
Epoch 25/300, Loss: -1.0287, Obj: -2.3503, Eq Viol (l1): 0.000069, Ineq Viol (l1): 0.000000, Epoch time: 2.62s
Epoch 26/300, Loss: -1.1130, Obj: -2.4275, Eq Viol (l1): 0.000059, Ineq Viol (l1): 0.000000, Epoch time: 2.64s
Epoch 27/300, Loss: -0.9146, Obj: -2.4535, Eq Viol (l1): 0.000057, Ineq Viol (l1): 0.000000, Epoch time: 2.67s
Epoch 28/300, Loss: -1.3330, Obj: -2.5253, Eq Viol (l1): 0.000054, Ineq Viol (l1): 0.000000, Epoch time: 2.66s
Epoch 29/300, Loss: -1.1264, Obj: -2.5978, Eq Viol (l1): 0.000053, Ineq Viol (l1): 0.000000, Epoch time: 2.67s
Epoch 30/300, Loss: -1.1663, Obj: -2.5351, Eq Viol (l1): 0.000050, Ineq Viol (l1): 0.000000, Epoch time: 2.67s
Epoch 31/300, Loss: -1.1818, Obj: -2.4822, Eq Viol (l1): 0.000040, Ineq Viol (l1): 0.000000, Epoch time: 2.68s

Running validation at epoch 30...

VALIDATION_EPOCH_30 EVALUATION RESULTS:
==================================================
Objective Value:     -2.672054e+00
True Objective:      -2.413704e+00
Optimality Gap:      -4.076731e+00 ± 1.850002e+00
Eq Violation l1:   5.301136e-05 (max: 2.222960e-03)
Ineq Violation l1: 2.300362e-07 (max: 1.934118e-05)
Solution Distance:   8.351229e+01 ± 1.804822e+00
Merit:             -2.671521e+00 ± 1.111505e-02
Avg Inference Time:  0.0772s
==================================================
Epoch 32/300, Loss: -1.0743, Obj: -2.4626, Eq Viol (l1): 0.000047, Ineq Viol (l1): 0.000000, Epoch time: 2.67s
Epoch 33/300, Loss: -1.3367, Obj: -2.5773, Eq Viol (l1): 0.000053, Ineq Viol (l1): 0.000001, Epoch time: 2.65s
Epoch 34/300, Loss: -1.2873, Obj: -2.6012, Eq Viol (l1): 0.000049, Ineq Viol (l1): 0.000000, Epoch time: 2.78s
Epoch 35/300, Loss: -1.2908, Obj: -2.6352, Eq Viol (l1): 0.000045, Ineq Viol (l1): 0.000000, Epoch time: 2.69s
Epoch 36/300, Loss: -1.4573, Obj: -2.6081, Eq Viol (l1): 0.000060, Ineq Viol (l1): 0.000000, Epoch time: 2.63s
Epoch 37/300, Loss: -1.5602, Obj: -2.6627, Eq Viol (l1): 0.000055, Ineq Viol (l1): 0.000000, Epoch time: 2.65s
Epoch 38/300, Loss: -1.4860, Obj: -2.6870, Eq Viol (l1): 0.000051, Ineq Viol (l1): 0.000000, Epoch time: 2.64s
Epoch 39/300, Loss: -1.6023, Obj: -2.7129, Eq Viol (l1): 0.000045, Ineq Viol (l1): 0.000000, Epoch time: 2.65s
Epoch 40/300, Loss: -1.5786, Obj: -2.6929, Eq Viol (l1): 0.000049, Ineq Viol (l1): 0.000000, Epoch time: 2.65s
Epoch 41/300, Loss: -1.7230, Obj: -2.7447, Eq Viol (l1): 0.000055, Ineq Viol (l1): 0.000000, Epoch time: 2.63s

Running validation at epoch 40...

VALIDATION_EPOCH_40 EVALUATION RESULTS:
==================================================
Objective Value:     -2.953617e+00
True Objective:      -2.413704e+00
Optimality Gap:      -4.582662e+00 ± 2.011090e+00
Eq Violation l1:   3.304640e-05 (max: 2.904153e-03)
Ineq Violation l1: 2.382026e-07 (max: 2.802801e-05)
Solution Distance:   8.366384e+01 ± 1.829109e+00
Merit:             -2.953284e+00 ± 6.450891e-03
Avg Inference Time:  0.0786s
==================================================
Epoch 42/300, Loss: -1.7218, Obj: -2.7453, Eq Viol (l1): 0.000051, Ineq Viol (l1): 0.000000, Epoch time: 2.64s
Epoch 43/300, Loss: -1.8042, Obj: -2.7862, Eq Viol (l1): 0.000051, Ineq Viol (l1): 0.000000, Epoch time: 2.66s
Epoch 44/300, Loss: -1.6715, Obj: -2.7405, Eq Viol (l1): 0.000055, Ineq Viol (l1): 0.000000, Epoch time: 2.62s
Epoch 45/300, Loss: -1.6047, Obj: -2.7419, Eq Viol (l1): 0.000056, Ineq Viol (l1): 0.000001, Epoch time: 2.65s
Epoch 46/300, Loss: -1.6814, Obj: -2.7653, Eq Viol (l1): 0.000051, Ineq Viol (l1): 0.000000, Epoch time: 2.65s
Epoch 47/300, Loss: -1.8599, Obj: -2.7690, Eq Viol (l1): 0.000052, Ineq Viol (l1): 0.000000, Epoch time: 2.64s
Epoch 48/300, Loss: -1.8260, Obj: -2.8115, Eq Viol (l1): 0.000061, Ineq Viol (l1): 0.000000, Epoch time: 2.62s
Epoch 49/300, Loss: -1.8325, Obj: -2.7886, Eq Viol (l1): 0.000059, Ineq Viol (l1): 0.000000, Epoch time: 2.62s
Epoch 50/300, Loss: -1.7647, Obj: -2.8010, Eq Viol (l1): 0.000051, Ineq Viol (l1): 0.000000, Epoch time: 2.65s
Epoch 51/300, Loss: -1.7042, Obj: -2.7609, Eq Viol (l1): 0.000052, Ineq Viol (l1): 0.000001, Epoch time: 2.65s

Running validation at epoch 50...

VALIDATION_EPOCH_50 EVALUATION RESULTS:
==================================================
Objective Value:     -3.005116e+00
True Objective:      -2.413704e+00
Optimality Gap:      -4.633019e+00 ± 2.024570e+00
Eq Violation l1:   6.210544e-05 (max: 2.527216e-03)
Ineq Violation l1: 4.668390e-07 (max: 5.013189e-05)
Solution Distance:   8.383327e+01 ± 1.890614e+00
Merit:             -3.004490e+00 ± 1.274178e-02
Avg Inference Time:  0.0749s
==================================================
Epoch 52/300, Loss: -1.9067, Obj: -2.8118, Eq Viol (l1): 0.000053, Ineq Viol (l1): 0.000000, Epoch time: 2.64s
Epoch 53/300, Loss: -1.7991, Obj: -2.7994, Eq Viol (l1): 0.000050, Ineq Viol (l1): 0.000000, Epoch time: 2.66s
Epoch 54/300, Loss: -1.6830, Obj: -2.7609, Eq Viol (l1): 0.000053, Ineq Viol (l1): 0.000000, Epoch time: 2.64s
Epoch 55/300, Loss: -1.9938, Obj: -2.8201, Eq Viol (l1): 0.000051, Ineq Viol (l1): 0.000000, Epoch time: 2.64s
Epoch 56/300, Loss: -1.9453, Obj: -2.8507, Eq Viol (l1): 0.000048, Ineq Viol (l1): 0.000000, Epoch time: 2.67s
Epoch 57/300, Loss: -2.0265, Obj: -2.8732, Eq Viol (l1): 0.000048, Ineq Viol (l1): 0.000000, Epoch time: 2.64s
Epoch 58/300, Loss: -2.0549, Obj: -2.8712, Eq Viol (l1): 0.000058, Ineq Viol (l1): 0.000000, Epoch time: 2.61s
Epoch 59/300, Loss: -2.1218, Obj: -2.8924, Eq Viol (l1): 0.000055, Ineq Viol (l1): 0.000000, Epoch time: 2.62s
Epoch 60/300, Loss: -2.0717, Obj: -2.9030, Eq Viol (l1): 0.000061, Ineq Viol (l1): 0.000000, Epoch time: 2.62s
Epoch 61/300, Loss: -1.9571, Obj: -2.8808, Eq Viol (l1): 0.000056, Ineq Viol (l1): 0.000000, Epoch time: 2.62s

Running validation at epoch 60...

VALIDATION_EPOCH_60 EVALUATION RESULTS:
==================================================
Objective Value:     -3.024052e+00
True Objective:      -2.413704e+00
Optimality Gap:      -4.642465e+00 ± 2.002257e+00
Eq Violation l1:   4.606575e-05 (max: 1.706141e-03)
Ineq Violation l1: 3.483049e-07 (max: 7.329514e-05)
Solution Distance:   8.375221e+01 ± 1.803603e+00
Merit:             -3.023588e+00 ± 1.052208e-02
Avg Inference Time:  0.0746s
==================================================
Epoch 62/300, Loss: -1.9166, Obj: -2.8646, Eq Viol (l1): 0.000050, Ineq Viol (l1): 0.000000, Epoch time: 2.65s
Epoch 63/300, Loss: -1.9750, Obj: -2.8210, Eq Viol (l1): 0.000052, Ineq Viol (l1): 0.000000, Epoch time: 2.62s
Epoch 64/300, Loss: -1.9373, Obj: -2.8542, Eq Viol (l1): 0.000050, Ineq Viol (l1): 0.000000, Epoch time: 2.65s
Epoch 65/300, Loss: -2.0336, Obj: -2.8774, Eq Viol (l1): 0.000055, Ineq Viol (l1): 0.000000, Epoch time: 2.63s
Epoch 66/300, Loss: -2.0807, Obj: -2.8809, Eq Viol (l1): 0.000054, Ineq Viol (l1): 0.000000, Epoch time: 2.63s
Epoch 67/300, Loss: -2.1148, Obj: -2.8804, Eq Viol (l1): 0.000050, Ineq Viol (l1): 0.000000, Epoch time: 2.64s
Epoch 68/300, Loss: -2.1748, Obj: -2.9263, Eq Viol (l1): 0.000050, Ineq Viol (l1): 0.000000, Epoch time: 2.75s
Epoch 69/300, Loss: -1.9964, Obj: -2.9061, Eq Viol (l1): 0.000051, Ineq Viol (l1): 0.000000, Epoch time: 2.67s
Epoch 70/300, Loss: -1.9630, Obj: -2.8782, Eq Viol (l1): 0.000042, Ineq Viol (l1): 0.000000, Epoch time: 2.67s
Epoch 71/300, Loss: -2.0192, Obj: -2.8631, Eq Viol (l1): 0.000045, Ineq Viol (l1): 0.000000, Epoch time: 2.64s

Running validation at epoch 70...

VALIDATION_EPOCH_70 EVALUATION RESULTS:
==================================================
Objective Value:     -2.994100e+00
True Objective:      -2.413704e+00
Optimality Gap:      -4.589496e+00 ± 1.993706e+00
Eq Violation l1:   4.273866e-05 (max: 1.837942e-03)
Ineq Violation l1: 2.894182e-07 (max: 3.578054e-05)
Solution Distance:   8.502931e+01 ± 1.876223e+00
Merit:             -2.993669e+00 ± 1.232100e-02
Avg Inference Time:  0.0746s
==================================================
Epoch 72/300, Loss: -2.1852, Obj: -2.9384, Eq Viol (l1): 0.000051, Ineq Viol (l1): 0.000000, Epoch time: 2.65s
Epoch 73/300, Loss: -1.9966, Obj: -2.9197, Eq Viol (l1): 0.000045, Ineq Viol (l1): 0.000000, Epoch time: 2.68s
Epoch 74/300, Loss: -1.3346, Obj: -2.8188, Eq Viol (l1): 0.000039, Ineq Viol (l1): 0.000000, Epoch time: 2.71s
Epoch 75/300, Loss: -1.9197, Obj: -2.8321, Eq Viol (l1): 0.000044, Ineq Viol (l1): 0.000000, Epoch time: 2.66s
Epoch 76/300, Loss: -1.9258, Obj: -2.8240, Eq Viol (l1): 0.000051, Ineq Viol (l1): 0.000000, Epoch time: 2.63s
Epoch 77/300, Loss: -2.1109, Obj: -2.9263, Eq Viol (l1): 0.000052, Ineq Viol (l1): 0.000000, Epoch time: 2.64s
Epoch 78/300, Loss: -1.9378, Obj: -2.8113, Eq Viol (l1): 0.000043, Ineq Viol (l1): 0.000000, Epoch time: 2.67s
Epoch 79/300, Loss: -2.1456, Obj: -2.8725, Eq Viol (l1): 0.000051, Ineq Viol (l1): 0.000000, Epoch time: 2.64s
Epoch 80/300, Loss: -2.2674, Obj: -2.9356, Eq Viol (l1): 0.000047, Ineq Viol (l1): 0.000000, Epoch time: 2.64s
Epoch 81/300, Loss: -2.2159, Obj: -2.9545, Eq Viol (l1): 0.000047, Ineq Viol (l1): 0.000000, Epoch time: 2.65s

Running validation at epoch 80...

VALIDATION_EPOCH_80 EVALUATION RESULTS:
==================================================
Objective Value:     -3.005728e+00
True Objective:      -2.413704e+00
Optimality Gap:      -4.528438e+00 ± 1.927972e+00
Eq Violation l1:   4.007848e-05 (max: 2.587149e-03)
Ineq Violation l1: 3.510311e-07 (max: 8.788585e-05)
Solution Distance:   8.438581e+01 ± 1.870990e+00
Merit:             -3.005324e+00 ± 1.161297e-02
Avg Inference Time:  0.0760s
==================================================
Epoch 82/300, Loss: -2.1911, Obj: -2.9207, Eq Viol (l1): 0.000052, Ineq Viol (l1): 0.000000, Epoch time: 2.63s
Epoch 83/300, Loss: -2.2913, Obj: -2.9670, Eq Viol (l1): 0.000049, Ineq Viol (l1): 0.000000, Epoch time: 2.63s
Epoch 84/300, Loss: -2.2340, Obj: -2.9330, Eq Viol (l1): 0.000057, Ineq Viol (l1): 0.000000, Epoch time: 2.61s
Epoch 85/300, Loss: -2.1741, Obj: -2.9752, Eq Viol (l1): 0.000057, Ineq Viol (l1): 0.000000, Epoch time: 2.64s
Epoch 86/300, Loss: -2.1602, Obj: -2.9085, Eq Viol (l1): 0.000054, Ineq Viol (l1): 0.000001, Epoch time: 2.63s
Epoch 87/300, Loss: -2.1776, Obj: -2.9040, Eq Viol (l1): 0.000056, Ineq Viol (l1): 0.000000, Epoch time: 2.61s
Epoch 88/300, Loss: -2.2458, Obj: -2.9537, Eq Viol (l1): 0.000058, Ineq Viol (l1): 0.000000, Epoch time: 2.62s
Epoch 89/300, Loss: -2.1824, Obj: -2.9148, Eq Viol (l1): 0.000058, Ineq Viol (l1): 0.000000, Epoch time: 2.61s
Epoch 90/300, Loss: -2.3118, Obj: -2.9622, Eq Viol (l1): 0.000051, Ineq Viol (l1): 0.000000, Epoch time: 2.63s
Epoch 91/300, Loss: -2.2198, Obj: -2.9261, Eq Viol (l1): 0.000062, Ineq Viol (l1): 0.000001, Epoch time: 2.61s

Running validation at epoch 90...

VALIDATION_EPOCH_90 EVALUATION RESULTS:
==================================================
Objective Value:     -2.942205e+00
True Objective:      -2.413704e+00
Optimality Gap:      -4.530898e+00 ± 1.995710e+00
Eq Violation l1:   4.535905e-05 (max: 2.469977e-03)
Ineq Violation l1: 3.847948e-07 (max: 5.831863e-05)
Solution Distance:   8.463728e+01 ± 1.947789e+00
Merit:             -2.941747e+00 ± 1.454069e-02
Avg Inference Time:  0.0759s
==================================================
Epoch 92/300, Loss: -2.3223, Obj: -2.9705, Eq Viol (l1): 0.000055, Ineq Viol (l1): 0.000000, Epoch time: 2.62s
Epoch 93/300, Loss: -2.2207, Obj: -2.9313, Eq Viol (l1): 0.000057, Ineq Viol (l1): 0.000000, Epoch time: 2.62s
Epoch 94/300, Loss: -2.2348, Obj: -2.9374, Eq Viol (l1): 0.000044, Ineq Viol (l1): 0.000000, Epoch time: 2.65s
Epoch 95/300, Loss: -2.0682, Obj: -2.8790, Eq Viol (l1): 0.000053, Ineq Viol (l1): 0.000000, Epoch time: 2.64s
Epoch 96/300, Loss: -2.1803, Obj: -2.9117, Eq Viol (l1): 0.000060, Ineq Viol (l1): 0.000000, Epoch time: 2.61s
Epoch 97/300, Loss: -2.2170, Obj: -2.9105, Eq Viol (l1): 0.000059, Ineq Viol (l1): 0.000000, Epoch time: 2.62s
Epoch 98/300, Loss: -2.3515, Obj: -2.9619, Eq Viol (l1): 0.000054, Ineq Viol (l1): 0.000000, Epoch time: 2.62s
Epoch 99/300, Loss: -2.3619, Obj: -2.9775, Eq Viol (l1): 0.000058, Ineq Viol (l1): 0.000000, Epoch time: 2.61s
Epoch 100/300, Loss: -2.2650, Obj: -2.9531, Eq Viol (l1): 0.000054, Ineq Viol (l1): 0.000000, Epoch time: 2.63s
Epoch 101/300, Loss: -2.3519, Obj: -2.9756, Eq Viol (l1): 0.000061, Ineq Viol (l1): 0.000000, Epoch time: 2.71s

Running validation at epoch 100...

VALIDATION_EPOCH_100 EVALUATION RESULTS:
==================================================
Objective Value:     -3.165445e+00
True Objective:      -2.413704e+00
Optimality Gap:      -4.884933e+00 ± 2.073384e+00
Eq Violation l1:   6.462001e-05 (max: 1.221634e-03)
Ineq Violation l1: 3.992175e-07 (max: 6.107877e-05)
Solution Distance:   8.381903e+01 ± 1.865311e+00
Merit:             -3.164795e+00 ± 2.065934e-03
Avg Inference Time:  0.0738s
==================================================
Epoch 102/300, Loss: -2.3797, Obj: -3.0080, Eq Viol (l1): 0.000059, Ineq Viol (l1): 0.000000, Epoch time: 2.61s
Epoch 103/300, Loss: -2.3358, Obj: -2.9688, Eq Viol (l1): 0.000054, Ineq Viol (l1): 0.000000, Epoch time: 2.62s
Epoch 104/300, Loss: -2.3723, Obj: -3.0168, Eq Viol (l1): 0.000058, Ineq Viol (l1): 0.000001, Epoch time: 2.62s
Epoch 105/300, Loss: -2.3055, Obj: -3.0056, Eq Viol (l1): 0.000047, Ineq Viol (l1): 0.000000, Epoch time: 2.64s
Epoch 106/300, Loss: -2.1651, Obj: -2.9760, Eq Viol (l1): 0.000051, Ineq Viol (l1): 0.000000, Epoch time: 2.65s
Epoch 107/300, Loss: -2.1607, Obj: -2.9458, Eq Viol (l1): 0.000065, Ineq Viol (l1): 0.000000, Epoch time: 2.61s
Epoch 108/300, Loss: -2.3105, Obj: -2.9873, Eq Viol (l1): 0.000061, Ineq Viol (l1): 0.000000, Epoch time: 2.61s
Epoch 109/300, Loss: -2.2967, Obj: -2.9891, Eq Viol (l1): 0.000054, Ineq Viol (l1): 0.000000, Epoch time: 2.64s
Epoch 110/300, Loss: -2.3812, Obj: -3.0021, Eq Viol (l1): 0.000066, Ineq Viol (l1): 0.000001, Epoch time: 2.60s
Epoch 111/300, Loss: -2.3069, Obj: -2.9988, Eq Viol (l1): 0.000055, Ineq Viol (l1): 0.000001, Epoch time: 2.63s

Running validation at epoch 110...

VALIDATION_EPOCH_110 EVALUATION RESULTS:
==================================================
Objective Value:     -3.055604e+00
True Objective:      -2.413704e+00
Optimality Gap:      -4.665308e+00 ± 1.996083e+00
Eq Violation l1:   5.026569e-05 (max: 1.864164e-03)
Ineq Violation l1: 4.010599e-07 (max: 3.408294e-05)
Solution Distance:   8.472697e+01 ± 1.912686e+00
Merit:             -3.055097e+00 ± 1.142265e-02
Avg Inference Time:  0.0736s
==================================================
Epoch 112/300, Loss: -2.2668, Obj: -2.9644, Eq Viol (l1): 0.000052, Ineq Viol (l1): 0.000000, Epoch time: 2.64s
Epoch 113/300, Loss: -2.3755, Obj: -2.9995, Eq Viol (l1): 0.000049, Ineq Viol (l1): 0.000000, Epoch time: 2.64s
Epoch 114/300, Loss: -2.3498, Obj: -2.9896, Eq Viol (l1): 0.000055, Ineq Viol (l1): 0.000001, Epoch time: 2.63s
Epoch 115/300, Loss: -2.3957, Obj: -2.9834, Eq Viol (l1): 0.000058, Ineq Viol (l1): 0.000000, Epoch time: 2.60s
Epoch 116/300, Loss: -2.4245, Obj: -3.0110, Eq Viol (l1): 0.000065, Ineq Viol (l1): 0.000001, Epoch time: 2.60s
Epoch 117/300, Loss: -2.4659, Obj: -3.0000, Eq Viol (l1): 0.000057, Ineq Viol (l1): 0.000001, Epoch time: 2.61s
Epoch 118/300, Loss: -2.4695, Obj: -3.0182, Eq Viol (l1): 0.000047, Ineq Viol (l1): 0.000000, Epoch time: 2.64s
Epoch 119/300, Loss: -2.4119, Obj: -3.0274, Eq Viol (l1): 0.000063, Ineq Viol (l1): 0.000001, Epoch time: 2.60s
Epoch 120/300, Loss: -2.3804, Obj: -3.0045, Eq Viol (l1): 0.000061, Ineq Viol (l1): 0.000001, Epoch time: 2.62s
Epoch 121/300, Loss: -2.3373, Obj: -2.9987, Eq Viol (l1): 0.000058, Ineq Viol (l1): 0.000000, Epoch time: 2.62s

Running validation at epoch 120...

VALIDATION_EPOCH_120 EVALUATION RESULTS:
==================================================
Objective Value:     -3.037332e+00
True Objective:      -2.413704e+00
Optimality Gap:      -4.669364e+00 ± 2.005164e+00
Eq Violation l1:   3.229288e-05 (max: 2.224337e-03)
Ineq Violation l1: 2.021925e-07 (max: 4.623615e-05)
Solution Distance:   8.422274e+01 ± 1.874044e+00
Merit:             -3.037008e+00 ± 7.087405e-03
Avg Inference Time:  0.0783s
==================================================
Epoch 122/300, Loss: -2.4032, Obj: -2.9897, Eq Viol (l1): 0.000054, Ineq Viol (l1): 0.000000, Epoch time: 2.60s
Epoch 123/300, Loss: -2.4676, Obj: -3.0267, Eq Viol (l1): 0.000057, Ineq Viol (l1): 0.000001, Epoch time: 2.60s
Epoch 124/300, Loss: -2.4812, Obj: -3.0310, Eq Viol (l1): 0.000059, Ineq Viol (l1): 0.000000, Epoch time: 2.60s
Epoch 125/300, Loss: -2.5552, Obj: -3.0585, Eq Viol (l1): 0.000058, Ineq Viol (l1): 0.000001, Epoch time: 2.61s
Epoch 126/300, Loss: -2.3571, Obj: -2.9674, Eq Viol (l1): 0.000058, Ineq Viol (l1): 0.000000, Epoch time: 2.63s
Epoch 127/300, Loss: -2.3803, Obj: -2.9833, Eq Viol (l1): 0.000066, Ineq Viol (l1): 0.000000, Epoch time: 2.59s
Epoch 128/300, Loss: -2.4874, Obj: -3.0032, Eq Viol (l1): 0.000060, Ineq Viol (l1): 0.000001, Epoch time: 2.60s
Epoch 129/300, Loss: -2.5452, Obj: -3.0546, Eq Viol (l1): 0.000049, Ineq Viol (l1): 0.000000, Epoch time: 2.64s
Epoch 130/300, Loss: -2.4741, Obj: -3.0210, Eq Viol (l1): 0.000045, Ineq Viol (l1): 0.000000, Epoch time: 2.65s
Epoch 131/300, Loss: -2.4437, Obj: -3.0321, Eq Viol (l1): 0.000054, Ineq Viol (l1): 0.000000, Epoch time: 2.62s

Running validation at epoch 130...

VALIDATION_EPOCH_130 EVALUATION RESULTS:
==================================================
Objective Value:     -3.170729e+00
True Objective:      -2.413704e+00
Optimality Gap:      -4.859885e+00 ± 2.069835e+00
Eq Violation l1:   4.017909e-05 (max: 2.803700e-03)
Ineq Violation l1: 3.324475e-07 (max: 6.199653e-05)
Solution Distance:   8.404965e+01 ± 1.914305e+00
Merit:             -3.170324e+00 ± 1.287651e-02
Avg Inference Time:  0.0775s
==================================================
Epoch 132/300, Loss: -2.4837, Obj: -3.0169, Eq Viol (l1): 0.000056, Ineq Viol (l1): 0.000001, Epoch time: 2.61s
Epoch 133/300, Loss: -2.5066, Obj: -3.0300, Eq Viol (l1): 0.000058, Ineq Viol (l1): 0.000000, Epoch time: 2.61s
Epoch 134/300, Loss: -2.5843, Obj: -3.0673, Eq Viol (l1): 0.000063, Ineq Viol (l1): 0.000001, Epoch time: 2.70s
Epoch 135/300, Loss: -2.5658, Obj: -3.0460, Eq Viol (l1): 0.000068, Ineq Viol (l1): 0.000001, Epoch time: 2.58s
Epoch 136/300, Loss: -2.5403, Obj: -3.0698, Eq Viol (l1): 0.000058, Ineq Viol (l1): 0.000000, Epoch time: 2.62s
Epoch 137/300, Loss: -2.5497, Obj: -3.0369, Eq Viol (l1): 0.000060, Ineq Viol (l1): 0.000000, Epoch time: 2.59s
Epoch 138/300, Loss: -2.5058, Obj: -3.0313, Eq Viol (l1): 0.000049, Ineq Viol (l1): 0.000000, Epoch time: 2.63s
Epoch 139/300, Loss: -2.4682, Obj: -3.0293, Eq Viol (l1): 0.000062, Ineq Viol (l1): 0.000000, Epoch time: 2.59s
Epoch 140/300, Loss: -2.4543, Obj: -3.0510, Eq Viol (l1): 0.000056, Ineq Viol (l1): 0.000001, Epoch time: 2.64s
Epoch 141/300, Loss: -2.4988, Obj: -3.0423, Eq Viol (l1): 0.000056, Ineq Viol (l1): 0.000001, Epoch time: 2.62s

Running validation at epoch 140...

VALIDATION_EPOCH_140 EVALUATION RESULTS:
==================================================
Objective Value:     -3.080417e+00
True Objective:      -2.413704e+00
Optimality Gap:      -4.705434e+00 ± 2.014366e+00
Eq Violation l1:   5.956875e-05 (max: 2.017241e-03)
Ineq Violation l1: 3.100604e-07 (max: 5.155454e-05)
Solution Distance:   8.386861e+01 ± 1.885444e+00
Merit:             -3.079818e+00 ± 1.177437e-02
Avg Inference Time:  0.0708s
==================================================
Epoch 142/300, Loss: -2.4106, Obj: -2.9986, Eq Viol (l1): 0.000040, Ineq Viol (l1): 0.000000, Epoch time: 2.68s
Epoch 143/300, Loss: -2.5050, Obj: -3.0441, Eq Viol (l1): 0.000056, Ineq Viol (l1): 0.000000, Epoch time: 2.62s
Epoch 144/300, Loss: -2.5220, Obj: -3.0365, Eq Viol (l1): 0.000055, Ineq Viol (l1): 0.000000, Epoch time: 2.61s
Epoch 145/300, Loss: -2.5212, Obj: -3.0536, Eq Viol (l1): 0.000053, Ineq Viol (l1): 0.000000, Epoch time: 2.63s
Epoch 146/300, Loss: -2.5002, Obj: -3.0341, Eq Viol (l1): 0.000057, Ineq Viol (l1): 0.000000, Epoch time: 2.64s
Epoch 147/300, Loss: -2.4232, Obj: -3.0174, Eq Viol (l1): 0.000059, Ineq Viol (l1): 0.000000, Epoch time: 2.61s
Epoch 148/300, Loss: -2.4160, Obj: -2.9895, Eq Viol (l1): 0.000059, Ineq Viol (l1): 0.000001, Epoch time: 2.62s
Epoch 149/300, Loss: -2.4556, Obj: -3.0310, Eq Viol (l1): 0.000065, Ineq Viol (l1): 0.000001, Epoch time: 2.60s
Epoch 150/300, Loss: -2.4975, Obj: -3.0143, Eq Viol (l1): 0.000054, Ineq Viol (l1): 0.000000, Epoch time: 2.62s
Epoch 151/300, Loss: -2.5353, Obj: -3.0491, Eq Viol (l1): 0.000059, Ineq Viol (l1): 0.000000, Epoch time: 2.60s

Running validation at epoch 150...

VALIDATION_EPOCH_150 EVALUATION RESULTS:
==================================================
Objective Value:     -3.185716e+00
True Objective:      -2.413704e+00
Optimality Gap:      -4.900431e+00 ± 2.093106e+00
Eq Violation l1:   6.222128e-05 (max: 1.762417e-03)
Ineq Violation l1: 3.071396e-07 (max: 1.727120e-05)
Solution Distance:   8.366089e+01 ± 1.837649e+00
Merit:             -3.185091e+00 ± 1.240565e-02
Avg Inference Time:  0.0736s
==================================================
Epoch 152/300, Loss: -2.3831, Obj: -2.9671, Eq Viol (l1): 0.000064, Ineq Viol (l1): 0.000001, Epoch time: 2.58s
Epoch 153/300, Loss: -2.3525, Obj: -2.9360, Eq Viol (l1): 0.000060, Ineq Viol (l1): 0.000000, Epoch time: 2.61s
Epoch 154/300, Loss: -2.4838, Obj: -2.9916, Eq Viol (l1): 0.000057, Ineq Viol (l1): 0.000000, Epoch time: 2.60s
Epoch 155/300, Loss: -2.5698, Obj: -3.0538, Eq Viol (l1): 0.000052, Ineq Viol (l1): 0.000000, Epoch time: 2.61s
Epoch 156/300, Loss: -2.5973, Obj: -3.0734, Eq Viol (l1): 0.000058, Ineq Viol (l1): 0.000000, Epoch time: 2.61s
Epoch 157/300, Loss: -2.4862, Obj: -3.0075, Eq Viol (l1): 0.000054, Ineq Viol (l1): 0.000000, Epoch time: 2.61s
Epoch 158/300, Loss: -2.4884, Obj: -3.0469, Eq Viol (l1): 0.000048, Ineq Viol (l1): 0.000000, Epoch time: 2.66s
Epoch 159/300, Loss: -2.4888, Obj: -3.0500, Eq Viol (l1): 0.000058, Ineq Viol (l1): 0.000000, Epoch time: 2.62s
Epoch 160/300, Loss: -2.5508, Obj: -3.0543, Eq Viol (l1): 0.000059, Ineq Viol (l1): 0.000000, Epoch time: 2.61s
Epoch 161/300, Loss: -2.5480, Obj: -3.0520, Eq Viol (l1): 0.000058, Ineq Viol (l1): 0.000000, Epoch time: 2.60s

Running validation at epoch 160...

VALIDATION_EPOCH_160 EVALUATION RESULTS:
==================================================
Objective Value:     -3.134582e+00
True Objective:      -2.413704e+00
Optimality Gap:      -4.794399e+00 ± 2.047092e+00
Eq Violation l1:   6.650430e-05 (max: 2.024276e-03)
Ineq Violation l1: 5.641311e-07 (max: 9.818278e-05)
Solution Distance:   8.410301e+01 ± 1.889453e+00
Merit:             -3.133911e+00 ± 1.447559e-02
Avg Inference Time:  0.0696s
==================================================
Epoch 162/300, Loss: -2.6307, Obj: -3.0782, Eq Viol (l1): 0.000058, Ineq Viol (l1): 0.000000, Epoch time: 2.61s
Epoch 163/300, Loss: -2.5996, Obj: -3.0625, Eq Viol (l1): 0.000055, Ineq Viol (l1): 0.000000, Epoch time: 2.60s
Epoch 164/300, Loss: -2.6114, Obj: -3.0686, Eq Viol (l1): 0.000052, Ineq Viol (l1): 0.000000, Epoch time: 2.63s
Epoch 165/300, Loss: -2.4841, Obj: -3.0397, Eq Viol (l1): 0.000060, Ineq Viol (l1): 0.000000, Epoch time: 2.60s
Epoch 166/300, Loss: -2.5237, Obj: -3.0495, Eq Viol (l1): 0.000063, Ineq Viol (l1): 0.000000, Epoch time: 2.60s
Epoch 167/300, Loss: -2.5605, Obj: -3.0467, Eq Viol (l1): 0.000057, Ineq Viol (l1): 0.000000, Epoch time: 2.71s
Epoch 168/300, Loss: -2.5227, Obj: -3.0480, Eq Viol (l1): 0.000069, Ineq Viol (l1): 0.000000, Epoch time: 2.58s
Epoch 169/300, Loss: -2.5427, Obj: -3.0377, Eq Viol (l1): 0.000063, Ineq Viol (l1): 0.000000, Epoch time: 2.59s
Epoch 170/300, Loss: -2.5662, Obj: -3.0665, Eq Viol (l1): 0.000071, Ineq Viol (l1): 0.000001, Epoch time: 2.58s
Epoch 171/300, Loss: -2.5734, Obj: -3.0686, Eq Viol (l1): 0.000057, Ineq Viol (l1): 0.000000, Epoch time: 2.61s

Running validation at epoch 170...

VALIDATION_EPOCH_170 EVALUATION RESULTS:
==================================================
Objective Value:     -3.088441e+00
True Objective:      -2.413704e+00
Optimality Gap:      -4.759303e+00 ± 2.064905e+00
Eq Violation l1:   4.337562e-05 (max: 2.353292e-03)
Ineq Violation l1: 6.922079e-07 (max: 2.656057e-04)
Solution Distance:   8.385367e+01 ± 1.843436e+00
Merit:             -3.088000e+00 ± 7.143293e-03
Avg Inference Time:  0.0721s
==================================================
Epoch 172/300, Loss: -2.6092, Obj: -3.0612, Eq Viol (l1): 0.000065, Ineq Viol (l1): 0.000000, Epoch time: 2.58s
Epoch 173/300, Loss: -2.6553, Obj: -3.0936, Eq Viol (l1): 0.000061, Ineq Viol (l1): 0.000001, Epoch time: 2.60s
Epoch 174/300, Loss: -2.6533, Obj: -3.1110, Eq Viol (l1): 0.000061, Ineq Viol (l1): 0.000000, Epoch time: 2.61s
Epoch 175/300, Loss: -2.6125, Obj: -3.0857, Eq Viol (l1): 0.000056, Ineq Viol (l1): 0.000000, Epoch time: 2.62s
Epoch 176/300, Loss: -2.5487, Obj: -3.0438, Eq Viol (l1): 0.000055, Ineq Viol (l1): 0.000000, Epoch time: 2.62s
Epoch 177/300, Loss: -2.5796, Obj: -3.0479, Eq Viol (l1): 0.000055, Ineq Viol (l1): 0.000000, Epoch time: 2.63s
Epoch 178/300, Loss: -2.6051, Obj: -3.0770, Eq Viol (l1): 0.000053, Ineq Viol (l1): 0.000000, Epoch time: 2.62s
Epoch 179/300, Loss: -2.6307, Obj: -3.0867, Eq Viol (l1): 0.000051, Ineq Viol (l1): 0.000000, Epoch time: 2.63s
Epoch 180/300, Loss: -2.6349, Obj: -3.0883, Eq Viol (l1): 0.000050, Ineq Viol (l1): 0.000000, Epoch time: 2.63s
Epoch 181/300, Loss: -2.5320, Obj: -3.0582, Eq Viol (l1): 0.000053, Ineq Viol (l1): 0.000001, Epoch time: 2.62s

Running validation at epoch 180...

VALIDATION_EPOCH_180 EVALUATION RESULTS:
==================================================
Objective Value:     -3.085722e+00
True Objective:      -2.413704e+00
Optimality Gap:      -4.780997e+00 ± 2.053001e+00
Eq Violation l1:   4.535520e-05 (max: 1.954586e-03)
Ineq Violation l1: 2.805144e-07 (max: 5.814517e-05)
Solution Distance:   8.395439e+01 ± 1.879176e+00
Merit:             -3.085266e+00 ± 9.756139e-03
Avg Inference Time:  0.0737s
==================================================
Epoch 182/300, Loss: -2.4616, Obj: -3.0266, Eq Viol (l1): 0.000044, Ineq Viol (l1): 0.000000, Epoch time: 2.65s
Epoch 183/300, Loss: -2.5923, Obj: -3.0833, Eq Viol (l1): 0.000047, Ineq Viol (l1): 0.000000, Epoch time: 2.64s
Epoch 184/300, Loss: -2.5584, Obj: -3.0578, Eq Viol (l1): 0.000053, Ineq Viol (l1): 0.000000, Epoch time: 2.62s
Epoch 185/300, Loss: -2.5508, Obj: -3.0753, Eq Viol (l1): 0.000049, Ineq Viol (l1): 0.000000, Epoch time: 2.64s
Epoch 186/300, Loss: -2.4335, Obj: -3.0060, Eq Viol (l1): 0.000052, Ineq Viol (l1): 0.000000, Epoch time: 2.63s
Epoch 187/300, Loss: -2.4808, Obj: -3.0532, Eq Viol (l1): 0.000055, Ineq Viol (l1): 0.000000, Epoch time: 2.63s
Epoch 188/300, Loss: -2.5491, Obj: -3.0592, Eq Viol (l1): 0.000057, Ineq Viol (l1): 0.000001, Epoch time: 2.62s
Epoch 189/300, Loss: -2.5166, Obj: -3.0275, Eq Viol (l1): 0.000055, Ineq Viol (l1): 0.000000, Epoch time: 2.61s
Epoch 190/300, Loss: -2.5627, Obj: -3.0434, Eq Viol (l1): 0.000066, Ineq Viol (l1): 0.000000, Epoch time: 2.58s
Epoch 191/300, Loss: -2.6465, Obj: -3.0954, Eq Viol (l1): 0.000060, Ineq Viol (l1): 0.000000, Epoch time: 2.61s

Running validation at epoch 190...

VALIDATION_EPOCH_190 EVALUATION RESULTS:
==================================================
Objective Value:     -3.191138e+00
True Objective:      -2.413704e+00
Optimality Gap:      -4.908570e+00 ± 2.094296e+00
Eq Violation l1:   5.505283e-05 (max: 2.018574e-03)
Ineq Violation l1: 4.916815e-07 (max: 5.444171e-05)
Solution Distance:   8.345073e+01 ± 1.848279e+00
Merit:             -3.190582e+00 ± 1.195986e-02
Avg Inference Time:  0.0721s
==================================================
Epoch 192/300, Loss: -2.6581, Obj: -3.0803, Eq Viol (l1): 0.000053, Ineq Viol (l1): 0.000000, Epoch time: 2.60s
Epoch 193/300, Loss: -2.6690, Obj: -3.1020, Eq Viol (l1): 0.000056, Ineq Viol (l1): 0.000000, Epoch time: 2.61s
Epoch 194/300, Loss: -2.5568, Obj: -3.0534, Eq Viol (l1): 0.000054, Ineq Viol (l1): 0.000000, Epoch time: 2.61s
Epoch 195/300, Loss: -2.6089, Obj: -3.0600, Eq Viol (l1): 0.000042, Ineq Viol (l1): 0.000000, Epoch time: 2.65s
Epoch 196/300, Loss: -2.5531, Obj: -3.0634, Eq Viol (l1): 0.000062, Ineq Viol (l1): 0.000000, Epoch time: 2.61s
Epoch 197/300, Loss: -2.4195, Obj: -3.0075, Eq Viol (l1): 0.000052, Ineq Viol (l1): 0.000000, Epoch time: 2.63s
Epoch 198/300, Loss: -2.6347, Obj: -3.0906, Eq Viol (l1): 0.000054, Ineq Viol (l1): 0.000000, Epoch time: 2.62s
Epoch 199/300, Loss: -2.6774, Obj: -3.0803, Eq Viol (l1): 0.000053, Ineq Viol (l1): 0.000000, Epoch time: 2.60s
Epoch 200/300, Loss: -2.6827, Obj: -3.0984, Eq Viol (l1): 0.000056, Ineq Viol (l1): 0.000000, Epoch time: 2.61s
Epoch 201/300, Loss: -2.6414, Obj: -3.0944, Eq Viol (l1): 0.000056, Ineq Viol (l1): 0.000001, Epoch time: 2.71s

Running validation at epoch 200...

VALIDATION_EPOCH_200 EVALUATION RESULTS:
==================================================
Objective Value:     -3.195765e+00
True Objective:      -2.413704e+00
Optimality Gap:      -4.923140e+00 ± 2.101887e+00
Eq Violation l1:   4.654385e-05 (max: 2.019751e-03)
Ineq Violation l1: 2.998290e-07 (max: 5.680296e-05)
Solution Distance:   8.348656e+01 ± 1.836067e+00
Merit:             -3.195297e+00 ± 1.046860e-02
Avg Inference Time:  0.0734s
==================================================
Epoch 202/300, Loss: -2.6547, Obj: -3.1005, Eq Viol (l1): 0.000059, Ineq Viol (l1): 0.000000, Epoch time: 2.60s
Epoch 203/300, Loss: -2.5924, Obj: -3.0769, Eq Viol (l1): 0.000058, Ineq Viol (l1): 0.000000, Epoch time: 2.61s
Epoch 204/300, Loss: -2.6950, Obj: -3.1178, Eq Viol (l1): 0.000053, Ineq Viol (l1): 0.000000, Epoch time: 2.61s
Epoch 205/300, Loss: -2.6722, Obj: -3.1066, Eq Viol (l1): 0.000063, Ineq Viol (l1): 0.000000, Epoch time: 2.58s
Epoch 206/300, Loss: -2.5823, Obj: -3.0499, Eq Viol (l1): 0.000050, Ineq Viol (l1): 0.000000, Epoch time: 2.62s
Epoch 207/300, Loss: -2.6309, Obj: -3.0892, Eq Viol (l1): 0.000062, Ineq Viol (l1): 0.000001, Epoch time: 2.59s
Epoch 208/300, Loss: -2.5682, Obj: -3.0549, Eq Viol (l1): 0.000049, Ineq Viol (l1): 0.000000, Epoch time: 2.63s
Epoch 209/300, Loss: -2.6625, Obj: -3.0915, Eq Viol (l1): 0.000062, Ineq Viol (l1): 0.000000, Epoch time: 2.58s
Epoch 210/300, Loss: -2.6760, Obj: -3.1025, Eq Viol (l1): 0.000062, Ineq Viol (l1): 0.000000, Epoch time: 2.60s
Epoch 211/300, Loss: -2.6944, Obj: -3.1053, Eq Viol (l1): 0.000063, Ineq Viol (l1): 0.000000, Epoch time: 2.58s

Running validation at epoch 210...

VALIDATION_EPOCH_210 EVALUATION RESULTS:
==================================================
Objective Value:     -3.155181e+00
True Objective:      -2.413704e+00
Optimality Gap:      -4.911909e+00 ± 2.105791e+00
Eq Violation l1:   6.952348e-05 (max: 2.426625e-03)
Ineq Violation l1: 4.766751e-07 (max: 3.814354e-05)
Solution Distance:   8.417279e+01 ± 1.819590e+00
Merit:             -3.154481e+00 ± 1.069405e-03
Avg Inference Time:  0.0708s
==================================================
Epoch 212/300, Loss: -2.6496, Obj: -3.0731, Eq Viol (l1): 0.000057, Ineq Viol (l1): 0.000000, Epoch time: 2.59s
Epoch 213/300, Loss: -2.6451, Obj: -3.1020, Eq Viol (l1): 0.000063, Ineq Viol (l1): 0.000001, Epoch time: 2.60s
Epoch 214/300, Loss: -2.4111, Obj: -3.0046, Eq Viol (l1): 0.000056, Ineq Viol (l1): 0.000001, Epoch time: 2.61s
Epoch 215/300, Loss: -2.3064, Obj: -3.0207, Eq Viol (l1): 0.000059, Ineq Viol (l1): 0.000000, Epoch time: 2.64s
Epoch 216/300, Loss: -2.4105, Obj: -3.0000, Eq Viol (l1): 0.000056, Ineq Viol (l1): 0.000000, Epoch time: 2.61s
Epoch 217/300, Loss: -2.5618, Obj: -3.0732, Eq Viol (l1): 0.000051, Ineq Viol (l1): 0.000000, Epoch time: 2.63s
Epoch 218/300, Loss: -2.6218, Obj: -3.0794, Eq Viol (l1): 0.000062, Ineq Viol (l1): 0.000001, Epoch time: 2.60s
Epoch 219/300, Loss: -2.6672, Obj: -3.1007, Eq Viol (l1): 0.000061, Ineq Viol (l1): 0.000000, Epoch time: 2.59s
Epoch 220/300, Loss: -2.6899, Obj: -3.1093, Eq Viol (l1): 0.000048, Ineq Viol (l1): 0.000001, Epoch time: 2.64s
Epoch 221/300, Loss: -2.6877, Obj: -3.0881, Eq Viol (l1): 0.000057, Ineq Viol (l1): 0.000001, Epoch time: 2.60s

Running validation at epoch 220...

VALIDATION_EPOCH_220 EVALUATION RESULTS:
==================================================
Objective Value:     -3.194235e+00
True Objective:      -2.413704e+00
Optimality Gap:      -4.942483e+00 ± 2.104006e+00
Eq Violation l1:   7.196140e-05 (max: 1.676461e-03)
Ineq Violation l1: 5.322878e-07 (max: 3.648825e-05)
Solution Distance:   8.357770e+01 ± 1.845317e+00
Merit:             -3.193511e+00 ± 8.907231e-03
Avg Inference Time:  0.0723s
==================================================
Epoch 222/300, Loss: -2.5906, Obj: -3.0707, Eq Viol (l1): 0.000050, Ineq Viol (l1): 0.000001, Epoch time: 2.64s
Epoch 223/300, Loss: -2.6779, Obj: -3.1010, Eq Viol (l1): 0.000052, Ineq Viol (l1): 0.000000, Epoch time: 2.61s
Epoch 224/300, Loss: -2.6509, Obj: -3.1042, Eq Viol (l1): 0.000053, Ineq Viol (l1): 0.000000, Epoch time: 2.63s
Epoch 225/300, Loss: -2.7349, Obj: -3.1288, Eq Viol (l1): 0.000056, Ineq Viol (l1): 0.000000, Epoch time: 2.61s
Epoch 226/300, Loss: -2.5427, Obj: -3.0210, Eq Viol (l1): 0.000053, Ineq Viol (l1): 0.000001, Epoch time: 2.62s
Epoch 227/300, Loss: -2.5407, Obj: -3.0364, Eq Viol (l1): 0.000059, Ineq Viol (l1): 0.000001, Epoch time: 2.61s
Epoch 228/300, Loss: -2.6487, Obj: -3.0984, Eq Viol (l1): 0.000057, Ineq Viol (l1): 0.000000, Epoch time: 2.60s
Epoch 229/300, Loss: -2.7223, Obj: -3.1185, Eq Viol (l1): 0.000066, Ineq Viol (l1): 0.000001, Epoch time: 2.58s
Epoch 230/300, Loss: -2.5831, Obj: -3.0775, Eq Viol (l1): 0.000051, Ineq Viol (l1): 0.000001, Epoch time: 2.61s
Epoch 231/300, Loss: -2.6448, Obj: -3.1110, Eq Viol (l1): 0.000059, Ineq Viol (l1): 0.000001, Epoch time: 2.61s

Running validation at epoch 230...

VALIDATION_EPOCH_230 EVALUATION RESULTS:
==================================================
Objective Value:     -3.130027e+00
True Objective:      -2.413704e+00
Optimality Gap:      -4.826671e+00 ± 2.096905e+00
Eq Violation l1:   3.941793e-05 (max: 1.704400e-03)
Ineq Violation l1: 2.857446e-07 (max: 4.426136e-05)
Solution Distance:   8.385295e+01 ± 1.896749e+00
Merit:             -3.129630e+00 ± 1.697607e-02
Avg Inference Time:  0.0734s
==================================================
Epoch 232/300, Loss: -2.5981, Obj: -3.0950, Eq Viol (l1): 0.000054, Ineq Viol (l1): 0.000000, Epoch time: 2.65s
Epoch 233/300, Loss: -2.6156, Obj: -3.0920, Eq Viol (l1): 0.000047, Ineq Viol (l1): 0.000000, Epoch time: 2.64s
Epoch 234/300, Loss: -2.5775, Obj: -3.0868, Eq Viol (l1): 0.000059, Ineq Viol (l1): 0.000000, Epoch time: 2.61s
Epoch 235/300, Loss: -2.5604, Obj: -3.0445, Eq Viol (l1): 0.000066, Ineq Viol (l1): 0.000001, Epoch time: 2.68s
Epoch 236/300, Loss: -2.6007, Obj: -3.0770, Eq Viol (l1): 0.000054, Ineq Viol (l1): 0.000001, Epoch time: 2.62s
Epoch 237/300, Loss: -2.6156, Obj: -3.0812, Eq Viol (l1): 0.000062, Ineq Viol (l1): 0.000001, Epoch time: 2.60s
Epoch 238/300, Loss: -2.6177, Obj: -3.0705, Eq Viol (l1): 0.000055, Ineq Viol (l1): 0.000000, Epoch time: 2.62s
Epoch 239/300, Loss: -2.6353, Obj: -3.0782, Eq Viol (l1): 0.000052, Ineq Viol (l1): 0.000000, Epoch time: 2.61s
Epoch 240/300, Loss: -2.6501, Obj: -3.0896, Eq Viol (l1): 0.000053, Ineq Viol (l1): 0.000000, Epoch time: 2.62s
Epoch 241/300, Loss: -2.6664, Obj: -3.1034, Eq Viol (l1): 0.000048, Ineq Viol (l1): 0.000000, Epoch time: 2.63s

Running validation at epoch 240...

VALIDATION_EPOCH_240 EVALUATION RESULTS:
==================================================
Objective Value:     -3.217873e+00
True Objective:      -2.413704e+00
Optimality Gap:      -4.962637e+00 ± 2.108648e+00
Eq Violation l1:   5.929882e-05 (max: 1.930309e-03)
Ineq Violation l1: 4.516171e-07 (max: 7.946674e-05)
Solution Distance:   8.370139e+01 ± 1.835344e+00
Merit:             -3.217276e+00 ± 8.255793e-03
Avg Inference Time:  0.0725s
==================================================
Epoch 242/300, Loss: -2.5728, Obj: -3.0623, Eq Viol (l1): 0.000049, Ineq Viol (l1): 0.000000, Epoch time: 2.63s
Epoch 243/300, Loss: -2.5814, Obj: -3.0652, Eq Viol (l1): 0.000061, Ineq Viol (l1): 0.000000, Epoch time: 2.62s
Epoch 244/300, Loss: -2.6152, Obj: -3.0752, Eq Viol (l1): 0.000052, Ineq Viol (l1): 0.000000, Epoch time: 2.61s
Epoch 245/300, Loss: -2.6662, Obj: -3.0950, Eq Viol (l1): 0.000065, Ineq Viol (l1): 0.000000, Epoch time: 2.58s
Epoch 246/300, Loss: -2.7098, Obj: -3.1031, Eq Viol (l1): 0.000063, Ineq Viol (l1): 0.000000, Epoch time: 2.58s
Epoch 247/300, Loss: -2.7250, Obj: -3.1072, Eq Viol (l1): 0.000052, Ineq Viol (l1): 0.000000, Epoch time: 2.61s
Epoch 248/300, Loss: -2.6451, Obj: -3.0953, Eq Viol (l1): 0.000057, Ineq Viol (l1): 0.000000, Epoch time: 2.62s
Epoch 249/300, Loss: -2.5997, Obj: -3.0788, Eq Viol (l1): 0.000055, Ineq Viol (l1): 0.000001, Epoch time: 2.61s
Epoch 250/300, Loss: -2.5866, Obj: -3.0688, Eq Viol (l1): 0.000057, Ineq Viol (l1): 0.000001, Epoch time: 2.63s
Epoch 251/300, Loss: -2.6039, Obj: -3.0827, Eq Viol (l1): 0.000055, Ineq Viol (l1): 0.000000, Epoch time: 2.60s

Running validation at epoch 250...

VALIDATION_EPOCH_250 EVALUATION RESULTS:
==================================================
Objective Value:     -3.214165e+00
True Objective:      -2.413704e+00
Optimality Gap:      -4.927927e+00 ± 2.100293e+00
Eq Violation l1:   4.798836e-05 (max: 2.825457e-03)
Ineq Violation l1: 1.885287e-07 (max: 1.952085e-05)
Solution Distance:   8.393138e+01 ± 1.890702e+00
Merit:             -3.213683e+00 ± 1.253163e-02
Avg Inference Time:  0.0796s
==================================================
Epoch 252/300, Loss: -2.6942, Obj: -3.1083, Eq Viol (l1): 0.000058, Ineq Viol (l1): 0.000000, Epoch time: 2.60s
Epoch 253/300, Loss: -2.5949, Obj: -3.0986, Eq Viol (l1): 0.000056, Ineq Viol (l1): 0.000001, Epoch time: 2.63s
Epoch 254/300, Loss: -2.6347, Obj: -3.0884, Eq Viol (l1): 0.000063, Ineq Viol (l1): 0.000000, Epoch time: 2.59s
Epoch 255/300, Loss: -2.6732, Obj: -3.1237, Eq Viol (l1): 0.000055, Ineq Viol (l1): 0.000000, Epoch time: 2.62s
Epoch 256/300, Loss: -2.6466, Obj: -3.0900, Eq Viol (l1): 0.000059, Ineq Viol (l1): 0.000000, Epoch time: 2.60s
Epoch 257/300, Loss: -2.6847, Obj: -3.1186, Eq Viol (l1): 0.000056, Ineq Viol (l1): 0.000000, Epoch time: 2.61s
Epoch 258/300, Loss: -2.6331, Obj: -3.1161, Eq Viol (l1): 0.000054, Ineq Viol (l1): 0.000000, Epoch time: 2.62s
Epoch 259/300, Loss: -2.6107, Obj: -3.0862, Eq Viol (l1): 0.000059, Ineq Viol (l1): 0.000000, Epoch time: 2.59s
Epoch 260/300, Loss: -2.6965, Obj: -3.1137, Eq Viol (l1): 0.000052, Ineq Viol (l1): 0.000000, Epoch time: 2.62s
Epoch 261/300, Loss: -2.6012, Obj: -3.0642, Eq Viol (l1): 0.000048, Ineq Viol (l1): 0.000000, Epoch time: 2.63s

Running validation at epoch 260...

VALIDATION_EPOCH_260 EVALUATION RESULTS:
==================================================
Objective Value:     -3.155510e+00
True Objective:      -2.413704e+00
Optimality Gap:      -4.885571e+00 ± 2.111001e+00
Eq Violation l1:   5.075515e-05 (max: 2.337539e-03)
Ineq Violation l1: 3.870438e-07 (max: 1.110891e-04)
Solution Distance:   8.418910e+01 ± 1.877542e+00
Merit:             -3.154999e+00 ± 1.250400e-02
Avg Inference Time:  0.0729s
==================================================
Epoch 262/300, Loss: -2.6039, Obj: -3.0663, Eq Viol (l1): 0.000058, Ineq Viol (l1): 0.000000, Epoch time: 2.59s
Epoch 263/300, Loss: -2.6054, Obj: -3.0865, Eq Viol (l1): 0.000048, Ineq Viol (l1): 0.000000, Epoch time: 2.64s
Epoch 264/300, Loss: -2.5031, Obj: -3.0819, Eq Viol (l1): 0.000065, Ineq Viol (l1): 0.000000, Epoch time: 2.62s
Epoch 265/300, Loss: -2.6506, Obj: -3.0835, Eq Viol (l1): 0.000050, Ineq Viol (l1): 0.000000, Epoch time: 2.61s
Epoch 266/300, Loss: -2.6533, Obj: -3.0828, Eq Viol (l1): 0.000048, Ineq Viol (l1): 0.000000, Epoch time: 2.63s
Epoch 267/300, Loss: -2.5656, Obj: -3.0642, Eq Viol (l1): 0.000054, Ineq Viol (l1): 0.000001, Epoch time: 2.62s
Epoch 268/300, Loss: -2.5505, Obj: -3.0873, Eq Viol (l1): 0.000055, Ineq Viol (l1): 0.000000, Epoch time: 2.61s
Epoch 269/300, Loss: -2.6725, Obj: -3.0918, Eq Viol (l1): 0.000063, Ineq Viol (l1): 0.000001, Epoch time: 2.69s
Epoch 270/300, Loss: -2.6913, Obj: -3.0950, Eq Viol (l1): 0.000062, Ineq Viol (l1): 0.000001, Epoch time: 2.58s
Epoch 271/300, Loss: -2.7311, Obj: -3.1395, Eq Viol (l1): 0.000056, Ineq Viol (l1): 0.000001, Epoch time: 2.61s

Running validation at epoch 270...

VALIDATION_EPOCH_270 EVALUATION RESULTS:
==================================================
Objective Value:     -3.197345e+00
True Objective:      -2.413704e+00
Optimality Gap:      -4.919957e+00 ± 2.109341e+00
Eq Violation l1:   5.457929e-05 (max: 2.104142e-03)
Ineq Violation l1: 3.483959e-07 (max: 4.966706e-05)
Solution Distance:   8.365920e+01 ± 1.842367e+00
Merit:             -3.196796e+00 ± 1.189211e-02
Avg Inference Time:  0.0712s
==================================================
Epoch 272/300, Loss: -2.7389, Obj: -3.1279, Eq Viol (l1): 0.000056, Ineq Viol (l1): 0.000000, Epoch time: 2.60s
Epoch 273/300, Loss: -2.7442, Obj: -3.1383, Eq Viol (l1): 0.000055, Ineq Viol (l1): 0.000000, Epoch time: 2.62s
Epoch 274/300, Loss: -2.6947, Obj: -3.1123, Eq Viol (l1): 0.000057, Ineq Viol (l1): 0.000001, Epoch time: 2.61s
Epoch 275/300, Loss: -2.6862, Obj: -3.1132, Eq Viol (l1): 0.000059, Ineq Viol (l1): 0.000000, Epoch time: 2.61s
Epoch 276/300, Loss: -2.7174, Obj: -3.1320, Eq Viol (l1): 0.000057, Ineq Viol (l1): 0.000000, Epoch time: 2.59s
Epoch 277/300, Loss: -2.7679, Obj: -3.1318, Eq Viol (l1): 0.000051, Ineq Viol (l1): 0.000000, Epoch time: 2.62s
Epoch 278/300, Loss: -2.6931, Obj: -3.1227, Eq Viol (l1): 0.000054, Ineq Viol (l1): 0.000000, Epoch time: 2.63s
Epoch 279/300, Loss: -2.6910, Obj: -3.1328, Eq Viol (l1): 0.000057, Ineq Viol (l1): 0.000001, Epoch time: 2.62s
Epoch 280/300, Loss: -2.6839, Obj: -3.1074, Eq Viol (l1): 0.000057, Ineq Viol (l1): 0.000000, Epoch time: 2.62s
Epoch 281/300, Loss: -2.6855, Obj: -3.1170, Eq Viol (l1): 0.000052, Ineq Viol (l1): 0.000000, Epoch time: 2.61s

Running validation at epoch 280...

VALIDATION_EPOCH_280 EVALUATION RESULTS:
==================================================
Objective Value:     -2.914064e+00
True Objective:      -2.413704e+00
Optimality Gap:      -4.374542e+00 ± 1.884233e+00
Eq Violation l1:   4.468337e-05 (max: 2.369202e-03)
Ineq Violation l1: 3.732386e-07 (max: 9.205718e-05)
Solution Distance:   8.471716e+01 ± 1.876762e+00
Merit:             -2.913613e+00 ± 1.418867e-02
Avg Inference Time:  0.0707s
==================================================
Epoch 282/300, Loss: -2.5685, Obj: -3.0412, Eq Viol (l1): 0.000055, Ineq Viol (l1): 0.000000, Epoch time: 2.60s
Epoch 283/300, Loss: -2.6625, Obj: -3.0848, Eq Viol (l1): 0.000058, Ineq Viol (l1): 0.000001, Epoch time: 2.60s
Epoch 284/300, Loss: -2.6720, Obj: -3.1049, Eq Viol (l1): 0.000055, Ineq Viol (l1): 0.000000, Epoch time: 2.61s
Epoch 285/300, Loss: -2.6692, Obj: -3.0913, Eq Viol (l1): 0.000057, Ineq Viol (l1): 0.000001, Epoch time: 2.62s
Epoch 286/300, Loss: -2.5892, Obj: -3.0910, Eq Viol (l1): 0.000057, Ineq Viol (l1): 0.000001, Epoch time: 2.62s
Epoch 287/300, Loss: -2.7059, Obj: -3.1130, Eq Viol (l1): 0.000058, Ineq Viol (l1): 0.000001, Epoch time: 2.60s
Epoch 288/300, Loss: -2.5986, Obj: -3.0671, Eq Viol (l1): 0.000059, Ineq Viol (l1): 0.000001, Epoch time: 2.64s
Epoch 289/300, Loss: -2.5998, Obj: -3.0755, Eq Viol (l1): 0.000067, Ineq Viol (l1): 0.000001, Epoch time: 2.59s
Epoch 290/300, Loss: -2.6324, Obj: -3.0877, Eq Viol (l1): 0.000062, Ineq Viol (l1): 0.000001, Epoch time: 2.59s
Epoch 291/300, Loss: -2.7259, Obj: -3.1335, Eq Viol (l1): 0.000058, Ineq Viol (l1): 0.000000, Epoch time: 2.60s

Running validation at epoch 290...

VALIDATION_EPOCH_290 EVALUATION RESULTS:
==================================================
Objective Value:     -3.242594e+00
True Objective:      -2.413704e+00
Optimality Gap:      -5.013259e+00 ± 2.129264e+00
Eq Violation l1:   7.832962e-05 (max: 2.248500e-03)
Ineq Violation l1: 5.981747e-07 (max: 5.987601e-05)
Solution Distance:   8.369363e+01 ± 1.861243e+00
Merit:             -3.241805e+00 ± 1.068027e-02
Avg Inference Time:  0.0696s
==================================================
Epoch 292/300, Loss: -2.7564, Obj: -3.1147, Eq Viol (l1): 0.000055, Ineq Viol (l1): 0.000000, Epoch time: 2.59s
Epoch 293/300, Loss: -2.7171, Obj: -3.1104, Eq Viol (l1): 0.000056, Ineq Viol (l1): 0.000000, Epoch time: 2.61s
Epoch 294/300, Loss: -2.6802, Obj: -3.0906, Eq Viol (l1): 0.000057, Ineq Viol (l1): 0.000001, Epoch time: 2.61s
Epoch 295/300, Loss: -2.5225, Obj: -3.0349, Eq Viol (l1): 0.000058, Ineq Viol (l1): 0.000000, Epoch time: 2.62s
Epoch 296/300, Loss: -2.6916, Obj: -3.1082, Eq Viol (l1): 0.000060, Ineq Viol (l1): 0.000000, Epoch time: 2.58s
Epoch 297/300, Loss: -2.7276, Obj: -3.0988, Eq Viol (l1): 0.000066, Ineq Viol (l1): 0.000001, Epoch time: 2.58s
Epoch 298/300, Loss: -2.6891, Obj: -3.1067, Eq Viol (l1): 0.000062, Ineq Viol (l1): 0.000000, Epoch time: 2.59s
Epoch 299/300, Loss: -2.5877, Obj: -3.0728, Eq Viol (l1): 0.000060, Ineq Viol (l1): 0.000000, Epoch time: 2.61s
Epoch 300/300, Loss: -2.7224, Obj: -3.1363, Eq Viol (l1): 0.000058, Ineq Viol (l1): 0.000001, Epoch time: 2.61s

Training completed in 806.31 seconds.

============================================================
COMPREHENSIVE TEST EVALUATION WITH DETAILED RESULTS
============================================================
Testing with batch sizes: [256, 512]

Evaluating with batch size: 256 (with detailed results)

TEST_BS256 EVALUATION RESULTS:
==================================================
Objective Value:     -3.252806e+00
True Objective:      -2.409220e+00
Optimality Gap:      -6.963771e+00 ± 6.737346e+00
Eq Violation l1:   6.100063e-05 (max: 1.344465e-03)
Ineq Violation l1: 4.260494e-07 (max: 3.331216e-05)
Solution Distance:   8.550584e+01 ± 1.919123e+00
Merit:             -3.252192e+00 ± 5.143438e-02
Avg Inference Time:  0.0630s
==================================================

Evaluating with batch size: 512 (with detailed results)

TEST_BS512 EVALUATION RESULTS:
==================================================
Objective Value:     -3.251760e+00
True Objective:      -2.408634e+00
Optimality Gap:      -6.911712e+00 ± 4.094877e+00
Eq Violation l1:   6.556779e-05 (max: 1.996569e-03)
Ineq Violation l1: 5.442738e-07 (max: 8.493079e-05)
Solution Distance:   8.548330e+01 ± 1.188818e+00
Merit:             -3.251098e+00 ± 4.287650e-02
Avg Inference Time:  0.0705s
==================================================

TEST BATCH SIZE COMPARISON:
================================================================================
Batch Size   Objective    Opt Gap      Eq Viol      Ineq Viol    Time (s)  
--------------------------------------------------------------------------------
256          -3.2528e+00  -6.9638e+00  6.1001e-05   4.2605e-07   0.50      
512          -3.2518e+00  -6.9117e+00  6.5568e-05   5.4427e-07   0.28      
================================================================================

Saving model and results to: results/nonsmooth_nonconvex/socp/SOCPProblem-100-50-50-10000/20260108-003033_MLP_FSNet_seed3_nepochs300_lr0.0002_trainsize7000_finetune_20260106-202959_model_60
✓ Model saved: results/nonsmooth_nonconvex/socp/SOCPProblem-100-50-50-10000/20260108-003033_MLP_FSNet_seed3_nepochs300_lr0.0002_trainsize7000_finetune_20260106-202959_model_60/model.pt
✓ Detailed results saved: results/nonsmooth_nonconvex/socp/SOCPProblem-100-50-50-10000/20260108-003033_MLP_FSNet_seed3_nepochs300_lr0.0002_trainsize7000_finetune_20260106-202959_model_60/results.pkl

Files saved (or attempted):
  - model.pt (model weights and architecture)
  - results.pkl (training history, metrics, detailed test results)
Training and testing completed in 810.01 seconds
Done!!!
============================================================
==========         =====================         ===========
==========   3      =====================         ===========
==========         =====================         ===========
============================================================

======= Running for problem: nonsmooth_nonconvex/socp =======

Loading problem instance: nonsmooth_nonconvex/socp with size [100, 50, 50, 10000]
Loading  dataset from: datasets/nonsmooth_nonconvex/socp/random2025_socp_dataset_var100_ineq50_eq50_ex10000 

Running on:  cuda
Training model using FSNet method with seed 3 for 300 epochs
Using batch size: 512
Loading model from checkpoint: results/nonsmooth_nonconvex/socp/SOCPProblem-100-50-50-10000/20260106-202959_MLP_sup_seed1_dropout0.05_subopt_2_-10.0/model_400.pt

lr: 0.0002, weight_decay: 0.001, num_epochs: 300

Epoch 1/300, Loss: 7.2071, Obj: 2.5807, Eq Viol (l1): 0.000032, Ineq Viol (l1): 0.000000, Epoch time: 7.61s

Running validation at epoch 0...

VALIDATION_EPOCH_0 EVALUATION RESULTS:
==================================================
Objective Value:     4.162290e+00
True Objective:      -2.413704e+00
Optimality Gap:      9.059494e+00 ± 3.586772e+00
Eq Violation l1:   2.610109e-03 (max: 1.298614e+00)
Ineq Violation l1: 5.806854e-04 (max: 2.950594e-01)
Solution Distance:   8.041685e+01 ± 1.873904e+00
Merit:             4.194198e+00 ± 7.052458e-02
Avg Inference Time:  0.6589s
==================================================
Epoch 2/300, Loss: 6.7614, Obj: 2.7473, Eq Viol (l1): 0.000031, Ineq Viol (l1): 0.000000, Epoch time: 2.88s
Epoch 3/300, Loss: 6.2495, Obj: 3.1851, Eq Viol (l1): 0.000037, Ineq Viol (l1): 0.000000, Epoch time: 2.77s
Epoch 4/300, Loss: 6.1886, Obj: 3.3145, Eq Viol (l1): 0.000035, Ineq Viol (l1): 0.000000, Epoch time: 2.79s
Epoch 5/300, Loss: 6.2087, Obj: 3.1881, Eq Viol (l1): 0.000033, Ineq Viol (l1): 0.000000, Epoch time: 2.79s
Epoch 6/300, Loss: 6.2583, Obj: 3.2890, Eq Viol (l1): 0.000038, Ineq Viol (l1): 0.000001, Epoch time: 2.81s
Epoch 7/300, Loss: 6.1796, Obj: 3.3132, Eq Viol (l1): 0.000037, Ineq Viol (l1): 0.000000, Epoch time: 2.74s
Epoch 8/300, Loss: 6.1835, Obj: 3.2634, Eq Viol (l1): 0.000040, Ineq Viol (l1): 0.000000, Epoch time: 2.78s
Epoch 9/300, Loss: 6.0934, Obj: 3.3285, Eq Viol (l1): 0.000040, Ineq Viol (l1): 0.000000, Epoch time: 2.77s
Epoch 10/300, Loss: 6.0964, Obj: 3.3385, Eq Viol (l1): 0.000038, Ineq Viol (l1): 0.000000, Epoch time: 2.76s
Epoch 11/300, Loss: 6.1281, Obj: 3.2713, Eq Viol (l1): 0.000035, Ineq Viol (l1): 0.000000, Epoch time: 2.78s

Running validation at epoch 10...

VALIDATION_EPOCH_10 EVALUATION RESULTS:
==================================================
Objective Value:     4.081847e+00
True Objective:      -2.413704e+00
Optimality Gap:      9.290117e+00 ± 3.794818e+00
Eq Violation l1:   3.141748e-04 (max: 1.349123e-01)
Ineq Violation l1: 5.874481e-05 (max: 2.812909e-02)
Solution Distance:   7.971825e+01 ± 1.763138e+00
Merit:             4.085576e+00 ± 1.126035e-01
Avg Inference Time:  0.1202s
==================================================
Epoch 12/300, Loss: 6.1510, Obj: 3.3221, Eq Viol (l1): 0.000036, Ineq Viol (l1): 0.000000, Epoch time: 2.76s
Epoch 13/300, Loss: 6.2870, Obj: 3.4698, Eq Viol (l1): 0.000034, Ineq Viol (l1): 0.000000, Epoch time: 2.76s
Epoch 14/300, Loss: 6.3018, Obj: 3.3755, Eq Viol (l1): 0.000040, Ineq Viol (l1): 0.000000, Epoch time: 2.78s
Epoch 15/300, Loss: 6.5331, Obj: 3.5003, Eq Viol (l1): 0.000028, Ineq Viol (l1): 0.000000, Epoch time: 2.81s
Epoch 16/300, Loss: 6.5074, Obj: 3.5138, Eq Viol (l1): 0.000033, Ineq Viol (l1): 0.000000, Epoch time: 2.82s
Epoch 17/300, Loss: 6.5501, Obj: 3.5829, Eq Viol (l1): 0.000037, Ineq Viol (l1): 0.000000, Epoch time: 2.73s
Epoch 18/300, Loss: 6.5860, Obj: 3.5457, Eq Viol (l1): 0.000037, Ineq Viol (l1): 0.000000, Epoch time: 2.80s
Epoch 19/300, Loss: 6.2355, Obj: 3.4307, Eq Viol (l1): 0.000040, Ineq Viol (l1): 0.000000, Epoch time: 2.73s
Epoch 20/300, Loss: 6.5012, Obj: 3.5452, Eq Viol (l1): 0.000031, Ineq Viol (l1): 0.000000, Epoch time: 2.76s
Epoch 21/300, Loss: 6.3498, Obj: 3.4558, Eq Viol (l1): 0.000038, Ineq Viol (l1): 0.000000, Epoch time: 2.76s

Running validation at epoch 20...

VALIDATION_EPOCH_20 EVALUATION RESULTS:
==================================================
Objective Value:     3.928150e+00
True Objective:      -2.413704e+00
Optimality Gap:      8.932906e+00 ± 3.505851e+00
Eq Violation l1:   2.085593e-03 (max: 5.732136e-01)
Ineq Violation l1: 6.596233e-04 (max: 1.787158e-01)
Solution Distance:   7.858367e+01 ± 1.873860e+00
Merit:             3.955602e+00 ± 1.477850e-01
Avg Inference Time:  0.1198s
==================================================
Epoch 22/300, Loss: 6.4331, Obj: 3.4379, Eq Viol (l1): 0.000036, Ineq Viol (l1): 0.000000, Epoch time: 2.79s
Epoch 23/300, Loss: 6.5071, Obj: 3.4302, Eq Viol (l1): 0.000038, Ineq Viol (l1): 0.000000, Epoch time: 2.81s
Epoch 24/300, Loss: 6.6723, Obj: 3.6445, Eq Viol (l1): 0.000030, Ineq Viol (l1): 0.000000, Epoch time: 2.79s
Epoch 25/300, Loss: 6.3479, Obj: 3.4736, Eq Viol (l1): 0.000039, Ineq Viol (l1): 0.000000, Epoch time: 2.73s
Epoch 26/300, Loss: 6.3617, Obj: 3.4086, Eq Viol (l1): 0.000029, Ineq Viol (l1): 0.000000, Epoch time: 2.81s
Epoch 27/300, Loss: 6.3774, Obj: 3.5087, Eq Viol (l1): 0.000034, Ineq Viol (l1): 0.000000, Epoch time: 2.77s
Epoch 28/300, Loss: 6.3931, Obj: 3.3690, Eq Viol (l1): 0.000038, Ineq Viol (l1): 0.000000, Epoch time: 2.79s
Epoch 29/300, Loss: 6.4223, Obj: 3.3937, Eq Viol (l1): 0.000042, Ineq Viol (l1): 0.000000, Epoch time: 2.73s
Epoch 30/300, Loss: 6.4261, Obj: 3.4572, Eq Viol (l1): 0.000036, Ineq Viol (l1): 0.000000, Epoch time: 2.75s
Epoch 31/300, Loss: 6.4209, Obj: 3.5456, Eq Viol (l1): 0.000037, Ineq Viol (l1): 0.000000, Epoch time: 2.73s

Running validation at epoch 30...

VALIDATION_EPOCH_30 EVALUATION RESULTS:
==================================================
Objective Value:     3.700568e+00
True Objective:      -2.413704e+00
Optimality Gap:      8.206282e+00 ± 3.065903e+00
Eq Violation l1:   4.737713e-04 (max: 2.274586e-01)
Ineq Violation l1: 7.128230e-05 (max: 3.480555e-02)
Solution Distance:   7.766135e+01 ± 2.093666e+00
Merit:             3.706018e+00 ± 1.197121e-01
Avg Inference Time:  0.1206s
==================================================
Epoch 32/300, Loss: 6.2417, Obj: 3.2783, Eq Viol (l1): 0.000039, Ineq Viol (l1): 0.000000, Epoch time: 2.74s
Epoch 33/300, Loss: 6.4606, Obj: 3.5659, Eq Viol (l1): 0.000038, Ineq Viol (l1): 0.000000, Epoch time: 2.74s
Epoch 34/300, Loss: 6.1907, Obj: 3.2992, Eq Viol (l1): 0.000033, Ineq Viol (l1): 0.000000, Epoch time: 2.89s
Epoch 35/300, Loss: 6.2072, Obj: 3.3605, Eq Viol (l1): 0.000035, Ineq Viol (l1): 0.000000, Epoch time: 2.79s
Epoch 36/300, Loss: 6.2306, Obj: 3.4420, Eq Viol (l1): 0.000032, Ineq Viol (l1): 0.000000, Epoch time: 2.83s
Epoch 37/300, Loss: 6.0875, Obj: 3.2155, Eq Viol (l1): 0.000036, Ineq Viol (l1): 0.000000, Epoch time: 2.76s
Epoch 38/300, Loss: 6.2332, Obj: 3.3904, Eq Viol (l1): 0.000037, Ineq Viol (l1): 0.000000, Epoch time: 2.79s
Epoch 39/300, Loss: 6.1690, Obj: 3.3579, Eq Viol (l1): 0.000033, Ineq Viol (l1): 0.000000, Epoch time: 2.81s
Epoch 40/300, Loss: 6.4241, Obj: 3.4556, Eq Viol (l1): 0.000035, Ineq Viol (l1): 0.000000, Epoch time: 2.79s
Epoch 41/300, Loss: 6.3657, Obj: 3.2665, Eq Viol (l1): 0.000079, Ineq Viol (l1): 0.000004, Epoch time: 2.83s

Running validation at epoch 40...

VALIDATION_EPOCH_40 EVALUATION RESULTS:
==================================================
Objective Value:     3.631120e+00
True Objective:      -2.413704e+00
Optimality Gap:      8.394282e+00 ± 3.332169e+00
Eq Violation l1:   3.968690e-05 (max: 1.327142e-02)
Ineq Violation l1: 1.426257e-06 (max: 6.029945e-04)
Solution Distance:   7.705424e+01 ± 2.249836e+00
Merit:             3.631531e+00 ± 1.448710e-01
Avg Inference Time:  0.1199s
==================================================
Epoch 42/300, Loss: 6.6554, Obj: 3.3881, Eq Viol (l1): 0.000024, Ineq Viol (l1): 0.000000, Epoch time: 2.86s
Epoch 43/300, Loss: 6.4935, Obj: 3.4442, Eq Viol (l1): 0.000026, Ineq Viol (l1): 0.000001, Epoch time: 2.93s
Epoch 44/300, Loss: 6.2807, Obj: 3.2965, Eq Viol (l1): 0.000036, Ineq Viol (l1): 0.000000, Epoch time: 2.79s
Epoch 45/300, Loss: 6.3602, Obj: 3.3650, Eq Viol (l1): 0.000031, Ineq Viol (l1): 0.000000, Epoch time: 2.79s
Epoch 46/300, Loss: 6.3563, Obj: 3.3962, Eq Viol (l1): 0.000036, Ineq Viol (l1): 0.000000, Epoch time: 2.77s
Epoch 47/300, Loss: 6.4661, Obj: 3.3472, Eq Viol (l1): 0.000035, Ineq Viol (l1): 0.000000, Epoch time: 2.80s
Epoch 48/300, Loss: 6.3403, Obj: 3.3720, Eq Viol (l1): 0.000026, Ineq Viol (l1): 0.000000, Epoch time: 2.82s
Epoch 49/300, Loss: 6.2368, Obj: 3.2945, Eq Viol (l1): 0.000032, Ineq Viol (l1): 0.000000, Epoch time: 2.84s
Epoch 50/300, Loss: 6.0682, Obj: 3.2086, Eq Viol (l1): 0.000029, Ineq Viol (l1): 0.000000, Epoch time: 2.83s
Epoch 51/300, Loss: 6.0259, Obj: 3.2565, Eq Viol (l1): 0.000036, Ineq Viol (l1): 0.000000, Epoch time: 2.75s

Running validation at epoch 50...

VALIDATION_EPOCH_50 EVALUATION RESULTS:
==================================================
Objective Value:     3.522013e+00
True Objective:      -2.413704e+00
Optimality Gap:      8.287838e+00 ± 3.375573e+00
Eq Violation l1:   2.651242e-04 (max: 8.184308e-02)
Ineq Violation l1: 2.125758e-05 (max: 5.266162e-03)
Solution Distance:   7.671629e+01 ± 1.801463e+00
Merit:             3.524877e+00 ± 8.884211e-02
Avg Inference Time:  0.1199s
==================================================
Epoch 52/300, Loss: 6.1185, Obj: 3.2097, Eq Viol (l1): 0.000034, Ineq Viol (l1): 0.000000, Epoch time: 2.81s
Epoch 53/300, Loss: 6.0925, Obj: 3.1802, Eq Viol (l1): 0.000035, Ineq Viol (l1): 0.000000, Epoch time: 2.79s
Epoch 54/300, Loss: 6.0719, Obj: 3.2560, Eq Viol (l1): 0.000036, Ineq Viol (l1): 0.000000, Epoch time: 2.76s
Epoch 55/300, Loss: 5.8024, Obj: 3.0791, Eq Viol (l1): 0.000036, Ineq Viol (l1): 0.000000, Epoch time: 2.76s
Epoch 56/300, Loss: 6.0625, Obj: 3.3671, Eq Viol (l1): 0.000028, Ineq Viol (l1): 0.000000, Epoch time: 2.85s
Epoch 57/300, Loss: 5.9330, Obj: 3.1669, Eq Viol (l1): 0.000036, Ineq Viol (l1): 0.000000, Epoch time: 2.79s
Epoch 58/300, Loss: 5.9820, Obj: 3.0892, Eq Viol (l1): 0.000035, Ineq Viol (l1): 0.000000, Epoch time: 2.79s
Epoch 59/300, Loss: 5.9213, Obj: 3.0649, Eq Viol (l1): 0.000032, Ineq Viol (l1): 0.000000, Epoch time: 2.80s
Epoch 60/300, Loss: 6.0302, Obj: 3.1795, Eq Viol (l1): 0.000028, Ineq Viol (l1): 0.000000, Epoch time: 2.81s
Epoch 61/300, Loss: 5.9771, Obj: 3.1306, Eq Viol (l1): 0.000037, Ineq Viol (l1): 0.000000, Epoch time: 2.78s

Running validation at epoch 60...

VALIDATION_EPOCH_60 EVALUATION RESULTS:
==================================================
Objective Value:     3.264781e+00
True Objective:      -2.413704e+00
Optimality Gap:      7.840832e+00 ± 3.072309e+00
Eq Violation l1:   3.347425e-05 (max: 5.258734e-03)
Ineq Violation l1: 1.363142e-06 (max: 5.977940e-04)
Solution Distance:   7.539564e+01 ± 1.749078e+00
Merit:             3.265129e+00 ± 1.331564e-01
Avg Inference Time:  0.1145s
==================================================
Epoch 62/300, Loss: 5.8926, Obj: 3.0388, Eq Viol (l1): 0.000073, Ineq Viol (l1): 0.000015, Epoch time: 2.85s
Epoch 63/300, Loss: 5.7582, Obj: 3.0438, Eq Viol (l1): 0.000065, Ineq Viol (l1): 0.000009, Epoch time: 2.84s
Epoch 64/300, Loss: 5.7896, Obj: 3.0729, Eq Viol (l1): 0.000163, Ineq Viol (l1): 0.000038, Epoch time: 2.78s
Epoch 65/300, Loss: 5.7301, Obj: 3.1607, Eq Viol (l1): 0.000036, Ineq Viol (l1): 0.000003, Epoch time: 2.82s
Epoch 66/300, Loss: 5.7160, Obj: 3.0610, Eq Viol (l1): 0.000039, Ineq Viol (l1): 0.000000, Epoch time: 2.75s
Epoch 67/300, Loss: 5.5943, Obj: 2.9721, Eq Viol (l1): 0.000033, Ineq Viol (l1): 0.000000, Epoch time: 2.76s
Epoch 68/300, Loss: 5.6166, Obj: 3.1119, Eq Viol (l1): 0.000034, Ineq Viol (l1): 0.000000, Epoch time: 2.88s
Epoch 69/300, Loss: 5.5594, Obj: 2.9270, Eq Viol (l1): 0.000037, Ineq Viol (l1): 0.000000, Epoch time: 2.74s
Epoch 70/300, Loss: 5.6255, Obj: 3.0080, Eq Viol (l1): 0.000035, Ineq Viol (l1): 0.000000, Epoch time: 2.76s
Epoch 71/300, Loss: 5.4035, Obj: 2.9324, Eq Viol (l1): 0.000046, Ineq Viol (l1): 0.000000, Epoch time: 2.71s

Running validation at epoch 70...

VALIDATION_EPOCH_70 EVALUATION RESULTS:
==================================================
Objective Value:     3.321331e+00
True Objective:      -2.413704e+00
Optimality Gap:      7.638016e+00 ± 2.874437e+00
Eq Violation l1:   9.828624e-05 (max: 4.163706e-02)
Ineq Violation l1: 9.041574e-06 (max: 4.534964e-03)
Solution Distance:   7.542718e+01 ± 1.540995e+00
Merit:             3.322405e+00 ± 7.700096e-02
Avg Inference Time:  0.1147s
==================================================
Epoch 72/300, Loss: 5.5462, Obj: 3.0766, Eq Viol (l1): 0.000035, Ineq Viol (l1): 0.000000, Epoch time: 2.74s
Epoch 73/300, Loss: 5.3640, Obj: 2.8785, Eq Viol (l1): 0.000041, Ineq Viol (l1): 0.000000, Epoch time: 2.73s
Epoch 74/300, Loss: 5.6190, Obj: 2.9815, Eq Viol (l1): 0.000042, Ineq Viol (l1): 0.000007, Epoch time: 2.81s
Epoch 75/300, Loss: 5.6944, Obj: 2.9177, Eq Viol (l1): 0.001403, Ineq Viol (l1): 0.000351, Epoch time: 2.79s
Epoch 76/300, Loss: 5.7278, Obj: 2.9641, Eq Viol (l1): 0.000410, Ineq Viol (l1): 0.000140, Epoch time: 2.83s
Epoch 77/300, Loss: 5.6902, Obj: 2.9256, Eq Viol (l1): 0.000104, Ineq Viol (l1): 0.000007, Epoch time: 2.81s
Epoch 78/300, Loss: 5.4886, Obj: 2.8983, Eq Viol (l1): 0.000554, Ineq Viol (l1): 0.000137, Epoch time: 2.79s
Epoch 79/300, Loss: 5.5839, Obj: 2.8677, Eq Viol (l1): 0.000034, Ineq Viol (l1): 0.000000, Epoch time: 2.80s
Epoch 80/300, Loss: 5.6557, Obj: 2.9512, Eq Viol (l1): 0.000904, Ineq Viol (l1): 0.000216, Epoch time: 2.79s
Epoch 81/300, Loss: 5.4840, Obj: 2.8725, Eq Viol (l1): 0.000104, Ineq Viol (l1): 0.000019, Epoch time: 2.78s

Running validation at epoch 80...

VALIDATION_EPOCH_80 EVALUATION RESULTS:
==================================================
Objective Value:     3.097272e+00
True Objective:      -2.413704e+00
Optimality Gap:      7.600836e+00 ± 2.890294e+00
Eq Violation l1:   1.921608e-05 (max: 3.934190e-03)
Ineq Violation l1: 4.080930e-07 (max: 1.403762e-04)
Solution Distance:   7.427784e+01 ± 1.589807e+00
Merit:             3.097469e+00 ± 1.022598e-01
Avg Inference Time:  0.1174s
==================================================
Epoch 82/300, Loss: 5.5151, Obj: 2.9046, Eq Viol (l1): 0.000047, Ineq Viol (l1): 0.000002, Epoch time: 2.81s
Epoch 83/300, Loss: 5.6526, Obj: 2.8420, Eq Viol (l1): 0.000027, Ineq Viol (l1): 0.000000, Epoch time: 2.80s
Epoch 84/300, Loss: 5.6079, Obj: 2.9860, Eq Viol (l1): 0.000030, Ineq Viol (l1): 0.000000, Epoch time: 2.78s
Epoch 85/300, Loss: 5.4844, Obj: 2.7723, Eq Viol (l1): 0.000030, Ineq Viol (l1): 0.000000, Epoch time: 2.82s
Epoch 86/300, Loss: 5.4895, Obj: 2.9748, Eq Viol (l1): 0.000027, Ineq Viol (l1): 0.000000, Epoch time: 2.81s
Epoch 87/300, Loss: 5.7008, Obj: 2.8165, Eq Viol (l1): 0.000034, Ineq Viol (l1): 0.000000, Epoch time: 2.79s
Epoch 88/300, Loss: 5.5891, Obj: 2.8635, Eq Viol (l1): 0.000037, Ineq Viol (l1): 0.000001, Epoch time: 2.85s
Epoch 89/300, Loss: 5.5147, Obj: 2.7912, Eq Viol (l1): 0.000060, Ineq Viol (l1): 0.000012, Epoch time: 2.86s
Epoch 90/300, Loss: 5.6129, Obj: 2.8846, Eq Viol (l1): 0.000031, Ineq Viol (l1): 0.000000, Epoch time: 2.83s
Epoch 91/300, Loss: 5.5482, Obj: 2.8590, Eq Viol (l1): 0.000041, Ineq Viol (l1): 0.000000, Epoch time: 2.76s

Running validation at epoch 90...

VALIDATION_EPOCH_90 EVALUATION RESULTS:
==================================================
Objective Value:     3.109346e+00
True Objective:      -2.413704e+00
Optimality Gap:      7.626082e+00 ± 2.863279e+00
Eq Violation l1:   2.898590e-04 (max: 5.716721e-02)
Ineq Violation l1: 1.932879e-05 (max: 4.305653e-03)
Solution Distance:   7.443014e+01 ± 1.686264e+00
Merit:             3.112438e+00 ± 9.742128e-02
Avg Inference Time:  0.1205s
==================================================
Epoch 92/300, Loss: 5.4700, Obj: 2.8257, Eq Viol (l1): 0.000049, Ineq Viol (l1): 0.000001, Epoch time: 2.77s
Epoch 93/300, Loss: 5.4340, Obj: 2.8100, Eq Viol (l1): 0.000357, Ineq Viol (l1): 0.000058, Epoch time: 2.79s
Epoch 94/300, Loss: 5.4466, Obj: 2.8166, Eq Viol (l1): 0.000301, Ineq Viol (l1): 0.000057, Epoch time: 2.81s
Epoch 95/300, Loss: 5.2059, Obj: 2.6523, Eq Viol (l1): 0.000147, Ineq Viol (l1): 0.000021, Epoch time: 2.78s
Epoch 96/300, Loss: 5.3084, Obj: 2.7594, Eq Viol (l1): 0.000038, Ineq Viol (l1): 0.000000, Epoch time: 2.78s
Epoch 97/300, Loss: 5.2355, Obj: 2.7231, Eq Viol (l1): 0.000057, Ineq Viol (l1): 0.000009, Epoch time: 2.83s
Epoch 98/300, Loss: 5.4801, Obj: 2.8067, Eq Viol (l1): 0.000546, Ineq Viol (l1): 0.000115, Epoch time: 2.80s
Epoch 99/300, Loss: 5.4696, Obj: 2.7249, Eq Viol (l1): 0.000871, Ineq Viol (l1): 0.000141, Epoch time: 2.77s
Epoch 100/300, Loss: 5.1842, Obj: 2.6949, Eq Viol (l1): 0.001972, Ineq Viol (l1): 0.000432, Epoch time: 2.95s
Epoch 101/300, Loss: 5.2210, Obj: 2.6578, Eq Viol (l1): 0.000362, Ineq Viol (l1): 0.000104, Epoch time: 2.82s

Running validation at epoch 100...

VALIDATION_EPOCH_100 EVALUATION RESULTS:
==================================================
Objective Value:     2.919872e+00
True Objective:      -2.413704e+00
Optimality Gap:      7.290161e+00 ± 2.760453e+00
Eq Violation l1:   6.185022e-05 (max: 1.237724e-02)
Ineq Violation l1: 2.530869e-06 (max: 8.449647e-04)
Solution Distance:   7.375138e+01 ± 1.870308e+00
Merit:             2.920516e+00 ± 9.178816e-02
Avg Inference Time:  0.1137s
==================================================
Epoch 102/300, Loss: 5.2818, Obj: 2.7631, Eq Viol (l1): 0.001438, Ineq Viol (l1): 0.000236, Epoch time: 2.78s
Epoch 103/300, Loss: 5.4185, Obj: 2.6914, Eq Viol (l1): 0.000038, Ineq Viol (l1): 0.000000, Epoch time: 2.78s
Epoch 104/300, Loss: 5.3643, Obj: 2.7620, Eq Viol (l1): 0.000035, Ineq Viol (l1): 0.000000, Epoch time: 2.78s
Epoch 105/300, Loss: 5.2552, Obj: 2.7469, Eq Viol (l1): 0.000798, Ineq Viol (l1): 0.000216, Epoch time: 2.80s
Epoch 106/300, Loss: 5.2403, Obj: 2.5607, Eq Viol (l1): 0.000036, Ineq Viol (l1): 0.000000, Epoch time: 2.77s
Epoch 107/300, Loss: 4.9800, Obj: 2.5845, Eq Viol (l1): 0.000038, Ineq Viol (l1): 0.000000, Epoch time: 2.75s
Epoch 108/300, Loss: 4.9830, Obj: 2.4850, Eq Viol (l1): 0.000040, Ineq Viol (l1): 0.000000, Epoch time: 2.74s
Epoch 109/300, Loss: 5.1296, Obj: 2.5659, Eq Viol (l1): 0.000034, Ineq Viol (l1): 0.000000, Epoch time: 2.77s
Epoch 110/300, Loss: 5.0048, Obj: 2.5584, Eq Viol (l1): 0.000043, Ineq Viol (l1): 0.000000, Epoch time: 2.73s
Epoch 111/300, Loss: 5.0954, Obj: 2.5579, Eq Viol (l1): 0.000041, Ineq Viol (l1): 0.000000, Epoch time: 2.76s

Running validation at epoch 110...

VALIDATION_EPOCH_110 EVALUATION RESULTS:
==================================================
Objective Value:     2.800879e+00
True Objective:      -2.413704e+00
Optimality Gap:      7.326611e+00 ± 2.728701e+00
Eq Violation l1:   3.028471e-04 (max: 1.473580e-01)
Ineq Violation l1: 4.548363e-05 (max: 2.312328e-02)
Solution Distance:   7.317912e+01 ± 1.889883e+00
Merit:             2.804363e+00 ± 1.228682e-01
Avg Inference Time:  0.1198s
==================================================
Epoch 112/300, Loss: 4.9904, Obj: 2.5683, Eq Viol (l1): 0.000029, Ineq Viol (l1): 0.000000, Epoch time: 2.79s
Epoch 113/300, Loss: 5.1498, Obj: 2.6487, Eq Viol (l1): 0.000032, Ineq Viol (l1): 0.000000, Epoch time: 2.76s
Epoch 114/300, Loss: 5.1609, Obj: 2.5629, Eq Viol (l1): 0.000040, Ineq Viol (l1): 0.000000, Epoch time: 2.73s
Epoch 115/300, Loss: 4.9054, Obj: 2.4900, Eq Viol (l1): 0.000046, Ineq Viol (l1): 0.000000, Epoch time: 2.72s
Epoch 116/300, Loss: 4.8956, Obj: 2.5012, Eq Viol (l1): 0.000041, Ineq Viol (l1): 0.000000, Epoch time: 2.75s
Epoch 117/300, Loss: 5.1365, Obj: 2.5917, Eq Viol (l1): 0.000036, Ineq Viol (l1): 0.000000, Epoch time: 2.76s
Epoch 118/300, Loss: 5.0335, Obj: 2.4986, Eq Viol (l1): 0.000041, Ineq Viol (l1): 0.000000, Epoch time: 2.75s
Epoch 119/300, Loss: 4.9503, Obj: 2.4465, Eq Viol (l1): 0.000042, Ineq Viol (l1): 0.000000, Epoch time: 2.75s
Epoch 120/300, Loss: 5.0279, Obj: 2.5233, Eq Viol (l1): 0.000036, Ineq Viol (l1): 0.000000, Epoch time: 2.78s
Epoch 121/300, Loss: 5.0776, Obj: 2.5160, Eq Viol (l1): 0.000039, Ineq Viol (l1): 0.000000, Epoch time: 2.75s

Running validation at epoch 120...

VALIDATION_EPOCH_120 EVALUATION RESULTS:
==================================================
Objective Value:     2.691512e+00
True Objective:      -2.413704e+00
Optimality Gap:      7.013619e+00 ± 2.704447e+00
Eq Violation l1:   3.225465e-05 (max: 1.102828e-02)
Ineq Violation l1: 1.577857e-06 (max: 7.810130e-04)
Solution Distance:   7.269901e+01 ± 1.795632e+00
Merit:             2.691850e+00 ± 1.240551e-01
Avg Inference Time:  0.1203s
==================================================
Epoch 122/300, Loss: 4.9509, Obj: 2.5242, Eq Viol (l1): 0.000044, Ineq Viol (l1): 0.000000, Epoch time: 2.73s
Epoch 123/300, Loss: 4.8462, Obj: 2.4891, Eq Viol (l1): 0.000038, Ineq Viol (l1): 0.000000, Epoch time: 2.73s
Epoch 124/300, Loss: 4.8640, Obj: 2.4029, Eq Viol (l1): 0.000038, Ineq Viol (l1): 0.000000, Epoch time: 2.73s
Epoch 125/300, Loss: 4.7309, Obj: 2.4186, Eq Viol (l1): 0.000037, Ineq Viol (l1): 0.000000, Epoch time: 2.74s
Epoch 126/300, Loss: 4.7796, Obj: 2.4070, Eq Viol (l1): 0.000036, Ineq Viol (l1): 0.000000, Epoch time: 2.77s
Epoch 127/300, Loss: 4.9263, Obj: 2.4893, Eq Viol (l1): 0.000035, Ineq Viol (l1): 0.000000, Epoch time: 2.77s
Epoch 128/300, Loss: 4.8849, Obj: 2.4018, Eq Viol (l1): 0.000043, Ineq Viol (l1): 0.000000, Epoch time: 2.72s
Epoch 129/300, Loss: 4.8812, Obj: 2.3298, Eq Viol (l1): 0.000034, Ineq Viol (l1): 0.000000, Epoch time: 2.78s
Epoch 130/300, Loss: 4.9371, Obj: 2.4919, Eq Viol (l1): 0.000042, Ineq Viol (l1): 0.000000, Epoch time: 2.75s
Epoch 131/300, Loss: 4.9515, Obj: 2.4243, Eq Viol (l1): 0.000041, Ineq Viol (l1): 0.000000, Epoch time: 2.78s

Running validation at epoch 130...

VALIDATION_EPOCH_130 EVALUATION RESULTS:
==================================================
Objective Value:     2.617389e+00
True Objective:      -2.413704e+00
Optimality Gap:      6.963269e+00 ± 2.709873e+00
Eq Violation l1:   2.594114e-05 (max: 9.533721e-03)
Ineq Violation l1: 2.439239e-07 (max: 6.490428e-05)
Solution Distance:   7.219466e+01 ± 1.684189e+00
Merit:             2.617651e+00 ± 1.050842e-01
Avg Inference Time:  0.1185s
==================================================
Epoch 132/300, Loss: 4.8982, Obj: 2.3380, Eq Viol (l1): 0.000036, Ineq Viol (l1): 0.000000, Epoch time: 2.91s
Epoch 133/300, Loss: 4.8217, Obj: 2.4346, Eq Viol (l1): 0.000050, Ineq Viol (l1): 0.000001, Epoch time: 2.83s
Epoch 134/300, Loss: 4.9035, Obj: 2.2379, Eq Viol (l1): 0.000053, Ineq Viol (l1): 0.000001, Epoch time: 2.80s
Epoch 135/300, Loss: 4.7939, Obj: 2.3371, Eq Viol (l1): 0.000043, Ineq Viol (l1): 0.000000, Epoch time: 2.75s
Epoch 136/300, Loss: 4.7896, Obj: 2.3101, Eq Viol (l1): 0.000041, Ineq Viol (l1): 0.000000, Epoch time: 2.72s
Epoch 137/300, Loss: 4.7684, Obj: 2.2596, Eq Viol (l1): 0.000038, Ineq Viol (l1): 0.000000, Epoch time: 2.79s
Epoch 138/300, Loss: 4.6253, Obj: 2.3170, Eq Viol (l1): 0.000036, Ineq Viol (l1): 0.000000, Epoch time: 2.78s
Epoch 139/300, Loss: 4.5330, Obj: 2.2849, Eq Viol (l1): 0.000036, Ineq Viol (l1): 0.000000, Epoch time: 2.75s
Epoch 140/300, Loss: 4.4917, Obj: 2.1619, Eq Viol (l1): 0.000044, Ineq Viol (l1): 0.000000, Epoch time: 2.71s
Epoch 141/300, Loss: 4.6309, Obj: 2.2808, Eq Viol (l1): 0.000039, Ineq Viol (l1): 0.000000, Epoch time: 2.73s

Running validation at epoch 140...

VALIDATION_EPOCH_140 EVALUATION RESULTS:
==================================================
Objective Value:     2.393330e+00
True Objective:      -2.413704e+00
Optimality Gap:      6.412223e+00 ± 2.542503e+00
Eq Violation l1:   5.141021e-05 (max: 1.939559e-02)
Ineq Violation l1: 5.179853e-06 (max: 2.520427e-03)
Solution Distance:   7.149997e+01 ± 1.825070e+00
Merit:             2.393896e+00 ± 1.468947e-01
Avg Inference Time:  0.1199s
==================================================
Epoch 142/300, Loss: 4.6468, Obj: 2.2483, Eq Viol (l1): 0.000039, Ineq Viol (l1): 0.000000, Epoch time: 2.75s
Epoch 143/300, Loss: 4.7267, Obj: 2.2382, Eq Viol (l1): 0.000033, Ineq Viol (l1): 0.000000, Epoch time: 2.79s
Epoch 144/300, Loss: 4.6390, Obj: 2.1868, Eq Viol (l1): 0.000049, Ineq Viol (l1): 0.000000, Epoch time: 2.71s
Epoch 145/300, Loss: 4.5637, Obj: 2.1807, Eq Viol (l1): 0.000087, Ineq Viol (l1): 0.000007, Epoch time: 2.79s
Epoch 146/300, Loss: 4.4939, Obj: 2.1443, Eq Viol (l1): 0.000049, Ineq Viol (l1): 0.000002, Epoch time: 2.84s
Epoch 147/300, Loss: 4.4267, Obj: 2.1380, Eq Viol (l1): 0.000039, Ineq Viol (l1): 0.000000, Epoch time: 2.76s
Epoch 148/300, Loss: 4.5372, Obj: 2.1558, Eq Viol (l1): 0.000038, Ineq Viol (l1): 0.000000, Epoch time: 2.75s
Epoch 149/300, Loss: 4.4870, Obj: 2.1410, Eq Viol (l1): 0.000040, Ineq Viol (l1): 0.000000, Epoch time: 2.74s
Epoch 150/300, Loss: 4.6316, Obj: 2.2318, Eq Viol (l1): 0.001082, Ineq Viol (l1): 0.000290, Epoch time: 2.78s
Epoch 151/300, Loss: 4.4480, Obj: 2.1222, Eq Viol (l1): 0.000670, Ineq Viol (l1): 0.000129, Epoch time: 2.77s

Running validation at epoch 150...

VALIDATION_EPOCH_150 EVALUATION RESULTS:
==================================================
Objective Value:     2.318174e+00
True Objective:      -2.413704e+00
Optimality Gap:      6.387215e+00 ± 2.495532e+00
Eq Violation l1:   7.723695e-05 (max: 2.550757e-02)
Ineq Violation l1: 6.035113e-06 (max: 2.773030e-03)
Solution Distance:   7.120790e+01 ± 1.786978e+00
Merit:             2.319007e+00 ± 1.363371e-01
Avg Inference Time:  0.1199s
==================================================
Epoch 152/300, Loss: 4.7194, Obj: 2.1584, Eq Viol (l1): 0.001311, Ineq Viol (l1): 0.000396, Epoch time: 2.79s
Epoch 153/300, Loss: 4.6720, Obj: 2.1991, Eq Viol (l1): 0.005897, Ineq Viol (l1): 0.001455, Epoch time: 2.83s
Epoch 154/300, Loss: 4.6995, Obj: 2.1011, Eq Viol (l1): 0.003594, Ineq Viol (l1): 0.001083, Epoch time: 2.81s
Epoch 155/300, Loss: 4.5324, Obj: 2.1404, Eq Viol (l1): 0.005265, Ineq Viol (l1): 0.001247, Epoch time: 2.76s
Epoch 156/300, Loss: 4.4719, Obj: 2.1309, Eq Viol (l1): 0.002964, Ineq Viol (l1): 0.000866, Epoch time: 2.80s
Epoch 157/300, Loss: 4.4815, Obj: 2.0548, Eq Viol (l1): 0.001293, Ineq Viol (l1): 0.000477, Epoch time: 2.78s
Epoch 158/300, Loss: 4.3321, Obj: 1.9869, Eq Viol (l1): 0.000686, Ineq Viol (l1): 0.000437, Epoch time: 2.80s
Epoch 159/300, Loss: 4.3872, Obj: 2.0708, Eq Viol (l1): 0.001224, Ineq Viol (l1): 0.000759, Epoch time: 2.88s
Epoch 160/300, Loss: 4.5425, Obj: 2.0888, Eq Viol (l1): 0.001111, Ineq Viol (l1): 0.000414, Epoch time: 2.82s
Epoch 161/300, Loss: 4.5927, Obj: 2.1324, Eq Viol (l1): 0.000757, Ineq Viol (l1): 0.000252, Epoch time: 2.80s

Running validation at epoch 160...

VALIDATION_EPOCH_160 EVALUATION RESULTS:
==================================================
Objective Value:     2.337436e+00
True Objective:      -2.413704e+00
Optimality Gap:      6.388860e+00 ± 2.465841e+00
Eq Violation l1:   1.886414e-04 (max: 6.247670e-02)
Ineq Violation l1: 1.918356e-05 (max: 5.928611e-03)
Solution Distance:   7.131401e+01 ± 2.144606e+00
Merit:             2.339514e+00 ± 1.389967e-01
Avg Inference Time:  0.1198s
==================================================
Epoch 162/300, Loss: 4.8374, Obj: 2.1614, Eq Viol (l1): 0.000669, Ineq Viol (l1): 0.000324, Epoch time: 2.82s
Epoch 163/300, Loss: 4.9884, Obj: 2.2296, Eq Viol (l1): 0.001251, Ineq Viol (l1): 0.000975, Epoch time: 2.80s
Epoch 164/300, Loss: 4.9440, Obj: 2.2369, Eq Viol (l1): 0.002882, Ineq Viol (l1): 0.000992, Epoch time: 2.80s
Epoch 165/300, Loss: 4.7158, Obj: 2.1003, Eq Viol (l1): 0.000515, Ineq Viol (l1): 0.000430, Epoch time: 2.82s
Epoch 166/300, Loss: 4.6139, Obj: 2.0791, Eq Viol (l1): 0.002823, Ineq Viol (l1): 0.001422, Epoch time: 2.88s
Epoch 167/300, Loss: 4.4052, Obj: 2.0262, Eq Viol (l1): 0.001821, Ineq Viol (l1): 0.001366, Epoch time: 2.76s
Epoch 168/300, Loss: 4.3350, Obj: 2.0142, Eq Viol (l1): 0.001746, Ineq Viol (l1): 0.001284, Epoch time: 2.76s
Epoch 169/300, Loss: 4.5994, Obj: 2.0677, Eq Viol (l1): 0.002667, Ineq Viol (l1): 0.002625, Epoch time: 2.75s
Epoch 170/300, Loss: 4.5655, Obj: 2.0949, Eq Viol (l1): 0.001226, Ineq Viol (l1): 0.001066, Epoch time: 2.77s
Epoch 171/300, Loss: 4.4198, Obj: 1.9729, Eq Viol (l1): 0.002800, Ineq Viol (l1): 0.001806, Epoch time: 2.77s

Running validation at epoch 170...

VALIDATION_EPOCH_170 EVALUATION RESULTS:
==================================================
Objective Value:     2.048824e+00
True Objective:      -2.413704e+00
Optimality Gap:      5.918105e+00 ± 2.405036e+00
Eq Violation l1:   3.409711e-04 (max: 1.473083e-01)
Ineq Violation l1: 7.238901e-05 (max: 3.224971e-02)
Solution Distance:   7.000647e+01 ± 1.820930e+00
Merit:             2.052958e+00 ± 1.082946e-01
Avg Inference Time:  0.1203s
==================================================
Epoch 172/300, Loss: 4.3186, Obj: 1.9675, Eq Viol (l1): 0.002571, Ineq Viol (l1): 0.001940, Epoch time: 2.82s
Epoch 173/300, Loss: 4.3655, Obj: 1.9661, Eq Viol (l1): 0.001388, Ineq Viol (l1): 0.000964, Epoch time: 2.81s
Epoch 174/300, Loss: 4.4801, Obj: 1.9724, Eq Viol (l1): 0.001776, Ineq Viol (l1): 0.001410, Epoch time: 2.77s
Epoch 175/300, Loss: 4.3089, Obj: 1.9337, Eq Viol (l1): 0.003342, Ineq Viol (l1): 0.002290, Epoch time: 2.77s
Epoch 176/300, Loss: 4.4116, Obj: 1.9635, Eq Viol (l1): 0.002446, Ineq Viol (l1): 0.001635, Epoch time: 2.79s
Epoch 177/300, Loss: 4.2138, Obj: 1.8968, Eq Viol (l1): 0.001788, Ineq Viol (l1): 0.001226, Epoch time: 2.87s
Epoch 178/300, Loss: 4.5548, Obj: 1.9988, Eq Viol (l1): 0.001897, Ineq Viol (l1): 0.000755, Epoch time: 2.82s
Epoch 179/300, Loss: 4.6067, Obj: 2.0792, Eq Viol (l1): 0.000777, Ineq Viol (l1): 0.000632, Epoch time: 2.87s
Epoch 180/300, Loss: 4.4033, Obj: 1.9136, Eq Viol (l1): 0.000654, Ineq Viol (l1): 0.000418, Epoch time: 2.81s
Epoch 181/300, Loss: 4.4460, Obj: 2.0358, Eq Viol (l1): 0.000115, Ineq Viol (l1): 0.000021, Epoch time: 2.81s

Running validation at epoch 180...

VALIDATION_EPOCH_180 EVALUATION RESULTS:
==================================================
Objective Value:     2.083612e+00
True Objective:      -2.413704e+00
Optimality Gap:      5.931310e+00 ± 2.448967e+00
Eq Violation l1:   6.160377e-05 (max: 2.516641e-02)
Ineq Violation l1: 1.681859e-06 (max: 6.995649e-04)
Solution Distance:   7.076102e+01 ± 2.208604e+00
Merit:             2.084245e+00 ± 1.403883e-01
Avg Inference Time:  0.1198s
==================================================
Epoch 182/300, Loss: 4.5745, Obj: 2.0422, Eq Viol (l1): 0.001076, Ineq Viol (l1): 0.000818, Epoch time: 2.82s
Epoch 183/300, Loss: 4.5942, Obj: 1.9170, Eq Viol (l1): 0.001515, Ineq Viol (l1): 0.000677, Epoch time: 2.81s
Epoch 184/300, Loss: 4.3268, Obj: 1.9431, Eq Viol (l1): 0.001365, Ineq Viol (l1): 0.000634, Epoch time: 2.80s
Epoch 185/300, Loss: 4.2212, Obj: 1.9138, Eq Viol (l1): 0.001410, Ineq Viol (l1): 0.000754, Epoch time: 2.78s
Epoch 186/300, Loss: 4.2655, Obj: 1.8260, Eq Viol (l1): 0.000503, Ineq Viol (l1): 0.000365, Epoch time: 2.85s
Epoch 187/300, Loss: 4.4348, Obj: 1.8212, Eq Viol (l1): 0.000802, Ineq Viol (l1): 0.000413, Epoch time: 2.82s
Epoch 188/300, Loss: 4.2210, Obj: 1.8782, Eq Viol (l1): 0.000714, Ineq Viol (l1): 0.000569, Epoch time: 2.78s
Epoch 189/300, Loss: 4.1218, Obj: 1.8756, Eq Viol (l1): 0.001535, Ineq Viol (l1): 0.001075, Epoch time: 2.80s
Epoch 190/300, Loss: 4.2858, Obj: 1.8656, Eq Viol (l1): 0.000938, Ineq Viol (l1): 0.001260, Epoch time: 2.82s
Epoch 191/300, Loss: 4.3764, Obj: 1.8836, Eq Viol (l1): 0.001371, Ineq Viol (l1): 0.000864, Epoch time: 2.86s

Running validation at epoch 190...

VALIDATION_EPOCH_190 EVALUATION RESULTS:
==================================================
Objective Value:     2.019123e+00
True Objective:      -2.413704e+00
Optimality Gap:      5.797834e+00 ± 2.387899e+00
Eq Violation l1:   1.569411e-05 (max: 5.281745e-03)
Ineq Violation l1: 1.866006e-07 (max: 8.467728e-05)
Solution Distance:   7.014727e+01 ± 2.069877e+00
Merit:             2.019281e+00 ± 1.185077e-01
Avg Inference Time:  0.1176s
==================================================
Epoch 192/300, Loss: 4.3664, Obj: 1.8824, Eq Viol (l1): 0.001266, Ineq Viol (l1): 0.001120, Epoch time: 2.82s
Epoch 193/300, Loss: 4.3796, Obj: 1.8425, Eq Viol (l1): 0.001849, Ineq Viol (l1): 0.001550, Epoch time: 2.82s
Epoch 194/300, Loss: 4.2832, Obj: 1.8214, Eq Viol (l1): 0.003134, Ineq Viol (l1): 0.002108, Epoch time: 2.78s
Epoch 195/300, Loss: 4.3466, Obj: 1.8515, Eq Viol (l1): 0.001541, Ineq Viol (l1): 0.000981, Epoch time: 2.78s
Epoch 196/300, Loss: 4.1687, Obj: 1.8337, Eq Viol (l1): 0.001010, Ineq Viol (l1): 0.000653, Epoch time: 2.80s
Epoch 197/300, Loss: 3.9890, Obj: 1.7780, Eq Viol (l1): 0.001439, Ineq Viol (l1): 0.001353, Epoch time: 2.76s
Epoch 198/300, Loss: 3.9281, Obj: 1.7330, Eq Viol (l1): 0.000868, Ineq Viol (l1): 0.000611, Epoch time: 2.78s
Epoch 199/300, Loss: 4.0574, Obj: 1.7986, Eq Viol (l1): 0.001124, Ineq Viol (l1): 0.000513, Epoch time: 2.79s
Epoch 200/300, Loss: 4.1166, Obj: 1.7135, Eq Viol (l1): 0.001752, Ineq Viol (l1): 0.001887, Epoch time: 2.87s
Epoch 201/300, Loss: 4.1413, Obj: 1.7852, Eq Viol (l1): 0.001693, Ineq Viol (l1): 0.001999, Epoch time: 2.78s

Running validation at epoch 200...

VALIDATION_EPOCH_200 EVALUATION RESULTS:
==================================================
Objective Value:     1.812566e+00
True Objective:      -2.413704e+00
Optimality Gap:      5.573467e+00 ± 2.279711e+00
Eq Violation l1:   2.046988e-05 (max: 5.826400e-03)
Ineq Violation l1: 2.172790e-07 (max: 4.973375e-05)
Solution Distance:   6.981562e+01 ± 2.057374e+00
Merit:             1.812773e+00 ± 1.454580e-01
Avg Inference Time:  0.1150s
==================================================
Epoch 202/300, Loss: 4.0249, Obj: 1.7232, Eq Viol (l1): 0.001507, Ineq Viol (l1): 0.001397, Epoch time: 2.78s
Epoch 203/300, Loss: 4.0580, Obj: 1.7076, Eq Viol (l1): 0.001535, Ineq Viol (l1): 0.001165, Epoch time: 2.88s
Epoch 204/300, Loss: 4.1083, Obj: 1.6670, Eq Viol (l1): 0.001112, Ineq Viol (l1): 0.001154, Epoch time: 2.80s
Epoch 205/300, Loss: 4.2234, Obj: 1.7058, Eq Viol (l1): 0.001248, Ineq Viol (l1): 0.001197, Epoch time: 2.77s
Epoch 206/300, Loss: 4.1298, Obj: 1.6829, Eq Viol (l1): 0.001752, Ineq Viol (l1): 0.002087, Epoch time: 2.75s
Epoch 207/300, Loss: 3.9603, Obj: 1.6886, Eq Viol (l1): 0.001969, Ineq Viol (l1): 0.001461, Epoch time: 2.85s
Epoch 208/300, Loss: 3.9790, Obj: 1.7676, Eq Viol (l1): 0.001905, Ineq Viol (l1): 0.001727, Epoch time: 2.80s
Epoch 209/300, Loss: 3.8334, Obj: 1.6656, Eq Viol (l1): 0.000972, Ineq Viol (l1): 0.000787, Epoch time: 2.74s
Epoch 210/300, Loss: 3.9119, Obj: 1.6278, Eq Viol (l1): 0.002341, Ineq Viol (l1): 0.001476, Epoch time: 2.79s
Epoch 211/300, Loss: 4.1635, Obj: 1.7242, Eq Viol (l1): 0.003097, Ineq Viol (l1): 0.001759, Epoch time: 2.75s

Running validation at epoch 210...

VALIDATION_EPOCH_210 EVALUATION RESULTS:
==================================================
Objective Value:     1.648687e+00
True Objective:      -2.413704e+00
Optimality Gap:      5.328230e+00 ± 2.217426e+00
Eq Violation l1:   4.642624e-05 (max: 1.513322e-02)
Ineq Violation l1: 3.718380e-06 (max: 1.568296e-03)
Solution Distance:   6.946214e+01 ± 2.266476e+00
Merit:             1.649188e+00 ± 1.133317e-01
Avg Inference Time:  0.1197s
==================================================
Epoch 212/300, Loss: 3.9806, Obj: 1.5553, Eq Viol (l1): 0.001444, Ineq Viol (l1): 0.001181, Epoch time: 2.75s
Epoch 213/300, Loss: 3.7793, Obj: 1.6182, Eq Viol (l1): 0.002949, Ineq Viol (l1): 0.001754, Epoch time: 2.76s
Epoch 214/300, Loss: 3.9345, Obj: 1.5727, Eq Viol (l1): 0.000951, Ineq Viol (l1): 0.000884, Epoch time: 2.78s
Epoch 215/300, Loss: 4.1896, Obj: 1.6660, Eq Viol (l1): 0.004459, Ineq Viol (l1): 0.004007, Epoch time: 2.76s
Epoch 216/300, Loss: 3.6980, Obj: 1.5278, Eq Viol (l1): 0.001195, Ineq Viol (l1): 0.000814, Epoch time: 2.76s
Epoch 217/300, Loss: 3.8616, Obj: 1.5772, Eq Viol (l1): 0.000751, Ineq Viol (l1): 0.000704, Epoch time: 2.77s
Epoch 218/300, Loss: 3.8682, Obj: 1.5706, Eq Viol (l1): 0.001450, Ineq Viol (l1): 0.001604, Epoch time: 2.80s
Epoch 219/300, Loss: 3.8799, Obj: 1.5274, Eq Viol (l1): 0.000491, Ineq Viol (l1): 0.000322, Epoch time: 2.88s
Epoch 220/300, Loss: 3.6162, Obj: 1.4771, Eq Viol (l1): 0.001003, Ineq Viol (l1): 0.000559, Epoch time: 2.78s
Epoch 221/300, Loss: 3.8232, Obj: 1.5009, Eq Viol (l1): 0.000481, Ineq Viol (l1): 0.000237, Epoch time: 2.79s

Running validation at epoch 220...

VALIDATION_EPOCH_220 EVALUATION RESULTS:
==================================================
Objective Value:     1.721530e+00
True Objective:      -2.413704e+00
Optimality Gap:      5.516050e+00 ± 2.345879e+00
Eq Violation l1:   5.309172e-05 (max: 2.116141e-02)
Ineq Violation l1: 7.199747e-08 (max: 1.237652e-05)
Solution Distance:   6.906366e+01 ± 2.310580e+00
Merit:             1.722062e+00 ± 1.010609e-01
Avg Inference Time:  0.1118s
==================================================
Epoch 222/300, Loss: 3.8223, Obj: 1.4656, Eq Viol (l1): 0.001083, Ineq Viol (l1): 0.001187, Epoch time: 2.78s
Epoch 223/300, Loss: 3.7386, Obj: 1.5064, Eq Viol (l1): 0.001279, Ineq Viol (l1): 0.000825, Epoch time: 2.82s
Epoch 224/300, Loss: 3.7960, Obj: 1.4869, Eq Viol (l1): 0.001556, Ineq Viol (l1): 0.002115, Epoch time: 2.79s
Epoch 225/300, Loss: 3.8149, Obj: 1.4631, Eq Viol (l1): 0.001631, Ineq Viol (l1): 0.000994, Epoch time: 2.77s
Epoch 226/300, Loss: 3.7042, Obj: 1.4685, Eq Viol (l1): 0.001639, Ineq Viol (l1): 0.001163, Epoch time: 2.79s
Epoch 227/300, Loss: 3.7496, Obj: 1.4374, Eq Viol (l1): 0.001412, Ineq Viol (l1): 0.001835, Epoch time: 2.83s
Epoch 228/300, Loss: 4.1950, Obj: 1.4876, Eq Viol (l1): 0.002484, Ineq Viol (l1): 0.002096, Epoch time: 2.83s
Epoch 229/300, Loss: 4.1766, Obj: 1.6152, Eq Viol (l1): 0.002933, Ineq Viol (l1): 0.001543, Epoch time: 2.85s
Epoch 230/300, Loss: 4.2150, Obj: 1.5899, Eq Viol (l1): 0.002806, Ineq Viol (l1): 0.001799, Epoch time: 2.90s
Epoch 231/300, Loss: 4.2682, Obj: 1.4770, Eq Viol (l1): 0.001836, Ineq Viol (l1): 0.000856, Epoch time: 2.87s

Running validation at epoch 230...

VALIDATION_EPOCH_230 EVALUATION RESULTS:
==================================================
Objective Value:     1.515804e+00
True Objective:      -2.413704e+00
Optimality Gap:      5.221293e+00 ± 2.250144e+00
Eq Violation l1:   7.635391e-05 (max: 3.467969e-02)
Ineq Violation l1: 9.016407e-06 (max: 4.391706e-03)
Solution Distance:   6.893890e+01 ± 2.158391e+00
Merit:             1.516658e+00 ± 8.687255e-02
Avg Inference Time:  0.1174s
==================================================
Epoch 232/300, Loss: 3.9574, Obj: 1.5365, Eq Viol (l1): 0.002665, Ineq Viol (l1): 0.001253, Epoch time: 2.85s
Epoch 233/300, Loss: 3.9554, Obj: 1.4573, Eq Viol (l1): 0.000254, Ineq Viol (l1): 0.000135, Epoch time: 2.98s
Epoch 234/300, Loss: 3.8660, Obj: 1.4027, Eq Viol (l1): 0.008260, Ineq Viol (l1): 0.003098, Epoch time: 2.85s
Epoch 235/300, Loss: 4.0935, Obj: 1.4651, Eq Viol (l1): 0.004870, Ineq Viol (l1): 0.001638, Epoch time: 2.84s
Epoch 236/300, Loss: 4.0332, Obj: 1.4649, Eq Viol (l1): 0.002076, Ineq Viol (l1): 0.000795, Epoch time: 2.82s
Epoch 237/300, Loss: 4.1224, Obj: 1.4582, Eq Viol (l1): 0.004895, Ineq Viol (l1): 0.001746, Epoch time: 2.84s
Epoch 238/300, Loss: 4.1516, Obj: 1.4999, Eq Viol (l1): 0.009474, Ineq Viol (l1): 0.003549, Epoch time: 2.84s
Epoch 239/300, Loss: 4.1504, Obj: 1.4634, Eq Viol (l1): 0.007010, Ineq Viol (l1): 0.003358, Epoch time: 2.85s
Epoch 240/300, Loss: 4.3127, Obj: 1.4139, Eq Viol (l1): 0.004582, Ineq Viol (l1): 0.002143, Epoch time: 2.88s
Epoch 241/300, Loss: 3.9966, Obj: 1.3987, Eq Viol (l1): 0.007135, Ineq Viol (l1): 0.003815, Epoch time: 2.82s

Running validation at epoch 240...

VALIDATION_EPOCH_240 EVALUATION RESULTS:
==================================================
Objective Value:     1.257294e+00
True Objective:      -2.413704e+00
Optimality Gap:      4.781104e+00 ± 2.137586e+00
Eq Violation l1:   5.535195e-04 (max: 2.683280e-01)
Ineq Violation l1: 7.309164e-05 (max: 3.594249e-02)
Solution Distance:   6.881940e+01 ± 2.332474e+00
Merit:             1.263560e+00 ± 9.048769e-02
Avg Inference Time:  0.1203s
==================================================
Epoch 242/300, Loss: 3.8772, Obj: 1.4008, Eq Viol (l1): 0.016681, Ineq Viol (l1): 0.006164, Epoch time: 2.86s
Epoch 243/300, Loss: 3.7506, Obj: 1.3412, Eq Viol (l1): 0.018798, Ineq Viol (l1): 0.006461, Epoch time: 2.84s
Epoch 244/300, Loss: 4.0435, Obj: 1.2676, Eq Viol (l1): 0.011448, Ineq Viol (l1): 0.003867, Epoch time: 2.83s
Epoch 245/300, Loss: 4.0090, Obj: 1.3815, Eq Viol (l1): 0.010581, Ineq Viol (l1): 0.004382, Epoch time: 2.87s
Epoch 246/300, Loss: 3.8307, Obj: 1.3117, Eq Viol (l1): 0.004629, Ineq Viol (l1): 0.002706, Epoch time: 2.82s
Epoch 247/300, Loss: 3.8113, Obj: 1.3037, Eq Viol (l1): 0.005020, Ineq Viol (l1): 0.001820, Epoch time: 2.85s
Epoch 248/300, Loss: 3.7892, Obj: 1.3273, Eq Viol (l1): 0.017507, Ineq Viol (l1): 0.004959, Epoch time: 2.82s
Epoch 249/300, Loss: 3.8985, Obj: 1.2801, Eq Viol (l1): 0.008472, Ineq Viol (l1): 0.004179, Epoch time: 2.93s
Epoch 250/300, Loss: 3.5185, Obj: 1.2093, Eq Viol (l1): 0.006980, Ineq Viol (l1): 0.002480, Epoch time: 2.85s
Epoch 251/300, Loss: 3.4309, Obj: 1.2230, Eq Viol (l1): 0.000036, Ineq Viol (l1): 0.000000, Epoch time: 2.80s

Running validation at epoch 250...

VALIDATION_EPOCH_250 EVALUATION RESULTS:
==================================================
Objective Value:     1.183359e+00
True Objective:      -2.413704e+00
Optimality Gap:      4.842888e+00 ± 2.253597e+00
Eq Violation l1:   1.316470e-05 (max: 2.814147e-03)
Ineq Violation l1: 2.489399e-07 (max: 9.020303e-05)
Solution Distance:   6.901805e+01 ± 2.193336e+00
Merit:             1.183493e+00 ± 1.176574e-01
Avg Inference Time:  0.1183s
==================================================
Epoch 252/300, Loss: 3.4224, Obj: 1.3269, Eq Viol (l1): 0.000038, Ineq Viol (l1): 0.000000, Epoch time: 2.75s
Epoch 253/300, Loss: 3.3988, Obj: 1.2049, Eq Viol (l1): 0.000123, Ineq Viol (l1): 0.000017, Epoch time: 2.81s
Epoch 254/300, Loss: 3.3653, Obj: 1.2357, Eq Viol (l1): 0.000035, Ineq Viol (l1): 0.000000, Epoch time: 2.80s
Epoch 255/300, Loss: 3.5238, Obj: 1.2169, Eq Viol (l1): 0.000038, Ineq Viol (l1): 0.000000, Epoch time: 2.76s
Epoch 256/300, Loss: 3.5637, Obj: 1.2641, Eq Viol (l1): 0.000044, Ineq Viol (l1): 0.000005, Epoch time: 2.83s
Epoch 257/300, Loss: 3.3942, Obj: 1.1952, Eq Viol (l1): 0.000044, Ineq Viol (l1): 0.000000, Epoch time: 2.73s
Epoch 258/300, Loss: 3.2412, Obj: 1.2413, Eq Viol (l1): 0.000039, Ineq Viol (l1): 0.000000, Epoch time: 2.73s
Epoch 259/300, Loss: 3.1104, Obj: 1.0935, Eq Viol (l1): 0.000047, Ineq Viol (l1): 0.000000, Epoch time: 2.72s
Epoch 260/300, Loss: 3.2921, Obj: 1.1976, Eq Viol (l1): 0.000040, Ineq Viol (l1): 0.000000, Epoch time: 2.75s
Epoch 261/300, Loss: 3.3058, Obj: 1.1256, Eq Viol (l1): 0.000033, Ineq Viol (l1): 0.000000, Epoch time: 2.83s

Running validation at epoch 260...

VALIDATION_EPOCH_260 EVALUATION RESULTS:
==================================================
Objective Value:     1.049041e+00
True Objective:      -2.413704e+00
Optimality Gap:      4.601467e+00 ± 2.192892e+00
Eq Violation l1:   5.085023e-05 (max: 1.988722e-02)
Ineq Violation l1: 4.020256e-06 (max: 1.727967e-03)
Solution Distance:   6.861673e+01 ± 2.205829e+00
Merit:             1.049590e+00 ± 9.465813e-02
Avg Inference Time:  0.1145s
==================================================
Epoch 262/300, Loss: 3.1695, Obj: 1.0958, Eq Viol (l1): 0.000039, Ineq Viol (l1): 0.000000, Epoch time: 2.75s
Epoch 263/300, Loss: 3.2105, Obj: 1.1373, Eq Viol (l1): 0.000039, Ineq Viol (l1): 0.000000, Epoch time: 2.75s
Epoch 264/300, Loss: 3.1571, Obj: 1.0748, Eq Viol (l1): 0.000033, Ineq Viol (l1): 0.000000, Epoch time: 2.78s
Epoch 265/300, Loss: 3.2900, Obj: 1.1237, Eq Viol (l1): 0.000044, Ineq Viol (l1): 0.000000, Epoch time: 2.82s
Epoch 266/300, Loss: 2.9466, Obj: 1.0273, Eq Viol (l1): 0.000043, Ineq Viol (l1): 0.000000, Epoch time: 2.73s
Epoch 267/300, Loss: 2.9977, Obj: 0.9588, Eq Viol (l1): 0.000043, Ineq Viol (l1): 0.000000, Epoch time: 2.72s
Epoch 268/300, Loss: 2.9409, Obj: 0.9929, Eq Viol (l1): 0.000033, Ineq Viol (l1): 0.000000, Epoch time: 2.82s
Epoch 269/300, Loss: 3.2658, Obj: 0.9614, Eq Viol (l1): 0.000040, Ineq Viol (l1): 0.000000, Epoch time: 2.79s
Epoch 270/300, Loss: 3.1062, Obj: 1.0287, Eq Viol (l1): 0.000047, Ineq Viol (l1): 0.000003, Epoch time: 2.77s
Epoch 271/300, Loss: 3.0715, Obj: 0.9556, Eq Viol (l1): 0.000062, Ineq Viol (l1): 0.000003, Epoch time: 2.77s

Running validation at epoch 270...

VALIDATION_EPOCH_270 EVALUATION RESULTS:
==================================================
Objective Value:     8.741347e-01
True Objective:      -2.413704e+00
Optimality Gap:      4.105810e+00 ± 1.926804e+00
Eq Violation l1:   2.826055e-04 (max: 1.303759e-01)
Ineq Violation l1: 3.308654e-05 (max: 1.573428e-02)
Solution Distance:   6.827911e+01 ± 2.027429e+00
Merit:             8.772917e-01 ± 7.354754e-02
Avg Inference Time:  0.1201s
==================================================
Epoch 272/300, Loss: 2.9930, Obj: 0.9660, Eq Viol (l1): 0.000045, Ineq Viol (l1): 0.000000, Epoch time: 2.76s
Epoch 273/300, Loss: 2.9920, Obj: 1.0080, Eq Viol (l1): 0.000027, Ineq Viol (l1): 0.000000, Epoch time: 2.78s
Epoch 274/300, Loss: 2.9739, Obj: 0.9668, Eq Viol (l1): 0.000047, Ineq Viol (l1): 0.000000, Epoch time: 2.71s
Epoch 275/300, Loss: 2.8235, Obj: 0.9307, Eq Viol (l1): 0.000042, Ineq Viol (l1): 0.000000, Epoch time: 2.72s
Epoch 276/300, Loss: 2.8066, Obj: 0.8592, Eq Viol (l1): 0.000046, Ineq Viol (l1): 0.000000, Epoch time: 2.72s
Epoch 277/300, Loss: 3.1202, Obj: 0.9408, Eq Viol (l1): 0.000044, Ineq Viol (l1): 0.000000, Epoch time: 2.75s
Epoch 278/300, Loss: 2.8864, Obj: 0.9117, Eq Viol (l1): 0.000043, Ineq Viol (l1): 0.000000, Epoch time: 2.73s
Epoch 279/300, Loss: 2.6461, Obj: 0.8011, Eq Viol (l1): 0.000045, Ineq Viol (l1): 0.000000, Epoch time: 2.72s
Epoch 280/300, Loss: 2.7886, Obj: 0.8977, Eq Viol (l1): 0.000042, Ineq Viol (l1): 0.000000, Epoch time: 2.75s
Epoch 281/300, Loss: 2.8581, Obj: 0.8097, Eq Viol (l1): 0.000044, Ineq Viol (l1): 0.000000, Epoch time: 2.73s

Running validation at epoch 280...

VALIDATION_EPOCH_280 EVALUATION RESULTS:
==================================================
Objective Value:     7.357387e-01
True Objective:      -2.413704e+00
Optimality Gap:      3.966679e+00 ± 2.047865e+00
Eq Violation l1:   5.926703e-04 (max: 2.779644e-01)
Ineq Violation l1: 7.621465e-05 (max: 3.708740e-02)
Solution Distance:   6.816022e+01 ± 2.256544e+00
Merit:             7.424275e-01 ± 9.749568e-02
Avg Inference Time:  0.1204s
==================================================
Epoch 282/300, Loss: 2.7217, Obj: 0.7716, Eq Viol (l1): 0.000035, Ineq Viol (l1): 0.000000, Epoch time: 2.76s
Epoch 283/300, Loss: 2.7471, Obj: 0.7716, Eq Viol (l1): 0.000045, Ineq Viol (l1): 0.000000, Epoch time: 2.76s
Epoch 284/300, Loss: 2.8673, Obj: 0.8061, Eq Viol (l1): 0.000035, Ineq Viol (l1): 0.000000, Epoch time: 2.81s
Epoch 285/300, Loss: 2.7708, Obj: 0.8278, Eq Viol (l1): 0.000039, Ineq Viol (l1): 0.000000, Epoch time: 2.75s
Epoch 286/300, Loss: 2.6696, Obj: 0.7149, Eq Viol (l1): 0.000040, Ineq Viol (l1): 0.000000, Epoch time: 2.74s
Epoch 287/300, Loss: 2.6594, Obj: 0.6536, Eq Viol (l1): 0.000032, Ineq Viol (l1): 0.000000, Epoch time: 2.81s
Epoch 288/300, Loss: 2.5458, Obj: 0.7087, Eq Viol (l1): 0.000042, Ineq Viol (l1): 0.000000, Epoch time: 2.73s
Epoch 289/300, Loss: 2.7930, Obj: 0.6847, Eq Viol (l1): 0.000047, Ineq Viol (l1): 0.000001, Epoch time: 2.74s
Epoch 290/300, Loss: 2.8231, Obj: 0.6687, Eq Viol (l1): 0.000036, Ineq Viol (l1): 0.000000, Epoch time: 2.81s
Epoch 291/300, Loss: 2.8794, Obj: 0.6807, Eq Viol (l1): 0.000036, Ineq Viol (l1): 0.000000, Epoch time: 2.77s

Running validation at epoch 290...

VALIDATION_EPOCH_290 EVALUATION RESULTS:
==================================================
Objective Value:     6.386046e-01
True Objective:      -2.413704e+00
Optimality Gap:      3.695575e+00 ± 1.732320e+00
Eq Violation l1:   4.486347e-04 (max: 2.165228e-01)
Ineq Violation l1: 9.345283e-05 (max: 4.559454e-02)
Solution Distance:   6.812846e+01 ± 2.503020e+00
Merit:             6.440255e-01 ± 8.976853e-02
Avg Inference Time:  0.1200s
==================================================
Epoch 292/300, Loss: 2.8214, Obj: 0.6876, Eq Viol (l1): 0.000037, Ineq Viol (l1): 0.000000, Epoch time: 2.77s
Epoch 293/300, Loss: 2.8858, Obj: 0.7127, Eq Viol (l1): 0.000039, Ineq Viol (l1): 0.000002, Epoch time: 2.83s
Epoch 294/300, Loss: 2.8090, Obj: 0.6595, Eq Viol (l1): 0.000051, Ineq Viol (l1): 0.000002, Epoch time: 2.81s
Epoch 295/300, Loss: 2.5953, Obj: 0.5352, Eq Viol (l1): 0.000063, Ineq Viol (l1): 0.000004, Epoch time: 2.78s
Epoch 296/300, Loss: 2.7257, Obj: 0.5740, Eq Viol (l1): 0.000067, Ineq Viol (l1): 0.000007, Epoch time: 2.79s
Epoch 297/300, Loss: 2.5620, Obj: 0.5463, Eq Viol (l1): 0.000044, Ineq Viol (l1): 0.000000, Epoch time: 2.71s
Epoch 298/300, Loss: 2.3649, Obj: 0.5100, Eq Viol (l1): 0.000042, Ineq Viol (l1): 0.000000, Epoch time: 2.72s
Epoch 299/300, Loss: 2.3560, Obj: 0.4543, Eq Viol (l1): 0.000043, Ineq Viol (l1): 0.000000, Epoch time: 2.83s
Epoch 300/300, Loss: 2.2558, Obj: 0.4218, Eq Viol (l1): 0.000046, Ineq Viol (l1): 0.000000, Epoch time: 2.71s

Training completed in 850.22 seconds.

============================================================
COMPREHENSIVE TEST EVALUATION WITH DETAILED RESULTS
============================================================
Testing with batch sizes: [256, 512]

Evaluating with batch size: 256 (with detailed results)

TEST_BS256 EVALUATION RESULTS:
==================================================
Objective Value:     2.390628e-01
True Objective:      -2.409220e+00
Optimality Gap:      1.234423e+00 ± 5.238263e+00
Eq Violation l1:   3.655097e-05 (max: 7.667677e-03)
Ineq Violation l1: 2.890662e-06 (max: 7.160451e-04)
Solution Distance:   7.081131e+01 ± 1.526227e+00
Merit:             2.394572e-01 ± 1.405239e-01
Avg Inference Time:  0.1005s
==================================================

Evaluating with batch size: 512 (with detailed results)

TEST_BS512 EVALUATION RESULTS:
==================================================
Objective Value:     2.362756e-01
True Objective:      -2.408634e+00
Optimality Gap:      1.135053e+00 ± 3.647386e+00
Eq Violation l1:   3.816692e-05 (max: 1.560666e-02)
Ineq Violation l1: 3.091765e-06 (max: 1.527019e-03)
Solution Distance:   7.080812e+01 ± 1.250713e+00
Merit:             2.366882e-01 ± 7.548754e-02
Avg Inference Time:  0.1131s
==================================================

TEST BATCH SIZE COMPARISON:
================================================================================
Batch Size   Objective    Opt Gap      Eq Viol      Ineq Viol    Time (s)  
--------------------------------------------------------------------------------
256          2.3906e-01   1.2344e+00   3.6551e-05   2.8907e-06   0.80      
512          2.3628e-01   1.1351e+00   3.8167e-05   3.0918e-06   0.45      
================================================================================

Saving model and results to: results/nonsmooth_nonconvex/socp/SOCPProblem-100-50-50-10000/20260108-004411_MLP_FSNet_seed3_nepochs300_lr0.0002_trainsize7000_finetune_20260106-202959_model_400
✓ Model saved: results/nonsmooth_nonconvex/socp/SOCPProblem-100-50-50-10000/20260108-004411_MLP_FSNet_seed3_nepochs300_lr0.0002_trainsize7000_finetune_20260106-202959_model_400/model.pt
✓ Detailed results saved: results/nonsmooth_nonconvex/socp/SOCPProblem-100-50-50-10000/20260108-004411_MLP_FSNet_seed3_nepochs300_lr0.0002_trainsize7000_finetune_20260106-202959_model_400/results.pkl

Files saved (or attempted):
  - model.pt (model weights and architecture)
  - results.pkl (training history, metrics, detailed test results)
Training and testing completed in 853.35 seconds
Done!!!
============================================================
==========         =====================         ===========
==========   3      =====================         ===========
==========         =====================         ===========
============================================================

======= Running for problem: nonsmooth_nonconvex/socp =======

Loading problem instance: nonsmooth_nonconvex/socp with size [100, 50, 50, 10000]
Loading  dataset from: datasets/nonsmooth_nonconvex/socp/random2025_socp_dataset_var100_ineq50_eq50_ex10000 

Running on:  cuda
Training model using FSNet method with seed 3 for 300 epochs
Using batch size: 512
Loading model from checkpoint: results/nonsmooth_nonconvex/socp/SOCPProblem-100-50-50-10000/20260107-043823_MLP_sup_seed1_nepochs500_lr0.0005_trainsize7000/model_70.pt

lr: 0.0002, weight_decay: 0.001, num_epochs: 300

Epoch 1/300, Loss: 45.0294, Obj: 0.1673, Eq Viol (l1): 0.007738, Ineq Viol (l1): 0.001572, Epoch time: 8.19s

Running validation at epoch 0...

VALIDATION_EPOCH_0 EVALUATION RESULTS:
==================================================
Objective Value:     3.167229e-01
True Objective:      -2.413704e+00
Optimality Gap:      3.672922e+00 ± 2.744204e+00
Eq Violation l1:   1.468865e-02 (max: 2.887845e+00)
Ineq Violation l1: 3.403251e-03 (max: 8.741810e-01)
Solution Distance:   6.895478e+01 ± 2.275422e+00
Merit:             4.976419e-01 ± 8.202517e-02
Avg Inference Time:  0.6587s
==================================================
Epoch 2/300, Loss: 45.1193, Obj: 0.1578, Eq Viol (l1): 0.009766, Ineq Viol (l1): 0.001907, Epoch time: 3.41s
Epoch 3/300, Loss: 45.8193, Obj: 0.1433, Eq Viol (l1): 0.009297, Ineq Viol (l1): 0.001935, Epoch time: 3.38s
Epoch 4/300, Loss: 45.0936, Obj: 0.1040, Eq Viol (l1): 0.008832, Ineq Viol (l1): 0.001664, Epoch time: 3.38s
Epoch 5/300, Loss: 42.8225, Obj: 0.1316, Eq Viol (l1): 0.008424, Ineq Viol (l1): 0.001692, Epoch time: 3.39s
Epoch 6/300, Loss: 44.8450, Obj: 0.1437, Eq Viol (l1): 0.007775, Ineq Viol (l1): 0.001495, Epoch time: 3.39s
Epoch 7/300, Loss: 44.6205, Obj: 0.2484, Eq Viol (l1): 0.008465, Ineq Viol (l1): 0.001690, Epoch time: 3.39s
Epoch 8/300, Loss: 45.9797, Obj: 0.4195, Eq Viol (l1): 0.008650, Ineq Viol (l1): 0.001723, Epoch time: 3.38s
Epoch 9/300, Loss: 48.2430, Obj: 0.6587, Eq Viol (l1): 0.006174, Ineq Viol (l1): 0.001146, Epoch time: 3.38s
Epoch 10/300, Loss: 49.6162, Obj: 1.0416, Eq Viol (l1): 0.003840, Ineq Viol (l1): 0.000729, Epoch time: 3.39s
Epoch 11/300, Loss: 54.0592, Obj: 1.3707, Eq Viol (l1): 0.003235, Ineq Viol (l1): 0.000617, Epoch time: 3.39s

Running validation at epoch 10...

VALIDATION_EPOCH_10 EVALUATION RESULTS:
==================================================
Objective Value:     1.408329e+00
True Objective:      -2.413704e+00
Optimality Gap:      5.711534e+00 ± 2.902637e+00
Eq Violation l1:   8.354630e-03 (max: 2.648569e+00)
Ineq Violation l1: 2.092495e-03 (max: 6.724091e-01)
Solution Distance:   7.529048e+01 ± 3.985193e+00
Merit:             1.512800e+00 ± 1.575972e-01
Avg Inference Time:  0.1204s
==================================================
Epoch 12/300, Loss: 64.0717, Obj: 1.6661, Eq Viol (l1): 0.005635, Ineq Viol (l1): 0.001030, Epoch time: 3.38s
Epoch 13/300, Loss: 75.6057, Obj: 1.9195, Eq Viol (l1): 0.008531, Ineq Viol (l1): 0.001620, Epoch time: 3.39s
Epoch 14/300, Loss: 86.8753, Obj: 2.3192, Eq Viol (l1): 0.008497, Ineq Viol (l1): 0.001696, Epoch time: 3.39s
Epoch 15/300, Loss: 82.4096, Obj: 2.8854, Eq Viol (l1): 0.005473, Ineq Viol (l1): 0.001071, Epoch time: 3.39s
Epoch 16/300, Loss: 85.6639, Obj: 3.3110, Eq Viol (l1): 0.008150, Ineq Viol (l1): 0.001585, Epoch time: 3.38s
Epoch 17/300, Loss: 91.9635, Obj: 3.7875, Eq Viol (l1): 0.008018, Ineq Viol (l1): 0.001435, Epoch time: 3.38s
Epoch 18/300, Loss: 103.4633, Obj: 4.3647, Eq Viol (l1): 0.006939, Ineq Viol (l1): 0.001331, Epoch time: 3.39s
Epoch 19/300, Loss: 114.5050, Obj: 4.4788, Eq Viol (l1): 0.010124, Ineq Viol (l1): 0.001853, Epoch time: 3.38s
Epoch 20/300, Loss: 121.5528, Obj: 4.4640, Eq Viol (l1): 0.007004, Ineq Viol (l1): 0.001261, Epoch time: 3.38s
Epoch 21/300, Loss: 128.3512, Obj: 4.4803, Eq Viol (l1): 0.012123, Ineq Viol (l1): 0.002343, Epoch time: 3.38s

Running validation at epoch 20...

VALIDATION_EPOCH_20 EVALUATION RESULTS:
==================================================
Objective Value:     4.476047e+00
True Objective:      -2.413704e+00
Optimality Gap:      1.131747e+01 ± 5.081471e+00
Eq Violation l1:   1.006102e-02 (max: 1.084009e+00)
Ineq Violation l1: 1.732538e-03 (max: 2.579389e-01)
Solution Distance:   9.455067e+01 ± 4.562330e+00
Merit:             4.593983e+00 ± 7.654379e-02
Avg Inference Time:  0.1201s
==================================================
Epoch 22/300, Loss: 138.2689, Obj: 4.8113, Eq Viol (l1): 0.016676, Ineq Viol (l1): 0.003613, Epoch time: 3.38s
Epoch 23/300, Loss: 3552.0762, Obj: 5.2551, Eq Viol (l1): 0.018582, Ineq Viol (l1): 0.004197, Epoch time: 3.38s
Epoch 24/300, Loss: 137.6026, Obj: 4.5855, Eq Viol (l1): 0.012461, Ineq Viol (l1): 0.002657, Epoch time: 3.39s
Epoch 25/300, Loss: 126.7698, Obj: 4.3067, Eq Viol (l1): 0.009188, Ineq Viol (l1): 0.001827, Epoch time: 3.38s
Epoch 26/300, Loss: 145.9429, Obj: 4.6985, Eq Viol (l1): 0.011380, Ineq Viol (l1): 0.002361, Epoch time: 3.38s
Epoch 27/300, Loss: 128.3639, Obj: 4.6167, Eq Viol (l1): 0.007881, Ineq Viol (l1): 0.001616, Epoch time: 3.38s
Epoch 28/300, Loss: 104.9611, Obj: 5.1907, Eq Viol (l1): 0.001605, Ineq Viol (l1): 0.000245, Epoch time: 3.38s
Epoch 29/300, Loss: 106.9067, Obj: 5.4805, Eq Viol (l1): 0.000244, Ineq Viol (l1): 0.000038, Epoch time: 3.36s
Epoch 30/300, Loss: 55.8989, Obj: 3.7976, Eq Viol (l1): 0.000693, Ineq Viol (l1): 0.000181, Epoch time: 3.34s
Epoch 31/300, Loss: 23.3460, Obj: 4.5019, Eq Viol (l1): 0.000020, Ineq Viol (l1): 0.000000, Epoch time: 3.03s

Running validation at epoch 30...

VALIDATION_EPOCH_30 EVALUATION RESULTS:
==================================================
Objective Value:     2.564515e+00
True Objective:      -2.413704e+00
Optimality Gap:      6.229568e+00 ± 2.266169e+00
Eq Violation l1:   1.656894e-05 (max: 3.092705e-03)
Ineq Violation l1: 1.274018e-07 (max: 4.613267e-05)
Solution Distance:   8.615103e+01 ± 1.815669e+00
Merit:             2.564682e+00 ± 7.065785e-02
Avg Inference Time:  0.0921s
==================================================
Epoch 32/300, Loss: 7.3380, Obj: 0.9947, Eq Viol (l1): 0.000038, Ineq Viol (l1): 0.000000, Epoch time: 2.81s
Epoch 33/300, Loss: 1.9319, Obj: -1.1150, Eq Viol (l1): 0.000075, Ineq Viol (l1): 0.000000, Epoch time: 2.66s
Epoch 34/300, Loss: 0.4782, Obj: -1.8654, Eq Viol (l1): 0.000085, Ineq Viol (l1): 0.000000, Epoch time: 2.60s
Epoch 35/300, Loss: -0.4623, Obj: -2.2039, Eq Viol (l1): 0.000085, Ineq Viol (l1): 0.000000, Epoch time: 2.70s
Epoch 36/300, Loss: -0.8003, Obj: -2.3484, Eq Viol (l1): 0.000091, Ineq Viol (l1): 0.000000, Epoch time: 2.59s
Epoch 37/300, Loss: -0.9390, Obj: -2.4239, Eq Viol (l1): 0.000087, Ineq Viol (l1): 0.000000, Epoch time: 2.58s
Epoch 38/300, Loss: -1.1536, Obj: -2.5562, Eq Viol (l1): 0.000089, Ineq Viol (l1): 0.000000, Epoch time: 2.59s
Epoch 39/300, Loss: -1.2254, Obj: -2.4869, Eq Viol (l1): 0.000079, Ineq Viol (l1): 0.000000, Epoch time: 2.58s
Epoch 40/300, Loss: -1.4284, Obj: -2.6085, Eq Viol (l1): 0.000090, Ineq Viol (l1): 0.000000, Epoch time: 2.57s
Epoch 41/300, Loss: -1.5516, Obj: -2.6471, Eq Viol (l1): 0.000092, Ineq Viol (l1): 0.000000, Epoch time: 2.57s

Running validation at epoch 40...

VALIDATION_EPOCH_40 EVALUATION RESULTS:
==================================================
Objective Value:     -2.889383e+00
True Objective:      -2.413704e+00
Optimality Gap:      -4.185637e+00 ± 1.908405e+00
Eq Violation l1:   9.166299e-05 (max: 5.821683e-04)
Ineq Violation l1: 3.079787e-07 (max: 1.596675e-05)
Solution Distance:   7.780707e+01 ± 8.431302e-01
Merit:             -2.888464e+00 ± 1.618496e-02
Avg Inference Time:  0.0712s
==================================================
Epoch 42/300, Loss: -1.6115, Obj: -2.6781, Eq Viol (l1): 0.000093, Ineq Viol (l1): 0.000000, Epoch time: 2.56s
Epoch 43/300, Loss: -1.7325, Obj: -2.7422, Eq Viol (l1): 0.000092, Ineq Viol (l1): 0.000000, Epoch time: 2.57s
Epoch 44/300, Loss: -1.6911, Obj: -2.7279, Eq Viol (l1): 0.000083, Ineq Viol (l1): 0.000000, Epoch time: 2.58s
Epoch 45/300, Loss: -1.7703, Obj: -2.7362, Eq Viol (l1): 0.000090, Ineq Viol (l1): 0.000000, Epoch time: 2.57s
Epoch 46/300, Loss: -1.8830, Obj: -2.8096, Eq Viol (l1): 0.000083, Ineq Viol (l1): 0.000000, Epoch time: 2.57s
Epoch 47/300, Loss: -1.8882, Obj: -2.7812, Eq Viol (l1): 0.000090, Ineq Viol (l1): 0.000000, Epoch time: 2.57s
Epoch 48/300, Loss: -1.8968, Obj: -2.8062, Eq Viol (l1): 0.000095, Ineq Viol (l1): 0.000000, Epoch time: 2.56s
Epoch 49/300, Loss: -1.8218, Obj: -2.8309, Eq Viol (l1): 0.000086, Ineq Viol (l1): 0.000000, Epoch time: 2.58s
Epoch 50/300, Loss: -1.8553, Obj: -2.8109, Eq Viol (l1): 0.000085, Ineq Viol (l1): 0.000000, Epoch time: 2.56s
Epoch 51/300, Loss: -1.9871, Obj: -2.8680, Eq Viol (l1): 0.000090, Ineq Viol (l1): 0.000000, Epoch time: 2.57s

Running validation at epoch 50...

VALIDATION_EPOCH_50 EVALUATION RESULTS:
==================================================
Objective Value:     -3.088225e+00
True Objective:      -2.413704e+00
Optimality Gap:      -4.522052e+00 ± 2.006290e+00
Eq Violation l1:   1.048431e-04 (max: 1.264867e-03)
Ineq Violation l1: 3.685918e-07 (max: 2.178813e-05)
Solution Distance:   7.770378e+01 ± 7.350606e-01
Merit:             -3.087173e+00 ± 1.190705e-02
Avg Inference Time:  0.0684s
==================================================
Epoch 52/300, Loss: -2.0489, Obj: -2.8824, Eq Viol (l1): 0.000088, Ineq Viol (l1): 0.000000, Epoch time: 2.57s
Epoch 53/300, Loss: -2.0739, Obj: -2.8917, Eq Viol (l1): 0.000088, Ineq Viol (l1): 0.000000, Epoch time: 2.56s
Epoch 54/300, Loss: -2.1526, Obj: -2.9067, Eq Viol (l1): 0.000093, Ineq Viol (l1): 0.000000, Epoch time: 2.56s
Epoch 55/300, Loss: -2.1172, Obj: -2.8689, Eq Viol (l1): 0.000093, Ineq Viol (l1): 0.000000, Epoch time: 2.56s
Epoch 56/300, Loss: -1.9148, Obj: -2.8488, Eq Viol (l1): 0.000092, Ineq Viol (l1): 0.000000, Epoch time: 2.57s
Epoch 57/300, Loss: -1.9858, Obj: -2.8499, Eq Viol (l1): 0.000082, Ineq Viol (l1): 0.000000, Epoch time: 2.57s
Epoch 58/300, Loss: -2.1445, Obj: -2.9377, Eq Viol (l1): 0.000090, Ineq Viol (l1): 0.000000, Epoch time: 2.57s
Epoch 59/300, Loss: -2.2335, Obj: -2.9346, Eq Viol (l1): 0.000088, Ineq Viol (l1): 0.000000, Epoch time: 2.56s
Epoch 60/300, Loss: -2.1197, Obj: -2.8914, Eq Viol (l1): 0.000088, Ineq Viol (l1): 0.000000, Epoch time: 2.56s
Epoch 61/300, Loss: -2.1740, Obj: -2.9491, Eq Viol (l1): 0.000096, Ineq Viol (l1): 0.000000, Epoch time: 2.55s

Running validation at epoch 60...

VALIDATION_EPOCH_60 EVALUATION RESULTS:
==================================================
Objective Value:     -3.091309e+00
True Objective:      -2.413704e+00
Optimality Gap:      -4.557942e+00 ± 2.024574e+00
Eq Violation l1:   1.083452e-04 (max: 1.026142e-03)
Ineq Violation l1: 3.338636e-07 (max: 2.919370e-05)
Solution Distance:   7.830922e+01 ± 7.023513e-01
Merit:             -3.090222e+00 ± 6.105814e-03
Avg Inference Time:  0.0686s
==================================================
Epoch 62/300, Loss: -2.2421, Obj: -2.9534, Eq Viol (l1): 0.000083, Ineq Viol (l1): 0.000000, Epoch time: 2.57s
Epoch 63/300, Loss: -2.1681, Obj: -2.9651, Eq Viol (l1): 0.000094, Ineq Viol (l1): 0.000000, Epoch time: 2.57s
Epoch 64/300, Loss: -2.1002, Obj: -2.9156, Eq Viol (l1): 0.000089, Ineq Viol (l1): 0.000000, Epoch time: 2.56s
Epoch 65/300, Loss: -2.2190, Obj: -2.9160, Eq Viol (l1): 0.000086, Ineq Viol (l1): 0.000000, Epoch time: 2.56s
Epoch 66/300, Loss: -2.3258, Obj: -2.9654, Eq Viol (l1): 0.000082, Ineq Viol (l1): 0.000000, Epoch time: 2.56s
Epoch 67/300, Loss: -2.3098, Obj: -2.9952, Eq Viol (l1): 0.000089, Ineq Viol (l1): 0.000000, Epoch time: 2.57s
Epoch 68/300, Loss: -2.2929, Obj: -2.9430, Eq Viol (l1): 0.000090, Ineq Viol (l1): 0.000000, Epoch time: 2.66s
Epoch 69/300, Loss: -2.3041, Obj: -2.9891, Eq Viol (l1): 0.000090, Ineq Viol (l1): 0.000000, Epoch time: 2.57s
Epoch 70/300, Loss: -2.3341, Obj: -2.9798, Eq Viol (l1): 0.000083, Ineq Viol (l1): 0.000000, Epoch time: 2.57s
Epoch 71/300, Loss: -2.3151, Obj: -2.9762, Eq Viol (l1): 0.000085, Ineq Viol (l1): 0.000000, Epoch time: 2.56s

Running validation at epoch 70...

VALIDATION_EPOCH_70 EVALUATION RESULTS:
==================================================
Objective Value:     -3.150997e+00
True Objective:      -2.413704e+00
Optimality Gap:      -4.609074e+00 ± 1.981161e+00
Eq Violation l1:   7.580214e-05 (max: 1.110298e-03)
Ineq Violation l1: 2.958603e-07 (max: 1.696253e-05)
Solution Distance:   7.783572e+01 ± 6.852310e-01
Merit:             -3.150236e+00 ± 1.018075e-02
Avg Inference Time:  0.0685s
==================================================
Epoch 72/300, Loss: -2.4028, Obj: -3.0237, Eq Viol (l1): 0.000090, Ineq Viol (l1): 0.000000, Epoch time: 2.56s
Epoch 73/300, Loss: -2.3748, Obj: -2.9973, Eq Viol (l1): 0.000088, Ineq Viol (l1): 0.000000, Epoch time: 2.56s
Epoch 74/300, Loss: -2.3539, Obj: -3.0048, Eq Viol (l1): 0.000093, Ineq Viol (l1): 0.000000, Epoch time: 2.55s
Epoch 75/300, Loss: -2.3582, Obj: -2.9960, Eq Viol (l1): 0.000092, Ineq Viol (l1): 0.000000, Epoch time: 2.55s
Epoch 76/300, Loss: -2.2508, Obj: -2.9697, Eq Viol (l1): 0.000081, Ineq Viol (l1): 0.000000, Epoch time: 2.57s
Epoch 77/300, Loss: -2.3427, Obj: -3.0050, Eq Viol (l1): 0.000089, Ineq Viol (l1): 0.000000, Epoch time: 2.57s
Epoch 78/300, Loss: -2.2434, Obj: -2.9531, Eq Viol (l1): 0.000081, Ineq Viol (l1): 0.000000, Epoch time: 2.57s
Epoch 79/300, Loss: -1.9990, Obj: -2.9114, Eq Viol (l1): 0.000092, Ineq Viol (l1): 0.000000, Epoch time: 2.55s
Epoch 80/300, Loss: -2.2741, Obj: -2.9416, Eq Viol (l1): 0.000083, Ineq Viol (l1): 0.000000, Epoch time: 2.54s
Epoch 81/300, Loss: -2.3082, Obj: -2.9825, Eq Viol (l1): 0.000096, Ineq Viol (l1): 0.000000, Epoch time: 2.53s

Running validation at epoch 80...

VALIDATION_EPOCH_80 EVALUATION RESULTS:
==================================================
Objective Value:     -3.197832e+00
True Objective:      -2.413704e+00
Optimality Gap:      -4.720793e+00 ± 2.063467e+00
Eq Violation l1:   9.415696e-05 (max: 1.162966e-03)
Ineq Violation l1: 3.944975e-07 (max: 2.300330e-05)
Solution Distance:   7.758656e+01 ± 6.782869e-01
Merit:             -3.196887e+00 ± 5.972006e-03
Avg Inference Time:  0.0699s
==================================================
Epoch 82/300, Loss: -2.3291, Obj: -2.9891, Eq Viol (l1): 0.000087, Ineq Viol (l1): 0.000000, Epoch time: 2.55s
Epoch 83/300, Loss: -2.4182, Obj: -3.0092, Eq Viol (l1): 0.000084, Ineq Viol (l1): 0.000000, Epoch time: 2.56s
Epoch 84/300, Loss: -2.3887, Obj: -3.0059, Eq Viol (l1): 0.000090, Ineq Viol (l1): 0.000000, Epoch time: 2.55s
Epoch 85/300, Loss: -2.4369, Obj: -3.0349, Eq Viol (l1): 0.000096, Ineq Viol (l1): 0.000000, Epoch time: 2.56s
Epoch 86/300, Loss: -2.4211, Obj: -3.0269, Eq Viol (l1): 0.000090, Ineq Viol (l1): 0.000000, Epoch time: 2.55s
Epoch 87/300, Loss: -2.4359, Obj: -3.0088, Eq Viol (l1): 0.000094, Ineq Viol (l1): 0.000000, Epoch time: 2.53s
Epoch 88/300, Loss: -2.4410, Obj: -3.0218, Eq Viol (l1): 0.000086, Ineq Viol (l1): 0.000000, Epoch time: 2.55s
Epoch 89/300, Loss: -2.4622, Obj: -3.0463, Eq Viol (l1): 0.000087, Ineq Viol (l1): 0.000000, Epoch time: 2.57s
Epoch 90/300, Loss: -2.4169, Obj: -2.9895, Eq Viol (l1): 0.000091, Ineq Viol (l1): 0.000000, Epoch time: 2.53s
Epoch 91/300, Loss: -2.3397, Obj: -2.9989, Eq Viol (l1): 0.000090, Ineq Viol (l1): 0.000000, Epoch time: 2.56s

Running validation at epoch 90...

VALIDATION_EPOCH_90 EVALUATION RESULTS:
==================================================
Objective Value:     -3.152127e+00
True Objective:      -2.413704e+00
Optimality Gap:      -4.631971e+00 ± 2.023842e+00
Eq Violation l1:   9.906927e-05 (max: 1.252214e-03)
Ineq Violation l1: 3.493697e-07 (max: 3.797043e-05)
Solution Distance:   7.787010e+01 ± 6.897856e-01
Merit:             -3.151133e+00 ± 1.306668e-02
Avg Inference Time:  0.0684s
==================================================
Epoch 92/300, Loss: -2.3775, Obj: -2.9915, Eq Viol (l1): 0.000082, Ineq Viol (l1): 0.000000, Epoch time: 2.57s
Epoch 93/300, Loss: -2.4975, Obj: -3.0305, Eq Viol (l1): 0.000086, Ineq Viol (l1): 0.000000, Epoch time: 2.55s
Epoch 94/300, Loss: -2.4890, Obj: -3.0643, Eq Viol (l1): 0.000093, Ineq Viol (l1): 0.000000, Epoch time: 2.55s
Epoch 95/300, Loss: -2.5084, Obj: -3.0589, Eq Viol (l1): 0.000087, Ineq Viol (l1): 0.000000, Epoch time: 2.56s
Epoch 96/300, Loss: -2.4329, Obj: -3.0317, Eq Viol (l1): 0.000097, Ineq Viol (l1): 0.000000, Epoch time: 2.56s
Epoch 97/300, Loss: -2.4160, Obj: -3.0290, Eq Viol (l1): 0.000089, Ineq Viol (l1): 0.000000, Epoch time: 2.55s
Epoch 98/300, Loss: -2.4915, Obj: -3.0578, Eq Viol (l1): 0.000090, Ineq Viol (l1): 0.000000, Epoch time: 2.56s
Epoch 99/300, Loss: -2.5018, Obj: -3.0286, Eq Viol (l1): 0.000087, Ineq Viol (l1): 0.000000, Epoch time: 2.54s
Epoch 100/300, Loss: -2.5239, Obj: -3.0583, Eq Viol (l1): 0.000087, Ineq Viol (l1): 0.000000, Epoch time: 2.56s
Epoch 101/300, Loss: -2.5018, Obj: -3.0428, Eq Viol (l1): 0.000089, Ineq Viol (l1): 0.000000, Epoch time: 2.63s

Running validation at epoch 100...

VALIDATION_EPOCH_100 EVALUATION RESULTS:
==================================================
Objective Value:     -3.248997e+00
True Objective:      -2.413704e+00
Optimality Gap:      -4.813501e+00 ± 2.058347e+00
Eq Violation l1:   9.444828e-05 (max: 1.008998e-03)
Ineq Violation l1: 2.152851e-07 (max: 1.773206e-05)
Solution Distance:   7.778023e+01 ± 6.715160e-01
Merit:             -3.248050e+00 ± 2.486454e-03
Avg Inference Time:  0.0711s
==================================================
Epoch 102/300, Loss: -2.5159, Obj: -3.0712, Eq Viol (l1): 0.000088, Ineq Viol (l1): 0.000000, Epoch time: 2.56s
Epoch 103/300, Loss: -2.4817, Obj: -3.0298, Eq Viol (l1): 0.000091, Ineq Viol (l1): 0.000000, Epoch time: 2.54s
Epoch 104/300, Loss: -2.5033, Obj: -3.0169, Eq Viol (l1): 0.000086, Ineq Viol (l1): 0.000000, Epoch time: 2.51s
Epoch 105/300, Loss: -2.5448, Obj: -3.0705, Eq Viol (l1): 0.000095, Ineq Viol (l1): 0.000000, Epoch time: 2.56s
Epoch 106/300, Loss: -2.5556, Obj: -3.0574, Eq Viol (l1): 0.000089, Ineq Viol (l1): 0.000000, Epoch time: 2.53s
Epoch 107/300, Loss: -2.5936, Obj: -3.0803, Eq Viol (l1): 0.000091, Ineq Viol (l1): 0.000000, Epoch time: 2.55s
Epoch 108/300, Loss: -2.5791, Obj: -3.0773, Eq Viol (l1): 0.000095, Ineq Viol (l1): 0.000000, Epoch time: 2.55s
Epoch 109/300, Loss: -2.5567, Obj: -3.0600, Eq Viol (l1): 0.000089, Ineq Viol (l1): 0.000000, Epoch time: 2.54s
Epoch 110/300, Loss: -2.5958, Obj: -3.0879, Eq Viol (l1): 0.000088, Ineq Viol (l1): 0.000000, Epoch time: 2.55s
Epoch 111/300, Loss: -2.6270, Obj: -3.0880, Eq Viol (l1): 0.000086, Ineq Viol (l1): 0.000000, Epoch time: 2.55s

Running validation at epoch 110...

VALIDATION_EPOCH_110 EVALUATION RESULTS:
==================================================
Objective Value:     -2.990596e+00
True Objective:      -2.413704e+00
Optimality Gap:      -4.415585e+00 ± 2.020989e+00
Eq Violation l1:   6.713984e-05 (max: 1.591886e-03)
Ineq Violation l1: 1.853208e-07 (max: 1.754855e-05)
Solution Distance:   7.858447e+01 ± 6.839400e-01
Merit:             -2.989923e+00 ± 1.151010e-02
Avg Inference Time:  0.0661s
==================================================
Epoch 112/300, Loss: -2.5403, Obj: -3.0555, Eq Viol (l1): 0.000091, Ineq Viol (l1): 0.000000, Epoch time: 2.51s
Epoch 113/300, Loss: -2.6032, Obj: -3.0943, Eq Viol (l1): 0.000083, Ineq Viol (l1): 0.000000, Epoch time: 2.56s
Epoch 114/300, Loss: -2.6339, Obj: -3.0971, Eq Viol (l1): 0.000089, Ineq Viol (l1): 0.000000, Epoch time: 2.55s
Epoch 115/300, Loss: -2.5520, Obj: -3.0892, Eq Viol (l1): 0.000093, Ineq Viol (l1): 0.000000, Epoch time: 2.55s
Epoch 116/300, Loss: -2.5959, Obj: -3.0850, Eq Viol (l1): 0.000084, Ineq Viol (l1): 0.000000, Epoch time: 2.56s
Epoch 117/300, Loss: -2.6250, Obj: -3.1031, Eq Viol (l1): 0.000088, Ineq Viol (l1): 0.000000, Epoch time: 2.55s
Epoch 118/300, Loss: -2.6269, Obj: -3.0937, Eq Viol (l1): 0.000097, Ineq Viol (l1): 0.000000, Epoch time: 2.54s
Epoch 119/300, Loss: -2.5419, Obj: -3.0463, Eq Viol (l1): 0.000090, Ineq Viol (l1): 0.000000, Epoch time: 2.54s
Epoch 120/300, Loss: -2.5845, Obj: -3.0702, Eq Viol (l1): 0.000087, Ineq Viol (l1): 0.000000, Epoch time: 2.54s
Epoch 121/300, Loss: -2.5421, Obj: -3.0606, Eq Viol (l1): 0.000080, Ineq Viol (l1): 0.000000, Epoch time: 2.53s

Running validation at epoch 120...

VALIDATION_EPOCH_120 EVALUATION RESULTS:
==================================================
Objective Value:     -3.224852e+00
True Objective:      -2.413704e+00
Optimality Gap:      -4.769525e+00 ± 2.068606e+00
Eq Violation l1:   7.805845e-05 (max: 9.781895e-04)
Ineq Violation l1: 3.044364e-07 (max: 1.234409e-05)
Solution Distance:   7.784340e+01 ± 6.695216e-01
Merit:             -3.224068e+00 ± 1.091300e-02
Avg Inference Time:  0.0714s
==================================================
Epoch 122/300, Loss: -2.5745, Obj: -3.0858, Eq Viol (l1): 0.000092, Ineq Viol (l1): 0.000000, Epoch time: 2.54s
Epoch 123/300, Loss: -2.6226, Obj: -3.0785, Eq Viol (l1): 0.000083, Ineq Viol (l1): 0.000000, Epoch time: 2.54s
Epoch 124/300, Loss: -2.6611, Obj: -3.1097, Eq Viol (l1): 0.000094, Ineq Viol (l1): 0.000000, Epoch time: 2.54s
Epoch 125/300, Loss: -2.6777, Obj: -3.1093, Eq Viol (l1): 0.000094, Ineq Viol (l1): 0.000000, Epoch time: 2.54s
Epoch 126/300, Loss: -2.7059, Obj: -3.1230, Eq Viol (l1): 0.000089, Ineq Viol (l1): 0.000000, Epoch time: 2.55s
Epoch 127/300, Loss: -2.6480, Obj: -3.1212, Eq Viol (l1): 0.000093, Ineq Viol (l1): 0.000000, Epoch time: 2.53s
Epoch 128/300, Loss: -2.5221, Obj: -3.0762, Eq Viol (l1): 0.000092, Ineq Viol (l1): 0.000000, Epoch time: 2.54s
Epoch 129/300, Loss: -2.5537, Obj: -3.0638, Eq Viol (l1): 0.000086, Ineq Viol (l1): 0.000000, Epoch time: 2.52s
Epoch 130/300, Loss: -2.6432, Obj: -3.1152, Eq Viol (l1): 0.000084, Ineq Viol (l1): 0.000000, Epoch time: 2.55s
Epoch 131/300, Loss: -2.5620, Obj: -3.0655, Eq Viol (l1): 0.000086, Ineq Viol (l1): 0.000000, Epoch time: 2.54s

Running validation at epoch 130...

VALIDATION_EPOCH_130 EVALUATION RESULTS:
==================================================
Objective Value:     -3.185599e+00
True Objective:      -2.413704e+00
Optimality Gap:      -4.703845e+00 ± 2.026606e+00
Eq Violation l1:   7.044385e-05 (max: 1.955224e-03)
Ineq Violation l1: 3.706592e-07 (max: 5.578313e-05)
Solution Distance:   7.791760e+01 ± 7.231012e-01
Merit:             -3.184891e+00 ± 5.699844e-03
Avg Inference Time:  0.0684s
==================================================
Epoch 132/300, Loss: -2.6851, Obj: -3.1060, Eq Viol (l1): 0.000080, Ineq Viol (l1): 0.000000, Epoch time: 2.56s
Epoch 133/300, Loss: -2.6358, Obj: -3.1057, Eq Viol (l1): 0.000092, Ineq Viol (l1): 0.000000, Epoch time: 2.54s
Epoch 134/300, Loss: -2.6803, Obj: -3.1198, Eq Viol (l1): 0.000093, Ineq Viol (l1): 0.000000, Epoch time: 2.65s
Epoch 135/300, Loss: -2.6942, Obj: -3.1257, Eq Viol (l1): 0.000095, Ineq Viol (l1): 0.000000, Epoch time: 2.55s
Epoch 136/300, Loss: -2.6147, Obj: -3.0773, Eq Viol (l1): 0.000101, Ineq Viol (l1): 0.000000, Epoch time: 2.52s
Epoch 137/300, Loss: -2.6068, Obj: -3.0969, Eq Viol (l1): 0.000091, Ineq Viol (l1): 0.000000, Epoch time: 2.53s
Epoch 138/300, Loss: -2.7012, Obj: -3.1262, Eq Viol (l1): 0.000088, Ineq Viol (l1): 0.000000, Epoch time: 2.54s
Epoch 139/300, Loss: -2.6686, Obj: -3.1299, Eq Viol (l1): 0.000091, Ineq Viol (l1): 0.000000, Epoch time: 2.56s
Epoch 140/300, Loss: -2.7064, Obj: -3.1107, Eq Viol (l1): 0.000088, Ineq Viol (l1): 0.000000, Epoch time: 2.55s
Epoch 141/300, Loss: -2.7096, Obj: -3.1243, Eq Viol (l1): 0.000097, Ineq Viol (l1): 0.000000, Epoch time: 2.53s

Running validation at epoch 140...

VALIDATION_EPOCH_140 EVALUATION RESULTS:
==================================================
Objective Value:     -3.219463e+00
True Objective:      -2.413704e+00
Optimality Gap:      -4.761020e+00 ± 2.080371e+00
Eq Violation l1:   8.638221e-05 (max: 1.043893e-03)
Ineq Violation l1: 4.619296e-07 (max: 3.055374e-05)
Solution Distance:   7.812773e+01 ± 6.753851e-01
Merit:             -3.218594e+00 ± 6.677198e-03
Avg Inference Time:  0.0671s
==================================================
Epoch 142/300, Loss: -2.6572, Obj: -3.1067, Eq Viol (l1): 0.000089, Ineq Viol (l1): 0.000000, Epoch time: 2.53s
Epoch 143/300, Loss: -2.5105, Obj: -3.0486, Eq Viol (l1): 0.000094, Ineq Viol (l1): 0.000000, Epoch time: 2.50s
Epoch 144/300, Loss: -2.5303, Obj: -3.0666, Eq Viol (l1): 0.000089, Ineq Viol (l1): 0.000000, Epoch time: 2.52s
Epoch 145/300, Loss: -2.6646, Obj: -3.0927, Eq Viol (l1): 0.000089, Ineq Viol (l1): 0.000000, Epoch time: 2.53s
Epoch 146/300, Loss: -2.6820, Obj: -3.1242, Eq Viol (l1): 0.000092, Ineq Viol (l1): 0.000000, Epoch time: 2.55s
Epoch 147/300, Loss: -2.6233, Obj: -3.0971, Eq Viol (l1): 0.000090, Ineq Viol (l1): 0.000000, Epoch time: 2.52s
Epoch 148/300, Loss: -2.6682, Obj: -3.1154, Eq Viol (l1): 0.000090, Ineq Viol (l1): 0.000000, Epoch time: 2.54s
Epoch 149/300, Loss: -2.7467, Obj: -3.1554, Eq Viol (l1): 0.000090, Ineq Viol (l1): 0.000000, Epoch time: 2.54s
Epoch 150/300, Loss: -2.6915, Obj: -3.0984, Eq Viol (l1): 0.000086, Ineq Viol (l1): 0.000000, Epoch time: 2.53s
Epoch 151/300, Loss: -2.7329, Obj: -3.1224, Eq Viol (l1): 0.000085, Ineq Viol (l1): 0.000000, Epoch time: 2.55s

Running validation at epoch 150...

VALIDATION_EPOCH_150 EVALUATION RESULTS:
==================================================
Objective Value:     -3.253965e+00
True Objective:      -2.413704e+00
Optimality Gap:      -4.817780e+00 ± 2.073906e+00
Eq Violation l1:   1.042674e-04 (max: 1.056610e-03)
Ineq Violation l1: 4.662287e-07 (max: 1.416797e-05)
Solution Distance:   7.803364e+01 ± 6.676283e-01
Merit:             -3.252918e+00 ± 7.838492e-03
Avg Inference Time:  0.0686s
==================================================
Epoch 152/300, Loss: -2.6820, Obj: -3.1282, Eq Viol (l1): 0.000085, Ineq Viol (l1): 0.000000, Epoch time: 2.57s
Epoch 153/300, Loss: -2.6505, Obj: -3.1080, Eq Viol (l1): 0.000087, Ineq Viol (l1): 0.000000, Epoch time: 2.56s
Epoch 154/300, Loss: -2.6921, Obj: -3.1306, Eq Viol (l1): 0.000082, Ineq Viol (l1): 0.000000, Epoch time: 2.56s
Epoch 155/300, Loss: -2.7192, Obj: -3.1157, Eq Viol (l1): 0.000093, Ineq Viol (l1): 0.000000, Epoch time: 2.53s
Epoch 156/300, Loss: -2.6925, Obj: -3.1346, Eq Viol (l1): 0.000100, Ineq Viol (l1): 0.000000, Epoch time: 2.52s
Epoch 157/300, Loss: -2.7314, Obj: -3.1485, Eq Viol (l1): 0.000090, Ineq Viol (l1): 0.000000, Epoch time: 2.52s
Epoch 158/300, Loss: -2.7569, Obj: -3.1387, Eq Viol (l1): 0.000095, Ineq Viol (l1): 0.000000, Epoch time: 2.52s
Epoch 159/300, Loss: -2.7141, Obj: -3.1242, Eq Viol (l1): 0.000084, Ineq Viol (l1): 0.000000, Epoch time: 2.53s
Epoch 160/300, Loss: -2.6631, Obj: -3.1196, Eq Viol (l1): 0.000095, Ineq Viol (l1): 0.000000, Epoch time: 2.53s
Epoch 161/300, Loss: -2.6724, Obj: -3.1244, Eq Viol (l1): 0.000094, Ineq Viol (l1): 0.000000, Epoch time: 2.52s

Running validation at epoch 160...

VALIDATION_EPOCH_160 EVALUATION RESULTS:
==================================================
Objective Value:     -3.163833e+00
True Objective:      -2.413704e+00
Optimality Gap:      -4.710844e+00 ± 2.028911e+00
Eq Violation l1:   7.766648e-05 (max: 1.393124e-03)
Ineq Violation l1: 4.248084e-07 (max: 5.103218e-05)
Solution Distance:   7.812009e+01 ± 6.685835e-01
Merit:             -3.163052e+00 ± 7.565722e-03
Avg Inference Time:  0.0662s
==================================================
Epoch 162/300, Loss: -2.7017, Obj: -3.1145, Eq Viol (l1): 0.000088, Ineq Viol (l1): 0.000000, Epoch time: 2.56s
Epoch 163/300, Loss: -2.7228, Obj: -3.1386, Eq Viol (l1): 0.000082, Ineq Viol (l1): 0.000000, Epoch time: 2.56s
Epoch 164/300, Loss: -2.7420, Obj: -3.1384, Eq Viol (l1): 0.000087, Ineq Viol (l1): 0.000000, Epoch time: 2.55s
Epoch 165/300, Loss: -2.7110, Obj: -3.1220, Eq Viol (l1): 0.000084, Ineq Viol (l1): 0.000000, Epoch time: 2.55s
Epoch 166/300, Loss: -2.7608, Obj: -3.1267, Eq Viol (l1): 0.000091, Ineq Viol (l1): 0.000000, Epoch time: 2.52s
Epoch 167/300, Loss: -2.7233, Obj: -3.1565, Eq Viol (l1): 0.000100, Ineq Viol (l1): 0.000000, Epoch time: 2.51s
Epoch 168/300, Loss: -2.7729, Obj: -3.1399, Eq Viol (l1): 0.000088, Ineq Viol (l1): 0.000000, Epoch time: 2.64s
Epoch 169/300, Loss: -2.7744, Obj: -3.1488, Eq Viol (l1): 0.000095, Ineq Viol (l1): 0.000000, Epoch time: 2.53s
Epoch 170/300, Loss: -2.7574, Obj: -3.1484, Eq Viol (l1): 0.000093, Ineq Viol (l1): 0.000000, Epoch time: 2.54s
Epoch 171/300, Loss: -2.7728, Obj: -3.1522, Eq Viol (l1): 0.000089, Ineq Viol (l1): 0.000000, Epoch time: 2.54s

Running validation at epoch 170...

VALIDATION_EPOCH_170 EVALUATION RESULTS:
==================================================
Objective Value:     -3.192842e+00
True Objective:      -2.413704e+00
Optimality Gap:      -4.710031e+00 ± 2.038012e+00
Eq Violation l1:   9.758060e-05 (max: 1.147585e-03)
Ineq Violation l1: 4.452908e-07 (max: 2.066742e-05)
Solution Distance:   7.809139e+01 ± 7.185929e-01
Merit:             -3.191862e+00 ± 4.260698e-03
Avg Inference Time:  0.0660s
==================================================
Epoch 172/300, Loss: -2.7449, Obj: -3.1454, Eq Viol (l1): 0.000089, Ineq Viol (l1): 0.000000, Epoch time: 2.55s
Epoch 173/300, Loss: -2.7141, Obj: -3.1328, Eq Viol (l1): 0.000092, Ineq Viol (l1): 0.000000, Epoch time: 2.54s
Epoch 174/300, Loss: -2.7561, Obj: -3.1490, Eq Viol (l1): 0.000094, Ineq Viol (l1): 0.000000, Epoch time: 2.54s
Epoch 175/300, Loss: -2.7513, Obj: -3.1602, Eq Viol (l1): 0.000086, Ineq Viol (l1): 0.000000, Epoch time: 2.55s
Epoch 176/300, Loss: -2.7791, Obj: -3.1531, Eq Viol (l1): 0.000089, Ineq Viol (l1): 0.000000, Epoch time: 2.54s
Epoch 177/300, Loss: -2.7780, Obj: -3.1647, Eq Viol (l1): 0.000091, Ineq Viol (l1): 0.000000, Epoch time: 2.54s
Epoch 178/300, Loss: -2.7465, Obj: -3.1402, Eq Viol (l1): 0.000092, Ineq Viol (l1): 0.000000, Epoch time: 2.51s
Epoch 179/300, Loss: -2.7581, Obj: -3.1614, Eq Viol (l1): 0.000101, Ineq Viol (l1): 0.000000, Epoch time: 2.52s
Epoch 180/300, Loss: -2.7667, Obj: -3.1271, Eq Viol (l1): 0.000085, Ineq Viol (l1): 0.000000, Epoch time: 2.53s
Epoch 181/300, Loss: -2.7608, Obj: -3.1526, Eq Viol (l1): 0.000082, Ineq Viol (l1): 0.000000, Epoch time: 2.52s

Running validation at epoch 180...

VALIDATION_EPOCH_180 EVALUATION RESULTS:
==================================================
Objective Value:     -3.269685e+00
True Objective:      -2.413704e+00
Optimality Gap:      -4.843686e+00 ± 2.079903e+00
Eq Violation l1:   9.431166e-05 (max: 6.103389e-04)
Ineq Violation l1: 4.163976e-07 (max: 2.141740e-05)
Solution Distance:   7.798034e+01 ± 6.723337e-01
Merit:             -3.268737e+00 ± 8.787043e-03
Avg Inference Time:  0.0683s
==================================================
Epoch 182/300, Loss: -2.8024, Obj: -3.1598, Eq Viol (l1): 0.000092, Ineq Viol (l1): 0.000000, Epoch time: 2.51s
Epoch 183/300, Loss: -2.8178, Obj: -3.1816, Eq Viol (l1): 0.000101, Ineq Viol (l1): 0.000000, Epoch time: 2.53s
Epoch 184/300, Loss: -2.7919, Obj: -3.1614, Eq Viol (l1): 0.000088, Ineq Viol (l1): 0.000000, Epoch time: 2.54s
Epoch 185/300, Loss: -2.7144, Obj: -3.1250, Eq Viol (l1): 0.000087, Ineq Viol (l1): 0.000000, Epoch time: 2.53s
Epoch 186/300, Loss: -2.7571, Obj: -3.1419, Eq Viol (l1): 0.000095, Ineq Viol (l1): 0.000000, Epoch time: 2.52s
Epoch 187/300, Loss: -2.7831, Obj: -3.1646, Eq Viol (l1): 0.000089, Ineq Viol (l1): 0.000000, Epoch time: 2.55s
Epoch 188/300, Loss: -2.7957, Obj: -3.1662, Eq Viol (l1): 0.000100, Ineq Viol (l1): 0.000001, Epoch time: 2.53s
Epoch 189/300, Loss: -2.7599, Obj: -3.1397, Eq Viol (l1): 0.000082, Ineq Viol (l1): 0.000000, Epoch time: 2.54s
Epoch 190/300, Loss: -2.8268, Obj: -3.1821, Eq Viol (l1): 0.000093, Ineq Viol (l1): 0.000000, Epoch time: 2.54s
Epoch 191/300, Loss: -2.7770, Obj: -3.1484, Eq Viol (l1): 0.000088, Ineq Viol (l1): 0.000000, Epoch time: 2.54s

Running validation at epoch 190...

VALIDATION_EPOCH_190 EVALUATION RESULTS:
==================================================
Objective Value:     -3.266717e+00
True Objective:      -2.413704e+00
Optimality Gap:      -4.836957e+00 ± 2.058838e+00
Eq Violation l1:   1.045240e-04 (max: 1.184778e-03)
Ineq Violation l1: 3.510625e-07 (max: 2.431661e-05)
Solution Distance:   7.775865e+01 ± 6.816640e-01
Merit:             -3.265668e+00 ± 7.965235e-03
Avg Inference Time:  0.0687s
==================================================
Epoch 192/300, Loss: -2.6781, Obj: -3.1225, Eq Viol (l1): 0.000088, Ineq Viol (l1): 0.000000, Epoch time: 2.53s
Epoch 193/300, Loss: -2.5622, Obj: -3.0732, Eq Viol (l1): 0.000085, Ineq Viol (l1): 0.000000, Epoch time: 2.54s
Epoch 194/300, Loss: -2.6743, Obj: -3.0703, Eq Viol (l1): 0.000084, Ineq Viol (l1): 0.000000, Epoch time: 2.50s
Epoch 195/300, Loss: -2.8099, Obj: -3.1725, Eq Viol (l1): 0.000089, Ineq Viol (l1): 0.000000, Epoch time: 2.53s
Epoch 196/300, Loss: -2.7932, Obj: -3.1569, Eq Viol (l1): 0.000093, Ineq Viol (l1): 0.000000, Epoch time: 2.53s
Epoch 197/300, Loss: -2.7967, Obj: -3.1615, Eq Viol (l1): 0.000094, Ineq Viol (l1): 0.000000, Epoch time: 2.54s
Epoch 198/300, Loss: -2.8105, Obj: -3.1816, Eq Viol (l1): 0.000100, Ineq Viol (l1): 0.000000, Epoch time: 2.54s
Epoch 199/300, Loss: -2.7640, Obj: -3.1508, Eq Viol (l1): 0.000094, Ineq Viol (l1): 0.000000, Epoch time: 2.52s
Epoch 200/300, Loss: -2.6943, Obj: -3.1289, Eq Viol (l1): 0.000088, Ineq Viol (l1): 0.000000, Epoch time: 2.64s
Epoch 201/300, Loss: -2.7866, Obj: -3.1583, Eq Viol (l1): 0.000099, Ineq Viol (l1): 0.000000, Epoch time: 2.54s

Running validation at epoch 200...

VALIDATION_EPOCH_200 EVALUATION RESULTS:
==================================================
Objective Value:     -3.227467e+00
True Objective:      -2.413704e+00
Optimality Gap:      -4.796221e+00 ± 2.060083e+00
Eq Violation l1:   7.984779e-05 (max: 4.924260e-04)
Ineq Violation l1: 4.168713e-07 (max: 2.110859e-05)
Solution Distance:   7.810995e+01 ± 6.974627e-01
Merit:             -3.226665e+00 ± 8.848436e-03
Avg Inference Time:  0.0691s
==================================================
Epoch 202/300, Loss: -2.7796, Obj: -3.1418, Eq Viol (l1): 0.000087, Ineq Viol (l1): 0.000000, Epoch time: 2.51s
Epoch 203/300, Loss: -2.7724, Obj: -3.1565, Eq Viol (l1): 0.000090, Ineq Viol (l1): 0.000000, Epoch time: 2.55s
Epoch 204/300, Loss: -2.8089, Obj: -3.1539, Eq Viol (l1): 0.000094, Ineq Viol (l1): 0.000000, Epoch time: 2.52s
Epoch 205/300, Loss: -2.7680, Obj: -3.1533, Eq Viol (l1): 0.000094, Ineq Viol (l1): 0.000000, Epoch time: 2.51s
Epoch 206/300, Loss: -2.6668, Obj: -3.0965, Eq Viol (l1): 0.000099, Ineq Viol (l1): 0.000000, Epoch time: 2.49s
Epoch 207/300, Loss: -2.6892, Obj: -3.1221, Eq Viol (l1): 0.000096, Ineq Viol (l1): 0.000000, Epoch time: 2.52s
Epoch 208/300, Loss: -2.7559, Obj: -3.1367, Eq Viol (l1): 0.000090, Ineq Viol (l1): 0.000000, Epoch time: 2.53s
Epoch 209/300, Loss: -2.7942, Obj: -3.1499, Eq Viol (l1): 0.000095, Ineq Viol (l1): 0.000000, Epoch time: 2.54s
Epoch 210/300, Loss: -2.7901, Obj: -3.1710, Eq Viol (l1): 0.000090, Ineq Viol (l1): 0.000000, Epoch time: 2.54s
Epoch 211/300, Loss: -2.7807, Obj: -3.1578, Eq Viol (l1): 0.000093, Ineq Viol (l1): 0.000000, Epoch time: 2.50s

Running validation at epoch 210...

VALIDATION_EPOCH_210 EVALUATION RESULTS:
==================================================
Objective Value:     -3.127794e+00
True Objective:      -2.413704e+00
Optimality Gap:      -4.649169e+00 ± 2.047208e+00
Eq Violation l1:   8.098170e-05 (max: 1.196794e-03)
Ineq Violation l1: 4.563539e-07 (max: 3.958807e-05)
Solution Distance:   7.823115e+01 ± 6.855040e-01
Merit:             -3.126980e+00 ± 8.588661e-03
Avg Inference Time:  0.0637s
==================================================
Epoch 212/300, Loss: -2.7739, Obj: -3.1415, Eq Viol (l1): 0.000085, Ineq Viol (l1): 0.000000, Epoch time: 2.53s
Epoch 213/300, Loss: -2.8047, Obj: -3.1657, Eq Viol (l1): 0.000095, Ineq Viol (l1): 0.000000, Epoch time: 2.53s
Epoch 214/300, Loss: -2.8420, Obj: -3.1830, Eq Viol (l1): 0.000089, Ineq Viol (l1): 0.000000, Epoch time: 2.52s
Epoch 215/300, Loss: -2.8037, Obj: -3.1719, Eq Viol (l1): 0.000095, Ineq Viol (l1): 0.000000, Epoch time: 2.53s
Epoch 216/300, Loss: -2.6781, Obj: -3.1421, Eq Viol (l1): 0.000089, Ineq Viol (l1): 0.000000, Epoch time: 2.52s
Epoch 217/300, Loss: -2.7169, Obj: -3.0794, Eq Viol (l1): 0.000085, Ineq Viol (l1): 0.000000, Epoch time: 2.49s
Epoch 218/300, Loss: -2.7490, Obj: -3.1332, Eq Viol (l1): 0.000091, Ineq Viol (l1): 0.000000, Epoch time: 2.50s
Epoch 219/300, Loss: -2.7611, Obj: -3.1400, Eq Viol (l1): 0.000091, Ineq Viol (l1): 0.000000, Epoch time: 2.53s
Epoch 220/300, Loss: -2.7718, Obj: -3.1662, Eq Viol (l1): 0.000101, Ineq Viol (l1): 0.000000, Epoch time: 2.53s
Epoch 221/300, Loss: -2.8010, Obj: -3.1617, Eq Viol (l1): 0.000089, Ineq Viol (l1): 0.000000, Epoch time: 2.55s

Running validation at epoch 220...

VALIDATION_EPOCH_220 EVALUATION RESULTS:
==================================================
Objective Value:     -3.231619e+00
True Objective:      -2.413704e+00
Optimality Gap:      -4.787543e+00 ± 2.082869e+00
Eq Violation l1:   9.140315e-05 (max: 1.385137e-03)
Ineq Violation l1: 3.389666e-07 (max: 3.689108e-05)
Solution Distance:   7.808426e+01 ± 6.836110e-01
Merit:             -3.230702e+00 ± 2.191057e-03
Avg Inference Time:  0.0687s
==================================================
Epoch 222/300, Loss: -2.8102, Obj: -3.1734, Eq Viol (l1): 0.000095, Ineq Viol (l1): 0.000000, Epoch time: 2.52s
Epoch 223/300, Loss: -2.8044, Obj: -3.1504, Eq Viol (l1): 0.000082, Ineq Viol (l1): 0.000000, Epoch time: 2.55s
Epoch 224/300, Loss: -2.8115, Obj: -3.1843, Eq Viol (l1): 0.000082, Ineq Viol (l1): 0.000000, Epoch time: 2.55s
Epoch 225/300, Loss: -2.8125, Obj: -3.1970, Eq Viol (l1): 0.000089, Ineq Viol (l1): 0.000000, Epoch time: 2.55s
Epoch 226/300, Loss: -2.8104, Obj: -3.1652, Eq Viol (l1): 0.000084, Ineq Viol (l1): 0.000000, Epoch time: 2.55s
Epoch 227/300, Loss: -2.7908, Obj: -3.1737, Eq Viol (l1): 0.000096, Ineq Viol (l1): 0.000000, Epoch time: 2.52s
Epoch 228/300, Loss: -2.8390, Obj: -3.1774, Eq Viol (l1): 0.000084, Ineq Viol (l1): 0.000000, Epoch time: 2.52s
Epoch 229/300, Loss: -2.8187, Obj: -3.1695, Eq Viol (l1): 0.000086, Ineq Viol (l1): 0.000000, Epoch time: 2.53s
Epoch 230/300, Loss: -2.8294, Obj: -3.1782, Eq Viol (l1): 0.000091, Ineq Viol (l1): 0.000000, Epoch time: 2.52s
Epoch 231/300, Loss: -2.7946, Obj: -3.1599, Eq Viol (l1): 0.000096, Ineq Viol (l1): 0.000000, Epoch time: 2.53s

Running validation at epoch 230...

VALIDATION_EPOCH_230 EVALUATION RESULTS:
==================================================
Objective Value:     -3.250402e+00
True Objective:      -2.413704e+00
Optimality Gap:      -4.828288e+00 ± 2.091093e+00
Eq Violation l1:   1.196974e-04 (max: 1.231288e-03)
Ineq Violation l1: 5.478796e-07 (max: 3.340529e-05)
Solution Distance:   7.767850e+01 ± 6.694746e-01
Merit:             -3.249200e+00 ± 8.449985e-03
Avg Inference Time:  0.0687s
==================================================
Epoch 232/300, Loss: -2.8080, Obj: -3.1727, Eq Viol (l1): 0.000087, Ineq Viol (l1): 0.000000, Epoch time: 2.65s
Epoch 233/300, Loss: -2.7963, Obj: -3.1789, Eq Viol (l1): 0.000080, Ineq Viol (l1): 0.000000, Epoch time: 2.57s
Epoch 234/300, Loss: -2.8091, Obj: -3.1576, Eq Viol (l1): 0.000092, Ineq Viol (l1): 0.000000, Epoch time: 2.54s
Epoch 235/300, Loss: -2.8042, Obj: -3.1659, Eq Viol (l1): 0.000090, Ineq Viol (l1): 0.000000, Epoch time: 2.53s
Epoch 236/300, Loss: -2.7862, Obj: -3.1209, Eq Viol (l1): 0.000090, Ineq Viol (l1): 0.000000, Epoch time: 2.48s
Epoch 237/300, Loss: -2.8054, Obj: -3.1763, Eq Viol (l1): 0.000085, Ineq Viol (l1): 0.000000, Epoch time: 2.54s
Epoch 238/300, Loss: -2.7673, Obj: -3.1645, Eq Viol (l1): 0.000088, Ineq Viol (l1): 0.000000, Epoch time: 2.54s
Epoch 239/300, Loss: -2.8081, Obj: -3.1753, Eq Viol (l1): 0.000096, Ineq Viol (l1): 0.000000, Epoch time: 2.52s
Epoch 240/300, Loss: -2.8008, Obj: -3.1550, Eq Viol (l1): 0.000094, Ineq Viol (l1): 0.000000, Epoch time: 2.52s
Epoch 241/300, Loss: -2.8511, Obj: -3.1779, Eq Viol (l1): 0.000094, Ineq Viol (l1): 0.000000, Epoch time: 2.53s

Running validation at epoch 240...

VALIDATION_EPOCH_240 EVALUATION RESULTS:
==================================================
Objective Value:     -3.158371e+00
True Objective:      -2.413704e+00
Optimality Gap:      -4.642869e+00 ± 2.002349e+00
Eq Violation l1:   6.764628e-05 (max: 1.612134e-03)
Ineq Violation l1: 3.268837e-07 (max: 4.582658e-05)
Solution Distance:   7.807599e+01 ± 6.405708e-01
Merit:             -3.157691e+00 ± 6.609759e-03
Avg Inference Time:  0.0686s
==================================================
Epoch 242/300, Loss: -2.8554, Obj: -3.1782, Eq Viol (l1): 0.000086, Ineq Viol (l1): 0.000000, Epoch time: 2.54s
Epoch 243/300, Loss: -2.8075, Obj: -3.1769, Eq Viol (l1): 0.000087, Ineq Viol (l1): 0.000000, Epoch time: 2.55s
Epoch 244/300, Loss: -2.7591, Obj: -3.1267, Eq Viol (l1): 0.000096, Ineq Viol (l1): 0.000000, Epoch time: 2.50s
Epoch 245/300, Loss: -2.7691, Obj: -3.1159, Eq Viol (l1): 0.000083, Ineq Viol (l1): 0.000000, Epoch time: 2.50s
Epoch 246/300, Loss: -2.7180, Obj: -3.1298, Eq Viol (l1): 0.000094, Ineq Viol (l1): 0.000000, Epoch time: 2.52s
Epoch 247/300, Loss: -2.7937, Obj: -3.1707, Eq Viol (l1): 0.000097, Ineq Viol (l1): 0.000000, Epoch time: 2.53s
Epoch 248/300, Loss: -2.8573, Obj: -3.1798, Eq Viol (l1): 0.000092, Ineq Viol (l1): 0.000000, Epoch time: 2.53s
Epoch 249/300, Loss: -2.8139, Obj: -3.1831, Eq Viol (l1): 0.000085, Ineq Viol (l1): 0.000000, Epoch time: 2.55s
Epoch 250/300, Loss: -2.8687, Obj: -3.1910, Eq Viol (l1): 0.000089, Ineq Viol (l1): 0.000000, Epoch time: 2.54s
Epoch 251/300, Loss: -2.8840, Obj: -3.2045, Eq Viol (l1): 0.000093, Ineq Viol (l1): 0.000000, Epoch time: 2.53s

Running validation at epoch 250...

VALIDATION_EPOCH_250 EVALUATION RESULTS:
==================================================
Objective Value:     -3.249995e+00
True Objective:      -2.413704e+00
Optimality Gap:      -4.804801e+00 ± 2.060573e+00
Eq Violation l1:   1.007759e-04 (max: 8.619303e-04)
Ineq Violation l1: 4.798747e-07 (max: 2.453329e-05)
Solution Distance:   7.789022e+01 ± 7.026249e-01
Merit:             -3.248982e+00 ± 7.792442e-03
Avg Inference Time:  0.0658s
==================================================
Epoch 252/300, Loss: -2.8737, Obj: -3.2017, Eq Viol (l1): 0.000093, Ineq Viol (l1): 0.000000, Epoch time: 2.54s
Epoch 253/300, Loss: -2.7836, Obj: -3.1506, Eq Viol (l1): 0.000089, Ineq Viol (l1): 0.000000, Epoch time: 2.52s
Epoch 254/300, Loss: -2.8472, Obj: -3.1847, Eq Viol (l1): 0.000095, Ineq Viol (l1): 0.000000, Epoch time: 2.53s
Epoch 255/300, Loss: -2.8089, Obj: -3.1780, Eq Viol (l1): 0.000094, Ineq Viol (l1): 0.000000, Epoch time: 2.55s
Epoch 256/300, Loss: -2.7819, Obj: -3.1487, Eq Viol (l1): 0.000090, Ineq Viol (l1): 0.000000, Epoch time: 2.54s
Epoch 257/300, Loss: -2.8499, Obj: -3.1840, Eq Viol (l1): 0.000086, Ineq Viol (l1): 0.000000, Epoch time: 2.54s
Epoch 258/300, Loss: -2.8218, Obj: -3.1700, Eq Viol (l1): 0.000098, Ineq Viol (l1): 0.000000, Epoch time: 2.51s
Epoch 259/300, Loss: -2.8221, Obj: -3.2041, Eq Viol (l1): 0.000096, Ineq Viol (l1): 0.000000, Epoch time: 2.53s
Epoch 260/300, Loss: -2.8293, Obj: -3.1862, Eq Viol (l1): 0.000083, Ineq Viol (l1): 0.000000, Epoch time: 2.53s
Epoch 261/300, Loss: -2.8509, Obj: -3.1863, Eq Viol (l1): 0.000092, Ineq Viol (l1): 0.000000, Epoch time: 2.54s

Running validation at epoch 260...

VALIDATION_EPOCH_260 EVALUATION RESULTS:
==================================================
Objective Value:     -3.252267e+00
True Objective:      -2.413704e+00
Optimality Gap:      -4.810747e+00 ± 2.068719e+00
Eq Violation l1:   8.638945e-05 (max: 6.943086e-04)
Ineq Violation l1: 3.315366e-07 (max: 1.950706e-05)
Solution Distance:   7.807506e+01 ± 6.974382e-01
Merit:             -3.251399e+00 ± 8.769978e-03
Avg Inference Time:  0.0684s
==================================================
Epoch 262/300, Loss: -2.8377, Obj: -3.1761, Eq Viol (l1): 0.000096, Ineq Viol (l1): 0.000000, Epoch time: 2.53s
Epoch 263/300, Loss: -2.8302, Obj: -3.1782, Eq Viol (l1): 0.000081, Ineq Viol (l1): 0.000000, Epoch time: 2.55s
Epoch 264/300, Loss: -2.8837, Obj: -3.1853, Eq Viol (l1): 0.000091, Ineq Viol (l1): 0.000000, Epoch time: 2.51s
Epoch 265/300, Loss: -2.8626, Obj: -3.1891, Eq Viol (l1): 0.000090, Ineq Viol (l1): 0.000000, Epoch time: 2.51s
Epoch 266/300, Loss: -2.7976, Obj: -3.1435, Eq Viol (l1): 0.000095, Ineq Viol (l1): 0.000000, Epoch time: 2.50s
Epoch 267/300, Loss: -2.8280, Obj: -3.1791, Eq Viol (l1): 0.000085, Ineq Viol (l1): 0.000000, Epoch time: 2.62s
Epoch 268/300, Loss: -2.8869, Obj: -3.2008, Eq Viol (l1): 0.000088, Ineq Viol (l1): 0.000000, Epoch time: 2.54s
Epoch 269/300, Loss: -2.8092, Obj: -3.1758, Eq Viol (l1): 0.000095, Ineq Viol (l1): 0.000000, Epoch time: 2.50s
Epoch 270/300, Loss: -2.7925, Obj: -3.1511, Eq Viol (l1): 0.000095, Ineq Viol (l1): 0.000000, Epoch time: 2.52s
Epoch 271/300, Loss: -2.8356, Obj: -3.1870, Eq Viol (l1): 0.000093, Ineq Viol (l1): 0.000000, Epoch time: 2.52s

Running validation at epoch 270...

VALIDATION_EPOCH_270 EVALUATION RESULTS:
==================================================
Objective Value:     -3.304272e+00
True Objective:      -2.413704e+00
Optimality Gap:      -4.923677e+00 ± 2.116857e+00
Eq Violation l1:   1.246606e-04 (max: 1.045157e-03)
Ineq Violation l1: 3.811593e-07 (max: 1.929349e-05)
Solution Distance:   7.746676e+01 ± 6.703809e-01
Merit:             -3.303021e+00 ± 6.429088e-03
Avg Inference Time:  0.0717s
==================================================
Epoch 272/300, Loss: -2.7429, Obj: -3.1399, Eq Viol (l1): 0.000095, Ineq Viol (l1): 0.000000, Epoch time: 2.50s
Epoch 273/300, Loss: -2.8424, Obj: -3.1785, Eq Viol (l1): 0.000096, Ineq Viol (l1): 0.000000, Epoch time: 2.51s
Epoch 274/300, Loss: -2.8287, Obj: -3.1630, Eq Viol (l1): 0.000092, Ineq Viol (l1): 0.000000, Epoch time: 2.50s
Epoch 275/300, Loss: -2.8701, Obj: -3.2075, Eq Viol (l1): 0.000102, Ineq Viol (l1): 0.000000, Epoch time: 2.52s
Epoch 276/300, Loss: -2.8711, Obj: -3.1918, Eq Viol (l1): 0.000099, Ineq Viol (l1): 0.000001, Epoch time: 2.52s
Epoch 277/300, Loss: -2.8950, Obj: -3.2111, Eq Viol (l1): 0.000081, Ineq Viol (l1): 0.000000, Epoch time: 2.55s
Epoch 278/300, Loss: -2.9123, Obj: -3.2077, Eq Viol (l1): 0.000092, Ineq Viol (l1): 0.000000, Epoch time: 2.53s
Epoch 279/300, Loss: -2.7867, Obj: -3.1435, Eq Viol (l1): 0.000095, Ineq Viol (l1): 0.000001, Epoch time: 2.48s
Epoch 280/300, Loss: -2.7840, Obj: -3.1867, Eq Viol (l1): 0.000100, Ineq Viol (l1): 0.000000, Epoch time: 2.52s
Epoch 281/300, Loss: -2.8363, Obj: -3.1836, Eq Viol (l1): 0.000081, Ineq Viol (l1): 0.000000, Epoch time: 2.55s

Running validation at epoch 280...

VALIDATION_EPOCH_280 EVALUATION RESULTS:
==================================================
Objective Value:     -3.120446e+00
True Objective:      -2.413704e+00
Optimality Gap:      -4.574483e+00 ± 2.000977e+00
Eq Violation l1:   6.519636e-05 (max: 1.311765e-03)
Ineq Violation l1: 3.878726e-07 (max: 3.899719e-05)
Solution Distance:   7.831550e+01 ± 6.772334e-01
Merit:             -3.119790e+00 ± 8.573047e-03
Avg Inference Time:  0.0672s
==================================================
Epoch 282/300, Loss: -2.7793, Obj: -3.1817, Eq Viol (l1): 0.000093, Ineq Viol (l1): 0.000000, Epoch time: 2.55s
Epoch 283/300, Loss: -2.8054, Obj: -3.1526, Eq Viol (l1): 0.000089, Ineq Viol (l1): 0.000000, Epoch time: 2.52s
Epoch 284/300, Loss: -2.8430, Obj: -3.1910, Eq Viol (l1): 0.000098, Ineq Viol (l1): 0.000001, Epoch time: 2.51s
Epoch 285/300, Loss: -2.8203, Obj: -3.1777, Eq Viol (l1): 0.000087, Ineq Viol (l1): 0.000000, Epoch time: 2.51s
Epoch 286/300, Loss: -2.7940, Obj: -3.1970, Eq Viol (l1): 0.000092, Ineq Viol (l1): 0.000000, Epoch time: 2.56s
Epoch 287/300, Loss: -2.8275, Obj: -3.1816, Eq Viol (l1): 0.000093, Ineq Viol (l1): 0.000000, Epoch time: 2.54s
Epoch 288/300, Loss: -2.8116, Obj: -3.1873, Eq Viol (l1): 0.000084, Ineq Viol (l1): 0.000000, Epoch time: 2.55s
Epoch 289/300, Loss: -2.8045, Obj: -3.1523, Eq Viol (l1): 0.000086, Ineq Viol (l1): 0.000000, Epoch time: 2.52s
Epoch 290/300, Loss: -2.8636, Obj: -3.1772, Eq Viol (l1): 0.000091, Ineq Viol (l1): 0.000000, Epoch time: 2.51s
Epoch 291/300, Loss: -2.8617, Obj: -3.1851, Eq Viol (l1): 0.000090, Ineq Viol (l1): 0.000000, Epoch time: 2.53s

Running validation at epoch 290...

VALIDATION_EPOCH_290 EVALUATION RESULTS:
==================================================
Objective Value:     -3.232504e+00
True Objective:      -2.413704e+00
Optimality Gap:      -4.796753e+00 ± 2.071706e+00
Eq Violation l1:   9.420516e-05 (max: 1.611632e-03)
Ineq Violation l1: 4.223603e-07 (max: 2.804254e-05)
Solution Distance:   7.788520e+01 ± 6.635150e-01
Merit:             -3.231557e+00 ± 1.092103e-02
Avg Inference Time:  0.0663s
==================================================
Epoch 292/300, Loss: -2.8694, Obj: -3.2022, Eq Viol (l1): 0.000088, Ineq Viol (l1): 0.000000, Epoch time: 2.54s
Epoch 293/300, Loss: -2.8662, Obj: -3.1788, Eq Viol (l1): 0.000091, Ineq Viol (l1): 0.000000, Epoch time: 2.51s
Epoch 294/300, Loss: -2.7934, Obj: -3.1448, Eq Viol (l1): 0.000092, Ineq Viol (l1): 0.000000, Epoch time: 2.46s
Epoch 295/300, Loss: -2.8856, Obj: -3.2015, Eq Viol (l1): 0.000094, Ineq Viol (l1): 0.000000, Epoch time: 2.49s
Epoch 296/300, Loss: -2.9005, Obj: -3.2119, Eq Viol (l1): 0.000093, Ineq Viol (l1): 0.000000, Epoch time: 2.53s
Epoch 297/300, Loss: -2.8876, Obj: -3.2037, Eq Viol (l1): 0.000096, Ineq Viol (l1): 0.000000, Epoch time: 2.49s
Epoch 298/300, Loss: -2.8241, Obj: -3.1657, Eq Viol (l1): 0.000094, Ineq Viol (l1): 0.000000, Epoch time: 2.51s
Epoch 299/300, Loss: -2.8124, Obj: -3.1832, Eq Viol (l1): 0.000087, Ineq Viol (l1): 0.000000, Epoch time: 2.53s
Epoch 300/300, Loss: -2.8871, Obj: -3.2034, Eq Viol (l1): 0.000091, Ineq Viol (l1): 0.000000, Epoch time: 2.62s

Training completed in 799.50 seconds.

============================================================
COMPREHENSIVE TEST EVALUATION WITH DETAILED RESULTS
============================================================
Testing with batch sizes: [256, 512]

Evaluating with batch size: 256 (with detailed results)

TEST_BS256 EVALUATION RESULTS:
==================================================
Objective Value:     -3.220573e+00
True Objective:      -2.409220e+00
Optimality Gap:      -7.656422e+00 ± 9.327179e+00
Eq Violation l1:   7.687009e-05 (max: 1.247594e-03)
Ineq Violation l1: 3.225169e-07 (max: 2.900918e-05)
Solution Distance:   7.891126e+01 ± 1.768505e+00
Merit:             -3.219801e+00 ± 4.389674e-02
Avg Inference Time:  0.0565s
==================================================

Evaluating with batch size: 512 (with detailed results)

TEST_BS512 EVALUATION RESULTS:
==================================================
Objective Value:     -3.221089e+00
True Objective:      -2.408634e+00
Optimality Gap:      -7.622254e+00 ± 5.774804e+00
Eq Violation l1:   7.814386e-05 (max: 1.592552e-03)
Ineq Violation l1: 3.261800e-07 (max: 4.047190e-05)
Solution Distance:   7.892889e+01 ± 8.964783e-01
Merit:             -3.220304e+00 ± 2.856263e-02
Avg Inference Time:  0.0637s
==================================================

TEST BATCH SIZE COMPARISON:
================================================================================
Batch Size   Objective    Opt Gap      Eq Viol      Ineq Viol    Time (s)  
--------------------------------------------------------------------------------
256          -3.2206e+00  -7.6564e+00  7.6870e-05   3.2252e-07   0.45      
512          -3.2211e+00  -7.6223e+00  7.8144e-05   3.2618e-07   0.25      
================================================================================

Saving model and results to: results/nonsmooth_nonconvex/socp/SOCPProblem-100-50-50-10000/20260108-005832_MLP_FSNet_seed3_nepochs300_lr0.0002_trainsize7000_finetune_20260107-043823_model_70
✓ Model saved: results/nonsmooth_nonconvex/socp/SOCPProblem-100-50-50-10000/20260108-005832_MLP_FSNet_seed3_nepochs300_lr0.0002_trainsize7000_finetune_20260107-043823_model_70/model.pt
✓ Detailed results saved: results/nonsmooth_nonconvex/socp/SOCPProblem-100-50-50-10000/20260108-005832_MLP_FSNet_seed3_nepochs300_lr0.0002_trainsize7000_finetune_20260107-043823_model_70/results.pkl

Files saved (or attempted):
  - model.pt (model weights and architecture)
  - results.pkl (training history, metrics, detailed test results)
Training and testing completed in 802.17 seconds
Done!!!
============================================================
==========         =====================         ===========
==========   3      =====================         ===========
==========         =====================         ===========
============================================================

======= Running for problem: nonsmooth_nonconvex/socp =======

Loading problem instance: nonsmooth_nonconvex/socp with size [100, 50, 50, 10000]
Loading  dataset from: datasets/nonsmooth_nonconvex/socp/random2025_socp_dataset_var100_ineq50_eq50_ex10000 

Running on:  cuda
Training model using FSNet method with seed 3 for 300 epochs
Using batch size: 512
Loading model from checkpoint: results/nonsmooth_nonconvex/socp/SOCPProblem-100-50-50-10000/20260107-043823_MLP_sup_seed1_nepochs500_lr0.0005_trainsize7000/model_400.pt

lr: 0.0002, weight_decay: 0.001, num_epochs: 300

Epoch 1/300, Loss: 0.9620, Obj: -1.6007, Eq Viol (l1): 0.000046, Ineq Viol (l1): 0.000000, Epoch time: 7.49s

Running validation at epoch 0...

VALIDATION_EPOCH_0 EVALUATION RESULTS:
==================================================
Objective Value:     5.733683e-01
True Objective:      -2.413704e+00
Optimality Gap:      4.733171e+00 ± 2.954781e+00
Eq Violation l1:   5.370011e-03 (max: 1.806632e+00)
Ineq Violation l1: 8.272711e-04 (max: 2.609876e-01)
Solution Distance:   6.860149e+01 ± 1.719992e+00
Merit:             6.353412e-01 ± 1.152167e-01
Avg Inference Time:  0.6585s
==================================================
Epoch 2/300, Loss: 0.6460, Obj: -1.5242, Eq Viol (l1): 0.000184, Ineq Viol (l1): 0.000031, Epoch time: 2.79s
Epoch 3/300, Loss: 0.5172, Obj: -1.3405, Eq Viol (l1): 0.000035, Ineq Viol (l1): 0.000000, Epoch time: 2.77s
Epoch 4/300, Loss: 0.4775, Obj: -1.2948, Eq Viol (l1): 0.000040, Ineq Viol (l1): 0.000000, Epoch time: 2.77s
Epoch 5/300, Loss: 0.5176, Obj: -1.2230, Eq Viol (l1): 0.000036, Ineq Viol (l1): 0.000000, Epoch time: 2.77s
Epoch 6/300, Loss: 0.4739, Obj: -1.1304, Eq Viol (l1): 0.000044, Ineq Viol (l1): 0.000000, Epoch time: 2.71s
Epoch 7/300, Loss: 0.4867, Obj: -1.1842, Eq Viol (l1): 0.000041, Ineq Viol (l1): 0.000000, Epoch time: 2.73s
Epoch 8/300, Loss: 0.4883, Obj: -1.1374, Eq Viol (l1): 0.000031, Ineq Viol (l1): 0.000000, Epoch time: 2.81s
Epoch 9/300, Loss: 0.5012, Obj: -1.2353, Eq Viol (l1): 0.000039, Ineq Viol (l1): 0.000000, Epoch time: 2.72s
Epoch 10/300, Loss: 0.6287, Obj: -1.1323, Eq Viol (l1): 0.000034, Ineq Viol (l1): 0.000000, Epoch time: 2.78s
Epoch 11/300, Loss: 0.5976, Obj: -1.1741, Eq Viol (l1): 0.000032, Ineq Viol (l1): 0.000000, Epoch time: 2.75s

Running validation at epoch 10...

VALIDATION_EPOCH_10 EVALUATION RESULTS:
==================================================
Objective Value:     6.644704e-01
True Objective:      -2.413704e+00
Optimality Gap:      4.884104e+00 ± 3.080894e+00
Eq Violation l1:   5.861440e-03 (max: 1.410092e+00)
Ineq Violation l1: 1.184680e-03 (max: 3.268515e-01)
Solution Distance:   6.827256e+01 ± 1.420239e+00
Merit:             7.349316e-01 ± 9.246267e-02
Avg Inference Time:  0.1206s
==================================================
Epoch 12/300, Loss: 0.6448, Obj: -1.1537, Eq Viol (l1): 0.000040, Ineq Viol (l1): 0.000000, Epoch time: 2.72s
Epoch 13/300, Loss: 0.6873, Obj: -1.1492, Eq Viol (l1): 0.000038, Ineq Viol (l1): 0.000000, Epoch time: 2.73s
Epoch 14/300, Loss: 0.7964, Obj: -1.0952, Eq Viol (l1): 0.000039, Ineq Viol (l1): 0.000000, Epoch time: 2.72s
Epoch 15/300, Loss: 0.7470, Obj: -1.1203, Eq Viol (l1): 0.000038, Ineq Viol (l1): 0.000000, Epoch time: 2.73s
Epoch 16/300, Loss: 0.8669, Obj: -1.0467, Eq Viol (l1): 0.000035, Ineq Viol (l1): 0.000000, Epoch time: 2.77s
Epoch 17/300, Loss: 0.9346, Obj: -1.0632, Eq Viol (l1): 0.000034, Ineq Viol (l1): 0.000000, Epoch time: 2.81s
Epoch 18/300, Loss: 1.0380, Obj: -1.0173, Eq Viol (l1): 0.000063, Ineq Viol (l1): 0.000005, Epoch time: 2.86s
Epoch 19/300, Loss: 1.0161, Obj: -1.0396, Eq Viol (l1): 0.000044, Ineq Viol (l1): 0.000001, Epoch time: 2.81s
Epoch 20/300, Loss: 0.9479, Obj: -1.0317, Eq Viol (l1): 0.000033, Ineq Viol (l1): 0.000000, Epoch time: 2.80s
Epoch 21/300, Loss: 1.2874, Obj: -0.9869, Eq Viol (l1): 0.000033, Ineq Viol (l1): 0.000000, Epoch time: 2.77s

Running validation at epoch 20...

VALIDATION_EPOCH_20 EVALUATION RESULTS:
==================================================
Objective Value:     7.919825e-01
True Objective:      -2.413704e+00
Optimality Gap:      4.901438e+00 ± 3.003616e+00
Eq Violation l1:   4.488412e-03 (max: 7.842014e-01)
Ineq Violation l1: 8.960148e-04 (max: 1.942671e-01)
Solution Distance:   6.853689e+01 ± 1.478127e+00
Merit:             8.458268e-01 ± 7.810434e-02
Avg Inference Time:  0.1204s
==================================================
Epoch 22/300, Loss: 1.1742, Obj: -0.9572, Eq Viol (l1): 0.000036, Ineq Viol (l1): 0.000000, Epoch time: 2.78s
Epoch 23/300, Loss: 1.1886, Obj: -0.9885, Eq Viol (l1): 0.000030, Ineq Viol (l1): 0.000000, Epoch time: 2.79s
Epoch 24/300, Loss: 1.2111, Obj: -0.9479, Eq Viol (l1): 0.000033, Ineq Viol (l1): 0.000000, Epoch time: 2.75s
Epoch 25/300, Loss: 1.0836, Obj: -1.0502, Eq Viol (l1): 0.000033, Ineq Viol (l1): 0.000000, Epoch time: 2.77s
Epoch 26/300, Loss: 1.0537, Obj: -0.9662, Eq Viol (l1): 0.000044, Ineq Viol (l1): 0.000002, Epoch time: 2.84s
Epoch 27/300, Loss: 1.0828, Obj: -1.0256, Eq Viol (l1): 0.000037, Ineq Viol (l1): 0.000000, Epoch time: 2.82s
Epoch 28/300, Loss: 1.1417, Obj: -0.9612, Eq Viol (l1): 0.000032, Ineq Viol (l1): 0.000000, Epoch time: 2.79s
Epoch 29/300, Loss: 1.1325, Obj: -0.9838, Eq Viol (l1): 0.000032, Ineq Viol (l1): 0.000000, Epoch time: 2.79s
Epoch 30/300, Loss: 1.2004, Obj: -0.9767, Eq Viol (l1): 0.000049, Ineq Viol (l1): 0.000004, Epoch time: 2.86s
Epoch 31/300, Loss: 1.2494, Obj: -0.9616, Eq Viol (l1): 0.000035, Ineq Viol (l1): 0.000000, Epoch time: 2.83s

Running validation at epoch 30...

VALIDATION_EPOCH_30 EVALUATION RESULTS:
==================================================
Objective Value:     7.234536e-01
True Objective:      -2.413704e+00
Optimality Gap:      5.217410e+00 ± 3.382283e+00
Eq Violation l1:   4.881939e-03 (max: 1.104059e+00)
Ineq Violation l1: 1.087234e-03 (max: 3.083951e-01)
Solution Distance:   6.874971e+01 ± 2.002788e+00
Merit:             7.831454e-01 ± 1.138623e-01
Avg Inference Time:  0.1204s
==================================================
Epoch 32/300, Loss: 1.2386, Obj: -0.9663, Eq Viol (l1): 0.000125, Ineq Viol (l1): 0.000024, Epoch time: 2.88s
Epoch 33/300, Loss: 1.3104, Obj: -0.8617, Eq Viol (l1): 0.000030, Ineq Viol (l1): 0.000000, Epoch time: 2.99s
Epoch 34/300, Loss: 1.2315, Obj: -0.9269, Eq Viol (l1): 0.000051, Ineq Viol (l1): 0.000006, Epoch time: 2.80s
Epoch 35/300, Loss: 1.2736, Obj: -0.8547, Eq Viol (l1): 0.000031, Ineq Viol (l1): 0.000000, Epoch time: 2.78s
Epoch 36/300, Loss: 1.1879, Obj: -0.9670, Eq Viol (l1): 0.000027, Ineq Viol (l1): 0.000000, Epoch time: 2.85s
Epoch 37/300, Loss: 1.2106, Obj: -0.9059, Eq Viol (l1): 0.000037, Ineq Viol (l1): 0.000001, Epoch time: 2.86s
Epoch 38/300, Loss: 1.1437, Obj: -0.9634, Eq Viol (l1): 0.000044, Ineq Viol (l1): 0.000002, Epoch time: 2.85s
Epoch 39/300, Loss: 1.2480, Obj: -0.9769, Eq Viol (l1): 0.000051, Ineq Viol (l1): 0.000005, Epoch time: 2.86s
Epoch 40/300, Loss: 1.2571, Obj: -0.9317, Eq Viol (l1): 0.000033, Ineq Viol (l1): 0.000002, Epoch time: 2.94s
Epoch 41/300, Loss: 1.3027, Obj: -0.9610, Eq Viol (l1): 0.000088, Ineq Viol (l1): 0.000011, Epoch time: 2.95s

Running validation at epoch 40...

VALIDATION_EPOCH_40 EVALUATION RESULTS:
==================================================
Objective Value:     7.237252e-01
True Objective:      -2.413704e+00
Optimality Gap:      5.057465e+00 ± 3.015891e+00
Eq Violation l1:   3.306962e-03 (max: 5.957509e-01)
Ineq Violation l1: 6.189312e-04 (max: 1.507762e-01)
Solution Distance:   6.830841e+01 ± 1.455526e+00
Merit:             7.629842e-01 ± 1.057366e-01
Avg Inference Time:  0.1202s
==================================================
Epoch 42/300, Loss: 1.4116, Obj: -0.9704, Eq Viol (l1): 0.000115, Ineq Viol (l1): 0.000020, Epoch time: 2.85s
Epoch 43/300, Loss: 1.4957, Obj: -0.8275, Eq Viol (l1): 0.000834, Ineq Viol (l1): 0.000142, Epoch time: 2.92s
Epoch 44/300, Loss: 1.7102, Obj: -0.9254, Eq Viol (l1): 0.002756, Ineq Viol (l1): 0.000642, Epoch time: 3.07s
Epoch 45/300, Loss: 1.7519, Obj: -0.7966, Eq Viol (l1): 0.000520, Ineq Viol (l1): 0.000155, Epoch time: 2.87s
Epoch 46/300, Loss: 1.6582, Obj: -0.7841, Eq Viol (l1): 0.000228, Ineq Viol (l1): 0.000042, Epoch time: 2.87s
Epoch 47/300, Loss: 1.4091, Obj: -0.8910, Eq Viol (l1): 0.000458, Ineq Viol (l1): 0.000097, Epoch time: 2.84s
Epoch 48/300, Loss: 1.2991, Obj: -0.9413, Eq Viol (l1): 0.000671, Ineq Viol (l1): 0.000174, Epoch time: 2.89s
Epoch 49/300, Loss: 1.4022, Obj: -0.8618, Eq Viol (l1): 0.001824, Ineq Viol (l1): 0.000365, Epoch time: 2.93s
Epoch 50/300, Loss: 1.3727, Obj: -0.9069, Eq Viol (l1): 0.001215, Ineq Viol (l1): 0.000178, Epoch time: 2.86s
Epoch 51/300, Loss: 1.5783, Obj: -0.8540, Eq Viol (l1): 0.000026, Ineq Viol (l1): 0.000000, Epoch time: 2.89s

Running validation at epoch 50...

VALIDATION_EPOCH_50 EVALUATION RESULTS:
==================================================
Objective Value:     7.278519e-01
True Objective:      -2.413704e+00
Optimality Gap:      4.778998e+00 ± 2.798585e+00
Eq Violation l1:   1.163171e-03 (max: 2.386352e-01)
Ineq Violation l1: 1.650155e-04 (max: 4.121500e-02)
Solution Distance:   6.810373e+01 ± 1.737385e+00
Merit:             7.411337e-01 ± 8.904841e-02
Avg Inference Time:  0.1199s
==================================================
Epoch 52/300, Loss: 1.6131, Obj: -0.8189, Eq Viol (l1): 0.000212, Ineq Viol (l1): 0.000027, Epoch time: 2.86s
Epoch 53/300, Loss: 1.6682, Obj: -0.7841, Eq Viol (l1): 0.000534, Ineq Viol (l1): 0.000120, Epoch time: 2.87s
Epoch 54/300, Loss: 1.7161, Obj: -0.8205, Eq Viol (l1): 0.001357, Ineq Viol (l1): 0.000298, Epoch time: 2.96s
Epoch 55/300, Loss: 1.7450, Obj: -0.8331, Eq Viol (l1): 0.002248, Ineq Viol (l1): 0.000448, Epoch time: 2.90s
Epoch 56/300, Loss: 1.6809, Obj: -0.8469, Eq Viol (l1): 0.004342, Ineq Viol (l1): 0.001046, Epoch time: 3.01s
Epoch 57/300, Loss: 1.8308, Obj: -0.8307, Eq Viol (l1): 0.017449, Ineq Viol (l1): 0.006936, Epoch time: 2.89s
Epoch 58/300, Loss: 1.5942, Obj: -0.9166, Eq Viol (l1): 0.007192, Ineq Viol (l1): 0.001778, Epoch time: 2.90s
Epoch 59/300, Loss: 1.7187, Obj: -0.8357, Eq Viol (l1): 0.029049, Ineq Viol (l1): 0.008668, Epoch time: 2.94s
Epoch 60/300, Loss: 2.0008, Obj: -0.8464, Eq Viol (l1): 0.020937, Ineq Viol (l1): 0.007677, Epoch time: 3.01s
Epoch 61/300, Loss: 1.9240, Obj: -0.8059, Eq Viol (l1): 0.008717, Ineq Viol (l1): 0.002066, Epoch time: 2.89s

Running validation at epoch 60...

VALIDATION_EPOCH_60 EVALUATION RESULTS:
==================================================
Objective Value:     6.282847e-01
True Objective:      -2.413704e+00
Optimality Gap:      4.626567e+00 ± 2.851185e+00
Eq Violation l1:   3.653723e-03 (max: 5.755823e-01)
Ineq Violation l1: 6.933643e-04 (max: 1.416341e-01)
Solution Distance:   6.831033e+01 ± 2.051011e+00
Merit:             6.717556e-01 ± 1.777613e-01
Avg Inference Time:  0.1200s
==================================================
Epoch 62/300, Loss: 1.9010, Obj: -0.8337, Eq Viol (l1): 0.004566, Ineq Viol (l1): 0.000946, Epoch time: 2.94s
Epoch 63/300, Loss: 1.9897, Obj: -0.7284, Eq Viol (l1): 0.007050, Ineq Viol (l1): 0.001755, Epoch time: 3.00s
Epoch 64/300, Loss: 1.9396, Obj: -0.7362, Eq Viol (l1): 0.036853, Ineq Viol (l1): 0.012106, Epoch time: 2.97s
Epoch 65/300, Loss: 1.8056, Obj: -0.7271, Eq Viol (l1): 0.031945, Ineq Viol (l1): 0.015060, Epoch time: 2.94s
Epoch 66/300, Loss: 1.7403, Obj: -0.7782, Eq Viol (l1): 0.041891, Ineq Viol (l1): 0.016765, Epoch time: 3.01s
Epoch 67/300, Loss: 1.7753, Obj: -0.7710, Eq Viol (l1): 0.039490, Ineq Viol (l1): 0.018054, Epoch time: 2.92s
Epoch 68/300, Loss: 1.8348, Obj: -0.6985, Eq Viol (l1): 0.037762, Ineq Viol (l1): 0.015916, Epoch time: 3.09s
Epoch 69/300, Loss: 1.7274, Obj: -0.7966, Eq Viol (l1): 0.037748, Ineq Viol (l1): 0.015428, Epoch time: 2.94s
Epoch 70/300, Loss: 1.7857, Obj: -0.7797, Eq Viol (l1): 0.035919, Ineq Viol (l1): 0.015013, Epoch time: 3.02s
Epoch 71/300, Loss: 1.8738, Obj: -0.7692, Eq Viol (l1): 0.043106, Ineq Viol (l1): 0.019954, Epoch time: 2.91s

Running validation at epoch 70...

VALIDATION_EPOCH_70 EVALUATION RESULTS:
==================================================
Objective Value:     7.315135e-01
True Objective:      -2.413704e+00
Optimality Gap:      4.494518e+00 ± 2.624833e+00
Eq Violation l1:   3.256293e-03 (max: 4.938073e-01)
Ineq Violation l1: 5.856360e-04 (max: 1.407859e-01)
Solution Distance:   6.851082e+01 ± 1.901270e+00
Merit:             7.699328e-01 ± 1.276569e-01
Avg Inference Time:  0.1196s
==================================================
Epoch 72/300, Loss: 1.7178, Obj: -0.7678, Eq Viol (l1): 0.054434, Ineq Viol (l1): 0.025136, Epoch time: 2.89s
Epoch 73/300, Loss: 2.6113, Obj: -0.7362, Eq Viol (l1): 0.097780, Ineq Viol (l1): 0.132802, Epoch time: 2.95s
Epoch 74/300, Loss: 1.8557, Obj: -0.7206, Eq Viol (l1): 0.046908, Ineq Viol (l1): 0.019443, Epoch time: 2.90s
Epoch 75/300, Loss: 1.5565, Obj: -0.7373, Eq Viol (l1): 0.059210, Ineq Viol (l1): 0.024826, Epoch time: 2.92s
Epoch 76/300, Loss: 1.8937, Obj: -0.7749, Eq Viol (l1): 0.047670, Ineq Viol (l1): 0.019581, Epoch time: 2.89s
Epoch 77/300, Loss: 1.5339, Obj: -0.7881, Eq Viol (l1): 0.068454, Ineq Viol (l1): 0.028700, Epoch time: 2.96s
Epoch 78/300, Loss: 1.7088, Obj: -0.7558, Eq Viol (l1): 0.063565, Ineq Viol (l1): 0.026972, Epoch time: 2.96s
Epoch 79/300, Loss: 1.4667, Obj: -0.7642, Eq Viol (l1): 0.056844, Ineq Viol (l1): 0.023785, Epoch time: 2.93s
Epoch 80/300, Loss: 1.7137, Obj: -0.7586, Eq Viol (l1): 0.037911, Ineq Viol (l1): 0.016157, Epoch time: 2.88s
Epoch 81/300, Loss: 1.5648, Obj: -0.7235, Eq Viol (l1): 0.034633, Ineq Viol (l1): 0.015031, Epoch time: 2.88s

Running validation at epoch 80...

VALIDATION_EPOCH_80 EVALUATION RESULTS:
==================================================
Objective Value:     7.848634e-01
True Objective:      -2.413704e+00
Optimality Gap:      4.844273e+00 ± 2.915265e+00
Eq Violation l1:   5.731282e-03 (max: 2.285280e+00)
Ineq Violation l1: 1.192135e-03 (max: 4.943962e-01)
Solution Distance:   6.823416e+01 ± 1.739501e+00
Merit:             8.540976e-01 ± 2.584129e-02
Avg Inference Time:  0.1204s
==================================================
Epoch 82/300, Loss: 1.5977, Obj: -0.8250, Eq Viol (l1): 0.035851, Ineq Viol (l1): 0.014949, Epoch time: 2.80s
Epoch 83/300, Loss: 1.5553, Obj: -0.7609, Eq Viol (l1): 0.034103, Ineq Viol (l1): 0.015292, Epoch time: 2.89s
Epoch 84/300, Loss: 1.5321, Obj: -0.8489, Eq Viol (l1): 0.034521, Ineq Viol (l1): 0.013521, Epoch time: 2.83s
Epoch 85/300, Loss: 1.3700, Obj: -0.8550, Eq Viol (l1): 0.036610, Ineq Viol (l1): 0.015877, Epoch time: 2.85s
Epoch 86/300, Loss: 1.4031, Obj: -0.7933, Eq Viol (l1): 0.042767, Ineq Viol (l1): 0.016460, Epoch time: 2.90s
Epoch 87/300, Loss: 1.4837, Obj: -0.7956, Eq Viol (l1): 0.039521, Ineq Viol (l1): 0.014718, Epoch time: 2.84s
Epoch 88/300, Loss: 1.5021, Obj: -0.8242, Eq Viol (l1): 0.040076, Ineq Viol (l1): 0.015437, Epoch time: 2.89s
Epoch 89/300, Loss: 1.4075, Obj: -0.8315, Eq Viol (l1): 0.035990, Ineq Viol (l1): 0.013039, Epoch time: 2.87s
Epoch 90/300, Loss: 1.4303, Obj: -0.8392, Eq Viol (l1): 0.033227, Ineq Viol (l1): 0.013581, Epoch time: 2.88s
Epoch 91/300, Loss: 1.3861, Obj: -0.8133, Eq Viol (l1): 0.034612, Ineq Viol (l1): 0.013753, Epoch time: 2.91s

Running validation at epoch 90...

VALIDATION_EPOCH_90 EVALUATION RESULTS:
==================================================
Objective Value:     7.508493e-01
True Objective:      -2.413704e+00
Optimality Gap:      4.751807e+00 ± 2.913433e+00
Eq Violation l1:   3.155513e-03 (max: 6.904608e-01)
Ineq Violation l1: 6.838192e-04 (max: 1.761033e-01)
Solution Distance:   6.818858e+01 ± 1.671471e+00
Merit:             7.892426e-01 ± 9.001426e-02
Avg Inference Time:  0.1205s
==================================================
Epoch 92/300, Loss: 1.3141, Obj: -0.8736, Eq Viol (l1): 0.032523, Ineq Viol (l1): 0.013318, Epoch time: 2.86s
Epoch 93/300, Loss: 1.2587, Obj: -0.8418, Eq Viol (l1): 0.036103, Ineq Viol (l1): 0.014391, Epoch time: 2.85s
Epoch 94/300, Loss: 1.2264, Obj: -0.8551, Eq Viol (l1): 0.032887, Ineq Viol (l1): 0.013378, Epoch time: 2.87s
Epoch 95/300, Loss: 1.1610, Obj: -0.8551, Eq Viol (l1): 0.031528, Ineq Viol (l1): 0.013092, Epoch time: 2.86s
Epoch 96/300, Loss: 1.2133, Obj: -0.7939, Eq Viol (l1): 0.031477, Ineq Viol (l1): 0.013081, Epoch time: 2.81s
Epoch 97/300, Loss: 1.3993, Obj: -0.7547, Eq Viol (l1): 0.046828, Ineq Viol (l1): 0.019470, Epoch time: 2.82s
Epoch 98/300, Loss: 1.4310, Obj: -0.7756, Eq Viol (l1): 0.031471, Ineq Viol (l1): 0.013082, Epoch time: 2.91s
Epoch 99/300, Loss: 1.3340, Obj: -0.7935, Eq Viol (l1): 0.031470, Ineq Viol (l1): 0.013081, Epoch time: 2.86s
Epoch 100/300, Loss: 1.2552, Obj: -0.8289, Eq Viol (l1): 0.031474, Ineq Viol (l1): 0.013081, Epoch time: 2.83s
Epoch 101/300, Loss: 1.4575, Obj: -0.7761, Eq Viol (l1): 0.022710, Ineq Viol (l1): 0.005726, Epoch time: 2.95s

Running validation at epoch 100...

VALIDATION_EPOCH_100 EVALUATION RESULTS:
==================================================
Objective Value:     6.945283e-01
True Objective:      -2.413704e+00
Optimality Gap:      4.718279e+00 ± 2.738297e+00
Eq Violation l1:   1.943384e-03 (max: 5.827654e-01)
Ineq Violation l1: 3.760040e-04 (max: 1.204741e-01)
Solution Distance:   6.819038e+01 ± 1.846243e+00
Merit:             7.177222e-01 ± 8.226985e-02
Avg Inference Time:  0.1197s
==================================================
Epoch 102/300, Loss: 1.2745, Obj: -0.8173, Eq Viol (l1): 0.036286, Ineq Viol (l1): 0.012718, Epoch time: 2.91s
Epoch 103/300, Loss: 1.1736, Obj: -0.8231, Eq Viol (l1): 0.031449, Ineq Viol (l1): 0.014937, Epoch time: 2.80s
Epoch 104/300, Loss: 1.1823, Obj: -0.8773, Eq Viol (l1): 0.031065, Ineq Viol (l1): 0.013686, Epoch time: 2.88s
Epoch 105/300, Loss: 1.3714, Obj: -0.7969, Eq Viol (l1): 0.033246, Ineq Viol (l1): 0.013142, Epoch time: 2.87s
Epoch 106/300, Loss: 1.4116, Obj: -0.8064, Eq Viol (l1): 0.031789, Ineq Viol (l1): 0.013591, Epoch time: 2.84s
Epoch 107/300, Loss: 1.3443, Obj: -0.7859, Eq Viol (l1): 0.033249, Ineq Viol (l1): 0.013142, Epoch time: 2.88s
Epoch 108/300, Loss: 1.2928, Obj: -0.8317, Eq Viol (l1): 0.031658, Ineq Viol (l1): 0.013270, Epoch time: 2.89s
Epoch 109/300, Loss: 1.3744, Obj: -0.7952, Eq Viol (l1): 0.031792, Ineq Viol (l1): 0.013591, Epoch time: 2.82s
Epoch 110/300, Loss: 1.4164, Obj: -0.6851, Eq Viol (l1): 0.030187, Ineq Viol (l1): 0.013819, Epoch time: 2.84s
Epoch 111/300, Loss: 1.2265, Obj: -0.8319, Eq Viol (l1): 0.031788, Ineq Viol (l1): 0.013591, Epoch time: 2.82s

Running validation at epoch 110...

VALIDATION_EPOCH_110 EVALUATION RESULTS:
==================================================
Objective Value:     7.203210e-01
True Objective:      -2.413704e+00
Optimality Gap:      4.785104e+00 ± 2.878739e+00
Eq Violation l1:   2.718786e-03 (max: 1.002966e+00)
Ineq Violation l1: 5.914433e-04 (max: 2.638544e-01)
Solution Distance:   6.843028e+01 ± 1.589896e+00
Merit:             7.534233e-01 ± 1.146450e-01
Avg Inference Time:  0.1209s
==================================================
Epoch 112/300, Loss: 1.2478, Obj: -0.8277, Eq Viol (l1): 0.031787, Ineq Viol (l1): 0.013591, Epoch time: 2.90s
Epoch 113/300, Loss: 1.2275, Obj: -0.7980, Eq Viol (l1): 0.031151, Ineq Viol (l1): 0.013246, Epoch time: 2.88s
Epoch 114/300, Loss: 1.2695, Obj: -0.7994, Eq Viol (l1): 0.047302, Ineq Viol (l1): 0.020228, Epoch time: 2.83s
Epoch 115/300, Loss: 1.2649, Obj: -0.8246, Eq Viol (l1): 0.031786, Ineq Viol (l1): 0.013591, Epoch time: 2.84s
Epoch 116/300, Loss: 1.2993, Obj: -0.8529, Eq Viol (l1): 0.030231, Ineq Viol (l1): 0.012128, Epoch time: 2.89s
Epoch 117/300, Loss: 1.2050, Obj: -0.8241, Eq Viol (l1): 0.031199, Ineq Viol (l1): 0.013251, Epoch time: 2.89s
Epoch 118/300, Loss: 1.2700, Obj: -0.7939, Eq Viol (l1): 0.031840, Ineq Viol (l1): 0.013618, Epoch time: 2.94s
Epoch 119/300, Loss: 1.3560, Obj: -0.8021, Eq Viol (l1): 0.031467, Ineq Viol (l1): 0.012886, Epoch time: 2.90s
Epoch 120/300, Loss: 1.4831, Obj: -0.7650, Eq Viol (l1): 0.033015, Ineq Viol (l1): 0.012231, Epoch time: 2.84s
Epoch 121/300, Loss: 1.3227, Obj: -0.7923, Eq Viol (l1): 0.031470, Ineq Viol (l1): 0.012886, Epoch time: 2.89s

Running validation at epoch 120...

VALIDATION_EPOCH_120 EVALUATION RESULTS:
==================================================
Objective Value:     6.833084e-01
True Objective:      -2.413704e+00
Optimality Gap:      4.721667e+00 ± 2.956081e+00
Eq Violation l1:   9.043102e-04 (max: 1.440959e-01)
Ineq Violation l1: 1.362132e-04 (max: 3.143652e-02)
Solution Distance:   6.794509e+01 ± 1.490816e+00
Merit:             6.937136e-01 ± 1.035935e-01
Avg Inference Time:  0.1197s
==================================================
Epoch 122/300, Loss: 1.3012, Obj: -0.7888, Eq Viol (l1): 0.030633, Ineq Viol (l1): 0.012680, Epoch time: 2.83s
Epoch 123/300, Loss: 1.2236, Obj: -0.8185, Eq Viol (l1): 0.031470, Ineq Viol (l1): 0.012886, Epoch time: 2.77s
Epoch 124/300, Loss: 1.3418, Obj: -0.7857, Eq Viol (l1): 0.031464, Ineq Viol (l1): 0.012886, Epoch time: 2.80s
Epoch 125/300, Loss: 1.3268, Obj: -0.7230, Eq Viol (l1): 0.031467, Ineq Viol (l1): 0.012886, Epoch time: 2.83s
Epoch 126/300, Loss: 1.1617, Obj: -0.8433, Eq Viol (l1): 0.046882, Ineq Viol (l1): 0.019191, Epoch time: 2.88s
Epoch 127/300, Loss: 1.2695, Obj: -0.7127, Eq Viol (l1): 0.031577, Ineq Viol (l1): 0.012913, Epoch time: 2.88s
Epoch 128/300, Loss: 1.1763, Obj: -0.8688, Eq Viol (l1): 0.030340, Ineq Viol (l1): 0.012341, Epoch time: 2.79s
Epoch 129/300, Loss: 1.1754, Obj: -0.8048, Eq Viol (l1): 0.031466, Ineq Viol (l1): 0.012886, Epoch time: 2.81s
Epoch 130/300, Loss: 1.1955, Obj: -0.8537, Eq Viol (l1): 0.046820, Ineq Viol (l1): 0.019179, Epoch time: 2.79s
Epoch 131/300, Loss: 1.2933, Obj: -0.7831, Eq Viol (l1): 0.031466, Ineq Viol (l1): 0.012886, Epoch time: 2.79s

Running validation at epoch 130...

VALIDATION_EPOCH_130 EVALUATION RESULTS:
==================================================
Objective Value:     7.713906e-01
True Objective:      -2.413704e+00
Optimality Gap:      4.592056e+00 ± 2.715323e+00
Eq Violation l1:   1.384124e-03 (max: 3.168011e-01)
Ineq Violation l1: 1.846811e-04 (max: 5.210540e-02)
Solution Distance:   6.854605e+01 ± 1.645395e+00
Merit:             7.870787e-01 ± 9.261073e-02
Avg Inference Time:  0.1202s
==================================================
Epoch 132/300, Loss: 1.1648, Obj: -0.8543, Eq Viol (l1): 0.037695, Ineq Viol (l1): 0.013503, Epoch time: 2.83s
Epoch 133/300, Loss: 1.0648, Obj: -0.8552, Eq Viol (l1): 0.035917, Ineq Viol (l1): 0.013605, Epoch time: 2.78s
Epoch 134/300, Loss: 1.1317, Obj: -0.8520, Eq Viol (l1): 0.031049, Ineq Viol (l1): 0.012620, Epoch time: 2.79s
Epoch 135/300, Loss: 1.0731, Obj: -0.8445, Eq Viol (l1): 0.031462, Ineq Viol (l1): 0.012886, Epoch time: 2.91s
Epoch 136/300, Loss: 1.0670, Obj: -0.8502, Eq Viol (l1): 0.031464, Ineq Viol (l1): 0.012886, Epoch time: 2.85s
Epoch 137/300, Loss: 1.1803, Obj: -0.8105, Eq Viol (l1): 0.031465, Ineq Viol (l1): 0.012886, Epoch time: 2.81s
Epoch 138/300, Loss: 1.1970, Obj: -0.7968, Eq Viol (l1): 0.031469, Ineq Viol (l1): 0.012886, Epoch time: 2.83s
Epoch 139/300, Loss: 1.1272, Obj: -0.8609, Eq Viol (l1): 0.031464, Ineq Viol (l1): 0.012886, Epoch time: 2.86s
Epoch 140/300, Loss: 1.2309, Obj: -0.8552, Eq Viol (l1): 0.031458, Ineq Viol (l1): 0.012886, Epoch time: 2.90s
Epoch 141/300, Loss: 1.4084, Obj: -0.6985, Eq Viol (l1): 0.031462, Ineq Viol (l1): 0.012886, Epoch time: 2.82s

Running validation at epoch 140...

VALIDATION_EPOCH_140 EVALUATION RESULTS:
==================================================
Objective Value:     6.492080e-01
True Objective:      -2.413704e+00
Optimality Gap:      4.705486e+00 ± 3.025794e+00
Eq Violation l1:   2.203161e-03 (max: 5.895918e-01)
Ineq Violation l1: 3.274865e-04 (max: 1.064260e-01)
Solution Distance:   6.778776e+01 ± 1.336319e+00
Merit:             6.745145e-01 ± 7.574431e-02
Avg Inference Time:  0.1199s
==================================================
Epoch 142/300, Loss: 1.1946, Obj: -0.8341, Eq Viol (l1): 0.031466, Ineq Viol (l1): 0.012886, Epoch time: 2.80s
Epoch 143/300, Loss: 1.2439, Obj: -0.8239, Eq Viol (l1): 0.031465, Ineq Viol (l1): 0.012886, Epoch time: 2.84s
Epoch 144/300, Loss: 1.3212, Obj: -0.7788, Eq Viol (l1): 0.031470, Ineq Viol (l1): 0.012886, Epoch time: 2.82s
Epoch 145/300, Loss: 1.1777, Obj: -0.8175, Eq Viol (l1): 0.031469, Ineq Viol (l1): 0.012886, Epoch time: 2.85s
Epoch 146/300, Loss: 1.2592, Obj: -0.8157, Eq Viol (l1): 0.031468, Ineq Viol (l1): 0.012886, Epoch time: 2.81s
Epoch 147/300, Loss: 1.4252, Obj: -0.7507, Eq Viol (l1): 0.031464, Ineq Viol (l1): 0.012886, Epoch time: 2.84s
Epoch 148/300, Loss: 1.2400, Obj: -0.8771, Eq Viol (l1): 0.031466, Ineq Viol (l1): 0.012886, Epoch time: 2.81s
Epoch 149/300, Loss: 1.0946, Obj: -0.8449, Eq Viol (l1): 0.031472, Ineq Viol (l1): 0.012886, Epoch time: 2.76s
Epoch 150/300, Loss: 1.0113, Obj: -0.8418, Eq Viol (l1): 0.031468, Ineq Viol (l1): 0.012886, Epoch time: 2.77s
Epoch 151/300, Loss: 1.0633, Obj: -0.8651, Eq Viol (l1): 0.031466, Ineq Viol (l1): 0.012886, Epoch time: 2.79s

Running validation at epoch 150...

VALIDATION_EPOCH_150 EVALUATION RESULTS:
==================================================
Objective Value:     7.093257e-01
True Objective:      -2.413704e+00
Optimality Gap:      4.734147e+00 ± 2.990392e+00
Eq Violation l1:   2.234002e-03 (max: 6.354515e-01)
Ineq Violation l1: 3.181680e-04 (max: 1.007890e-01)
Solution Distance:   6.805546e+01 ± 1.843799e+00
Merit:             7.348474e-01 ± 5.742098e-02
Avg Inference Time:  0.1200s
==================================================
Epoch 152/300, Loss: 0.9348, Obj: -0.8665, Eq Viol (l1): 0.031471, Ineq Viol (l1): 0.012886, Epoch time: 2.76s
Epoch 153/300, Loss: 1.0292, Obj: -0.8320, Eq Viol (l1): 0.031467, Ineq Viol (l1): 0.012886, Epoch time: 2.79s
Epoch 154/300, Loss: 1.0419, Obj: -0.8653, Eq Viol (l1): 0.031466, Ineq Viol (l1): 0.012886, Epoch time: 2.83s
Epoch 155/300, Loss: 1.0153, Obj: -0.8853, Eq Viol (l1): 0.033115, Ineq Viol (l1): 0.013053, Epoch time: 2.89s
Epoch 156/300, Loss: 0.9689, Obj: -0.8953, Eq Viol (l1): 0.031459, Ineq Viol (l1): 0.012886, Epoch time: 2.84s
Epoch 157/300, Loss: 0.9765, Obj: -0.9008, Eq Viol (l1): 0.031998, Ineq Viol (l1): 0.013087, Epoch time: 2.75s
Epoch 158/300, Loss: 0.9564, Obj: -0.8945, Eq Viol (l1): 0.031470, Ineq Viol (l1): 0.012886, Epoch time: 2.77s
Epoch 159/300, Loss: 0.9653, Obj: -0.8559, Eq Viol (l1): 0.031461, Ineq Viol (l1): 0.012886, Epoch time: 2.83s
Epoch 160/300, Loss: 0.9578, Obj: -0.8770, Eq Viol (l1): 0.031469, Ineq Viol (l1): 0.012886, Epoch time: 2.78s
Epoch 161/300, Loss: 1.0679, Obj: -0.8657, Eq Viol (l1): 0.046817, Ineq Viol (l1): 0.019179, Epoch time: 2.80s

Running validation at epoch 160...

VALIDATION_EPOCH_160 EVALUATION RESULTS:
==================================================
Objective Value:     6.859808e-01
True Objective:      -2.413704e+00
Optimality Gap:      4.808220e+00 ± 3.086374e+00
Eq Violation l1:   3.864805e-03 (max: 5.195776e-01)
Ineq Violation l1: 7.734142e-04 (max: 1.851829e-01)
Solution Distance:   6.857345e+01 ± 1.590743e+00
Merit:             7.323630e-01 ± 9.785774e-02
Avg Inference Time:  0.1202s
==================================================
Epoch 162/300, Loss: 0.9555, Obj: -0.8217, Eq Viol (l1): 0.031464, Ineq Viol (l1): 0.012886, Epoch time: 2.80s
Epoch 163/300, Loss: 1.0346, Obj: -0.8645, Eq Viol (l1): 0.031464, Ineq Viol (l1): 0.012886, Epoch time: 2.81s
Epoch 164/300, Loss: 1.1134, Obj: -0.8328, Eq Viol (l1): 0.031466, Ineq Viol (l1): 0.012886, Epoch time: 2.89s
Epoch 165/300, Loss: 1.2194, Obj: -0.8570, Eq Viol (l1): 0.031456, Ineq Viol (l1): 0.012886, Epoch time: 2.88s
Epoch 166/300, Loss: 1.0639, Obj: -0.7853, Eq Viol (l1): 0.030547, Ineq Viol (l1): 0.013112, Epoch time: 2.78s
Epoch 167/300, Loss: 1.0500, Obj: -0.8458, Eq Viol (l1): 0.031475, Ineq Viol (l1): 0.012886, Epoch time: 2.79s
Epoch 168/300, Loss: 0.9234, Obj: -0.8999, Eq Viol (l1): 0.031470, Ineq Viol (l1): 0.012886, Epoch time: 2.86s
Epoch 169/300, Loss: 0.8964, Obj: -0.9039, Eq Viol (l1): 0.031469, Ineq Viol (l1): 0.012886, Epoch time: 2.81s
Epoch 170/300, Loss: 0.9404, Obj: -0.8866, Eq Viol (l1): 0.031470, Ineq Viol (l1): 0.012886, Epoch time: 2.79s
Epoch 171/300, Loss: 0.9726, Obj: -0.9158, Eq Viol (l1): 0.030551, Ineq Viol (l1): 0.013112, Epoch time: 2.76s

Running validation at epoch 170...

VALIDATION_EPOCH_170 EVALUATION RESULTS:
==================================================
Objective Value:     6.670264e-01
True Objective:      -2.413704e+00
Optimality Gap:      4.684957e+00 ± 2.914632e+00
Eq Violation l1:   1.722960e-03 (max: 5.070125e-01)
Ineq Violation l1: 3.609200e-04 (max: 1.404684e-01)
Solution Distance:   6.838927e+01 ± 1.897706e+00
Merit:             6.878652e-01 ± 8.814312e-02
Avg Inference Time:  0.1206s
==================================================
Epoch 172/300, Loss: 1.0851, Obj: -0.9154, Eq Viol (l1): 0.030600, Ineq Viol (l1): 0.012671, Epoch time: 2.86s
Epoch 173/300, Loss: 1.0667, Obj: -0.8758, Eq Viol (l1): 0.031465, Ineq Viol (l1): 0.012886, Epoch time: 2.82s
Epoch 174/300, Loss: 1.0521, Obj: -0.8478, Eq Viol (l1): 0.031463, Ineq Viol (l1): 0.012886, Epoch time: 2.85s
Epoch 175/300, Loss: 1.0103, Obj: -0.8736, Eq Viol (l1): 0.031462, Ineq Viol (l1): 0.012886, Epoch time: 2.86s
Epoch 176/300, Loss: 0.9919, Obj: -0.8823, Eq Viol (l1): 0.031495, Ineq Viol (l1): 0.012896, Epoch time: 2.87s
Epoch 177/300, Loss: 0.9369, Obj: -0.8921, Eq Viol (l1): 0.031464, Ineq Viol (l1): 0.012886, Epoch time: 2.81s
Epoch 178/300, Loss: 1.0640, Obj: -0.8442, Eq Viol (l1): 0.031470, Ineq Viol (l1): 0.012886, Epoch time: 2.79s
Epoch 179/300, Loss: 0.9202, Obj: -0.8489, Eq Viol (l1): 0.031466, Ineq Viol (l1): 0.012886, Epoch time: 2.80s
Epoch 180/300, Loss: 0.8940, Obj: -0.8784, Eq Viol (l1): 0.046810, Ineq Viol (l1): 0.019179, Epoch time: 2.83s
Epoch 181/300, Loss: 0.9485, Obj: -0.8789, Eq Viol (l1): 0.031461, Ineq Viol (l1): 0.012886, Epoch time: 2.81s

Running validation at epoch 180...

VALIDATION_EPOCH_180 EVALUATION RESULTS:
==================================================
Objective Value:     6.560644e-01
True Objective:      -2.413704e+00
Optimality Gap:      4.339716e+00 ± 2.811307e+00
Eq Violation l1:   2.899579e-03 (max: 6.522625e-01)
Ineq Violation l1: 5.436671e-04 (max: 1.299622e-01)
Solution Distance:   6.802137e+01 ± 1.778875e+00
Merit:             6.904969e-01 ± 4.808978e-02
Avg Inference Time:  0.1201s
==================================================
Epoch 182/300, Loss: 1.0504, Obj: -0.8336, Eq Viol (l1): 0.031475, Ineq Viol (l1): 0.012886, Epoch time: 2.76s
Epoch 183/300, Loss: 0.9849, Obj: -0.8928, Eq Viol (l1): 0.031467, Ineq Viol (l1): 0.012886, Epoch time: 2.79s
Epoch 184/300, Loss: 1.0394, Obj: -0.8705, Eq Viol (l1): 0.031471, Ineq Viol (l1): 0.012886, Epoch time: 2.78s
Epoch 185/300, Loss: 1.0781, Obj: -0.8143, Eq Viol (l1): 0.031465, Ineq Viol (l1): 0.012886, Epoch time: 2.80s
Epoch 186/300, Loss: 1.0629, Obj: -0.8604, Eq Viol (l1): 0.031467, Ineq Viol (l1): 0.012886, Epoch time: 2.78s
Epoch 187/300, Loss: 0.9837, Obj: -0.8901, Eq Viol (l1): 0.031468, Ineq Viol (l1): 0.012886, Epoch time: 2.79s
Epoch 188/300, Loss: 0.9507, Obj: -0.8773, Eq Viol (l1): 0.030546, Ineq Viol (l1): 0.013112, Epoch time: 2.76s
Epoch 189/300, Loss: 0.9880, Obj: -0.8328, Eq Viol (l1): 0.031467, Ineq Viol (l1): 0.012886, Epoch time: 2.77s
Epoch 190/300, Loss: 0.8994, Obj: -0.9091, Eq Viol (l1): 0.031466, Ineq Viol (l1): 0.012886, Epoch time: 2.78s
Epoch 191/300, Loss: 0.9014, Obj: -0.8833, Eq Viol (l1): 0.031464, Ineq Viol (l1): 0.012886, Epoch time: 2.84s

Running validation at epoch 190...

VALIDATION_EPOCH_190 EVALUATION RESULTS:
==================================================
Objective Value:     6.034131e-01
True Objective:      -2.413704e+00
Optimality Gap:      4.365317e+00 ± 2.869572e+00
Eq Violation l1:   1.496604e-03 (max: 5.804504e-01)
Ineq Violation l1: 2.755316e-04 (max: 1.181623e-01)
Solution Distance:   6.786278e+01 ± 1.991741e+00
Merit:             6.211345e-01 ± 8.716300e-02
Avg Inference Time:  0.1199s
==================================================
Epoch 192/300, Loss: 0.8841, Obj: -0.9352, Eq Viol (l1): 0.031472, Ineq Viol (l1): 0.012886, Epoch time: 2.78s
Epoch 193/300, Loss: 0.9980, Obj: -0.8530, Eq Viol (l1): 0.031472, Ineq Viol (l1): 0.012886, Epoch time: 2.76s
Epoch 194/300, Loss: 1.1827, Obj: -0.8149, Eq Viol (l1): 0.031475, Ineq Viol (l1): 0.012886, Epoch time: 2.77s
Epoch 195/300, Loss: 0.9882, Obj: -0.8929, Eq Viol (l1): 0.031466, Ineq Viol (l1): 0.012886, Epoch time: 2.78s
Epoch 196/300, Loss: 0.9946, Obj: -0.8505, Eq Viol (l1): 0.031465, Ineq Viol (l1): 0.012886, Epoch time: 2.80s
Epoch 197/300, Loss: 0.8681, Obj: -0.9181, Eq Viol (l1): 0.031462, Ineq Viol (l1): 0.012886, Epoch time: 2.82s
Epoch 198/300, Loss: 0.9514, Obj: -0.8885, Eq Viol (l1): 0.031468, Ineq Viol (l1): 0.012886, Epoch time: 2.77s
Epoch 199/300, Loss: 0.8539, Obj: -0.8952, Eq Viol (l1): 0.031470, Ineq Viol (l1): 0.012886, Epoch time: 2.76s
Epoch 200/300, Loss: 0.8759, Obj: -0.8954, Eq Viol (l1): 0.031470, Ineq Viol (l1): 0.012886, Epoch time: 2.77s
Epoch 201/300, Loss: 0.9615, Obj: -0.8749, Eq Viol (l1): 0.031463, Ineq Viol (l1): 0.012886, Epoch time: 2.87s

Running validation at epoch 200...

VALIDATION_EPOCH_200 EVALUATION RESULTS:
==================================================
Objective Value:     6.780274e-01
True Objective:      -2.413704e+00
Optimality Gap:      4.275869e+00 ± 2.679015e+00
Eq Violation l1:   2.058726e-03 (max: 3.650137e-01)
Ineq Violation l1: 3.443119e-04 (max: 6.567338e-02)
Solution Distance:   6.778030e+01 ± 1.647764e+00
Merit:             7.020578e-01 ± 6.889201e-02
Avg Inference Time:  0.1197s
==================================================
Epoch 202/300, Loss: 1.0164, Obj: -0.8596, Eq Viol (l1): 0.031474, Ineq Viol (l1): 0.012886, Epoch time: 2.86s
Epoch 203/300, Loss: 0.8932, Obj: -0.9614, Eq Viol (l1): 0.031477, Ineq Viol (l1): 0.012886, Epoch time: 2.74s
Epoch 204/300, Loss: 0.9826, Obj: -0.8454, Eq Viol (l1): 0.031474, Ineq Viol (l1): 0.012886, Epoch time: 2.82s
Epoch 205/300, Loss: 0.9428, Obj: -0.9054, Eq Viol (l1): 0.031467, Ineq Viol (l1): 0.012886, Epoch time: 2.83s
Epoch 206/300, Loss: 0.9748, Obj: -0.8745, Eq Viol (l1): 0.030688, Ineq Viol (l1): 0.013009, Epoch time: 2.84s
Epoch 207/300, Loss: 0.9335, Obj: -0.9055, Eq Viol (l1): 0.031465, Ineq Viol (l1): 0.012886, Epoch time: 2.83s
Epoch 208/300, Loss: 0.8901, Obj: -0.8765, Eq Viol (l1): 0.031467, Ineq Viol (l1): 0.012886, Epoch time: 2.82s
Epoch 209/300, Loss: 0.9160, Obj: -0.9096, Eq Viol (l1): 0.031243, Ineq Viol (l1): 0.014343, Epoch time: 2.84s
Epoch 210/300, Loss: 0.8540, Obj: -0.8913, Eq Viol (l1): 0.030616, Ineq Viol (l1): 0.012678, Epoch time: 2.78s
Epoch 211/300, Loss: 0.9183, Obj: -0.8698, Eq Viol (l1): 0.030701, Ineq Viol (l1): 0.012747, Epoch time: 2.82s

Running validation at epoch 210...

VALIDATION_EPOCH_210 EVALUATION RESULTS:
==================================================
Objective Value:     6.539312e-01
True Objective:      -2.413704e+00
Optimality Gap:      4.483796e+00 ± 2.699240e+00
Eq Violation l1:   2.559835e-03 (max: 5.001356e-01)
Ineq Violation l1: 4.653016e-04 (max: 9.226798e-02)
Solution Distance:   6.784958e+01 ± 1.694484e+00
Merit:             6.841826e-01 ± 8.599144e-02
Avg Inference Time:  0.1207s
==================================================
Epoch 212/300, Loss: 0.9608, Obj: -0.8895, Eq Viol (l1): 0.031474, Ineq Viol (l1): 0.014032, Epoch time: 2.80s
Epoch 213/300, Loss: 0.9025, Obj: -0.8732, Eq Viol (l1): 0.031472, Ineq Viol (l1): 0.014032, Epoch time: 2.78s
Epoch 214/300, Loss: 1.0268, Obj: -0.8643, Eq Viol (l1): 0.032323, Ineq Viol (l1): 0.011233, Epoch time: 2.83s
Epoch 215/300, Loss: 0.9970, Obj: -0.8509, Eq Viol (l1): 0.030693, Ineq Viol (l1): 0.012747, Epoch time: 2.80s
Epoch 216/300, Loss: 1.0686, Obj: -0.8819, Eq Viol (l1): 0.029571, Ineq Viol (l1): 0.011333, Epoch time: 2.79s
Epoch 217/300, Loss: 1.1582, Obj: -0.8492, Eq Viol (l1): 0.030689, Ineq Viol (l1): 0.012747, Epoch time: 2.89s
Epoch 218/300, Loss: 1.3349, Obj: -0.8517, Eq Viol (l1): 0.030705, Ineq Viol (l1): 0.012749, Epoch time: 2.93s
Epoch 219/300, Loss: 1.3782, Obj: -0.7726, Eq Viol (l1): 0.032094, Ineq Viol (l1): 0.013016, Epoch time: 2.90s
Epoch 220/300, Loss: 1.2302, Obj: -0.8795, Eq Viol (l1): 0.032316, Ineq Viol (l1): 0.013145, Epoch time: 2.87s
Epoch 221/300, Loss: 1.2194, Obj: -0.8382, Eq Viol (l1): 0.042098, Ineq Viol (l1): 0.016226, Epoch time: 2.90s

Running validation at epoch 220...

VALIDATION_EPOCH_220 EVALUATION RESULTS:
==================================================
Objective Value:     6.773503e-01
True Objective:      -2.413704e+00
Optimality Gap:      4.666280e+00 ± 2.918705e+00
Eq Violation l1:   1.640512e-03 (max: 6.746322e-01)
Ineq Violation l1: 3.365378e-04 (max: 1.568333e-01)
Solution Distance:   6.799514e+01 ± 1.891121e+00
Merit:             6.971207e-01 ± 8.208620e-02
Avg Inference Time:  0.1207s
==================================================
Epoch 222/300, Loss: 1.2647, Obj: -0.8132, Eq Viol (l1): 0.040434, Ineq Viol (l1): 0.015459, Epoch time: 2.91s
Epoch 223/300, Loss: 1.1490, Obj: -0.9138, Eq Viol (l1): 0.032783, Ineq Viol (l1): 0.013079, Epoch time: 2.86s
Epoch 224/300, Loss: 1.1925, Obj: -0.8497, Eq Viol (l1): 0.031692, Ineq Viol (l1): 0.012958, Epoch time: 2.88s
Epoch 225/300, Loss: 1.4050, Obj: -0.7732, Eq Viol (l1): 0.045091, Ineq Viol (l1): 0.016554, Epoch time: 2.92s
Epoch 226/300, Loss: 1.2311, Obj: -0.8870, Eq Viol (l1): 0.030700, Ineq Viol (l1): 0.012747, Epoch time: 2.84s
Epoch 227/300, Loss: 1.1675, Obj: -0.7802, Eq Viol (l1): 0.029976, Ineq Viol (l1): 0.011482, Epoch time: 2.87s
Epoch 228/300, Loss: 1.2086, Obj: -0.8302, Eq Viol (l1): 0.034518, Ineq Viol (l1): 0.013600, Epoch time: 2.88s
Epoch 229/300, Loss: 1.2585, Obj: -0.8282, Eq Viol (l1): 0.031616, Ineq Viol (l1): 0.013029, Epoch time: 2.83s
Epoch 230/300, Loss: 1.3387, Obj: -0.8503, Eq Viol (l1): 0.031765, Ineq Viol (l1): 0.012993, Epoch time: 2.91s
Epoch 231/300, Loss: 1.9252, Obj: -0.6756, Eq Viol (l1): 0.030588, Ineq Viol (l1): 0.009332, Epoch time: 2.94s

Running validation at epoch 230...

VALIDATION_EPOCH_230 EVALUATION RESULTS:
==================================================
Objective Value:     6.990784e-01
True Objective:      -2.413704e+00
Optimality Gap:      4.567362e+00 ± 2.800716e+00
Eq Violation l1:   4.400254e-03 (max: 1.241973e+00)
Ineq Violation l1: 8.320647e-04 (max: 2.133943e-01)
Solution Distance:   6.864026e+01 ± 1.740980e+00
Merit:             7.514016e-01 ± 1.302029e-01
Avg Inference Time:  0.1205s
==================================================
Epoch 232/300, Loss: 1.5921, Obj: -0.7631, Eq Viol (l1): 0.032673, Ineq Viol (l1): 0.013312, Epoch time: 3.01s
Epoch 233/300, Loss: 1.5527, Obj: -0.7540, Eq Viol (l1): 0.036718, Ineq Viol (l1): 0.014175, Epoch time: 2.86s
Epoch 234/300, Loss: 1.4217, Obj: -0.7971, Eq Viol (l1): 0.032707, Ineq Viol (l1): 0.013100, Epoch time: 2.87s
Epoch 235/300, Loss: 1.3789, Obj: -0.7642, Eq Viol (l1): 0.030941, Ineq Viol (l1): 0.012806, Epoch time: 2.93s
Epoch 236/300, Loss: 1.4280, Obj: -0.7953, Eq Viol (l1): 0.031148, Ineq Viol (l1): 0.012839, Epoch time: 3.00s
Epoch 237/300, Loss: 1.2619, Obj: -0.7876, Eq Viol (l1): 0.031341, Ineq Viol (l1): 0.012931, Epoch time: 2.93s
Epoch 238/300, Loss: 1.3396, Obj: -0.8018, Eq Viol (l1): 0.031691, Ineq Viol (l1): 0.013045, Epoch time: 2.91s
Epoch 239/300, Loss: 1.4565, Obj: -0.8086, Eq Viol (l1): 0.031691, Ineq Viol (l1): 0.013111, Epoch time: 2.84s
Epoch 240/300, Loss: 1.3255, Obj: -0.8255, Eq Viol (l1): 0.030796, Ineq Viol (l1): 0.012799, Epoch time: 2.84s
Epoch 241/300, Loss: 1.3244, Obj: -0.8471, Eq Viol (l1): 0.032250, Ineq Viol (l1): 0.013406, Epoch time: 2.83s

Running validation at epoch 240...

VALIDATION_EPOCH_240 EVALUATION RESULTS:
==================================================
Objective Value:     6.603051e-01
True Objective:      -2.413704e+00
Optimality Gap:      4.610886e+00 ± 2.950586e+00
Eq Violation l1:   3.400165e-03 (max: 8.196964e-01)
Ineq Violation l1: 7.657761e-04 (max: 2.251166e-01)
Solution Distance:   6.833774e+01 ± 1.820678e+00
Merit:             7.019645e-01 ± 1.147947e-01
Avg Inference Time:  0.1197s
==================================================
Epoch 242/300, Loss: 1.4488, Obj: -0.8204, Eq Viol (l1): 0.032096, Ineq Viol (l1): 0.013129, Epoch time: 2.85s
Epoch 243/300, Loss: 1.4155, Obj: -0.7865, Eq Viol (l1): 0.031651, Ineq Viol (l1): 0.013142, Epoch time: 2.87s
Epoch 244/300, Loss: 1.4995, Obj: -0.8012, Eq Viol (l1): 0.034241, Ineq Viol (l1): 0.013929, Epoch time: 2.92s
Epoch 245/300, Loss: 1.5655, Obj: -0.8021, Eq Viol (l1): 0.036413, Ineq Viol (l1): 0.014531, Epoch time: 2.85s
Epoch 246/300, Loss: 1.4699, Obj: -0.8173, Eq Viol (l1): 0.033459, Ineq Viol (l1): 0.013582, Epoch time: 2.88s
Epoch 247/300, Loss: 1.6934, Obj: -0.7696, Eq Viol (l1): 0.032093, Ineq Viol (l1): 0.012039, Epoch time: 2.92s
Epoch 248/300, Loss: 1.5553, Obj: -0.8007, Eq Viol (l1): 0.035855, Ineq Viol (l1): 0.014280, Epoch time: 2.90s
Epoch 249/300, Loss: 1.6546, Obj: -0.8155, Eq Viol (l1): 0.030785, Ineq Viol (l1): 0.012770, Epoch time: 3.04s
Epoch 250/300, Loss: 1.8066, Obj: -0.6584, Eq Viol (l1): 0.032299, Ineq Viol (l1): 0.013510, Epoch time: 2.95s
Epoch 251/300, Loss: 1.5077, Obj: -0.8012, Eq Viol (l1): 0.031294, Ineq Viol (l1): 0.012967, Epoch time: 2.88s

Running validation at epoch 250...

VALIDATION_EPOCH_250 EVALUATION RESULTS:
==================================================
Objective Value:     6.407577e-01
True Objective:      -2.413704e+00
Optimality Gap:      4.403854e+00 ± 2.924045e+00
Eq Violation l1:   5.163722e-03 (max: 1.866557e+00)
Ineq Violation l1: 1.092718e-03 (max: 3.697328e-01)
Solution Distance:   6.816761e+01 ± 1.677052e+00
Merit:             7.033221e-01 ± 1.135632e-01
Avg Inference Time:  0.1206s
==================================================
Epoch 252/300, Loss: 1.5143, Obj: -0.8028, Eq Viol (l1): 0.030784, Ineq Viol (l1): 0.012774, Epoch time: 2.91s
Epoch 253/300, Loss: 1.4204, Obj: -0.8244, Eq Viol (l1): 0.033224, Ineq Viol (l1): 0.014060, Epoch time: 2.90s
Epoch 254/300, Loss: 1.2420, Obj: -0.8315, Eq Viol (l1): 0.033258, Ineq Viol (l1): 0.013603, Epoch time: 2.86s
Epoch 255/300, Loss: 1.3786, Obj: -0.8032, Eq Viol (l1): 0.032360, Ineq Viol (l1): 0.013436, Epoch time: 2.91s
Epoch 256/300, Loss: 1.4888, Obj: -0.8347, Eq Viol (l1): 0.034579, Ineq Viol (l1): 0.013920, Epoch time: 2.91s
Epoch 257/300, Loss: 1.4556, Obj: -0.7243, Eq Viol (l1): 0.037397, Ineq Viol (l1): 0.014703, Epoch time: 2.87s
Epoch 258/300, Loss: 1.6274, Obj: -0.7466, Eq Viol (l1): 0.036944, Ineq Viol (l1): 0.014638, Epoch time: 2.93s
Epoch 259/300, Loss: 1.6359, Obj: -0.8025, Eq Viol (l1): 0.033434, Ineq Viol (l1): 0.013507, Epoch time: 2.86s
Epoch 260/300, Loss: 1.8442, Obj: -0.7520, Eq Viol (l1): 0.057246, Ineq Viol (l1): 0.022123, Epoch time: 2.87s
Epoch 261/300, Loss: 1.6862, Obj: -0.7340, Eq Viol (l1): 0.085947, Ineq Viol (l1): 0.032375, Epoch time: 3.01s

Running validation at epoch 260...

VALIDATION_EPOCH_260 EVALUATION RESULTS:
==================================================
Objective Value:     6.776261e-01
True Objective:      -2.413704e+00
Optimality Gap:      4.716178e+00 ± 3.108227e+00
Eq Violation l1:   1.715620e-03 (max: 2.903077e-01)
Ineq Violation l1: 2.634244e-04 (max: 5.992542e-02)
Solution Distance:   6.804036e+01 ± 1.418046e+00
Merit:             6.974165e-01 ± 6.425390e-02
Avg Inference Time:  0.1201s
==================================================
Epoch 262/300, Loss: 1.7356, Obj: -0.7484, Eq Viol (l1): 0.063208, Ineq Viol (l1): 0.025927, Epoch time: 2.94s
Epoch 263/300, Loss: 1.6061, Obj: -0.8137, Eq Viol (l1): 0.056925, Ineq Viol (l1): 0.022358, Epoch time: 2.91s
Epoch 264/300, Loss: 1.6310, Obj: -0.7516, Eq Viol (l1): 0.060811, Ineq Viol (l1): 0.023099, Epoch time: 2.94s
Epoch 265/300, Loss: 1.7818, Obj: -0.7559, Eq Viol (l1): 0.059612, Ineq Viol (l1): 0.021165, Epoch time: 2.96s
Epoch 266/300, Loss: 1.3657, Obj: -0.8298, Eq Viol (l1): 0.072707, Ineq Viol (l1): 0.028934, Epoch time: 2.87s
Epoch 267/300, Loss: 1.3318, Obj: -0.8305, Eq Viol (l1): 0.070923, Ineq Viol (l1): 0.027604, Epoch time: 2.87s
Epoch 268/300, Loss: 1.2527, Obj: -0.7991, Eq Viol (l1): 0.073363, Ineq Viol (l1): 0.027134, Epoch time: 2.81s
Epoch 269/300, Loss: 1.3082, Obj: -0.8370, Eq Viol (l1): 0.071161, Ineq Viol (l1): 0.027080, Epoch time: 2.90s
Epoch 270/300, Loss: 1.7770, Obj: -0.8179, Eq Viol (l1): 0.060479, Ineq Viol (l1): 0.024001, Epoch time: 2.98s
Epoch 271/300, Loss: 1.1556, Obj: -0.8231, Eq Viol (l1): 0.071243, Ineq Viol (l1): 0.029458, Epoch time: 2.85s

Running validation at epoch 270...

VALIDATION_EPOCH_270 EVALUATION RESULTS:
==================================================
Objective Value:     7.462790e-01
True Objective:      -2.413704e+00
Optimality Gap:      4.825125e+00 ± 3.002126e+00
Eq Violation l1:   2.233796e-03 (max: 5.605019e-01)
Ineq Violation l1: 2.683860e-04 (max: 7.103811e-02)
Solution Distance:   6.834530e+01 ± 1.372469e+00
Merit:             7.713008e-01 ± 8.137827e-02
Avg Inference Time:  0.1202s
==================================================
Epoch 272/300, Loss: 1.2797, Obj: -0.8384, Eq Viol (l1): 0.093346, Ineq Viol (l1): 0.039391, Epoch time: 2.90s
Epoch 273/300, Loss: 1.3069, Obj: -0.8360, Eq Viol (l1): 0.072021, Ineq Viol (l1): 0.030129, Epoch time: 2.86s
Epoch 274/300, Loss: 1.0848, Obj: -0.8795, Eq Viol (l1): 0.073668, Ineq Viol (l1): 0.029139, Epoch time: 2.87s
Epoch 275/300, Loss: 1.1621, Obj: -0.8582, Eq Viol (l1): 0.090763, Ineq Viol (l1): 0.041813, Epoch time: 2.86s
Epoch 276/300, Loss: 1.2050, Obj: -0.8205, Eq Viol (l1): 0.071441, Ineq Viol (l1): 0.034154, Epoch time: 2.85s
Epoch 277/300, Loss: 1.2000, Obj: -0.8051, Eq Viol (l1): 0.073449, Ineq Viol (l1): 0.035498, Epoch time: 2.90s
Epoch 278/300, Loss: 1.1484, Obj: -0.8256, Eq Viol (l1): 0.071891, Ineq Viol (l1): 0.032948, Epoch time: 2.84s
Epoch 279/300, Loss: 1.1471, Obj: -0.8749, Eq Viol (l1): 0.071557, Ineq Viol (l1): 0.032482, Epoch time: 2.86s
Epoch 280/300, Loss: 1.2535, Obj: -0.8123, Eq Viol (l1): 0.088095, Ineq Viol (l1): 0.036425, Epoch time: 2.94s
Epoch 281/300, Loss: 1.3702, Obj: -0.8416, Eq Viol (l1): 0.076713, Ineq Viol (l1): 0.032230, Epoch time: 2.87s

Running validation at epoch 280...

VALIDATION_EPOCH_280 EVALUATION RESULTS:
==================================================
Objective Value:     6.317553e-01
True Objective:      -2.413704e+00
Optimality Gap:      4.663614e+00 ± 3.095931e+00
Eq Violation l1:   2.766622e-03 (max: 9.660864e-01)
Ineq Violation l1: 6.185852e-04 (max: 2.135480e-01)
Solution Distance:   6.808723e+01 ± 1.603045e+00
Merit:             6.656074e-01 ± 6.396094e-02
Avg Inference Time:  0.1196s
==================================================
Epoch 282/300, Loss: 1.4083, Obj: -0.8423, Eq Viol (l1): 0.082660, Ineq Viol (l1): 0.037779, Epoch time: 2.92s
Epoch 283/300, Loss: 1.7582, Obj: -0.8401, Eq Viol (l1): 0.070113, Ineq Viol (l1): 0.028527, Epoch time: 2.87s
Epoch 284/300, Loss: 2.1217, Obj: -0.8295, Eq Viol (l1): 0.070677, Ineq Viol (l1): 0.025890, Epoch time: 2.98s
Epoch 285/300, Loss: 1.6190, Obj: -0.8270, Eq Viol (l1): 0.088749, Ineq Viol (l1): 0.035276, Epoch time: 3.01s
Epoch 286/300, Loss: 1.5068, Obj: -0.8294, Eq Viol (l1): 0.088105, Ineq Viol (l1): 0.037826, Epoch time: 2.89s
Epoch 287/300, Loss: 1.5810, Obj: -0.8364, Eq Viol (l1): 0.079370, Ineq Viol (l1): 0.032728, Epoch time: 2.96s
Epoch 288/300, Loss: 1.4057, Obj: -0.8116, Eq Viol (l1): 0.084401, Ineq Viol (l1): 0.033066, Epoch time: 2.86s
Epoch 289/300, Loss: 1.4057, Obj: -0.8335, Eq Viol (l1): 0.101931, Ineq Viol (l1): 0.041673, Epoch time: 2.94s
Epoch 290/300, Loss: 1.4774, Obj: -0.8301, Eq Viol (l1): 0.085649, Ineq Viol (l1): 0.033846, Epoch time: 2.95s
Epoch 291/300, Loss: 1.5932, Obj: -0.8241, Eq Viol (l1): 0.096022, Ineq Viol (l1): 0.038243, Epoch time: 2.86s

Running validation at epoch 290...

VALIDATION_EPOCH_290 EVALUATION RESULTS:
==================================================
Objective Value:     7.162232e-01
True Objective:      -2.413704e+00
Optimality Gap:      4.641173e+00 ± 2.984951e+00
Eq Violation l1:   1.722341e-03 (max: 5.519130e-01)
Ineq Violation l1: 3.388515e-04 (max: 1.199359e-01)
Solution Distance:   6.809026e+01 ± 1.601531e+00
Merit:             7.368351e-01 ± 4.561678e-02
Avg Inference Time:  0.1200s
==================================================
Epoch 292/300, Loss: 1.7379, Obj: -0.7391, Eq Viol (l1): 0.087390, Ineq Viol (l1): 0.034111, Epoch time: 2.98s
Epoch 293/300, Loss: 1.7784, Obj: -0.7403, Eq Viol (l1): 0.094662, Ineq Viol (l1): 0.037363, Epoch time: 3.01s
Epoch 294/300, Loss: 1.7397, Obj: -0.7416, Eq Viol (l1): 0.091484, Ineq Viol (l1): 0.034717, Epoch time: 3.06s
Epoch 295/300, Loss: 1.8341, Obj: -0.7589, Eq Viol (l1): 0.085439, Ineq Viol (l1): 0.034431, Epoch time: 2.97s
Epoch 296/300, Loss: 1.7477, Obj: -0.7693, Eq Viol (l1): 0.088211, Ineq Viol (l1): 0.035119, Epoch time: 3.03s
Epoch 297/300, Loss: 1.6597, Obj: -0.7768, Eq Viol (l1): 0.082141, Ineq Viol (l1): 0.035855, Epoch time: 2.97s
Epoch 298/300, Loss: 1.7983, Obj: -0.7662, Eq Viol (l1): 0.077938, Ineq Viol (l1): 0.036832, Epoch time: 3.02s
Epoch 299/300, Loss: 1.6396, Obj: -0.7548, Eq Viol (l1): 0.086984, Ineq Viol (l1): 0.035667, Epoch time: 2.87s
Epoch 300/300, Loss: 1.5614, Obj: -0.8346, Eq Viol (l1): 0.081025, Ineq Viol (l1): 0.034872, Epoch time: 2.98s

Training completed in 871.28 seconds.

============================================================
COMPREHENSIVE TEST EVALUATION WITH DETAILED RESULTS
============================================================
Testing with batch sizes: [256, 512]

Evaluating with batch size: 256 (with detailed results)

TEST_BS256 EVALUATION RESULTS:
==================================================
Objective Value:     7.063834e-01
True Objective:      -2.409220e+00
Optimality Gap:      2.582894e+00 ± 3.506218e+00
Eq Violation l1:   3.009339e-03 (max: 5.534764e-01)
Ineq Violation l1: 5.465633e-04 (max: 1.073820e-01)
Solution Distance:   6.815185e+01 ± 1.720249e+00
Merit:             7.419424e-01 ± 1.600975e-01
Avg Inference Time:  0.1078s
==================================================

Evaluating with batch size: 512 (with detailed results)

TEST_BS512 EVALUATION RESULTS:
==================================================
Objective Value:     7.034005e-01
True Objective:      -2.408634e+00
Optimality Gap:      2.511774e+00 ± 2.064194e+00
Eq Violation l1:   2.860464e-03 (max: 7.720875e-01)
Ineq Violation l1: 5.528306e-04 (max: 1.473673e-01)
Solution Distance:   6.809145e+01 ± 7.015257e-01
Merit:             7.375334e-01 ± 1.094671e-01
Avg Inference Time:  0.1169s
==================================================

TEST BATCH SIZE COMPARISON:
================================================================================
Batch Size   Objective    Opt Gap      Eq Viol      Ineq Viol    Time (s)  
--------------------------------------------------------------------------------
256          7.0638e-01   2.5829e+00   3.0093e-03   5.4656e-04   0.86      
512          7.0340e-01   2.5118e+00   2.8605e-03   5.5283e-04   0.47      
================================================================================

Saving model and results to: results/nonsmooth_nonconvex/socp/SOCPProblem-100-50-50-10000/20260108-011202_MLP_FSNet_seed3_nepochs300_lr0.0002_trainsize7000_finetune_20260107-043823_model_400
✓ Model saved: results/nonsmooth_nonconvex/socp/SOCPProblem-100-50-50-10000/20260108-011202_MLP_FSNet_seed3_nepochs300_lr0.0002_trainsize7000_finetune_20260107-043823_model_400/model.pt
✓ Detailed results saved: results/nonsmooth_nonconvex/socp/SOCPProblem-100-50-50-10000/20260108-011202_MLP_FSNet_seed3_nepochs300_lr0.0002_trainsize7000_finetune_20260107-043823_model_400/results.pkl

Files saved (or attempted):
  - model.pt (model weights and architecture)
  - results.pkl (training history, metrics, detailed test results)
Training and testing completed in 874.53 seconds
Done!!!
============================================================
==========         =====================         ===========
==========   3      =====================         ===========
==========         =====================         ===========
============================================================
