dir,ts,method,seed,ep,lr,eq,ineq,sched,etamin,arm,k,rest,B_implied,merit,eq_l1,ineq_l1,obj,gap
20260726-023022_MLP_adaptive_penalty_seed0_nepochs2667_lr0.0001_trainsize7000_obj1.0_eq10.0_ineq10.0_lrschedcosine_etamin1e-06,20260726-023022,adaptive_penalty,0,2667,0.0001,10.0,10.0,cosine,1e-06,vanilla,0,,480.1,645653.5134826191,0.6447574927845605,0.0008837912312600024,12.229466798593418,34.88572787752023
20260726-023023_MLP_adaptive_penalty_seed1_nepochs2667_lr0.0001_trainsize7000_obj1.0_eq10.0_ineq10.0_lrschedcosine_etamin1e-06,20260726-023023,adaptive_penalty,1,2667,0.0001,10.0,10.0,cosine,1e-06,vanilla,0,,480.1,669677.6300188606,0.6689427130423666,0.0007236261955160943,11.290780977631556,31.46024474874406
20260726-023341_MLP_adaptive_penalty_seed2_nepochs2667_lr0.0001_trainsize7000_obj1.0_eq10.0_ineq10.0_lrschedcosine_etamin1e-06,20260726-023341,adaptive_penalty,2,2667,0.0001,10.0,10.0,cosine,1e-06,vanilla,0,,480.1,685808.1444021845,0.6836620686301151,0.002137447331921294,8.628440148112483,23.642490207783354
20260726-023341_MLP_adaptive_penalty_seed3_nepochs2667_lr0.0001_trainsize7000_obj1.0_eq10.0_ineq10.0_lrschedcosine_etamin1e-06,20260726-023341,adaptive_penalty,3,2667,0.0001,10.0,10.0,cosine,1e-06,vanilla,0,,480.1,681997.8659202948,0.6795906629612419,0.0023990291721764723,8.173786876442609,22.987590642380855
20260726-025919_MLP_adaptive_penalty_seed0_nepochs355_lr0.0001_trainsize7000_obj1.0_eq10.0_ineq10.0_lrschedcosine_etamin1e-06_finetune_20260116-022657_sup_pen_model_100,20260726-025919,adaptive_penalty,0,355,0.0001,10.0,10.0,cosine,1e-06,ws,100,,479.9,681191.0324192494,0.6797129503056801,0.0014632467585012857,14.835355068075705,40.09711882561045
20260726-030239_MLP_adaptive_penalty_seed0_nepochs3000_lr0.0005_trainsize7000_obj1.0_eq10.0_ineq10.0_lrschedcosine_etamin1e-06_finetune_20260116-022657_sup_pen_model_50,20260726-030239,adaptive_penalty,0,3000,0.0005,10.0,10.0,cosine,1e-06,ws,50,,948.0,1109160.5218571965,1.1087241180312777,0.0004290447154839377,7.359110434804661,21.703596613922734
20260726-030858_MLP_adaptive_penalty_seed0_nepochs3000_lr0.0005_trainsize7000_obj1.0_eq10.0_ineq10.0_lrschedcosine_etamin1e-06_finetune_20260116-022657_sup_pen_model_100,20260726-030858,adaptive_penalty,0,3000,0.0005,10.0,10.0,cosine,1e-06,ws,100,,956.0,1064339.957944455,1.0640985833556122,0.00023402149195022974,7.353096892506413,21.039634041897763
20260726-030858_MLP_adaptive_penalty_seed0_nepochs3000_lr0.0005_trainsize7000_obj1.0_eq10.0_ineq10.0_lrschedcosine_etamin1e-06_finetune_20260116-022657_sup_pen_model_200,20260726-030858,adaptive_penalty,0,3000,0.0005,10.0,10.0,cosine,1e-06,ws,200,,972.0,1191440.6441674237,1.1908561103463975,0.0005774988286081119,7.0349924179248555,20.34737814090584
20260726-032508_MLP_adaptive_penalty_seed1_nepochs4500_lr0.0005_trainsize7000_obj1.0_eq10.0_ineq10.0_lrschedcosine_etamin1e-06_finetune_20260118-180127_adaptive_penalty_model_final,20260726-032508,adaptive_penalty,1,4500,0.0005,10.0,10.0,cosine,1e-06,vanilla,0,_finetune_20260118-180127_adaptive_penalty_model_final,810.0,1125455.3782465137,1.1234622354465997,0.0019839252560159117,9.217543898225872,26.74744723888394
20260726-032508_MLP_adaptive_penalty_seed0_nepochs4500_lr0.0005_trainsize7000_obj1.0_eq10.0_ineq10.0_lrschedcosine_etamin1e-06_finetune_20260118-175812_adaptive_penalty_model_final,20260726-032508,adaptive_penalty,0,4500,0.0005,10.0,10.0,cosine,1e-06,vanilla,0,_finetune_20260118-175812_adaptive_penalty_model_final,810.0,1170835.3464559696,1.1695597900700259,0.0012720591667740584,3.4972191697150143,9.768031091817734
20260726-181849_MLP_adaptive_penalty_seed0_nepochs2422_lr0.0005_trainsize7000_obj1.0_eq10.0_ineq10.0_lrschedcosine_etamin1e-06_finetune_20260726-125645_sup_pen_model_750,20260726-181849,adaptive_penalty,0,2422,0.0005,10.0,10.0,cosine,1e-06,ws,750,,956.0,1442338.9274783,1.4405178906493097,0.001808530167418868,12.506661571476196,33.98333663496996
20260726-181849_MLP_adaptive_penalty_seed0_nepochs5291_lr0.0005_trainsize7000_obj1.0_eq10.0_ineq10.0_lrschedcosine_etamin1e-06,20260726-181849,adaptive_penalty,0,5291,0.0005,10.0,10.0,cosine,1e-06,vanilla,0,,952.4,1086623.192087329,1.082714709454839,0.003901082441609482,7.400190880413168,19.985632354910905
20260726-182215_MLP_adaptive_penalty_seed0_nepochs2244_lr0.0005_trainsize7000_obj1.0_eq10.0_ineq10.0_lrschedcosine_etamin1e-06_finetune_20260726-125645_sup_pen_model_950,20260726-182215,adaptive_penalty,0,2244,0.0005,10.0,10.0,cosine,1e-06,ws,950,,955.9,1250043.9997489476,1.2487998051444882,0.001230968310909047,13.226293550273994,35.741529389728555
20260726-182215_MLP_adaptive_penalty_seed0_nepochs3000_lr0.0005_trainsize7000_obj1.0_eq10.0_ineq10.0_lrschedcosine_etamin1e-06_finetune_20260726-125645_sup_pen_model_750,20260726-182215,adaptive_penalty,0,3000,0.0005,10.0,10.0,cosine,1e-06,ws,750,,1060.0,1233416.1536838845,1.2320398811861835,0.0013636242377741935,12.648259926502117,33.79956329955776
20260726-182215_MLP_adaptive_penalty_seed0_nepochs3000_lr0.0005_trainsize7000_obj1.0_eq10.0_ineq10.0_lrschedcosine_etamin1e-06_finetune_20260726-125645_sup_pen_model_100,20260726-182215,adaptive_penalty,0,3000,0.0005,10.0,10.0,cosine,1e-06,ws,100,,956.0,1152689.1181161806,1.1522184330733203,0.00046385953570617783,6.825507154337424,20.284731482258348
20260726-182523_MLP_adaptive_penalty_seed1_nepochs5291_lr0.0005_trainsize7000_obj1.0_eq10.0_ineq10.0_lrschedcosine_etamin1e-06,20260726-182523,adaptive_penalty,1,5291,0.0005,10.0,10.0,cosine,1e-06,vanilla,0,,952.4,1039880.225188299,1.0385345431482613,0.0013432946159240937,2.3874241137165813,7.955719650145161
20260726-182550_MLP_adaptive_penalty_seed1_nepochs2378_lr0.0005_trainsize7000_obj1.0_eq10.0_ineq10.0_lrschedcosine_etamin1e-06_finetune_20260726-125645_sup_pen_model_800,20260726-182550,adaptive_penalty,1,2378,0.0005,10.0,10.0,cosine,1e-06,ws,800,,956.0,1158999.562623192,1.15715830958966,0.0018326846192154443,8.568414316479851,23.813937086354606
20260726-182830_MLP_adaptive_penalty_seed1_nepochs3000_lr0.0005_trainsize7000_obj1.0_eq10.0_ineq10.0_lrschedcosine_etamin1e-06_finetune_20260726-125645_sup_pen_model_100,20260726-182830,adaptive_penalty,1,3000,0.0005,10.0,10.0,cosine,1e-06,ws,100,,956.0,1267801.2984310323,1.266156299384094,0.0016358166521086687,9.182394829600737,26.552649155156594
20260726-182939_MLP_adaptive_penalty_seed1_nepochs2244_lr0.0005_trainsize7000_obj1.0_eq10.0_ineq10.0_lrschedcosine_etamin1e-06_finetune_20260726-125645_sup_pen_model_950,20260726-182939,adaptive_penalty,1,2244,0.0005,10.0,10.0,cosine,1e-06,ws,950,,955.9,1163455.4687299454,1.1617510175292232,0.0016958119160181907,8.639284704205195,23.914762790158242
20260726-183041_MLP_adaptive_penalty_seed1_nepochs3000_lr0.0005_trainsize7000_obj1.0_eq10.0_ineq10.0_lrschedcosine_etamin1e-06_finetune_20260726-125645_sup_pen_model_800,20260726-183041,adaptive_penalty,1,3000,0.0005,10.0,10.0,cosine,1e-06,ws,800,,1068.0,1164456.9110013046,1.1629137649144106,0.0015348641248860656,8.281962007978658,23.256672138323875
20260726-183239_MLP_adaptive_penalty_seed2_nepochs5291_lr0.0005_trainsize7000_obj1.0_eq10.0_ineq10.0_lrschedcosine_etamin1e-06,20260726-183239,adaptive_penalty,2,5291,0.0005,10.0,10.0,cosine,1e-06,vanilla,0,,952.4,1127237.2628989322,1.126325047876901,0.0009100979233680015,2.1170986632204776,8.538017014005632
20260726-183341_MLP_adaptive_penalty_seed2_nepochs2644_lr0.0005_trainsize7000_obj1.0_eq10.0_ineq10.0_lrschedcosine_etamin1e-06_finetune_20260726-125645_sup_pen_model_500,20260726-183341,adaptive_penalty,2,2644,0.0005,10.0,10.0,cosine,1e-06,ws,500,,955.9,1236861.2256546787,1.2346110870086315,0.0022362568738525396,13.8817721946212,38.09358370180833
20260726-183641_MLP_adaptive_penalty_seed2_nepochs3000_lr0.0005_trainsize7000_obj1.0_eq10.0_ineq10.0_lrschedcosine_etamin1e-06_finetune_20260726-125645_sup_pen_model_500,20260726-183641,adaptive_penalty,2,3000,0.0005,10.0,10.0,cosine,1e-06,ws,500,,1020.0,1129984.9612373118,1.1294544709477146,0.0005201968458699181,10.293443727310473,29.188671662046225
20260726-183641_MLP_adaptive_penalty_seed2_nepochs2244_lr0.0005_trainsize7000_obj1.0_eq10.0_ineq10.0_lrschedcosine_etamin1e-06_finetune_20260726-125645_sup_pen_model_950,20260726-183641,adaptive_penalty,2,2244,0.0005,10.0,10.0,cosine,1e-06,ws,950,,955.9,1136614.7643886632,1.1358171677976703,0.000787112858120009,10.48373287290159,29.504689543584284
20260726-183713_MLP_adaptive_penalty_seed3_nepochs5291_lr0.0005_trainsize7000_obj1.0_eq10.0_ineq10.0_lrschedcosine_etamin1e-06,20260726-183713,adaptive_penalty,3,5291,0.0005,10.0,10.0,cosine,1e-06,vanilla,0,,952.4,1125712.47854337,1.124098181422986,0.0016126968542385317,1.6002661453567926,5.673415127554199
20260726-183852_MLP_adaptive_penalty_seed3_nepochs3000_lr0.0005_trainsize7000_obj1.0_eq10.0_ineq10.0_lrschedcosine_etamin1e-06_finetune_20260726-125645_sup_pen_model_100,20260726-183852,adaptive_penalty,3,3000,0.0005,10.0,10.0,cosine,1e-06,ws,100,,956.0,1161282.6116356552,1.1601868329823959,0.0010829423022825973,12.836350976790815,35.99210523798588
20260726-184518_MLP_adaptive_penalty_seed3_nepochs3000_lr0.0005_trainsize7000_obj1.0_eq10.0_ineq10.0_lrschedcosine_etamin1e-06_finetune_20260726-125645_sup_pen_model_700,20260726-184518,adaptive_penalty,3,3000,0.0005,10.0,10.0,cosine,1e-06,ws,700,,1052.0,1138867.0553504978,1.1377085779910576,0.0011485664397448878,9.910919695267165,28.308801938218945
20260726-184528_MLP_adaptive_penalty_seed2_nepochs3000_lr0.0005_trainsize7000_obj1.0_eq10.0_ineq10.0_lrschedcosine_etamin1e-06_finetune_20260726-125645_sup_pen_model_100,20260726-184528,adaptive_penalty,2,3000,0.0005,10.0,10.0,cosine,1e-06,ws,100,,956.0,1174953.2318284176,1.1732847058860008,0.0016537406810758222,14.785261341369086,42.44436739738002
20260726-184528_MLP_adaptive_penalty_seed3_nepochs2467_lr0.0005_trainsize7000_obj1.0_eq10.0_ineq10.0_lrschedcosine_etamin1e-06_finetune_20260726-125645_sup_pen_model_700,20260726-184528,adaptive_penalty,3,2467,0.0005,10.0,10.0,cosine,1e-06,ws,700,,956.1,1137132.7560734218,1.1360484405267388,0.0010732748039356255,11.040742747175425,30.49260736667164
20260726-184528_MLP_adaptive_penalty_seed3_nepochs2244_lr0.0005_trainsize7000_obj1.0_eq10.0_ineq10.0_lrschedcosine_etamin1e-06_finetune_20260726-125645_sup_pen_model_950,20260726-184528,adaptive_penalty,3,2244,0.0005,10.0,10.0,cosine,1e-06,ws,950,,955.9,1078635.5669147163,1.0779830723765649,0.0006413545993464249,11.139938804876165,31.272229720186147
20260726-204008_MLP_adaptive_penalty_seed0_nepochs5291_lr0.0005_trainsize7000_obj1.0_eq10.0_ineq10.0_lrschedcosine_etamin1e-06,20260726-204008,adaptive_penalty,0,5291,0.0005,10.0,10.0,cosine,1e-06,vanilla,0,,952.4,1127628.5136582674,1.123819074788301,0.003801987145198059,7.451724768485459,20.659627260503736
20260726-204756_MLP_adaptive_penalty_seed0_nepochs2422_lr0.0005_trainsize7000_obj1.0_eq10.0_ineq10.0_lrschedcosine_etamin1e-06_finetune_20260726-125645_sup_pen_model_750,20260726-204756,adaptive_penalty,0,2422,0.0005,10.0,10.0,cosine,1e-06,ws,750,,956.0,1120290.3558839867,1.1186314579390404,0.001646128932669685,12.769012276516728,34.23942851805578
20260726-204904_MLP_adaptive_penalty_seed1_nepochs5291_lr0.0005_trainsize7000_obj1.0_eq10.0_ineq10.0_lrschedcosine_etamin1e-06,20260726-204904,adaptive_penalty,1,5291,0.0005,10.0,10.0,cosine,1e-06,vanilla,0,,952.4,1148563.8112772526,1.1472054956512485,0.0013559446343481749,2.370991655762027,7.985069706179617
20260726-204904_MLP_adaptive_penalty_seed2_nepochs2644_lr0.0005_trainsize7000_obj1.0_eq10.0_ineq10.0_lrschedcosine_etamin1e-06_finetune_20260726-125645_sup_pen_model_500,20260726-204904,adaptive_penalty,2,2644,0.0005,10.0,10.0,cosine,1e-06,ws,500,,955.9,1254835.0188299548,1.2543193103687926,0.0005033561153184856,12.35234584389947,35.020918214684045
20260726-204904_MLP_adaptive_penalty_seed2_nepochs5291_lr0.0005_trainsize7000_obj1.0_eq10.0_ineq10.0_lrschedcosine_etamin1e-06,20260726-204904,adaptive_penalty,2,5291,0.0005,10.0,10.0,cosine,1e-06,vanilla,0,,952.4,1115862.463216405,1.1138051130030968,0.0020554588048000873,1.891408507870894,7.543929696367963
20260726-204904_MLP_adaptive_penalty_seed1_nepochs2378_lr0.0005_trainsize7000_obj1.0_eq10.0_ineq10.0_lrschedcosine_etamin1e-06_finetune_20260726-125645_sup_pen_model_800,20260726-204904,adaptive_penalty,1,2378,0.0005,10.0,10.0,cosine,1e-06,ws,800,,956.0,1158999.562623192,1.15715830958966,0.0018326846192154443,8.568414316479851,23.813937086354606
20260726-205624_MLP_adaptive_penalty_seed3_nepochs5291_lr0.0005_trainsize7000_obj1.0_eq10.0_ineq10.0_lrschedcosine_etamin1e-06,20260726-205624,adaptive_penalty,3,5291,0.0005,10.0,10.0,cosine,1e-06,vanilla,0,,952.4,1242403.4365679885,1.2406592705170296,0.0017423942986745568,1.771752284257116,6.13543662624281
20260726-205731_MLP_adaptive_penalty_seed3_nepochs2467_lr0.0005_trainsize7000_obj1.0_eq10.0_ineq10.0_lrschedcosine_etamin1e-06_finetune_20260726-125645_sup_pen_model_700,20260726-205731,adaptive_penalty,3,2467,0.0005,10.0,10.0,cosine,1e-06,ws,700,,956.1,1137132.7560734218,1.1360484405267388,0.0010732748039356255,11.040742747175425,30.49260736667164
20260726-205805_MLP_adaptive_penalty_seed0_nepochs5291_lr0.0001_trainsize7000_obj1.0_eq10.0_ineq10.0_lrschedcosine_etamin1e-06,20260726-205805,adaptive_penalty,0,5291,0.0001,10.0,10.0,cosine,1e-06,vanilla,0,,952.4,676689.2205489457,0.6744472388760365,0.002236135900802843,5.8457721064711095,15.814445167776466
20260726-205814_MLP_adaptive_penalty_seed0_nepochs2422_lr0.0001_trainsize7000_obj1.0_eq10.0_ineq10.0_lrschedcosine_etamin1e-06_finetune_20260726-125645_sup_pen_model_750,20260726-205814,adaptive_penalty,0,2422,0.0001,10.0,10.0,cosine,1e-06,ws,750,,956.0,687636.419702465,0.6864924501699952,0.0011314054521916893,12.56408027809028,33.993946778552825
20260726-210612_MLP_adaptive_penalty_seed1_nepochs5291_lr0.0001_trainsize7000_obj1.0_eq10.0_ineq10.0_lrschedcosine_etamin1e-06,20260726-210612,adaptive_penalty,1,5291,0.0001,10.0,10.0,cosine,1e-06,vanilla,0,,952.4,662194.5357496989,0.6614125771417315,0.0007731051580354494,8.85344993204916,25.324722029463175
20260726-210636_MLP_adaptive_penalty_seed1_nepochs2378_lr0.0001_trainsize7000_obj1.0_eq10.0_ineq10.0_lrschedcosine_etamin1e-06_finetune_20260726-125645_sup_pen_model_800,20260726-210636,adaptive_penalty,1,2378,0.0001,10.0,10.0,cosine,1e-06,ws,800,,956.0,710480.0610386189,0.7102763726250538,0.0001951274235141102,8.56099005089169,23.96742358700807
20260726-210659_MLP_adaptive_penalty_seed2_nepochs5291_lr0.0001_trainsize7000_obj1.0_eq10.0_ineq10.0_lrschedcosine_etamin1e-06,20260726-210659,adaptive_penalty,2,5291,0.0001,10.0,10.0,cosine,1e-06,vanilla,0,,952.4,701789.401349417,0.7010606397880069,0.0007267238828493123,2.037678560785654,7.655801253012362
20260726-210716_MLP_adaptive_penalty_seed2_nepochs2644_lr0.0001_trainsize7000_obj1.0_eq10.0_ineq10.0_lrschedcosine_etamin1e-06_finetune_20260726-125645_sup_pen_model_500,20260726-210716,adaptive_penalty,2,2644,0.0001,10.0,10.0,cosine,1e-06,ws,500,,955.9,701086.6959385518,0.7006780342705534,0.0003986915551441525,9.97011285428547,28.405803864027767
20260726-211412_MLP_adaptive_penalty_seed3_nepochs5291_lr0.0001_trainsize7000_obj1.0_eq10.0_ineq10.0_lrschedcosine_etamin1e-06,20260726-211412,adaptive_penalty,3,5291,0.0001,10.0,10.0,cosine,1e-06,vanilla,0,,952.4,678273.7147452792,0.6774961769483042,0.0007755677598277861,1.9700371471189866,6.4454161174269595
20260726-211446_MLP_adaptive_penalty_seed3_nepochs2467_lr0.0001_trainsize7000_obj1.0_eq10.0_ineq10.0_lrschedcosine_etamin1e-06_finetune_20260726-125645_sup_pen_model_700,20260726-211446,adaptive_penalty,3,2467,0.0001,10.0,10.0,cosine,1e-06,ws,700,,956.1,724773.3721411864,0.7243862333102999,0.0003769152537792201,10.223577107398164,28.34108920729082
20260726-211602_MLP_adaptive_penalty_seed0_nepochs5291_lr3e-05_trainsize7000_obj1.0_eq10.0_ineq10.0_lrschedcosine_etamin1e-06,20260726-211602,adaptive_penalty,0,5291,3e-05,10.0,10.0,cosine,1e-06,vanilla,0,,952.4,463202.0883364959,0.46262957786172965,0.0005588910909219043,13.619383844340549,38.52601690137068
20260726-211646_MLP_adaptive_penalty_seed0_nepochs2422_lr3e-05_trainsize7000_obj1.0_eq10.0_ineq10.0_lrschedcosine_etamin1e-06_finetune_20260726-125645_sup_pen_model_750,20260726-211646,adaptive_penalty,0,2422,3e-05,10.0,10.0,cosine,1e-06,ws,750,,956.0,460043.459761034,0.45916274228889153,0.0008660161401036076,14.70133203887867,40.361298049421805
20260726-212320_MLP_adaptive_penalty_seed1_nepochs5291_lr3e-05_trainsize7000_obj1.0_eq10.0_ineq10.0_lrschedcosine_etamin1e-06,20260726-212320,adaptive_penalty,1,5291,3e-05,10.0,10.0,cosine,1e-06,vanilla,0,,952.4,457225.5000473868,0.45696844437970524,0.0002457138883815167,11.341779300025289,31.865260485386084
20260726-212434_MLP_adaptive_penalty_seed1_nepochs2378_lr3e-05_trainsize7000_obj1.0_eq10.0_ineq10.0_lrschedcosine_etamin1e-06_finetune_20260726-125645_sup_pen_model_800,20260726-212434,adaptive_penalty,1,2378,3e-05,10.0,10.0,cosine,1e-06,ws,800,,956.0,485193.94166853384,0.484901189699573,0.00027985748758735466,12.894481373451773,36.208792235877205
20260726-212440_MLP_adaptive_penalty_seed2_nepochs5291_lr3e-05_trainsize7000_obj1.0_eq10.0_ineq10.0_lrschedcosine_etamin1e-06,20260726-212440,adaptive_penalty,2,5291,3e-05,10.0,10.0,cosine,1e-06,vanilla,0,,952.4,477123.2397960535,0.47549343388667487,0.001621790612712063,8.015296666514715,23.04530373677777
20260726-212523_MLP_adaptive_penalty_seed2_nepochs2644_lr3e-05_trainsize7000_obj1.0_eq10.0_ineq10.0_lrschedcosine_etamin1e-06_finetune_20260726-125645_sup_pen_model_500,20260726-212523,adaptive_penalty,2,2644,3e-05,10.0,10.0,cosine,1e-06,ws,500,,955.9,485263.00359427114,0.48493180941326375,0.00031694067856667674,14.25350244068963,39.25756406470815
20260726-212621_MLP_adaptive_penalty_seed0_nepochs5291_lr0.0001_trainsize7000_obj1.0_eq50.0_ineq10.0_lrschedcosine_etamin1e-06,20260726-212621,adaptive_penalty,0,5291,0.0001,50.0,10.0,cosine,1e-06,vanilla,0,,952.4,660720.0745289319,0.6583280349220024,0.002385192954938132,6.846651991201445,18.49899009298771
20260726-212627_MLP_adaptive_penalty_seed0_nepochs5291_lr1e-05_trainsize7000_obj1.0_eq10.0_ineq10.0_lrschedcosine_etamin1e-06,20260726-212627,adaptive_penalty,0,5291,1e-05,10.0,10.0,cosine,1e-06,vanilla,0,,952.4,375441.0252852445,0.3745513955391021,0.0008658102376555563,23.819508486853792,64.7750022926428
20260726-212627_MLP_adaptive_penalty_seed1_nepochs5291_lr1e-05_trainsize7000_obj1.0_eq10.0_ineq10.0_lrschedcosine_etamin1e-06,20260726-212627,adaptive_penalty,1,5291,1e-05,10.0,10.0,cosine,1e-06,vanilla,0,,952.4,384933.692242378,0.38390579392496227,0.0010131655540792765,14.732763336472967,40.94701088269721
20260726-212627_MLP_adaptive_penalty_seed0_nepochs2422_lr1e-05_trainsize7000_obj1.0_eq10.0_ineq10.0_lrschedcosine_etamin1e-06_finetune_20260726-125645_sup_pen_model_750,20260726-212627,adaptive_penalty,0,2422,1e-05,10.0,10.0,cosine,1e-06,ws,750,,956.0,393824.4214948213,0.3930786850347441,0.0007288408077923346,16.895652284852737,47.10957826331839
20260726-212627_MLP_adaptive_penalty_seed0_nepochs2422_lr0.0001_trainsize7000_obj1.0_eq50.0_ineq10.0_lrschedcosine_etamin1e-06_finetune_20260726-125645_sup_pen_model_750,20260726-212627,adaptive_penalty,0,2422,0.0001,50.0,10.0,cosine,1e-06,ws,750,,956.0,703384.1804725731,0.7023142696723117,0.0010573921645211028,12.518635740442816,33.81387666828145
20260726-212627_MLP_adaptive_penalty_seed1_nepochs2378_lr1e-05_trainsize7000_obj1.0_eq10.0_ineq10.0_lrschedcosine_etamin1e-06_finetune_20260726-125645_sup_pen_model_800,20260726-212627,adaptive_penalty,1,2378,1e-05,10.0,10.0,cosine,1e-06,ws,800,,956.0,401741.9526781651,0.40064321675528924,0.0010819059852564608,16.829937619421393,46.38873902938977
20260726-213212_MLP_adaptive_penalty_seed3_nepochs5291_lr3e-05_trainsize7000_obj1.0_eq10.0_ineq10.0_lrschedcosine_etamin1e-06,20260726-213212,adaptive_penalty,3,5291,3e-05,10.0,10.0,cosine,1e-06,vanilla,0,,952.4,458413.3444849522,0.45593474484596674,0.002469669778955949,8.929860029496215,24.739604889945014
20260726-213318_MLP_adaptive_penalty_seed3_nepochs2467_lr3e-05_trainsize7000_obj1.0_eq10.0_ineq10.0_lrschedcosine_etamin1e-06_finetune_20260726-125645_sup_pen_model_700,20260726-213318,adaptive_penalty,3,2467,3e-05,10.0,10.0,cosine,1e-06,ws,700,,956.1,472786.5525283119,0.4723040360473497,0.000468118160342439,14.398320619724892,39.492303146260056
20260726-213543_MLP_adaptive_penalty_seed1_nepochs5291_lr0.0001_trainsize7000_obj1.0_eq50.0_ineq10.0_lrschedcosine_etamin1e-06,20260726-213543,adaptive_penalty,1,5291,0.0001,50.0,10.0,cosine,1e-06,vanilla,0,,952.4,695207.8664403069,0.694512860593398,0.0006860584514126699,8.947395496172966,25.8044548700214
20260726-213545_MLP_adaptive_penalty_seed2_nepochs5291_lr1e-05_trainsize7000_obj1.0_eq10.0_ineq10.0_lrschedcosine_etamin1e-06,20260726-213545,adaptive_penalty,2,5291,1e-05,10.0,10.0,cosine,1e-06,vanilla,0,,952.4,378761.37213944556,0.3786958860313954,5.0377338325149365e-05,15.108769725030307,41.49889804019273
20260726-213549_MLP_adaptive_penalty_seed2_nepochs2644_lr1e-05_trainsize7000_obj1.0_eq10.0_ineq10.0_lrschedcosine_etamin1e-06_finetune_20260726-125645_sup_pen_model_500,20260726-213549,adaptive_penalty,2,2644,1e-05,10.0,10.0,cosine,1e-06,ws,500,,955.9,382116.4593456809,0.3816227228894167,0.0004766683111878692,17.068145076373252,46.40823667330713
20260726-214508_MLP_adaptive_penalty_seed1_nepochs2378_lr0.0001_trainsize7000_obj1.0_eq50.0_ineq10.0_lrschedcosine_etamin1e-06_finetune_20260726-125645_sup_pen_model_800,20260726-214508,adaptive_penalty,1,2378,0.0001,50.0,10.0,cosine,1e-06,ws,800,,956.0,713361.6557125403,0.7131891528161264,0.00016391686702589038,8.586029387947312,24.02712986597533
20260726-214508_MLP_adaptive_penalty_seed3_nepochs2467_lr1e-05_trainsize7000_obj1.0_eq10.0_ineq10.0_lrschedcosine_etamin1e-06_finetune_20260726-125645_sup_pen_model_700,20260726-214508,adaptive_penalty,3,2467,1e-05,10.0,10.0,cosine,1e-06,ws,700,,956.1,391047.1344680926,0.3904412273543073,0.0005891054768321364,16.801636953107845,45.96534196812537
20260726-214509_MLP_adaptive_penalty_seed3_nepochs5291_lr1e-05_trainsize7000_obj1.0_eq10.0_ineq10.0_lrschedcosine_etamin1e-06,20260726-214509,adaptive_penalty,3,5291,1e-05,10.0,10.0,cosine,1e-06,vanilla,0,,952.4,373943.383365324,0.37371837865176705,0.00020769092104693486,17.313792509981578,46.87247513741912
20260726-215124_MLP_adaptive_penalty_seed2_nepochs5291_lr0.0001_trainsize7000_obj1.0_eq50.0_ineq10.0_lrschedcosine_etamin1e-06,20260726-215124,adaptive_penalty,2,5291,0.0001,50.0,10.0,cosine,1e-06,vanilla,0,,952.4,666531.7354852179,0.6659599544564241,0.0005697168110296617,2.06421776405426,7.48588469708576
20260726-215429_MLP_adaptive_penalty_seed3_nepochs5291_lr0.0001_trainsize7000_obj1.0_eq50.0_ineq10.0_lrschedcosine_etamin1e-06,20260726-215429,adaptive_penalty,3,5291,0.0001,50.0,10.0,cosine,1e-06,vanilla,0,,952.4,657801.5660270404,0.6573826782910464,0.0004167009068610855,2.18682913287006,7.010475480921318
20260726-215433_MLP_adaptive_penalty_seed2_nepochs2644_lr0.0001_trainsize7000_obj1.0_eq50.0_ineq10.0_lrschedcosine_etamin1e-06_finetune_20260726-125645_sup_pen_model_500,20260726-215433,adaptive_penalty,2,2644,0.0001,50.0,10.0,cosine,1e-06,ws,500,,955.9,706663.4566096093,0.7062638515192172,0.0003895651858542501,10.03990453787056,28.699777033217423
20260726-215433_MLP_adaptive_penalty_seed0_nepochs2422_lr3e-06_trainsize7000_obj1.0_eq10.0_ineq10.0_lrschedcosine_etamin1e-06_finetune_20260726-125645_sup_pen_model_750,20260726-215433,adaptive_penalty,0,2422,3e-06,10.0,10.0,cosine,1e-06,ws,750,,956.0,505647.7278048691,0.5039459473352497,0.0016830992718401257,18.68119777939698,51.91283486697726
20260726-215444_MLP_adaptive_penalty_seed0_nepochs5291_lr3e-06_trainsize7000_obj1.0_eq10.0_ineq10.0_lrschedcosine_etamin1e-06,20260726-215444,adaptive_penalty,0,5291,3e-06,10.0,10.0,cosine,1e-06,vanilla,0,,952.4,434438.053384647,0.43299563487727666,0.0014149464209781476,27.47208639222584,73.88028208692312
20260726-220359_MLP_adaptive_penalty_seed0_nepochs5291_lr3e-05_trainsize7000_obj1.0_eq50.0_ineq10.0_lrschedcosine_etamin1e-06,20260726-220359,adaptive_penalty,0,5291,3e-05,50.0,10.0,cosine,1e-06,vanilla,0,,952.4,459190.00307035097,0.45858796106218924,0.0005886677054001971,13.37430276149982,37.84582330979529
20260726-220359_MLP_adaptive_penalty_seed3_nepochs2467_lr0.0001_trainsize7000_obj1.0_eq50.0_ineq10.0_lrschedcosine_etamin1e-06_finetune_20260726-125645_sup_pen_model_700,20260726-220359,adaptive_penalty,3,2467,0.0001,50.0,10.0,cosine,1e-06,ws,700,,956.1,705336.1782098208,0.7049894052588777,0.0003364452653955609,10.327685547556925,29.16488121178725
20260726-220701_MLP_adaptive_penalty_seed0_nepochs2422_lr3e-05_trainsize7000_obj1.0_eq50.0_ineq10.0_lrschedcosine_etamin1e-06_finetune_20260726-125645_sup_pen_model_750,20260726-220701,adaptive_penalty,0,2422,3e-05,50.0,10.0,cosine,1e-06,ws,750,,956.0,454660.688574404,0.45379374152201674,0.0008522442985748318,14.702753812407003,40.43967670597993
20260726-221016_MLP_adaptive_penalty_seed1_nepochs5291_lr3e-05_trainsize7000_obj1.0_eq50.0_ineq10.0_lrschedcosine_etamin1e-06,20260726-221016,adaptive_penalty,1,5291,3e-05,50.0,10.0,cosine,1e-06,vanilla,0,,952.4,470269.76165900595,0.47002095458718074,0.00023743150749986242,11.375564325326652,31.70683067072894
20260726-221142_MLP_adaptive_penalty_seed1_nepochs2378_lr3e-05_trainsize7000_obj1.0_eq50.0_ineq10.0_lrschedcosine_etamin1e-06_finetune_20260726-125645_sup_pen_model_800,20260726-221142,adaptive_penalty,1,2378,3e-05,50.0,10.0,cosine,1e-06,ws,800,,956.0,488889.40466863674,0.48857353997558056,0.0003029468963408425,12.917796715339726,36.20414965588162
20260726-221242_MLP_adaptive_penalty_seed2_nepochs5291_lr3e-05_trainsize7000_obj1.0_eq50.0_ineq10.0_lrschedcosine_etamin1e-06,20260726-221242,adaptive_penalty,2,5291,3e-05,50.0,10.0,cosine,1e-06,vanilla,0,,952.4,478374.84485162835,0.47691331305573587,0.001453225166069174,8.30662982334217,23.440639991514303
20260726-221321_MLP_adaptive_penalty_seed2_nepochs2644_lr3e-05_trainsize7000_obj1.0_eq50.0_ineq10.0_lrschedcosine_etamin1e-06_finetune_20260726-125645_sup_pen_model_500,20260726-221321,adaptive_penalty,2,2644,3e-05,50.0,10.0,cosine,1e-06,ws,500,,955.9,479289.3678933871,0.4789783879119691,0.00029670327896588744,14.27670245211457,39.23149549541982
20260726-221630_MLP_adaptive_penalty_seed3_nepochs5291_lr3e-05_trainsize7000_obj1.0_eq50.0_ineq10.0_lrschedcosine_etamin1e-06,20260726-221630,adaptive_penalty,3,5291,3e-05,50.0,10.0,cosine,1e-06,vanilla,0,,952.4,470965.9973374186,0.4687563139001532,0.0022005311315355753,9.15230572982609,25.118973509407756
20260726-222248_MLP_adaptive_penalty_seed3_nepochs2467_lr3e-05_trainsize7000_obj1.0_eq50.0_ineq10.0_lrschedcosine_etamin1e-06_finetune_20260726-125645_sup_pen_model_700,20260726-222248,adaptive_penalty,3,2467,3e-05,50.0,10.0,cosine,1e-06,ws,700,,956.1,476735.50724854396,0.4762760767955941,0.00044501121971576504,14.419233234094236,39.536601415933646
20260726-222250_MLP_adaptive_penalty_seed1_nepochs5291_lr3e-06_trainsize7000_obj1.0_eq10.0_ineq10.0_lrschedcosine_etamin1e-06,20260726-222250,adaptive_penalty,1,5291,3e-06,10.0,10.0,cosine,1e-06,vanilla,0,,952.4,436513.46835876687,0.4358483864162004,0.0006468586493590985,18.22329320736104,49.814783163534315
20260726-222254_MLP_adaptive_penalty_seed1_nepochs2378_lr3e-06_trainsize7000_obj1.0_eq10.0_ineq10.0_lrschedcosine_etamin1e-06_finetune_20260726-125645_sup_pen_model_800,20260726-222254,adaptive_penalty,1,2378,3e-06,10.0,10.0,cosine,1e-06,ws,800,,956.0,519246.1356723658,0.5166482827441459,0.0025774238170833963,20.42911113651824,55.79862496802252
20260726-222908_MLP_adaptive_penalty_seed2_nepochs5291_lr3e-06_trainsize7000_obj1.0_eq10.0_ineq10.0_lrschedcosine_etamin1e-06,20260726-222908,adaptive_penalty,2,5291,3e-06,10.0,10.0,cosine,1e-06,vanilla,0,,952.4,433939.2785607781,0.4333522246710143,0.0005643688688715051,22.685020892381434,61.71027240087063
20260726-223214_MLP_adaptive_penalty_seed2_nepochs2644_lr3e-06_trainsize7000_obj1.0_eq10.0_ineq10.0_lrschedcosine_etamin1e-06_finetune_20260726-125645_sup_pen_model_500,20260726-223214,adaptive_penalty,2,2644,3e-06,10.0,10.0,cosine,1e-06,ws,500,,955.9,502211.31315595936,0.5017533004087984,0.0004383243548007698,19.688392360264853,53.57131134884353
20260726-223218_MLP_adaptive_penalty_seed1_nepochs3044_lr1e-05_trainsize7000_obj1.0_eq10.0_ineq10.0_lrschedcosine_etamin1e-06_finetune_20260726-125645_sup_pen_model_50,20260726-223218,adaptive_penalty,1,3044,1e-05,10.0,10.0,cosine,1e-06,ws,50,,955.9,393756.70028175786,0.3935826520016792,0.0001556499387188158,18.398341359820158,50.23503448838411
20260726-223219_MLP_adaptive_penalty_seed0_nepochs3044_lr1e-05_trainsize7000_obj1.0_eq10.0_ineq10.0_lrschedcosine_etamin1e-06_finetune_20260726-125645_sup_pen_model_50,20260726-223219,adaptive_penalty,0,3044,1e-05,10.0,10.0,cosine,1e-06,ws,50,,955.9,405423.5615069293,0.4045950862781046,0.0008162149115717842,12.26031725291484,33.87599291257681
20260726-223529_MLP_adaptive_penalty_seed3_nepochs5291_lr3e-06_trainsize7000_obj1.0_eq10.0_ineq10.0_lrschedcosine_etamin1e-06,20260726-223529,adaptive_penalty,3,5291,3e-06,10.0,10.0,cosine,1e-06,vanilla,0,,952.4,422283.6331923461,0.4218813454291611,0.00038024692142183195,22.040841763115207,60.727846557028066
20260726-224142_MLP_adaptive_penalty_seed3_nepochs2467_lr3e-06_trainsize7000_obj1.0_eq10.0_ineq10.0_lrschedcosine_etamin1e-06_finetune_20260726-125645_sup_pen_model_700,20260726-224142,adaptive_penalty,3,2467,3e-06,10.0,10.0,cosine,1e-06,ws,700,,956.1,505291.99701174407,0.5041257556810448,0.0011469617877075348,19.27954299182539,52.572567753858465
20260726-224145_MLP_adaptive_penalty_seed2_nepochs3044_lr1e-05_trainsize7000_obj1.0_eq10.0_ineq10.0_lrschedcosine_etamin1e-06_finetune_20260726-125645_sup_pen_model_50,20260726-224145,adaptive_penalty,2,3044,1e-05,10.0,10.0,cosine,1e-06,ws,50,,955.9,389685.075486635,0.3892474347536182,0.0004172280481438261,20.412684872903647,57.12173380456126
20260726-224804_MLP_adaptive_penalty_seed1_nepochs3000_lr1e-05_trainsize7000_obj1.0_eq10.0_ineq10.0_lrschedcosine_etamin1e-06_finetune_20260726-125645_sup_pen_model_100,20260726-224804,adaptive_penalty,1,3000,1e-05,10.0,10.0,cosine,1e-06,ws,100,,956.0,383630.5994870126,0.38331746215963597,0.00029495655297105694,18.180774405609764,49.14313376229253
20260726-224804_MLP_adaptive_penalty_seed0_nepochs3000_lr1e-05_trainsize7000_obj1.0_eq10.0_ineq10.0_lrschedcosine_etamin1e-06_finetune_20260726-125645_sup_pen_model_100,20260726-224804,adaptive_penalty,0,3000,1e-05,10.0,10.0,cosine,1e-06,ws,100,,956.0,394064.43322260305,0.39361043345220015,0.0004421396170464203,11.860153356508459,32.97591293480589
20260726-224804_MLP_adaptive_penalty_seed3_nepochs3044_lr1e-05_trainsize7000_obj1.0_eq10.0_ineq10.0_lrschedcosine_etamin1e-06_finetune_20260726-125645_sup_pen_model_50,20260726-224804,adaptive_penalty,3,3044,1e-05,10.0,10.0,cosine,1e-06,ws,50,,955.9,379331.2961212637,0.37916847141528665,0.00014652767089079824,16.297035086283714,45.01145830416736
20260726-225109_MLP_adaptive_penalty_seed2_nepochs3000_lr1e-05_trainsize7000_obj1.0_eq10.0_ineq10.0_lrschedcosine_etamin1e-06_finetune_20260726-125645_sup_pen_model_100,20260726-225109,adaptive_penalty,2,3000,1e-05,10.0,10.0,cosine,1e-06,ws,100,,956.0,406485.8941226454,0.40593003521593607,0.0005370368161813788,18.82209052784179,52.28245949599874
20260726-225420_MLP_adaptive_penalty_seed3_nepochs3000_lr1e-05_trainsize7000_obj1.0_eq10.0_ineq10.0_lrschedcosine_etamin1e-06_finetune_20260726-125645_sup_pen_model_100,20260726-225420,adaptive_penalty,3,3000,1e-05,10.0,10.0,cosine,1e-06,ws,100,,956.0,391980.1668847081,0.39182301851003687,0.0001402355190113294,16.91285565994885,46.41557689164624
20260726-225730_MLP_adaptive_penalty_seed0_nepochs2911_lr1e-05_trainsize7000_obj1.0_eq10.0_ineq10.0_lrschedcosine_etamin1e-06_finetune_20260726-125645_sup_pen_model_200,20260726-225730,adaptive_penalty,0,2911,1e-05,10.0,10.0,cosine,1e-06,ws,200,,956.0,385701.7296819726,0.3849515274061978,0.0007360419619462596,14.160313828563378,39.1958021571473
20260726-230039_MLP_adaptive_penalty_seed2_nepochs2911_lr1e-05_trainsize7000_obj1.0_eq10.0_ineq10.0_lrschedcosine_etamin1e-06_finetune_20260726-125645_sup_pen_model_200,20260726-230039,adaptive_penalty,2,2911,1e-05,10.0,10.0,cosine,1e-06,ws,200,,956.0,384928.5577350573,0.38428329344935624,0.0006281308697005058,17.13341600056027,46.88795167736289
20260726-230040_MLP_adaptive_penalty_seed1_nepochs2911_lr1e-05_trainsize7000_obj1.0_eq10.0_ineq10.0_lrschedcosine_etamin1e-06_finetune_20260726-125645_sup_pen_model_200,20260726-230040,adaptive_penalty,1,2911,1e-05,10.0,10.0,cosine,1e-06,ws,200,,956.0,394364.76477302844,0.39420704260479555,0.00014072803418838404,16.994134044498544,46.68007550770594
20260726-230043_MLP_adaptive_penalty_seed3_nepochs2911_lr1e-05_trainsize7000_obj1.0_eq10.0_ineq10.0_lrschedcosine_etamin1e-06_finetune_20260726-125645_sup_pen_model_200,20260726-230043,adaptive_penalty,3,2911,1e-05,10.0,10.0,cosine,1e-06,ws,200,,956.0,382599.8305609032,0.3823214405210118,0.0002614498422710571,16.940197620294878,46.67452934253171
20260726-230346_MLP_adaptive_penalty_seed0_nepochs2778_lr1e-05_trainsize7000_obj1.0_eq10.0_ineq10.0_lrschedcosine_etamin1e-06_finetune_20260726-125645_sup_pen_model_350,20260726-230346,adaptive_penalty,0,2778,1e-05,10.0,10.0,cosine,1e-06,ws,350,,956.0,391609.318168379,0.39111487510623033,0.0004781799724998634,16.26308964878287,45.44388211800852
20260726-230655_MLP_adaptive_penalty_seed1_nepochs2778_lr1e-05_trainsize7000_obj1.0_eq10.0_ineq10.0_lrschedcosine_etamin1e-06_finetune_20260726-125645_sup_pen_model_350,20260726-230655,adaptive_penalty,1,2778,1e-05,10.0,10.0,cosine,1e-06,ws,350,,956.0,394386.0947681186,0.3938934463998873,0.0004763430672673939,16.305300963862457,45.05484253937908
20260726-231013_MLP_adaptive_penalty_seed3_nepochs2778_lr1e-05_trainsize7000_obj1.0_eq10.0_ineq10.0_lrschedcosine_etamin1e-06_finetune_20260726-125645_sup_pen_model_350,20260726-231013,adaptive_penalty,3,2778,1e-05,10.0,10.0,cosine,1e-06,ws,350,,956.0,393942.9668717419,0.3936525896469143,0.00027353803639066504,16.83918843700483,46.17821903325518
20260726-231323_MLP_adaptive_penalty_seed0_nepochs2644_lr1e-05_trainsize7000_obj1.0_eq10.0_ineq10.0_lrschedcosine_etamin1e-06_finetune_20260726-125645_sup_pen_model_500,20260726-231323,adaptive_penalty,0,2644,1e-05,10.0,10.0,cosine,1e-06,ws,500,,955.9,384467.2649321478,0.3839775706919045,0.0004729361467063174,16.758093536933526,46.76543737117553
20260726-231323_MLP_adaptive_penalty_seed1_nepochs2644_lr1e-05_trainsize7000_obj1.0_eq10.0_ineq10.0_lrschedcosine_etamin1e-06_finetune_20260726-125645_sup_pen_model_500,20260726-231323,adaptive_penalty,1,2644,1e-05,10.0,10.0,cosine,1e-06,ws,500,,955.9,405140.4950006172,0.4045084347983091,0.0006153968661738545,16.66333613421109,45.98987594659857
20260726-231630_MLP_adaptive_penalty_seed2_nepochs2644_lr1e-05_trainsize7000_obj1.0_eq10.0_ineq10.0_lrschedcosine_etamin1e-06_finetune_20260726-125645_sup_pen_model_500,20260726-231630,adaptive_penalty,2,2644,1e-05,10.0,10.0,cosine,1e-06,ws,500,,955.9,382116.4593456809,0.3816227228894167,0.0004766683111878692,17.068145076373252,46.40823667330713
20260726-231630_MLP_adaptive_penalty_seed3_nepochs2644_lr1e-05_trainsize7000_obj1.0_eq10.0_ineq10.0_lrschedcosine_etamin1e-06_finetune_20260726-125645_sup_pen_model_500,20260726-231630,adaptive_penalty,3,2644,1e-05,10.0,10.0,cosine,1e-06,ws,500,,955.9,383087.7245720265,0.3828166698584685,0.0002542327192508279,16.821994307198054,46.17949529844836
20260726-231948_MLP_adaptive_penalty_seed0_nepochs2511_lr1e-05_trainsize7000_obj1.0_eq10.0_ineq10.0_lrschedcosine_etamin1e-06_finetune_20260726-125645_sup_pen_model_650,20260726-231948,adaptive_penalty,0,2511,1e-05,10.0,10.0,cosine,1e-06,ws,650,,956.0,384510.3674931086,0.38380846248810946,0.0006850686125290197,16.83639247017277,46.89112020358698
20260726-232254_MLP_adaptive_penalty_seed1_nepochs2511_lr1e-05_trainsize7000_obj1.0_eq10.0_ineq10.0_lrschedcosine_etamin1e-06_finetune_20260726-125645_sup_pen_model_650,20260726-232254,adaptive_penalty,1,2511,1e-05,10.0,10.0,cosine,1e-06,ws,650,,956.0,398361.97134829,0.397601411115422,0.0007436679536835982,16.89227918432704,46.479472159397176
20260726-232254_MLP_adaptive_penalty_seed2_nepochs2511_lr1e-05_trainsize7000_obj1.0_eq10.0_ineq10.0_lrschedcosine_etamin1e-06_finetune_20260726-125645_sup_pen_model_650,20260726-232254,adaptive_penalty,2,2511,1e-05,10.0,10.0,cosine,1e-06,ws,650,,956.0,384434.71640782803,0.38400136363708715,0.0004163222219321927,17.03054880868719,46.48847879919713
20260726-232254_MLP_adaptive_penalty_seed3_nepochs2511_lr1e-05_trainsize7000_obj1.0_eq10.0_ineq10.0_lrschedcosine_etamin1e-06_finetune_20260726-125645_sup_pen_model_650,20260726-232254,adaptive_penalty,3,2511,1e-05,10.0,10.0,cosine,1e-06,ws,650,,956.0,403494.99045183527,0.40321501554437567,0.0002631031634622791,16.87174399729729,46.18649483003019
20260726-232600_MLP_adaptive_penalty_seed0_nepochs2378_lr1e-05_trainsize7000_obj1.0_eq10.0_ineq10.0_lrschedcosine_etamin1e-06_finetune_20260726-125645_sup_pen_model_800,20260726-232600,adaptive_penalty,0,2378,1e-05,10.0,10.0,cosine,1e-06,ws,800,,956.0,393266.2065696282,0.3924204495744906,0.0008288090127661231,16.94798237145472,47.225526920232
20260726-232601_MLP_adaptive_penalty_seed1_nepochs2378_lr1e-05_trainsize7000_obj1.0_eq10.0_ineq10.0_lrschedcosine_etamin1e-06_finetune_20260726-125645_sup_pen_model_800,20260726-232601,adaptive_penalty,1,2378,1e-05,10.0,10.0,cosine,1e-06,ws,800,,956.0,401741.9526781651,0.40064321675528924,0.0010819059852564608,16.829937619421393,46.38873902938977
20260726-232912_MLP_adaptive_penalty_seed2_nepochs2378_lr1e-05_trainsize7000_obj1.0_eq10.0_ineq10.0_lrschedcosine_etamin1e-06_finetune_20260726-125645_sup_pen_model_800,20260726-232912,adaptive_penalty,2,2378,1e-05,10.0,10.0,cosine,1e-06,ws,800,,956.0,394947.52371825627,0.3944877291798237,0.0004427283650957122,17.066173336869177,46.69120003333946
20260726-233222_MLP_adaptive_penalty_seed0_nepochs2244_lr1e-05_trainsize7000_obj1.0_eq10.0_ineq10.0_lrschedcosine_etamin1e-06_finetune_20260726-125645_sup_pen_model_950,20260726-233222,adaptive_penalty,0,2244,1e-05,10.0,10.0,cosine,1e-06,ws,950,,955.9,403392.64120105124,0.402497871134177,0.0008777128181572955,17.057248716962913,47.518967079068936
20260726-233223_MLP_adaptive_penalty_seed1_nepochs2244_lr1e-05_trainsize7000_obj1.0_eq10.0_ineq10.0_lrschedcosine_etamin1e-06_finetune_20260726-125645_sup_pen_model_950,20260726-233223,adaptive_penalty,1,2244,1e-05,10.0,10.0,cosine,1e-06,ws,950,,955.9,405935.7389404151,0.4050615765947351,0.0008571536422566461,17.008703423403652,46.91185188405318
20260726-233224_MLP_adaptive_penalty_seed3_nepochs2378_lr1e-05_trainsize7000_obj1.0_eq10.0_ineq10.0_lrschedcosine_etamin1e-06_finetune_20260726-125645_sup_pen_model_800,20260726-233224,adaptive_penalty,3,2378,1e-05,10.0,10.0,cosine,1e-06,ws,800,,956.0,398250.855563313,0.39776768624594183,0.00046621158878747034,16.957728583692656,46.40440138832794
20260726-233527_MLP_adaptive_penalty_seed3_nepochs2244_lr1e-05_trainsize7000_obj1.0_eq10.0_ineq10.0_lrschedcosine_etamin1e-06_finetune_20260726-125645_sup_pen_model_950,20260726-233527,adaptive_penalty,3,2244,1e-05,10.0,10.0,cosine,1e-06,ws,950,,955.9,398665.68174851104,0.39719894201727857,0.0014497888915572616,16.950839675168652,46.38638852959322
20260726-233528_MLP_adaptive_penalty_seed2_nepochs2244_lr1e-05_trainsize7000_obj1.0_eq10.0_ineq10.0_lrschedcosine_etamin1e-06_finetune_20260726-125645_sup_pen_model_950,20260726-233528,adaptive_penalty,2,2244,1e-05,10.0,10.0,cosine,1e-06,ws,950,,955.9,403440.24847839493,0.4024698928796445,0.0009532735474970881,17.08205125323817,46.74425389209598
20260726-233840_MLP_adaptive_penalty_seed2_nepochs2778_lr1e-05_trainsize7000_obj1.0_eq10.0_ineq10.0_lrschedcosine_etamin1e-06_finetune_20260726-125645_sup_pen_model_350,20260726-233840,adaptive_penalty,2,2778,1e-05,10.0,10.0,cosine,1e-06,ws,350,,956.0,398764.55496822123,0.39810189954124353,0.0006456318361159369,17.02359086172301,46.545861323906635
20260727-000049_MLP_adaptive_penalty_seed0_nepochs5291_lr1e-05_trainsize7000_obj1.0_eq2000.0_ineq500.0_lrschedcosine_etamin1e-06,20260727-000049,adaptive_penalty,0,5291,1e-05,2000.0,500.0,cosine,1e-06,vanilla,0,,952.4,374024.90280303394,0.3739851841365194,8.168345447451264e-06,31.550321067113526,85.0264327066036
20260727-000049_MLP_adaptive_penalty_seed0_nepochs2422_lr1e-05_trainsize7000_obj1.0_eq2000.0_ineq500.0_lrschedcosine_etamin1e-06_finetune_20260726-125645_sup_pen_model_750,20260727-000049,adaptive_penalty,0,2422,1e-05,2000.0,500.0,cosine,1e-06,ws,750,,956.0,389706.6357412586,0.3889955613390064,0.0006897514054447928,21.322996807389114,58.985882011029815
20260727-000049_MLP_adaptive_penalty_seed1_nepochs2378_lr1e-05_trainsize7000_obj1.0_eq2000.0_ineq500.0_lrschedcosine_etamin1e-06_finetune_20260726-125645_sup_pen_model_800,20260727-000049,adaptive_penalty,1,2378,1e-05,2000.0,500.0,cosine,1e-06,ws,800,,956.0,395800.7609625838,0.39472377040882495,0.0010526490450280584,24.34150873083616,66.03830434034181
20260727-000049_MLP_adaptive_penalty_seed1_nepochs5291_lr1e-05_trainsize7000_obj1.0_eq2000.0_ineq500.0_lrschedcosine_etamin1e-06,20260727-000049,adaptive_penalty,1,5291,1e-05,2000.0,500.0,cosine,1e-06,vanilla,0,,952.4,379007.6539971975,0.3789790179780711,0.0,28.63601912638419,77.47399444233824
20260727-000359_MLP_adaptive_penalty_seed2_nepochs2644_lr1e-05_trainsize7000_obj1.0_eq2000.0_ineq500.0_lrschedcosine_etamin1e-06_finetune_20260726-125645_sup_pen_model_500,20260727-000359,adaptive_penalty,2,2644,1e-05,2000.0,500.0,cosine,1e-06,ws,500,,955.9,378875.65763334226,0.37867255847389847,0.00017972766205165934,23.371497392165814,63.477919347226404
20260727-000359_MLP_adaptive_penalty_seed2_nepochs5291_lr1e-05_trainsize7000_obj1.0_eq2000.0_ineq500.0_lrschedcosine_etamin1e-06,20260727-000359,adaptive_penalty,2,5291,1e-05,2000.0,500.0,cosine,1e-06,vanilla,0,,952.4,378858.46281572053,0.3787669323060641,6.267951744081193e-05,28.850992215566777,77.718763175912
20260727-001016_MLP_adaptive_penalty_seed3_nepochs2467_lr1e-05_trainsize7000_obj1.0_eq2000.0_ineq500.0_lrschedcosine_etamin1e-06_finetune_20260726-125645_sup_pen_model_700,20260727-001016,adaptive_penalty,3,2467,1e-05,2000.0,500.0,cosine,1e-06,ws,700,,956.1,381768.45242868166,0.38168300987351855,6.278640763933765e-05,22.65614752384451,61.535059216825275
20260727-001016_MLP_adaptive_penalty_seed3_nepochs5291_lr1e-05_trainsize7000_obj1.0_eq2000.0_ineq500.0_lrschedcosine_etamin1e-06,20260727-001016,adaptive_penalty,3,5291,1e-05,2000.0,500.0,cosine,1e-06,vanilla,0,,952.4,373786.82164913346,0.37373988373939326,1.8127675700451915e-05,28.81023403966618,78.51731251627288
20260727-001323_MLP_adaptive_penalty_seed0_nepochs5291_lr1e-05_trainsize7000_obj1.0_eq200.0_ineq50.0_lrschedcosine_etamin1e-06,20260727-001323,adaptive_penalty,0,5291,1e-05,200.0,50.0,cosine,1e-06,vanilla,0,,952.4,373601.041218314,0.3732044748839328,0.000363316549133017,33.249785248183606,89.98859090560256
20260727-001941_MLP_adaptive_penalty_seed1_nepochs5291_lr1e-05_trainsize7000_obj1.0_eq200.0_ineq50.0_lrschedcosine_etamin1e-06,20260727-001941,adaptive_penalty,1,5291,1e-05,200.0,50.0,cosine,1e-06,vanilla,0,,952.4,376832.6607507522,0.37676178602207966,4.5244729765352154e-05,25.629998907220646,69.26476317043108
20260727-001941_MLP_adaptive_penalty_seed1_nepochs2378_lr1e-05_trainsize7000_obj1.0_eq200.0_ineq50.0_lrschedcosine_etamin1e-06_finetune_20260726-125645_sup_pen_model_800,20260727-001941,adaptive_penalty,1,2378,1e-05,200.0,50.0,cosine,1e-06,ws,800,,956.0,395899.1294275345,0.39462580068205033,0.001249537544109185,23.791201375026812,64.58207006279267
20260727-001941_MLP_adaptive_penalty_seed0_nepochs2422_lr1e-05_trainsize7000_obj1.0_eq200.0_ineq50.0_lrschedcosine_etamin1e-06_finetune_20260726-125645_sup_pen_model_750,20260727-001941,adaptive_penalty,0,2422,1e-05,200.0,50.0,cosine,1e-06,ws,750,,956.0,389669.12239388406,0.3889836317149623,0.0006645141783021507,20.97650061959658,58.05418141177756
20260727-003219_MLP_adaptive_penalty_seed2_nepochs5291_lr1e-05_trainsize7000_obj1.0_eq200.0_ineq50.0_lrschedcosine_etamin1e-06,20260727-003219,adaptive_penalty,2,5291,1e-05,200.0,50.0,cosine,1e-06,vanilla,0,,952.4,377439.77647708263,0.37739607173450473,1.5993945392029155e-05,27.710797185907563,74.56533676716896
20260727-003647_MLP_adaptive_penalty_seed2_nepochs2644_lr1e-05_trainsize7000_obj1.0_eq200.0_ineq50.0_lrschedcosine_etamin1e-06_finetune_20260726-125645_sup_pen_model_500,20260727-003647,adaptive_penalty,2,2644,1e-05,200.0,50.0,cosine,1e-06,ws,500,,955.9,378900.0205459276,0.37873613823469343,0.00014081645417073768,23.065857063483563,62.55283617027233
20260727-003711_MLP_adaptive_penalty_seed3_nepochs5291_lr1e-05_trainsize7000_obj1.0_eq200.0_ineq50.0_lrschedcosine_etamin1e-06,20260727-003711,adaptive_penalty,3,5291,1e-05,200.0,50.0,cosine,1e-06,vanilla,0,,952.4,373618.73033289606,0.3735891189469599,1.815551262144069e-06,27.79583467399579,76.41882921726139
20260727-003807_MLP_adaptive_penalty_seed3_nepochs2467_lr1e-05_trainsize7000_obj1.0_eq200.0_ineq50.0_lrschedcosine_etamin1e-06_finetune_20260726-125645_sup_pen_model_700,20260727-003807,adaptive_penalty,3,2467,1e-05,200.0,50.0,cosine,1e-06,ws,700,,956.1,381724.0001563855,0.3815745913871984,0.00012720314007104785,22.205629116034626,60.304086717573526
20260727-005110_MLP_adaptive_penalty_seed0_nepochs5291_lr1e-05_trainsize7000_obj1.0_eq500.0_ineq100.0_lrschedcosine_etamin1e-06,20260727-005110,adaptive_penalty,0,5291,1e-05,500.0,100.0,cosine,1e-06,vanilla,0,,952.4,373102.4882772868,0.3728776117548125,0.00019086773172630842,34.00879074803238,91.56363675454688
20260727-005727_MLP_adaptive_penalty_seed0_nepochs2422_lr1e-05_trainsize7000_obj1.0_eq500.0_ineq100.0_lrschedcosine_etamin1e-06_finetune_20260726-125645_sup_pen_model_750,20260727-005727,adaptive_penalty,0,2422,1e-05,500.0,100.0,cosine,1e-06,ws,750,,956.0,389783.4049491922,0.38881711504700844,0.0009452227275512444,21.067174632516288,58.30871514194319
20260727-011002_MLP_adaptive_penalty_seed1_nepochs2378_lr1e-05_trainsize7000_obj1.0_eq500.0_ineq100.0_lrschedcosine_etamin1e-06_finetune_20260726-125645_sup_pen_model_800,20260727-011002,adaptive_penalty,1,2378,1e-05,500.0,100.0,cosine,1e-06,ws,800,,956.0,395907.03779206116,0.39449091808150133,0.00139215485288571,23.96485767410408,65.02641514626254
20260727-012232_MLP_adaptive_penalty_seed1_nepochs3000_lr3e-05_trainsize7000_obj1.0_eq50.0_ineq10.0_lrschedcosine_etamin1e-06_finetune_20260726-125645_sup_pen_model_100,20260727-012232,adaptive_penalty,1,3000,3e-05,50.0,10.0,cosine,1e-06,ws,100,,956.0,470917.16991853795,0.4708341538029358,6.861759434308862e-05,14.398521259076002,40.132500723707665
20260727-012232_MLP_adaptive_penalty_seed0_nepochs3000_lr3e-05_trainsize7000_obj1.0_eq50.0_ineq10.0_lrschedcosine_etamin1e-06_finetune_20260726-125645_sup_pen_model_100,20260727-012232,adaptive_penalty,0,3000,3e-05,50.0,10.0,cosine,1e-06,ws,100,,956.0,471619.51984956267,0.47134827974934884,0.00026254885034596685,8.69124986784216,24.629238403453876
20260727-013502_MLP_adaptive_penalty_seed3_nepochs3000_lr3e-05_trainsize7000_obj1.0_eq50.0_ineq10.0_lrschedcosine_etamin1e-06_finetune_20260726-125645_sup_pen_model_100,20260727-013502,adaptive_penalty,3,3000,3e-05,50.0,10.0,cosine,1e-06,ws,100,,956.0,451347.4158346582,0.45105397347048015,0.00027988423606596755,13.558128112044368,37.473263181010715
20260727-013502_MLP_adaptive_penalty_seed2_nepochs3000_lr3e-05_trainsize7000_obj1.0_eq50.0_ineq10.0_lrschedcosine_etamin1e-06_finetune_20260726-125645_sup_pen_model_100,20260727-013502,adaptive_penalty,2,3000,3e-05,50.0,10.0,cosine,1e-06,ws,100,,956.0,466463.7799752107,0.46635872314752924,9.111820964776383e-05,13.938618033767305,39.7252527352214
20260727-014733_MLP_adaptive_penalty_seed1_nepochs2911_lr3e-05_trainsize7000_obj1.0_eq50.0_ineq10.0_lrschedcosine_etamin1e-06_finetune_20260726-125645_sup_pen_model_200,20260727-014733,adaptive_penalty,1,2911,3e-05,50.0,10.0,cosine,1e-06,ws,200,,956.0,471336.9309784052,0.47041579668403916,0.0009097325592344561,11.401735131542576,31.810515252562983
20260727-014733_MLP_adaptive_penalty_seed0_nepochs2911_lr3e-05_trainsize7000_obj1.0_eq50.0_ineq10.0_lrschedcosine_etamin1e-06_finetune_20260726-125645_sup_pen_model_200,20260727-014733,adaptive_penalty,0,2911,3e-05,50.0,10.0,cosine,1e-06,ws,200,,956.0,463558.13876083866,0.4626704823846288,0.000876510451005152,11.14592520471936,31.2630324125824
20260727-020008_MLP_adaptive_penalty_seed0_nepochs2778_lr3e-05_trainsize7000_obj1.0_eq50.0_ineq10.0_lrschedcosine_etamin1e-06_finetune_20260726-125645_sup_pen_model_350,20260727-020008,adaptive_penalty,0,2778,3e-05,50.0,10.0,cosine,1e-06,ws,350,,956.0,473414.48841537896,0.47299278315619564,0.0004080981909844728,13.60706819893274,37.507131111438994
20260727-020008_MLP_adaptive_penalty_seed3_nepochs2911_lr3e-05_trainsize7000_obj1.0_eq50.0_ineq10.0_lrschedcosine_etamin1e-06_finetune_20260726-125645_sup_pen_model_200,20260727-020008,adaptive_penalty,3,2911,3e-05,50.0,10.0,cosine,1e-06,ws,200,,956.0,470095.6282986232,0.46957874741158,0.0005029798857815299,13.901001261660706,38.60288846032741
20260727-020008_MLP_adaptive_penalty_seed1_nepochs2778_lr3e-05_trainsize7000_obj1.0_eq50.0_ineq10.0_lrschedcosine_etamin1e-06_finetune_20260726-125645_sup_pen_model_350,20260727-020008,adaptive_penalty,1,2778,3e-05,50.0,10.0,cosine,1e-06,ws,350,,956.0,476665.85692200786,0.47594110347874286,0.0007134171637040621,11.336279560975381,31.605680331777705
20260727-020008_MLP_adaptive_penalty_seed2_nepochs2911_lr3e-05_trainsize7000_obj1.0_eq50.0_ineq10.0_lrschedcosine_etamin1e-06_finetune_20260726-125645_sup_pen_model_200,20260727-020008,adaptive_penalty,2,2911,3e-05,50.0,10.0,cosine,1e-06,ws,200,,956.0,466393.6669602194,0.46612958562149254,0.00024997327459844697,14.10806412841577,38.65777093205686
20260727-020008_MLP_adaptive_penalty_seed3_nepochs2778_lr3e-05_trainsize7000_obj1.0_eq50.0_ineq10.0_lrschedcosine_etamin1e-06_finetune_20260726-125645_sup_pen_model_350,20260727-020008,adaptive_penalty,3,2778,3e-05,50.0,10.0,cosine,1e-06,ws,350,,956.0,468837.3824706443,0.468354186711817,0.0004691764442864982,14.01931454083299,38.67193527884291
20260727-020008_MLP_adaptive_penalty_seed2_nepochs2778_lr3e-05_trainsize7000_obj1.0_eq50.0_ineq10.0_lrschedcosine_etamin1e-06_finetune_20260726-125645_sup_pen_model_350,20260727-020008,adaptive_penalty,2,2778,3e-05,50.0,10.0,cosine,1e-06,ws,350,,956.0,492118.0328376892,0.49188486152197886,0.00021891692073371972,14.254394976641052,39.24783804053166
20260727-021238_MLP_adaptive_penalty_seed1_nepochs2644_lr3e-05_trainsize7000_obj1.0_eq50.0_ineq10.0_lrschedcosine_etamin1e-06_finetune_20260726-125645_sup_pen_model_500,20260727-021238,adaptive_penalty,1,2644,3e-05,50.0,10.0,cosine,1e-06,ws,500,,955.9,480764.37629324535,0.48042863988134726,0.00032392516216130443,11.811249736767357,33.03308610801787
20260727-021238_MLP_adaptive_penalty_seed0_nepochs2644_lr3e-05_trainsize7000_obj1.0_eq50.0_ineq10.0_lrschedcosine_etamin1e-06_finetune_20260726-125645_sup_pen_model_500,20260727-021238,adaptive_penalty,0,2644,3e-05,50.0,10.0,cosine,1e-06,ws,500,,955.9,458324.3499609928,0.45778740699273324,0.0005225110912015535,14.43187705803734,39.53058199483961
20260727-021238_MLP_adaptive_penalty_seed2_nepochs2644_lr3e-05_trainsize7000_obj1.0_eq50.0_ineq10.0_lrschedcosine_etamin1e-06_finetune_20260726-125645_sup_pen_model_500,20260727-021238,adaptive_penalty,2,2644,3e-05,50.0,10.0,cosine,1e-06,ws,500,,955.9,485558.2715881833,0.4852384260041014,0.00030554837690793465,14.297207173887942,39.34657519776148
20260727-021238_MLP_adaptive_penalty_seed3_nepochs2644_lr3e-05_trainsize7000_obj1.0_eq50.0_ineq10.0_lrschedcosine_etamin1e-06_finetune_20260726-125645_sup_pen_model_500,20260727-021238,adaptive_penalty,3,2644,3e-05,50.0,10.0,cosine,1e-06,ws,500,,955.9,471593.8977718317,0.47104245096550124,0.0005373757614320612,14.071044898507214,38.83852261705509
20260727-021536_MLP_adaptive_penalty_seed4_nepochs2333_lr3e-05_trainsize7000_obj1.0_eq50.0_ineq10.0_lrschedcosine_etamin1e-06_finetune_20260726-184405_sup_pen_model_850,20260727-021536,adaptive_penalty,4,2333,3e-05,50.0,10.0,cosine,1e-06,ws,850,,955.9,482190.03527995094,0.48212076513690316,5.432769463791995e-05,14.94244840991762,40.42537898964089
20260727-021537_MLP_adaptive_penalty_seed4_nepochs5291_lr3e-05_trainsize7000_obj1.0_eq50.0_ineq10.0_lrschedcosine_etamin1e-06,20260727-021537,adaptive_penalty,4,5291,3e-05,50.0,10.0,cosine,1e-06,vanilla,0,,952.4,467469.1380165762,0.46709475100119174,0.0003626388864210213,11.748128963441596,33.3320693593712
20260727-021539_MLP_adaptive_penalty_seed5_nepochs2511_lr1e-05_trainsize7000_obj1.0_eq2000.0_ineq500.0_lrschedcosine_etamin1e-06_finetune_20260726-184402_sup_pen_model_650,20260727-021539,adaptive_penalty,5,2511,1e-05,2000.0,500.0,cosine,1e-06,ws,650,,956.0,387359.30226469703,0.3869381703456706,0.0003987967265421307,22.3351924843752,60.91738143581604
20260727-021540_MLP_adaptive_penalty_seed5_nepochs5291_lr1e-05_trainsize7000_obj1.0_eq2000.0_ineq500.0_lrschedcosine_etamin1e-06,20260727-021540,adaptive_penalty,5,5291,1e-05,2000.0,500.0,cosine,1e-06,vanilla,0,,952.4,376266.73626789276,0.37620271582453724,3.5589452887742e-05,28.43099046780677,77.86907140583578
20260727-021540_MLP_adaptive_penalty_seed4_nepochs5291_lr1e-05_trainsize7000_obj1.0_eq2000.0_ineq500.0_lrschedcosine_etamin1e-06,20260727-021540,adaptive_penalty,4,5291,1e-05,2000.0,500.0,cosine,1e-06,vanilla,0,,952.4,374753.27000510675,0.37471824021734573,0.0,35.02978776106694,95.13751079247612
20260727-021541_MLP_adaptive_penalty_seed4_nepochs2333_lr1e-05_trainsize7000_obj1.0_eq2000.0_ineq500.0_lrschedcosine_etamin1e-06_finetune_20260726-184405_sup_pen_model_850,20260727-021541,adaptive_penalty,4,2333,1e-05,2000.0,500.0,cosine,1e-06,ws,850,,955.9,400946.1437166858,0.40041226954212406,0.0005121819211966263,21.692253365144296,58.823558379913834
20260727-021543_MLP_adaptive_penalty_seed4_nepochs5291_lr0.0005_trainsize7000_obj1.0_eq10.0_ineq10.0_lrschedcosine_etamin1e-06,20260727-021543,adaptive_penalty,4,5291,0.0005,10.0,10.0,cosine,1e-06,vanilla,0,,952.4,1110357.9706857647,1.1066582137599126,0.0036877001922567794,12.056733595532457,33.225305929225726
20260727-021543_MLP_adaptive_penalty_seed4_nepochs2333_lr0.0005_trainsize7000_obj1.0_eq10.0_ineq10.0_lrschedcosine_etamin1e-06_finetune_20260726-184405_sup_pen_model_850,20260727-021543,adaptive_penalty,4,2333,0.0005,10.0,10.0,cosine,1e-06,ws,850,,955.9,1292588.573028063,1.29202907676805,0.0005474382729145023,12.057987098268292,33.311865248253405
20260727-022158_MLP_adaptive_penalty_seed5_nepochs5291_lr0.0005_trainsize7000_obj1.0_eq10.0_ineq10.0_lrschedcosine_etamin1e-06,20260727-022158,adaptive_penalty,5,5291,0.0005,10.0,10.0,cosine,1e-06,vanilla,0,,952.4,1075003.7687856033,1.0732803517229732,0.0017097691216552307,13.647940974934714,37.7480656472161
20260727-022459_MLP_adaptive_penalty_seed5_nepochs5291_lr3e-05_trainsize7000_obj1.0_eq50.0_ineq10.0_lrschedcosine_etamin1e-06,20260727-022459,adaptive_penalty,5,5291,3e-05,50.0,10.0,cosine,1e-06,vanilla,0,,952.4,465632.5812889406,0.46424171114818236,0.001368933073503097,21.93706725515988,60.29556653846569
20260727-022501_MLP_adaptive_penalty_seed6_nepochs2511_lr1e-05_trainsize7000_obj1.0_eq2000.0_ineq500.0_lrschedcosine_etamin1e-06_finetune_20260726-184708_sup_pen_model_650,20260727-022501,adaptive_penalty,6,2511,1e-05,2000.0,500.0,cosine,1e-06,ws,650,,956.0,389432.90013590106,0.38915077979627555,0.00025888550115861324,23.234838466908776,62.7886611130406
20260727-022504_MLP_adaptive_penalty_seed6_nepochs5291_lr1e-05_trainsize7000_obj1.0_eq2000.0_ineq500.0_lrschedcosine_etamin1e-06,20260727-022504,adaptive_penalty,6,5291,1e-05,2000.0,500.0,cosine,1e-06,vanilla,0,,952.4,387885.71405616443,0.3878576475975211,0.0,28.066458643323507,75.8366633876496
20260727-022505_MLP_adaptive_penalty_seed7_nepochs5291_lr0.0005_trainsize7000_obj1.0_eq10.0_ineq10.0_lrschedcosine_etamin1e-06,20260727-022505,adaptive_penalty,7,5291,0.0005,10.0,10.0,cosine,1e-06,vanilla,0,,952.4,1038108.6932984409,1.0362545029638877,0.0018422098237066036,11.980510846625734,33.69906797010199
20260727-022505_MLP_adaptive_penalty_seed5_nepochs2511_lr0.0005_trainsize7000_obj1.0_eq10.0_ineq10.0_lrschedcosine_etamin1e-06_finetune_20260726-184402_sup_pen_model_650,20260727-022505,adaptive_penalty,5,2511,0.0005,10.0,10.0,cosine,1e-06,ws,650,,956.0,1217463.6875009574,1.216894513810534,0.0005573623967622592,11.811293661003855,33.10777828608854
20260727-022505_MLP_adaptive_penalty_seed6_nepochs2511_lr0.0005_trainsize7000_obj1.0_eq10.0_ineq10.0_lrschedcosine_etamin1e-06_finetune_20260726-184708_sup_pen_model_650,20260727-022505,adaptive_penalty,6,2511,0.0005,10.0,10.0,cosine,1e-06,ws,650,,956.0,1298770.9790455573,1.2979003022863962,0.000857135869487248,13.54088967369012,37.359206796969616
20260727-022505_MLP_adaptive_penalty_seed6_nepochs5291_lr0.0005_trainsize7000_obj1.0_eq10.0_ineq10.0_lrschedcosine_etamin1e-06,20260727-022505,adaptive_penalty,6,5291,0.0005,10.0,10.0,cosine,1e-06,vanilla,0,,952.4,1127345.7907179366,1.1246353715476938,0.0026986752029943715,11.743967248288367,32.20612713211718
20260727-023417_MLP_adaptive_penalty_seed5_nepochs2511_lr3e-05_trainsize7000_obj1.0_eq50.0_ineq10.0_lrschedcosine_etamin1e-06_finetune_20260726-184402_sup_pen_model_650,20260727-023417,adaptive_penalty,5,2511,3e-05,50.0,10.0,cosine,1e-06,ws,650,,956.0,462087.82045893534,0.46201412203158454,5.882095015696809e-05,14.877477193850162,40.56602620936517
20260727-023421_MLP_adaptive_penalty_seed7_nepochs5291_lr1e-05_trainsize7000_obj1.0_eq2000.0_ineq500.0_lrschedcosine_etamin1e-06,20260727-023421,adaptive_penalty,7,5291,1e-05,2000.0,500.0,cosine,1e-06,vanilla,0,,952.4,368721.25609232235,0.36869138088716513,0.0,29.87520515720614,80.47180924085008
20260727-023421_MLP_adaptive_penalty_seed7_nepochs2378_lr1e-05_trainsize7000_obj1.0_eq2000.0_ineq500.0_lrschedcosine_etamin1e-06_finetune_20260726-184708_sup_pen_model_800,20260727-023421,adaptive_penalty,7,2378,1e-05,2000.0,500.0,cosine,1e-06,ws,800,,956.0,382775.6096157734,0.38204349182099534,0.0007058443000237825,26.273494754280975,72.01589625417736
20260727-023425_MLP_adaptive_penalty_seed4_nepochs2333_lr0.0001_trainsize7000_obj1.0_eq10.0_ineq10.0_lrschedcosine_etamin1e-06_finetune_20260726-184405_sup_pen_model_850,20260727-023425,adaptive_penalty,4,2333,0.0001,10.0,10.0,cosine,1e-06,ws,850,,955.9,655924.9801210981,0.6554114684060316,0.0005008776664818249,12.634048584698228,35.14464658264603
20260727-023425_MLP_adaptive_penalty_seed4_nepochs5291_lr0.0001_trainsize7000_obj1.0_eq10.0_ineq10.0_lrschedcosine_etamin1e-06,20260727-023425,adaptive_penalty,4,5291,0.0001,10.0,10.0,cosine,1e-06,vanilla,0,,952.4,671975.8314596222,0.6715182761737933,0.0004463386839242761,11.216601904593329,31.397099863260554
20260727-023425_MLP_adaptive_penalty_seed7_nepochs2378_lr0.0005_trainsize7000_obj1.0_eq10.0_ineq10.0_lrschedcosine_etamin1e-06_finetune_20260726-184708_sup_pen_model_800,20260727-023425,adaptive_penalty,7,2378,0.0005,10.0,10.0,cosine,1e-06,ws,800,,956.0,1261006.4616684392,1.258762813396343,0.002228260264649732,15.388007446406892,42.35249146108825
20260727-023727_MLP_adaptive_penalty_seed6_nepochs5291_lr3e-05_trainsize7000_obj1.0_eq50.0_ineq10.0_lrschedcosine_etamin1e-06,20260727-023727,adaptive_penalty,6,5291,3e-05,50.0,10.0,cosine,1e-06,vanilla,0,,952.4,494118.13052749535,0.49330686377047084,0.0007959675051815498,15.299251842923027,43.062490320981226
20260727-024037_MLP_adaptive_penalty_seed5_nepochs5291_lr0.0001_trainsize7000_obj1.0_eq10.0_ineq10.0_lrschedcosine_etamin1e-06,20260727-024037,adaptive_penalty,5,5291,0.0001,10.0,10.0,cosine,1e-06,vanilla,0,,952.4,647948.2643553081,0.6458487157756143,0.0020786082436135295,20.94033608036547,57.5241857893551
20260727-024339_MLP_adaptive_penalty_seed7_nepochs5291_lr3e-05_trainsize7000_obj1.0_eq50.0_ineq10.0_lrschedcosine_etamin1e-06,20260727-024339,adaptive_penalty,7,5291,3e-05,50.0,10.0,cosine,1e-06,vanilla,0,,952.4,459200.5006194702,0.4584350366119213,0.0007469067162141804,18.557291334698867,50.91679918744359
20260727-024339_MLP_adaptive_penalty_seed6_nepochs2511_lr3e-05_trainsize7000_obj1.0_eq50.0_ineq10.0_lrschedcosine_etamin1e-06_finetune_20260726-184708_sup_pen_model_650,20260727-024339,adaptive_penalty,6,2511,3e-05,50.0,10.0,cosine,1e-06,ws,650,,956.0,486800.4180621593,0.485917760977559,0.0008684337440862521,14.223340514073737,39.135796545176404
20260727-024348_MLP_adaptive_penalty_seed5_nepochs2511_lr0.0001_trainsize7000_obj1.0_eq10.0_ineq10.0_lrschedcosine_etamin1e-06_finetune_20260726-184402_sup_pen_model_650,20260727-024348,adaptive_penalty,5,2511,0.0001,10.0,10.0,cosine,1e-06,ws,650,,956.0,638012.890370993,0.6375873158497982,0.00041294562463499614,12.62889655969305,35.55025185585791
20260727-024348_MLP_adaptive_penalty_seed6_nepochs2511_lr0.0001_trainsize7000_obj1.0_eq10.0_ineq10.0_lrschedcosine_etamin1e-06_finetune_20260726-184708_sup_pen_model_650,20260727-024348,adaptive_penalty,6,2511,0.0001,10.0,10.0,cosine,1e-06,ws,650,,956.0,700085.7746367983,0.6993895541501564,0.0006862533458505456,9.967140791360322,27.701021956568372
20260727-024348_MLP_adaptive_penalty_seed7_nepochs5291_lr0.0001_trainsize7000_obj1.0_eq10.0_ineq10.0_lrschedcosine_etamin1e-06,20260727-024348,adaptive_penalty,7,5291,0.0001,10.0,10.0,cosine,1e-06,vanilla,0,,952.4,655192.6106526256,0.6544769435740851,0.0007002907203579456,15.37635818232857,41.937130616533075
20260727-024348_MLP_adaptive_penalty_seed6_nepochs5291_lr0.0001_trainsize7000_obj1.0_eq10.0_ineq10.0_lrschedcosine_etamin1e-06,20260727-024348,adaptive_penalty,6,5291,0.0001,10.0,10.0,cosine,1e-06,vanilla,0,,952.4,695455.8648231338,0.6943606538620825,0.0010831373220385261,12.073639012892446,33.0786133324818
20260727-024648_MLP_adaptive_penalty_seed7_nepochs2378_lr3e-05_trainsize7000_obj1.0_eq50.0_ineq10.0_lrschedcosine_etamin1e-06_finetune_20260726-184708_sup_pen_model_800,20260727-024648,adaptive_penalty,7,2378,3e-05,50.0,10.0,cosine,1e-06,ws,800,,956.0,468000.10686838854,0.46667344019102347,0.0013088584516607804,17.808225704267432,49.47249090765357
20260727-025306_MLP_adaptive_penalty_seed4_nepochs5291_lr3e-05_trainsize7000_obj1.0_eq10.0_ineq10.0_lrschedcosine_etamin1e-06,20260727-025306,adaptive_penalty,4,5291,3e-05,10.0,10.0,cosine,1e-06,vanilla,0,,952.4,468843.1746744863,0.46804829198412334,0.0007814902026689244,13.392487694029843,36.35817513009994
20260727-025306_MLP_adaptive_penalty_seed7_nepochs2378_lr0.0001_trainsize7000_obj1.0_eq10.0_ineq10.0_lrschedcosine_etamin1e-06_finetune_20260726-184708_sup_pen_model_800,20260727-025306,adaptive_penalty,7,2378,0.0001,10.0,10.0,cosine,1e-06,ws,800,,956.0,687722.984546785,0.6859515350528674,0.001756113167960236,15.336325957362725,42.13507763535341
20260727-025306_MLP_adaptive_penalty_seed4_nepochs2333_lr3e-05_trainsize7000_obj1.0_eq10.0_ineq10.0_lrschedcosine_etamin1e-06_finetune_20260726-184405_sup_pen_model_850,20260727-025306,adaptive_penalty,4,2333,3e-05,10.0,10.0,cosine,1e-06,ws,850,,955.9,480030.5024411996,0.4799641305080892,5.146182137903514e-05,14.910111731338661,40.596661420630696
20260727-025918_MLP_adaptive_penalty_seed5_nepochs5291_lr3e-05_trainsize7000_obj1.0_eq10.0_ineq10.0_lrschedcosine_etamin1e-06,20260727-025918,adaptive_penalty,5,5291,3e-05,10.0,10.0,cosine,1e-06,vanilla,0,,952.4,468490.9245498352,0.467120301800073,0.0013486281153497924,21.99463441237967,60.257249884598636
20260727-030227_MLP_adaptive_penalty_seed6_nepochs2511_lr3e-05_trainsize7000_obj1.0_eq10.0_ineq10.0_lrschedcosine_etamin1e-06_finetune_20260726-184708_sup_pen_model_650,20260727-030227,adaptive_penalty,6,2511,3e-05,10.0,10.0,cosine,1e-06,ws,650,,956.0,478083.790569803,0.47720190212321945,0.0008676911997678563,14.19724681567693,38.97045940547737
20260727-030227_MLP_adaptive_penalty_seed6_nepochs5291_lr3e-05_trainsize7000_obj1.0_eq10.0_ineq10.0_lrschedcosine_etamin1e-06,20260727-030227,adaptive_penalty,6,5291,3e-05,10.0,10.0,cosine,1e-06,vanilla,0,,952.4,491227.27737651445,0.4905646625901952,0.0006475038347721849,15.110951547096573,42.6823151984883
20260727-030227_MLP_adaptive_penalty_seed7_nepochs5291_lr3e-05_trainsize7000_obj1.0_eq10.0_ineq10.0_lrschedcosine_etamin1e-06,20260727-030227,adaptive_penalty,7,5291,3e-05,10.0,10.0,cosine,1e-06,vanilla,0,,952.4,456307.97880923393,0.4556379302932705,0.0006514757344983093,18.572781465104015,50.79902886613387
20260727-030227_MLP_adaptive_penalty_seed5_nepochs2511_lr3e-05_trainsize7000_obj1.0_eq10.0_ineq10.0_lrschedcosine_etamin1e-06_finetune_20260726-184402_sup_pen_model_650,20260727-030227,adaptive_penalty,5,2511,3e-05,10.0,10.0,cosine,1e-06,ws,650,,956.0,482751.3170209539,0.48268042890163104,5.5958867048615246e-05,14.929252274301756,40.97479398685168
20260727-031056_MLP_adaptive_penalty_seed7_nepochs2378_lr3e-05_trainsize7000_obj1.0_eq10.0_ineq10.0_lrschedcosine_etamin1e-06_finetune_20260726-184708_sup_pen_model_800,20260727-031056,adaptive_penalty,7,2378,3e-05,10.0,10.0,cosine,1e-06,ws,800,,956.0,461662.2814663969,0.46029199060827874,0.0013525367871331225,17.75407098497775,49.2312829550508
20260727-133055_MLP_adaptive_penalty_seed4_nepochs3000_lr3e-05_trainsize7000_obj1.0_eq50.0_ineq10.0_lrschedcosine_etamin1e-06_finetune_20260726-184405_sup_pen_model_100,20260727-133055,adaptive_penalty,4,3000,3e-05,50.0,10.0,cosine,1e-06,ws,100,,956.0,463547.4015182728,0.46304499150157624,0.0004864315573658261,15.978459330802334,43.69801957664342
20260727-133127_MLP_adaptive_penalty_seed5_nepochs3000_lr3e-05_trainsize7000_obj1.0_eq50.0_ineq10.0_lrschedcosine_etamin1e-06_finetune_20260726-184402_sup_pen_model_100,20260727-133127,adaptive_penalty,5,3000,3e-05,50.0,10.0,cosine,1e-06,ws,100,,956.0,503299.1598607143,0.5025790606020962,0.0007056301556831754,14.46910293486749,39.294214674073245
20260727-133127_MLP_adaptive_penalty_seed6_nepochs3000_lr3e-05_trainsize7000_obj1.0_eq50.0_ineq10.0_lrschedcosine_etamin1e-06_finetune_20260726-184708_sup_pen_model_100,20260727-133127,adaptive_penalty,6,3000,3e-05,50.0,10.0,cosine,1e-06,ws,100,,956.0,465824.0041322652,0.46537888539299127,0.0004280513411184365,17.06739815552511,47.72829979781231
20260727-133127_MLP_adaptive_penalty_seed7_nepochs3000_lr3e-05_trainsize7000_obj1.0_eq50.0_ineq10.0_lrschedcosine_etamin1e-06_finetune_20260726-184708_sup_pen_model_100,20260727-133127,adaptive_penalty,7,3000,3e-05,50.0,10.0,cosine,1e-06,ws,100,,956.0,485887.6207299753,0.4855972846751397,0.00027152980281291636,18.806252022684454,52.13387588033319
20260727-133336_MLP_adaptive_penalty_seed4_nepochs2911_lr3e-05_trainsize7000_obj1.0_eq50.0_ineq10.0_lrschedcosine_etamin1e-06_finetune_20260726-184405_sup_pen_model_200,20260727-133336,adaptive_penalty,4,2911,3e-05,50.0,10.0,cosine,1e-06,ws,200,,956.0,464324.6907252499,0.4634848812355058,0.0008241923561035,15.6171336405673,42.58661013332208
20260727-133629_MLP_adaptive_penalty_seed5_nepochs2911_lr3e-05_trainsize7000_obj1.0_eq50.0_ineq10.0_lrschedcosine_etamin1e-06_finetune_20260726-184402_sup_pen_model_200,20260727-133629,adaptive_penalty,5,2911,3e-05,50.0,10.0,cosine,1e-06,ws,200,,956.0,481864.0638544585,0.4811410031022612,0.0007068017335352733,16.25901866206668,43.86786436285408
20260727-134220_MLP_adaptive_penalty_seed6_nepochs2911_lr3e-05_trainsize7000_obj1.0_eq50.0_ineq10.0_lrschedcosine_etamin1e-06_finetune_20260726-184708_sup_pen_model_200,20260727-134220,adaptive_penalty,6,2911,3e-05,50.0,10.0,cosine,1e-06,ws,200,,956.0,472007.8543010075,0.47132233413729563,0.0006710747842047659,14.445379507085807,39.716514861450186
20260727-134228_MLP_adaptive_penalty_seed7_nepochs2911_lr3e-05_trainsize7000_obj1.0_eq50.0_ineq10.0_lrschedcosine_etamin1e-06_finetune_20260726-184708_sup_pen_model_200,20260727-134228,adaptive_penalty,7,2911,3e-05,50.0,10.0,cosine,1e-06,ws,200,,956.0,474853.3919430352,0.47457833561478036,0.00025638032224092194,18.676006013888887,51.09490100288434
20260727-150636_MLP_adaptive_penalty_seed1_nepochs2847_lr3e-05_trainsize7000_obj1.0_eq50.0_ineq10.0_lrschedcosine_etamin1e-06_finetune_20260726-125645_sup_pen_model_250,20260727-150636,adaptive_penalty,1,2847,3e-05,50.0,10.0,cosine,1e-06,ws,250,,952.5,479370.41176513897,0.4785219604254819,0.0008371630743236217,11.288265333410129,31.390495439231067
20260727-150636_MLP_adaptive_penalty_seed0_nepochs2847_lr3e-05_trainsize7000_obj1.0_eq50.0_ineq10.0_lrschedcosine_etamin1e-06_finetune_20260726-125645_sup_pen_model_250,20260727-150636,adaptive_penalty,0,2847,3e-05,50.0,10.0,cosine,1e-06,ws,250,,952.5,471836.4628919718,0.4710339175964925,0.0007905131692004484,12.03212627895665,33.90251949691036
20260727-150636_MLP_adaptive_penalty_seed2_nepochs2847_lr3e-05_trainsize7000_obj1.0_eq50.0_ineq10.0_lrschedcosine_etamin1e-06_finetune_20260726-125645_sup_pen_model_250,20260727-150636,adaptive_penalty,2,2847,3e-05,50.0,10.0,cosine,1e-06,ws,250,,952.5,457300.3513498049,0.45706953974602005,0.00021657201392659593,14.23958985828731,39.09612984366782
20260727-150636_MLP_adaptive_penalty_seed3_nepochs2847_lr3e-05_trainsize7000_obj1.0_eq50.0_ineq10.0_lrschedcosine_etamin1e-06_finetune_20260726-125645_sup_pen_model_250,20260727-150636,adaptive_penalty,3,2847,3e-05,50.0,10.0,cosine,1e-06,ws,250,,952.5,471578.5531242449,0.47113939164112284,0.0004251127241046114,14.048759017487132,38.790996590167744
20260727-150914_MLP_adaptive_penalty_seed4_nepochs2847_lr3e-05_trainsize7000_obj1.0_eq50.0_ineq10.0_lrschedcosine_etamin1e-06_finetune_20260726-184405_sup_pen_model_250,20260727-150914,adaptive_penalty,4,2847,3e-05,50.0,10.0,cosine,1e-06,ws,250,,952.5,468966.5038240674,0.4679715566280409,0.000979229482191257,15.717713835219461,42.61827630874537
20260727-150926_MLP_adaptive_penalty_seed6_nepochs2847_lr3e-05_trainsize7000_obj1.0_eq50.0_ineq10.0_lrschedcosine_etamin1e-06_finetune_20260726-184708_sup_pen_model_250,20260727-150926,adaptive_penalty,6,2847,3e-05,50.0,10.0,cosine,1e-06,ws,250,,952.5,469934.5789123071,0.46945914018907986,0.00046105626247458243,14.382460752680547,39.869138791751766
20260727-150927_MLP_adaptive_penalty_seed7_nepochs2847_lr3e-05_trainsize7000_obj1.0_eq50.0_ineq10.0_lrschedcosine_etamin1e-06_finetune_20260726-184708_sup_pen_model_250,20260727-150927,adaptive_penalty,7,2847,3e-05,50.0,10.0,cosine,1e-06,ws,250,,952.5,455002.9796885033,0.4548886830575838,9.568193156593186e-05,18.614699353577333,51.20182527992847
20260727-150927_MLP_adaptive_penalty_seed5_nepochs2847_lr3e-05_trainsize7000_obj1.0_eq50.0_ineq10.0_lrschedcosine_etamin1e-06_finetune_20260726-184402_sup_pen_model_250,20260727-150927,adaptive_penalty,5,2847,3e-05,50.0,10.0,cosine,1e-06,ws,250,,952.5,473986.13568813296,0.4737556934475313,0.00021358725686721272,16.854983734451178,46.0478498765076
20260726-022041_MLP_penalty_seed1_nepochs2667_lr0.0001_trainsize7000_obj1.0_eq10.0_ineq10.0_lrschedcosine_etamin1e-06,20260726-022041,penalty,1,2667,0.0001,10.0,10.0,cosine,1e-06,vanilla,0,,480.1,890917.9693091463,0.8751258759422977,0.015791716320436015,0.37704641251620896,2.796344465175511
20260726-022041_MLP_penalty_seed0_nepochs2667_lr0.0001_trainsize7000_obj1.0_eq10.0_ineq10.0_lrschedcosine_etamin1e-06,20260726-022041,penalty,0,2667,0.0001,10.0,10.0,cosine,1e-06,vanilla,0,,480.1,811652.483019761,0.8022091299445804,0.009446111915978805,-2.758840798130595,-4.059573862601049
20260726-022358_MLP_penalty_seed2_nepochs2667_lr0.0001_trainsize7000_obj1.0_eq10.0_ineq10.0_lrschedcosine_etamin1e-06,20260726-022358,penalty,2,2667,0.0001,10.0,10.0,cosine,1e-06,vanilla,0,,480.1,897138.6089449807,0.8761092416304026,0.02102908470937389,0.2826052040445829,1.0782726696419327
20260726-022358_MLP_penalty_seed3_nepochs2667_lr0.0001_trainsize7000_obj1.0_eq10.0_ineq10.0_lrschedcosine_etamin1e-06,20260726-022358,penalty,3,2667,0.0001,10.0,10.0,cosine,1e-06,vanilla,0,,480.1,971395.3144265425,0.9484644635181616,0.022930537328558317,0.31357982265839535,2.96766541174333
20260726-025258_MLP_penalty_seed0_nepochs3000_lr0.0005_trainsize7000_obj1.0_eq10.0_ineq10.0_lrschedcosine_etamin1e-06_finetune_20260116-022657_sup_pen_model_100,20260726-025258,penalty,0,3000,0.0005,10.0,10.0,cosine,1e-06,ws,100,,956.0,1489690.0969278952,1.4762279373311504,0.013464898177163065,-2.7385804185774942,-3.978576615431611
20260726-025301_MLP_penalty_seed0_nepochs3000_lr0.0005_trainsize7000_obj1.0_eq10.0_ineq10.0_lrschedcosine_etamin1e-06_finetune_20260116-022657_sup_pen_model_50,20260726-025301,penalty,0,3000,0.0005,10.0,10.0,cosine,1e-06,ws,50,,948.0,1302350.4614219111,1.290087442022057,0.012265781604870497,-2.7622050162974423,-4.0011992217167265
20260726-025919_MLP_penalty_seed0_nepochs355_lr0.0001_trainsize7000_obj1.0_eq10.0_ineq10.0_lrschedcosine_etamin1e-06_finetune_20260116-022657_sup_pen_model_100,20260726-025919,penalty,0,355,0.0001,10.0,10.0,cosine,1e-06,ws,100,,479.9,980962.1554073358,0.9452475029807045,0.03571042983964471,4.222586986726982,14.243899601017738
20260726-030239_MLP_penalty_seed0_nepochs3000_lr0.0005_trainsize7000_obj1.0_eq10.0_ineq10.0_lrschedcosine_etamin1e-06_finetune_20260116-022657_sup_pen_model_200,20260726-030239,penalty,0,3000,0.0005,10.0,10.0,cosine,1e-06,ws,200,,972.0,1474777.7116571947,1.4539464057810658,0.020834063575327404,-2.757699198334352,-3.91529303444013
20260726-031843_MLP_penalty_seed1_nepochs4500_lr0.0005_trainsize7000_obj1.0_eq10.0_ineq10.0_lrschedcosine_etamin1e-06_finetune_20260118-174916_penalty_seed1_model_final,20260726-031843,penalty,1,4500,0.0005,10.0,10.0,cosine,1e-06,vanilla,0,_finetune_20260118-174916_penalty_seed1_model_final,810.0,1264142.895879664,1.215049426741667,0.04909325392512507,0.21521287190558314,2.4268844427201115
20260726-031843_MLP_penalty_seed0_nepochs4500_lr0.0005_trainsize7000_obj1.0_eq10.0_ineq10.0_lrschedcosine_etamin1e-06_finetune_20260118-174600_penalty_seed0_model_final,20260726-031843,penalty,0,4500,0.0005,10.0,10.0,cosine,1e-06,vanilla,0,_finetune_20260118-174600_penalty_seed0_model_final,810.0,1314787.0949371448,1.2871458856449323,0.027644077264578543,-2.867972366078524,-3.952680887183959
20260726-113413_MLP_penalty_seed0_nepochs8065_lr0.0001_trainsize7000_obj1.0_eq10.0_ineq10.0_lrschedcosine_etamin1e-06_finetune_20260726-035102_sup_pen_model_950,20260726-113413,penalty,0,8065,0.0001,10.0,10.0,cosine,1e-06,ws,950,,2003.7,906617.214111651,0.880275503190056,0.02634536645640533,-3.655534810337439,-9.328120475790596
20260726-113413_MLP_penalty_seed0_nepochs11111_lr0.0001_trainsize7000_obj1.0_eq10.0_ineq10.0_lrschedcosine_etamin1e-06,20260726-113413,penalty,0,11111,0.0001,10.0,10.0,cosine,1e-06,vanilla,0,,2000.0,789489.5491596605,0.7764133315088658,0.013079193402651262,-2.9757518565406063,-4.63502559200683
20260726-113413_MLP_penalty_seed0_nepochs8821_lr0.0001_trainsize7000_obj1.0_eq10.0_ineq10.0_lrschedcosine_etamin1e-06_finetune_20260726-035102_sup_pen_model_100,20260726-113413,penalty,0,8821,0.0001,10.0,10.0,cosine,1e-06,ws,100,,2003.8,799614.6467310202,0.7887016897087618,0.01091591333918468,-2.956316926320666,-4.415686581908668
20260726-113413_MLP_penalty_seed0_nepochs8109_lr0.0001_trainsize7000_obj1.0_eq10.0_ineq10.0_lrschedcosine_etamin1e-06_finetune_20260726-035102_sup_pen_model_900,20260726-113413,penalty,0,8109,0.0001,10.0,10.0,cosine,1e-06,ws,900,,2003.6,918324.3641566348,0.8931206945906203,0.025207315498028758,-3.6459320143326894,-9.500250336945577
20260726-114056_MLP_penalty_seed0_nepochs1944_lr0.0001_trainsize7000_obj1.0_eq10.0_ineq10.0_lrschedcosine_etamin1e-06_finetune_20260726-035722_sup_pen_model_200,20260726-114056,penalty,0,1944,0.0001,10.0,10.0,cosine,1e-06,ws,200,,781.9,799435.1565413104,0.775487034884851,0.02394830670757959,-0.18505112024672538,0.7689340346607366
20260726-114056_MLP_penalty_seed0_nepochs2033_lr0.0001_trainsize7000_obj1.0_eq10.0_ineq10.0_lrschedcosine_etamin1e-06_finetune_20260726-035722_sup_pen_model_100,20260726-114056,penalty,0,2033,0.0001,10.0,10.0,cosine,1e-06,ws,100,,781.9,898316.8237909817,0.8860318733463374,0.012287742044222848,-2.7915995785211365,-4.055422698532266
20260726-114149_MLP_penalty_seed0_nepochs1277_lr0.0001_trainsize7000_obj1.0_eq10.0_ineq10.0_lrschedcosine_etamin1e-06_finetune_20260726-035722_sup_pen_model_950,20260726-114149,penalty,0,1277,0.0001,10.0,10.0,cosine,1e-06,ws,950,,781.9,871213.4626373637,0.8612883333633329,0.009925268356160886,-0.13908213004913972,0.688499974299682
20260726-115649_MLP_penalty_seed0_nepochs3000_lr0.0001_trainsize7000_obj1.0_eq50.0_ineq10.0_lrschedcosine_etamin1e-06_finetune_20260116-022657_sup_pen_model_100,20260726-115649,penalty,0,3000,0.0001,50.0,10.0,cosine,1e-06,ws,100,,956.0,656320.178646683,0.6379302449334434,0.01838962150567014,0.31220756939594707,2.0459409329142066
20260726-115658_MLP_penalty_seed0_nepochs3000_lr0.0001_trainsize7000_obj1.0_eq10.0_ineq10.0_lrschedcosine_etamin1e-06_finetune_20260116-022657_sup_pen_model_100,20260726-115658,penalty,0,3000,0.0001,10.0,10.0,cosine,1e-06,ws,100,,956.0,787630.1522624278,0.7764193048936721,0.011213686648178962,-2.8392794232395087,-4.076276198625047
20260726-115707_MLP_penalty_seed0_nepochs3000_lr0.0002_trainsize7000_obj1.0_eq10.0_ineq10.0_lrschedcosine_etamin1e-06_finetune_20260116-022657_sup_pen_model_100,20260726-115707,penalty,0,3000,0.0002,10.0,10.0,cosine,1e-06,ws,100,,956.0,984764.5778040269,0.9743859813595269,0.010381417114921482,-2.820670421366459,-4.030701895112866
20260726-115712_MLP_penalty_seed0_nepochs3000_lr0.0002_trainsize7000_obj1.0_eq50.0_ineq10.0_lrschedcosine_etamin1e-06_finetune_20260116-022657_sup_pen_model_100,20260726-115712,penalty,0,3000,0.0002,50.0,10.0,cosine,1e-06,ws,100,,956.0,828128.3616922462,0.8097464789124518,0.018382035558772172,-0.15277897767753296,0.7960424640121087
20260726-120020_MLP_penalty_seed0_nepochs3000_lr0.0001_trainsize7000_obj1.0_eq10.0_ineq10.0_lrschedcosine_etamin1e-06_finetune_20260116-022657_sup_pen_model_200,20260726-120020,penalty,0,3000,0.0001,10.0,10.0,cosine,1e-06,ws,200,,972.0,786874.1283851673,0.7759618919021503,0.010915073462302714,-2.8369792855805382,-4.103910796263941
20260726-120931_MLP_penalty_seed0_nepochs3000_lr0.0001_trainsize7000_obj1.0_eq50.0_ineq10.0_lrschedcosine_etamin1e-06_finetune_20260116-022657_sup_pen_model_200,20260726-120931,penalty,0,3000,0.0001,50.0,10.0,cosine,1e-06,ws,200,,972.0,664576.7029785772,0.6471779746583695,0.017398392718804966,0.3356014028377523,1.88525733229073
20260726-181451_MLP_penalty_seed0_nepochs60_lr0.0001_trainsize7000_obj1.0_eq50.0_ineq10.0_lrschedcosine_etamin1e-06_finetune_20260726-125645_sup_pen_model_750,20260726-181451,penalty,0,60,0.0001,50.0,10.0,cosine,1e-06,ws,750,,530.8,979245.3672879048,0.9618595349580734,0.01736963880217266,16.193527658791282,45.0348201576821
20260726-181640_MLP_penalty_seed0_nepochs3821_lr0.0001_trainsize7000_obj1.0_eq50.0_ineq10.0_lrschedcosine_etamin1e-06_finetune_20260726-125645_sup_pen_model_100,20260726-181640,penalty,0,3821,0.0001,50.0,10.0,cosine,1e-06,ws,100,,1103.8,700710.1267186515,0.6852753051029697,0.015435317051921901,-0.4954362401713376,0.41422171167232374
20260726-181640_MLP_penalty_seed1_nepochs3198_lr0.0001_trainsize7000_obj1.0_eq50.0_ineq10.0_lrschedcosine_etamin1e-06_finetune_20260726-125645_sup_pen_model_800,20260726-181640,penalty,1,3198,0.0001,50.0,10.0,cosine,1e-06,ws,800,,1103.6,737909.7394064458,0.722151304391718,0.01576115846543138,-2.723450703607916,-7.037895932160477
20260726-181640_MLP_penalty_seed1_nepochs6111_lr0.0001_trainsize7000_obj1.0_eq50.0_ineq10.0_lrschedcosine_etamin1e-06,20260726-181640,penalty,1,6111,0.0001,50.0,10.0,cosine,1e-06,vanilla,0,,1100.0,748347.5746474349,0.7206403087767597,0.02770985184690297,-2.585976227883431,-5.12518884873974
20260726-181640_MLP_penalty_seed0_nepochs3065_lr0.0001_trainsize7000_obj1.0_eq50.0_ineq10.0_lrschedcosine_etamin1e-06_finetune_20260726-125645_sup_pen_model_950,20260726-181640,penalty,0,3065,0.0001,50.0,10.0,cosine,1e-06,ws,950,,1103.7,756833.4442334612,0.74162725886512,0.015209127858067491,-2.9424897263199146,-7.279348379077164
20260726-181646_MLP_penalty_seed0_nepochs3243_lr0.0001_trainsize7000_obj1.0_eq50.0_ineq10.0_lrschedcosine_etamin1e-06_finetune_20260726-125645_sup_pen_model_750,20260726-181646,penalty,0,3243,0.0001,50.0,10.0,cosine,1e-06,ws,750,,1103.7,663047.8665658578,0.6478496524983459,0.015201166705261025,-2.9526377493487397,-7.397233032340309
20260726-181646_MLP_penalty_seed0_nepochs6111_lr0.0001_trainsize7000_obj1.0_eq50.0_ineq10.0_lrschedcosine_etamin1e-06,20260726-181646,penalty,0,6111,0.0001,50.0,10.0,cosine,1e-06,vanilla,0,,1100.0,661221.884647286,0.6534625443569023,0.007757519067159669,1.8212232240000543,5.223026528543162
20260726-181938_MLP_penalty_seed1_nepochs3065_lr0.0001_trainsize7000_obj1.0_eq50.0_ineq10.0_lrschedcosine_etamin1e-06_finetune_20260726-125645_sup_pen_model_950,20260726-181938,penalty,1,3065,0.0001,50.0,10.0,cosine,1e-06,ws,950,,1103.7,687463.862841483,0.6715737462422018,0.01589175868627197,-1.642086990709145,-3.3640383432095655
20260726-181938_MLP_penalty_seed1_nepochs3821_lr0.0001_trainsize7000_obj1.0_eq50.0_ineq10.0_lrschedcosine_etamin1e-06_finetune_20260726-125645_sup_pen_model_100,20260726-181938,penalty,1,3821,0.0001,50.0,10.0,cosine,1e-06,ws,100,,1103.8,684354.2935440176,0.6726102950846979,0.011743162874711197,0.8355846084250037,4.428620525986613
20260726-182040_MLP_penalty_seed2_nepochs6111_lr0.0001_trainsize7000_obj1.0_eq50.0_ineq10.0_lrschedcosine_etamin1e-06,20260726-182040,penalty,2,6111,0.0001,50.0,10.0,cosine,1e-06,vanilla,0,,1100.0,728878.0280297471,0.7023348364137261,0.026545727292660717,-2.5356766396690267,-4.999674538513435
20260726-182154_MLP_penalty_seed2_nepochs3465_lr0.0001_trainsize7000_obj1.0_eq50.0_ineq10.0_lrschedcosine_etamin1e-06_finetune_20260726-125645_sup_pen_model_500,20260726-182154,penalty,2,3465,0.0001,50.0,10.0,cosine,1e-06,ws,500,,1103.7,719077.4709470706,0.7019701442867975,0.017110233864219178,-2.9072039460801262,-7.555165640179551
20260726-182238_MLP_penalty_seed2_nepochs3821_lr0.0001_trainsize7000_obj1.0_eq50.0_ineq10.0_lrschedcosine_etamin1e-06_finetune_20260726-125645_sup_pen_model_100,20260726-182238,penalty,2,3821,0.0001,50.0,10.0,cosine,1e-06,ws,100,,1103.8,653806.3912921723,0.642276872548651,0.011528702524474735,0.8162190465218784,4.199219670736742
20260726-182337_MLP_penalty_seed2_nepochs3065_lr0.0001_trainsize7000_obj1.0_eq50.0_ineq10.0_lrschedcosine_etamin1e-06_finetune_20260726-125645_sup_pen_model_950,20260726-182337,penalty,2,3065,0.0001,50.0,10.0,cosine,1e-06,ws,950,,1103.7,711789.226775907,0.6927466275853942,0.01904531877406187,-2.7195835491343288,-7.374922316942585
20260726-182507_MLP_penalty_seed3_nepochs6111_lr0.0001_trainsize7000_obj1.0_eq50.0_ineq10.0_lrschedcosine_etamin1e-06,20260726-182507,penalty,3,6111,0.0001,50.0,10.0,cosine,1e-06,vanilla,0,,1100.0,688526.468130907,0.6817275767496918,0.006799207677539469,-0.31629632425332244,1.0817219208423927
20260726-182640_MLP_penalty_seed3_nepochs3065_lr0.0001_trainsize7000_obj1.0_eq50.0_ineq10.0_lrschedcosine_etamin1e-06_finetune_20260726-125645_sup_pen_model_950,20260726-182640,penalty,3,3065,0.0001,50.0,10.0,cosine,1e-06,ws,950,,1103.7,754407.9823177136,0.738321550798173,0.016089248173681344,-2.8166541407615853,-7.251959102248138
20260726-182640_MLP_penalty_seed3_nepochs3287_lr0.0001_trainsize7000_obj1.0_eq50.0_ineq10.0_lrschedcosine_etamin1e-06_finetune_20260726-125645_sup_pen_model_700,20260726-182640,penalty,3,3287,0.0001,50.0,10.0,cosine,1e-06,ws,700,,1103.7,731646.8319932786,0.7158168996701371,0.015832812010917,-2.879687775507368,-7.334164915494695
20260726-182640_MLP_penalty_seed3_nepochs3821_lr0.0001_trainsize7000_obj1.0_eq50.0_ineq10.0_lrschedcosine_etamin1e-06_finetune_20260726-125645_sup_pen_model_100,20260726-182640,penalty,3,3821,0.0001,50.0,10.0,cosine,1e-06,ws,100,,1103.8,697679.4494994044,0.6786707023160896,0.019011692347441853,-2.945164127113264,-7.440386620622739
20260726-185013_MLP_penalty_seed4_nepochs6111_lr0.0001_trainsize7000_obj1.0_eq50.0_ineq10.0_lrschedcosine_etamin1e-06,20260726-185013,penalty,4,6111,0.0001,50.0,10.0,cosine,1e-06,vanilla,0,,1100.0,676616.4739901598,0.6585455042451522,0.018063430105482038,7.5396395254162805,21.92010937464874
20260726-185013_MLP_penalty_seed4_nepochs3821_lr0.0001_trainsize7000_obj1.0_eq50.0_ineq10.0_lrschedcosine_etamin1e-06_finetune_20260726-184405_sup_pen_model_100,20260726-185013,penalty,4,3821,0.0001,50.0,10.0,cosine,1e-06,ws,100,,1103.8,653266.3480464224,0.643643023732443,0.009617929743627497,5.394570351894023,16.260003597142834
20260726-185013_MLP_penalty_seed4_nepochs3154_lr0.0001_trainsize7000_obj1.0_eq50.0_ineq10.0_lrschedcosine_etamin1e-06_finetune_20260726-184405_sup_pen_model_850,20260726-185013,penalty,4,3154,0.0001,50.0,10.0,cosine,1e-06,ws,850,,1103.7,735981.6476201676,0.725991336539724,0.009990958307077871,-0.6472266342963081,-0.08961181253543875
20260726-185013_MLP_penalty_seed4_nepochs3065_lr0.0001_trainsize7000_obj1.0_eq50.0_ineq10.0_lrschedcosine_etamin1e-06_finetune_20260726-184405_sup_pen_model_950,20260726-185013,penalty,4,3065,0.0001,50.0,10.0,cosine,1e-06,ws,950,,1103.7,671703.2978002816,0.6627471774557555,0.00895665499455488,-0.5346500288543304,0.2630637418896
20260726-185320_MLP_penalty_seed5_nepochs6111_lr0.0001_trainsize7000_obj1.0_eq50.0_ineq10.0_lrschedcosine_etamin1e-06,20260726-185320,penalty,5,6111,0.0001,50.0,10.0,cosine,1e-06,vanilla,0,,1100.0,671723.4174892076,0.6492733586155646,0.02244252237258461,7.536501058530169,22.05583774994468
20260726-185320_MLP_penalty_seed5_nepochs3332_lr0.0001_trainsize7000_obj1.0_eq50.0_ineq10.0_lrschedcosine_etamin1e-06_finetune_20260726-184402_sup_pen_model_650,20260726-185320,penalty,5,3332,0.0001,50.0,10.0,cosine,1e-06,ws,650,,1103.8,734921.3430031079,0.7225988101000509,0.012323161845791738,-0.6289427348774481,-0.06935066327895052
20260726-185338_MLP_penalty_seed5_nepochs3821_lr0.0001_trainsize7000_obj1.0_eq50.0_ineq10.0_lrschedcosine_etamin1e-06_finetune_20260726-184402_sup_pen_model_100,20260726-185338,penalty,5,3821,0.0001,50.0,10.0,cosine,1e-06,ws,100,,1103.8,702790.9635861076,0.6847533473611165,0.018031900188278105,5.716036712967422,16.469212147286328
20260726-185439_MLP_penalty_seed6_nepochs6111_lr0.0001_trainsize7000_obj1.0_eq50.0_ineq10.0_lrschedcosine_etamin1e-06,20260726-185439,penalty,6,6111,0.0001,50.0,10.0,cosine,1e-06,vanilla,0,,1100.0,687109.8849116735,0.6771943529324176,0.009915988473001607,-0.45649374563981104,0.7521449221430885
20260726-185448_MLP_penalty_seed5_nepochs3065_lr0.0001_trainsize7000_obj1.0_eq50.0_ineq10.0_lrschedcosine_etamin1e-06_finetune_20260726-184402_sup_pen_model_950,20260726-185448,penalty,5,3065,0.0001,50.0,10.0,cosine,1e-06,ws,950,,1103.7,741351.94145389,0.7216292813359009,0.019722920109294037,-0.25999130490170413,0.46921589599491165
20260726-185540_MLP_penalty_seed6_nepochs3332_lr0.0001_trainsize7000_obj1.0_eq50.0_ineq10.0_lrschedcosine_etamin1e-06_finetune_20260726-184708_sup_pen_model_650,20260726-185540,penalty,6,3332,0.0001,50.0,10.0,cosine,1e-06,ws,650,,1103.8,707733.7738413387,0.6899161931340012,0.017820469920148706,-2.889212811126024,-7.467582687119877
20260726-185626_MLP_penalty_seed0_nepochs3243_lr0.0001_trainsize7000_obj1.0_eq50.0_ineq10.0_lrschedcosine_etamin1e-06_finetune_20260726-125645_sup_pen_model_750,20260726-185626,penalty,0,3243,0.0001,50.0,10.0,cosine,1e-06,ws,750,,1103.7,660402.5510524429,0.6452631980189041,0.015142304488742347,-2.951455203643487,-7.409503788497165
20260726-185638_MLP_penalty_seed6_nepochs3821_lr0.0001_trainsize7000_obj1.0_eq50.0_ineq10.0_lrschedcosine_etamin1e-06_finetune_20260726-184708_sup_pen_model_100,20260726-185638,penalty,6,3821,0.0001,50.0,10.0,cosine,1e-06,ws,100,,1103.8,693425.9216448779,0.6852289660595355,0.008193709967363315,3.2456179789368225,8.880012940101146
20260726-185741_MLP_penalty_seed6_nepochs3065_lr0.0001_trainsize7000_obj1.0_eq50.0_ineq10.0_lrschedcosine_etamin1e-06_finetune_20260726-184708_sup_pen_model_950,20260726-185741,penalty,6,3065,0.0001,50.0,10.0,cosine,1e-06,ws,950,,1103.7,728642.0786466867,0.7115618068528949,0.017083079168249478,-2.807374457645394,-7.246102232085352
20260726-185841_MLP_penalty_seed7_nepochs6111_lr0.0001_trainsize7000_obj1.0_eq50.0_ineq10.0_lrschedcosine_etamin1e-06,20260726-185841,penalty,7,6111,0.0001,50.0,10.0,cosine,1e-06,vanilla,0,,1100.0,655914.1261344734,0.6446024135676699,0.011307381837614676,4.330729188801464,11.863383634901616
20260726-185936_MLP_penalty_seed7_nepochs3198_lr0.0001_trainsize7000_obj1.0_eq50.0_ineq10.0_lrschedcosine_etamin1e-06_finetune_20260726-184708_sup_pen_model_800,20260726-185936,penalty,7,3198,0.0001,50.0,10.0,cosine,1e-06,ws,800,,1103.6,802262.0502808485,0.7724840014223078,0.02977634058232951,1.7082762112775485,3.0472729977677364
20260726-185936_MLP_penalty_seed1_nepochs3243_lr0.0001_trainsize7000_obj1.0_eq50.0_ineq10.0_lrschedcosine_etamin1e-06_finetune_20260726-125645_sup_pen_model_750,20260726-185936,penalty,1,3243,0.0001,50.0,10.0,cosine,1e-06,ws,750,,1103.7,772694.2890330171,0.7562422030617004,0.016455018420664495,-2.9324493478115317,-7.471946520116976
20260726-190041_MLP_penalty_seed7_nepochs3821_lr0.0001_trainsize7000_obj1.0_eq50.0_ineq10.0_lrschedcosine_etamin1e-06_finetune_20260726-184708_sup_pen_model_100,20260726-190041,penalty,7,3821,0.0001,50.0,10.0,cosine,1e-06,ws,100,,1103.8,714477.195400202,0.6956383482086225,0.018831301532635524,7.5456589439286175,21.89124515356689
20260726-190041_MLP_penalty_seed7_nepochs3065_lr0.0001_trainsize7000_obj1.0_eq50.0_ineq10.0_lrschedcosine_etamin1e-06_finetune_20260726-184708_sup_pen_model_950,20260726-190041,penalty,7,3065,0.0001,50.0,10.0,cosine,1e-06,ws,950,,1103.7,789383.8293962366,0.7566037460025534,0.03277835561620772,1.727777475500238,3.113550148231665
20260726-190241_MLP_penalty_seed3_nepochs3243_lr0.0001_trainsize7000_obj1.0_eq50.0_ineq10.0_lrschedcosine_etamin1e-06_finetune_20260726-125645_sup_pen_model_750,20260726-190241,penalty,3,3243,0.0001,50.0,10.0,cosine,1e-06,ws,750,,1103.7,724515.1231390317,0.7109425606940623,0.013575445904212365,-2.8834592428678443,-7.092872171882491
20260726-190241_MLP_penalty_seed2_nepochs3243_lr0.0001_trainsize7000_obj1.0_eq50.0_ineq10.0_lrschedcosine_etamin1e-06_finetune_20260726-125645_sup_pen_model_750,20260726-190241,penalty,2,3243,0.0001,50.0,10.0,cosine,1e-06,ws,750,,1103.7,723204.8764541543,0.7067575549434597,0.01645025325188555,-2.931741190906239,-7.088505916547524
20260726-190250_MLP_penalty_seed4_nepochs3243_lr0.0001_trainsize7000_obj1.0_eq50.0_ineq10.0_lrschedcosine_etamin1e-06_finetune_20260726-125645_sup_pen_model_750,20260726-190250,penalty,4,3243,0.0001,50.0,10.0,cosine,1e-06,ws,750,,1103.7,718934.346075383,0.7032719306352386,0.015665385542854203,-2.9701027097217816,-7.475418662050267
20260726-190251_MLP_penalty_seed5_nepochs3243_lr0.0001_trainsize7000_obj1.0_eq50.0_ineq10.0_lrschedcosine_etamin1e-06_finetune_20260726-125645_sup_pen_model_750,20260726-190251,penalty,5,3243,0.0001,50.0,10.0,cosine,1e-06,ws,750,,1103.7,709269.9482720948,0.6943423223466738,0.014930612301318525,-2.986375897401958,-7.549061762600887
20260726-190339_MLP_penalty_seed6_nepochs3243_lr0.0001_trainsize7000_obj1.0_eq50.0_ineq10.0_lrschedcosine_etamin1e-06_finetune_20260726-125645_sup_pen_model_750,20260726-190339,penalty,6,3243,0.0001,50.0,10.0,cosine,1e-06,ws,750,,1103.7,695929.5096591074,0.6804041614682397,0.01552829835667513,-2.9501658075072057,-7.508032003309435
20260726-190438_MLP_penalty_seed7_nepochs3243_lr0.0001_trainsize7000_obj1.0_eq50.0_ineq10.0_lrschedcosine_etamin1e-06_finetune_20260726-125645_sup_pen_model_750,20260726-190438,penalty,7,3243,0.0001,50.0,10.0,cosine,1e-06,ws,750,,1103.7,724949.1513467974,0.7069220958955933,0.01803002291617517,-2.9674649712255388,-7.666592230740689
20260726-190539_MLP_penalty_seed1_nepochs3821_lr0.0001_trainsize7000_obj1.0_eq50.0_ineq10.0_lrschedcosine_etamin1e-06_finetune_20260726-125645_sup_pen_model_100,20260726-190539,penalty,1,3821,0.0001,50.0,10.0,cosine,1e-06,ws,100,,1103.8,714579.2358769448,0.6986876458917419,0.015892125903522264,-0.5359183193004871,0.05144359412054804
20260726-190549_MLP_penalty_seed0_nepochs3821_lr0.0001_trainsize7000_obj1.0_eq50.0_ineq10.0_lrschedcosine_etamin1e-06_finetune_20260726-125645_sup_pen_model_100,20260726-190549,penalty,0,3821,0.0001,50.0,10.0,cosine,1e-06,ws,100,,1103.8,700688.4958891551,0.6852537941161323,0.015435197231918137,-0.49545889536419496,0.41413173844516704
20260726-190640_MLP_penalty_seed2_nepochs3821_lr0.0001_trainsize7000_obj1.0_eq50.0_ineq10.0_lrschedcosine_etamin1e-06_finetune_20260726-125645_sup_pen_model_100,20260726-190640,penalty,2,3821,0.0001,50.0,10.0,cosine,1e-06,ws,100,,1103.8,675387.7622382249,0.6606902428150805,0.014697999793831785,-0.4803706875509436,-0.20720707192157412
20260726-190739_MLP_penalty_seed3_nepochs3821_lr0.0001_trainsize7000_obj1.0_eq50.0_ineq10.0_lrschedcosine_etamin1e-06_finetune_20260726-125645_sup_pen_model_100,20260726-190739,penalty,3,3821,0.0001,50.0,10.0,cosine,1e-06,ws,100,,1103.8,696430.8740876808,0.6825486667663709,0.01388270330969179,-0.4959883818016355,0.31891454649099216
20260726-190905_MLP_penalty_seed4_nepochs3821_lr0.0001_trainsize7000_obj1.0_eq50.0_ineq10.0_lrschedcosine_etamin1e-06_finetune_20260726-125645_sup_pen_model_100,20260726-190905,penalty,4,3821,0.0001,50.0,10.0,cosine,1e-06,ws,100,,1103.8,697463.1367810788,0.6845836398422134,0.012879987015566727,-0.49007670112601137,-0.12449091921203215
20260726-191050_MLP_penalty_seed5_nepochs3821_lr0.0001_trainsize7000_obj1.0_eq50.0_ineq10.0_lrschedcosine_etamin1e-06_finetune_20260726-125645_sup_pen_model_100,20260726-191050,penalty,5,3821,0.0001,50.0,10.0,cosine,1e-06,ws,100,,1103.8,680586.3912036233,0.66736998990716,0.013216894841725816,-0.493545262454397,0.28272885718321616
20260726-191140_MLP_penalty_seed6_nepochs3821_lr0.0001_trainsize7000_obj1.0_eq50.0_ineq10.0_lrschedcosine_etamin1e-06_finetune_20260726-125645_sup_pen_model_100,20260726-191140,penalty,6,3821,0.0001,50.0,10.0,cosine,1e-06,ws,100,,1103.8,719179.6824343256,0.7059218411657538,0.013258374782562539,-0.5335139906818709,-0.20634262180934812
20260726-191238_MLP_penalty_seed7_nepochs3821_lr0.0001_trainsize7000_obj1.0_eq50.0_ineq10.0_lrschedcosine_etamin1e-06_finetune_20260726-125645_sup_pen_model_100,20260726-191238,penalty,7,3821,0.0001,50.0,10.0,cosine,1e-06,ws,100,,1103.8,669068.8562530103,0.6555107288492468,0.01355861668406474,-0.48928030120564675,-0.05553397145987689
20260726-191338_MLP_penalty_seed0_nepochs3065_lr0.0001_trainsize7000_obj1.0_eq50.0_ineq10.0_lrschedcosine_etamin1e-06_finetune_20260726-125645_sup_pen_model_950,20260726-191338,penalty,0,3065,0.0001,50.0,10.0,cosine,1e-06,ws,950,,1103.7,756833.4442334612,0.74162725886512,0.015209127858067491,-2.9424897263199146,-7.279348379077164
20260726-191439_MLP_penalty_seed1_nepochs3065_lr0.0001_trainsize7000_obj1.0_eq50.0_ineq10.0_lrschedcosine_etamin1e-06_finetune_20260726-125645_sup_pen_model_950,20260726-191439,penalty,1,3065,0.0001,50.0,10.0,cosine,1e-06,ws,950,,1103.7,741108.2249054183,0.7291192213411442,0.011991887289652253,-2.8837253780381054,-7.415117684497055
20260726-191523_MLP_penalty_seed2_nepochs3065_lr0.0001_trainsize7000_obj1.0_eq50.0_ineq10.0_lrschedcosine_etamin1e-06_finetune_20260726-125645_sup_pen_model_950,20260726-191523,penalty,2,3065,0.0001,50.0,10.0,cosine,1e-06,ws,950,,1103.7,734862.3146714575,0.7206168316854957,0.014248428269598585,-2.945283636668339,-7.312859684195654
20260726-191640_MLP_penalty_seed4_nepochs3065_lr0.0001_trainsize7000_obj1.0_eq50.0_ineq10.0_lrschedcosine_etamin1e-06_finetune_20260726-125645_sup_pen_model_950,20260726-191640,penalty,4,3065,0.0001,50.0,10.0,cosine,1e-06,ws,950,,1103.7,750004.4461102462,0.7366634695585041,0.013343825837774416,-2.8492860322233446,-7.0910811191112835
20260726-191640_MLP_penalty_seed3_nepochs3065_lr0.0001_trainsize7000_obj1.0_eq50.0_ineq10.0_lrschedcosine_etamin1e-06_finetune_20260726-125645_sup_pen_model_950,20260726-191640,penalty,3,3065,0.0001,50.0,10.0,cosine,1e-06,ws,950,,1103.7,672535.2625488366,0.6602752142666051,0.012262992773873821,-2.944491642088755,-7.743105243503068
20260726-191739_MLP_penalty_seed5_nepochs3065_lr0.0001_trainsize7000_obj1.0_eq50.0_ineq10.0_lrschedcosine_etamin1e-06_finetune_20260726-125645_sup_pen_model_950,20260726-191739,penalty,5,3065,0.0001,50.0,10.0,cosine,1e-06,ws,950,,1103.7,715371.887804593,0.6974599098025349,0.017914924262947232,-2.9462608891126694,-7.615234069388486
20260726-191830_MLP_penalty_seed6_nepochs3065_lr0.0001_trainsize7000_obj1.0_eq50.0_ineq10.0_lrschedcosine_etamin1e-06_finetune_20260726-125645_sup_pen_model_950,20260726-191830,penalty,6,3065,0.0001,50.0,10.0,cosine,1e-06,ws,950,,1103.7,702010.3195719622,0.6881232348354593,0.013889994139086311,-2.909402583500558,-7.586850139593064
20260726-191949_MLP_penalty_seed7_nepochs3065_lr0.0001_trainsize7000_obj1.0_eq50.0_ineq10.0_lrschedcosine_etamin1e-06_finetune_20260726-125645_sup_pen_model_950,20260726-191949,penalty,7,3065,0.0001,50.0,10.0,cosine,1e-06,ws,950,,1103.7,742695.6212995611,0.7280386276224733,0.01465991769791343,-2.9240208255243534,-7.659459445999676
20260726-193403_MLP_penalty_seed0_nepochs3243_lr0.0001_trainsize7000_obj1.0_eq50.0_ineq10.0_lrschedcosine_etamin1e-06_finetune_20260726-125645_sup_pen_model_750,20260726-193403,penalty,0,3243,0.0001,50.0,10.0,cosine,1e-06,ws,750,,1103.7,663047.8665658578,0.6478496524983459,0.015201166705261025,-2.9526377493487397,-7.397233032340309
20260726-193403_MLP_penalty_seed0_nepochs6111_lr0.0001_trainsize7000_obj1.0_eq50.0_ineq10.0_lrschedcosine_etamin1e-06,20260726-193403,penalty,0,6111,0.0001,50.0,10.0,cosine,1e-06,vanilla,0,,1100.0,661221.884647286,0.6534625443569023,0.007757519067159669,1.8212232240000543,5.223026528543162
20260726-193721_MLP_penalty_seed1_nepochs6111_lr0.0001_trainsize7000_obj1.0_eq50.0_ineq10.0_lrschedcosine_etamin1e-06,20260726-193721,penalty,1,6111,0.0001,50.0,10.0,cosine,1e-06,vanilla,0,,1100.0,749108.6989487099,0.7214904491378455,0.027620836020390088,-2.5862095256878446,-5.133948479705856
20260726-194528_MLP_penalty_seed1_nepochs3198_lr0.0001_trainsize7000_obj1.0_eq50.0_ineq10.0_lrschedcosine_etamin1e-06_finetune_20260726-125645_sup_pen_model_800,20260726-194528,penalty,1,3198,0.0001,50.0,10.0,cosine,1e-06,ws,800,,1103.6,738572.3708440787,0.7228312474205283,0.015743843324839826,-2.7199012893181322,-7.033907259891105
20260726-195401_MLP_penalty_seed2_nepochs6111_lr0.0001_trainsize7000_obj1.0_eq50.0_ineq10.0_lrschedcosine_etamin1e-06,20260726-195401,penalty,2,6111,0.0001,50.0,10.0,cosine,1e-06,vanilla,0,,1100.0,727715.6169741167,0.7010574516251658,0.02666069972616507,-2.5343772140631975,-4.992263144999148
20260726-195447_MLP_penalty_seed2_nepochs3465_lr0.0001_trainsize7000_obj1.0_eq50.0_ineq10.0_lrschedcosine_etamin1e-06_finetune_20260726-125645_sup_pen_model_500,20260726-195447,penalty,2,3465,0.0001,50.0,10.0,cosine,1e-06,ws,500,,1103.7,718447.9987475998,0.7012784199805229,0.017172486283075113,-2.907515998204765,-7.558568831961388
20260726-195447_MLP_penalty_seed3_nepochs6111_lr0.0001_trainsize7000_obj1.0_eq50.0_ineq10.0_lrschedcosine_etamin1e-06,20260726-195447,penalty,3,6111,0.0001,50.0,10.0,cosine,1e-06,vanilla,0,,1100.0,693123.424090463,0.686387107460262,0.006736633516060955,-0.3168858600020292,1.081236131916139
20260726-195650_MLP_penalty_seed0_nepochs6111_lr3e-05_trainsize7000_obj1.0_eq50.0_ineq10.0_lrschedcosine_etamin1e-06,20260726-195650,penalty,0,6111,3e-05,50.0,10.0,cosine,1e-06,vanilla,0,,1100.0,466221.7490706533,0.45968114857269227,0.0065387460381789555,1.8544597820772526,5.040269229117804
20260726-195650_MLP_penalty_seed3_nepochs3287_lr0.0001_trainsize7000_obj1.0_eq50.0_ineq10.0_lrschedcosine_etamin1e-06_finetune_20260726-125645_sup_pen_model_700,20260726-195650,penalty,3,3287,0.0001,50.0,10.0,cosine,1e-06,ws,700,,1103.7,731640.1502066058,0.7158096395264695,0.01583339036526552,-2.8796851291444336,-7.334097788890232
20260726-195859_MLP_penalty_seed0_nepochs3243_lr3e-05_trainsize7000_obj1.0_eq50.0_ineq10.0_lrschedcosine_etamin1e-06_finetune_20260726-125645_sup_pen_model_750,20260726-195859,penalty,0,3243,3e-05,50.0,10.0,cosine,1e-06,ws,750,,1103.7,540867.6739864759,0.5265089535623644,0.014360537713983702,-1.8172898722388569,-3.891189163045036
20260726-200703_MLP_penalty_seed1_nepochs6111_lr3e-05_trainsize7000_obj1.0_eq50.0_ineq10.0_lrschedcosine_etamin1e-06,20260726-200703,penalty,1,6111,3e-05,50.0,10.0,cosine,1e-06,vanilla,0,,1100.0,477240.26914126385,0.4645264169484856,0.012713375800282575,0.4763924955631802,2.9073798173495424
20260726-200816_MLP_penalty_seed1_nepochs3198_lr3e-05_trainsize7000_obj1.0_eq50.0_ineq10.0_lrschedcosine_etamin1e-06_finetune_20260726-125645_sup_pen_model_800,20260726-200816,penalty,1,3198,3e-05,50.0,10.0,cosine,1e-06,ws,800,,1103.6,548724.0253775237,0.5242822432782601,0.024436581532158767,5.2005671049414985,14.090888608896346
20260726-201042_MLP_penalty_seed2_nepochs6111_lr3e-05_trainsize7000_obj1.0_eq50.0_ineq10.0_lrschedcosine_etamin1e-06,20260726-201042,penalty,2,6111,3e-05,50.0,10.0,cosine,1e-06,vanilla,0,,1100.0,510693.60821087466,0.4975083184419734,0.013184815234242472,0.4745346588340401,2.696997067293228
20260726-201531_MLP_penalty_seed2_nepochs3465_lr3e-05_trainsize7000_obj1.0_eq50.0_ineq10.0_lrschedcosine_etamin1e-06_finetune_20260726-125645_sup_pen_model_500,20260726-201531,penalty,2,3465,3e-05,50.0,10.0,cosine,1e-06,ws,500,,1103.7,518646.4043677276,0.4885943169723568,0.03004689352442836,5.193870942362588,14.214330873393518
20260726-201542_MLP_penalty_seed3_nepochs6111_lr3e-05_trainsize7000_obj1.0_eq50.0_ineq10.0_lrschedcosine_etamin1e-06,20260726-201542,penalty,3,6111,3e-05,50.0,10.0,cosine,1e-06,vanilla,0,,1100.0,466989.03895033244,0.4613151910359563,0.00567416136319519,-0.31344881910962497,1.080363704089194
20260726-201743_MLP_penalty_seed3_nepochs3287_lr3e-05_trainsize7000_obj1.0_eq50.0_ineq10.0_lrschedcosine_etamin1e-06_finetune_20260726-125645_sup_pen_model_700,20260726-201743,penalty,3,3287,3e-05,50.0,10.0,cosine,1e-06,ws,700,,1103.7,537806.1654825048,0.511650525455653,0.026150424858410314,5.2151684414628106,14.125725408760523
20260726-201930_MLP_penalty_seed0_nepochs6111_lr1e-05_trainsize7000_obj1.0_eq50.0_ineq10.0_lrschedcosine_etamin1e-06,20260726-201930,penalty,0,6111,1e-05,50.0,10.0,cosine,1e-06,vanilla,0,,1100.0,398171.7558659415,0.3937979789639731,0.004371771879006214,2.0050229621708007,5.594110508421646
20260726-202716_MLP_penalty_seed0_nepochs3243_lr1e-05_trainsize7000_obj1.0_eq50.0_ineq10.0_lrschedcosine_etamin1e-06_finetune_20260726-125645_sup_pen_model_750,20260726-202716,penalty,0,3243,1e-05,50.0,10.0,cosine,1e-06,ws,750,,1103.7,441211.90793153725,0.42691904097062655,0.014283423622076729,9.443338834021114,25.826135684581025
20260726-202734_MLP_penalty_seed1_nepochs6111_lr1e-05_trainsize7000_obj1.0_eq50.0_ineq10.0_lrschedcosine_etamin1e-06,20260726-202734,penalty,1,6111,1e-05,50.0,10.0,cosine,1e-06,vanilla,0,,1100.0,418902.60992203327,0.41053420097494053,0.008367462396124549,0.9465509681994002,3.4332915218535227
20260726-202906_MLP_penalty_seed1_nepochs3198_lr1e-05_trainsize7000_obj1.0_eq50.0_ineq10.0_lrschedcosine_etamin1e-06_finetune_20260726-125645_sup_pen_model_800,20260726-202906,penalty,1,3198,1e-05,50.0,10.0,cosine,1e-06,ws,800,,1103.6,428067.0805678123,0.42055748603921833,0.0075034887700102075,6.105758583747408,16.63171309345433
20260727-133127_MLP_penalty_seed0_nepochs377_lr0.0001_trainsize7000_obj1.0_eq10.0_ineq10.0_lrschedcosine_etamin1e-06_finetune_20260726-125645_sup_pen_model_100,20260727-133127,penalty,0,377,0.0001,10.0,10.0,cosine,1e-06,ws,100,,483.9,1128971.1341353795,1.0938512716008506,0.03511615448663878,3.7080478901798637,12.947425897643821
20260727-133135_MLP_penalty_seed1_nepochs377_lr0.0001_trainsize7000_obj1.0_eq10.0_ineq10.0_lrschedcosine_etamin1e-06_finetune_20260726-125645_sup_pen_model_100,20260727-133135,penalty,1,377,0.0001,10.0,10.0,cosine,1e-06,ws,100,,483.9,973924.9715933136,0.9606106063685046,0.013313528617788676,0.8366070203348854,4.195307354815872
20260727-133158_MLP_penalty_seed2_nepochs377_lr0.0001_trainsize7000_obj1.0_eq10.0_ineq10.0_lrschedcosine_etamin1e-06_finetune_20260726-125645_sup_pen_model_100,20260727-133158,penalty,2,377,0.0001,10.0,10.0,cosine,1e-06,ws,100,,483.9,979494.1266913686,0.9515755071375906,0.027917901861253758,0.7176925241961875,4.085931772492563
20260727-133305_MLP_penalty_seed3_nepochs377_lr0.0001_trainsize7000_obj1.0_eq10.0_ineq10.0_lrschedcosine_etamin1e-06_finetune_20260726-125645_sup_pen_model_100,20260727-133305,penalty,3,377,0.0001,10.0,10.0,cosine,1e-06,ws,100,,483.9,1027102.7198824701,0.9678311953010856,0.059266576006420074,4.948574964281456,13.563208274343314
20260727-133307_MLP_penalty_seed0_nepochs288_lr0.0001_trainsize7000_obj1.0_eq10.0_ineq10.0_lrschedcosine_etamin1e-06_finetune_20260726-125645_sup_pen_model_200,20260727-133307,penalty,0,288,0.0001,10.0,10.0,cosine,1e-06,ws,200,,483.8,1004167.409322926,0.9875491988284348,0.016613483908496485,4.726585994565153,14.357405198583322
20260727-133332_MLP_penalty_seed1_nepochs288_lr0.0001_trainsize7000_obj1.0_eq10.0_ineq10.0_lrschedcosine_etamin1e-06_finetune_20260726-125645_sup_pen_model_200,20260727-133332,penalty,1,288,0.0001,10.0,10.0,cosine,1e-06,ws,200,,483.8,1114339.080688978,1.0833994511460867,0.0309344907185812,5.138824310382522,13.65784159878131
20260727-133437_MLP_penalty_seed2_nepochs288_lr0.0001_trainsize7000_obj1.0_eq10.0_ineq10.0_lrschedcosine_etamin1e-06_finetune_20260726-125645_sup_pen_model_200,20260727-133437,penalty,2,288,0.0001,10.0,10.0,cosine,1e-06,ws,200,,483.8,1042588.5328440035,1.0164436961042749,0.026139565792048198,5.270947680371923,13.900944029371981
20260727-133452_MLP_penalty_seed3_nepochs288_lr0.0001_trainsize7000_obj1.0_eq10.0_ineq10.0_lrschedcosine_etamin1e-06_finetune_20260726-125645_sup_pen_model_200,20260727-133452,penalty,3,288,0.0001,10.0,10.0,cosine,1e-06,ws,200,,483.8,1062786.960899176,1.038920262931161,0.023861400119745323,5.29784826970165,14.550431920941705
20260727-150657_MLP_penalty_seed1_nepochs3667_lr0.0001_trainsize7000_obj1.0_eq50.0_ineq10.0_lrschedcosine_etamin1e-06_finetune_20260726-125645_sup_pen_model_250,20260727-150657,penalty,1,3667,0.0001,50.0,10.0,cosine,1e-06,ws,250,,1100.1,687527.3943999948,0.6715378339538074,0.01599247628645068,-2.9158402633787492,-7.525164998228667
20260727-150657_MLP_penalty_seed2_nepochs3667_lr0.0001_trainsize7000_obj1.0_eq50.0_ineq10.0_lrschedcosine_etamin1e-06_finetune_20260726-125645_sup_pen_model_250,20260727-150657,penalty,2,3667,0.0001,50.0,10.0,cosine,1e-06,ws,250,,1100.1,727265.5381157766,0.7066617404630781,0.020606691589639743,-2.893936941217026,-7.232871985377345
20260727-150657_MLP_penalty_seed0_nepochs3667_lr0.0001_trainsize7000_obj1.0_eq50.0_ineq10.0_lrschedcosine_etamin1e-06_finetune_20260726-125645_sup_pen_model_250,20260727-150657,penalty,0,3667,0.0001,50.0,10.0,cosine,1e-06,ws,250,,1100.1,716438.822086231,0.7005515214152208,0.0158874035673839,-0.10289637374413857,0.8856277558686367
20260727-150723_MLP_penalty_seed3_nepochs3667_lr0.0001_trainsize7000_obj1.0_eq50.0_ineq10.0_lrschedcosine_etamin1e-06_finetune_20260726-125645_sup_pen_model_250,20260727-150723,penalty,3,3667,0.0001,50.0,10.0,cosine,1e-06,ws,250,,1100.1,710138.5656126079,0.6884978155382471,0.021643696053377244,-2.945979016571674,-7.785057918743712
20260727-151937_MLP_penalty_seed4_nepochs3667_lr0.0001_trainsize7000_obj1.0_eq50.0_ineq10.0_lrschedcosine_etamin1e-06_finetune_20260726-184405_sup_pen_model_250,20260727-151937,penalty,4,3667,0.0001,50.0,10.0,cosine,1e-06,ws,250,,1100.1,713008.1820385852,0.7042466834970826,0.008759159864706979,2.338676795463283,7.821858285393947
20260727-151937_MLP_penalty_seed5_nepochs3667_lr0.0001_trainsize7000_obj1.0_eq50.0_ineq10.0_lrschedcosine_etamin1e-06_finetune_20260726-184402_sup_pen_model_250,20260727-151937,penalty,5,3667,0.0001,50.0,10.0,cosine,1e-06,ws,250,,1100.1,722630.3938577925,0.7111038461085606,0.011529651843759408,-3.1040945275217604,-6.798112937867748
20260727-151947_MLP_penalty_seed6_nepochs3667_lr0.0001_trainsize7000_obj1.0_eq50.0_ineq10.0_lrschedcosine_etamin1e-06_finetune_20260726-184708_sup_pen_model_250,20260727-151947,penalty,6,3667,0.0001,50.0,10.0,cosine,1e-06,ws,250,,1100.1,691599.9776740649,0.672000221161895,0.0196026855569773,-2.9290448072868127,-7.616983554265641
20260727-152033_MLP_penalty_seed7_nepochs3667_lr0.0001_trainsize7000_obj1.0_eq50.0_ineq10.0_lrschedcosine_etamin1e-06_finetune_20260726-184708_sup_pen_model_250,20260727-152033,penalty,7,3667,0.0001,50.0,10.0,cosine,1e-06,ws,250,,1100.1,756527.1293431846,0.7468291188792864,0.009692515463084935,5.495000813230806,16.95012145582079
